No,Keyword,Volume,Position,Estimated Visits,CPC,Paid Difficulty,SEO Difficulty,Ranking URL,City,State,Country,Category
1,restaurants near me,16600000,4,7569600,$0.16,6,49,https://www.zomato.com/restaurants-near-me,Unknown,Unknown,Unknown,Restaurant
2,fb,16600000,16,71380,$0.01,1,75,https://www.zomato.com/chennai/fb-cakes-ramapuram,Chennai,Tamil Nadu,India,Unknown
3,hotels near me,9140000,57,23310,$0.17,16,76,https://www.zomato.com/mumbai/krishna-hotel-near-andheri-east-station,Mumbai,Maharashtra,India,Hotel
4,yt,9140000,12,125430,$0.01,1,60,https://www.zomato.com/kolkata/yt-restaurant-dum-dum,Kolkata,West Bengal,India,Restaurant
5,restaurants,11100000,4,2778560,$0.29,2,61,https://www.zomato.com/bangalore/restaurants,Bangalore,Karnataka,India,Restaurant
6,restaurant,11100000,10,308932,$0.22,1,53,https://www.zomato.com/mumbai/restaurants,Mumbai,Maharashtra,India,Restaurant
7,desi tales,2740000,4,180566,$0,1,28,https://www.zomato.com/amritsar/desi-tales-1-gndu-area/menu,Unknown,Unknown,Unknown,Unknown
8,temp,2240000,9,41100,$0.43,1,60,https://www.zomato.com/chennai/temp-fried-chicken-nungambakkam,Chennai,Tamil Nadu,India,Unknown
9,mcdonald's,2740000,14,41100,$0.19,5,62,https://www.zomato.com/bangalore/mcdonalds-bannerghatta-road-bangalore,Bangalore,Karnataka,India,Unknown
10,wine shop near me,2740000,11,70144,$0,1,34,https://www.zomato.com/kolkata/restaurants/dish-wine,Kolkata,West Bengal,India,Restaurant
11,kfc,2240000,13,57344,$0.17,4,62,https://www.zomato.com/ncr/restaurants/kfc?category=1,Unknown,Unknown,Unknown,Restaurant
12,cafe near me,2240000,4,680960,$0.13,11,60,https://www.zomato.com/cafes-near-me,Unknown,Unknown,Unknown,Cafe
13,cafes near me,2240000,4,680960,$0.21,12,46,https://www.zomato.com/cafes-near-me,Unknown,Unknown,Unknown,Cafe
14,zomato,1830000,1,556320,$0.05,5,78,https://www.zomato.com/,Unknown,Unknown,Unknown,Unknown
15,hd hub,1830000,6,61854,$0.45,1,47,https://www.zomato.com/jaipur/hd-hub-mansarovar/menu,Jaipur,Rajasthan,India,Unknown
16,majestic,1500000,23,7869,$0,4,62,https://www.zomato.com/bangalore/majestic-restaurants,Bangalore,Karnataka,India,Restaurant
17,starbucks,1220000,16,13650,$0.98,4,62,https://www.zomato.com/mumbai/starbucks-coffee-chowpatty/order,Mumbai,Maharashtra,India,Coffee
18,coffee shops near me,823000,4,456000,$0.33,2,22,https://www.zomato.com/cafes-near-me,Unknown,Unknown,Unknown,Cafe
19,bar near me,1000000,4,370880,$0.20,6,44,https://www.zomato.com/bars-near-me,Unknown,Unknown,Unknown,Bar
20,burger king,1000000,12,31232,$0.25,2,48,https://www.zomato.com/mumbai/restaurants/burger-king,Mumbai,Maharashtra,India,Restaurant
21,bars near me,1000000,4,370880,$0.16,6,44,https://www.zomato.com/bars-near-me,Unknown,Unknown,Unknown,Bar
22,south india chennai,823000,70,2100,$0.48,1,36,https://www.zomato.com/chennai/restaurants/south-indian,Chennai,Tamil Nadu,India,Restaurant
23,indira nagar,823000,7,65900,$0.47,8,50,https://www.zomato.com/bangalore/indiranagar-restaurants,Bangalore,Karnataka,India,Restaurant
24,indian kolkata,1000000,17,11300,$0.25,1,46,https://www.zomato.com/kolkata/restaurants/north-indian,Kolkata,West Bengal,India,Restaurant
25,old delhi junction,1220000,24,3300,$0,3,43,https://www.zomato.com/ncr/restaurants/near/old-delhi-railway-station,Unknown,Unknown,Unknown,Restaurant
26,indira nagar in bangalore,823000,16,9100,$0.31,7,37,https://www.zomato.com/bangalore/indiranagar-restaurants,Bangalore,Karnataka,India,Restaurant
27,que,1000000,12,11300,$0.19,1,34,https://www.zomato.com/lucknow/que-1-gomti-nagar,Lucknow,Uttar Pradesh,India,Unknown
28,dominos,1000000,10,25600,$0.16,4,62,https://www.zomato.com/ncr/dominos-pizza-3-rohini-new-delhi,Unknown,Unknown,Unknown,Pizza
29,delhi old delhi railway station,1000000,35,2100,$0.08,2,24,https://www.zomato.com/ncr/restaurants/near/old-delhi-railway-station,Unknown,Unknown,Unknown,Restaurant
30,connaught place,823000,81,2100,$0.93,5,49,https://www.zomato.com/ncr/dum-safar-biryani-1-connaught-place-new-delhi/info,Unknown,Unknown,Unknown,Unknown
31,connaught in delhi,1000000,19,5900,$0.31,3,45,https://www.zomato.com/ncr/connaught-club-house-connaught-place-new-delhi,Unknown,Unknown,Unknown,Unknown
32,veg cafe near me,1000000,4,304000,$0.23,10,32,https://www.zomato.com/hyderabad/vegetarian-restaurants,Hyderabad,Telangana,India,Restaurant
33,mcdonald's nearest to me,1000000,9,46900,$0.03,4,46,https://www.zomato.com/ncr/restoranlar/mcdonalds?zone=2&category=2,Unknown,Unknown,Unknown,Unknown
34,secunderabad jn,1000000,67,2100,$0.10,4,32,https://www.zomato.com/order-food-online-in-train,Unknown,Unknown,Unknown,Unknown
35,near me mcdonald,1000000,6,97300,$0.03,3,29,https://www.zomato.com/bangalore/restaurants/mcdonalds?landmark_id=781&category=2,Bangalore,Karnataka,India,Restaurant
36,near me mcd,4400,8,46900,$0.05,4,38,https://www.zomato.com/ncr/restaurants/mcdonalds?subzone=264&category=2,Unknown,Unknown,Unknown,Restaurant
37,terminal 2 airport mumbai,1000000,22,3300,$0.09,6,30,https://www.zomato.com/mumbai/restaurants/in/chhatrapati-shivaji-airport-terminal-2,Mumbai,Maharashtra,India,Restaurant
38,connaught place new delhi india,1000000,15,15000,$0.31,3,33,https://www.zomato.com/ncr/connaught-place-delhi-restaurants,Unknown,Unknown,Unknown,Restaurant
39,connaught place in delhi,1000000,17,5900,$0.31,3,27,https://www.zomato.com/ncr/connaught-place-delhi-restaurants,Unknown,Unknown,Unknown,Restaurant
40,railway station in old delhi,1220000,47,2100,$0.07,3,19,https://www.zomato.com/ncr/restaurants/near/old-delhi-railway-station,Unknown,Unknown,Unknown,Restaurant
41,old delhi railway station delhi,1000000,39,2100,$0.08,2,24,https://www.zomato.com/ncr/restaurants/near/old-delhi-railway-station,Unknown,Unknown,Unknown,Restaurant
42,veg restaurants near me,1000000,5,162000,$0.17,8,57,https://www.zomato.com/hyderabad/vegetarian-restaurants,Hyderabad,Telangana,India,Restaurant
43,restaurants near me with vegetarian,1000000,5,304000,$0.04,12,23,https://www.zomato.com/restaurants-near-me,Unknown,Unknown,Unknown,Restaurant
44,t's bar and grill,1000000,5,46900,$0.05,1,23,https://www.zomato.com/hyderabad/t-grill-financial-district,Hyderabad,Telangana,India,Unknown
45,coffee near me,1000000,5,304000,$0.32,5,44,https://www.zomato.com/cafes-near-me,Unknown,Unknown,Unknown,Cafe
46,vegetarian restaurants near me,1000000,7,65900,$0.20,10,38,https://www.zomato.com/chandigarh/re%C5%A1taur%C3%A1cie/in/phase-3b2-market-phase-3-mohali?veg=1&cft=2,Chandigarh,Chandigarh,India,Unknown
47,domino's,1000000,18,5600,$0.12,3,66,https://www.zomato.com/ncr/dominos-pizza-3-rohini-new-delhi,Unknown,Unknown,Unknown,Pizza
48,new delhi connaught place,823000,22,4300,$0.28,4,40,https://www.zomato.com/ncr/connaught-place-delhi-restaurants,Unknown,Unknown,Unknown,Restaurant
49,south india bangalore,1000000,25,2700,$0.32,1,49,https://www.zomato.com/bangalore/restaurants/south-indian,Bangalore,Karnataka,India,Restaurant
50,old delhi railway station,1000000,27,3300,$0.06,4,21,https://www.zomato.com/ncr/restaurants/near/old-delhi-railway-station,Unknown,Unknown,Unknown,Restaurant
51,near me mcdonald's,4400,10,33800,$0.05,4,52,https://www.zomato.com/mumbai/restaurants/mcdonalds?landmark_id=472&category=2,Mumbai,Maharashtra,India,Restaurant
52,shri ganesh,823000,10,19700,$0.50,1,47,https://www.zomato.com/ncr/shri-ganesh-corner-shakarpur-new-delhi,Unknown,Unknown,Unknown,Unknown
53,secunderabad jn railway station,1000000,70,2100,$0.10,4,25,https://www.zomato.com/order-food-online-in-train,Unknown,Unknown,Unknown,Unknown
54,connaught delhi,1000000,18,5546,$0.53,4,49,https://www.zomato.com/ncr/connaught-club-house-connaught-place-new-delhi,Unknown,Unknown,Unknown,Unknown
55,bangalore south india,1000000,65,2100,$0.32,1,50,https://www.zomato.com/bangalore/restaurants/dish-south-indian-breakfast,Bangalore,Karnataka,India,Restaurant
56,bangalore and bengaluru,1000000,34,2100,$0.13,1,43,https://www.zomato.com/bangalore/restaurants,Bangalore,Karnataka,India,Restaurant
57,old delhi junction railway station,1220000,33,2100,$0,3,35,https://www.zomato.com/ncr/restaurants/near/old-delhi-railway-station,Unknown,Unknown,Unknown,Restaurant
58,meerut,823000,27,2700,$0.28,1,61,https://www.zomato.com/meerut,Unknown,Unknown,Unknown,Unknown
59,old railway station delhi,1000000,26,3300,$0.06,4,22,https://www.zomato.com/ncr/restaurants/near/old-delhi-railway-station,Unknown,Unknown,Unknown,Restaurant
60,mcdonald's near me,1000000,6,97300,$0.14,2,43,https://www.zomato.com/ncr/restoranlar/mcdonalds?zone=2&category=2,Unknown,Unknown,Unknown,Unknown
61,indiranagar,823000,4,162000,$0.31,7,63,https://www.zomato.com/bangalore/indiranagar-restaurants,Bangalore,Karnataka,India,Restaurant
62,connaught place new delhi delhi india,823000,34,2100,$0.33,4,20,https://www.zomato.com/ncr/local-connaught-place-new-delhi,Unknown,Unknown,Unknown,Unknown
63,wine shop,1000000,31,2100,$0.83,1,47,https://www.zomato.com/kolkata/restaurants/dish-wine,Kolkata,West Bengal,India,Restaurant
64,vegan cafe near me,1000000,9,46900,$0.10,11,38,https://www.zomato.com/dehradun/world-vegan-day,Dehradun,Uttarakhand,India,Unknown
65,ambience mall,673000,21,4197,$1.07,10,51,https://www.zomato.com/ncr/restaurants/in/ambience-mall-dlf-phase-3,Unknown,Unknown,Unknown,Restaurant
66,kfc near me,673000,11,21068,$0.09,12,46,https://www.zomato.com/hyderabad/restaurants/kfc,Hyderabad,Telangana,India,Restaurant
67,manali indian,823000,28,1892,$0.22,1,35,https://www.zomato.com/manali/restaurants/north-indian,Unknown,Unknown,Unknown,Restaurant
68,justdial,823000,21,2715,$0.50,7,63,https://www.zomato.com/contact,Unknown,Unknown,Unknown,Unknown
69,panvel,673000,29,1728,$0,5,62,https://www.zomato.com/mumbai/panvel-navi-mumbai-restaurants,Mumbai,Maharashtra,India,Restaurant
70,coffee,1000000,32,1728,$0.12,17,66,https://www.zomato.com/bangalore/coffee,Bangalore,Karnataka,India,Coffee
71,kentucky fried chicken near by me,823000,11,27817,$0.08,7,29,https://www.zomato.com/ncr/restaurants/kfc?category=1,Unknown,Unknown,Unknown,Restaurant
72,new delhi karol bagh,823000,51,1728,$0.15,4,30,https://www.zomato.com/ncr/delia-my-bar-headquarters-karol-bagh-new-delhi,Unknown,Unknown,Unknown,Bar
73,shop closest to me,823000,6,80077,$0.12,31,22,https://www.zomato.com/sweet-shops-near-me,Unknown,Unknown,Unknown,Sweet Shop
74,ambience mall gurgaon,673000,6,38598,$1.07,10,46,https://www.zomato.com/ncr/restaurants/in/ambience-mall-dlf-phase-3,Unknown,Unknown,Unknown,Restaurant
75,united fried chicken,673000,4,133326,$0.29,1,21,https://www.zomato.com/vijayawada/ufc-united-fried-chicken-mangalagiri,Unknown,Unknown,Unknown,Unknown
76,chandni chowk in new delhi,823000,36,1728,$0.12,3,26,https://www.zomato.com/ncr/chandni-chowk-delhi-restaurants,Unknown,Unknown,Unknown,Restaurant
77,near me cake shops,673000,4,204592,$0.11,38,23,https://www.zomato.com/bakeries-near-me,Unknown,Unknown,Unknown,Bakery
78,cake store near me,673000,4,204592,$0.11,42,21,https://www.zomato.com/bakeries-near-me,Unknown,Unknown,Unknown,Bakery
79,adyar ananda bhavan a2b,550000,6,65482,$0.21,6,33,https://www.zomato.com/chennai/a2b-adyar-ananda-bhavan-adyar,Chennai,Tamil Nadu,India,Unknown
80,hebbal,673000,12,7604,$0.20,7,63,https://www.zomato.com/bangalore/hebbal-restaurants,Bangalore,Karnataka,India,Restaurant
81,foodstuff near me,673000,6,65482,$0.10,12,21,https://www.zomato.com/patiala/order-food-online,Unknown,Unknown,Unknown,Unknown
82,koramangala,673000,12,10095,$0.67,6,62,https://www.zomato.com/bangalore/koramangala-restaurants/bar,Bangalore,Karnataka,India,Restaurant
83,cake baking shop near me,673000,5,109026,$0.10,57,60,https://www.zomato.com/bakeries-near-me,Unknown,Unknown,Unknown,Bakery
84,bhiwandi,550000,36,1413,$0,4,62,https://www.zomato.com/mumbai/bhiwandi-restaurants,Mumbai,Maharashtra,India,Restaurant
85,dwarka,673000,105,1413,$0.12,2,61,https://www.zomato.com/ncr/delivery-in-sector-10-dwarka/dish-salad,Unknown,Unknown,Unknown,Unknown
86,gurgaon indian,550000,11,22747,$0.14,2,22,https://www.zomato.com/ncr/gurgaon-restaurants/modern-indian,Unknown,Unknown,Unknown,Restaurant
87,chocolate,673000,36,1413,$0.13,66,80,https://www.zomato.com/ncr/1st-crush-chocolates-alaknanda-new-delhi/order,Unknown,Unknown,Unknown,Unknown
88,food near me,673000,4,204592,$0.24,9,46,https://www.zomato.com/restaurants-near-me,Unknown,Unknown,Unknown,Restaurant
89,choc o late,673000,10,17228,$0.01,62,24,https://www.zomato.com/ncr/choko-la-sector-56-gurgaon/order,Unknown,Unknown,Unknown,Unknown
90,bbq nation,673000,8,44350,$0.11,3,48,https://www.zomato.com/ncr/barbeque-nation-connaught-place-new-delhi,Unknown,Unknown,Unknown,Bar
91,barbeque nation,550000,9,31563,$0.22,2,48,https://www.zomato.com/ncr/barbeque-nation-connaught-place-new-delhi,Unknown,Unknown,Unknown,Bar
92,dominos near me,673000,12,13258,$0.15,3,43,https://www.zomato.com/ncr/restaurants/dominos?landmark_id=74&category=2,Unknown,Unknown,Unknown,Restaurant
93,dadar,450000,19,3970,$0,9,63,https://www.zomato.com/mumbai/dadar-west-restaurants,Mumbai,Maharashtra,India,Restaurant
94,cake bakery shops near me,673000,4,204592,$0.10,41,20,https://www.zomato.com/bakeries-near-me,Unknown,Unknown,Unknown,Bakery
95,lakshmi nagar delhi,550000,19,2893,$0.32,3,43,https://www.zomato.com/ncr/laxmi-nagar-delhi-restaurants,Unknown,Unknown,Unknown,Restaurant
96,bangalore koramangala,673000,16,5047,$0.18,6,33,https://www.zomato.com/bangalore/koramangala-5th-block-restaurants,Bangalore,Karnataka,India,Restaurant
97,dhaba near me,550000,4,204592,$0.13,4,44,https://www.zomato.com/dhabas-near-me,Unknown,Unknown,Unknown,Unknown
98,domino's pizza,1000000,12,17228,$0.18,3,48,https://www.zomato.com/ncr/dominos-pizza-3-rohini-new-delhi,Unknown,Unknown,Unknown,Pizza
99,indian jodhpur,673000,34,1413,$0.16,1,27,https://www.zomato.com/jodhpur/restaurants/north-indian,Unknown,Unknown,Unknown,Restaurant
100,the belgian waffle co,301000,6,53515,$0.19,9,37,https://www.zomato.com/mumbai/the-belgian-waffle-co-mumbai-central,Mumbai,Maharashtra,India,Unknown
101,campus off,550000,27,1320,$0.16,1,30,https://www.zomato.com/ncr/off-campus-satyaniketan-new-delhi,Unknown,Unknown,Unknown,Unknown
102,bakery close to me,450000,4,167200,$0.16,8,37,https://www.zomato.com/bakeries-near-me,Unknown,Unknown,Unknown,Bakery
103,delhi rajiv chowk,550000,28,1265,$0.12,4,20,https://www.zomato.com/ncr/restaurants/in/rajiv-chowk-metro-station,Unknown,Unknown,Unknown,Restaurant
104,bangalore hsr,550000,21,2365,$0.13,7,42,https://www.zomato.com/bangalore/hsr-restaurants,Bangalore,Karnataka,India,Restaurant
105,baking near me,550000,5,167200,$0.07,13,22,https://www.zomato.com/bakeries-near-me,Unknown,Unknown,Unknown,Bakery
106,bakeries near me,550000,4,167200,$0.13,11,46,https://www.zomato.com/bakeries-near-me,Unknown,Unknown,Unknown,Bakery
107,yelahanka,550000,24,1815,$0.20,7,63,https://www.zomato.com/bangalore/yelahanka-restaurants,Bangalore,Karnataka,India,Restaurant
108,vashi,450000,17,8250,$0.11,5,62,https://www.zomato.com/mumbai/vashi-restaurants,Mumbai,Maharashtra,India,Restaurant
109,new delhi lajpat nagar,550000,53,1155,$0.16,4,22,https://www.zomato.com/ncr/best-lajpat-nagar-1-restaurants,Unknown,Unknown,Unknown,Restaurant
110,hsr bangalore,550000,14,5005,$0.13,9,50,https://www.zomato.com/bangalore/hsr-high-street-hsr,Bangalore,Karnataka,India,Unknown
111,gachibowli hyd,550000,12,8250,$0.16,7,38,https://www.zomato.com/hyderabad/gachibowli-restaurants,Hyderabad,Telangana,India,Restaurant
112,pizza,550000,13,14080,$0.14,7,63,https://www.zomato.com/lucknow/restaurants/pizza,Lucknow,Uttar Pradesh,India,Restaurant
113,haldiram,550000,9,25795,$0.07,13,64,https://www.zomato.com/ncr/haldirams-connaught-place-new-delhi,Unknown,Unknown,Unknown,Unknown
114,kukatpally,550000,10,25795,$0.24,15,65,https://www.zomato.com/hyderabad/kukatpally-restaurants,Hyderabad,Telangana,India,Restaurant
115,dlf mall noida,550000,9,18590,$0.21,5,44,https://www.zomato.com/ncr/restaurants/in/dlf-mall-of-india-sector-18-noida,Unknown,Unknown,Unknown,Restaurant
116,cake,550000,13,10835,$0.19,68,37,https://www.zomato.com/ncr/delivery/dish-cake,Unknown,Unknown,Unknown,Unknown
117,rajiv chowk in delhi,550000,39,1155,$0.12,4,28,https://www.zomato.com/ncr/restaurants/in/rajiv-chowk-metro-station,Unknown,Unknown,Unknown,Restaurant
118,whitefield,550000,22,2365,$0.35,7,63,https://www.zomato.com/bangalore/whitefield-restaurants,Bangalore,Karnataka,India,Restaurant
119,20,550000,38,1155,$0.09,1,40,https://www.zomato.com/ahmedabad/one-20-mins-bopal,Ahmedabad,Gujarat,India,Unknown
120,sector 18,550000,12,8250,$0.15,5,39,https://www.zomato.com/ncr/sector-18-noida-restaurants,Unknown,Unknown,Unknown,Restaurant
121,gachibowli,550000,18,3245,$0.31,8,63,https://www.zomato.com/hyderabad/gachibowli-restaurants,Hyderabad,Telangana,India,Restaurant
122,biryani near.me,550000,4,167200,$0.09,7,20,https://www.zomato.com/biryani-restaurants-near-me,Unknown,Unknown,Unknown,Restaurant
123,biryani near me,450000,4,167200,$0.18,6,22,https://www.zomato.com/biryani-restaurants-near-me,Unknown,Unknown,Unknown,Restaurant
124,waltair visakhapatnam,550000,54,1155,$0.20,1,20,https://www.zomato.com/visakhapatnam/waltair-kitchen-pl-grand-waltair-uplands-vizag,Unknown,Unknown,Unknown,Unknown
125,panipat haryana,550000,62,1155,$0.10,1,30,https://www.zomato.com/panipat/haryana-kitchen-hub-tehsil-camp,Unknown,Unknown,Unknown,Unknown
126,sindhi camp,550000,13,8250,$0.19,5,49,https://www.zomato.com/jaipur/sindhi-camp-restaurants,Jaipur,Rajasthan,India,Restaurant
127,rajiv chowk station,550000,18,3245,$0.29,6,44,https://www.zomato.com/ncr/restaurants/in/rajiv-chowk-metro-station,Unknown,Unknown,Unknown,Restaurant
128,gachibowli hyderabad,550000,22,2365,$0.16,11,39,https://www.zomato.com/hyderabad/gachibowli-restaurants,Hyderabad,Telangana,India,Restaurant
129,third wave coffee,550000,10,25795,$0.33,6,44,https://www.zomato.com/ncr/restaurants/third-wave-coffee,Unknown,Unknown,Unknown,Restaurant
130,z's,550000,9,14080,$0.18,1,47,https://www.zomato.com/surat/zs-restaurant-bhestan,Surat,Gujarat,India,Restaurant
131,mira road,550000,30,1155,$0.19,5,49,https://www.zomato.com/mumbai/mira-road-restaurants,Mumbai,Maharashtra,India,Restaurant
132,bakery near me,450000,4,167200,$0.15,9,45,https://www.zomato.com/bakeries-near-me,Unknown,Unknown,Unknown,Bakery
133,whitefield whitefield,550000,19,2805,$0.14,7,22,https://www.zomato.com/bangalore/whitefield-restaurants,Bangalore,Karnataka,India,Restaurant
134,restaurants nearby,450000,7,53515,$0.53,5,49,https://www.zomato.com/restaurants-near-me,Unknown,Unknown,Unknown,Restaurant
135,naturals ice cream,368000,7,53515,$0.09,5,44,https://www.zomato.com/NaturalsCP,Unknown,Unknown,Unknown,Unknown
136,noida sector 18,450000,10,14080,$0.55,9,45,https://www.zomato.com/ncr/sector-18-noida-restaurants,Unknown,Unknown,Unknown,Restaurant
137,be,550000,21,2365,$0.79,1,49,https://www.zomato.com/ncr/be-healthy-2-sector-51-noida,Unknown,Unknown,Unknown,Unknown
138,vi's,550000,7,25795,$0.60,1,51,https://www.zomato.com/hyderabad/vis-kitchen-manikonda,Hyderabad,Telangana,India,Unknown
139,domino's pizza near me,368000,11,8865,$0.18,3,35,https://www.zomato.com/hyderabad/dominos-pizza-sd-road-secunderabad,Hyderabad,Telangana,India,Pizza
140,bms chennai,450000,11,5085,$0.04,1,29,https://www.zomato.com/chennai/bms-barman-special-valasaravakkam/reviews,Chennai,Tamil Nadu,India,Bar
141,ice creams,550000,13,8865,$0.30,21,54,https://www.zomato.com/ncr/restaurants/ice-cream,Unknown,Unknown,Unknown,Restaurant
142,panaji panaji,450000,38,945,$0.22,3,38,https://www.zomato.com/goa/panaji-restaurants,Goa,Goa,India,Restaurant
143,lulu mall kochi kerala,450000,20,2520,$0.04,5,44,https://www.zomato.com/kochi/restaurants/in/lulu,Kochi,Kerala,India,Restaurant
144,mumbai central,450000,29,1080,$0.25,5,49,https://www.zomato.com/mumbai/restaurants/near/mumbai-central-station,Mumbai,Maharashtra,India,Restaurant
145,nehru place new delhi delhi,450000,21,1935,$0.14,5,29,https://www.zomato.com/ncr/nehru-place-delhi-restaurants,Unknown,Unknown,Unknown,Restaurant
146,e trains,450000,40,945,$0.67,1,84,https://www.zomato.com/order-food-online-in-train,Unknown,Unknown,Unknown,Unknown
147,nehru place new delhi delhi,450000,21,1935,$0.14,5,29,https://www.zomato.com/ncr/nehru-place-delhi-restaurants,Unknown,Unknown,Unknown,Restaurant
148,e trains,450000,40,945,$0.67,1,84,https://www.zomato.com/order-food-online-in-train,Unknown,Unknown,Unknown,Unknown
149,best meals near me,450000,5,136800,$0.17,11,38,https://www.zomato.com/restaurants-near-me,Unknown,Unknown,Unknown,Restaurant
150,best food restaurants near me,450000,4,136800,$0.23,14,39,https://www.zomato.com/restaurants-near-me,Unknown,Unknown,Unknown,Restaurant
151,tilak nagar delhi,450000,27,1080,$13.74,4,44,https://www.zomato.com/ncr/tilak-nagar-delhi-restaurants,Unknown,Unknown,Unknown,Restaurant
152,t nagar,450000,18,2655,$0.17,7,30,https://www.zomato.com/chennai/t-nagar-restaurants,Chennai,Tamil Nadu,India,Restaurant
153,nehru place in delhi,450000,18,2520,$0.12,4,25,https://www.zomato.com/ncr/nehru-place-delhi-restaurants,Unknown,Unknown,Unknown,Restaurant
154,lulu mall at kochi,450000,16,3375,$0.06,4,38,https://www.zomato.com/kochi/restaurants/in/lulu,Kochi,Kerala,India,Restaurant
155,café coffee day,450000,11,21105,$0.37,3,43,https://www.zomato.com/mumbai/restaurants/cafe-coffee-day,Mumbai,Maharashtra,India,Restaurant
156,sexy fish,450000,13,5085,$0.47,3,42,https://www.zomato.com/dubai/sexy-fish-difc,Unknown,Unknown,Unknown,Unknown
157,dilsukhnagar,450000,12,8865,$0.44,5,62,https://www.zomato.com/hyderabad/dilsukhnagar-restaurants,Hyderabad,Telangana,India,Restaurant
158,zirakpur zirakpur,450000,39,945,$0.06,2,33,https://www.zomato.com/chandigarh/zirakpur-restaurants,Chandigarh,Chandigarh,India,Restaurant
159,andheri,368000,23,1935,$0.10,11,64,https://www.zomato.com/mumbai/andheri-east-restaurants,Mumbai,Maharashtra,India,Restaurant
160,delhi tilak nagar,450000,20,1935,$0.14,5,19,https://www.zomato.com/ncr/tilak-nagar-delhi-restaurants,Unknown,Unknown,Unknown,Restaurant
161,coffee day cafe,450000,10,21105,$0.19,3,55,https://www.zomato.com/kanpur/cafe-coffee-day-1-mall-road,Unknown,Unknown,Unknown,Cafe
162,pco,368000,19,2520,$0.28,2,61,https://www.zomato.com/mumbai/pco-lower-parel,Mumbai,Maharashtra,India,Unknown
163,best restaurants near me,450000,4,136800,$0.21,12,71,https://www.zomato.com/restaurants-near-me,Unknown,Unknown,Unknown,Restaurant
164,best meal near me,450000,2,136800,$0.17,11,38,https://www.zomato.com/restaurants-near-me,Unknown,Unknown,Unknown,Restaurant
165,sonipat city,450000,23,1935,$0.07,1,48,https://www.zomato.com/sonipat/sonipat-city-restaurants,Unknown,Unknown,Unknown,Restaurant
166,best eateries near me,450000,4,136800,$0.21,12,38,https://www.zomato.com/restaurants-near-me,Unknown,Unknown,Unknown,Restaurant
167,chinchwad pune,450000,37,945,$0.10,4,25,https://www.zomato.com/pune/best-chinchwad-restaurants,Pune,Maharashtra,India,Restaurant
168,velachery in chennai,450000,22,1935,$0.09,7,35,https://www.zomato.com/chennai/velachery-restaurants,Chennai,Tamil Nadu,India,Restaurant
169,spa,550000,57,945,$0.36,11,65,https://www.zomato.com/chennai/sante-spa-cuisine-nungambakkam,Chennai,Tamil Nadu,India,Unknown
170,places to visit near me,450000,44,945,$0.39,5,49,https://www.zomato.com/mumbai/restaurants,Mumbai,Maharashtra,India,Restaurant
171,ice cream,550000,14,6750,$0.24,66,53,https://www.zomato.com/ncr/restaurants/ice-cream,Unknown,Unknown,Unknown,Restaurant
172,bandra,450000,20,2655,$0.43,4,62,https://www.zomato.com/mumbai/bandra-west-restaurants,Mumbai,Maharashtra,India,Restaurant
173,hauz khas new delhi delhi,450000,14,6750,$0.09,4,24,https://www.zomato.com/ncr/hauz-khas-village-delhi-restaurants,Unknown,Unknown,Unknown,Restaurant
174,kurla day,368000,6,21105,$0,1,47,https://www.zomato.com/mumbai/day-to-day-snacks-corner-1-kurla,Mumbai,Maharashtra,India,Unknown
175,delhi hauz khas,368000,9,29655,$0.16,4,38,https://www.zomato.com/ncr/hauz-khas-village-delhi-restaurants,Unknown,Unknown,Unknown,Restaurant
176,coimbatore gandhipuram,450000,17,4095,$0.40,5,49,https://www.zomato.com/coimbatore/best-gandhipuram-restaurants,Unknown,Unknown,Unknown,Restaurant
177,cafe coffee day,450000,8,29655,$0.74,7,45,https://www.zomato.com/kolkata/cafe-coffee-day-desapriya-park,Kolkata,West Bengal,India,Cafe
178,ub city,301000,9,9420,$0,7,50,https://www.zomato.com/bangalore/restaurants/in/ub-city?bar=1,Bangalore,Karnataka,India,Restaurant
179,sweet shop near me,301000,4,111872,$0.26,5,36,https://www.zomato.com/kolkata/sweet-shop?sort=da,Kolkata,West Bengal,India,Sweet Shop
180,select city walk new delhi,368000,11,9420,$0.11,5,31,https://www.zomato.com/ncr/restaurants/in/select-city-walk-mall-saket?bar=1,Unknown,Unknown,Unknown,Restaurant
181,nexus mall koramangala,301000,9,7249,$0.20,15,47,https://www.zomato.com/bangalore/restaurants/in/nexus-koramangala,Bangalore,Karnataka,India,Restaurant
182,khan market in delhi,368000,8,17259,$0.09,1,31,https://www.zomato.com/ncr/khan-market-delhi-restaurants,Unknown,Unknown,Unknown,Restaurant
183,café,550000,11,12438,$0.41,2,61,https://www.zomato.com/kolkata/great-cafes,Kolkata,West Bengal,India,Cafe
184,cafes,550000,7,35806,$0.42,3,61,https://www.zomato.com/dehradun/great-cafes,Dehradun,Uttarakhand,India,Cafe
185,anand's,368000,6,35806,$0.12,1,49,https://www.zomato.com/goa/anand-bar-seafood-restaurant-anjuna,Goa,Goa,India,Restaurant
186,veg,368000,19,2171,$0.01,34,64,https://www.zomato.com/bangalore/vegetarian-restaurants,Bangalore,Karnataka,India,Restaurant
187,sweet shops near me,301000,4,111872,$0.26,5,36,https://www.zomato.com/sweet-shops-near-me,Unknown,Unknown,Unknown,Sweet Shop
188,kurla mumbai,368000,15,5520,$0.20,4,49,https://www.zomato.com/mumbai/kurla-restaurants,Mumbai,Maharashtra,India,Restaurant
189,burger king nearest to me,368000,9,17259,$0.04,6,15,https://www.zomato.com/chennai/restaurants/burger-king?landmark_id=187&category=2,Chennai,Tamil Nadu,India,Restaurant
190,oberoi mall,368000,7,12438,$0.30,4,49,https://www.zomato.com/mumbai/restaurants/in/oberoi-mall,Mumbai,Maharashtra,India,Restaurant
191,select citywalk mall delhi,368000,9,9420,$0.11,5,24,https://www.zomato.com/ncr/restaurants/in/select-city-walk-mall-saket,Unknown,Unknown,Unknown,Restaurant
192,jayanagar bangalore,368000,20,2060,$0.50,9,50,https://www.zomato.com/bangalore/jayanagar-restaurants,Bangalore,Karnataka,India,Restaurant
193,goregaon east,368000,9,17259,$0.16,3,48,https://www.zomato.com/mumbai/goregaon-east-restaurants,Mumbai,Maharashtra,India,Restaurant
194,express avenue mall chennai,301000,13,5520,$0,12,38,https://www.zomato.com/chennai/restaurants/in/express-avenue-mall-royapettah,Chennai,Tamil Nadu,India,Restaurant
195,express avenue mall,301000,13,4158,$0.67,6,44,https://www.zomato.com/chennai/restaurants/in/express-avenue-mall-royapettah,Chennai,Tamil Nadu,India,Restaurant
196,starbucks near me,301000,7,35806,$0.71,3,43,https://www.zomato.com/ncr/ristoranti/starbucks-coffee?landmark_id=74&category=2,Unknown,Unknown,Unknown,Coffee
197,new delhi malviya nagar,368000,23,1214,$0.10,3,22,https://www.zomato.com/ncr/malviya-nagar-delhi-restaurants,Unknown,Unknown,Unknown,Restaurant
198,bandra bkc,301000,14,5520,$0.33,7,50,https://www.zomato.com/mumbai/bkc-dive-bandra-kurla-complex,Mumbai,Maharashtra,India,Unknown
199,madhur,450000,8,7249,$0.14,1,60,https://www.zomato.com/hyderabad/madhur-sweets-kompally,Hyderabad,Telangana,India,Unknown
200,jayanagar,368000,16,3348,$0.50,9,63,https://www.zomato.com/bangalore/jayanagar-restaurants,Bangalore,Karnataka,India,Restaurant
201,star box near me,368000,10,17259,$0.05,3,38,https://www.zomato.com/ncr/starbucks-coffee-1-connaught-place-new-delhi,Unknown,Unknown,Unknown,Coffee
202,lulu mall lucknow,368000,14,4158,$0.12,4,44,https://www.zomato.com/lucknow/lulu-hypermarket-ibb-sushant-golf-city,Lucknow,Uttar Pradesh,India,Unknown
203,church street,301000,6,35806,$0.01,15,52,https://www.zomato.com/bangalore/church-street-restaurants,Bangalore,Karnataka,India,Restaurant
204,select citywalk new delhi delhi,368000,5,17259,$0.07,4,29,https://www.zomato.com/ncr/restaurants/in/select-city-walk-mall-saket,Unknown,Unknown,Unknown,Restaurant
205,food,368000,26,1214,$0.32,3,72,https://www.zomato.com/ncr,Unknown,Unknown,Unknown,Unknown
206,najafgarh,368000,19,2171,$0,4,62,https://www.zomato.com/ncr/najafgarh-delhi-restaurants,Unknown,Unknown,Unknown,Restaurant
207,khan market new delhi,368000,6,17259,$0.03,1,20,https://www.zomato.com/ncr/khan-market-delhi-restaurants,Unknown,Unknown,Unknown,Restaurant
208,bar,368000,9,17259,$0.14,2,36,https://www.zomato.com/mumbai/best-bars-and-pubs,Mumbai,Maharashtra,India,Bar
209,pure veg restaurants near me,301000,5,59616,$0.10,8,37,https://www.zomato.com/hyderabad/vegetarian-restaurants,Hyderabad,Telangana,India,Restaurant
210,sarai kale,368000,21,1876,$0.13,3,19,https://www.zomato.com/ncr/best-restaurants?landmark_id=8,Unknown,Unknown,Unknown,Restaurant
211,cafe,550000,5,111872,$0.57,3,80,https://www.zomato.com/pune/caf%C3%A9,Pune,Maharashtra,India,Unknown
212,haldiram near me,301000,7,35806,$0.16,2,43,https://www.zomato.com/kolkata/restoranlar/haldirams-1?landmark_id=398&category=2,Kolkata,West Bengal,India,Unknown
213,baskin robbins,301000,10,12438,$0.04,4,49,https://www.zomato.com/hyderabad/baskin-robbins-ice-cream-desserts-masab-tank,Hyderabad,Telangana,India,Dessert
214,near me burger king,450000,10,12438,$0.03,7,13,https://www.zomato.com/mumbai/restaurants/burger-king,Mumbai,Maharashtra,India,Restaurant
215,waffles and waffles,368000,9,24251,$0.30,1,53,https://www.zomato.com/mumbai/a-waffles-belgian-waffles-more-kharghar-navi-mumbai,Mumbai,Maharashtra,India,Unknown
216,majnu tilla delhi,301000,12,7249,$0.16,5,28,https://www.zomato.com/ncr/majnu-ka-tila-delhi-restaurants,Unknown,Unknown,Unknown,Restaurant
217,majnu ka tila,301000,8,17259,$0,2,43,https://www.zomato.com/hi/ncr/restaurace/in/majnu-ka-tila,Unknown,Unknown,Unknown,Unknown
218,pizza hut,550000,14,4158,$0.22,10,51,https://www.zomato.com/bangalore/restaurants/pizza-hut,Bangalore,Karnataka,India,Restaurant
219,phoenix mall of the millennium,368000,5,24251,$0.10,6,36,https://www.zomato.com/pune/restaurants/in/phoenix-mall-of-the-millennium,Pune,Maharashtra,India,Restaurant
220,nearest starbucks to me,368000,8,24251,$0.10,2,20,https://www.zomato.com/ncr/ristoranti/starbucks-coffee?landmark_id=74&category=2,Unknown,Unknown,Unknown,Coffee
221,dragon,550000,27,846,$0.57,1,60,https://www.zomato.com/chandigarh/hangry-dragon-sector-71-mohali,Chandigarh,Chandigarh,India,Unknown
222,jaya nagar,368000,16,2760,$0.24,6,20,https://www.zomato.com/bangalore/jayanagar-restaurants,Bangalore,Karnataka,India,Restaurant
223,goregaon,368000,5,59616,$0.16,3,61,https://www.zomato.com/mumbai/sindhian-1-goregaon-east/order,Mumbai,Maharashtra,India,Unknown
224,express avenue chennai,301000,18,1876,$0.63,12,46,https://www.zomato.com/chennai/restaurants/in/express-avenue-mall-royapettah,Chennai,Tamil Nadu,India,Restaurant
225,malviya nagar delhi,368000,22,1582,$0.16,5,25,https://www.zomato.com/ncr/malviya-nagar-delhi-restaurants,Unknown,Unknown,Unknown,Restaurant
226,delhi majnu tilla,301000,9,17259,$0.12,3,26,https://www.zomato.com/ncr/restaurants/in/majnu-ka-tila,Unknown,Unknown,Unknown,Restaurant
227,express avenue in chennai,368000,12,4158,$0.18,5,25,https://www.zomato.com/chennai/restaurants/in/express-avenue-mall-royapettah,Chennai,Tamil Nadu,India,Restaurant
228,malviya nagar new delhi delhi,368000,17,2171,$0.12,4,30,https://www.zomato.com/ncr/malviya-nagar-delhi-restaurants,Unknown,Unknown,Unknown,Restaurant
229,kurla india,368000,17,2760,$0.10,4,22,https://www.zomato.com/mumbai/mini-india-kurla,Mumbai,Maharashtra,India,Unknown
230,khan market new delhi delhi,368000,7,12438,$0.03,1,29,https://www.zomato.com/ncr/khan-market-delhi-restaurants,Unknown,Unknown,Unknown,Restaurant
231,khan market,368000,6,24251,$0.03,1,31,https://www.zomato.com/ncr/dinner-in-khan-market,Unknown,Unknown,Unknown,Unknown
232,burger king near me,368000,9,17259,$0.26,2,35,https://www.zomato.com/ncr/restaurants/burger-king?landmark_id=43&category=2,Unknown,Unknown,Unknown,Restaurant
233,bandra kurla complex mumbai,301000,71,772,$0.18,7,19,https://www.zomato.com/mumbai/bkc-dive-bandra-kurla-complex,Mumbai,Maharashtra,India,Unknown
234,phoenix mall pune,368000,8,9420,$0.01,6,44,https://www.zomato.com/pune/restaurants/in/phoenix-market-city-viman-nagar,Pune,Maharashtra,India,Restaurant
235,pizza near me,301000,6,35806,$0.19,9,45,https://www.zomato.com/pizza-restaurants-near-me,Unknown,Unknown,Unknown,Restaurant
236,oberoi mall in mumbai,368000,11,9420,$0.10,5,31,https://www.zomato.com/mumbai/restaurants/in/oberoi-mall,Mumbai,Maharashtra,India,Restaurant
237,mumbai bkc,368000,17,3348,$0.21,5,37,https://www.zomato.com/mumbai/bandra-kurla-complex-restaurants,Mumbai,Maharashtra,India,Restaurant
238,select citywalk new delhi,368000,8,9420,$0.11,5,25,https://www.zomato.com/ncr/restaurants/in/select-city-walk-mall-saket,Unknown,Unknown,Unknown,Restaurant
239,house,368000,37,772,$0.70,1,72,https://www.zomato.com/jaipur/house-of-fister-jagatpura,Jaipur,Rajasthan,India,Unknown
240,bandra kurla complex,301000,20,2060,$0.38,6,44,https://www.zomato.com/mumbai/bandra-kurla-complex-restaurants,Mumbai,Maharashtra,India,Restaurant
241,waffle,301000,8,24251,$0.81,1,60,https://www.zomato.com/mumbai/the-belgian-waffle-co-chowpatty/order,Mumbai,Maharashtra,India,Unknown
242,delhi khan market,368000,7,24251,$0.03,1,28,https://www.zomato.com/ncr/khan-market-delhi-restaurants,Unknown,Unknown,Unknown,Restaurant
243,majestic bengaluru karnataka,301000,16,3348,$0.13,4,21,https://www.zomato.com/bangalore/majestic-hotel-majestic,Bangalore,Karnataka,India,Hotel
244,kharghar,368000,18,2760,$1.89,3,61,https://www.zomato.com/mumbai/kharghar-restaurants,Mumbai,Maharashtra,India,Restaurant
245,khan market delhi,368000,7,17259,$0.03,1,30,https://www.zomato.com/ncr/dinner-in-khan-market,Unknown,Unknown,Unknown,Unknown
246,pizza near me near me,368000,6,35806,$0.14,8,23,https://www.zomato.com/pizza-restaurants-near-me,Unknown,Unknown,Unknown,Restaurant
247,og's,368000,4,111872,$0.13,1,29,https://www.zomato.com/goa/ogs-cocktail-bar-kitchen-vagator,Goa,Goa,India,Bar
248,restaurants nearby near me,165000,4,111872,$0.04,13,72,https://www.zomato.com/restaurants-near-me,Unknown,Unknown,Unknown,Restaurant
249,ankleshwar ankleshwar,368000,23,1214,$0.08,1,21,https://www.zomato.com/ankleshwar/restaurants,Unknown,Unknown,Unknown,Restaurant
250,select city walk,368000,4,35806,$0,9,45,https://www.zomato.com/ncr/restaurants/in/select-city-walk-mall-saket?bar=1,Unknown,Unknown,Unknown,Restaurant
251,khan market in new delhi,368000,9,12438,$0.09,1,29,https://www.zomato.com/ncr/khan-market-delhi-restaurants,Unknown,Unknown,Unknown,Restaurant
252,anand,368000,27,883,$0,1,61,https://www.zomato.com/mumbai/anand-fast-food-corner-bandstand-bandra-west,Mumbai,Maharashtra,India,Fast Food
253,sirohi mount abu,368000,61,772,$0.12,1,27,https://www.zomato.com/restaurant-services-hub/fssai/?referrer=appdiytool_banner,Unknown,Unknown,Unknown,Restaurant
254,kurla kurla,368000,10,17259,$0.20,4,49,https://www.zomato.com/mumbai/kurla-restaurants,Mumbai,Maharashtra,India,Restaurant
255,powai,246000,15,2739,$0.19,11,64,https://www.zomato.com/mumbai/powai-restaurants,Mumbai,Maharashtra,India,Restaurant
256,pitampura in delhi,301000,16,2739,$0.12,4,36,https://www.zomato.com/ncr/pitampura-delhi-restaurants,Unknown,Unknown,Unknown,Restaurant
257,delhi vasant vihar,301000,17,1775,$0.11,4,23,https://www.zomato.com/ncr/vasant-vihar-delhi-restaurants,Unknown,Unknown,Unknown,Restaurant
258,delhi cantt,246000,20,1535,$0,6,49,https://www.zomato.com/ncr/best-delhi-cantt-restaurants,Unknown,Unknown,Unknown,Restaurant
259,begumpet hyderabad,301000,16,2257,$0.12,5,27,https://www.zomato.com/hyderabad/begumpet-restaurants,Hyderabad,Telangana,India,Restaurant
260,quilon kerala,246000,20,1685,$0.43,1,37,https://www.zomato.com/kollam/the-quilon-hotel-and-resorts-kollam-locality/order,Unknown,Unknown,Unknown,Hotel
261,non veg restaurants near me,246000,6,29287,$0.23,9,37,https://www.zomato.com/restaurants-near-me,Unknown,Unknown,Unknown,Restaurant
262,mantri square mall bangalore,301000,14,3401,$0.08,5,28,https://www.zomato.com/bangalore/restaurants/in/mantri-square-malleshwaram,Bangalore,Karnataka,India,Restaurant
263,delhi pitampura,301000,19,1535,$0.15,3,33,https://www.zomato.com/ncr/best-pitampura-restaurants,Unknown,Unknown,Unknown,Restaurant
264,churchgate,201000,11,7705,$0,9,63,https://www.zomato.com/mumbai/churchgate-restaurants,Mumbai,Maharashtra,India,Restaurant
265,begumpet in hyderabad,301000,19,1535,$0.11,5,27,https://www.zomato.com/hyderabad/begumpet-restaurants,Hyderabad,Telangana,India,Restaurant
266,jayanagar 4th block,301000,12,10173,$0.14,7,45,https://www.zomato.com/bangalore/jayanagar-4th-block-restaurants,Bangalore,Karnataka,India,Restaurant
267,kharagpur,201000,30,632,$0,1,61,https://www.zomato.com/kharagpur,Unknown,Unknown,Unknown,Unknown
268,biryani,368000,12,5929,$0.16,2,61,https://www.zomato.com/pune/restaurants/biryani,Pune,Maharashtra,India,Restaurant
269,civil lines,301000,18,1775,$0.11,4,47,https://www.zomato.com/ncr/civil-lines-social-civil-lines-new-delhi,Unknown,Unknown,Unknown,Unknown
270,city centre mall,246000,18,1775,$0.04,7,45,https://www.zomato.com/raipur/restaurants/in/city-centre-mall-devendra-nagar,Unknown,Unknown,Unknown,Restaurant
271,vasant kunj new delhi,301000,23,1294,$0.09,6,25,https://www.zomato.com/ncr/best-vasant-kunj-restaurants,Unknown,Unknown,Unknown,Restaurant
272,sukhdev dhaba,301000,6,48762,$0.14,1,48,https://www.zomato.com/ncr/amrik-sukhdev-murthal-new-delhi,Unknown,Unknown,Unknown,Unknown
273,greenpark,246000,20,1685,$0.26,5,62,https://www.zomato.com/pune/green-park-baner,Pune,Maharashtra,India,Unknown
274,moti nagar,246000,15,2739,$0.99,4,49,https://www.zomato.com/ncr/moti-nagar-delhi-restaurants,Unknown,Unknown,Unknown,Restaurant
275,madhapur hyderabad,301000,15,3401,$0.14,7,24,https://www.zomato.com/hyderabad/madhapur-restaurants,Hyderabad,Telangana,India,Restaurant
276,kharadi,301000,11,7705,$0.46,6,62,https://www.zomato.com/pune/kharadi-restaurants,Pune,Maharashtra,India,Restaurant
277,vasant vihar new delhi delhi,301000,49,632,$0.11,4,21,https://www.zomato.com/ncr/best-vasant-vihar-restaurants,Unknown,Unknown,Unknown,Restaurant
278,matka chennai,301000,4,19835,$0,1,11,https://www.zomato.com/chennai/itminaan-matka-biryani-slow-cooked-velachery,Chennai,Tamil Nadu,India,Unknown
279,elante mall,246000,12,5929,$0.04,5,49,https://www.zomato.com/chandigarh/restaurants/in/elante-mall-chandigarh-industrial-area,Chandigarh,Chandigarh,India,Restaurant
280,a coffee shop,246000,8,29287,$0.10,1,66,https://www.zomato.com/cafes-near-me,Unknown,Unknown,Unknown,Cafe
281,non vegetarian restaurants near me,246000,5,48762,$0.19,10,38,https://www.zomato.com/restaurants-near-me,Unknown,Unknown,Unknown,Restaurant
282,nexus shantiniketan,246000,8,10173,$0.90,15,52,https://www.zomato.com/bangalore/restaurants/in/nexus-shantiniketan-whitefield,Bangalore,Karnataka,India,Restaurant
283,momo,368000,14,4515,$0.17,1,61,https://www.zomato.com/mumbai/wow-momo-kalyan-thane,Mumbai,Maharashtra,India,Unknown
284,sector 17 chandigarh,301000,22,1294,$0.15,5,44,https://www.zomato.com/chandigarh/sector-17-chandigarh-restaurants,Chandigarh,Chandigarh,India,Restaurant
285,coffee shop,201000,6,48762,$0.65,1,75,https://www.zomato.com/hyderabad/coffee,Hyderabad,Telangana,India,Coffee
286,churchgate mumbai,301000,10,10173,$0.46,3,48,https://www.zomato.com/mumbai/churchgate-restaurants,Mumbai,Maharashtra,India,Restaurant
287,original m,301000,2,91504,$0.37,1,41,https://www.zomato.com/nashik/the-original-m-1-college-road,Unknown,Unknown,Unknown,Unknown
288,jp nagar,301000,12,4515,$0.21,14,52,https://www.zomato.com/bangalore/jp-nagar-restaurants,Bangalore,Karnataka,India,Restaurant
289,ghatkopar,246000,22,1294,$0.30,5,62,https://www.zomato.com/mumbai/ghatkopar-west-restaurants,Mumbai,Maharashtra,India,Restaurant
290,chandigarh sector 15,301000,7,14116,$0.11,5,22,https://www.zomato.com/chandigarh/sector-15-chandigarh-restaurants,Chandigarh,Chandigarh,India,Restaurant
291,amrik sukhdev,301000,5,48762,$0.11,1,47,https://www.zomato.com/ncr/amrik-sukhdev-murthal-new-delhi,Unknown,Unknown,Unknown,Unknown
292,sector 15 chandigarh,301000,7,19835,$0.13,4,28,https://www.zomato.com/chandigarh/sector-15-chandigarh-restaurants,Chandigarh,Chandigarh,India,Restaurant
293,momos,450000,11,10173,$0.18,1,61,https://www.zomato.com/mumbai/restaurants/momos?order-online=1,Mumbai,Maharashtra,India,Restaurant
294,madhapur,301000,12,5929,$0.27,7,63,https://www.zomato.com/hyderabad/madhapur-restaurants,Hyderabad,Telangana,India,Restaurant
295,liquor shop near me,301000,25,722,$0,1,34,https://www.zomato.com/lucknow/beverage-shop,Lucknow,Uttar Pradesh,India,Unknown
296,pitampura india,301000,26,692,$0.15,3,26,https://www.zomato.com/ncr/pitampura-delhi-restaurants,Unknown,Unknown,Unknown,Restaurant
297,peni,301000,12,7705,$0.02,1,24,https://www.zomato.com/kottayam/peni-ice-candy-kottayam-locality/order,Unknown,Unknown,Unknown,Unknown
298,palanpur,301000,35,632,$0,1,60,https://www.zomato.com/palanpur,Unknown,Unknown,Unknown,Unknown
299,navi mumbai cbd belapur,301000,11,10173,$0.13,4,25,https://www.zomato.com/mumbai/cbd-belapur-restaurants,Mumbai,Maharashtra,India,Restaurant
300,kerala quilon,246000,41,632,$0.23,1,37,https://www.zomato.com/kollam/the-quilon-hotel-and-resorts-kollam-locality/order,Unknown,Unknown,Unknown,Hotel
301,las vegas mall shopping,301000,23,1294,$0.44,5,40,https://www.zomato.com/ncr/restaurants/in/vegas-mall-dwarka,Unknown,Unknown,Unknown,Restaurant
302,chennai anna nagar,301000,51,632,$0.27,8,45,https://www.zomato.com/chennai/best-anna-nagar-west-restaurants,Chennai,Tamil Nadu,India,Restaurant
303,subway,368000,11,7705,$0.25,1,61,https://www.zomato.com/ncr/subway-aerocity-new-delhi,Unknown,Unknown,Unknown,Unknown
304,pincode,246000,33,632,$0,1,60,https://www.zomato.com/ncr/pincode-by-kunal-kapur-civil-lines-new-delhi,Unknown,Unknown,Unknown,Unknown
305,coffee coffee shops,246000,6,91504,$0.11,1,23,https://www.zomato.com/cafes-near-me,Unknown,Unknown,Unknown,Cafe
306,mall vegas,301000,9,14116,$0.11,5,59,https://www.zomato.com/ncr/restaurants/in/vegas-mall-dwarka,Unknown,Unknown,Unknown,Restaurant
307,kompally,301000,15,2739,$0.10,6,62,https://www.zomato.com/hyderabad/kompally-restaurants,Hyderabad,Telangana,India,Restaurant
308,kashmiri gate delhi,246000,36,632,$0.11,3,26,https://www.zomato.com/ncr/restaurants/in/kashmere-gate-metro-station-kashmiri-gate,Unknown,Unknown,Unknown,Restaurant
309,madhavaram,246000,19,1057,$0.64,5,62,https://www.zomato.com/chennai/best-madhavaram-restaurants,Chennai,Tamil Nadu,India,Restaurant
310,pahar ganj in delhi,246000,24,811,$0.33,4,25,https://www.zomato.com/ncr/paharganj-delhi-restaurants,Unknown,Unknown,Unknown,Restaurant
311,cyber hub in gurugram,246000,10,8314,$0.05,5,40,https://www.zomato.com/ncr/restaurants/in/cyber-hub-dlf-cyber-city,Unknown,Unknown,Unknown,Restaurant
312,ambience vasant kunj,246000,3,23935,$0.49,4,44,https://www.zomato.com/ncr/restaurants/in/ambience-mall-vasant-kunj,Unknown,Unknown,Unknown,Restaurant
313,pcc,201000,83,516,$0.22,1,61,https://www.zomato.com/ncr/pcc-punjabi-chaap-corner-paschim-vihar-new-delhi/order,Unknown,Unknown,Unknown,Unknown
314,kong kong,390,43,516,$0,1,89,https://www.zomato.com/kolkata/hong-kong-kankurgachi,Kolkata,West Bengal,India,Unknown
315,nerul,246000,15,2238,$0.16,4,62,https://www.zomato.com/mumbai/nerul-restaurants,Mumbai,Maharashtra,India,Restaurant
316,ambattur chennai,246000,23,1057,$0.08,5,22,https://www.zomato.com/chennai/ambattur-restaurants,Chennai,Tamil Nadu,India,Restaurant
317,thodupuzha,246000,53,516,$0,3,61,https://www.zomato.com/thodupuzha,Unknown,Unknown,Unknown,Unknown
318,breakfast meal near me,246000,4,74784,$0.08,10,23,https://www.zomato.com/mumbai/great-breakfasts,Mumbai,Maharashtra,India,Unknown
319,south city mall of kolkata,246000,11,3690,$0.10,6,41,https://www.zomato.com/kolkata/restaurants/in/south-city-mall-princeanwarshahroad,Kolkata,West Bengal,India,Restaurant
320,vijayawada station,246000,83,516,$0,1,48,https://www.zomato.com/order-food-online-in-train,Unknown,Unknown,Unknown,Unknown
321,kritaa nagar,246000,3,74784,$0.17,4,20,https://www.zomato.com/hyderabad/kritaa-nagar-gachibowli,Hyderabad,Telangana,India,Unknown
322,near food restaurant,246000,4,74784,$0.07,15,30,https://www.zomato.com/restaurants-near-me,Unknown,Unknown,Unknown,Restaurant
323,momo wow,246000,11,8314,$0.14,2,38,https://www.zomato.com/kolkata/restaurants/wow-momo,Kolkata,West Bengal,India,Restaurant
324,delhi janakpuri,246000,18,1845,$0.14,5,26,https://www.zomato.com/ncr/janakpuri-delhi-restaurants,Unknown,Unknown,Unknown,Restaurant
325,cyber hub dlf cyber city,246000,6,23935,$0.04,5,39,https://www.zomato.com/ncr/restaurants/in/cyber-hub-dlf-cyber-city,Unknown,Unknown,Unknown,Restaurant
326,breakfast near me,201000,5,74784,$0.36,8,45,https://www.zomato.com/bangalore/great-breakfasts,Bangalore,Karnataka,India,Unknown
327,birthday cakes birthday cakes,301000,13,4846,$0.12,95,23,https://www.zomato.com/bangalore/restaurants/dish-birthday-cake,Bangalore,Karnataka,India,Restaurant
328,wow momo,201000,10,8314,$0.28,3,48,https://www.zomato.com/mumbai/restaurants/wow-momo,Mumbai,Maharashtra,India,Restaurant
329,rambagh palace jaipur india,246000,9,11537,$0.15,12,38,https://www.zomato.com/jaipur/restaurants/in/rambagh-palace-c-scheme,Jaipur,Rajasthan,India,Restaurant
330,bhopal jn,246000,61,516,$0.08,4,19,https://www.zomato.com/order-food-online-in-train,Unknown,Unknown,Unknown,Unknown
331,bardoli gujarat,201000,38,516,$0,1,47,https://www.zomato.com/bardoli,Unknown,Unknown,Unknown,Bar
332,bardoli,201000,12,6297,$0,1,60,https://www.zomato.com/bardoli,Unknown,Unknown,Unknown,Bar
333,the magnolia bakery,246000,7,23935,$0.11,5,40,https://www.zomato.com/bangalore/magnolia-bakery-indiranagar-bangalore,Bangalore,Karnataka,India,Bakery
334,sarita vihar,246000,21,1254,$0.05,5,49,https://www.zomato.com/ncr/sarita-vihar-delhi-restaurants,Unknown,Unknown,Unknown,Restaurant
335,nearby restaurants,246000,2,39852,$0.28,15,52,https://www.zomato.com/restaurants-near-me,Unknown,Unknown,Unknown,Restaurant
336,rambagh hotel jaipur,246000,22,1057,$0.15,12,46,https://www.zomato.com/jaipur/restaurants/in/rambagh-palace-c-scheme,Jaipur,Rajasthan,India,Restaurant
337,punjabi bagh delhi,246000,11,6297,$0.08,5,44,https://www.zomato.com/ncr/punjabi-bagh-delhi-restaurants,Unknown,Unknown,Unknown,Restaurant
338,fnp,246000,11,3690,$0.18,100,91,https://www.zomato.com/hyderabad/fnp-cakes-by-ferns-n-petals-madhapur,Hyderabad,Telangana,India,Unknown
339,hotel rambagh palace jaipur,246000,20,1057,$0.15,12,38,https://www.zomato.com/jaipur/restaurants/in/rambagh-palace-c-scheme,Jaipur,Rajasthan,India,Restaurant
340,hotel fountain,246000,2,74784,$0.48,4,49,https://www.zomato.com/mumbai/hotel-fountain-mira-road,Mumbai,Maharashtra,India,Hotel
341,ambience mall vasant kunj,201000,4,23935,$0.62,8,37,https://www.zomato.com/ncr/restaurants/in/ambience-mall-vasant-kunj,Unknown,Unknown,Unknown,Restaurant
342,ambience mall delhi,246000,7,8314,$0,8,45,https://www.zomato.com/ncr/restaurants/in/ambience-mall-vasant-kunj,Unknown,Unknown,Unknown,Restaurant
343,mojo pizza 2x toppings,246000,8,16211,$0.15,1,21,https://www.zomato.com/bangalore/mojo-pizza-2x-toppings-2-whitefield-bangalore,Bangalore,Karnataka,India,Pizza
344,birthday cake and,246000,23,1057,$0.13,96,43,https://www.zomato.com/bangalore/restaurants/dish-birthday-cake,Bangalore,Karnataka,India,Restaurant
345,pizza hut near me,246000,6,23935,$0.24,7,57,https://www.zomato.com/ncr/restoran/pizza-hut?zone=3&category=2,Unknown,Unknown,Unknown,Pizza
346,thane viviana mall,246000,8,6297,$0.12,5,22,https://www.zomato.com/vi/mumbai/restaurants/in/viviana-mall-thane,Mumbai,Maharashtra,India,Restaurant
347,favourite,246000,28,516,$0,1,60,https://www.zomato.com/chennai/favourite-spot-egatoor/menu,Chennai,Tamil Nadu,India,Unknown
348,birthday and cakes,301000,19,1845,$0.12,95,56,https://www.zomato.com/bangalore/restaurants/dish-birthday-cake,Bangalore,Karnataka,India,Restaurant
349,baklava,246000,27,664,$0.23,90,88,https://www.zomato.com/ncr/restaurants/dish-baklava,Unknown,Unknown,Unknown,Restaurant
350,ambience mall delhi vasant kunj,246000,6,11537,$0.20,7,24,https://www.zomato.com/ncr/restaurants/in/ambience-mall-vasant-kunj,Unknown,Unknown,Unknown,Restaurant
351,restaurant near me bar,246000,4,74784,$0.05,11,25,https://www.zomato.com/bars-near-me,Unknown,Unknown,Unknown,Bar
352,mandi,246000,20,1377,$0,1,60,https://www.zomato.com/bangalore/restaurants/mandi,Bangalore,Karnataka,India,Restaurant
353,krishna nagar,246000,38,516,$0.10,3,20,https://www.zomato.com/ncr/krishna-nagar-delhi-restaurants,Unknown,Unknown,Unknown,Restaurant
354,indian khanna,201000,24,811,$0.13,1,25,https://www.zomato.com/khanna/restaurants/modern-indian/,Unknown,Unknown,Unknown,Restaurant
355,ice cream near me near me,246000,4,74784,$0.06,8,23,https://www.zomato.com/ice-cream-restaurants-near-me,Unknown,Unknown,Unknown,Restaurant
356,9 sector,246000,11,4846,$0.13,5,19,https://www.zomato.com/chandigarh/sector-9-panchkula-restaurants,Chandigarh,Chandigarh,India,Restaurant
357,rambagh palace jaipur rajasthan,246000,30,516,$0.15,12,38,https://www.zomato.com/jaipur/restaurants/in/rambagh-palace-c-scheme,Jaipur,Rajasthan,India,Restaurant
358,paharganj,201000,16,1845,$0.67,6,62,https://www.zomato.com/ncr/paharganj-delhi-restaurants,Unknown,Unknown,Unknown,Restaurant
359,dosa near me,201000,5,39852,$0.20,6,26,https://www.zomato.com/bangalore/delightful-dosas,Bangalore,Karnataka,India,Unknown
360,dosa wala near me,201000,9,11537,$0.21,6,36,https://www.zomato.com/deoria-city/delivery/dish-dosa,Unknown,Unknown,Unknown,Unknown
361,dexter's,246000,4,23935,$0.41,1,72,https://www.zomato.com/bangalore/dexters-hsr-bangalore,Bangalore,Karnataka,India,Unknown
362,station road,246000,31,516,$0.11,3,25,https://www.zomato.com/hyderabad/best-railway-station-road-restaurants,Hyderabad,Telangana,India,Restaurant
363,ice cream near me,201000,4,74784,$0.36,5,36,https://www.zomato.com/ice-cream-restaurants-near-me,Unknown,Unknown,Unknown,Restaurant
364,loni,201000,23,1057,$0,5,62,https://www.zomato.com/ncr/loni-order-online,Unknown,Unknown,Unknown,Unknown
365,bangalore yeshwanthpur,246000,24,811,$0.20,4,49,https://www.zomato.com/bangalore/best-yeshwantpur-restaurants,Bangalore,Karnataka,India,Restaurant
366,restaurant with bar near me,246000,5,74784,$0.06,18,23,https://www.zomato.com/bars-near-me,Unknown,Unknown,Unknown,Bar
367,ram bagh palace,201000,10,6297,$0.09,19,48,https://www.zomato.com/jaipur/restaurants/in/rambagh-palace-c-scheme,Jaipur,Rajasthan,India,Restaurant
368,beer shop near me,246000,8,11537,$0,1,34,https://www.zomato.com/rajkot/beer-n-bites-kotecha-nagar,Unknown,Unknown,Unknown,Unknown
369,ambattur,201000,24,811,$0.22,7,63,https://www.zomato.com/chennai/ambattur-restaurants,Chennai,Tamil Nadu,India,Restaurant
370,kirti nagar,246000,15,3690,$0.08,10,51,https://www.zomato.com/ncr/kirti-nagar-delhi-restaurants,Unknown,Unknown,Unknown,Restaurant
371,cyber hub,246000,2,39852,$0,6,49,https://www.zomato.com/ncr/restaurants/in/cyber-hub-dlf-cyber-city,Unknown,Unknown,Unknown,Restaurant
372,hk hongkong,246000,26,590,$1.56,1,71,https://www.zomato.com/bangalore/hong-kong-kitchen-banashankari-bangalore,Bangalore,Karnataka,India,Unknown
373,viviana mall thane,301000,9,4846,$0.12,6,20,https://www.zomato.com/mumbai/restaurants/in/viviana-mall-thane,Mumbai,Maharashtra,India,Restaurant
374,r city,246000,7,8314,$0.23,7,41,https://www.zomato.com/mumbai/restaurants/in/r-city-mall-ghatkopar-west,Mumbai,Maharashtra,India,Restaurant
375,bar and restaurant near me,246000,4,74784,$0.31,12,38,https://www.zomato.com/bars-near-me,Unknown,Unknown,Unknown,Bar
376,temperature lucknow,201000,14,1845,$0,1,33,https://www.zomato.com/lucknow/101-temperature-lounge-mahanagar?amp=1,Lucknow,Uttar Pradesh,India,Unknown
377,near restaurant,246000,4,74784,$0.14,13,51,https://www.zomato.com/restaurants-near-me,Unknown,Unknown,Unknown,Restaurant
378,smiles,246000,34,516,$0.73,1,60,https://www.zomato.com/ncr/spread-smiles-cake-series-shahdara-new-delhi,Unknown,Unknown,Unknown,Unknown
379,chicken shop near to me,201000,10,6793,$0.20,10,41,https://www.zomato.com/bhopal/restaurants/roast-chicken?all=1&sort=best,Unknown,Unknown,Unknown,Restaurant
380,block 2,201000,3,61104,$0.16,3,19,https://www.zomato.com/bangalore/block-two-coffee-jayanagar-bangalore,Bangalore,Karnataka,India,Coffee
381,belgian waffle,201000,8,13245,$0.16,1,48,https://www.zomato.com/mumbai/the-belgian-waffle-co-chowpatty,Mumbai,Maharashtra,India,Unknown
382,sector 22 in chandigarh,201000,8,6793,$0.12,5,22,https://www.zomato.com/chandigarh/sector-22-chandigarh-restaurants,Chandigarh,Chandigarh,India,Restaurant
383,indian coffee house,201000,6,32562,$0,3,43,https://www.zomato.com/hi/bhopal/indian-coffee-house-hoshangabad-road,Unknown,Unknown,Unknown,Coffee
384,hyderabad banjara hills,201000,17,1185,$0.14,5,30,https://www.zomato.com/hyderabad/banjara-hills-restaurants,Hyderabad,Telangana,India,Restaurant
385,defence colony,201000,9,9426,$0.15,4,49,https://www.zomato.com/ncr/restaurants/in/defence-colony-main-market-defence-colony,Unknown,Unknown,Unknown,Restaurant
386,beer,201000,51,422,$0,1,60,https://www.zomato.com/kolkata/microbreweries,Kolkata,West Bengal,India,Unknown
387,cafe niloufer,201000,7,19557,$0.02,3,48,https://www.zomato.com/hyderabad/cafe-niloufer-1-lakdikapul,Hyderabad,Telangana,India,Cafe
388,mtr,201000,10,6793,$0.35,3,61,https://www.zomato.com/bangalore/mtr-since-1924-indiranagar-bangalore,Bangalore,Karnataka,India,Unknown
389,pubs near me,246000,4,61104,$0.21,10,46,https://www.zomato.com/bangalore/best-bars-and-pubs,Bangalore,Karnataka,India,Bar
390,pub near me,246000,7,19557,$0.21,10,46,https://www.zomato.com/bangalore/best-bars-and-pubs,Bangalore,Karnataka,India,Bar
391,oia bangalore,201000,3,61104,$0.33,9,50,https://www.zomato.com/bangalore/oia-3-hennur-bangalore,Bangalore,Karnataka,India,Unknown
392,bento cakes,165000,10,9426,$0.24,84,73,https://www.zomato.com/ncr/bento-cakes-noida-1-sector-53-noida/order,Unknown,Unknown,Unknown,Unknown
393,ashok vihar,201000,18,1185,$0.21,4,49,https://www.zomato.com/ncr/ashok-vihar-phase-1-delhi-restaurants,Unknown,Unknown,Unknown,Restaurant
394,burgers,201000,12,3959,$0.14,1,61,https://www.zomato.com/pune/restaurants/burger,Pune,Maharashtra,India,Restaurant
395,waffle belgian,201000,9,6793,$0.14,1,53,https://www.zomato.com/mumbai/the-belgian-waffle-co-chowpatty,Mumbai,Maharashtra,India,Unknown
396,sector 8,201000,2,61104,$0,9,50,https://www.zomato.com/chandigarh/sector-8-chandigarh-restaurants,Chandigarh,Chandigarh,India,Restaurant
397,royal meenakshi mall bangalore,201000,7,6793,$0.12,6,27,https://www.zomato.com/bangalore/restaurants/in/royal-meenakshi-mall-bannerghatta-road,Bangalore,Karnataka,India,Restaurant
398,world trade park jaipur,201000,15,1829,$0,6,36,https://www.zomato.com/jaipur/restaurants/in/world-trade-park-malviya-nagar,Jaipur,Rajasthan,India,Restaurant
399,wine,246000,98,422,$0,1,60,https://www.zomato.com/ncr/wine-cheese,Unknown,Unknown,Unknown,Unknown
400,ulhasnagar india,201000,44,422,$0.09,3,22,https://www.zomato.com/mumbai/ulhasnagar-restaurants/south-indian,Mumbai,Maharashtra,India,Restaurant
401,chicken shop near me,165000,10,6793,$0.40,12,38,https://www.zomato.com/ncr/aahar-meat-chicken-shop-saket-new-delhi,Unknown,Unknown,Unknown,Unknown
402,bento cake,201000,9,6793,$0.18,92,75,https://www.zomato.com/ncr/bento-cakes-noida-1-sector-53-noida/order,Unknown,Unknown,Unknown,Unknown
403,sector 23 gurgaon,201000,11,3015,$0.29,8,45,https://www.zomato.com/ncr/sector-23-gurgaon-gurugram-restaurants,Unknown,Unknown,Unknown,Restaurant
404,popeyes near me,165000,6,19557,$0.38,7,45,https://www.zomato.com/ncr/restaurants/popeyes?category=2,Unknown,Unknown,Unknown,Restaurant
405,near subway near me,201000,7,19557,$0.12,1,21,https://www.zomato.com/indore/restaurants/subway?landmark_id=568&category=2,Indore,Madhya Pradesh,India,Restaurant
406,forum south bengaluru,165000,7,6793,$0.16,13,23,https://www.zomato.com/bangalore/restaurants/in/forum-south-bengaluru-mall,Bangalore,Karnataka,India,Restaurant
407,momos near me,165000,6,32562,$0.17,4,55,https://www.zomato.com/momos-restaurants-near-me,Unknown,Unknown,Unknown,Restaurant
408,jio world drive,201000,5,13245,$0.60,6,44,https://www.zomato.com/vi/mumbai/restaurants/in/jio-world-drive-bandra-kurla-complex,Mumbai,Maharashtra,India,Restaurant
409,sector 59,165000,14,3015,$0.12,6,36,https://www.zomato.com/ncr/sector-59-noida-restaurants,Unknown,Unknown,Unknown,Restaurant
410,railway station vadodara,201000,87,422,$0.15,6,21,https://www.zomato.com/order-food-online-in-train,Unknown,Unknown,Unknown,Unknown
411,coffee house india,201000,7,13245,$0.26,3,49,https://www.zomato.com/ncr/indian-coffee-house-connaught-place-new-delhi,Unknown,Unknown,Unknown,Coffee
412,wtp park,201000,32,422,$0.03,1,28,https://www.zomato.com/jaipur/restaurants/in/world-trade-park-malviya-nagar,Jaipur,Rajasthan,India,Restaurant
413,world trade park mall jaipur,201000,17,1125,$0.08,2,22,https://www.zomato.com/jaipur/restaurants/in/world-trade-park-malviya-nagar,Jaipur,Rajasthan,India,Restaurant
414,world trade park jaipur rajasthan,201000,18,1025,$0.03,1,23,https://www.zomato.com/jaipur/restaurants/in/world-trade-park-malviya-nagar,Jaipur,Rajasthan,India,Restaurant
415,wine near me,201000,4,61104,$0,1,42,https://www.zomato.com/hyderabad/restaurants/dish-wine,Hyderabad,Telangana,India,Restaurant
416,eggs,201000,54,422,$0.16,52,76,https://www.zomato.com/ahmedabad/indian-eggs-item-1-isanpur,Ahmedabad,Gujarat,India,Unknown
417,cm,201000,10,3959,$0.28,1,61,https://www.zomato.com/jaipur/c-m-pack-carry-malviya-nagar,Jaipur,Rajasthan,India,Unknown
418,momo near me,165000,5,61104,$0.18,4,44,https://www.zomato.com/mumbai/restaurants/momos,Mumbai,Maharashtra,India,Restaurant
419,royal meenakshi mall,201000,4,19557,$0.25,6,44,https://www.zomato.com/bangalore/restaurants/in/royal-meenakshi-mall-bannerghatta-road,Bangalore,Karnataka,India,Restaurant
420,pubs bars near me,201000,4,61104,$0.06,7,22,https://www.zomato.com/ncr/best-bars-and-pubs,Unknown,Unknown,Unknown,Bar
421,place,201000,18,1185,$0.80,1,67,https://www.zomato.com/ncr/amritsari-food-express-1-nehru-place-new-delhi,Unknown,Unknown,Unknown,Unknown
422,paschim vihar delhi,201000,28,462,$0.18,9,45,https://www.zomato.com/ncr/best-paschim-vihar-restaurants,Unknown,Unknown,Unknown,Restaurant
423,sunny,246000,14,2271,$0.14,1,60,https://www.zomato.com/bangalore/sunnys-1-lavelle-road,Bangalore,Karnataka,India,Unknown
424,sector 29 gurugram,201000,5,32562,$0.20,9,28,https://www.zomato.com/ncr/sector-29-gurgaon-gurugram-restaurants,Unknown,Unknown,Unknown,Restaurant
425,borivali station west,165000,22,542,$0,12,46,https://www.zomato.com/mumbai/subway-borivali-west,Mumbai,Maharashtra,India,Unknown
426,nearest subway from me,201000,4,32562,$0.06,1,20,https://www.zomato.com/ncr/restaurants/subway-1?landmark_id=73&category=2,Unknown,Unknown,Unknown,Restaurant
427,ulhasnagar,165000,30,422,$0,5,62,https://www.zomato.com/mumbai/ulhasnagar-restaurants,Mumbai,Maharashtra,India,Restaurant
428,sector 14 gurgaon,201000,13,3959,$0.23,9,45,https://www.zomato.com/ncr/sector-14-gurgaon-gurugram-restaurants,Unknown,Unknown,Unknown,Restaurant
429,sec29 gurgaon,201000,4,32562,$0.13,4,20,https://www.zomato.com/ncr/sector-29-gurgaon-gurugram-restaurants,Unknown,Unknown,Unknown,Restaurant
430,sweets,246000,7,19557,$0.09,27,67,https://www.zomato.com/bangalore/sweet-shop,Bangalore,Karnataka,India,Sweet Shop
431,subway near me,201000,10,6793,$0.54,1,43,https://www.zomato.com/lucknow/restaurants/subway?category=2,Lucknow,Uttar Pradesh,India,Restaurant
432,kodungallur,201000,32,422,$0.74,1,60,https://www.zomato.com/kodungallur,Unknown,Unknown,Unknown,Unknown
433,kalyan nagar,201000,7,9426,$0.39,7,50,https://www.zomato.com/bangalore/kalyan-nagar-restaurants,Bangalore,Karnataka,India,Restaurant
434,near me wine,201000,9,9426,$0,1,13,https://www.zomato.com/ncr/restaurace/dish-wine,Unknown,Unknown,Unknown,Unknown
435,dadar shivaji park,165000,22,864,$0.29,9,45,https://www.zomato.com/mumbai/the-park-club-ltd-dadar-shivaji-park,Mumbai,Maharashtra,India,Unknown
436,bakingo,201000,8,13245,$0.44,98,90,https://www.zomato.com/mumbai/bakingo-cakes-and-desserts-marol,Mumbai,Maharashtra,India,Dessert
437,world trade mall jaipur,201000,16,1185,$0,2,35,https://www.zomato.com/jaipur/restaurants/in/world-trade-park-malviya-nagar,Jaipur,Rajasthan,India,Restaurant
438,wines near me,201000,7,13245,$0,1,42,https://www.zomato.com/hyderabad/restaurants/dish-wine,Hyderabad,Telangana,India,Restaurant
439,railway station in vadodara,165000,76,422,$0,9,37,https://www.zomato.com/order-food-online-in-train,Unknown,Unknown,Unknown,Unknown
440,nearby wine shop,201000,17,1185,$0,1,42,https://www.zomato.com/kolkata/restaurants/dish-wine,Kolkata,West Bengal,India,Restaurant
441,belgium waffle,165000,7,19557,$0.19,1,48,https://www.zomato.com/mumbai/the-belgian-waffle-co-chowpatty,Mumbai,Maharashtra,India,Unknown
442,sector 29,201000,5,32562,$0.23,4,49,https://www.zomato.com/ncr/sector-29-gurgaon-gurugram-restaurants,Unknown,Unknown,Unknown,Restaurant
443,nagpur junction railway station,201000,85,422,$0,3,35,https://www.zomato.com/order-food-online-in-train,Unknown,Unknown,Unknown,Unknown
444,modi nagar,201000,96,422,$0,1,48,https://www.zomato.com/modinagar,Unknown,Unknown,Unknown,Unknown
445,dera bassi mohali,201000,60,422,$0.15,5,19,https://www.zomato.com/chandigarh/shama-dhaba-phase-5-mohali,Chandigarh,Chandigarh,India,Unknown
446,tiffin service near me,201000,7,13245,$0.07,9,37,https://www.zomato.com/ncr/home-food-tiffin-services-pitampura-new-delhi,Unknown,Unknown,Unknown,Unknown
447,w t p jaipur,201000,15,1829,$0.03,3,24,https://www.zomato.com/jaipur/restaurants/in/world-trade-park-malviya-nagar,Jaipur,Rajasthan,India,Restaurant
448,kailash parbat,246000,8,13245,$0.15,1,48,https://www.zomato.com/mumbai/kailash-parbat-colaba,Mumbai,Maharashtra,India,Unknown
449,ramamurthy nagar,201000,28,462,$0.14,9,50,https://www.zomato.com/bangalore/rammurthy-nagar-restaurants,Bangalore,Karnataka,India,Restaurant
450,pubs close to me,201000,6,32562,$0.09,11,38,https://www.zomato.com/bars-near-me,Unknown,Unknown,Unknown,Bar
451,wtp jaipur,201000,17,1185,$0,2,48,https://www.zomato.com/jaipur/restaurants/in/world-trade-park-malviya-nagar,Jaipur,Rajasthan,India,Restaurant
452,wtc jaipur,201000,27,422,$0.03,1,20,https://www.zomato.com/jaipur/restaurants/in/world-trade-park-malviya-nagar,Jaipur,Rajasthan,India,Restaurant
453,pk in mumbai,201000,5,13245,$0,1,24,https://www.zomato.com/mumbai/pk-fast-food-mahakali,Mumbai,Maharashtra,India,Fast Food
454,sector 22 chandigarh,201000,12,3959,$0.16,4,28,https://www.zomato.com/chandigarh/sector-22-chandigarh-restaurants,Chandigarh,Chandigarh,India,Restaurant
455,sector 22,201000,6,19557,$0.26,4,49,https://www.zomato.com/chandigarh/sector-22-chandigarh-restaurants,Chandigarh,Chandigarh,India,Restaurant
456,fort aguada candolim goa,201000,21,1025,$0.16,7,36,https://www.zomato.com/goa/restaurants/in/taj-fort-aguada-resort-spa-candolim,Goa,Goa,India,Restaurant
457,bar and pub near me,165000,4,61104,$0.07,4,23,https://www.zomato.com/bars-near-me,Unknown,Unknown,Unknown,Bar
458,dera bassi,201000,86,422,$0,5,49,https://www.zomato.com/chandigarh/dera-bassi-restaurants/dhaba,Chandigarh,Chandigarh,India,Restaurant
459,e booking train,201000,78,422,$0.04,47,86,https://www.zomato.com/order-food-online-in-train,Unknown,Unknown,Unknown,Unknown
460,south indian restaurants near me,201000,4,61104,$0.16,9,37,https://www.zomato.com/ncr/restaurants/south-indian,Unknown,Unknown,Unknown,Restaurant
461,south indian food restaurants near me,201000,4,61104,$0.14,9,22,https://www.zomato.com/pune/restaurants/south-indian,Pune,Maharashtra,India,Restaurant
462,meenakshi mall,201000,4,19557,$0.23,7,50,https://www.zomato.com/bangalore/restaurants/in/royal-meenakshi-mall-bannerghatta-road,Bangalore,Karnataka,India,Restaurant
463,ramamurthy nagar bangalore,201000,37,422,$0.13,6,28,https://www.zomato.com/bangalore/rammurthy-nagar-restaurants,Bangalore,Karnataka,India,Restaurant
464,near me subway restaurant,201000,2,32562,$0.06,1,21,https://www.zomato.com/ncr/subway-aerocity-new-delhi,Unknown,Unknown,Unknown,Unknown
465,burger,201000,6,32562,$0.17,2,61,https://www.zomato.com/ncr/restaurants/burger,Unknown,Unknown,Unknown,Restaurant
466,gurgaon 29 sector,201000,5,32562,$0.13,4,20,https://www.zomato.com/ncr/sector-29-gurgaon-gurugram-restaurants,Unknown,Unknown,Unknown,Restaurant
467,sector 14,201000,15,1829,$0.18,4,49,https://www.zomato.com/ncr/sector-14-gurgaon-gurugram-restaurants,Unknown,Unknown,Unknown,Restaurant
468,miraj,201000,30,422,$0.01,1,61,https://www.zomato.com/bangalore/mirage-st-marks-road-bangalore,Bangalore,Karnataka,India,Unknown
469,gurgaon sector 14,201000,16,1507,$0.23,9,45,https://www.zomato.com/ncr/sector-14-gurgaon-gurugram-restaurants,Unknown,Unknown,Unknown,Restaurant
470,bars and pubs near me,165000,4,61104,$0.15,5,36,https://www.zomato.com/ncr/best-bars-and-pubs,Unknown,Unknown,Unknown,Bar
471,world trade park mall,201000,15,1507,$0,2,35,https://www.zomato.com/jaipur/restaurants/in/world-trade-park-malviya-nagar,Jaipur,Rajasthan,India,Restaurant
472,sector 23 in gurgaon,201000,14,1829,$0.14,4,24,https://www.zomato.com/ncr/sector-23-gurgaon-gurugram-restaurants,Unknown,Unknown,Unknown,Restaurant
473,mandi near me,165000,2,61104,$0.26,5,44,https://www.zomato.com/mandi-restaurants-near-me,Unknown,Unknown,Unknown,Restaurant
474,7th star,201000,16,1185,$0,1,28,https://www.zomato.com/bangalore/7-star-multi-cuisine-restaurant-2-hebbal-bangalore,Bangalore,Karnataka,India,Restaurant
475,taj lands end mumbai,165000,9,4224,$0.38,31,39,https://www.zomato.com/mumbai/restaurants/in/taj-lands-end-bandra,Mumbai,Maharashtra,India,Restaurant
476,sector 76 noida,165000,11,5577,$0.37,6,44,https://www.zomato.com/ncr/sector-76-restaurants,Unknown,Unknown,Unknown,Restaurant
477,mumbai sahara star,165000,18,924,$0.35,28,28,https://www.zomato.com/mumbai/restaurants/in/sahara-star-vile-parle-east,Mumbai,Maharashtra,India,Restaurant
478,monte carlo,201000,69,346,$0.12,18,53,https://www.zomato.com/mumbai/monte-carlo-grant-road,Mumbai,Maharashtra,India,Unknown
479,guduvancheri,165000,56,346,$0,5,62,https://www.zomato.com/chennai/guduvanchery-restaurants,Chennai,Tamil Nadu,India,Restaurant
480,lower parel,165000,7,16054,$0.18,10,51,https://www.zomato.com/mumbai/lower-parel-restaurants,Mumbai,Maharashtra,India,Restaurant
481,heights,135000,15,1864,$0,1,60,https://www.zomato.com/chennai/heights-rooftop-restaurant-guindy,Chennai,Tamil Nadu,India,Restaurant
482,hadapsar in pune,165000,43,346,$0.07,5,21,https://www.zomato.com/pune/hadapsar-restaurants,Pune,Maharashtra,India,Restaurant
483,garuda mall bangalore,135000,11,3250,$0.09,12,23,https://www.zomato.com/bangalore/restaurants/in/garuda-mall-magrath-road,Bangalore,Karnataka,India,Restaurant
484,eateries near me,165000,4,50160,$0.30,14,47,https://www.zomato.com/restaurants-near-me,Unknown,Unknown,Unknown,Restaurant
485,veg restaurant in near me,135000,5,26730,$0.05,5,38,https://www.zomato.com/patna/best-restaurants?veg=1,Patna,Bihar,India,Restaurant
486,sr nagar hyderabad,165000,23,544,$0.11,5,28,https://www.zomato.com/hyderabad/sr-nagar-restaurants,Hyderabad,Telangana,India,Restaurant
487,sector 36 chandigarh,165000,12,4224,$0.11,1,19,https://www.zomato.com/chandigarh/best-sector-36-chandigarh-restaurants,Chandigarh,Chandigarh,India,Restaurant
488,taj bandra lands end,165000,10,3250,$0.36,28,40,https://www.zomato.com/mumbai/restaurants/in/taj-lands-end-bandra,Mumbai,Maharashtra,India,Restaurant
489,mumbai lower parel,165000,16,1501,$0.12,5,20,https://www.zomato.com/mumbai/lower-parel-restaurants,Mumbai,Maharashtra,India,Restaurant
490,mexi,135000,7,7738,$0.92,1,23,https://www.zomato.com/chennai/mexi-co-anna-nagar-west,Chennai,Tamil Nadu,India,Unknown
491,mehrauli,165000,18,1237,$0.25,7,63,https://www.zomato.com/ncr/mehrauli-delhi-restaurants,Unknown,Unknown,Unknown,Restaurant
492,nungambakkam chennai,165000,17,1237,$0.17,7,23,https://www.zomato.com/chennai/nungambakkam-restaurants,Chennai,Tamil Nadu,India,Restaurant
493,shadab hyderabad,165000,3,50160,$0.06,2,35,https://www.zomato.com/hyderabad/hotel-shadab-ghansi-bazaar,Hyderabad,Telangana,India,Hotel
494,shadab hotel restaurant,165000,5,26730,$0.06,2,26,https://www.zomato.com/hyderabad/hotel-shadab-ghansi-bazaar,Hyderabad,Telangana,India,Hotel
495,food places near me to eat,165000,4,50160,$0.07,15,23,https://www.zomato.com/ncr/restaurants,Unknown,Unknown,Unknown,Restaurant
496,food near to me,165000,4,50160,$0.07,15,30,https://www.zomato.com/restaurants-near-me,Unknown,Unknown,Unknown,Restaurant
497,elements mall,135000,8,4224,$0.02,10,51,https://www.zomato.com/bangalore/restaurants/in/elements-mall-nagawara,Bangalore,Karnataka,India,Restaurant
498,eating spots near me,165000,5,50160,$0.07,15,28,https://www.zomato.com/restaurants-near-me,Unknown,Unknown,Unknown,Restaurant
499,aundh,135000,9,5577,$0.37,7,63,https://www.zomato.com/pune/aundh-restaurants,Pune,Maharashtra,India,Restaurant
500,small's,165000,17,709,$0.08,1,35,https://www.zomato.com/hyderabad/small-plates-bakers-gachibowli,Hyderabad,Telangana,India,Unknown
501,vegan eateries near me,135000,11,5577,$0.05,5,37,https://www.zomato.com/dehradun/world-vegan-day,Dehradun,Uttarakhand,India,Unknown
502,taj end lands mumbai,165000,55,346,$0.41,28,43,https://www.zomato.com/mumbai/vista-taj-lands-end-bandstand-bandra-west,Mumbai,Maharashtra,India,Unknown
503,near me food places,165000,4,50160,$0.07,13,28,https://www.zomato.com/restaurants-near-me,Unknown,Unknown,Unknown,Restaurant
504,hotel taj lands end,165000,11,2475,$0.36,30,35,https://www.zomato.com/mumbai/restaurants/in/taj-lands-end-bandra,Mumbai,Maharashtra,India,Restaurant
505,food choice near me,165000,2,50160,$0.07,15,24,https://www.zomato.com/ncr/restaurants,Unknown,Unknown,Unknown,Restaurant
506,eatery close to me,165000,4,50160,$0.06,16,26,https://www.zomato.com/restaurants-near-me,Unknown,Unknown,Unknown,Restaurant
507,eat point near me,165000,5,50160,$0.06,16,37,https://www.zomato.com/restaurants-near-me,Unknown,Unknown,Unknown,Restaurant
508,acropolis mall,165000,10,4224,$0.39,4,49,https://www.zomato.com/kolkata/restaurants/in/acropolis-mall-kasba,Kolkata,West Bengal,India,Restaurant
509,theobroma,201000,7,16054,$0.39,26,68,https://www.zomato.com/mumbai/theobroma-colaba,Mumbai,Maharashtra,India,Unknown
510,nearby restaurants near me,165000,4,50160,$0.24,16,39,https://www.zomato.com/restaurants-near-me,Unknown,Unknown,Unknown,Restaurant
511,eating area near me,165000,4,50160,$0.06,16,24,https://www.zomato.com/restaurants-near-me,Unknown,Unknown,Unknown,Restaurant
512,chinese,165000,17,1864,$0.82,1,60,https://www.zomato.com/mumbai/restaurants/chinese,Mumbai,Maharashtra,India,Restaurant
513,bro code,110000,15,1864,$0,1,47,https://www.zomato.com/ncr/the-bro-code-co-rajinder-nagar-new-delhi,Unknown,Unknown,Unknown,Unknown
514,ikea hyderabad,165000,12,1864,$1.17,56,65,https://www.zomato.com/hyderabad/ikea-hitech-city,Hyderabad,Telangana,India,Unknown
515,how m a,165000,19,709,$0,1,29,https://www.zomato.com/kolkata/o-ma-me-homemade-meals-by-maa-kalighat,Kolkata,West Bengal,India,Unknown
516,haveli,201000,19,1237,$0.23,2,22,https://www.zomato.com/ncr/haveli-dharampura-chandni-chowk-new-delhi,Unknown,Unknown,Unknown,Unknown
517,foodie shawarma,165000,6,16054,$0.28,1,26,https://www.zomato.com/chennai/foodie-shawarma-fast-food-ambattur/reviews?amp=1,Chennai,Tamil Nadu,India,Fast Food
518,food and drink places near me,165000,4,50160,$0.06,16,21,https://www.zomato.com/restaurants-near-me,Unknown,Unknown,Unknown,Restaurant
519,vegan restaurants in near me,135000,8,10873,$0.05,5,36,https://www.zomato.com/dehradun/world-vegan-day,Dehradun,Uttarakhand,India,Unknown
520,taj lands end bandra,165000,7,7738,$0.22,24,42,https://www.zomato.com/mumbai/restaurants/in/taj-lands-end-bandra,Mumbai,Maharashtra,India,Restaurant
521,seasons mall,135000,9,3250,$0,12,51,https://www.zomato.com/pune/restaurants/in/seasons-mall-magarpatta,Pune,Maharashtra,India,Restaurant
522,sangam cinemas,165000,9,2475,$0.07,5,49,https://www.zomato.com/chennai/sangam-cinemas-1-kilpauk,Chennai,Tamil Nadu,India,Unknown
523,sand which,165000,12,3250,$0.29,1,22,https://www.zomato.com/bangalore/bombay-sandwhich-co-koramangala-7th-block-bangalore/order,Bangalore,Karnataka,India,Unknown
524,restaurant near me vegetarian,135000,4,50160,$0.37,5,36,https://www.zomato.com/restaurants-near-me,Unknown,Unknown,Unknown,Restaurant
525,partnership with zomato,165000,1,50160,$0.49,1,32,https://www.zomato.com/partner-with-us/new/,Unknown,Unknown,Unknown,Unknown
526,chandkheda,165000,10,4224,$0.15,6,62,https://www.zomato.com/ahmedabad/chandkheda-restaurants,Ahmedabad,Gujarat,India,Restaurant
527,sector 20,165000,9,5577,$0.39,8,50,https://www.zomato.com/chandigarh/best-sector-20-panchkula-restaurants,Chandigarh,Chandigarh,India,Restaurant
528,garuda mall,165000,12,2475,$0.02,7,50,https://www.zomato.com/bangalore/restaurants/in/garuda-mall-magrath-road?desserts-bakes=1,Bangalore,Karnataka,India,Restaurant
529,food in near me,165000,4,50160,$0.07,13,27,https://www.zomato.com/restaurants-near-me,Unknown,Unknown,Unknown,Restaurant
530,dine spot near me,165000,2,50160,$0.06,16,24,https://www.zomato.com/restaurants-near-me,Unknown,Unknown,Unknown,Restaurant
531,partner with zomato,135000,1,50160,$0.35,1,42,https://www.zomato.com/partner-with-us/new/,Unknown,Unknown,Unknown,Unknown
532,okhla,165000,16,1237,$0,8,63,https://www.zomato.com/ncr/okhla-phase-1-delhi-restaurants,Unknown,Unknown,Unknown,Restaurant
533,magic moments,201000,16,1501,$0.54,1,47,https://www.zomato.com/kolkata/restaurants/dish-magic-moments-vodka,Kolkata,West Bengal,India,Restaurant
534,biryani shop near me,135000,4,50160,$0.19,5,36,https://www.zomato.com/biryani-restaurants-near-me,Unknown,Unknown,Unknown,Restaurant
535,cafe niloufer hitech city,0,3,50160,$0,1,4,https://www.zomato.com/hyderabad/cafe-niloufer-hitech-city,Hyderabad,Telangana,India,Cafe
536,zomato partnership,165000,1,50160,$0.42,1,30,https://www.zomato.com/partner-with-us/new/,Unknown,Unknown,Unknown,Unknown
537,rt nagar bangalore,165000,35,346,$0.15,6,24,https://www.zomato.com/bangalore/rt-nagar-restaurants,Bangalore,Karnataka,India,Restaurant
538,s r nagar,165000,28,363,$0.11,6,26,https://www.zomato.com/hyderabad/sr-nagar-restaurants,Hyderabad,Telangana,India,Restaurant
539,kingfisher beer,165000,18,841,$0,1,47,https://www.zomato.com/bangalore/restaurants/dish-kingfisher-beer,Bangalore,Karnataka,India,Restaurant
540,kp pune,165000,2,50160,$0.23,12,51,https://www.zomato.com/pune/drinks-and-nightlife-in-koregaon-park,Pune,Maharashtra,India,Unknown
541,element mall bangalore,165000,7,5577,$0.18,6,22,https://www.zomato.com/bangalore/restaurants/in/elements-mall-nagawara,Bangalore,Karnataka,India,Restaurant
542,ghitorni,165000,11,3250,$0,5,62,https://www.zomato.com/ncr/mg-road-delhi-delhi-restaurants?delivery_subzone=10950,Unknown,Unknown,Unknown,Restaurant
543,ba ba,165000,15,2475,$0.71,1,30,https://www.zomato.com/pune/ba-ba-reeba-sangamvadi,Pune,Maharashtra,India,Unknown
544,nearest restaurant near me,135000,4,50160,$0.32,16,39,https://www.zomato.com/restaurants-near-me,Unknown,Unknown,Unknown,Restaurant
545,vegan restaurants near me,135000,7,10873,$0.17,5,36,https://www.zomato.com/mumbai/world-vegan-day,Mumbai,Maharashtra,India,Unknown
546,spencer plaza mall chennai,135000,20,709,$0.17,6,24,https://www.zomato.com/chennai/restaurants/in/spencer-plaza-mall-anna-salai,Chennai,Tamil Nadu,India,Restaurant
547,taj end bandra,165000,4,16054,$0.38,31,38,https://www.zomato.com/mumbai/restaurants/in/taj-lands-end-bandra,Mumbai,Maharashtra,India,Restaurant
548,koregaon park,165000,4,26730,$0.25,7,50,https://www.zomato.com/pune/drinks-and-nightlife-in-koregaon-park,Pune,Maharashtra,India,Unknown
549,hotels to eat near me,165000,4,50160,$0.07,15,31,https://www.zomato.com/restaurants-near-me,Unknown,Unknown,Unknown,Restaurant
550,hiranandani thane estate,165000,12,4224,$1.67,8,19,https://www.zomato.com/mumbai/hiranandani-estate-thane-west-restaurants,Mumbai,Maharashtra,India,Restaurant
551,zomato partnerships,135000,1,50160,$0.44,1,31,https://www.zomato.com/partners,Unknown,Unknown,Unknown,Unknown
552,pista house,135000,9,10873,$0.24,2,48,https://www.zomato.com/hyderabad/restaurants/pista-house,Hyderabad,Telangana,India,Restaurant
553,hiranandani estate thane,165000,7,10873,$1.87,8,18,https://www.zomato.com/mumbai/hiranandani-estate-thane-west-restaurants,Mumbai,Maharashtra,India,Restaurant
554,majiwada,165000,8,5577,$0.30,6,62,https://www.zomato.com/mumbai/best-majiwada-thane-west-restaurants,Mumbai,Maharashtra,India,Restaurant
555,kingfisher,165000,31,363,$9.32,1,60,https://www.zomato.com/kolkata/restaurants/dish-kingfisher-beer,Kolkata,West Bengal,India,Restaurant
556,esplanade,135000,5,10873,$0.29,5,62,https://www.zomato.com/bangalore/esplanade-indiranagar,Bangalore,Karnataka,India,Unknown
557,elements mall bangalore,135000,8,4224,$0,12,46,https://www.zomato.com/bangalore/restaurants/in/elements-mall-nagawara,Bangalore,Karnataka,India,Restaurant
558,clock tower,165000,10,7738,$0.24,4,49,https://www.zomato.com/ncr/clock-tower-golf-course-road,Unknown,Unknown,Unknown,Unknown
559,tea post,165000,6,10873,$0.14,2,22,https://www.zomato.com/mumbai/restaurace/tea-post?landmark_id=417&category=2,Mumbai,Maharashtra,India,Unknown
560,sahara star hotel mumbai,165000,27,379,$0.26,31,44,https://www.zomato.com/mumbai/restaurants/in/sahara-star-vile-parle-east,Mumbai,Maharashtra,India,Restaurant
561,vaishali jaipur,165000,21,709,$0.12,6,22,https://www.zomato.com/jaipur/vaishali-nagar-restaurants,Jaipur,Rajasthan,India,Restaurant
562,hadapsar pune,110000,55,346,$0.16,11,51,https://www.zomato.com/pune/hadapsar-restaurants,Pune,Maharashtra,India,Restaurant
563,kp in pune,165000,5,16054,$0.17,5,23,https://www.zomato.com/pune/drinks-and-nightlife-in-koregaon-park,Pune,Maharashtra,India,Unknown
564,kokapet,165000,13,4224,$0.30,7,63,https://www.zomato.com/hyderabad/kokapet-restaurants,Hyderabad,Telangana,India,Restaurant
565,non veg hotel near me,165000,6,16054,$0.21,9,37,https://www.zomato.com/restaurants-near-me,Unknown,Unknown,Unknown,Restaurant
566,rt nagar,165000,17,1237,$0.15,6,21,https://www.zomato.com/bangalore/rt-nagar-restaurants,Bangalore,Karnataka,India,Restaurant
567,zomato partner,135000,1,50160,$0.23,1,48,https://www.zomato.com/partners/login,Unknown,Unknown,Unknown,Unknown
568,nexus hyderabad mall,110000,7,5577,$0,16,47,https://www.zomato.com/hyderabad/restaurants/in/nexus-hyderabad-kukatpally,Hyderabad,Telangana,India,Restaurant
569,sector 21,165000,11,2475,$0.27,4,49,https://www.zomato.com/ncr/sector-21-dwarka-restaurants,Unknown,Unknown,Unknown,Restaurant
570,i love 0,165000,36,346,$0.80,1,78,https://www.zomato.com/mumbai/i-love-food-2-0-matunga-east/menu,Mumbai,Maharashtra,India,Unknown
571,hotel shadab,110000,3,50160,$0,8,50,https://www.zomato.com/hyderabad/hotel-shadab-ghansi-bazaar,Hyderabad,Telangana,India,Hotel
572,borivali west,201000,14,1864,$0.16,10,51,https://www.zomato.com/mumbai/borivali-west-restaurants,Mumbai,Maharashtra,India,Restaurant
573,borivali east,135000,14,1501,$0.10,9,50,https://www.zomato.com/mumbai/borivali-east-restaurants,Mumbai,Maharashtra,India,Restaurant
574,benne heritage bangalore dosa,90500,7,16054,$0.16,6,24,https://www.zomato.com/mumbai/bangalore-benne-dosa-tardeo,Mumbai,Maharashtra,India,Unknown
575,eating areas near me,165000,4,50160,$0.06,15,31,https://www.zomato.com/restaurants-near-me,Unknown,Unknown,Unknown,Restaurant
576,dlf promenade,165000,3,26730,$0.13,4,49,https://www.zomato.com/ncr/restaurants/in/dlf-promenade-mall-vasant-kunj,Unknown,Unknown,Unknown,Restaurant
577,vikaspuri,165000,26,379,$0.05,5,62,https://www.zomato.com/ncr/best-vikaspuri-restaurants,Unknown,Unknown,Unknown,Restaurant
578,vegan eatery near me,135000,13,3250,$0.05,5,27,https://www.zomato.com/kolkata/world-vegan-day,Kolkata,West Bengal,India,Unknown
579,empire restaurant,201000,4,50160,$0.52,4,49,https://www.zomato.com/bangalore/empire-restaurant-since-1966-koramangala-5th-block-bangalore,Bangalore,Karnataka,India,Restaurant
580,taj mumbai bandra,165000,8,5577,$0.36,28,37,https://www.zomato.com/mumbai/restaurants/in/taj-lands-end-bandra,Mumbai,Maharashtra,India,Restaurant
581,social,165000,7,7738,$0.11,1,33,https://www.zomato.com/ncr/restaurace/social?category=2,Unknown,Unknown,Unknown,Unknown
582,sector 76,165000,10,7738,$0.21,6,18,https://www.zomato.com/ncr/sector-76-restaurants,Unknown,Unknown,Unknown,Restaurant
583,vidyarthi bhavan,165000,4,26730,$6.95,4,49,https://www.zomato.com/bangalore/vidyarthi-bhavan-since-1943-basavanagudi-bangalore,Bangalore,Karnataka,India,Unknown
584,mandi house,135000,6,26730,$0,3,48,https://www.zomato.com/ncr/mandi-house-delhi-restaurants,Unknown,Unknown,Unknown,Restaurant
585,non veg hotel near by me,165000,6,26730,$0.03,9,22,https://www.zomato.com/restaurants-near-me,Unknown,Unknown,Unknown,Restaurant
586,mumbai main,165000,25,379,$0,1,22,https://www.zomato.com/mumbai/the-main-course-nariman-point,Mumbai,Maharashtra,India,Unknown
587,hotel sahara star vile parle,165000,12,1864,$0.32,23,22,https://www.zomato.com/mumbai/restaurants/in/sahara-star-vile-parle-east,Mumbai,Maharashtra,India,Restaurant
588,food near me to eat,165000,6,26730,$0.07,15,30,https://www.zomato.com/restaurants-near-me,Unknown,Unknown,Unknown,Restaurant
589,places to eat near me,165000,5,50160,$0.32,14,39,https://www.zomato.com/restaurants-near-me,Unknown,Unknown,Unknown,Restaurant
590,places near me food,165000,5,50160,$0.07,15,27,https://www.zomato.com/ncr/restaurants,Unknown,Unknown,Unknown,Restaurant
591,petals and ferns,165000,14,5577,$0.27,100,22,https://www.zomato.com/lucknow/fnp-cakes-by-ferns-n-petals-2-gomti-nagar/order,Lucknow,Uttar Pradesh,India,Unknown
592,desi masala,135000,7,16054,$0.02,1,30,https://www.zomato.com/bangalore/desi-masala-1-jayanagar-bangalore,Bangalore,Karnataka,India,Unknown
593,delhi kamla nagar,165000,17,973,$0.13,4,21,https://www.zomato.com/ncr/best-kamla-nagar-restaurants,Unknown,Unknown,Unknown,Restaurant
594,kamla nagar in delhi,135000,18,924,$0.16,3,21,https://www.zomato.com/ncr/best-kamla-nagar-restaurants,Unknown,Unknown,Unknown,Restaurant
595,hu's,165000,3,16054,$0.49,1,31,https://www.zomato.com/mumbai/hus-kitchen-dadar-shivaji-park,Mumbai,Maharashtra,India,Unknown
596,hotel taj lands end mumbai,165000,14,1864,$0.36,30,38,https://www.zomato.com/mumbai/restaurants/in/taj-lands-end-bandra,Mumbai,Maharashtra,India,Restaurant
597,bbq nation near me,135000,6,26730,$0.31,4,36,https://www.zomato.com/mumbai/restaurace/barbeque-nation-1?subzone=2406&category=2,Mumbai,Maharashtra,India,Bar
598,veg restaurants in near me,135000,5,26730,$0.05,5,30,https://www.zomato.com/dehradun/restaurants?veg=1,Dehradun,Uttarakhand,India,Restaurant
599,toli chowki,135000,64,346,$0.05,11,51,https://www.zomato.com/hyderabad/tahinah-1-tolichowki,Hyderabad,Telangana,India,Unknown
600,taj bandra mumbai,165000,7,7738,$0.38,31,38,https://www.zomato.com/mumbai/restaurants/in/taj-lands-end-bandra,Mumbai,Maharashtra,India,Restaurant
601,sector 44 gurgaon,135000,12,3250,$0.48,11,46,https://www.zomato.com/ncr/sector-44-gurgaon-gurugram-restaurants,Unknown,Unknown,Unknown,Restaurant
602,hotel shadab in hyderabad,165000,7,26730,$0.06,2,24,https://www.zomato.com/hyderabad/hotel-shadab-ghansi-bazaar,Hyderabad,Telangana,India,Hotel
603,g t b nagar delhi,165000,15,1864,$0.09,4,24,https://www.zomato.com/ncr/delhi-university-gtb-nagar-delhi-restaurants/street-food,Unknown,Unknown,Unknown,Restaurant
604,g t b nagar,165000,18,924,$0.09,4,19,https://www.zomato.com/ncr/delhi-university-gtb-nagar-delhi-restaurants,Unknown,Unknown,Unknown,Restaurant
605,places to eat close to me,165000,4,50160,$0.07,13,25,https://www.zomato.com/restaurants-near-me,Unknown,Unknown,Unknown,Restaurant
606,places in bangalore,165000,15,1501,$0.12,10,46,https://www.zomato.com/bangalore/restaurants,Bangalore,Karnataka,India,Restaurant
607,dining place near me,165000,4,50160,$0.07,15,27,https://www.zomato.com/ncr/restaurants,Unknown,Unknown,Unknown,Restaurant
608,bhilai town,165000,14,2475,$0.11,1,29,https://www.zomato.com/durg-bhilai/the-bhilai-town-kohka,Unknown,Unknown,Unknown,Unknown
609,beer kingfisher,165000,30,346,$0,1,18,https://www.zomato.com/bangalore/restaurants/dish-kingfisher-beer,Bangalore,Karnataka,India,Restaurant
610,barbeque nation near me,135000,11,4224,$0.14,5,36,https://www.zomato.com/mumbai/restaurace/barbeque-nation-1?subzone=2406&category=2,Mumbai,Maharashtra,India,Bar
611,air,165000,32,346,$0.34,2,46,https://www.zomato.com/ncr/air-an-ivory-region-punjabi-bagh-new-delhi,Unknown,Unknown,Unknown,Unknown
612,zomato customer service number,135000,1,41040,$0,1,36,https://www.zomato.com/contact,Unknown,Unknown,Unknown,Unknown
613,mumbai marine lines,135000,20,796,$0.11,3,25,https://www.zomato.com/mumbai/best-marine-lines-restaurants,Mumbai,Maharashtra,India,Restaurant
614,marine lines,135000,11,4563,$0,4,49,https://www.zomato.com/mumbai/marine-lines-restaurants,Mumbai,Maharashtra,India,Restaurant
615,punjabi dhaba,135000,6,21870,$0.15,1,48,https://www.zomato.com/dehradun/punjabi-dhaba-paltan-bazaar,Dehradun,Uttarakhand,India,Unknown
616,pr's,135000,12,2025,$1,1,44,https://www.zomato.com/pune/prs-kitchen-wadgaon-sheri,Pune,Maharashtra,India,Unknown
617,places at hyderabad,110000,15,2025,$0.08,25,32,https://www.zomato.com/hyderabad/restaurants,Hyderabad,Telangana,India,Restaurant
618,pista house near me,110000,5,21870,$0.14,3,35,https://www.zomato.com/hyderabad/pista-house-sd-road-secunderabad,Hyderabad,Telangana,India,Unknown
619,habitat centre delhi,135000,36,283,$0.39,4,44,https://www.zomato.com/ncr/habitat-hub-lodhi-road-new-delhi,Unknown,Unknown,Unknown,Unknown
620,infiniti mall in andheri,135000,9,4563,$0.71,6,27,https://www.zomato.com/mumbai/restaurants/in/infiniti-mall-andheri-lokhandwala,Mumbai,Maharashtra,India,Restaurant
621,chinar park,110000,10,6331,$1.23,12,51,https://www.zomato.com/kolkata/chinar-park-restaurants,Kolkata,West Bengal,India,Restaurant
622,breakfast,165000,23,580,$0.26,1,61,https://www.zomato.com/ncr/great-breakfasts,Unknown,Unknown,Unknown,Unknown
623,babus,135000,10,4563,$0.16,1,40,https://www.zomato.com/ncr/babus-food-villa-restaurant-bhikaji-cama-place-new-delhi,Unknown,Unknown,Unknown,Restaurant
624,andheri west infiniti mall,135000,6,6331,$0.71,6,24,https://www.zomato.com/mumbai/restaurants/in/infiniti-mall-andheri-lokhandwala,Mumbai,Maharashtra,India,Restaurant
625,geeta colony delhi,110000,23,580,$0.25,4,44,https://www.zomato.com/ncr/geeta-colony-delhi-restaurants,Unknown,Unknown,Unknown,Restaurant
626,tropika brewing co,135000,3,41040,$0.09,6,25,https://www.zomato.com/bangalore/tropika-brewing-co-marathahalli-bangalore,Bangalore,Karnataka,India,Unknown
627,tea shop near me,110000,4,41040,$0.33,4,36,https://www.zomato.com/bangalore/restoran/tea?open=now,Bangalore,Karnataka,India,Unknown
628,sushi,135000,10,8896,$0.50,3,70,https://www.zomato.com/mumbai/restaurants/sushi,Mumbai,Maharashtra,India,Restaurant
629,lucky's,135000,6,13135,$0.30,1,61,https://www.zomato.com/ncr/luckys-bakery-and-patisserie-punjabi-bagh-new-delhi,Unknown,Unknown,Unknown,Bakery
630,lo cal,135000,9,6331,$0.61,1,22,https://www.zomato.com/ncr/lo-cal-cafe-pandav-nagar-new-delhi,Unknown,Unknown,Unknown,Cafe
631,infiniti mall andheri mumbai,135000,7,4563,$0.71,6,24,https://www.zomato.com/mumbai/restaurants/in/infiniti-mall-andheri-lokhandwala,Mumbai,Maharashtra,India,Restaurant
632,hyatt regency delhi,110000,14,1525,$0.96,20,49,https://www.zomato.com/ncr/restaurants/in/hyatt-regency-bhikaji-cama-place,Unknown,Unknown,Unknown,Restaurant
633,mir age,135000,56,283,$0.12,1,43,https://www.zomato.com/mumbai/midnight-mirage-near-andheri-west-station,Mumbai,Maharashtra,India,Unknown
634,e city bangalore,135000,17,1012,$0.17,4,25,https://www.zomato.com/bangalore/e-city-social-electronic-city-bangalore,Bangalore,Karnataka,India,Unknown
635,di ya,135000,15,1228,$0.02,15,48,https://www.zomato.com/ncr/diya-the-leela-ambience-dlf-phase-3,Unknown,Unknown,Unknown,Unknown
636,dalhousie weather hp,135000,72,283,$0,1,25,https://www.zomato.com/kolkata/restaurants/in/axis-mall-new-town,Kolkata,West Bengal,India,Restaurant
637,chinese restaurant near for me,135000,4,41040,$0.05,7,24,https://www.zomato.com/mumbai/restaurants/chinese,Mumbai,Maharashtra,India,Restaurant
638,worli,110000,23,580,$0.46,10,64,https://www.zomato.com/mumbai/worli-restaurants,Mumbai,Maharashtra,India,Restaurant
639,taj hotel mumbai,135000,21,580,$0.12,24,50,https://www.zomato.com/mumbai/restaurants/in/taj-mahal-palace-colaba,Mumbai,Maharashtra,India,Restaurant
640,mrp near me,135000,7,8896,$0.33,2,43,https://www.zomato.com/mumbai/mrp-my-regular-place-dadar-east,Mumbai,Maharashtra,India,Unknown
641,ramen,110000,33,283,$0.10,39,72,https://www.zomato.com/kolkata/restaurants/ramen,Kolkata,West Bengal,India,Restaurant
642,places to visit hyderabad,135000,29,283,$0.10,17,28,https://www.zomato.com/hyderabad/restaurants,Hyderabad,Telangana,India,Restaurant
643,juhu,135000,12,2659,$0.37,5,62,https://www.zomato.com/mumbai/juhu-restaurants,Mumbai,Maharashtra,India,Restaurant
644,ice cream store close to me,135000,4,41040,$0.08,7,32,https://www.zomato.com/ice-cream-restaurants-near-me,Unknown,Unknown,Unknown,Restaurant
645,hotel taj mumbai,201000,15,1228,$0.12,40,55,https://www.zomato.com/mumbai/restaurants/in/taj-mahal-palace-colaba,Mumbai,Maharashtra,India,Restaurant
646,belgium waffle near me,90500,7,13135,$0.25,3,33,https://www.zomato.com/jaipur/the-belgian-waffle-co-c-scheme,Jaipur,Rajasthan,India,Unknown
647,dalhousie hp weather,135000,72,283,$0.01,1,25,https://www.zomato.com/kolkata,Kolkata,West Bengal,India,Unknown
648,cocktail and drinks,110000,45,283,$0.20,1,84,https://www.zomato.com/mumbai/artisan-cocktails,Mumbai,Maharashtra,India,Unknown
649,zomato customer care number,135000,1,41040,$0,1,34,https://www.zomato.com/contact,Unknown,Unknown,Unknown,Unknown
650,weather batala,135000,60,283,$0,1,47,https://www.zomato.com/contact,Unknown,Unknown,Unknown,Unknown
651,veg hotel near me,135000,4,41040,$0.13,9,37,https://www.zomato.com/restaurants-near-me,Unknown,Unknown,Unknown,Restaurant
652,sector 28,135000,26,297,$0.12,5,19,https://www.zomato.com/ncr/mcdonalds-sector-28-faridabad,Unknown,Unknown,Unknown,Unknown
653,tim hortons,110000,9,6331,$0.13,4,49,https://www.zomato.com/ncr/tim-hortons-saket-new-delhi,Unknown,Unknown,Unknown,Unknown
654,magic moments price,135000,23,445,$0,1,42,https://www.zomato.com/kolkata/restaurants/dish-magic-moments-vodka,Kolkata,West Bengal,India,Restaurant
655,lucknow gomti nagar,165000,21,580,$0.53,7,45,https://www.zomato.com/lucknow/best-gomti-nagar-restaurants,Lucknow,Uttar Pradesh,India,Restaurant
656,jharsuguda city,135000,7,13135,$0.06,1,42,https://www.zomato.com/jharsuguda/jharsuguda-city-restaurants?cuisine=82,Unknown,Unknown,Unknown,Restaurant
657,jaipur club,74000,4,13135,$0.11,41,23,https://www.zomato.com/jaipur/club,Jaipur,Rajasthan,India,Unknown
658,pnr railway,135000,51,283,$0.02,2,56,https://www.zomato.com/order-food-online-in-train,Unknown,Unknown,Unknown,Unknown
659,new delhi gk,135000,30,283,$0.18,4,20,https://www.zomato.com/ncr/greater-kailash-gk-2-delhi-restaurants,Unknown,Unknown,Unknown,Restaurant
660,miya kebab,135000,3,41040,$0.08,4,22,https://www.zomato.com/mumbai/miya-kebabs-pali-hill-bandra-west,Mumbai,Maharashtra,India,Unknown
661,chinese restaurants close by me,135000,4,41040,$0.05,7,30,https://www.zomato.com/chinese-restaurants-near-me,Unknown,Unknown,Unknown,Restaurant
662,cafes to visit in jaipur,135000,7,8896,$0.28,16,28,https://www.zomato.com/jaipur/great-cafes,Jaipur,Rajasthan,India,Cafe
663,habitat centre,135000,23,445,$0.39,4,49,https://www.zomato.com/ncr/habitat-hub-lodhi-road-new-delhi,Unknown,Unknown,Unknown,Unknown
664,fast foods closest to me,110000,6,41040,$0.06,6,63,https://www.zomato.com/fast-food-restaurants-near-me,Unknown,Unknown,Unknown,Restaurant
665,bhopal db mall,135000,11,2659,$0.20,5,22,https://www.zomato.com/bhopal/restaurants/in/db-city-maharana-pratap-nagar,Unknown,Unknown,Unknown,Restaurant
666,bakery,201000,7,13135,$0.30,2,62,https://www.zomato.com/hyderabad/bakeries,Hyderabad,Telangana,India,Bakery
667,7 eleven,135000,10,4563,$0.12,4,49,https://www.zomato.com/pune/7-eleven-1-viman-nagar,Pune,Maharashtra,India,Unknown
668,the belgian waffle co near me,110000,6,21870,$0.21,1,35,https://www.zomato.com/hyderabad/restaurants/the-belgian-waffle-co,Hyderabad,Telangana,India,Restaurant
669,sri krishna sweets,110000,9,6331,$0.06,5,44,https://www.zomato.com/bangalore/sri-krishna-sweets-basavanagudi,Bangalore,Karnataka,India,Unknown
670,sector 50 noida,110000,15,2025,$0.19,12,46,https://www.zomato.com/ncr/sector-50-noida-restaurants,Unknown,Unknown,Unknown,Restaurant
671,sector 49 gurgaon,135000,13,2025,$0.31,10,46,https://www.zomato.com/ncr/sector-49-gurgaon-gurugram-restaurants,Unknown,Unknown,Unknown,Restaurant
672,sector 46 gurgaon,135000,16,1228,$0.25,10,46,https://www.zomato.com/ncr/sector-45-gurgaon-order-online?delivery_subzone=2929&cft=4,Unknown,Unknown,Unknown,Unknown
673,daily,135000,17,756,$0.40,1,46,https://www.zomato.com/pune/the-daily-all-day-1-koregaon-park,Pune,Maharashtra,India,Unknown
674,chokhi dhani jaipur,135000,7,6331,$0.11,19,48,https://www.zomato.com/jaipur/chokhi-dhani-sitapur,Jaipur,Rajasthan,India,Unknown
675,chinese chinese restaurant near me,135000,4,41040,$0.04,7,29,https://www.zomato.com/chinese-restaurants-near-me,Unknown,Unknown,Unknown,Restaurant
676,guwahati paltan bazar,135000,12,2659,$0.19,4,44,https://www.zomato.com/guwahati/best-paltan-bazaar-restaurants,Unknown,Unknown,Unknown,Restaurant
677,google company careers,135000,54,283,$1.15,3,59,https://www.zomato.com/deliver-food/,Unknown,Unknown,Unknown,Unknown
678,gk new delhi,135000,9,8896,$0.12,5,45,https://www.zomato.com/ncr/greater-kailash-gk-2-delhi-restaurants,Unknown,Unknown,Unknown,Restaurant
679,waffle near me,135000,6,21870,$0.19,6,44,https://www.zomato.com/visakhapatnam/restaurants/waffle,Unknown,Unknown,Unknown,Restaurant
680,licious,135000,16,1228,$0.24,86,86,https://www.zomato.com/ncr/the-licious-kitchen-sector-66-gurgaon,Unknown,Unknown,Unknown,Unknown
681,nashik sula vineyards,135000,16,796,$0.23,7,31,https://www.zomato.com/nashik/sula-vineyards-satpur,Unknown,Unknown,Unknown,Unknown
682,matka in delhi,135000,8,8896,$0.03,1,23,https://www.zomato.com/ncr/itminaan-matka-biryani-slow-cooked-malviya-nagar-new-delhi,Unknown,Unknown,Unknown,Unknown
683,popeyes,135000,10,4563,$0.22,10,64,https://www.zomato.com/ncr/popeyes-chandni-chowk-new-delhi,Unknown,Unknown,Unknown,Unknown
684,partner with swiggy,135000,35,283,$0.47,1,42,https://www.zomato.com/partner-with-us/new/,Unknown,Unknown,Unknown,Unknown
685,farmhouse,135000,23,445,$0.15,3,61,https://www.zomato.com/mumbai/farmhouse-garden-family-restaurant-bar-vasai,Mumbai,Maharashtra,India,Restaurant
686,hyatt regency in delhi,135000,28,283,$1.10,17,47,https://www.zomato.com/ncr/cafe-hyatt-regency-bhikaji-cama-place-new-delhi,Unknown,Unknown,Unknown,Cafe
687,taj group of hotels mumbai,201000,88,283,$0.07,43,47,https://www.zomato.com/mumbai/restaurants,Mumbai,Maharashtra,India,Restaurant
688,sula vineyards,165000,14,1228,$0.09,9,50,https://www.zomato.com/nashik/sula-vineyards-satpur,Unknown,Unknown,Unknown,Unknown
689,dhaba,135000,8,13135,$0.08,2,61,https://www.zomato.com/agra/dhaba,Agra,Uttar Pradesh,India,Unknown
690,chinese food near me restaurant,135000,4,41040,$0.05,6,67,https://www.zomato.com/chinese-restaurants-near-me,Unknown,Unknown,Unknown,Restaurant
691,hyderabad spots to visit,135000,38,283,$0.10,17,30,https://www.zomato.com/hyderabad/restaurants,Hyderabad,Telangana,India,Restaurant
692,ananda adyar bhavan,135000,6,13135,$0.05,2,30,https://www.zomato.com/chennai/a2b-adyar-ananda-bhavan-adyar,Chennai,Tamil Nadu,India,Unknown
693,restaurant close to me open now,135000,4,41040,$0.05,16,30,https://www.zomato.com/restaurants-near-me,Unknown,Unknown,Unknown,Restaurant
694,raj dhaba,110000,5,41040,$0.28,1,48,https://www.zomato.com/hyderabad/rajs-dhaba-paradise-circle-secunderabad,Hyderabad,Telangana,India,Unknown
695,punjab dhaba,135000,6,41040,$0.15,1,48,https://www.zomato.com/hyderabad/punjabi-dhaba-3-gachibowli,Hyderabad,Telangana,India,Unknown
696,places to visit in hyderabad,135000,48,283,$0.17,20,42,https://www.zomato.com/hyderabad/restaurants,Hyderabad,Telangana,India,Restaurant
697,the rameshwaram cafe indiranagar,135000,21,688,$0.08,6,36,https://www.zomato.com/bangalore/the-rameshwaram-cafe-3-indiranagar-bangalore,Bangalore,Karnataka,India,Cafe
698,gurgaon sector 56,110000,7,8896,$0.35,6,44,https://www.zomato.com/ncr/sector-56-gurgaon-gurugram-restaurants,Unknown,Unknown,Unknown,Restaurant
699,cakes and chocolate,135000,20,1525,$0.03,84,20,https://www.zomato.com/coimbatore/cakes-by-chocolates-gandhipuram,Unknown,Unknown,Unknown,Unknown
700,breakfast joints near me,90500,2,41040,$0.04,10,25,https://www.zomato.com/nagpur/best-breakfast-restaurants,Nagpur,Maharashtra,India,Restaurant
701,bob's bar,165000,4,41040,$0,1,48,https://www.zomato.com/bangalore/bobs-bar-1-indiranagar-bangalore,Bangalore,Karnataka,India,Bar
702,rajasthani dhaba,90500,4,41040,$0.11,1,46,https://www.zomato.com/bangalore/rajasthani-dhaba-shanti-nagar-bangalore,Bangalore,Karnataka,India,Unknown
703,mehfil restaurant,110000,5,21870,$0.17,10,51,https://www.zomato.com/hyderabad/mehfil-restaurant-chandrayanagutta,Hyderabad,Telangana,India,Restaurant
704,places to visit in jaipur city,135000,67,283,$0.16,19,28,https://www.zomato.com/jaipur/restaurants,Jaipur,Rajasthan,India,Restaurant
705,noodles,135000,20,1012,$0.15,21,67,https://www.zomato.com/mumbai/delivery/dish-noodles,Mumbai,Maharashtra,India,Unknown
706,naroda,110000,26,364,$0,10,64,https://www.zomato.com/ahmedabad/best-naroda-restaurants,Ahmedabad,Gujarat,India,Restaurant
707,chokhi dhani jaipur jaipur,135000,14,2025,$0.10,17,40,https://www.zomato.com/jaipur/chokhi-dhani-sitapur,Jaipur,Rajasthan,India,Unknown
708,chinese restaurant near me,135000,4,41040,$0.26,7,37,https://www.zomato.com/chinese-restaurants-near-me,Unknown,Unknown,Unknown,Restaurant
709,china wok,135000,11,6331,$0.46,4,49,https://www.zomato.com/ncr/chinese-wok-rajouri-garden-new-delhi,Unknown,Unknown,Unknown,Unknown
710,blr 1,135000,10,2659,$0.16,3,16,https://www.zomato.com/bangalore/blr-brewing-co-1-kanakapura-road-bangalore,Bangalore,Karnataka,India,Unknown
711,belgian waffle near me,110000,6,21870,$0.23,5,36,https://www.zomato.com/jaipur/the-belgian-waffle-co-c-scheme,Jaipur,Rajasthan,India,Unknown
712,bandra station west,135000,28,283,$0,6,44,https://www.zomato.com/mumbai/bandra-west-restaurants,Mumbai,Maharashtra,India,Restaurant
713,65,135000,30,283,$0.07,1,63,https://www.zomato.com/bangalore/platform-65-bannerghatta-road-bangalore,Bangalore,Karnataka,India,Unknown
714,weather in batala,110000,73,283,$0,1,42,https://www.zomato.com/contact,Unknown,Unknown,Unknown,Unknown
715,places hyderabad,165000,23,445,$0.16,12,38,https://www.zomato.com/hyderabad/restaurants,Hyderabad,Telangana,India,Restaurant
716,infiniti mall andheri west mumbai,135000,7,4563,$0.71,6,25,https://www.zomato.com/mumbai/restaurants/in/infiniti-mall-andheri-lokhandwala,Mumbai,Maharashtra,India,Restaurant
717,cost of magic moments,135000,37,283,$0,1,15,https://www.zomato.com/kolkata/restaurants/dish-magic-moments-vodka,Kolkata,West Bengal,India,Restaurant
718,fast food near me,110000,4,41040,$0.23,7,37,https://www.zomato.com/fast-food-near-me,Unknown,Unknown,Unknown,Fast Food
719,burma burma restaurant & tea room,90500,4,41040,$0.17,8,22,https://www.zomato.com/hyderabad/burma-burma-hitech-city-hitech-city,Hyderabad,Telangana,India,Unknown
720,basavanagudi,135000,19,756,$0.25,6,62,https://www.zomato.com/bangalore/basavanagudi-restaurants,Bangalore,Karnataka,India,Restaurant
721,lodha xperia mall,90500,6,6331,$0.87,8,43,https://www.zomato.com/mumbai/restaurants/in/xperia-mall-dombivali-east,Mumbai,Maharashtra,India,Restaurant
722,swiggy partner,135000,37,283,$0.58,1,48,https://www.zomato.com/deliver-food/,Unknown,Unknown,Unknown,Unknown
723,somethings,110000,9,4563,$0,1,60,https://www.zomato.com/kolkata/somethings-brewing-desapriya-park,Kolkata,West Bengal,India,Unknown
724,vegetarian hotels near me,6600,8,6331,$0.22,7,9,https://www.zomato.com/pune/pimpri-chinchwad-area-restaurants?veg=1,Pune,Maharashtra,India,Restaurant
725,gas station,135000,61,283,$0.05,1,33,https://www.zomato.com/ncr/delhi-fuel-station-your-everyday-bar-sheikh-sarai-new-delhi,Unknown,Unknown,Unknown,Bar
726,jaipur places to go,135000,31,283,$0.21,11,40,https://www.zomato.com/jaipur/restaurants,Jaipur,Rajasthan,India,Restaurant
727,open now restaurant near me,135000,4,41040,$0.05,13,26,https://www.zomato.com/restaurants-near-me,Unknown,Unknown,Unknown,Restaurant
728,new town yelahanka,135000,27,283,$0.15,6,19,https://www.zomato.com/bangalore/new-town-cafe-yelahanka-bangalore,Bangalore,Karnataka,India,Cafe
729,beverages near me,135000,5,41040,$0.42,1,43,https://www.zomato.com/beverage-shops-near-me,Unknown,Unknown,Unknown,Unknown
730,where is my train app,90500,74,283,$0.01,15,37,https://www.zomato.com/order-food-online-in-train,Unknown,Unknown,Unknown,Unknown
731,mumbai ghatkopar east,135000,19,580,$0.11,5,19,https://www.zomato.com/mumbai/ghatkopar-east-restaurants,Mumbai,Maharashtra,India,Restaurant
732,miya kebabs,22200,4,41040,$0,8,27,https://www.zomato.com/mumbai/miya-kebabs-pali-hill-bandra-west,Mumbai,Maharashtra,India,Unknown
733,restaurants near me open now,110000,4,41040,$0.46,13,38,https://www.zomato.com/restaurants-near-me,Unknown,Unknown,Unknown,Restaurant
734,fast food near me fast food near me,135000,8,8896,$0.06,4,41,https://www.zomato.com/patiala/dhaba/fast-food?category=1,Unknown,Unknown,Unknown,Fast Food
735,restaurants near me open now,110000,4,41040,$0.46,13,38,https://www.zomato.com/restaurants-near-me,Unknown,Unknown,Unknown,Restaurant
736,fast food near me fast food near me,135000,8,8896,$0.06,4,41,https://www.zomato.com/patiala/dhaba/fast-food?category=1,Unknown,Unknown,Unknown,Fast Food
737,breakfast places near me,90500,3,21870,$0.17,10,36,https://www.zomato.com/mumbai/great-breakfasts,Mumbai,Maharashtra,India,Unknown
738,7eleven,110000,11,4563,$0.41,2,61,https://www.zomato.com/mumbai/7eleven-virar,Mumbai,Maharashtra,India,Unknown
739,cherthala,135000,29,297,$0,1,61,https://www.zomato.com/cherthala/restaurants,Unknown,Unknown,Unknown,Restaurant
740,chanda nagar,135000,21,580,$0.07,9,50,https://www.zomato.com/hyderabad/chanda-nagar-restaurants,Hyderabad,Telangana,India,Restaurant
741,where is my train app,90500,74,283,$0.01,15,37,https://www.zomato.com/order-food-online-in-train,Unknown,Unknown,Unknown,Unknown
742,db mall bhopal,110000,13,2025,$0,13,46,https://www.zomato.com/bhopal/restaurants/in/db-city-maharana-pratap-nagar,Unknown,Unknown,Unknown,Restaurant
743,chokhi dhani,135000,11,6331,$0.14,3,48,https://www.zomato.com/jaipur/chokhi-dhani-sitapur,Jaipur,Rajasthan,India,Unknown
744,chinese wok,110000,9,8896,$1.39,7,50,https://www.zomato.com/ncr/chinese-wok-rajouri-garden-new-delhi,Unknown,Unknown,Unknown,Unknown
745,gurgaon sector 49,135000,11,3456,$0.26,6,44,https://www.zomato.com/ncr/sector-49-gurgaon-gurugram-restaurants,Unknown,Unknown,Unknown,Restaurant
746,waffles near me,135000,6,21870,$0.22,5,44,https://www.zomato.com/visakhapatnam/restaurants/waffle,Unknown,Unknown,Unknown,Restaurant
747,waffles close to me,135000,8,8896,$0.07,5,22,https://www.zomato.com/mumbai/navi-mumbai-restaurants/waffle,Mumbai,Maharashtra,India,Restaurant
748,k local,135000,1,41040,$0.61,1,20,https://www.zomato.com/kolkata/k-local-sky-bar-sector-1-salt-lake,Kolkata,West Bengal,India,Bar
749,clubs near me,135000,5,41040,$0.21,4,44,https://www.zomato.com/clubs-near-me,Unknown,Unknown,Unknown,Unknown
750,breezer,135000,14,2025,$0,1,60,https://www.zomato.com/ncr/restaurants/dish-breezer,Unknown,Unknown,Unknown,Restaurant
751,beeramguda,135000,8,6331,$0.17,6,62,https://www.zomato.com/hyderabad/beeramguda-restaurants,Hyderabad,Telangana,India,Restaurant
752,rameshwaram cafe,135000,8,8896,$0.10,4,49,https://www.zomato.com/bangalore/the-rameshwaram-cafe-indiranagar-bangalore,Bangalore,Karnataka,India,Cafe
753,vada pav,165000,12,3456,$0.17,1,47,https://www.zomato.com/ncr/delivery/dish-vada-pav,Unknown,Unknown,Unknown,Unknown
754,grocery,135000,22,580,$0.30,6,62,https://www.zomato.com/ncr/restaurants/grocery,Unknown,Unknown,Unknown,Restaurant
755,for est,135000,1,41040,$0.26,1,40,https://www.zomato.com/ncr/the-forest-vasant-vihar-new-delhi,Unknown,Unknown,Unknown,Unknown
756,india habitat centre delhi,135000,14,1228,$0.38,3,35,https://www.zomato.com/ncr/restaurants/in/habitat-world-lodhi-road,Unknown,Unknown,Unknown,Restaurant
757,32nd avenue,135000,3,41040,$0.51,11,51,https://www.zomato.com/ncr/restaurants/in/32nd-avenue-milestone,Unknown,Unknown,Unknown,Restaurant
758,coffee and machines,110000,34,283,$0.06,100,48,https://www.zomato.com/allahabad/coffee-machine-the-cafe-1-civil-lines,Unknown,Unknown,Unknown,Cafe
759,chinar park kolkata,135000,12,3456,$0.19,6,20,https://www.zomato.com/kolkata/chinar-park-restaurants,Kolkata,West Bengal,India,Restaurant
760,cake and chocolate,135000,17,1228,$0.03,94,37,https://www.zomato.com/coimbatore/cakes-by-chocolates-gandhipuram,Unknown,Unknown,Unknown,Unknown
761,taj palace new delhi,135000,14,1228,$0.49,18,40,https://www.zomato.com/ncr/restaurants/in/taj-palace-chanakyapuri,Unknown,Unknown,Unknown,Restaurant
762,pincode delhi,135000,9,6331,$0,1,47,https://www.zomato.com/mumbai/pincode-delhi-mahakali,Mumbai,Maharashtra,India,Unknown
763,party,135000,11,2025,$0.31,5,69,https://www.zomato.com/ncr/party-of-taste-dabua-colony-faridabad,Unknown,Unknown,Unknown,Unknown
764,neemrana fort in rajasthan,135000,112,283,$0.16,57,36,https://www.zomato.com/contact,Unknown,Unknown,Unknown,Unknown
765,natural ice cream near me,90500,7,13135,$0.19,4,34,https://www.zomato.com/hyderabad/natural-ice-cream-jubilee-hills,Hyderabad,Telangana,India,Ice Cream
766,l b nagar hyderabad,135000,24,324,$0.13,2,27,https://www.zomato.com/hyderabad/lb-nagar-restaurants,Hyderabad,Telangana,India,Restaurant
767,indian salem,165000,7,8896,$0.12,1,31,https://www.zomato.com/salem/restaurants/north-indian,Unknown,Unknown,Unknown,Restaurant
768,chinese spot near me,135000,4,41040,$0.04,7,25,https://www.zomato.com/chinese-restaurants-near-me,Unknown,Unknown,Unknown,Restaurant
769,chinese restaurants near me,135000,4,41040,$0.30,6,36,https://www.zomato.com/chinese-restaurants-near-me,Unknown,Unknown,Unknown,Restaurant
770,chinese restaurant close by me,135000,4,41040,$0.04,7,24,https://www.zomato.com/chinese-restaurants-near-me,Unknown,Unknown,Unknown,Restaurant
771,chanakyapuri,110000,5,21870,$0.56,9,22,https://www.zomato.com/ncr/chanakyapuri-delhi-restaurants,Unknown,Unknown,Unknown,Restaurant
772,bob bar,135000,4,41040,$0.02,1,22,https://www.zomato.com/bangalore/bobs-bar-1-indiranagar-bangalore,Bangalore,Karnataka,India,Bar
773,fast foods close to me,135000,5,41040,$0.06,4,48,https://www.zomato.com/fast-food-restaurants-near-me,Unknown,Unknown,Unknown,Restaurant
774,sector 51,110000,10,2816,$0.09,6,20,https://www.zomato.com/ncr/sector-51-noida-restaurants,Unknown,Unknown,Unknown,Restaurant
775,sanjay nagar,90500,18,825,$0.10,4,47,https://www.zomato.com/bangalore/sanjay-nagar-restaurants,Bangalore,Karnataka,India,Restaurant
776,p and m mall patna,110000,14,1001,$0.02,7,37,https://www.zomato.com/patna/restaurants/in/p-m-mall-manipura,Patna,Bihar,India,Restaurant
777,new friends colony,110000,9,5159,$0.27,5,44,https://www.zomato.com/ncr/restaurants/in/community-centre-new-friends-colony,Unknown,Unknown,Unknown,Restaurant
778,near me,110000,5,7249,$0.30,1,47,https://www.zomato.com/restaurants-near-me,Unknown,Unknown,Unknown,Restaurant
779,delicious restaurant near me,110000,4,33440,$0.24,8,37,https://www.zomato.com/restaurants-near-me,Unknown,Unknown,Unknown,Restaurant
780,delhi hauz khas village,90500,16,1243,$0.24,3,27,https://www.zomato.com/ncr/downtown-village-hauz-khas-village-new-delhi,Unknown,Unknown,Unknown,Unknown
781,decent restaurants near me,110000,4,33440,$0.18,14,39,https://www.zomato.com/restaurants-near-me,Unknown,Unknown,Unknown,Restaurant
782,dudu,110000,14,1243,$0,1,60,https://www.zomato.com/chennai/dudu-grill-and-pub-akkarai,Chennai,Tamil Nadu,India,Unknown
783,taaza thindi,110000,3,33440,$5.71,5,49,https://www.zomato.com/bangalore/taaza-thindi-jayanagar,Bangalore,Karnataka,India,Unknown
784,pvr anupam saket new delhi delhi,110000,7,3718,$0.05,4,19,https://www.zomato.com/ncr/restaurants/in/pvr-anupam-complex-saket,Unknown,Unknown,Unknown,Restaurant
785,p and m mall in patna,110000,18,616,$0.09,6,22,https://www.zomato.com/patna/restaurants/in/p-m-mall-manipura,Patna,Bihar,India,Restaurant
786,netaji subhash place delhi,90500,4,17820,$0.02,5,34,https://www.zomato.com/ncr/netaji-subhash-place-delhi-restaurants,Unknown,Unknown,Unknown,Restaurant
787,near from me,135000,9,2816,$0.10,1,52,https://www.zomato.com/restaurants-near-me,Unknown,Unknown,Unknown,Restaurant
788,near about me,135000,15,825,$0.10,1,30,https://www.zomato.com/restaurants-near-me,Unknown,Unknown,Unknown,Restaurant
789,sector 135 noida,110000,10,2816,$0.15,5,20,https://www.zomato.com/ncr/sector-135-restaurants,Unknown,Unknown,Unknown,Restaurant
790,sanjay nagar in bangalore,90500,34,231,$0.12,4,17,https://www.zomato.com/bangalore/sanjay-nagar-restaurants,Bangalore,Karnataka,India,Restaurant
791,lumbini park,110000,105,231,$0,5,49,https://www.zomato.com/hyderabad/restaurants,Hyderabad,Telangana,India,Restaurant
792,love bites,110000,13,1650,$0,1,47,https://www.zomato.com/kolkata/love-bites-sodepur,Kolkata,West Bengal,India,Unknown
793,kp,110000,31,231,$0.29,1,34,https://www.zomato.com/bangalore/k-p-restaurant-kr-puram-bangalore,Bangalore,Karnataka,India,Restaurant
794,kalwa,110000,11,2816,$0.16,5,62,https://www.zomato.com/mumbai/kalwa-restaurants,Mumbai,Maharashtra,India,Restaurant
795,food destination near me,90500,2,33440,$0.27,18,38,https://www.zomato.com/restaurants-near-me,Unknown,Unknown,Unknown,Restaurant
796,festival,110000,64,231,$0.62,1,55,https://www.zomato.com/bangalore/food-festival-deal-only@199-bommanahalli-bangalore,Bangalore,Karnataka,India,Unknown
797,cakes and icecreams,110000,11,5159,$0.02,89,19,https://www.zomato.com/trivandrum/ice-cream-cakes-1-poojapura/order,Unknown,Unknown,Unknown,Ice Cream
798,75,110000,40,231,$0.09,1,23,https://www.zomato.com/ncr/bercos-if-you-love-chinese-sector-75-noida,Unknown,Unknown,Unknown,Unknown
799,shipra mall ghaziabad,110000,8,3718,$0,5,44,https://www.zomato.com/ncr/restaurants/in/shipra-mall-indirapuram,Unknown,Unknown,Unknown,Restaurant
800,kalyani nagar,110000,10,2816,$0.15,7,50,https://www.zomato.com/pune/kalyani-nagar-restaurants,Pune,Maharashtra,India,Restaurant
801,santacruz east mumbai,110000,18,561,$0.19,5,44,https://www.zomato.com/mumbai/best-santacruz-east-restaurants,Mumbai,Maharashtra,India,Restaurant
802,pub bar,110000,5,33440,$0,2,48,https://www.zomato.com/hyderabad/best-bars-and-pubs,Hyderabad,Telangana,India,Bar
803,pk's,110000,2,33440,$0.09,1,10,https://www.zomato.com/pune/pks-bar-and-restaurant-hinjawadi,Pune,Maharashtra,India,Restaurant
804,noida sector 135,110000,90,231,$0.34,8,45,https://www.zomato.com/ncr/mcdonalds-sector-135,Unknown,Unknown,Unknown,Unknown
805,nexus whitefield,74000,5,5159,$0,14,45,https://www.zomato.com/bangalore/restaurants/in/nexus-whitefield,Bangalore,Karnataka,India,Restaurant
806,shop near me,90500,7,7249,$1.05,5,42,https://www.zomato.com/sweet-shops-near-me,Unknown,Unknown,Unknown,Sweet Shop
807,sector 34,110000,9,2816,$0.64,11,51,https://www.zomato.com/chandigarh/sector-34-chandigarh-restaurants,Chandigarh,Chandigarh,India,Restaurant
808,sector 31,110000,8,5159,$0.11,5,19,https://www.zomato.com/ncr/sector-31-gurgaon-gurugram-restaurants,Unknown,Unknown,Unknown,Restaurant
809,benne dosa,49500,8,7249,$0,1,32,https://www.zomato.com/ncr/benne-greater-kailash-gk-2-new-delhi,Unknown,Unknown,Unknown,Unknown
810,cream stone,90500,5,17820,$0.10,3,46,https://www.zomato.com/hyderabad/cream-stone-ice-cream-jubilee-hills,Hyderabad,Telangana,India,Ice Cream
811,oysters,110000,22,561,$0.92,1,60,https://www.zomato.com/mumbai/restaurants/dish-oysters,Mumbai,Maharashtra,India,Restaurant
812,new friends colony delhi,110000,16,1001,$0.15,4,36,https://www.zomato.com/ncr/new-friends-colony-delhi-restaurants,Unknown,Unknown,Unknown,Restaurant
813,near of me,110000,3,33440,$0.10,1,58,https://www.zomato.com/restaurants-near-me,Unknown,Unknown,Unknown,Restaurant
814,restaurant recommendations near me,110000,4,33440,$0.06,15,60,https://www.zomato.com/restaurants-near-me,Unknown,Unknown,Unknown,Restaurant
815,resto bar near me,90500,5,33440,$0.20,13,36,https://www.zomato.com/bars-near-me,Unknown,Unknown,Unknown,Bar
816,delhi places,110000,26,297,$0.06,16,52,https://www.zomato.com/ncr/restaurants,Unknown,Unknown,Unknown,Restaurant
817,delhi new friends colony,110000,15,825,$0.16,3,36,https://www.zomato.com/ncr/new-friends-colony-delhi-restaurants,Unknown,Unknown,Unknown,Restaurant
818,creams,90500,12,1650,$0.23,1,59,https://www.zomato.com/chennai/the-creams-ambattur,Chennai,Tamil Nadu,India,Unknown
819,cake and ice cream,90500,12,3718,$0.25,47,47,https://www.zomato.com/mumbai/restaurants/dish-ice-cream-cake?no-bar=1&sunday-brunch=1&dish_id=18036,Mumbai,Maharashtra,India,Restaurant
820,byculla,110000,11,2816,$0,8,63,https://www.zomato.com/mumbai/byculla-restaurants,Mumbai,Maharashtra,India,Restaurant
821,blue tokai,90500,8,7249,$0.14,33,55,https://www.zomato.com/ncr/blue-tokai-coffee-roasters-connaught-place-new-delhi,Unknown,Unknown,Unknown,Coffee
822,hotel jagdamba,110000,6,17820,$0.06,2,48,https://www.zomato.com/pune/hotel-jagdamba-shivapur,Pune,Maharashtra,India,Hotel
823,goregaon west,135000,14,1243,$0.19,7,50,https://www.zomato.com/mumbai/goregaon-west-restaurants,Mumbai,Maharashtra,India,Restaurant
824,food court near me,90500,4,33440,$0.37,6,34,https://www.zomato.com/food-courts-near-me,Unknown,Unknown,Unknown,Unknown
825,restobar near me,110000,4,33440,$0.19,21,49,https://www.zomato.com/bars-near-me,Unknown,Unknown,Unknown,Bar
826,near near me,110000,2,33440,$0.10,1,41,https://www.zomato.com/restaurants-near-me,Unknown,Unknown,Unknown,Restaurant
827,msai mara,110000,3,33440,$0.32,16,21,https://www.zomato.com/ncr/msai-mara-sector-16-faridabad,Unknown,Unknown,Unknown,Unknown
828,club,110000,21,363,$0.71,1,61,https://www.zomato.com/ncr/club,Unknown,Unknown,Unknown,Unknown
829,juice stores near me,110000,8,7249,$0.07,2,21,https://www.zomato.com/thejuiceshop,Unknown,Unknown,Unknown,Unknown
830,fishermans market,110000,55,231,$0.15,1,30,https://www.zomato.com/hyderabad/the-fishermans-wharf-financial-district,Hyderabad,Telangana,India,Unknown
831,treat,110000,11,2167,$0.95,2,61,https://www.zomato.com/bangalore/treat-indiranagar,Bangalore,Karnataka,India,Unknown
832,thakur village mumbai,90500,35,231,$0.09,10,44,https://www.zomato.com/mumbai/bar?zomato_place_id=112446,Mumbai,Maharashtra,India,Bar
833,near for me,135000,6,7249,$0.10,1,48,https://www.zomato.com/restaurants-near-me,Unknown,Unknown,Unknown,Restaurant
834,near by me,110000,6,10703,$0.26,1,42,https://www.zomato.com/restaurants-near-me,Unknown,Unknown,Unknown,Restaurant
835,food places near me,74000,4,33440,$0.39,14,32,https://www.zomato.com/restaurants-near-me,Unknown,Unknown,Unknown,Restaurant
836,delhi places to see,135000,46,231,$0.11,12,45,https://www.zomato.com/ncr,Unknown,Unknown,Unknown,Unknown
837,grand venice mall,110000,7,5159,$0,1,43,https://www.zomato.com/ncr/restaurants/in/the-grand-venice-mall-jaypee-greens,Unknown,Unknown,Unknown,Restaurant
838,beige bangalore,40500,3,33440,$0.15,4,28,https://www.zomato.com/bangalore/beige-2-marathahalli-bangalore,Bangalore,Karnataka,India,Unknown
839,baskin robbins near me,90500,9,5159,$0.08,2,33,https://www.zomato.com/hyderabad/baskin-robbins-ice-cream-desserts-masab-tank,Hyderabad,Telangana,India,Dessert
840,tamasha,110000,25,264,$0.06,1,61,https://www.zomato.com/ncr/tamasha-connaught-place-new-delhi/photos,Unknown,Unknown,Unknown,Unknown
841,sector 26,90500,4,33440,$0,10,49,https://www.zomato.com/chandigarh/sector-26-chandigarh-restaurants,Chandigarh,Chandigarh,India,Restaurant
842,restaurants near me that are good,110000,4,33440,$0.05,16,22,https://www.zomato.com/restaurants-near-me,Unknown,Unknown,Unknown,Restaurant
843,indian restaurant,110000,7,7249,$2.63,6,49,https://www.zomato.com/ncr/best-north-indian-restaurants,Unknown,Unknown,Unknown,Restaurant
844,city centre 2,90500,15,1001,$0,5,42,https://www.zomato.com/kolkata/restaurants/in/city-centre-2-chinar-park,Kolkata,West Bengal,India,Restaurant
845,good restaurants near me,110000,2,33440,$0.22,15,39,https://www.zomato.com/restaurants-near-me,Unknown,Unknown,Unknown,Restaurant
846,a2b near me,90500,4,33440,$0.12,6,42,https://www.zomato.com/bangalore/restaurants/a2b-adyar-ananda-bhavan,Bangalore,Karnataka,India,Restaurant
847,thakur village,90500,22,473,$0.09,10,49,https://www.zomato.com/mumbai/bar?zomato_place_id=112446,Mumbai,Maharashtra,India,Bar
848,near me restaurant,90500,4,33440,$0.22,14,45,https://www.zomato.com/restaurants-near-me,Unknown,Unknown,Unknown,Restaurant
849,matka pune,110000,8,2167,$0,1,11,https://www.zomato.com/pune/desi-matka-viman-nagar,Pune,Maharashtra,India,Unknown
850,lucky restaurant,110000,4,33440,$0.16,3,48,https://www.zomato.com/mumbai/lucky-restaurant-since-1938-hill-road-bandra-west,Mumbai,Maharashtra,India,Restaurant
851,hauz khas village,90500,9,7249,$0.49,5,42,https://www.zomato.com/ncr/hauz-khas-village-delhi-restaurants,Unknown,Unknown,Unknown,Restaurant
852,biriyani,110000,12,2816,$0.19,1,35,https://www.zomato.com/chennai/biryani,Chennai,Tamil Nadu,India,Unknown
853,47,110000,61,231,$0.10,1,44,https://www.zomato.com/ncr/dockyard-byob-sector-47-gurgaon,Unknown,Unknown,Unknown,Unknown
854,burger singh,110000,6,10703,$0.08,3,48,https://www.zomato.com/ncr/burger-singh-big-punjabi-burgers-raj-nagar-ghaziabad,Unknown,Unknown,Unknown,Unknown
855,pubs bars,110000,5,33440,$0.07,2,22,https://www.zomato.com/hyderabad/best-bars-and-pubs,Hyderabad,Telangana,India,Bar
856,places to visit delhi,135000,93,231,$0.09,14,47,https://www.zomato.com/ncr,Unknown,Unknown,Unknown,Unknown
857,xero degrees,110000,6,10703,$0,1,48,https://www.zomato.com/ncr/xero-degrees-connaught-place-new-delhi,Unknown,Unknown,Unknown,Unknown
858,santacruz west,90500,7,5159,$0.21,6,47,https://www.zomato.com/mumbai/santacruz-west-restaurants,Mumbai,Maharashtra,India,Restaurant
859,santacruz mumbai india,110000,97,231,$0.21,4,29,https://www.zomato.com/mumbai/best-santacruz-west-restaurants,Mumbai,Maharashtra,India,Restaurant
860,kalyani nagar pune maharashtra,110000,23,297,$0.09,5,20,https://www.zomato.com/pune/kalyani-veg-kalyani-nagar,Pune,Maharashtra,India,Unknown
861,polar bear near me,60500,7,7249,$0.48,1,24,https://www.zomato.com/bangalore/polar-bear-ice-cream-sundaes-3-whitefield-bangalore,Bangalore,Karnataka,India,Ice Cream
862,dwarka sector 10,110000,11,2167,$0.07,3,43,https://www.zomato.com/ncr/sector-10-dwarka-restaurants,Unknown,Unknown,Unknown,Restaurant
863,dil wale,110000,51,231,$0.04,1,30,https://www.zomato.com/bhubaneswar/dil-wale-restaurant-khandagiri-bhubaneshwar,Unknown,Unknown,Unknown,Restaurant
864,amul ice cream,90500,10,3718,$0.24,72,62,https://www.zomato.com/ncr/amul-ice-cream-1-saket-new-delhi/order,Unknown,Unknown,Unknown,Ice Cream
865,santacruz west mumbai,110000,9,3718,$0.18,5,20,https://www.zomato.com/mumbai/santacruz-west-restaurants,Mumbai,Maharashtra,India,Restaurant
866,indian restaurants,110000,6,17820,$2.63,6,49,https://www.zomato.com/ncr/best-north-indian-restaurants,Unknown,Unknown,Unknown,Restaurant
867,indian cuisine restaurant,90500,8,5159,$0.11,9,28,https://www.zomato.com/haridwar/restaurants/north-indian?no-bar=1&sort=best&page=3,Unknown,Unknown,Unknown,Restaurant
868,guna,110000,79,231,$0,1,60,https://www.zomato.com/bangalore/hotel-guna-marathahalli-bangalore,Bangalore,Karnataka,India,Hotel
869,cr park delhi,110000,18,649,$0.15,4,20,https://www.zomato.com/ncr/chittaranjan-park-delhi-restaurants,Unknown,Unknown,Unknown,Restaurant
870,bun butter jam,6600,21,616,$0.08,1,29,https://www.zomato.com/chennai/chennai-bun-butter-jam-aminijikarai,Chennai,Tamil Nadu,India,Unknown
871,food locations near me,110000,4,33440,$0.06,19,25,https://www.zomato.com/restaurants-near-me,Unknown,Unknown,Unknown,Restaurant
872,food eateries near me,74000,4,33440,$0.39,14,32,https://www.zomato.com/restaurants-near-me,Unknown,Unknown,Unknown,Restaurant
873,food area near me,90500,5,33440,$0.06,14,57,https://www.zomato.com/restaurants-near-me,Unknown,Unknown,Unknown,Restaurant
874,fairmont hotel mumbai,110000,14,1001,$0.30,24,50,https://www.zomato.com/mumbai/the-merchants-fairmont-mumbai-vile-parle-east,Mumbai,Maharashtra,India,Unknown
875,carnatic cafe,110000,6,17820,$0.03,4,49,https://www.zomato.com/ncr/carnatic-cafe-greater-kailash-gk-2-new-delhi,Unknown,Unknown,Unknown,Cafe
876,food place close to me,90500,4,33440,$0.06,18,30,https://www.zomato.com/restaurants-near-me,Unknown,Unknown,Unknown,Restaurant
877,mio amore,90500,10,5159,$0.12,1,46,https://www.zomato.com/kolkata/mio-amore-1-barrackpore,Kolkata,West Bengal,India,Bar
878,marigold,110000,63,231,$0.42,4,62,https://www.zomato.com/hyderabad/mekong-begumpet,Hyderabad,Telangana,India,Unknown
879,legends,110000,22,616,$0.11,1,52,https://www.zomato.com/bangalore/legends-brewery-varthur-main-road-whitefield-bangalore,Bangalore,Karnataka,India,Unknown
880,nearby me,90500,7,10703,$0.36,1,46,https://www.zomato.com/restaurants-near-me,Unknown,Unknown,Unknown,Restaurant
881,chutneys,110000,5,17820,$0.20,6,62,https://www.zomato.com/hyderabad/chutneys-jubilee-hills,Hyderabad,Telangana,India,Unknown
882,kya hai,110000,17,561,$0,1,35,https://www.zomato.com/ahmedabad/khane-me-kya-hai-satellite,Ahmedabad,Gujarat,India,Unknown
883,kavali,110000,6,7249,$0,1,60,https://www.zomato.com/kavali,Unknown,Unknown,Unknown,Unknown
884,mohammed ali road,110000,31,231,$0.40,3,43,https://www.zomato.com/mumbai/mohammad-ali-road-restaurants,Mumbai,Maharashtra,India,Restaurant
885,santosh nagar hyderabad,110000,41,231,$0.12,4,19,https://www.zomato.com/hyderabad/santosh-nagar-restaurants,Hyderabad,Telangana,India,Restaurant
886,sanjay nagar bangalore,110000,21,473,$0.11,4,19,https://www.zomato.com/bangalore/sanjay-nagar-restaurants,Bangalore,Karnataka,India,Restaurant
887,rmz ecoworld,110000,5,10703,$1.82,7,50,https://www.zomato.com/bangalore/restaurants/in/ecoworld-bellandur,Bangalore,Karnataka,India,Restaurant
888,ice cream cake,90500,13,2816,$0.24,42,53,https://www.zomato.com/mumbai/gourmet-ice-cream-cakes-by-baskin-robbins-1-mahakali/order,Mumbai,Maharashtra,India,Ice Cream
889,veg hotels near me,110000,6,10703,$0.10,9,37,https://www.zomato.com/restaurants-near-me,Unknown,Unknown,Unknown,Restaurant
890,la pino pizza,135000,10,5159,$0.08,6,44,https://www.zomato.com/bangalore/la-pinoz-pizza-koramangala-1st-block-bangalore,Bangalore,Karnataka,India,Pizza
891,places to roam in mumbai,110000,98,231,$0.08,26,45,https://www.zomato.com/mumbai/restaurants,Mumbai,Maharashtra,India,Restaurant
892,nsp delhi,90500,4,17820,$0.02,5,47,https://www.zomato.com/ncr/netaji-subhash-place-delhi-restaurants,Unknown,Unknown,Unknown,Restaurant
893,nearby me restaurant,110000,4,33440,$0.07,13,29,https://www.zomato.com/restaurants-near-me,Unknown,Unknown,Unknown,Restaurant
894,near me near me,135000,2,33440,$0.10,1,45,https://www.zomato.com/restaurants-near-me,Unknown,Unknown,Unknown,Restaurant
895,mutton shop near me,90500,11,2816,$0.36,15,20,https://www.zomato.com/ncr/mutton-dehatti-sector-72-noida,Unknown,Unknown,Unknown,Unknown
896,moments,110000,12,2816,$0,1,60,https://www.zomato.com/kolkata/moments-southern-avenue,Kolkata,West Bengal,India,Unknown
897,restaurant indian restaurant,110000,6,10703,$0.13,7,24,https://www.zomato.com/ncr/restaurants/modern-indian,Unknown,Unknown,Unknown,Restaurant
898,asha tiffin,110000,4,33440,$0.11,7,19,https://www.zomato.com/bangalore/asha-tiffins-hsr-bangalore,Bangalore,Karnataka,India,Unknown
899,advant navis business park,90500,4,33440,$0.44,3,33,https://www.zomato.com/ncr/restaurants/in/advant-navis-business-park,Unknown,Unknown,Unknown,Restaurant
900,zero mile,135000,11,5159,$0,5,49,https://www.zomato.com/kolkata/zero-miles-liluah-howrah,Kolkata,West Bengal,India,Unknown
901,sector 48 gurgaon,90500,19,616,$0.26,10,44,https://www.zomato.com/ncr/best-sector-48-noida-restaurants,Unknown,Unknown,Unknown,Restaurant
902,santacruz east,110000,18,561,$0.19,5,49,https://www.zomato.com/mumbai/best-santacruz-east-restaurants,Mumbai,Maharashtra,India,Restaurant
903,quarters,110000,16,1001,$0,1,60,https://www.zomato.com/pune/quarter-bar-kitchen-kharadi,Pune,Maharashtra,India,Bar
904,places to visit in delhi,135000,54,231,$0.12,19,40,https://www.zomato.com/ncr,Unknown,Unknown,Unknown,Unknown
905,netaji subhash place,90500,7,7249,$0.02,5,42,https://www.zomato.com/ncr/netaji-subhash-place-delhi-restaurants,Unknown,Unknown,Unknown,Restaurant
906,goregaon west mumbai,110000,18,649,$0.20,5,21,https://www.zomato.com/mumbai/goregaon-west-restaurants,Mumbai,Maharashtra,India,Restaurant
907,ghatkopar west mumbai,110000,14,1001,$0.15,4,21,https://www.zomato.com/mumbai/ghatkopar-west-restaurants,Mumbai,Maharashtra,India,Restaurant
908,food areas near me,110000,4,33440,$0.06,19,28,https://www.zomato.com/restaurants-near-me,Unknown,Unknown,Unknown,Restaurant
909,decent restaurant near me,110000,4,33440,$0.05,18,25,https://www.zomato.com/restaurants-near-me,Unknown,Unknown,Unknown,Restaurant
910,juice shop near me,90500,6,10703,$0.39,2,33,https://www.zomato.com/mysore/restaurants/juices,Unknown,Unknown,Unknown,Restaurant
911,char's,90500,12,1243,$0.18,1,39,https://www.zomato.com/chennai/char-injambakkam,Chennai,Tamil Nadu,India,Unknown
912,shipra mall in ghaziabad,110000,11,2167,$0.15,5,21,https://www.zomato.com/ncr/restaurants/in/shipra-mall-indirapuram,Unknown,Unknown,Unknown,Restaurant
913,nutri,110000,8,7249,$0.49,14,65,https://www.zomato.com/mumbai/nutri-health-1-mira-road,Mumbai,Maharashtra,India,Unknown
914,near me ice cream parlour,110000,5,17820,$0.04,6,29,https://www.zomato.com/ice-cream-restaurants-near-me,Unknown,Unknown,Unknown,Restaurant
915,near m e,135000,5,7249,$0.10,1,32,https://www.zomato.com/restaurants-near-me,Unknown,Unknown,Unknown,Restaurant
916,natural ice cream,165000,7,10703,$0.13,4,44,https://www.zomato.com/NaturalsCP,Unknown,Unknown,Unknown,Unknown
917,mall of asia,135000,9,2816,$0.07,2,43,https://www.zomato.com/bangalore/restaurants/in/phoenix-mall-of-asia-hebbal,Bangalore,Karnataka,India,Restaurant
918,restaurants that are good near me,110000,4,33440,$0.06,15,45,https://www.zomato.com/restaurants-near-me,Unknown,Unknown,Unknown,Restaurant
919,ice cream parlour near me,90500,5,33440,$0.34,5,34,https://www.zomato.com/ice-cream-restaurants-near-me,Unknown,Unknown,Unknown,Restaurant
920,7 eleven near me,90500,11,3718,$0.10,2,33,https://www.zomato.com/mumbai/7eleven-1-kharghar-navi-mumbai,Mumbai,Maharashtra,India,Unknown
921,hauz khas village in delhi,110000,12,2167,$0.22,3,40,https://www.zomato.com/ncr/hauz-khas-village-delhi-restaurants,Unknown,Unknown,Unknown,Restaurant
922,happy homes,110000,12,2816,$0.57,2,48,https://www.zomato.com/hyderabad/happy-homes-kukatpally,Hyderabad,Telangana,India,Unknown
923,flame,110000,41,231,$0.76,1,61,https://www.zomato.com/ahmedabad/fire-flames-memnagar,Ahmedabad,Gujarat,India,Unknown
924,sector 65 noida,74000,10,2316,$0.14,6,23,https://www.zomato.com/ncr/sector-65-noida-restaurants,Unknown,Unknown,Unknown,Restaurant
925,vada pav near me,90500,6,14661,$0.21,4,34,https://www.zomato.com/mumbai/delivery/dish-vada-pav,Mumbai,Maharashtra,India,Unknown
926,romeo lane,74000,4,27512,$0.29,5,42,https://www.zomato.com/ncr/romeo-lane-civil-lines-new-delhi,Unknown,Unknown,Unknown,Unknown
927,railway food ordering,110000,5,4244,$0.13,76,53,https://www.zomato.com/order-food-online-in-train,Unknown,Unknown,Unknown,Unknown
928,novotel juhu beach hotel mumbai,90500,32,190,$0.50,23,41,https://www.zomato.com/mumbai/the-square-novotel-mumbai-juhu-beach-juhu,Mumbai,Maharashtra,India,Unknown
929,narayan singh circle,90500,9,5963,$0,7,43,https://www.zomato.com/jaipur/narayan-singh-circle-restaurants,Jaipur,Rajasthan,India,Restaurant
930,leopold colaba mumbai,90500,4,14661,$0.14,4,24,https://www.zomato.com/mumbai/leopold-cafe-bar-colaba,Mumbai,Maharashtra,India,Cafe
931,jain,90500,98,190,$0.56,1,59,https://www.zomato.com/ncr/jain-rasoi-khel-gaon-marg-new-delhi,Unknown,Unknown,Unknown,Unknown
932,jagat niwas hotel udaipur,90500,19,389,$0.15,34,22,https://www.zomato.com/udaipur/jag-niwas-rooftop-restaurant-chandpole,Unknown,Unknown,Unknown,Restaurant
933,itc royal bengal,90500,18,533,$0.25,51,56,https://www.zomato.com/kolkata/restaurants/in/itc-royal-bengal-science-city-area,Kolkata,West Bengal,India,Restaurant
934,level,90500,48,190,$0.06,2,65,https://www.zomato.com/surat/levvel-5-restaurant-adajan-gam,Surat,Gujarat,India,Restaurant
935,ccd near me,110000,8,5963,$0.26,4,44,https://www.zomato.com/bangalore/restaurants/cafe-coffee-day,Bangalore,Karnataka,India,Restaurant
936,hotel sandeep,90500,4,27512,$0.20,4,47,https://www.zomato.com/pune/hotel-sandeep-jm-road,Pune,Maharashtra,India,Hotel
937,food ordering in train,90500,6,3058,$0.12,73,42,https://www.zomato.com/order-food-online-in-train,Unknown,Unknown,Unknown,Unknown
938,vasant kunj dlf emporio,90500,6,4244,$0.21,4,24,https://www.zomato.com/ncr/restaurants/in/dlf-emporio-mall-vasant-kunj,Unknown,Unknown,Unknown,Restaurant
939,truffles,110000,8,8805,$0.79,3,54,https://www.zomato.com/bangalore/truffles-koramangala-5th-block,Bangalore,Karnataka,India,Unknown
940,train food,90500,5,4244,$0.10,69,48,https://www.zomato.com/order-food-online-in-train,Unknown,Unknown,Unknown,Unknown
941,prashant corner,74000,6,14661,$0.11,6,42,https://www.zomato.com/mumbai/prashant-corner-panch-pakhadi-thane-west,Mumbai,Maharashtra,India,Unknown
942,order food in train,90500,9,1782,$0.11,72,44,https://www.zomato.com/order-food-online-in-train,Unknown,Unknown,Unknown,Unknown
943,lake mall,90500,6,4244,$0,3,46,https://www.zomato.com/kolkata/restaurants/in/lake-mall-rash-behari-avenue,Kolkata,West Bengal,India,Restaurant
944,kolkata sector 5 salt lake,110000,9,4244,$0.07,5,23,https://www.zomato.com/kolkata/drinks-and-nightlife-in-sector-5-salt-lake,Kolkata,West Bengal,India,Unknown
945,kerala restaurants near me,74000,4,27512,$0.19,4,29,https://www.zomato.com/mumbai/restaurants/kerala,Mumbai,Maharashtra,India,Restaurant
946,indian kerala restaurant near me,74000,4,27512,$0.04,2,23,https://www.zomato.com/kerala-restaurants-near-me,Unknown,Unknown,Unknown,Restaurant
947,ikea navi mumbai,90500,15,823,$0.44,28,49,https://www.zomato.com/mumbai/ikea-cafe-turbhe-navi-mumbai,Mumbai,Maharashtra,India,Cafe
948,novotel juhu hotel,90500,10,1782,$0.38,22,41,https://www.zomato.com/mumbai/restaurants/in/novotel-juhu,Mumbai,Maharashtra,India,Restaurant
949,mumbai carter road,90500,6,14661,$0.06,10,30,https://www.zomato.com/mumbai/carter-road-bandra-west-restaurants,Mumbai,Maharashtra,India,Restaurant
950,dlf emporio vasant kunj,74000,5,5963,$0.41,4,29,https://www.zomato.com/ncr/restaurants/in/dlf-emporio-mall-vasant-kunj,Unknown,Unknown,Unknown,Restaurant
951,dabra city,90500,10,3058,$0.07,1,24,https://www.zomato.com/dabra/dabra-city-restaurants,Unknown,Unknown,Unknown,Restaurant
952,corner house,74000,5,14661,$0.50,3,41,https://www.zomato.com/bangalore/corner-house-ice-creams-indiranagar-bangalore,Bangalore,Karnataka,India,Ice Cream
953,burger close to me,90500,4,27512,$0.07,8,39,https://www.zomato.com/burger-restaurants-near-me,Unknown,Unknown,Unknown,Restaurant
954,vedic village resort in kolkata,90500,81,190,$0.16,25,36,https://www.zomato.com/kolkata/restaurants/in/axis-mall-new-town,Kolkata,West Bengal,India,Restaurant
955,toits,90500,6,8805,$0.16,5,43,https://www.zomato.com/bangalore/toit-indiranagar,Bangalore,Karnataka,India,Unknown
956,the lalit new delhi,90500,12,1357,$0.38,15,37,https://www.zomato.com/ncr/restaurants/in/the-lalit-new-delhi-barakhamba-road,Unknown,Unknown,Unknown,Restaurant
957,taj west end bengaluru,90500,14,1022,$0.31,26,42,https://www.zomato.com/bangalore/restaurants/in/the-taj-west-end-race-course-road,Bangalore,Karnataka,India,Restaurant
958,near to me gas station,90500,10,3058,$0.03,1,15,https://www.zomato.com/ncr/delhi-fuel-station-your-everyday-bar-sheikh-sarai-new-delhi,Unknown,Unknown,Unknown,Bar
959,nad junction vizag,74000,7,4244,$0,9,38,https://www.zomato.com/visakhapatnam/best-nad-junction-restaurants,Unknown,Unknown,Unknown,Restaurant
960,mutton,90500,19,506,$0.27,24,66,https://www.zomato.com/mumbai/mutton-sutton-taste-of-bihar-and-bengal-mira-road/order,Mumbai,Maharashtra,India,Unknown
961,leopold café mumbai,90500,3,27512,$0.21,4,28,https://www.zomato.com/mumbai/leopold-cafe-bar-colaba,Mumbai,Maharashtra,India,Cafe
962,pnr pnr number,90500,84,190,$0.01,4,57,https://www.zomato.com/order-food-online-in-train,Unknown,Unknown,Unknown,Unknown
963,order food train,90500,4,5963,$0.10,72,42,https://www.zomato.com/order-food-online-in-train,Unknown,Unknown,Unknown,Unknown
964,food near me chinese,90500,4,27512,$0.08,4,41,https://www.zomato.com/chinese-restaurants-near-me,Unknown,Unknown,Unknown,Restaurant
965,64,90500,23,217,$0.32,1,28,https://www.zomato.com/bangalore/daak-64-yelahanka-bangalore,Bangalore,Karnataka,India,Unknown
966,dhanori,90500,19,533,$0.11,6,60,https://www.zomato.com/pune/dhanori-restaurants,Pune,Maharashtra,India,Restaurant
967,carter road mumbai,90500,4,27512,$0,5,42,https://www.zomato.com/mumbai/carter-road-bandra-west-restaurants,Mumbai,Maharashtra,India,Restaurant
968,cafes near me near me,90500,4,27512,$0.05,28,22,https://www.zomato.com/cafes-near-me,Unknown,Unknown,Unknown,Cafe
969,cafe leopold mumbai,74000,3,27512,$0.58,4,37,https://www.zomato.com/mumbai/leopold-cafe-bar-colaba,Mumbai,Maharashtra,India,Cafe
970,sitaram diwan chand delhi,74000,5,14661,$0.26,4,26,https://www.zomato.com/ncr/sita-ram-diwan-chand-paharganj-new-delhi,Unknown,Unknown,Unknown,Unknown
971,train food order,90500,7,2316,$0.12,73,45,https://www.zomato.com/order-food-online-in-train,Unknown,Unknown,Unknown,Unknown
972,madras cafeteria,90500,3,27512,$0.15,1,21,https://www.zomato.com/ncr/madras-cafeteria-indirapuram-ghaziabad,Unknown,Unknown,Unknown,Cafe
973,leela palace hotel delhi,90500,14,1357,$0.75,30,43,https://www.zomato.com/ncr/restaurants/in/the-leela-palace-new-delhi,Unknown,Unknown,Unknown,Restaurant
974,layers,90500,19,389,$0.29,1,58,https://www.zomato.com/hyderabad/layers-cakes-desserts-saroor-nagar,Hyderabad,Telangana,India,Dessert
975,order lunch in train,90500,7,3058,$0.12,73,45,https://www.zomato.com/order-food-online-in-train,Unknown,Unknown,Unknown,Unknown
976,dlf emporio mall delhi,74000,13,823,$0,4,29,https://www.zomato.com/ncr/restaurants/in/dlf-emporio-mall-vasant-kunj,Unknown,Unknown,Unknown,Restaurant
977,chefs,90500,29,199,$0.31,1,58,https://www.zomato.com/mangalore/chefs-kadri,Unknown,Unknown,Unknown,Unknown
978,fssai login,74000,21,244,$0.21,1,40,https://www.zomato.com/restaurant-services-hub/fssai/?referrer=appdiytool_banner,Unknown,Unknown,Unknown,Restaurant
979,food court,90500,8,8805,$0.07,2,27,https://www.zomato.com/hyderabad/food-court,Hyderabad,Telangana,India,Unknown
980,fastfood,90500,7,8805,$0.19,1,81,https://www.zomato.com/hyderabad/fast-food,Hyderabad,Telangana,India,Fast Food
981,sector 104,90500,3,27512,$0.15,6,47,https://www.zomato.com/ncr/sector-104-restaurants,Unknown,Unknown,Unknown,Restaurant
982,raja park,74000,6,8805,$0.23,6,42,https://www.zomato.com/jaipur/raja-park-restaurants,Jaipur,Rajasthan,India,Restaurant
983,moti bagh,90500,10,1782,$0,3,46,https://www.zomato.com/ncr/moti-bagh-delhi-restaurants,Unknown,Unknown,Unknown,Restaurant
984,mani square in kolkata,90500,11,1782,$0.09,4,22,https://www.zomato.com/kolkata/restaurants/in/mani-square-mall-embypass?category=9&no-bar=1,Kolkata,West Bengal,India,Restaurant
985,mallu,90500,16,823,$0,1,58,https://www.zomato.com/goa/mallu-republic-panaji/photos,Goa,Goa,India,Unknown
986,chole bhature,135000,12,3058,$0.11,1,48,https://www.zomato.com/ncr/delivery/dish-chole-bhature,Unknown,Unknown,Unknown,Unknown
987,burgers near me,90500,5,14661,$0.22,6,42,https://www.zomato.com/burger-restaurants-near-me,Unknown,Unknown,Unknown,Restaurant
988,juice,110000,23,389,$0.48,14,65,https://www.zomato.com/bangalore/blah-blah-juices-hsr-bangalore/order,Bangalore,Karnataka,India,Unknown
989,itarsi,90500,109,190,$0,1,58,https://www.zomato.com/order-food-online-in-train,Unknown,Unknown,Unknown,Unknown
990,great,90500,10,2316,$2.30,1,60,https://www.zomato.com/pune/great-indian-khichdi-by-eatfit-wadgaon-sheri,Pune,Maharashtra,India,Unknown
991,fuel station near me,49500,8,5963,$0.35,1,20,https://www.zomato.com/nagpur/fuel-station-cafe-restro-dharampeth,Nagpur,Maharashtra,India,Cafe
992,food on train,90500,6,4244,$0.10,69,47,https://www.zomato.com/order-food-online-in-train,Unknown,Unknown,Unknown,Unknown
993,bhakti shakti chowk,74000,11,1357,$0,5,37,https://www.zomato.com/pune/restaurants/near/bhakti-shakti-chowk?place_name=Transport+Nagar+Nigdi%2C+Nigdi%2C+Pimpri-Chinchwad%2CPune&dishv2_id=35301&category=8,Pune,Maharashtra,India,Restaurant
994,best biryani in near me,90500,6,14661,$0.07,8,23,https://www.zomato.com/bangalore/classic-biryanis,Bangalore,Karnataka,India,Unknown
995,beer $ wine shop,90500,20,461,$0,1,10,https://www.zomato.com/visakhapatnam/beverage-shop,Unknown,Unknown,Unknown,Unknown
996,tan coffee,74000,7,5963,$3.47,3,41,https://www.zomato.com/ncr/tan-coffee-1-connaught-place-new-delhi,Unknown,Unknown,Unknown,Coffee
997,tiffin near me,90500,6,8805,$0.16,6,42,https://www.zomato.com/restaurants-near-me,Unknown,Unknown,Unknown,Restaurant
998,nad junction,74000,10,4244,$0,9,43,https://www.zomato.com/visakhapatnam/nad-junction-restaurants,Unknown,Unknown,Unknown,Restaurant
999,n a d junction,90500,15,1022,$0.10,3,21,https://www.zomato.com/visakhapatnam/best-nad-junction-restaurants,Unknown,Unknown,Unknown,Restaurant
1000,levels,74000,20,533,$0.20,1,53,https://www.zomato.com/bangalore/levels-pub-kitchen-jp-nagar-bangalore,Bangalore,Karnataka,India,Unknown
1001,kolkata mani square,90500,4,8805,$0.10,4,22,https://www.zomato.com/kolkata/restaurants/in/mani-square-mall-embypass?category=9&no-bar=1,Kolkata,West Bengal,India,Restaurant
1002,dessert near me,60500,4,27512,$0.34,8,34,https://www.zomato.com/dessert-parlor-near-me,Unknown,Unknown,Unknown,Dessert
1003,best cafe near me,74000,5,14661,$0.18,14,36,https://www.zomato.com/cafes-near-me,Unknown,Unknown,Unknown,Cafe
1004,bandra east mumbai,74000,13,1357,$0.20,6,24,https://www.zomato.com/mumbai/bandra-east-restaurants,Mumbai,Maharashtra,India,Restaurant
1005,slice,74000,19,389,$0.56,8,56,https://www.zomato.com/ncr/slice-connaught-place-new-delhi,Unknown,Unknown,Unknown,Unknown
1006,shalimar howrah,90500,30,199,$0,1,20,https://www.zomato.com/kolkata/sarkar-hotel-shalimar-howrah,Kolkata,West Bengal,India,Hotel
1007,sector v salt lake kolkata,110000,8,4244,$0.07,5,22,https://www.zomato.com/kolkata/drinks-and-nightlife-in-sector-5-salt-lake,Kolkata,West Bengal,India,Unknown
1008,westend mall,49500,3,8805,$0,6,34,https://www.zomato.com/pune/restaurants/in/westend-mall-aundh,Pune,Maharashtra,India,Restaurant
1009,the lalit new delhi new delhi delhi,90500,11,1357,$0.58,19,46,https://www.zomato.com/ncr/restaurants/in/the-lalit-new-delhi-barakhamba-road,Unknown,Unknown,Unknown,Restaurant
1010,singh,90500,22,389,$0.07,1,31,https://www.zomato.com/hyderabad/singh-fast-food-ameerpet/menu,Hyderabad,Telangana,India,Fast Food
1011,sector 58 noida,90500,9,3058,$0.14,5,20,https://www.zomato.com/ncr/sector-58-noida-restaurants,Unknown,Unknown,Unknown,Restaurant
1012,nad junction visakhapatnam,90500,20,389,$0,5,42,https://www.zomato.com/visakhapatnam/best-nad-junction-restaurants,Unknown,Unknown,Unknown,Restaurant
1013,moti bagh new delhi,90500,20,389,$0.18,4,22,https://www.zomato.com/ncr/best-moti-bagh-restaurants,Unknown,Unknown,Unknown,Restaurant
1014,mo n,74000,36,190,$0.79,1,47,https://www.zomato.com/kolkata/mon-chai-bhatpara,Kolkata,West Bengal,India,Unknown
1015,mayur vihar iii,90500,61,190,$0.08,5,19,https://www.zomato.com/ncr/aggarwal-sweets-mayur-vihar-phase-3-new-delhi,Unknown,Unknown,Unknown,Unknown
1016,ravi's,90500,7,14661,$0.07,1,21,https://www.zomato.com/nagpur/ravis-food-sadar,Nagpur,Maharashtra,India,Unknown
1017,railway food order,90500,5,4244,$0.12,64,43,https://www.zomato.com/order-food-online-in-train,Unknown,Unknown,Unknown,Unknown
1018,pimple saudagar,90500,13,1357,$0.28,14,50,https://www.zomato.com/pune/pimple-saudagar-restaurants,Pune,Maharashtra,India,Restaurant
1019,pat's,90500,6,27512,$0.03,1,34,https://www.zomato.com/trivandrum/pats-cafe-palayam,Unknown,Unknown,Unknown,Cafe
1020,great cafes near me,90500,4,27512,$0.05,17,32,https://www.zomato.com/cafes-near-me,Unknown,Unknown,Unknown,Cafe
1021,i t o delhi,90500,16,1022,$0.15,3,17,https://www.zomato.com/ncr/best-ito-restaurants,Unknown,Unknown,Unknown,Restaurant
1022,cafe near me near me,90500,4,27512,$0.04,32,22,https://www.zomato.com/cafes-near-me,Unknown,Unknown,Unknown,Cafe
1023,best cafes near me,74000,4,27512,$0.18,14,32,https://www.zomato.com/cafes-near-me,Unknown,Unknown,Unknown,Cafe
1024,sector 75 noida,90500,13,1357,$0.18,6,19,https://www.zomato.com/ncr/sector-75-restaurants,Unknown,Unknown,Unknown,Restaurant
1025,meena's,90500,9,3058,$0.07,1,37,https://www.zomato.com/ncr/meenas-chinese-kitchen-amrapali-leisure-valley-greater-noida,Unknown,Unknown,Unknown,Unknown
1026,long boat brewing co,74000,4,14661,$0.64,13,31,https://www.zomato.com/bangalore/long-boat-brewing-co-marathahalli-bangalore,Bangalore,Karnataka,India,Unknown
1027,indian kerala restaurants near me,90500,4,27512,$0.04,1,23,https://www.zomato.com/kerala-restaurants-near-me,Unknown,Unknown,Unknown,Restaurant
1028,burger near me,90500,5,14661,$0.22,6,42,https://www.zomato.com/burger-restaurants-near-me,Unknown,Unknown,Unknown,Restaurant
1029,fast foods,110000,7,14661,$0.17,1,74,https://www.zomato.com/hyderabad/fast-food,Hyderabad,Telangana,India,Fast Food
1030,fast food,90500,11,3058,$0.19,1,22,https://www.zomato.com/jaipur/fast-food,Jaipur,Rajasthan,India,Fast Food
1031,city centre 1 kolkata,90500,2,27512,$0.20,5,19,https://www.zomato.com/kolkata/restaurants/in/city-centre-mall-saltlake,Kolkata,West Bengal,India,Restaurant
1032,raja park jaipur,74000,8,4244,$0.12,6,20,https://www.zomato.com/jaipur/raja-park-restaurants,Jaipur,Rajasthan,India,Restaurant
1033,vile parle east mumbai,74000,10,3058,$0.19,6,19,https://www.zomato.com/mumbai/vile-parle-east-restaurants,Mumbai,Maharashtra,India,Restaurant
1034,vile parle east,60500,9,3058,$0.13,12,35,https://www.zomato.com/mumbai/vile-parle-east-restaurants,Mumbai,Maharashtra,India,Restaurant
1035,triplicane chennai,90500,19,506,$0.13,5,19,https://www.zomato.com/chennai/best-triplicane-restaurants,Chennai,Tamil Nadu,India,Restaurant
1036,train order food,110000,5,4244,$0.14,56,54,https://www.zomato.com/order-food-online-in-train,Unknown,Unknown,Unknown,Unknown
1037,the leela palace new delhi,90500,16,533,$0.26,13,36,https://www.zomato.com/ncr/restaurants/in/the-leela-palace-new-delhi,Unknown,Unknown,Unknown,Restaurant
1038,way,110000,20,461,$0.08,1,46,https://www.zomato.com/pune/way-down-south-1-baner,Pune,Maharashtra,India,Unknown
1039,shopping arcade,90500,29,208,$0.09,5,20,https://www.zomato.com/ncr/restaurants/in/sushant-shopping-arcade,Unknown,Unknown,Unknown,Restaurant
1040,purple martini,90500,5,14661,$0.17,3,46,https://www.zomato.com/goa/purple-martini-anjuna,Goa,Goa,India,Unknown
1041,taj west end hotel in bangalore,33100,20,389,$0.38,47,40,https://www.zomato.com/bangalore/restaurants/in/the-taj-west-end-race-course-road,Bangalore,Karnataka,India,Restaurant
1042,taj skyline ahmedabad,74000,24,298,$0.20,14,40,https://www.zomato.com/ahmedabad/shamiana-by-taj-skyline-bodakdev,Ahmedabad,Gujarat,India,Unknown
1043,boba tea,90500,15,1782,$0.49,3,46,https://www.zomato.com/ncr/bubble-boba-tea-sector-66-gurgaon/order,Unknown,Unknown,Unknown,Unknown
1044,malayali restaurants near me,74000,2,27512,$0.43,4,29,https://www.zomato.com/bangalore/restaurants/kerala,Bangalore,Karnataka,India,Restaurant
1045,jagat niwas,90500,21,389,$0.19,32,25,https://www.zomato.com/udaipur/jag-niwas-rooftop-restaurant-chandpole,Unknown,Unknown,Unknown,Restaurant
1046,murugan idli shop,90500,7,8805,$0,3,41,https://www.zomato.com/chennai/murugan-idli-shop-t-nagar,Chennai,Tamil Nadu,India,Unknown
1047,dlf avenue saket,90500,2,14661,$0,6,42,https://www.zomato.com/ncr/restaurants/in/dlf-avenue-saket,Unknown,Unknown,Unknown,Restaurant
1048,chinese food near me,74000,4,27512,$0.36,5,29,https://www.zomato.com/chinese-restaurants-near-me,Unknown,Unknown,Unknown,Restaurant
1049,food order in train,90500,7,3058,$0.11,72,45,https://www.zomato.com/order-food-online-in-train,Unknown,Unknown,Unknown,Unknown
1050,hub 4u,90500,7,2316,$0,1,23,https://www.zomato.com/ncr/south-indian-hub-4u-1-ina-new-delhi,Unknown,Unknown,Unknown,Unknown
1051,besant nagar chennai,90500,13,1357,$0.13,6,21,https://www.zomato.com/chennai/besant-nagar-restaurants,Chennai,Tamil Nadu,India,Restaurant
1052,absolute barbecues,90500,8,8805,$0.02,8,48,https://www.zomato.com/kolkata/abs-absolute-barbecues-sector-5-salt-lake,Kolkata,West Bengal,India,Bar
1053,78,90500,21,389,$0.21,1,27,https://www.zomato.com/indore/kitchen-78-vijay-nagar,Indore,Madhya Pradesh,India,Unknown
1054,pincode indore,90500,7,8805,$0,1,22,https://www.zomato.com/indore/pincode-by-kunal-kapur-vijay-nagar,Indore,Madhya Pradesh,India,Unknown
1055,order food online in train,90500,4,5963,$0.10,72,43,https://www.zomato.com/order-food-online-in-train,Unknown,Unknown,Unknown,Unknown
1056,hotel leela palace new delhi,90500,10,2316,$0.81,15,41,https://www.zomato.com/ncr/restaurants/in/the-leela-palace-new-delhi,Unknown,Unknown,Unknown,Restaurant
1057,dlf street food,74000,8,8805,$0,7,38,https://www.zomato.com/hyderabad/restaurants/in/dlf-area-gachibowli,Hyderabad,Telangana,India,Restaurant
1058,chai sutta bar,90500,10,4244,$0.17,4,42,https://www.zomato.com/khanna/chai-sutta-bar-khanna-locality/order,Unknown,Unknown,Unknown,Bar
1059,glen's bakehouse,90500,5,14661,$0.23,11,49,https://www.zomato.com/bangalore/glens-bakehouse-indiranagar-bangalore,Bangalore,Karnataka,India,Unknown
1060,charlies,74000,11,1357,$0.11,1,56,https://www.zomato.com/bangalore/charlies-happy-hour-lasts-forever-jp-nagar-bangalore,Bangalore,Karnataka,India,Unknown
1061,noida sector 58,90500,22,389,$0.12,5,19,https://www.zomato.com/ncr/sector-58-noida-restaurants,Unknown,Unknown,Unknown,Restaurant
1062,milano ice cream,60500,6,14661,$0.12,10,35,https://www.zomato.com/hyderabad/milano-ice-cream-jubilee-hills,Hyderabad,Telangana,India,Ice Cream
1063,salt lake sector 5 kolkata,90500,8,4244,$0.07,5,23,https://www.zomato.com/kolkata/drinks-and-nightlife-in-sector-5-salt-lake,Kolkata,West Bengal,India,Unknown
1064,taj west end hotel bangalore,90500,7,4244,$0.31,26,41,https://www.zomato.com/bangalore/restaurants/in/the-taj-west-end-race-course-road,Bangalore,Karnataka,India,Restaurant
1065,sector 65,74000,8,4244,$0.33,10,44,https://www.zomato.com/ncr/sector-65-gurgaon-restaurants,Unknown,Unknown,Unknown,Restaurant
1066,great cafe near me,74000,5,14661,$0.05,14,31,https://www.zomato.com/cafes-near-me,Unknown,Unknown,Unknown,Cafe
1067,lulu mall bangalore,90500,11,1022,$0,1,40,https://www.zomato.com/bangalore/lulu-hypermarket-kanakapura-road-bangalore,Bangalore,Karnataka,India,Unknown
1068,le meridien new delhi,90500,33,190,$0.24,9,35,https://www.zomato.com/ncr/the-one-le-meridien-janpath-new-delhi,Unknown,Unknown,Unknown,Unknown
1069,best biryani near me,74000,6,14661,$0.17,8,30,https://www.zomato.com/biryani-restaurants-near-me,Unknown,Unknown,Unknown,Restaurant
1070,carter road,90500,4,27512,$0,5,47,https://www.zomato.com/mumbai/carter-road-bandra-west-restaurants,Mumbai,Maharashtra,India,Restaurant
1071,dlf emporio mall,90500,13,1022,$0.23,3,41,https://www.zomato.com/ncr/restaurants/in/dlf-emporio-mall-vasant-kunj,Unknown,Unknown,Unknown,Restaurant
1072,dlf emporio delhi,74000,8,2316,$0.41,4,37,https://www.zomato.com/ncr/restaurants/in/dlf-emporio-mall-vasant-kunj,Unknown,Unknown,Unknown,Restaurant
1073,chinese dish near me,90500,5,14661,$0.07,5,27,https://www.zomato.com/chinese-restaurants-near-me,Unknown,Unknown,Unknown,Restaurant
1074,mani square kolkata,74000,5,5963,$0.11,4,25,https://www.zomato.com/kolkata/restaurants/in/mani-square-mall-embypass?category=9&no-bar=1,Kolkata,West Bengal,India,Restaurant
1075,mani square,74000,3,8805,$0,8,43,https://www.zomato.com/kolkata/restaurants/in/mani-square-mall-embypass?category=9&no-bar=1,Kolkata,West Bengal,India,Restaurant
1076,malabar,74000,18,533,$0.32,45,67,https://www.zomato.com/mangalore/malabar-bites-attavar,Unknown,Unknown,Unknown,Bar
1077,mysore pak,90500,31,190,$0.10,59,63,https://www.zomato.com/mysore/world-of-mysore-pak-ittige-gudu/order,Unknown,Unknown,Unknown,Unknown
1078,mumbai leopold cafe,90500,5,14661,$0.14,4,35,https://www.zomato.com/mumbai/leopold-cafe-bar-colaba,Mumbai,Maharashtra,India,Cafe
1079,veg food restaurants,90500,6,14661,$0.07,2,24,https://www.zomato.com/hyderabad/vegetarian-restaurants,Hyderabad,Telangana,India,Restaurant
1080,tea near me,74000,4,27512,$0.67,3,36,https://www.zomato.com/tea-restaurants-near-me,Unknown,Unknown,Unknown,Restaurant
1081,indian delhi,74000,17,823,$0.43,1,67,https://www.zomato.com/ncr/restaurants/modern-indian,Unknown,Unknown,Unknown,Restaurant
1082,grand hyatt mumbai hotel & residences,74000,11,1357,$0.86,6,29,https://www.zomato.com/mumbai/restaurants/in/grand-hyatt-mumbai-residences-santacruz-east,Mumbai,Maharashtra,India,Restaurant
1083,gachibowli circle,40500,33,190,$0,14,35,https://www.zomato.com/hyderabad/n-circle-family-restaurant-1-gachibowli,Hyderabad,Telangana,India,Restaurant
1084,food spots near me,60500,4,27512,$0.35,9,26,https://www.zomato.com/restaurants-near-me,Unknown,Unknown,Unknown,Restaurant
1085,food in train,90500,6,3058,$0.10,69,44,https://www.zomato.com/order-food-online-in-train,Unknown,Unknown,Unknown,Unknown
1086,block 5,90500,14,823,$0.14,3,22,https://www.zomato.com/bhubaneswar/block-5-foods-jagmohan-nagar-bhubaneshwar,Unknown,Unknown,Unknown,Unknown
1087,besant nagar,90500,10,2316,$0.19,6,47,https://www.zomato.com/chennai/besant-nagar-restaurants,Chennai,Tamil Nadu,India,Restaurant
1088,cafe coffee day near me,90500,8,5963,$0.24,5,34,https://www.zomato.com/ncr/restaurants/cafe-coffee-day?landmark_id=36&category=2,Unknown,Unknown,Unknown,Restaurant
1089,vegetarian restaurants,90500,11,3058,$0.17,2,46,https://www.zomato.com/restaurants-near-me,Unknown,Unknown,Unknown,Restaurant
1090,vasai,90500,32,190,$1.08,1,34,https://www.zomato.com/mumbai/vasai-restaurants,Mumbai,Maharashtra,India,Restaurant
1091,sector 80,60500,14,1357,$0.29,10,40,https://www.zomato.com/ncr/sector-80-restaurants,Unknown,Unknown,Unknown,Restaurant
1092,raju,90500,23,389,$0,1,58,https://www.zomato.com/ludhiana/raju-superhit-pizza-wala-dugri,Unknown,Unknown,Unknown,Pizza
1093,promenade,90500,9,4244,$0.14,1,59,https://www.zomato.com/ncr/restaurants/in/dlf-promenade-mall-vasant-kunj,Unknown,Unknown,Unknown,Restaurant
1094,persian darbar,74000,4,27512,$0.31,3,41,https://www.zomato.com/mumbai/persian-darbar-byculla,Mumbai,Maharashtra,India,Bar
1095,nariman point,90500,15,1357,$0.23,8,48,https://www.zomato.com/mumbai/drinks-and-nightlife-in-nariman-point,Mumbai,Maharashtra,India,Unknown
1096,mess near me,90500,5,14661,$0.14,5,42,https://www.zomato.com/nagpur/mess,Nagpur,Maharashtra,India,Unknown
1097,dlf emporio,74000,7,3058,$0,7,43,https://www.zomato.com/ncr/restaurants/in/dlf-emporio-mall-vasant-kunj,Unknown,Unknown,Unknown,Restaurant
1098,best cafe close to me,74000,5,27512,$0.05,13,48,https://www.zomato.com/cafes-near-me,Unknown,Unknown,Unknown,Cafe
1099,shop no 1,90500,5,27512,$0.11,2,19,https://www.zomato.com/ncr/shop-no-1-ashok-vihar-new-delhi,Unknown,Unknown,Unknown,Unknown
1100,sector v salt lake,110000,9,3058,$0.07,5,23,https://www.zomato.com/kolkata/drinks-and-nightlife-in-sector-5-salt-lake,Kolkata,West Bengal,India,Unknown
1101,santacruz taj,90500,28,190,$0.54,27,26,https://www.zomato.com/mumbai/tiqri-taj-santacruz-vile-parle-east,Mumbai,Maharashtra,India,Unknown
1102,vr mall surat,60500,10,1357,$0.02,6,33,https://www.zomato.com/surat/restaurants/in/vr-mall-city-light,Surat,Gujarat,India,Restaurant
1103,star mall,90500,4,8805,$0,6,47,https://www.zomato.com/kolkata/restaurants/in/star-mall,Kolkata,West Bengal,India,Restaurant
1104,nice ring road,90500,44,190,$0.11,4,18,https://www.zomato.com/bangalore/restaurants,Bangalore,Karnataka,India,Restaurant
1105,gopalan innovation mall bangalore,90500,7,4244,$0.28,7,20,https://www.zomato.com/bangalore/restaurants/in/gopalan-innovation-mall-bannerghatta,Bangalore,Karnataka,India,Restaurant
1106,fast food food,90500,13,2316,$0.11,1,35,https://www.zomato.com/indore/fast-food,Indore,Madhya Pradesh,India,Fast Food
1107,down,90500,37,190,$0.06,1,65,https://www.zomato.com/varanasi/down-town-foodise-pandeypur,Varanasi,Uttar Pradesh,India,Unknown
1108,di's,90500,4,8805,$0,1,30,https://www.zomato.com/ncr/d-dis-kitchen-sector-9-dwarka-new-delhi,Unknown,Unknown,Unknown,Unknown
1109,leela palace new delhi,90500,66,190,$0.32,30,42,https://www.zomato.com/ncr/the-qube-the-leela-palace-chanakyapuri-new-delhi,Unknown,Unknown,Unknown,Unknown
1110,jail road,74000,3,27512,$0,3,41,https://www.zomato.com/ncr/jail-road-delhi-restaurants,Unknown,Unknown,Unknown,Restaurant
1111,hotel novotel juhu,90500,8,3058,$0.50,23,39,https://www.zomato.com/mumbai/restaurants/in/novotel-juhu,Mumbai,Maharashtra,India,Restaurant
1112,abs barbeque,90500,7,8805,$0.01,17,29,https://www.zomato.com/hyderabad/abs-absolute-barbecues-hitech-city,Hyderabad,Telangana,India,Bar
1113,chole bhature near me,74000,4,27512,$0.18,5,22,https://www.zomato.com/ncr/delivery/dish-chole-bhature,Unknown,Unknown,Unknown,Unknown
1114,bo's,90500,3,14661,$0.04,1,24,https://www.zomato.com/surat/bos-paradise-magdalla,Surat,Gujarat,India,Unknown
1115,the wellness co,90500,15,2316,$0.56,7,21,https://www.zomato.com/ncr/the-wellness-co-sector-43-gurgaon,Unknown,Unknown,Unknown,Unknown
1116,taj west end bangalore,90500,7,4244,$0.17,25,40,https://www.zomato.com/bangalore/restaurants/in/the-taj-west-end-race-course-road,Bangalore,Karnataka,India,Restaurant
1117,pin mumbai,90500,23,244,$0.05,1,16,https://www.zomato.com/mumbai/the-rolling-pin-lower-parel,Mumbai,Maharashtra,India,Unknown
1118,orchid hotel pune,90500,7,3058,$0.20,19,46,https://www.zomato.com/pune/boulevard-the-orchid-hotel-balewadi,Pune,Maharashtra,India,Hotel
1119,noida sector 65,90500,9,4244,$0.15,6,19,https://www.zomato.com/ncr/sector-65-noida-restaurants,Unknown,Unknown,Unknown,Restaurant
1120,niloufer cafe,90500,7,8805,$0.02,7,48,https://www.zomato.com/hyderabad/cafe-niloufer-1-lakdikapul,Hyderabad,Telangana,India,Cafe
1121,mumbai cafe leopold,90500,5,14661,$0.14,4,28,https://www.zomato.com/mumbai/leopold-cafe-bar-colaba,Mumbai,Maharashtra,India,Cafe
1122,mumbai bazar,74000,16,461,$0,1,40,https://www.zomato.com/kolkata/new-mumbai-snacks-fast-food-bow-bazar,Kolkata,West Bengal,India,Fast Food
1123,qu qu,90500,8,4244,$0.01,1,32,https://www.zomato.com/ncr/ququ-cafe-golf-course-road-gurgaon,Unknown,Unknown,Unknown,Cafe
1124,le méridien new delhi,90500,11,1782,$0.46,12,43,https://www.zomato.com/ncr/restaurants/in/le-meridien-new-delhi-janpath,Unknown,Unknown,Unknown,Restaurant
1125,donuts,90500,14,1782,$0.19,4,60,https://www.zomato.com/ncr/mad-over-donuts-lajpat-nagar-2-new-delhi,Unknown,Unknown,Unknown,Unknown
1126,arun ice cream,74000,10,4244,$0.19,19,41,https://www.zomato.com/hyderabad/arun-ice-creams-trimulgherry-secunderabad,Hyderabad,Telangana,India,Ice Cream
1127,absolute barbecue,90500,8,8805,$0.14,18,51,https://www.zomato.com/hyderabad/abs-absolute-barbecues-jubilee-hills,Hyderabad,Telangana,India,Bar
1128,havmor ice cream,90500,10,4244,$0.03,11,44,https://www.zomato.com/bangalore/restaurants/havmor-icecream,Bangalore,Karnataka,India,Restaurant
1129,theobroma near me,74000,10,2501,$0.20,10,39,https://www.zomato.com/ncr/theobroma-connaught-place-new-delhi,Unknown,Unknown,Unknown,Unknown
1130,taj mahal hotel delhi india,74000,20,318,$0.51,10,34,https://www.zomato.com/ncr/restaurants/in/the-taj-mahal-hotel-mansingh-road,Unknown,Unknown,Unknown,Restaurant
1131,swati snacks,60500,5,11988,$0,8,39,https://www.zomato.com/mumbai/swati-snacks-tardeo,Mumbai,Maharashtra,India,Unknown
1132,sofitel bkc,90500,7,3470,$0.34,28,54,https://www.zomato.com/mumbai/restaurants/in/sofitel-kurla,Mumbai,Maharashtra,India,Restaurant
1133,shyam nagar,74000,16,555,$0,9,43,https://www.zomato.com/jaipur/shyam-nagar-restaurants,Jaipur,Rajasthan,India,Restaurant
1134,sector 40,74000,8,2501,$0.28,5,42,https://www.zomato.com/ncr/sector-40-noida-restaurants,Unknown,Unknown,Unknown,Restaurant
1135,sangeetha veg restaurant chennai,74000,5,11988,$0.12,2,28,https://www.zomato.com/chennai/sangeetha-veg-restaurant-adyar,Chennai,Tamil Nadu,India,Restaurant
1136,sanath nagar,74000,30,155,$0,6,42,https://www.zomato.com/hyderabad/best-sanath-nagar-restaurants,Hyderabad,Telangana,India,Restaurant
1137,vaishali delhi,165000,36,155,$0,9,50,https://www.zomato.com/ncr/vaishali-restaurants,Unknown,Unknown,Unknown,Restaurant
1138,the ashok hotel delhi chanakyapuri,74000,30,155,$0.44,6,36,https://www.zomato.com/ncr/the-oudh-the-ashok-chanakyapuri-new-delhi,Unknown,Unknown,Unknown,Unknown
1139,rtc x road hyderabad,74000,15,673,$0.11,5,21,https://www.zomato.com/hyderabad/rtc-x-roads-restaurants,Hyderabad,Telangana,India,Restaurant
1140,rtc cross road hyderabad,74000,15,555,$0.11,5,36,https://www.zomato.com/hyderabad/rtc-x-roads-restaurants,Hyderabad,Telangana,India,Restaurant
1141,restaurant seafood near me,74000,5,11988,$0.05,8,24,https://www.zomato.com/bangalore/restaurants/sea-food,Bangalore,Karnataka,India,Restaurant
1142,places to visit within pune,74000,50,155,$0.06,9,34,https://www.zomato.com/pune,Pune,Maharashtra,India,Unknown
1143,places of pune,74000,33,155,$0.06,9,40,https://www.zomato.com/pune,Pune,Maharashtra,India,Unknown
1144,phoenix mall kurla,74000,12,1110,$0.02,3,36,https://www.zomato.com/mumbai/restaurants/in/phoenix-marketcity-kurla,Mumbai,Maharashtra,India,Restaurant
1145,phoenix mall in kurla,74000,16,555,$0.25,6,40,https://www.zomato.com/mumbai/restaurants/in/phoenix-marketcity-kurla,Mumbai,Maharashtra,India,Restaurant
1146,parrys corner in chennai,74000,10,2501,$0.18,13,23,https://www.zomato.com/chennai/best-parrys-restaurants,Chennai,Tamil Nadu,India,Restaurant
1147,nightclubs in near me,74000,5,22496,$0.07,5,27,https://www.zomato.com/bangalore/drinks-and-nightlife,Bangalore,Karnataka,India,Unknown
1148,near me chicken,60500,11,2501,$0.11,4,37,https://www.zomato.com/kota/delivery/dish-chicken,Unknown,Unknown,Unknown,Unknown
1149,metro junction mall kalyan maharashtra,74000,20,244,$0.11,3,20,https://www.zomato.com/mumbai/restaurants/in/metro-junction-mall-kalyan,Mumbai,Maharashtra,India,Restaurant
1150,kalyan metro mall,60500,10,2501,$0.02,7,34,https://www.zomato.com/mumbai/restaurants/in/metro-junction-mall-kalyan,Mumbai,Maharashtra,India,Restaurant
1151,honesty restaurant,74000,8,4876,$0.05,2,20,https://www.zomato.com/ahmedabad/honest-prahlad-nagar,Ahmedabad,Gujarat,India,Unknown
1152,kumar pacific,74000,6,2501,$0.13,5,21,https://www.zomato.com/pune/restaurants/in/kumar-pacific-mall-swargate,Pune,Maharashtra,India,Restaurant
1153,diamond plaza,74000,9,2501,$0.02,4,42,https://www.zomato.com/kolkata/restaurants/in/diamond-plaza-mall-jessore-road,Kolkata,West Bengal,India,Restaurant
1154,cafe goodluck,74000,3,22496,$0,6,42,https://www.zomato.com/pune/cafe-goodluck-deccan-gymkhana,Pune,Maharashtra,India,Cafe
1155,gip mall in noida,74000,15,673,$0.11,5,26,https://www.zomato.com/ncr/restaurants/in/the-great-india-place-sector-38-noida,Unknown,Unknown,Unknown,Restaurant
1156,eat,74000,79,155,$0.30,1,53,https://www.zomato.com/mumbai/eats-santacruz-east,Mumbai,Maharashtra,India,Unknown
1157,bandra kurla trident,74000,24,177,$1.53,16,34,https://www.zomato.com/mumbai/restaurants/in/trident-bandra-kurla,Mumbai,Maharashtra,India,Restaurant
1158,ashok vada pav mumbai,74000,3,22496,$0.13,8,26,https://www.zomato.com/mumbai/ashok-vada-pav-stall-prabhadevi,Mumbai,Maharashtra,India,Unknown
1159,aryas,74000,4,11988,$0.10,1,19,https://www.zomato.com/kochi/hotel-aryas-pure-veg-kakkanad,Kochi,Kerala,India,Hotel
1160,apsara ice cream,60500,6,11988,$0.06,2,32,https://www.zomato.com/mumbai/restaurants/apsara-ice-creams,Mumbai,Maharashtra,India,Restaurant
1161,the leela ambience convention hotel shahdara,74000,12,1110,$0.87,15,32,https://www.zomato.com/ncr/dilli-32-the-leela-ambience-convention-hotel-vivek-vihar-new-delhi,Unknown,Unknown,Unknown,Hotel
1162,sky and blue,74000,32,155,$0.05,1,36,https://www.zomato.com/dehradun/bluee-the-sky-bar-rajpur,Dehradun,Uttarakhand,India,Bar
1163,ramphal chowk road,74000,28,170,$0.13,5,22,https://www.zomato.com/ncr/sector-7-dwarka-restaurants,Unknown,Unknown,Unknown,Restaurant
1164,prithvi cafe juhu,74000,3,22496,$0.08,9,29,https://www.zomato.com/mumbai/prithvi-cafe-juhu,Mumbai,Maharashtra,India,Cafe
1165,pizza by the bay,60500,1,22496,$0.15,8,26,https://www.zomato.com/mumbai/pizza-by-the-bay-churchgate,Mumbai,Maharashtra,India,Pizza
1166,phoenix mall mumbai kurla,74000,9,1894,$0.07,3,41,https://www.zomato.com/mumbai/restaurants/in/phoenix-marketcity-kurla,Mumbai,Maharashtra,India,Restaurant
1167,nearest seafood restaurant to me,74000,5,22496,$0.05,9,38,https://www.zomato.com/seafood-restaurants-near-me,Unknown,Unknown,Unknown,Restaurant
1168,near by restaurants near me,49500,4,22496,$0.18,11,23,https://www.zomato.com/restaurants-near-me,Unknown,Unknown,Unknown,Restaurant
1169,shivaji military hotel bangalore,74000,3,22496,$0.10,3,27,https://www.zomato.com/bangalore/shivaji-military-hotel-since-1935-jayanagar-bangalore,Bangalore,Karnataka,India,Hotel
1170,kurla phoenix mall,74000,10,1457,$0.04,6,37,https://www.zomato.com/mumbai/restaurants/in/phoenix-marketcity-kurla,Mumbai,Maharashtra,India,Restaurant
1171,komo by kaffa,60500,8,7200,$0.14,2,32,https://www.zomato.com/ahmedabad/kaffa-coffee-roasters-vastrapur,Ahmedabad,Gujarat,India,Coffee
1172,jw marriott hotel new delhi aerocity,74000,14,673,$0.66,6,29,https://www.zomato.com/ncr/restaurants/in/jw-marriott-new-delhi-aerocity,Unknown,Unknown,Unknown,Restaurant
1173,guru kripa,49500,8,7200,$0.53,6,34,https://www.zomato.com/indore/guru-kripa-by-pass-road-south,Indore,Madhya Pradesh,India,Unknown
1174,great india place,1900,10,1457,$0,1,46,https://www.zomato.com/ncr/restaurants/in/the-great-india-place-sector-38-noida,Unknown,Unknown,Unknown,Restaurant
1175,brewpub near me,49500,4,22496,$0.37,1,28,https://www.zomato.com/bangalore/microbrewery,Bangalore,Karnataka,India,Unknown
1176,bandstand bandra west mumbai,60500,9,3470,$0.11,6,22,https://www.zomato.com/mumbai/bandstand-bandra-west-restaurants/bar,Mumbai,Maharashtra,India,Restaurant
1177,bakasur restaurant bangalore,4400,9,1894,$0.07,2,21,https://www.zomato.com/bangalore/bakasur-nagawara/reviews?amp=1,Bangalore,Karnataka,India,Unknown
1178,bakasur bangalore,1900,5,11988,$0.03,1,20,https://www.zomato.com/bangalore/bakasura-rice-bowls-magadi-road-bangalore,Bangalore,Karnataka,India,Unknown
1179,aloha by ganges rishikesh,60500,14,673,$0.20,54,24,https://www.zomato.com/rishikesh/hotel-aloha-on-the-ganges-tapovan,Unknown,Unknown,Unknown,Hotel
1180,aecs layout bangalore,74000,10,2501,$0.10,7,21,https://www.zomato.com/bangalore/aecs-layout-restaurants,Bangalore,Karnataka,India,Restaurant
1181,the taj mahal palace mumbai,74000,21,389,$0.33,10,46,https://www.zomato.com/mumbai/restaurants/in/taj-mahal-palace-colaba,Mumbai,Maharashtra,India,Restaurant
1182,prithvi cafe juhu mumbai,74000,3,22496,$0.16,4,22,https://www.zomato.com/mumbai/prithvi-cafe-juhu,Mumbai,Maharashtra,India,Cafe
1183,paradise biryani secunderabad,74000,1,22496,$0.27,6,37,https://www.zomato.com/hyderabad/paradise-biryani-a-legend-since-1953-sd-road-secunderabad,Hyderabad,Telangana,India,Unknown
1184,noida mall great india place,74000,15,673,$0.11,6,25,https://www.zomato.com/ncr/restaurants/in/the-great-india-place-sector-38-noida,Unknown,Unknown,Unknown,Restaurant
1185,sector 83 gurgaon,60500,11,1894,$0.26,10,35,https://www.zomato.com/ncr/sector-83-gurgaon-gurugram-restaurants,Unknown,Unknown,Unknown,Restaurant
1186,sector 142,74000,9,3470,$0.10,4,20,https://www.zomato.com/ncr/sector-142-restaurants,Unknown,Unknown,Unknown,Restaurant
1187,godrej one,74000,21,318,$1.49,7,43,https://www.zomato.com/mumbai/restaurants/in/godrej,Mumbai,Maharashtra,India,Restaurant
1188,gardens galleria mall,74000,1,22496,$0,7,38,https://www.zomato.com/ncr/restaurants/in/gardens-galleria-mall-sector-38,Unknown,Unknown,Unknown,Restaurant
1189,j h v mall,74000,7,2501,$0.09,3,21,https://www.zomato.com/varanasi/restaurants/in/jhv-mall-nadesar,Varanasi,Uttar Pradesh,India,Restaurant
1190,itc gardenia bengaluru a luxury collection hotel,74000,12,836,$1.91,8,36,https://www.zomato.com/bangalore/restaurants/in/itc-gardenia-residency-road,Bangalore,Karnataka,India,Restaurant
1191,hotel saravana bhavan,74000,6,7200,$0.26,2,36,https://www.zomato.com/ncr/saravana-bhavan-connaught-place-new-delhi,Unknown,Unknown,Unknown,Unknown
1192,great india mall,74000,15,555,$0.11,5,35,https://www.zomato.com/ncr/restaurants/in/the-great-india-place-sector-38-noida,Unknown,Unknown,Unknown,Restaurant
1193,banana leaf,74000,10,1457,$0.30,13,44,https://www.zomato.com/mumbai/banana-leaf-7-bungalows,Mumbai,Maharashtra,India,Unknown
1194,aecs layout,60500,6,7200,$0.17,16,41,https://www.zomato.com/bangalore/aecs-layout-restaurants,Bangalore,Karnataka,India,Restaurant
1195,club close to me,74000,7,7200,$0.06,8,24,https://www.zomato.com/mumbai/drinks-and-nightlife,Mumbai,Maharashtra,India,Unknown
1196,starbucks coffee,90500,13,1457,$0.08,14,50,https://www.zomato.com/mumbai/starbucks-coffee-colaba/order,Mumbai,Maharashtra,India,Coffee
1197,sector 39,74000,10,2501,$0.13,5,19,https://www.zomato.com/ncr/sector-39-gurgaon-gurugram-restaurants,Unknown,Unknown,Unknown,Restaurant
1198,the ashok,74000,8,2501,$0.43,7,36,https://www.zomato.com/ncr/restaurants/in/the-ashok-chanakyapuri,Unknown,Unknown,Unknown,Restaurant
1199,taj mahal new delhi,60500,15,673,$0.66,12,27,https://www.zomato.com/ncr/restaurants/in/the-taj-mahal-hotel-mansingh-road,Unknown,Unknown,Unknown,Restaurant
1200,swati snacks mumbai,60500,3,22496,$0,8,34,https://www.zomato.com/mumbai/swati-snacks-tardeo,Mumbai,Maharashtra,India,Unknown
1201,mall the galleria,74000,13,673,$0.18,6,24,https://www.zomato.com/bangalore/restaurants/in/the-galleria-mall,Bangalore,Karnataka,India,Restaurant
1202,lake town,60500,17,555,$0,5,38,https://www.zomato.com/kolkata/lake-town-restaurants,Kolkata,West Bengal,India,Restaurant
1203,kokane chowk,74000,11,1894,$0,8,43,https://www.zomato.com/pune/caf%C3%A9/cafes?zomato_place_id=91817,Pune,Maharashtra,India,Cafe
1204,kanpur mall z square,60500,10,1457,$0.34,3,24,https://www.zomato.com/kanpur/restaurants/in/z-square-mall-mall-road,Unknown,Unknown,Unknown,Restaurant
1205,pub,74000,12,1894,$0.22,2,54,https://www.zomato.com/ncr/best-bars-and-pubs,Unknown,Unknown,Unknown,Bar
1206,noida sector 51,74000,11,1457,$0.20,5,37,https://www.zomato.com/ncr/sector-51-noida-restaurants,Unknown,Unknown,Unknown,Restaurant
1207,nearest alcohol shop to me,74000,68,155,$0,1,15,https://www.zomato.com/hyderabad/restaurants,Hyderabad,Telangana,India,Restaurant
1208,manek chowk ahmedabad,74000,13,1457,$0,5,37,https://www.zomato.com/ahmedabad/manek-chowk-sandwich-pizza-vastrapur,Ahmedabad,Gujarat,India,Pizza
1209,dance club close to me,74000,6,11988,$0.06,8,28,https://www.zomato.com/pune/collection/night-clubs,Pune,Maharashtra,India,Unknown
1210,contai city,74000,17,673,$0.66,1,21,https://www.zomato.com/contai/contai-city-restaurants,Unknown,Unknown,Unknown,Restaurant
1211,fairmont jaipur,74000,28,162,$0.17,36,51,https://www.zomato.com/jaipur/restaurants/in/fairmont-jaipur-kukas,Jaipur,Rajasthan,India,Restaurant
1212,beer near me,49500,4,22496,$0.37,1,28,https://www.zomato.com/mumbai/restaurants/dish-beer,Mumbai,Maharashtra,India,Restaurant
1213,amit's,74000,5,11988,$0.11,1,41,https://www.zomato.com/hyderabad/amits-kitchen-hafeezpet,Hyderabad,Telangana,India,Unknown
1214,aloha on the ganges resort,60500,21,318,$0.15,62,23,https://www.zomato.com/rishikesh/hotel-aloha-on-the-ganges-tapovan,Unknown,Unknown,Unknown,Hotel
1215,secunderabad paradise biryani,74000,1,22496,$0.08,6,21,https://www.zomato.com/hyderabad/paradise-biryani-a-legend-since-1953-sd-road-secunderabad,Hyderabad,Telangana,India,Unknown
1216,r city mall ghatkopar mumbai,74000,3,7200,$0.29,1,21,https://www.zomato.com/mumbai/restaurants/in/r-city-mall-ghatkopar-west,Mumbai,Maharashtra,India,Restaurant
1217,near me nightclub,74000,10,2501,$0.06,8,23,https://www.zomato.com/ncr/night-clubs,Unknown,Unknown,Unknown,Unknown
1218,pink square mall jaipur,60500,5,3470,$0.02,9,26,https://www.zomato.com/jaipur/restaurants/in/pink-square-mall-raja-park,Jaipur,Rajasthan,India,Restaurant
1219,dwarka sector 8,60500,11,1894,$0.08,4,33,https://www.zomato.com/ncr/sector-8-dwarka-restaurants,Unknown,Unknown,Unknown,Restaurant
1220,hotel highway king,60500,6,11988,$0.13,3,32,https://www.zomato.com/jaipur/hotel-highway-king-restaurant-ajmer-highway,Jaipur,Rajasthan,India,Restaurant
1221,great india place noida,74000,10,1457,$0.11,5,29,https://www.zomato.com/ncr/restaurants/in/the-great-india-place-sector-38-noida,Unknown,Unknown,Unknown,Restaurant
1222,goodluck cafe,74000,1,22496,$0,3,41,https://www.zomato.com/pune/cafe-goodluck-deccan-gymkhana,Pune,Maharashtra,India,Cafe
1223,ghatkopar west r city mall,74000,6,3470,$0.54,7,24,https://www.zomato.com/mumbai/restaurants/in/r-city-mall-ghatkopar-west,Mumbai,Maharashtra,India,Restaurant
1224,food raj,74000,6,2501,$0.18,1,39,https://www.zomato.com/ncr/foodies-food-raj-nagar-ghaziabad,Unknown,Unknown,Unknown,Unknown
1225,kayani bakery in pune,74000,3,11988,$0.14,16,23,https://www.zomato.com/pune/kayani-bakery-east-street,Pune,Maharashtra,India,Bakery
1226,best vegetarian restaurants near me,74000,7,4876,$0.22,13,31,https://www.zomato.com/haridwar/restauracje?veg=1&amp=1,Unknown,Unknown,Unknown,Unknown
1227,beer bar near me,74000,4,22496,$0.74,1,27,https://www.zomato.com/bars-near-me,Unknown,Unknown,Unknown,Bar
1228,amul ice cream parlour,74000,6,11988,$0,1,28,https://www.zomato.com/mumbai/restaurants/amul-ice-cream-parlour-3,Mumbai,Maharashtra,India,Restaurant
1229,al baik,74000,11,2501,$0.31,1,41,https://www.zomato.com/hyderabad/al-baik-1-malakpet,Hyderabad,Telangana,India,Unknown
1230,90 ft road,74000,21,414,$0.10,4,22,https://www.zomato.com/mumbai/90-ft-food-point-1-sakinaka,Mumbai,Maharashtra,India,Unknown
1231,tea time,74000,11,1894,$0.14,1,38,https://www.zomato.com/hyderabad/tea-time-financial-district,Hyderabad,Telangana,India,Unknown
1232,z square shopping mall,74000,13,673,$0.09,6,25,https://www.zomato.com/kanpur/restaurants/in/z-square-mall-mall-road,Unknown,Unknown,Unknown,Restaurant
1233,world mark gurugram,74000,3,11988,$0.05,1,24,https://www.zomato.com/ncr/restaurants/in/worldmark-sector-65-gurgaon,Unknown,Unknown,Unknown,Restaurant
1234,vashi navi mumbai,60500,18,436,$0.10,4,24,https://www.zomato.com/mumbai/vashi-restaurants,Mumbai,Maharashtra,India,Restaurant
1235,trident bandra kurla mumbai,74000,14,673,$1.36,16,22,https://www.zomato.com/mumbai/restaurants/in/trident-bandra-kurla,Mumbai,Maharashtra,India,Restaurant
1236,the leela ambience convention hotel delhi,74000,17,555,$0.37,16,32,https://www.zomato.com/ncr/restaurants/in/the-leela-ambience-convention-hotel,Unknown,Unknown,Unknown,Restaurant
1237,near me sea food restaurant,74000,4,22496,$0.05,8,26,https://www.zomato.com/bangalore/restaurants/sea-food,Bangalore,Karnataka,India,Restaurant
1238,n ana,74000,13,836,$0.02,1,63,https://www.zomato.com/bhubaneswar/nanas-bhojanalaya-1-khandagiri-bhubaneshwar,Unknown,Unknown,Unknown,Unknown
1239,mussoorie mall road,49500,26,244,$0.44,4,29,https://www.zomato.com/mussoorie/the-mall-road-restaurants,Unknown,Unknown,Unknown,Restaurant
1240,metro junction mall kalyan,74000,6,3470,$0.17,4,29,https://www.zomato.com/mumbai/restaurants/in/metro-junction-mall-kalyan,Mumbai,Maharashtra,India,Restaurant
1241,raffles udaipur,49500,33,155,$0.08,37,44,https://www.zomato.com/udaipur/restaurants/in/raffles-udaipur,Unknown,Unknown,Unknown,Restaurant
1242,r city mall mumbai ghatkopar,74000,7,2501,$1.11,1,24,https://www.zomato.com/mumbai/restaurants/in/r-city-mall-ghatkopar-west,Mumbai,Maharashtra,India,Restaurant
1243,r city mall ghatkopar,74000,6,3470,$0.26,1,28,https://www.zomato.com/mumbai/restaurants/in/r-city-mall-ghatkopar-west,Mumbai,Maharashtra,India,Restaurant
1244,game cafe near me,60500,9,3470,$0.38,6,25,https://www.zomato.com/ncr/dine-and-play,Unknown,Unknown,Unknown,Unknown
1245,fresh at home,74000,36,155,$0.10,50,50,https://www.zomato.com/chennai/fresh-to-home-poonamalle,Chennai,Tamil Nadu,India,Unknown
1246,hyatt grand goa,74000,12,836,$1.01,30,35,https://www.zomato.com/goa/restaurants/in/grand-hyatt-bambolim,Goa,Goa,India,Restaurant
1247,gst number,74000,110,155,$0.13,11,44,https://www.zomato.com/partner-with-us/new/,Unknown,Unknown,Unknown,Unknown
1248,101,74000,37,155,$0.14,1,31,https://www.zomato.com/chennai/101-resto-bar-padi,Chennai,Tamil Nadu,India,Bar
1249,black coffee,60500,26,244,$0.01,80,61,https://www.zomato.com/ncr/restaurants/the-black-coffee-cafe,Unknown,Unknown,Unknown,Restaurant
1250,wings,74000,50,155,$0.61,1,53,https://www.zomato.com/kota/the-wings-rk-puram-e,Unknown,Unknown,Unknown,Unknown
1251,sofitel mumbai bkc,74000,14,673,$0.16,21,42,https://www.zomato.com/mumbai/restaurants/in/sofitel-kurla,Mumbai,Maharashtra,India,Restaurant
1252,shivaji military hotel,74000,3,22496,$0.19,4,37,https://www.zomato.com/bangalore/shivaji-military-hotel-since-1935-jayanagar-bangalore,Bangalore,Karnataka,India,Hotel
1253,vashi in navi mumbai,60500,15,673,$0.14,4,20,https://www.zomato.com/mumbai/vashi-restaurants,Mumbai,Maharashtra,India,Restaurant
1254,vapi gj,74000,19,436,$0.10,1,17,https://www.zomato.com/vapi/gj-15-chinese-food-court-vapi-locality/order,Unknown,Unknown,Unknown,Unknown
1255,trident hotel bkc mumbai,90500,15,555,$1.31,20,32,https://www.zomato.com/mumbai/o22-trident-bkc-bandra-kurla-complex,Mumbai,Maharashtra,India,Unknown
1256,spice,90500,33,155,$0.44,23,65,https://www.zomato.com/mumbai/spice-mumbai-vashi-navi-mumbai/menu,Mumbai,Maharashtra,India,Unknown
1257,sector 35 chandigarh,74000,2,22496,$0.16,5,19,https://www.zomato.com/chandigarh/sector-35-chandigarh-restaurants,Chandigarh,Chandigarh,India,Restaurant
1258,nucleus mall kerala,60500,28,162,$0.14,6,21,https://www.zomato.com/kochi/restaurants/in/abad-nucleus-mall,Kochi,Kerala,India,Restaurant
1259,metro junction kalyan,74000,7,2501,$0.11,3,22,https://www.zomato.com/mumbai/restaurants/in/metro-junction-mall-kalyan,Mumbai,Maharashtra,India,Restaurant
1260,pooja bakery,74000,4,22496,$2.22,6,42,https://www.zomato.com/bangalore/pooja-bakery-rt-nagar-bangalore,Bangalore,Karnataka,India,Bakery
1261,places in kolkata,74000,18,555,$0.12,20,32,https://www.zomato.com/kolkata,Kolkata,West Bengal,India,Unknown
1262,pirates of grill,60500,5,11988,$0.16,3,32,https://www.zomato.com/ncr/pirates-of-grill-vasant-kunj-new-delhi,Unknown,Unknown,Unknown,Unknown
1263,pav bhaji near me,74000,6,7200,$0.22,5,29,https://www.zomato.com/sikar/delivery/dish-pav-bhaji,Unknown,Unknown,Unknown,Unknown
1264,cake shop,135000,19,436,$0.19,10,77,https://www.zomato.com/mumbai/the-cake-shop-hiranandani-estate-thane-west-thane,Mumbai,Maharashtra,India,Unknown
1265,garden galleria mall,74000,1,22496,$0,5,37,https://www.zomato.com/ncr/restaurants/in/gardens-galleria-mall-sector-38,Unknown,Unknown,Unknown,Restaurant
1266,g t mall jaipur,74000,21,318,$0.09,7,19,https://www.zomato.com/jaipur/restaurants/in/gt-central-malviya-nagar,Jaipur,Rajasthan,India,Restaurant
1267,frozen bottle milkshakes desserts and ice cream,74000,5,11988,$0.23,3,26,https://www.zomato.com/bangalore/frozen-bottle-milkshakes-desserts-and-ice-cream-koramangala-5th-block-bangalore,Bangalore,Karnataka,India,Dessert
1268,taj mahal delhi,60500,14,836,$0.22,16,36,https://www.zomato.com/ncr/restaurants/in/the-taj-mahal-hotel-mansingh-road,Unknown,Unknown,Unknown,Restaurant
1269,taco,74000,21,414,$1.05,1,53,https://www.zomato.com/mumbai/bombay-taco-co-pali-hill-bandra-west,Mumbai,Maharashtra,India,Unknown
1270,snack shack,74000,13,1110,$0,1,40,https://www.zomato.com/kolkata/snack-shack-narendra-pur,Kolkata,West Bengal,India,Unknown
1271,sap na,74000,28,155,$0.05,1,65,https://www.zomato.com/mumbai/sapna-sagar-borivali-west,Mumbai,Maharashtra,India,Unknown
1272,nik bakers,60500,7,7200,$0.27,5,38,https://www.zomato.com/ncr/nik-bakers-3-connaught-place-new-delhi,Unknown,Unknown,Unknown,Unknown
1273,metro mall kalyan,74000,9,1457,$0.17,4,37,https://www.zomato.com/mumbai/restaurants/in/metro-junction-mall-kalyan,Mumbai,Maharashtra,India,Restaurant
1274,cheers buzz,49500,32,155,$0.08,1,37,https://www.zomato.com/coimbatore/say-cheers-bar-sitra,Unknown,Unknown,Unknown,Bar
1275,dance clubs close to me,74000,5,22496,$0.07,5,28,https://www.zomato.com/bangalore/drinks-and-nightlife,Bangalore,Karnataka,India,Unknown
1276,chin's,74000,11,1894,$0,1,41,https://www.zomato.com/kochi/chins-kitchen-snack-house-ernakulam-city/order,Kochi,Kerala,India,Unknown
1277,rishikesh aloha on the ganges,60500,10,1894,$0.15,62,24,https://www.zomato.com/rishikesh/hotel-aloha-on-the-ganges-tapovan,Unknown,Unknown,Unknown,Hotel
1278,theobroma near me,74000,10,2501,$0.20,10,39,https://www.zomato.com/ncr/theobroma-connaught-place-new-delhi,Unknown,Unknown,Unknown,Unknown
1279,taj mahal hotel delhi india,74000,20,318,$0.51,10,34,https://www.zomato.com/ncr/restaurants/in/the-taj-mahal-hotel-mansingh-road,Unknown,Unknown,Unknown,Restaurant
1280,swati snacks,60500,5,11988,$0,8,39,https://www.zomato.com/mumbai/swati-snacks-tardeo,Mumbai,Maharashtra,India,Unknown
1281,sofitel bkc,90500,7,3470,$0.34,28,54,https://www.zomato.com/mumbai/restaurants/in/sofitel-kurla,Mumbai,Maharashtra,India,Restaurant
1282,shyam nagar,74000,16,555,$0,9,43,https://www.zomato.com/jaipur/shyam-nagar-restaurants,Jaipur,Rajasthan,India,Restaurant
1283,sector 40,74000,8,2501,$0.28,5,42,https://www.zomato.com/ncr/sector-40-noida-restaurants,Unknown,Unknown,Unknown,Restaurant
1284,sangeetha veg restaurant chennai,74000,5,11988,$0.12,2,28,https://www.zomato.com/chennai/sangeetha-veg-restaurant-adyar,Chennai,Tamil Nadu,India,Restaurant
1285,sanath nagar,74000,30,155,$0,6,42,https://www.zomato.com/hyderabad/best-sanath-nagar-restaurants,Hyderabad,Telangana,India,Restaurant
1286,rtc x road hyderabad,74000,15,673,$0.11,5,21,https://www.zomato.com/hyderabad/rtc-x-roads-restaurants,Hyderabad,Telangana,India,Restaurant
1287,rtc cross road hyderabad,74000,15,555,$0.11,5,36,https://www.zomato.com/hyderabad/rtc-x-roads-restaurants,Hyderabad,Telangana,India,Restaurant
1288,restaurant seafood near me,74000,5,11988,$0.05,8,24,https://www.zomato.com/bangalore/restaurants/sea-food,Bangalore,Karnataka,India,Restaurant
1289,places to visit within pune,74000,50,155,$0.06,9,34,https://www.zomato.com/pune,Pune,Maharashtra,India,Unknown
1290,places of pune,74000,33,155,$0.06,9,40,https://www.zomato.com/pune,Pune,Maharashtra,India,Unknown
1291,phoenix mall kurla,74000,12,1110,$0.02,3,36,https://www.zomato.com/mumbai/restaurants/in/phoenix-marketcity-kurla,Mumbai,Maharashtra,India,Restaurant
1292,phoenix mall in kurla,74000,16,555,$0.25,6,40,https://www.zomato.com/mumbai/restaurants/in/phoenix-marketcity-kurla,Mumbai,Maharashtra,India,Restaurant
1293,parrys corner in chennai,74000,10,2501,$0.18,13,23,https://www.zomato.com/chennai/best-parrys-restaurants,Chennai,Tamil Nadu,India,Restaurant
1294,nightclubs in near me,74000,5,22496,$0.07,5,27,https://www.zomato.com/bangalore/drinks-and-nightlife,Bangalore,Karnataka,India,Unknown
1295,near me chicken,60500,11,2501,$0.11,4,37,https://www.zomato.com/kota/delivery/dish-chicken,Unknown,Unknown,Unknown,Unknown
1296,metro junction mall kalyan maharashtra,74000,20,244,$0.11,3,20,https://www.zomato.com/mumbai/restaurants/in/metro-junction-mall-kalyan,Mumbai,Maharashtra,India,Restaurant
1297,kalyan metro mall,60500,10,2501,$0.02,7,34,https://www.zomato.com/mumbai/restaurants/in/metro-junction-mall-kalyan,Mumbai,Maharashtra,India,Restaurant
1298,honesty restaurant,74000,8,4876,$0.05,2,20,https://www.zomato.com/ahmedabad/honest-prahlad-nagar,Ahmedabad,Gujarat,India,Unknown
1299,kumar pacific,74000,6,2501,$0.13,5,21,https://www.zomato.com/pune/restaurants/in/kumar-pacific-mall-swargate,Pune,Maharashtra,India,Restaurant
1300,diamond plaza,74000,9,2501,$0.02,4,42,https://www.zomato.com/kolkata/restaurants/in/diamond-plaza-mall-jessore-road,Kolkata,West Bengal,India,Restaurant
1301,cafe goodluck,74000,3,22496,$0,6,42,https://www.zomato.com/pune/cafe-goodluck-deccan-gymkhana,Pune,Maharashtra,India,Cafe
1302,gip mall in noida,74000,15,673,$0.11,5,26,https://www.zomato.com/ncr/restaurants/in/the-great-india-place-sector-38-noida,Unknown,Unknown,Unknown,Restaurant
1303,eat,74000,79,155,$0.30,1,53,https://www.zomato.com/mumbai/eats-santacruz-east,Mumbai,Maharashtra,India,Unknown
1304,bandra kurla trident,74000,24,177,$1.53,16,34,https://www.zomato.com/mumbai/restaurants/in/trident-bandra-kurla,Mumbai,Maharashtra,India,Restaurant
1305,ashok vada pav mumbai,74000,3,22496,$0.13,8,26,https://www.zomato.com/mumbai/ashok-vada-pav-stall-prabhadevi,Mumbai,Maharashtra,India,Unknown
1306,aryas,74000,4,11988,$0.10,1,19,https://www.zomato.com/kochi/hotel-aryas-pure-veg-kakkanad,Kochi,Kerala,India,Hotel
1307,apsara ice cream,60500,6,11988,$0.06,2,32,https://www.zomato.com/mumbai/restaurants/apsara-ice-creams,Mumbai,Maharashtra,India,Restaurant
1308,vaishali delhi,165000,36,155,$0,9,50,https://www.zomato.com/ncr/vaishali-restaurants,Unknown,Unknown,Unknown,Restaurant
1309,the ashok hotel delhi chanakyapuri,74000,30,155,$0.44,6,36,https://www.zomato.com/ncr/the-oudh-the-ashok-chanakyapuri-new-delhi,Unknown,Unknown,Unknown,Unknown
1310,club near to me,74000,10,2501,$0.06,8,22,https://www.zomato.com/ncr/night-clubs,Unknown,Unknown,Unknown,Unknown
1311,sofitel mumbai,90500,10,1457,$0.34,28,54,https://www.zomato.com/mumbai/restaurants/in/sofitel-kurla,Mumbai,Maharashtra,India,Restaurant
1312,sakura,74000,72,155,$0.12,1,53,https://www.zomato.com/bangalore/sakura-rajajinagar-bangalore,Bangalore,Karnataka,India,Unknown
1313,tiffin centre near me,60500,7,7200,$0.04,6,25,https://www.zomato.com/hyderabad/lakshmi-tiffin-centre-madhapur,Hyderabad,Telangana,India,Unknown
1314,the park chennai chennai tamil nadu india,74000,69,155,$0.54,35,33,https://www.zomato.com/chennai/restaurants/in/the-park-anna-salai,Chennai,Tamil Nadu,India,Restaurant
1315,sweets near me,60500,5,11988,$0.24,4,33,https://www.zomato.com/ncr/sweet-shop,Unknown,Unknown,Unknown,Sweet Shop
1316,breweries near me,60500,4,22496,$0.48,2,32,https://www.zomato.com/microbreweries-near-me,Unknown,Unknown,Unknown,Unknown
1317,best veg restaurants near me,74000,4,22496,$0.22,13,31,https://www.zomato.com/hyderabad/vegetarian-restaurants,Hyderabad,Telangana,India,Restaurant
1318,beer corona,74000,26,244,$0,1,27,https://www.zomato.com/bangalore/restaurants/dish-corona-beer,Bangalore,Karnataka,India,Restaurant
1319,ashok lalit hotel,74000,27,170,$0.77,16,40,https://www.zomato.com/24-7RestaurantBangalore,Unknown,Unknown,Unknown,Restaurant
1320,rajasthani hotel,60500,5,22496,$0.15,6,38,https://www.zomato.com/chennai/restaurants/rajasthani,Chennai,Tamil Nadu,India,Restaurant
1321,raj nagar,74000,16,836,$0.14,4,19,https://www.zomato.com/ncr/raj-nagar-restaurants,Unknown,Unknown,Unknown,Restaurant
1322,r city mall ghatkopar west,74000,6,3470,$1.11,1,22,https://www.zomato.com/mumbai/restaurants/in/r-city-mall-ghatkopar-west,Mumbai,Maharashtra,India,Restaurant
1323,places to visit in calcutta,74000,83,155,$0.12,20,30,https://www.zomato.com/kolkata,Kolkata,West Bengal,India,Unknown
1324,sangeetha veg restaurant in chennai,74000,6,11988,$0.10,2,24,https://www.zomato.com/chennai/sangeetha-veg-restaurant-adyar,Chennai,Tamil Nadu,India,Restaurant
1325,s s hyderabad biryani near me,74000,6,7200,$0.03,4,20,https://www.zomato.com/chennai/ss-hyderabad-biryani-nungambakkam-nungambakkam,Chennai,Tamil Nadu,India,Unknown
1326,hub mall,60500,3,7200,$0.01,5,38,https://www.zomato.com/mumbai/restaurants/in/hub,Mumbai,Maharashtra,India,Restaurant
1327,city centre salt lake,74000,2,11988,$0,11,31,https://www.zomato.com/kolkata/restaurants/in/city-centre-mall-saltlake,Kolkata,West Bengal,India,Restaurant
1328,canteen,60500,14,1110,$0,1,50,https://www.zomato.com/bangalore/the-canteen-1-indiranagar-bangalore,Bangalore,Karnataka,India,Unknown
1329,cafes to visit in kolkata,90500,4,22496,$0.11,8,25,https://www.zomato.com/kolkata/great-cafes,Kolkata,West Bengal,India,Cafe
1330,cafe goodluck pune,60500,3,22496,$0.16,8,25,https://www.zomato.com/pune/cafe-goodluck-deccan-gymkhana,Pune,Maharashtra,India,Cafe
1331,blr brewing co whitefield,74000,3,22496,$0.26,6,29,https://www.zomato.com/bangalore/blr-brewing-co-1-whitefield-bangalore,Bangalore,Karnataka,India,Unknown
1332,bangalore lalit hotel,74000,20,318,$0.51,15,33,https://www.zomato.com/bangalore/restaurants/in/the-lalit-ashok-bangalore-seshadripuram,Bangalore,Karnataka,India,Restaurant
1333,aloha on the ganges resort rishikesh,60500,29,155,$0.15,62,21,https://www.zomato.com/rishikesh/hotel-aloha-on-the-ganges-tapovan,Unknown,Unknown,Unknown,Hotel
1334,lunch,74000,31,170,$0.20,1,53,https://www.zomato.com/ncr/best-lunch-restaurants,Unknown,Unknown,Unknown,Restaurant
1335,tito lane,74000,11,1894,$0.10,6,33,https://www.zomato.com/goa/titos-restaurant-baga,Goa,Goa,India,Restaurant
1336,the st regis mumbai,74000,6,4876,$0.48,11,47,https://www.zomato.com/mumbai/restaurants/in/the-st-regis-lower-parel,Mumbai,Maharashtra,India,Restaurant
1337,the leela ambience convention hotel delhi delhi india,74000,30,155,$0.75,18,25,https://www.zomato.com/ncr/restaurants/in/the-leela-ambience-convention-hotel,Unknown,Unknown,Unknown,Restaurant
1338,ss hyderabad biryani near me,60500,6,7200,$0.18,5,25,https://www.zomato.com/chennai/ss-hyderabad-biryani-nungambakkam-nungambakkam,Chennai,Tamil Nadu,India,Unknown
1339,hauz khas social,74000,1,22496,$0.32,6,37,https://www.zomato.com/HauzKhasSocial,Unknown,Unknown,Unknown,Unknown
1340,gip noida mall,74000,12,1110,$0.11,5,31,https://www.zomato.com/ncr/restaurants/in/the-great-india-place-sector-38-noida,Unknown,Unknown,Unknown,Restaurant
1341,gip in noida,74000,11,1457,$0.11,6,25,https://www.zomato.com/ncr/restaurants/in/the-great-india-place-sector-38-noida,Unknown,Unknown,Unknown,Restaurant
1342,old monk coffee,74000,23,318,$0,1,35,https://www.zomato.com/ncr/restaurants/dish-old-monk-rum,Unknown,Unknown,Unknown,Restaurant
1343,nothing before coffee,90500,5,4876,$0.19,1,41,https://www.zomato.com/jaipur/nothing-before-coffee-tonk-road,Jaipur,Rajasthan,India,Coffee
1344,noah goa,60500,5,11988,$0.17,3,37,https://www.zomato.com/goa/noah-vagator,Goa,Goa,India,Unknown
1345,mcd near me,165000,9,3470,$0.04,4,44,https://www.zomato.com/ncr/restaurants/mcdonalds?subzone=264&category=2,Unknown,Unknown,Unknown,Restaurant
1346,sharma's,74000,8,7200,$0.19,1,24,https://www.zomato.com/guwahati/sharmas-bakery-and-food-hub-ahomgaon,Unknown,Unknown,Unknown,Bakery
1347,r city mall,74000,4,7200,$0.11,10,39,https://www.zomato.com/mumbai/restaurants/in/r-city-mall-ghatkopar-west,Mumbai,Maharashtra,India,Restaurant
1348,pune cafe goodluck,74000,3,22496,$0.10,4,27,https://www.zomato.com/pune/cafe-goodluck-deccan-gymkhana,Pune,Maharashtra,India,Cafe
1349,prasad,60500,7,4876,$0,1,49,https://www.zomato.com/mumbai/prasad-food-divine-dombivali-east,Mumbai,Maharashtra,India,Unknown
1350,uncle peter pancake,60500,8,4876,$0.09,2,23,https://www.zomato.com/kolkata/uncle-peters-pancakes-bhawanipur,Kolkata,West Bengal,India,Unknown
1351,the taj mahal hotel mumbai,74000,7,3470,$0.33,10,48,https://www.zomato.com/mumbai/restaurants/in/taj-mahal-palace-colaba,Mumbai,Maharashtra,India,Restaurant
1352,hotel trident bkc,74000,9,1894,$1.18,17,28,https://www.zomato.com/mumbai/restaurants/in/trident-bandra-kurla,Mumbai,Maharashtra,India,Restaurant
1353,bakery shop near me,49500,4,22496,$0.15,7,22,https://www.zomato.com/bakeries-near-me,Unknown,Unknown,Unknown,Bakery
1354,ashok vada pav dadar mumbai,74000,3,22496,$0.14,3,28,https://www.zomato.com/mumbai/ashok-vada-pav-stall-prabhadevi,Mumbai,Maharashtra,India,Unknown
1355,dwarka sector 14,60500,9,2501,$0.08,4,33,https://www.zomato.com/ncr/sector-14-dwarka-restaurants,Unknown,Unknown,Unknown,Restaurant
1356,dome svp stadium,14800,8,4876,$0.16,11,27,https://www.zomato.com/mumbai/dome-svp-stadium-mahalaxmi,Mumbai,Maharashtra,India,Unknown
1357,dadar east,60500,16,555,$0.25,10,40,https://www.zomato.com/mumbai/dadar-east-restaurants,Mumbai,Maharashtra,India,Restaurant
1358,club near by me,74000,7,7200,$0.07,5,23,https://www.zomato.com/dehradun/night-clubs,Dehradun,Uttarakhand,India,Unknown
1359,manek chowk in ahmedabad,74000,18,555,$0,5,29,https://www.zomato.com/ahmedabad/best-manek-chowk-restaurants,Ahmedabad,Gujarat,India,Restaurant
1360,madam and sir,74000,21,318,$0,1,34,https://www.zomato.com/mumbai/madam-sir-cafe-byculla,Mumbai,Maharashtra,India,Cafe
1361,ludhiana junction,74000,9,3470,$0.08,2,19,https://www.zomato.com/mumbai/ludhiana-junction-1-chembur,Mumbai,Maharashtra,India,Unknown
1362,kumar pacific mall,60500,6,2501,$0,10,35,https://www.zomato.com/pune/restaurants/in/kumar-pacific-mall-swargate,Pune,Maharashtra,India,Restaurant
1363,kalyan mumbai,60500,10,1110,$0,1,36,https://www.zomato.com/mumbai/mumbai-flavours-1-kalyan-thane,Mumbai,Maharashtra,India,Unknown
1364,terminal 4,90500,23,244,$0.09,6,22,https://www.zomato.com/chennai/restaurants/in/cia-terminal-4-departure-meenambakkam,Chennai,Tamil Nadu,India,Restaurant
1365,trident hotel bandra kurla mumbai,74000,9,1457,$1.18,17,31,https://www.zomato.com/mumbai/restaurants/in/trident-bandra-kurla,Mumbai,Maharashtra,India,Restaurant
1366,laxmi chowk,74000,30,155,$0.09,6,19,https://www.zomato.com/pune/hinjewadi-marunji-road-phase-1-restaurants,Pune,Maharashtra,India,Restaurant
1367,kumaraswamy layout in bangalore,74000,60,155,$0.11,6,24,https://www.zomato.com/bangalore/layout-78-kumaraswamy-layout-bangalore/reviews?amp=1,Bangalore,Karnataka,India,Unknown
1368,kanpur kidwai nagar,60500,70,155,$0.24,3,19,https://www.zomato.com/kanpur/kidwai-nagar-restaurants,Unknown,Unknown,Unknown,Restaurant
1369,rct mall in mumbai,74000,9,2501,$0.29,1,25,https://www.zomato.com/mumbai/restaurants/in/r-city-mall-ghatkopar-west,Mumbai,Maharashtra,India,Restaurant
1370,pizza 4p's indiranagar,74000,3,7200,$0.13,6,37,https://www.zomato.com/bangalore/pizza-4ps-indiranagar-bangalore,Bangalore,Karnataka,India,Pizza
1371,phoenix market city kurla,74000,5,4876,$0.02,3,28,https://www.zomato.com/mumbai/restaurants/in/phoenix-marketcity-kurla,Mumbai,Maharashtra,India,Restaurant
1372,paradise hotel secunderabad,74000,3,11988,$0.14,4,21,https://www.zomato.com/hyderabad/paradise-biryani-a-legend-since-1953-sd-road-secunderabad,Hyderabad,Telangana,India,Unknown
1373,noida great india place,74000,13,836,$0.11,5,35,https://www.zomato.com/ncr/restaurants/in/the-great-india-place-sector-38-noida,Unknown,Unknown,Unknown,Restaurant
1374,nagarjuna restaurant,60500,4,22496,$0,9,39,https://www.zomato.com/bangalore/nagarjuna-since-1984-residency-road-bangalore,Bangalore,Karnataka,India,Unknown
1375,mocha,60500,9,1894,$0,2,50,https://www.zomato.com/ahmedabad/mocha-bodakdev,Ahmedabad,Gujarat,India,Unknown
1376,metro junction mall,74000,8,1894,$0.12,5,37,https://www.zomato.com/mumbai/restaurants/in/metro-junction-mall-kalyan,Mumbai,Maharashtra,India,Restaurant
1377,rtc road,74000,12,1110,$0.09,5,38,https://www.zomato.com/hyderabad/rtc-x-roads-restaurants,Hyderabad,Telangana,India,Restaurant
1378,bkc sofitel,74000,9,1894,$0.43,19,33,https://www.zomato.com/mumbai/restaurants/in/sofitel-kurla,Mumbai,Maharashtra,India,Restaurant
1379,berrys,74000,6,7200,$0.02,37,32,https://www.zomato.com/ankleshwar/berrys-caf%C3%A9-1-ankleshwar-locality/order,Unknown,Unknown,Unknown,Unknown
1380,bangalore majestic railway station,60500,27,199,$0,3,24,https://www.zomato.com/bangalore/restaurants/near/majestic-railway-station,Bangalore,Karnataka,India,Restaurant
1381,ashok vada pav dadar,74000,3,22496,$0.15,3,28,https://www.zomato.com/mumbai/ashok-vada-pav-stall-prabhadevi,Mumbai,Maharashtra,India,Unknown
1382,alcohol shop near me,60500,13,1110,$0,1,23,https://www.zomato.com/lucknow/beverage-shop,Lucknow,Uttar Pradesh,India,Unknown
1383,1mg mall,74000,1,22496,$0.70,5,23,https://www.zomato.com/bangalore/restaurants/in/1-mg-road-mall-mg-road,Bangalore,Karnataka,India,Restaurant
1384,city centre kolkata,74000,3,7200,$0.27,5,22,https://www.zomato.com/kolkata/restaurants/in/city-centre-mall-saltlake,Kolkata,West Bengal,India,Restaurant
1385,hotels at jaipur,90500,78,155,$0.45,99,48,https://www.zomato.com/jaipur/restaurants,Jaipur,Rajasthan,India,Restaurant
1386,hotel aloha on the ganges,74000,15,836,$0.14,51,22,https://www.zomato.com/rishikesh/hotel-aloha-on-the-ganges-tapovan,Unknown,Unknown,Unknown,Hotel
1387,ghevar,74000,23,244,$0.02,4,55,https://www.zomato.com/mumbai/restaurants/dish-malai-ghevar,Mumbai,Maharashtra,India,Restaurant
1388,g i p mall,74000,9,2501,$0.11,6,24,https://www.zomato.com/ncr/restaurants/in/the-great-india-place-sector-38-noida,Unknown,Unknown,Unknown,Restaurant
1389,z square mall,60500,9,1457,$0,3,32,https://www.zomato.com/kanpur/restaurants/in/z-square-mall-mall-road,Unknown,Unknown,Unknown,Restaurant
1390,sector 35,74000,3,22496,$0.11,4,19,https://www.zomato.com/chandigarh/sector-35-chandigarh-restaurants,Chandigarh,Chandigarh,India,Restaurant
1391,trident bandra kurla hotel mumbai,74000,25,177,$1.07,17,28,https://www.zomato.com/mumbai/restaurants/in/trident-bandra-kurla,Mumbai,Maharashtra,India,Restaurant
1392,trident bandra kurla,90500,10,2326,$9.41,26,48,https://www.zomato.com/mumbai/restaurants/in/trident-bandra-kurla,Mumbai,Maharashtra,India,Restaurant
1393,the leela ambience convention hotel delhi india,74000,22,187,$0.75,18,23,https://www.zomato.com/ncr/restaurants/in/the-leela-ambience-convention-hotel,Unknown,Unknown,Unknown,Restaurant
1394,the galleria shopping mall,74000,11,1110,$0.35,7,32,https://www.zomato.com/mumbai/restaurants/in/galleria-shopping-centre-powai,Mumbai,Maharashtra,India,Restaurant
1395,orchid mumbai,74000,12,836,$0.22,27,49,https://www.zomato.com/mumbai/restaurants/in/the-orchid-vile-parle-east,Mumbai,Maharashtra,India,Restaurant
1396,nightlife club near me,74000,6,11988,$0.07,5,24,https://www.zomato.com/mumbai/drinks-and-nightlife,Mumbai,Maharashtra,India,Unknown
1397,nagarjuna restaurant bangalore,60500,6,11988,$0.38,5,33,https://www.zomato.com/bangalore/nagarjuna-since-1984-residency-road-bangalore,Bangalore,Karnataka,India,Unknown
1398,r city mall mumbai,74000,8,1894,$1.11,1,28,https://www.zomato.com/mumbai/restaurants/in/r-city-mall-ghatkopar-west,Mumbai,Maharashtra,India,Restaurant
1399,pubs,90500,5,7200,$0.35,1,59,https://www.zomato.com/hyderabad/best-bars-and-pubs,Hyderabad,Telangana,India,Bar
1400,great india place mall noida,74000,10,1110,$0.08,5,24,https://www.zomato.com/ncr/restaurants/in/the-great-india-place-sector-38-noida,Unknown,Unknown,Unknown,Restaurant
1401,goodluck cafe pune,74000,3,22496,$0,3,36,https://www.zomato.com/pune/cafe-goodluck-deccan-gymkhana,Pune,Maharashtra,India,Cafe
1402,ghatkopar r city mall,74000,5,4876,$0.05,11,22,https://www.zomato.com/mumbai/restaurants/in/r-city-mall-ghatkopar-west,Mumbai,Maharashtra,India,Restaurant
1403,dia,74000,40,155,$4.36,1,53,https://www.zomato.com/mumbai/bom-dia-matunga-east,Mumbai,Maharashtra,India,Unknown
1404,laxmi niwas palace,27100,10,1894,$0.04,9,24,https://www.zomato.com/bikaner/the-laxmi-niwas-palace-samta-nagar,Unknown,Unknown,Unknown,Unknown
1405,kashi chat bhandar varanasi,74000,5,11988,$0.21,1,24,https://www.zomato.com/varanasi/kashi-chat-bhandar-dashaswmedh-road,Varanasi,Uttar Pradesh,India,Unknown
1406,kanti sweets near me,74000,6,7200,$0.21,3,28,https://www.zomato.com/bangalore/restaurants/kanti-sweets-since-1957,Bangalore,Karnataka,India,Restaurant
1407,ibc knowledge park,74000,9,1457,$0,15,40,https://www.zomato.com/bangalore/restaurants/in/ibc-knowledge-park,Bangalore,Karnataka,India,Restaurant
1408,best hotels near me,90500,53,155,$0.18,49,47,https://www.zomato.com/restaurants-near-me,Unknown,Unknown,Unknown,Restaurant
1409,ashok vada pav,74000,3,22496,$0,3,36,https://www.zomato.com/mumbai/ashok-vada-pav-stall-prabhadevi,Mumbai,Maharashtra,India,Unknown
1410,amul parlour,74000,9,3470,$0.36,2,41,https://www.zomato.com/surat/amul-parlour-althan-bhatar,Surat,Gujarat,India,Unknown
1411,aloha the ganges rishikesh,74000,9,1457,$0.14,51,22,https://www.zomato.com/rishikesh/hotel-aloha-on-the-ganges-tapovan,Unknown,Unknown,Unknown,Hotel
1412,bu n,74000,15,836,$0.03,4,43,https://www.zomato.com/ncr/bun-n-bites-1-west-patel-nagar-new-delhi,Unknown,Unknown,Unknown,Unknown
1413,the great india place,74000,5,4876,$0.11,6,26,https://www.zomato.com/ncr/restaurants/in/the-great-india-place-sector-38-noida,Unknown,Unknown,Unknown,Restaurant
1414,the bier library brewery & kitchen sarjapur road,0,3,22496,$0,1,4,https://www.zomato.com/bangalore/the-bier-library-sarjapur-road-bangalore,Bangalore,Karnataka,India,Unknown
1415,sector 35 a chandigarh,74000,9,2501,$0.11,4,19,https://www.zomato.com/chandigarh/sector-35-chandigarh-restaurants,Chandigarh,Chandigarh,India,Restaurant
1416,night clubs near me,74000,6,11988,$0.32,3,28,https://www.zomato.com/mumbai/drinks-and-nightlife,Mumbai,Maharashtra,India,Unknown
1417,near me street food,74000,4,22496,$0.05,9,23,https://www.zomato.com/street-food-restaurants-near-me,Unknown,Unknown,Unknown,Restaurant
1418,mall road mussoorie,74000,24,318,$0.16,2,36,https://www.zomato.com/mussoorie/the-mall-road-restaurants,Unknown,Unknown,Unknown,Restaurant
1419,lulu hypermarket coimbatore,74000,15,836,$0.19,15,40,https://www.zomato.com/coimbatore/lulu-hypermarket-lakshmi-mills,Unknown,Unknown,Unknown,Unknown
1420,seafood joint near me,74000,6,11988,$0.05,8,27,https://www.zomato.com/mumbai/seafood,Mumbai,Maharashtra,India,Unknown
1421,restaurants near me within 400m,90500,4,22496,$0.28,22,39,https://www.zomato.com/restaurants-near-me,Unknown,Unknown,Unknown,Restaurant
1422,madam curry,74000,7,4876,$0.31,1,55,https://www.zomato.com/ncr/madam-curry-experimental-indian-delivery-greater-kailash-gk-1-new-delhi,Unknown,Unknown,Unknown,Unknown
1423,kumar pacific mall pune,60500,6,3470,$0,10,27,https://www.zomato.com/pune/restaurants/in/kumar-pacific-mall-swargate,Pune,Maharashtra,India,Restaurant
1424,kashi chat bhandar,74000,5,11988,$0.04,2,36,https://www.zomato.com/varanasi/kashi-chat-bhandar-dashaswmedh-road,Varanasi,Uttar Pradesh,India,Unknown
1425,dance clubs in near me,74000,8,7200,$0.06,7,23,https://www.zomato.com/pune/collection/night-clubs,Pune,Maharashtra,India,Unknown
1426,chopstick,74000,28,177,$0.05,93,81,https://www.zomato.com/hyderabad/chop-sticks-srinagar-colony,Hyderabad,Telangana,India,Unknown
1427,ashok vada pav mumbai maharashtra,74000,3,22496,$0.14,3,30,https://www.zomato.com/mumbai/ashok-vada-pav-stall-prabhadevi,Mumbai,Maharashtra,India,Unknown
1428,galaxy blue sapphire plaza,60500,5,4876,$0.19,9,26,https://www.zomato.com/ncr/restaurants/in/galaxy-blue-sapphire-plaza-amrapali-dream-valley-greater-noida,Unknown,Unknown,Unknown,Restaurant
1429,udupi hotel near me,60500,8,2837,$0.12,3,24,https://www.zomato.com/manipal/udupi-restaurants,Unknown,Unknown,Unknown,Restaurant
1430,the game palacio,49500,6,5886,$0.19,6,29,https://www.zomato.com/mumbai/the-game-palacio-lower-parel,Mumbai,Maharashtra,India,Unknown
1431,surya hotel,60500,8,2044,$0.19,4,38,https://www.zomato.com/chennai/hotel-surya-washermenpet,Chennai,Tamil Nadu,India,Hotel
1432,stacked,60500,21,260,$1.28,1,49,https://www.zomato.com/mumbai/stacked-mahim,Mumbai,Maharashtra,India,Unknown
1433,sobha city mall,60500,25,139,$0,4,33,https://www.zomato.com/thrissur/restaurants/in/shobha-city-mall-puzhakkal,Unknown,Unknown,Unknown,Restaurant
1434,sindhi colony hyderabad,49500,19,453,$0,4,29,https://www.zomato.com/hyderabad/s-p-road-order-online?delivery_subzone=1615&veg=1,Hyderabad,Telangana,India,Unknown
1435,sector 85 gurgaon,49500,10,2044,$0.33,10,31,https://www.zomato.com/ncr/sector-85-restaurants,Unknown,Unknown,Unknown,Restaurant
1436,hakka noodles,60500,90,127,$0.05,14,41,https://www.zomato.com/order-food-online-in-train,Unknown,Unknown,Unknown,Unknown
1437,gymkhana,74000,14,453,$0,1,54,https://www.zomato.com/mumbai/gymkhana-91-bar-kitchen-lower-parel,Mumbai,Maharashtra,India,Bar
1438,gole market,60500,8,2837,$0,1,36,https://www.zomato.com/ncr/gole-market-delhi-restaurants,Unknown,Unknown,Unknown,Restaurant
1439,food delivery comparison,60500,56,127,$0,2,27,https://www.zomato.com/hyderabad/delivery,Hyderabad,Telangana,India,Unknown
1440,mandi manzil,33100,6,5886,$0,5,29,https://www.zomato.com/trivandrum/mandi-manzil-thycaud,Unknown,Unknown,Unknown,Unknown
1441,maharana pratap nagar,60500,17,356,$0.09,6,19,https://www.zomato.com/bhopal/maharana-pratap-nagar-restaurants,Unknown,Unknown,Unknown,Restaurant
1442,indiranagar restaurants,60500,4,18392,$0.11,11,40,https://www.zomato.com/bangalore/indiranagar-restaurants,Bangalore,Karnataka,India,Restaurant
1443,pandav nagar,60500,18,356,$0.12,4,38,https://www.zomato.com/ncr/pandav-nagar-delhi-restaurants,Unknown,Unknown,Unknown,Restaurant
1444,new market area,60500,17,453,$0.05,1,22,https://www.zomato.com/kolkata/new-market-area-restaurants,Kolkata,West Bengal,India,Restaurant
1445,nearest wine store,60500,12,1191,$0,1,14,https://www.zomato.com/kolkata/restaurants/dish-wine,Kolkata,West Bengal,India,Restaurant
1446,cafe coromandel,60500,4,18392,$0.14,2,26,https://www.zomato.com/puducherry/coromandel-cafe-white-town,Unknown,Unknown,Unknown,Cafe
1447,best dining places near me,49500,4,18392,$0.19,10,23,https://www.zomato.com/mumbai/restaurants,Mumbai,Maharashtra,India,Restaurant
1448,chicken shop,60500,12,907,$0.27,1,37,https://www.zomato.com/ncr/chop-shop-chicken-shop-nit-faridabad,Unknown,Unknown,Unknown,Unknown
1449,f c road,60500,10,2044,$0.14,2,19,https://www.zomato.com/pune/fc-road-restaurants,Pune,Maharashtra,India,Restaurant
1450,range,60500,21,260,$0.17,1,49,https://www.zomato.com/bangalore/range-dine-in-kitchen-kanakapura-road-bangalore,Bangalore,Karnataka,India,Unknown
1451,radisson blu delhi airport,22200,14,683,$0.31,38,23,https://www.zomato.com/ncr/restaurants/in/radisson-blu-plaza-delhi-airport-mahipalpur,Unknown,Unknown,Unknown,Restaurant
1452,punjab k,60500,13,683,$0,1,57,https://www.zomato.com/ncr/punjab-ke-mashoor-paranthe-1-indirapuram-ghaziabad,Unknown,Unknown,Unknown,Unknown
1453,toit pub in indiranagar,74000,3,9801,$0.24,1,35,https://www.zomato.com/bangalore/toit-indiranagar,Bangalore,Karnataka,India,Unknown
1454,the hole in the wall cafe,60500,6,9801,$0.12,10,27,https://www.zomato.com/bangalore/the-hole-in-the-wall-cafe-koramangala-4th-block-bangalore,Bangalore,Karnataka,India,Cafe
1455,thalassa goa,60500,6,5886,$0.31,1,37,https://www.zomato.com/goa/thalassa-siolim,Goa,Goa,India,Unknown
1456,tandoor,49500,7,5886,$0.06,45,59,https://www.zomato.com/bangalore/tandoor-a-heritage-indian-restaurant-bar-mg-road-bangalore,Bangalore,Karnataka,India,Restaurant
1457,taco bell near me,40500,6,9801,$0.28,3,18,https://www.zomato.com/bangalore/restoran/taco-bell-1?category=2,Bangalore,Karnataka,India,Unknown
1458,restaurant zam zam,60500,5,9801,$0.09,2,23,https://www.zomato.com/kolkata/zam-zam-restaurant-park-circus-area,Kolkata,West Bengal,India,Restaurant
1459,punjab restaurants near me,60500,8,3986,$0.13,10,27,https://www.zomato.com/jalandhar,Unknown,Unknown,Unknown,Unknown
1460,patna international airport,60500,93,127,$0.12,1,37,https://www.zomato.com/patna,Patna,Bihar,India,Unknown
1461,magnum ice cream,74000,13,907,$0.24,24,28,https://www.zomato.com/ncr/kwality-walls-ice-cream-and-more-jail-road-new-delhi/order,Unknown,Unknown,Unknown,Ice Cream
1462,kwality walls,60500,10,2837,$0.19,1,37,https://www.zomato.com/ncr/kwality-walls-ice-cream-and-more-connaught-place-new-delhi/order,Unknown,Unknown,Unknown,Ice Cream
1463,hotel clarks amer,49500,21,308,$0.12,35,38,https://www.zomato.com/jaipur/hotel-clarks-amer-jaipur-tonk-road,Jaipur,Rajasthan,India,Hotel
1464,daryaganj restaurant,40500,5,9801,$0,5,32,https://www.zomato.com/ncr/daryaganj-by-the-inventors-of-butter-chicken-and-dal-makhani-aerocity-new-delhi,Unknown,Unknown,Unknown,Unknown
1465,cafe de flora,49500,3,18392,$0.09,3,28,https://www.zomato.com/ncr/cafe-de-flora-chanakyapuri-new-delhi,Unknown,Unknown,Unknown,Cafe
1466,bannerghatta road,60500,12,1191,$0.16,5,38,https://www.zomato.com/bangalore/best-bannerghatta-road-restaurants,Bangalore,Karnataka,India,Restaurant
1467,baba ramdev dhaba,49500,4,18392,$0,3,28,https://www.zomato.com/pune/baba-ramdev-dhaba-nigdi,Pune,Maharashtra,India,Unknown
1468,amritsar kesar da dhaba,60500,4,9801,$0.07,1,28,https://www.zomato.com/amritsar/kesar-da-dhaba-hathi-gate,Unknown,Unknown,Unknown,Unknown
1469,cafe in bandra mumbai,60500,10,3986,$0.02,2,23,https://www.zomato.com/mumbai/cafe-bandra-pali-hill-bandra-west,Mumbai,Maharashtra,India,Cafe
1470,thali near me,60500,4,18392,$0.19,7,34,https://www.zomato.com/mumbai/best-thali,Mumbai,Maharashtra,India,Unknown
1471,janakpuri district center delhi,40500,8,2044,$0.11,4,20,https://www.zomato.com/ncr/restaurants/in/district-centre-janakpuri,Unknown,Unknown,Unknown,Restaurant
1472,hyatt centric janakpuri new delhi,49500,9,1548,$1.07,17,25,https://www.zomato.com/ncr/kitchen-district-hyatt-centric-1-janakpuri-new-delhi,Unknown,Unknown,Unknown,Unknown
1473,ginger hotel wakad,60500,7,2837,$0.44,12,35,https://www.zomato.com/pune/qmin-ginger-hotels-wakad-wakad,Pune,Maharashtra,India,Hotel
1474,majestic near me,49500,6,9801,$0.02,1,19,https://www.zomato.com/bangalore/majestic-restaurants,Bangalore,Karnataka,India,Restaurant
1475,kurla de,60500,5,2837,$0,1,36,https://www.zomato.com/mumbai/de-bombay-cuisine-kurla/order,Mumbai,Maharashtra,India,Unknown
1476,kora food street,60500,6,5886,$0.05,5,33,https://www.zomato.com/chennai/restaurants/in/kora-food-street-anna-nagar-west,Chennai,Tamil Nadu,India,Restaurant
1477,roastery coffee house,40500,6,5886,$0.78,8,28,https://www.zomato.com/ncr/roastery-coffee-house-sarvodaya-enclave-new-delhi,Unknown,Unknown,Unknown,Coffee
1478,restaurants in indiranagar bangalore,60500,4,18392,$0.06,9,28,https://www.zomato.com/bangalore/indiranagar-restaurants,Bangalore,Karnataka,India,Restaurant
1479,punjabi dhaba near me,60500,6,5886,$0.08,5,25,https://www.zomato.com/dhabas-near-me,Unknown,Unknown,Unknown,Unknown
1480,pizza express,60500,11,1548,$0.29,3,37,https://www.zomato.com/mumbai/pizzaexpress-nerul-navi-mumbai,Mumbai,Maharashtra,India,Pizza
1481,peruchi wadi chulivarachi misal,60500,16,453,$0.21,5,30,https://www.zomato.com/nashik/peruchi-wadi-college-road,Unknown,Unknown,Unknown,Unknown
1482,night clubbing,60500,8,2837,$0.11,2,37,https://www.zomato.com/mumbai/night-clubs,Mumbai,Maharashtra,India,Unknown
1483,exhausted hindi meaning,60500,50,127,$0,1,18,https://www.zomato.com/policies/terms-of-service/,Unknown,Unknown,Unknown,Unknown
1484,dlf cyber park,74000,44,127,$0.54,3,36,https://www.zomato.com/ncr/dlf-cyber-city-restaurants,Unknown,Unknown,Unknown,Restaurant
1485,charni road,49500,8,5886,$0,10,36,https://www.zomato.com/mumbai/charni-road-restaurants,Mumbai,Maharashtra,India,Restaurant
1486,cafes to visit in dehradun,60500,6,9801,$0.36,11,24,https://www.zomato.com/dehradun/great-cafes,Dehradun,Uttarakhand,India,Cafe
1487,zam zam restaurants,49500,6,9801,$0.81,2,28,https://www.zomato.com/kolkata/zam-zam-restaurant-park-circus-area,Kolkata,West Bengal,India,Restaurant
1488,salem selvi mess,60500,7,18392,$0.04,2,22,https://www.zomato.com/salem/selvi-mess-seelanaickenpatti,Unknown,Unknown,Unknown,Unknown
1489,vashi plaza vashi,60500,21,199,$0.07,6,25,https://www.zomato.com/mumbai/restaurants/in/satra-plaza-vashi,Mumbai,Maharashtra,India,Restaurant
1490,hyatt regency chennai,60500,16,453,$6.55,27,40,https://www.zomato.com/chennai/restaurants/in/hyatt-regency-anna-salai,Chennai,Tamil Nadu,India,Restaurant
1491,raj dhaba near me,49500,5,9801,$0.03,2,25,https://www.zomato.com/hyderabad/rajs-dhaba-paradise-circle-secunderabad,Hyderabad,Telangana,India,Unknown
1492,places with sweets near me,60500,5,18392,$0.05,14,23,https://www.zomato.com/dessert-parlor-near-me,Unknown,Unknown,Unknown,Dessert
1493,phoenix market city mall,49500,63,127,$0.08,1,51,https://www.zomato.com/bangalore/belle-ville-pancake-cafe-1-mahadevapura-bangalore,Bangalore,Karnataka,India,Cafe
1494,om sweets,60500,5,9801,$0.04,5,38,https://www.zomato.com/ncr/om-sweets-snacks-sector-31,Unknown,Unknown,Unknown,Unknown
1495,noida sector 93,60500,9,2044,$0.20,5,20,https://www.zomato.com/ncr/best-sector-93-noida-restaurants,Unknown,Unknown,Unknown,Restaurant
1496,dadar west,49500,11,1191,$0.16,9,35,https://www.zomato.com/mumbai/dadar-west-restaurants,Mumbai,Maharashtra,India,Restaurant
1497,chinese near me,49500,4,18392,$0.35,3,28,https://www.zomato.com/chinese-restaurants-near-me,Unknown,Unknown,Unknown,Restaurant
1498,cha cha,60500,15,550,$0,1,36,https://www.zomato.com/bangalore/restaurants/cha-cha-cha-dimsum-sushi-stir-fry?subzone=5413&category=2,Bangalore,Karnataka,India,Restaurant
1499,burma burma restaurant,40500,5,9801,$0.10,1,26,https://www.zomato.com/hyderabad/burma-burma-hitech-city-hitech-city,Hyderabad,Telangana,India,Unknown
1500,burma burma,40500,6,5886,$0.14,1,30,https://www.zomato.com/bangalore/burma-burma-indiranagar-indiranagar-bangalore,Bangalore,Karnataka,India,Unknown
1501,bengali food restaurants near me,60500,4,18392,$0.08,12,27,https://www.zomato.com/bengali-restaurants-near-me,Unknown,Unknown,Unknown,Restaurant
1502,bastian garden city,60500,5,9801,$0,7,34,https://www.zomato.com/bangalore/bastian-garden-city-st-marks-road-bangalore,Bangalore,Karnataka,India,Unknown
1503,babylon hyderabad,49500,1,18392,$0.03,1,22,https://www.zomato.com/hyderabad/babylon-brewery-club-nanakramguda,Hyderabad,Telangana,India,Unknown
1504,4ps pizza,49500,5,5886,$0.30,1,27,https://www.zomato.com/bangalore/pizza-4ps-indiranagar-bangalore,Bangalore,Karnataka,India,Pizza
1505,11th zone,60500,5,2837,$0,1,32,https://www.zomato.com/rajkot/eleven-egg-zone-bhakti-nagar,Unknown,Unknown,Unknown,Unknown
1506,hotel surya,60500,5,3986,$0.37,6,38,https://www.zomato.com/indore/hotel-surya-south-tukoganj,Indore,Madhya Pradesh,India,Hotel
1507,south indian cuisine restaurants,60500,6,18392,$0.04,3,22,https://www.zomato.com/south-indian-restaurants-near-me,Unknown,Unknown,Unknown,Restaurant
1508,sector 73 noida,60500,11,907,$0.43,6,20,https://www.zomato.com/ncr/sector-73-restaurants,Unknown,Unknown,Unknown,Restaurant
1509,sector 67,60500,7,2837,$0.12,7,18,https://www.zomato.com/ncr/sector-67-restaurants,Unknown,Unknown,Unknown,Restaurant
1510,restaurants in new delhi connaught place,49500,4,18392,$0.05,3,24,https://www.zomato.com/ncr/connaught-place-delhi-restaurants,Unknown,Unknown,Unknown,Restaurant
1511,ramji,60500,13,907,$0,1,49,https://www.zomato.com/ncr/ramji-di-hatti-caterers-mayapuri-phase-2-new-delhi,Unknown,Unknown,Unknown,Unknown
1512,pizza 4p,60500,3,5886,$0.10,4,26,https://www.zomato.com/bangalore/pizza-4ps-indiranagar-bangalore,Bangalore,Karnataka,India,Pizza
1513,murthal dhaba,60500,8,3986,$0.31,1,37,https://www.zomato.com/sonipat/murthal-dhaba-sonipat-locality/menu,Unknown,Unknown,Unknown,Unknown
1514,lord of drinks connaught place,60500,1,18392,$0.07,2,19,https://www.zomato.com/ncr/lord-of-the-drinks-connaught-place-new-delhi,Unknown,Unknown,Unknown,Unknown
1515,kolkata deshapriya park,60500,38,127,$0.07,4,19,https://www.zomato.com/kolkata/deshapriya-park-road-manoharpukur-restaurants/bengali,Kolkata,West Bengal,India,Restaurant
1516,misal pav near me,60500,4,18392,$0.22,3,24,https://www.zomato.com/mumbai/delivery/dish-misal-pav,Mumbai,Maharashtra,India,Unknown
1517,pizza shop near me,74000,6,5886,$0.19,7,71,https://www.zomato.com/pizza-restaurants-near-me,Unknown,Unknown,Unknown,Restaurant
1518,falak numa hyderabad,60500,39,127,$0.23,4,46,https://www.zomato.com/hyderabad/adaa-taj-falaknuma-palace-falaknuma,Hyderabad,Telangana,India,Unknown
1519,connaught place delhi restaurants,49500,4,18392,$0.04,4,21,https://www.zomato.com/ncr/connaught-place-delhi-restaurants,Unknown,Unknown,Unknown,Restaurant
1520,combo combo,170,14,907,$0,1,18,https://www.zomato.com/mumbai/combo-jumbo-1-kopar-khairane-navi-mumbai,Mumbai,Maharashtra,India,Unknown
1521,cloud kitchen,60500,19,453,$0.25,1,37,https://www.zomato.com/ncr/cloud-kitchen-1-rohini-new-delhi,Unknown,Unknown,Unknown,Unknown
1522,burma restaurant mumbai,60500,1,18392,$0.08,1,21,https://www.zomato.com/mumbai/burma-burma-fort-fort,Mumbai,Maharashtra,India,Unknown
1523,brewing near me,60500,4,18392,$0.05,11,43,https://www.zomato.com/microbreweries-near-me,Unknown,Unknown,Unknown,Unknown
1524,best places for food near me,60500,2,18392,$0.06,14,24,https://www.zomato.com/restaurants-near-me,Unknown,Unknown,Unknown,Restaurant
1525,indian restaurants connaught place,49500,4,18392,$0.13,4,21,https://www.zomato.com/ncr/connaught-place-delhi-restaurants/north-indian,Unknown,Unknown,Unknown,Restaurant
1526,i t c grand bharat gurgaon,60500,27,133,$0.54,56,36,https://www.zomato.com/ncr/aravali-pavilion-itc-grand-bharat-manesar-gurgaon,Unknown,Unknown,Unknown,Unknown
1527,fire station,60500,14,1191,$0.10,1,39,https://www.zomato.com/bangalore/fire-station-electronic-city-bangalore,Bangalore,Karnataka,India,Unknown
1528,barbeque and barbecue,60500,21,260,$0.02,18,48,https://www.zomato.com/bangalore/barbeque-grills-electronic-city-bangalore,Bangalore,Karnataka,India,Bar
1529,56 dukan street,60500,7,9801,$0.03,8,34,https://www.zomato.com/indore/restaurants/in/56-dukan-new-palasia,Indore,Madhya Pradesh,India,Restaurant
1530,toit bangalore,74000,4,9801,$1.23,2,41,https://www.zomato.com/bangalore/toit-indiranagar,Bangalore,Karnataka,India,Unknown
1531,the rameshwaram cafe pune,40500,2,18392,$0.10,6,24,https://www.zomato.com/pune/the-rameshwaram-cafe-viman-nagar,Pune,Maharashtra,India,Cafe
1532,tea post near me,49500,5,9801,$0.09,3,22,https://www.zomato.com/rajkot/tea-post-kalawad-road,Unknown,Unknown,Unknown,Unknown
1533,symphony,60500,15,356,$0.34,99,79,https://www.zomato.com/mumbai/symphony-kemps-corner,Mumbai,Maharashtra,India,Unknown
1534,silver beach,40500,19,1191,$0,10,34,https://www.zomato.com/mumbai/silver-beach-cafe-juhu/menu,Mumbai,Maharashtra,India,Cafe
1535,truffles restaurant bangalore,49500,5,18392,$0,5,29,https://www.zomato.com/bangalore/ristoranti/truffles-1?category=2,Bangalore,Karnataka,India,Unknown
1536,south indian food restaurant,60500,6,9801,$0.05,2,22,https://www.zomato.com/ncr/restaurants/south-indian,Unknown,Unknown,Unknown,Restaurant
1537,sheraton grand brigade gateway,60500,7,2837,$0.24,26,31,https://www.zomato.com/bangalore/restaurants/in/sheraton-grand-bangalore-brigade-gateway,Bangalore,Karnataka,India,Restaurant
1538,lords of drinks delhi,60500,1,18392,$0.07,3,27,https://www.zomato.com/ncr/lord-of-the-drinks-connaught-place-new-delhi,Unknown,Unknown,Unknown,Unknown
1539,lord of the drinks,60500,5,9801,$0.42,2,24,https://www.zomato.com/ncr/lord-of-the-drinks-connaught-place-new-delhi,Unknown,Unknown,Unknown,Unknown
1540,sainik farm new delhi,60500,18,453,$0.15,5,19,https://www.zomato.com/ncr/sainik-farms-delhi-restaurants,Unknown,Unknown,Unknown,Restaurant
1541,radisson blu hotel new delhi dwarka,49500,29,127,$0.34,5,21,https://www.zomato.com/ncr/restaurants/in/radisson-blu-sector-13-dwarka,Unknown,Unknown,Unknown,Restaurant
1542,firehouse station,60500,50,127,$0.10,1,45,https://www.zomato.com/bangalore/fire-station-electronic-city-bangalore,Bangalore,Karnataka,India,Unknown
1543,erode amman mess,49500,5,9801,$0,3,28,https://www.zomato.com/chennai/erode-amman-mess-anna-nagar-east,Chennai,Tamil Nadu,India,Unknown
1544,dwarka sector 7 delhi,60500,10,2044,$0.23,9,26,https://www.zomato.com/ncr/sector-7-dwarka-restaurants,Unknown,Unknown,Unknown,Restaurant
1545,dessert places near me,60500,5,18392,$0.32,13,27,https://www.zomato.com/dessert-parlor-near-me,Unknown,Unknown,Unknown,Dessert
1546,delhi gali,60500,8,1191,$0,1,36,https://www.zomato.com/chandigarh/delhi-special-paranthe-wali-gali-1-sector-22,Chandigarh,Chandigarh,India,Unknown
1547,cloud kitchens,60500,9,3986,$0.73,1,36,https://www.zomato.com/ncr/the-cloud-kitchens-ambedkar-road-ghaziabad,Unknown,Unknown,Unknown,Unknown
1548,kiosk,60500,29,163,$0.90,1,49,https://www.zomato.com/mumbai/kiosk-kaffee-bhayandar,Mumbai,Maharashtra,India,Unknown
1549,jd,60500,65,127,$0.17,1,47,https://www.zomato.com/jaipur/jd-restasurant-cafe-sitapur,Jaipur,Rajasthan,India,Cafe
1550,hotel westin mumbai goregaon,60500,8,2044,$0.72,15,40,https://www.zomato.com/mumbai/restaurants/in/the-westin-mumbai-garden-city-goregaon-east,Mumbai,Maharashtra,India,Restaurant
1551,haleem,60500,11,2837,$0.23,1,49,https://www.zomato.com/hyderabad/hyderabadi-haleem,Hyderabad,Telangana,India,Unknown
1552,gurgaon sector 85,60500,9,2837,$0.22,4,33,https://www.zomato.com/ncr/sector-85-restaurants,Unknown,Unknown,Unknown,Restaurant
1553,wow china,60500,8,3986,$0.22,1,22,https://www.zomato.com/kolkata/wow-china-new-town,Kolkata,West Bengal,India,Unknown
1554,wine shop nearest,60500,23,199,$0,1,19,https://www.zomato.com/pune/restaurants/dish-wine,Pune,Maharashtra,India,Restaurant
1555,vivanta new delhi dwarka,49500,21,244,$0.22,9,22,https://www.zomato.com/ncr/restaurants/in/vivanta-new-delhi-dwarka,Unknown,Unknown,Unknown,Restaurant
1556,vega city mall,60500,12,683,$0.03,7,34,https://www.zomato.com/bangalore/restaurants/in/vega-city-bannerghatta-road,Bangalore,Karnataka,India,Restaurant
1557,unlimited pizza near me,60500,9,2044,$0.29,2,24,https://www.zomato.com/jaipur/the-pizza-unlimited-pink-city,Jaipur,Rajasthan,India,Pizza
1558,the hole in the wall café,60500,4,18392,$0.12,5,29,https://www.zomato.com/bangalore/the-hole-in-the-wall-cafe-koramangala-4th-block-bangalore,Bangalore,Karnataka,India,Cafe
1559,sindhi colony,60500,11,2044,$0,3,37,https://www.zomato.com/hyderabad/s-p-road-order-online?delivery_subzone=1615&veg=1,Hyderabad,Telangana,India,Unknown
1560,sector 144,60500,5,9801,$0.11,4,22,https://www.zomato.com/bangalore/sector-144-electronic-city-bangalore,Bangalore,Karnataka,India,Unknown
1561,novotel kolkata,60500,30,127,$0.35,32,46,https://www.zomato.com/kolkata/the-square-novotel-new-town,Kolkata,West Bengal,India,Unknown
1562,moti mahal,60500,7,5886,$0.34,1,37,https://www.zomato.com/ncr/moti-mahal-daryaganj-delhi,Unknown,Unknown,Unknown,Unknown
1563,rmz infinity,60500,6,3986,$0.39,7,39,https://www.zomato.com/bangalore/restaurants/in/rmz-infinity-old-madras-road,Bangalore,Karnataka,India,Restaurant
1564,ram nagar karnataka,60500,48,127,$0.35,1,38,https://www.zomato.com/deliver-food/,Unknown,Unknown,Unknown,Unknown
1565,que 1,60500,6,3986,$0,1,39,https://www.zomato.com/kolkata/que-pasa-sector-1-salt-lake,Kolkata,West Bengal,India,Unknown
1566,pani puri near me,49500,6,9801,$0.37,4,21,https://www.zomato.com/hyderabad/restaurants/dish-pani-puri,Hyderabad,Telangana,India,Restaurant
1567,hotel sangam,49500,5,9801,$0.24,6,34,https://www.zomato.com/chennai/hotel-sangam-anna-salai,Chennai,Tamil Nadu,India,Hotel
1568,himalaya mall,49500,12,1191,$0.43,6,34,https://www.zomato.com/ahmedabad/restaurants/in/himalaya-mall-memnagar,Ahmedabad,Gujarat,India,Restaurant
1569,kiki by the sea,60500,2,9801,$0.08,4,22,https://www.zomato.com/goa/kiki-by-the-sea-vagator,Goa,Goa,India,Unknown
1570,ito,60500,15,356,$0.04,5,51,https://www.zomato.com/ncr/delivery-in-ito/dish-mutton-biryani,Unknown,Unknown,Unknown,Unknown
1571,chai near me,49500,5,9801,$0.30,3,28,https://www.zomato.com/tea-restaurants-near-me,Unknown,Unknown,Unknown,Restaurant
1572,fountain hotel,49500,6,5886,$0.29,4,34,https://www.zomato.com/mumbai/hotel-fountain-mira-road,Mumbai,Maharashtra,India,Hotel
1573,delhi east of kailash,60500,21,260,$0.14,4,19,https://www.zomato.com/ncr/east-of-kailash-delhi-restaurants,Unknown,Unknown,Unknown,Restaurant
1574,cafe delhi heights,60500,5,9801,$0.21,3,32,https://www.zomato.com/ncr/restaurants/cafe-delhi-heights,Unknown,Unknown,Unknown,Restaurant
1575,barfi ki bareilly,60500,12,1191,$0.02,1,37,https://www.zomato.com/hi/chandigarh/bareilly-ki-barfi-sector-82-mohali,Chandigarh,Chandigarh,India,Bar
1576,thali,60500,10,2837,$0.14,4,51,https://www.zomato.com/ncr/restaurants/dish-veg-thali,Unknown,Unknown,Unknown,Restaurant
1577,shree baba ramdev dhaba,49500,3,18392,$0,7,22,https://www.zomato.com/hi/pune/baba-ramdev-dhaba-nigdi,Pune,Maharashtra,India,Unknown
1578,shiv sagar,60500,7,5886,$0.11,2,37,https://www.zomato.com/mumbai/restaurants/shiv-sagar-2,Mumbai,Maharashtra,India,Restaurant
1579,og by the lake,49500,3,18392,$0,5,21,https://www.zomato.com/kolkata/og-by-the-lake-1-topsia,Kolkata,West Bengal,India,Unknown
1580,mumbai westin garden city,60500,6,3428,$0.82,15,42,https://www.zomato.com/mumbai/restaurants/in/the-westin-mumbai-garden-city-goregaon-east,Mumbai,Maharashtra,India,Restaurant
1581,kolkata novotel hotel,60500,35,127,$0.30,24,27,https://www.zomato.com/kolkata/the-square-novotel-new-town,Kolkata,West Bengal,India,Unknown
1582,best eat near me,49500,4,18392,$0.06,12,20,https://www.zomato.com/restaurants-near-me,Unknown,Unknown,Unknown,Restaurant
1583,cafe in mumbai bandra,60500,6,5886,$0.03,4,21,https://www.zomato.com/mumbai/bandra-west-restaurants/caf%C3%A9,Mumbai,Maharashtra,India,Restaurant
1584,coffee prices starbucks,60500,6,5886,$0.02,1,24,https://www.zomato.com/bangalore/starbucks-coffee-mg-road-bangalore/order,Bangalore,Karnataka,India,Coffee
1585,cafe bahar & restaurant,60500,2,18392,$0.08,4,32,https://www.zomato.com/hyderabad/cafe-bahar-basheer-bagh,Hyderabad,Telangana,India,Cafe
1586,cafe bahar,49500,5,18392,$0,3,33,https://www.zomato.com/hyderabad/cafe-bahar-basheer-bagh,Hyderabad,Telangana,India,Cafe
1587,the park raj bhavan road hyderabad,60500,20,260,$0.43,28,37,https://www.zomato.com/hyderabad/verandah-the-park-somajiguda,Hyderabad,Telangana,India,Unknown
1588,south indian restaurants,74000,5,18392,$0.12,3,36,https://www.zomato.com/south-indian-restaurants-near-me,Unknown,Unknown,Unknown,Restaurant
1589,sheraton grand in bangalore,60500,14,683,$0.86,25,38,https://www.zomato.com/bangalore/restaurants/in/sheraton-grand-bangalore-brigade-gateway,Bangalore,Karnataka,India,Restaurant
1590,sector 53 noida,60500,9,2044,$0.13,5,19,https://www.zomato.com/ncr/sector-53-noida-restaurants,Unknown,Unknown,Unknown,Restaurant
1591,r meal,40500,5,2837,$0,1,30,https://www.zomato.com/mumbai/r-daily-meal-vashi-navi-mumbai/order,Mumbai,Maharashtra,India,Unknown
1592,pizza shops close to me,60500,6,9801,$0.12,10,30,https://www.zomato.com/pizza-restaurants-near-me,Unknown,Unknown,Unknown,Restaurant
1593,paan shop near me,49500,4,18392,$0.22,1,20,https://www.zomato.com/paan-shop-near-me,Unknown,Unknown,Unknown,Unknown
1594,nisha,60500,19,356,$0,1,49,https://www.zomato.com/mumbai/nisha-nalasopara/photos,Mumbai,Maharashtra,India,Unknown
1595,navalur ags,60500,21,199,$0.15,4,38,https://www.zomato.com/chennai/restaurants/near/ags-cinemas?credit-card=1,Chennai,Tamil Nadu,India,Restaurant
1596,monk's,60500,3,9801,$0,1,35,https://www.zomato.com/bangalore/monks-bar-social-bannerghatta-road-bangalore,Bangalore,Karnataka,India,Bar
1597,itc bharat,49500,26,145,$0.17,50,48,https://www.zomato.com/ncr/aravali-pavilion-itc-grand-bharat-manesar-gurgaon,Unknown,Unknown,Unknown,Unknown
1598,hungry,74000,29,133,$0,1,53,https://www.zomato.com/hyderabad/being-hungry-kondapur,Hyderabad,Telangana,India,Unknown
1599,chinese chinese near me,60500,4,18392,$0.06,4,23,https://www.zomato.com/chinese-restaurants-near-me,Unknown,Unknown,Unknown,Restaurant
1600,cafes to visit in goa,60500,11,1548,$0.14,28,27,https://www.zomato.com/goa/great-cafes,Goa,Goa,India,Cafe
1601,grand hyatt gurgaon,60500,11,907,$0.30,16,36,https://www.zomato.com/ncr/restaurants/in/grand-hyatt-gurgaon-sector-58,Unknown,Unknown,Unknown,Restaurant
1602,eateries in indiranagar,60500,7,5886,$0.07,11,21,https://www.zomato.com/bangalore/indiranagar-restaurants,Bangalore,Karnataka,India,Restaurant
1603,bikaner sweets,49500,6,5886,$0.12,4,34,https://www.zomato.com/ncr/bikaner-sweets-snacks-1-sector-75-noida,Unknown,Unknown,Unknown,Unknown
1604,umaid bhawan in jodhpur,60500,37,127,$0.21,37,43,https://www.zomato.com/jodhpur/risala-umaid-bhawan-palace-cantt-area,Unknown,Unknown,Unknown,Unknown
1605,truffles bangalore,60500,5,18392,$7.31,4,38,https://www.zomato.com/bangalore/ristoranti/truffles-1?category=2,Bangalore,Karnataka,India,Unknown
1606,candy,60500,20,308,$0.64,54,66,https://www.zomato.com/ncr/house-of-candy-1-mg-road,Unknown,Unknown,Unknown,Unknown
1607,cafes in bandra,60500,6,5886,$0.58,2,32,https://www.zomato.com/mumbai/bandra-west-restaurants/cafes,Mumbai,Maharashtra,India,Restaurant
1608,shyamal cross road,49500,26,145,$0,14,32,https://www.zomato.com/ahmedabad/shyamal-food-court-satellite,Ahmedabad,Gujarat,India,Unknown
1609,shiva dhaba,49500,8,5886,$0,1,33,https://www.zomato.com/ncr/shiva-dhaba-1-sector-49-gurgaon,Unknown,Unknown,Unknown,Unknown
1610,sheraton brigade gateway hotel,60500,15,453,$0.72,25,28,https://www.zomato.com/bangalore/restaurants/in/sheraton-grand-bangalore-brigade-gateway,Bangalore,Karnataka,India,Restaurant
1611,sector 71,49500,17,356,$0.50,12,36,https://www.zomato.com/ncr/sector-71-gurgaon-restaurants,Unknown,Unknown,Unknown,Restaurant
1612,restaurants in connaught place delhi,60500,4,18392,$0.03,4,28,https://www.zomato.com/ncr/connaught-place-delhi-restaurants,Unknown,Unknown,Unknown,Restaurant
1613,rameshwaram cafe near me,49500,8,3986,$0.04,7,22,https://www.zomato.com/bangalore/the-rameshwaram-cafe-indiranagar-bangalore,Bangalore,Karnataka,India,Cafe
1614,punjab ke,60500,8,3986,$0,1,41,https://www.zomato.com/ncr/punjab-ke-mashoor-paranthe-1-indirapuram-ghaziabad,Unknown,Unknown,Unknown,Unknown
1615,thane r mall,60500,6,2837,$0.18,6,20,https://www.zomato.com/mumbai/restaurants/in/r-mall-thane-area-mumbai,Mumbai,Maharashtra,India,Restaurant
1616,katha,60500,19,260,$0,1,50,https://www.zomato.com/hyderabad/native-katha-madhapur,Hyderabad,Telangana,India,Unknown
1617,places for desserts near me,60500,5,18392,$0.07,13,34,https://www.zomato.com/dessert-parlor-near-me,Unknown,Unknown,Unknown,Dessert
1618,park hyatt hyderabad,60500,12,907,$2.23,28,40,https://www.zomato.com/hyderabad/the-dining-room-park-hyatt-banjara-hills,Hyderabad,Telangana,India,Unknown
1619,near me taco bell,60500,9,2837,$0.09,7,21,https://www.zomato.com/ncr/restaurants/taco-bell?subzone=101&category=2,Unknown,Unknown,Unknown,Restaurant
1620,mumbai dadar west,60500,18,338,$0.18,4,19,https://www.zomato.com/mumbai/dadar-west-restaurants,Mumbai,Maharashtra,India,Restaurant
1621,mod donuts,60500,7,5886,$0.06,6,38,https://www.zomato.com/mumbai/restaurants/mad-over-donuts,Mumbai,Maharashtra,India,Restaurant
1622,fatima nagar,60500,17,550,$0.18,5,38,https://www.zomato.com/pune/fatima-nagar-restaurants,Pune,Maharashtra,India,Restaurant
1623,coffee shops in bandra,60500,7,3986,$0.03,5,27,https://www.zomato.com/mumbai/bandra-west-restaurants/cafes,Mumbai,Maharashtra,India,Restaurant
1624,gopalan grand mall bangalore,60500,5,3986,$0.19,5,25,https://www.zomato.com/bangalore/restaurants/in/gopalan-grand-mall,Bangalore,Karnataka,India,Restaurant
1625,brewery near me,60500,4,18392,$0.30,11,35,https://www.zomato.com/ncr/microbrewery,Unknown,Unknown,Unknown,Unknown
1626,best fooding near me,60500,5,18392,$0.06,14,24,https://www.zomato.com/restaurants-near-me,Unknown,Unknown,Unknown,Restaurant
1627,almond house,49500,9,3986,$3.91,22,39,https://www.zomato.com/hyderabad/almond-house-1-banjara-hills/order,Hyderabad,Telangana,India,Unknown
1628,places in ahmedabad,60500,21,308,$0.13,17,18,https://www.zomato.com/ahmedabad/restaurants,Ahmedabad,Gujarat,India,Restaurant
1629,pizza 4ps,40500,3,5886,$0.22,1,23,https://www.zomato.com/bangalore/pizza-4ps-indiranagar-bangalore,Bangalore,Karnataka,India,Pizza
1630,nightlife club,110000,6,9801,$0.72,1,48,https://www.zomato.com/mumbai/drinks-and-nightlife,Mumbai,Maharashtra,India,Unknown
1631,night club,74000,13,1191,$0.59,1,41,https://www.zomato.com/ncr/drinks-and-nightlife,Unknown,Unknown,Unknown,Unknown
1632,sa ma,60500,3,18392,$0.23,1,22,https://www.zomato.com/hyderabad/sa-ma-the-indian-kitchen-film-nagar,Hyderabad,Telangana,India,Unknown
1633,indian restaurant in indiranagar,60500,5,9801,$0.07,11,19,https://www.zomato.com/bangalore/indiranagar-restaurants/north-indian,Bangalore,Karnataka,India,Restaurant
1634,hotpot food,49500,12,1548,$0.02,21,44,https://www.zomato.com/ncr/restaurants/hot-pot,Unknown,Unknown,Unknown,Restaurant
1635,hotel daspalla hyderabad,60500,11,907,$0.22,9,34,https://www.zomato.com/hyderabad/dakshin-hotel-daspalla-jubilee-hills,Hyderabad,Telangana,India,Hotel
1636,hotel clarks amer jaipur,49500,12,683,$0.11,38,31,https://www.zomato.com/jaipur/restaurants/in/hotel-clarks-amer,Jaipur,Rajasthan,India,Restaurant
1637,empire restaurants near me,60500,4,18392,$0.08,8,23,https://www.zomato.com/bangalore/restaurants/empire-restaurant,Bangalore,Karnataka,India,Restaurant
1638,e d m mall,60500,6,2044,$0.06,4,21,https://www.zomato.com/ncr/restaurants/in/edm-mall,Unknown,Unknown,Unknown,Restaurant
1639,dwarka sector 7,60500,10,2044,$0.09,3,32,https://www.zomato.com/ncr/sector-7-dwarka-restaurants,Unknown,Unknown,Unknown,Restaurant
1640,deccan indian,60500,13,1548,$0,1,14,https://www.zomato.com/bangalore/deccan-biryani-house-hsr-bangalore,Bangalore,Karnataka,India,Unknown
1641,cream stone near me,60500,4,18392,$0.35,3,24,https://www.zomato.com/hyderabad/cream-stone-ice-cream-jubilee-hills,Hyderabad,Telangana,India,Ice Cream
1642,cafe to visit in ahmedabad,60500,4,18392,$0.10,11,30,https://www.zomato.com/ahmedabad/great-cafes,Ahmedabad,Gujarat,India,Cafe
1643,chicken biryani near me,49500,4,18392,$0.19,7,22,https://www.zomato.com/hyderabad/delivery/dish-biryani,Hyderabad,Telangana,India,Unknown
1644,meals near me,60500,6,5886,$0.24,10,35,https://www.zomato.com/restaurants-near-me,Unknown,Unknown,Unknown,Restaurant
1645,hotel rrr mysore,40500,4,18392,$0.19,9,28,https://www.zomato.com/mysore/hotel-rrr-mandi-mohalla,Unknown,Unknown,Unknown,Hotel
1646,fc road,40500,9,2044,$0,4,32,https://www.zomato.com/pune/fc-road-restaurants,Pune,Maharashtra,India,Restaurant
1647,shangri la bengaluru,60500,18,338,$0.51,16,30,https://www.zomato.com/bangalore/restaurants/in/shangri-la-hotel-vasanth-nagar,Bangalore,Karnataka,India,Restaurant
1648,restaurants in connaught place new delhi,60500,4,18392,$0.03,4,24,https://www.zomato.com/ncr/connaught-place-delhi-restaurants,Unknown,Unknown,Unknown,Restaurant
1649,restaurant in connaught place,60500,4,18392,$0.03,4,24,https://www.zomato.com/ncr/connaught-place-delhi-restaurants,Unknown,Unknown,Unknown,Restaurant
1650,resort royal garden,60500,30,127,$0.02,12,34,https://www.zomato.com/mumbai/royal-garden-resort-family-restaurant-bar-mira-road,Mumbai,Maharashtra,India,Restaurant
1651,ray's,60500,4,18392,$0.02,1,32,https://www.zomato.com/mumbai/rays-cafe-pizzeria-hill-road-bandra-west,Mumbai,Maharashtra,India,Cafe
1652,rain cloud technologies,60500,26,133,$0,9,34,https://www.zomato.com/bangalore/peenya-2nd-stage-restaurants/fast-food?cft=0,Bangalore,Karnataka,India,Restaurant
1653,toit indiranagar,74000,4,9801,$1.23,2,41,https://www.zomato.com/bangalore/toit-indiranagar,Bangalore,Karnataka,India,Unknown
1654,sweets places near me,60500,5,18392,$0.05,14,24,https://www.zomato.com/sweet-shops-near-me,Unknown,Unknown,Unknown,Sweet Shop
1655,best food near me,49500,4,18392,$0.34,11,23,https://www.zomato.com/restaurants-near-me,Unknown,Unknown,Unknown,Restaurant
1656,almond house hyderabad,60500,9,5886,$1.84,28,40,https://www.zomato.com/hyderabad/almond-house-banjara-hills,Hyderabad,Telangana,India,Unknown
1657,cafes to visit in ahmedabad,60500,4,18392,$0.12,10,27,https://www.zomato.com/ahmedabad/great-cafes,Ahmedabad,Gujarat,India,Cafe
1658,edm mall,49500,6,2837,$0,7,35,https://www.zomato.com/ncr/restaurants/in/edm-mall,Unknown,Unknown,Unknown,Restaurant
1659,devi cinemas,49500,14,683,$0,1,33,https://www.zomato.com/chennai/order-food-online?landmark_id=125,Chennai,Tamil Nadu,India,Unknown
1660,delhi gole market,60500,9,2044,$0.03,1,22,https://www.zomato.com/ncr/gole-market-delhi-restaurants,Unknown,Unknown,Unknown,Restaurant
1661,connaught place new delhi restaurants,60500,4,18392,$0.03,4,24,https://www.zomato.com/ncr/connaught-place-delhi-restaurants,Unknown,Unknown,Unknown,Restaurant
1662,chin lung brewery indiranagar,60500,3,18392,$0.20,5,21,https://www.zomato.com/bangalore/chin-lung-brewery-indiranagar-bangalore,Bangalore,Karnataka,India,Unknown
1663,brew near me,49500,4,18392,$1.01,7,30,https://www.zomato.com/bangalore/microbrewery,Bangalore,Karnataka,India,Unknown
1664,w in goa,60500,22,199,$0.44,43,32,https://www.zomato.com/goa/restaurants/in/w-goa-vagator,Goa,Goa,India,Restaurant
1665,westin mumbai garden city hotel,60500,6,3986,$0.82,15,40,https://www.zomato.com/mumbai/restaurants/in/the-westin-mumbai-garden-city-goregaon-east,Mumbai,Maharashtra,India,Restaurant
1666,maharana pratap nagar bhopal,60500,16,453,$0.11,6,19,https://www.zomato.com/bhopal/maharana-pratap-nagar-restaurants,Unknown,Unknown,Unknown,Restaurant
1667,kolkata subway,60500,6,3986,$0.08,1,23,https://www.zomato.com/kolkata/subway-park-street-area,Kolkata,West Bengal,India,Unknown
1668,khas khas,60500,72,127,$0.02,12,40,https://www.zomato.com/ncr/mafioso-hauz-khas-village-new-delhi,Unknown,Unknown,Unknown,Unknown
1669,shankar nagar,49500,26,260,$0,11,36,https://www.zomato.com/raipur/shankar-nagar-restaurants,Unknown,Unknown,Unknown,Restaurant
1670,sector 86,60500,14,1191,$0.14,5,18,https://www.zomato.com/ncr/sector-86-gurgaon-gurugram-restaurants,Unknown,Unknown,Unknown,Restaurant
1671,sector 53,60500,14,907,$0.14,5,18,https://www.zomato.com/ncr/sector-53-gurgaon-gurugram-restaurants,Unknown,Unknown,Unknown,Restaurant
1672,mall of india noida,60500,9,1191,$0.77,4,25,https://www.zomato.com/ncr/restaurants/in/dlf-mall-of-india-sector-18-noida,Unknown,Unknown,Unknown,Restaurant
1673,kesar da dhaba,49500,5,9801,$0.06,2,28,https://www.zomato.com/amritsar/kesar-da-dhaba-hathi-gate,Unknown,Unknown,Unknown,Unknown
1674,rajasthani dhaba near me,40500,5,18392,$0.17,2,18,https://www.zomato.com/rajasthani-restaurants-near-me,Unknown,Unknown,Unknown,Restaurant
1675,eatclub,60500,11,1548,$0.17,5,51,https://www.zomato.com/ncr/eat-club-west-patel-nagar-new-delhi,Unknown,Unknown,Unknown,Unknown
1676,bathinda junction,33100,4,9801,$0,6,29,https://www.zomato.com/bangalore/bathinda-junction-koramangala-7th-block-bangalore,Bangalore,Karnataka,India,Unknown
1677,arun ice cream near me,49500,5,18392,$0.33,4,21,https://www.zomato.com/hyderabad/restaurants/arun-ice-creams,Hyderabad,Telangana,India,Restaurant
1678,deccan location,60500,53,127,$0,1,24,https://www.zomato.com/pune/best-deccan-gymkhana-restaurants,Pune,Maharashtra,India,Restaurant
1679,goa thalassa,60500,7,5886,$0.64,2,22,https://www.zomato.com/goa/thalassa-siolim,Goa,Goa,India,Unknown
1680,starbucks coffee price,74000,6,5886,$0.13,1,36,https://www.zomato.com/ncr/starbucks-coffee-connaught-place-new-delhi,Unknown,Unknown,Unknown,Coffee
1681,south extension part 2,60500,11,1548,$0.07,5,25,https://www.zomato.com/ncr/south-extension-2-delhi-restaurants,Unknown,Unknown,Unknown,Restaurant
1682,shop no 2,49500,9,1548,$0.15,2,21,https://www.zomato.com/ncr/the-new-shop-1-ashok-vihar-phase-2-new-delhi,Unknown,Unknown,Unknown,Unknown
1683,sector 93 noida,60500,12,1191,$0.13,5,19,https://www.zomato.com/ncr/best-sector-93-noida-restaurants,Unknown,Unknown,Unknown,Restaurant
1684,restaurant chili,60500,5,9801,$0.09,3,27,https://www.zomato.com/chandigarh/chilis-grill-bar-chandigarh-industrial-area,Chandigarh,Chandigarh,India,Bar
1685,toscano,49500,5,5886,$0,7,48,https://www.zomato.com/hyderabad/toscano-1-hitech-city,Hyderabad,Telangana,India,Unknown
1686,the rameshwaram cafe madhapur,60500,1,18392,$0.21,14,22,https://www.zomato.com/hyderabad/the-rameshwaram-cafe-madhapur,Hyderabad,Telangana,India,Cafe
1687,thalassa goa restaurant,60500,4,9801,$0.64,2,20,https://www.zomato.com/goa/thalassa-siolim,Goa,Goa,India,Unknown
1688,orion avenue,49500,21,163,$0.04,11,36,https://www.zomato.com/bangalore/restaurants/in/orion-east-banaswadi,Bangalore,Karnataka,India,Restaurant
1689,naturals ice cream near me,60500,6,5886,$0.02,6,25,https://www.zomato.com/bangalore/restaurants/natural-ice-cream,Bangalore,Karnataka,India,Restaurant
1690,pvr vega city,60500,8,1191,$0.05,7,34,https://www.zomato.com/bangalore/pvr-caf%C3%A9-popcorn-pizza-hot-dogs-snacks-bannerghatta-road-bangalore,Bangalore,Karnataka,India,Pizza
1691,falaknuma palace hyderabad,60500,14,683,$0.08,28,40,https://www.zomato.com/hyderabad/restaurants/in/taj-falaknuma-palace-falaknuma,Hyderabad,Telangana,India,Restaurant
1692,exide more,60500,33,127,$0,5,38,https://www.zomato.com/kolkata/restaurants/near/exide,Kolkata,West Bengal,India,Restaurant
1693,dlf phase 3 gurgaon,60500,12,683,$0.40,5,25,https://www.zomato.com/ncr/dlf-phase-3-restaurants,Unknown,Unknown,Unknown,Restaurant
1694,kailash colony,49500,6,5886,$0,9,35,https://www.zomato.com/ncr/kailash-colony-delhi-restaurants,Unknown,Unknown,Unknown,Restaurant
1695,ibaco near me,60500,7,5886,$0.13,6,33,https://www.zomato.com/bangalore/restaurants/ibaco,Bangalore,Karnataka,India,Restaurant
1696,hotpot,40500,32,127,$0.01,7,46,https://www.zomato.com/ncr/hot-pot-3-rajinder-nagar-new-delhi,Unknown,Unknown,Unknown,Unknown
1697,adyar ananda bhavan near me,60500,2,18392,$0.14,3,24,https://www.zomato.com/chennai/a2b-adyar-ananda-bhavan-adyar,Chennai,Tamil Nadu,India,Unknown
1698,cha and cha,60500,17,356,$0.05,1,37,https://www.zomato.com/ahmedabad/cha-cha-chinese-mani-nagar,Ahmedabad,Gujarat,India,Unknown
1699,zam zam restaurant,49500,6,9801,$1.23,6,29,https://www.zomato.com/kolkata/zam-zam-restaurant-park-circus-area,Kolkata,West Bengal,India,Restaurant
1700,pizzaexpress,49500,6,5886,$0.20,5,47,https://www.zomato.com/mumbai/pizzaexpress-colaba,Mumbai,Maharashtra,India,Pizza
1701,phoenix market city velachery,60500,6,2837,$0.08,1,23,https://www.zomato.com/chennai/restaurants/in/phoenix-market-city,Chennai,Tamil Nadu,India,Restaurant
1702,nearest wine shop,60500,7,3986,$0,1,31,https://www.zomato.com/bars-near-me,Unknown,Unknown,Unknown,Bar
1703,near pizza shop me,60500,4,9801,$0.12,10,35,https://www.zomato.com/pizza-restaurants-near-me,Unknown,Unknown,Unknown,Restaurant
1704,mumbai naka,49500,20,308,$0,3,33,https://www.zomato.com/nashik/mumbai-naka-restaurants,Unknown,Unknown,Unknown,Restaurant
1705,mc,60500,51,127,$0.11,1,54,https://www.zomato.com/ncr/mc-olive-amrapali-dream-valley,Unknown,Unknown,Unknown,Unknown
1706,restaurants in indiranagar,60500,4,18392,$0.23,2,32,https://www.zomato.com/bangalore/indiranagar-restaurants,Bangalore,Karnataka,India,Restaurant
1707,ramdev dhaba,49500,5,18392,$0,6,34,https://www.zomato.com/pune/ramdev-dhaba-pure-veg-family-restaurants-wakad,Pune,Maharashtra,India,Restaurant
1708,lord of the drinks connaught place,60500,1,18392,$0.06,2,20,https://www.zomato.com/ncr/lord-of-the-drinks-connaught-place-new-delhi,Unknown,Unknown,Unknown,Unknown
1709,lord of drinks,60500,5,9801,$0,3,32,https://www.zomato.com/ncr/lord-of-the-drinks-connaught-place-new-delhi,Unknown,Unknown,Unknown,Unknown
1710,indiranagar toit,74000,4,9801,$0.24,1,36,https://www.zomato.com/bangalore/toit-indiranagar,Bangalore,Karnataka,India,Unknown
1711,indiranagar indian restaurants,60500,5,9801,$0.05,10,23,https://www.zomato.com/bangalore/indiranagar-restaurants/north-indian,Bangalore,Karnataka,India,Restaurant
1712,indira nagar bangalore restaurant,60500,5,9801,$0.06,9,26,https://www.zomato.com/bangalore/indiranagar-restaurants,Bangalore,Karnataka,India,Restaurant
1713,indian restaurant south,590,4,18392,$0.02,3,41,https://www.zomato.com/south-indian-restaurants-near-me,Unknown,Unknown,Unknown,Restaurant
1714,hsr layout bengaluru karnataka,60500,57,127,$0.16,6,33,https://www.zomato.com/bangalore/hsr-restaurants,Bangalore,Karnataka,India,Restaurant
1715,cyberspace cafe,60500,5,9801,$0.08,1,23,https://www.zomato.com/chennai/portal-a-cyberspace-2-thuraipakkam,Chennai,Tamil Nadu,India,Unknown
1716,bengali restaurants near me,49500,4,18392,$1.14,11,23,https://www.zomato.com/kolkata/restaurants/bengali,Kolkata,West Bengal,India,Restaurant
1717,bandra cafe,60500,8,3986,$0,3,37,https://www.zomato.com/mumbai/bandra-west-restaurants/caf%C3%A9,Mumbai,Maharashtra,India,Restaurant
1718,aipl joy street,60500,4,3986,$0.18,6,33,https://www.zomato.com/ncr/restaurants/in/aipl-joy-street,Unknown,Unknown,Unknown,Restaurant
1719,7 matka,74000,6,2044,$0,1,40,https://www.zomato.com/ncr/itminaan-matka-biryani-slow-cooked-sector-7-noida,Unknown,Unknown,Unknown,Unknown
1720,hotel shauryawada,60500,5,9801,$0.02,4,38,https://www.zomato.com/pune/hotel-shauryawada-undri,Pune,Maharashtra,India,Hotel
1721,gole market delhi,60500,9,2837,$0,1,31,https://www.zomato.com/ncr/gole-market-delhi-restaurants,Unknown,Unknown,Unknown,Restaurant
1722,food license,60500,14,550,$0.17,25,44,https://www.zomato.com/restaurant-services-hub/fssai/?referrer=appdiytool_banner,Unknown,Unknown,Unknown,Restaurant
1723,taj mahal palace in mumbai,49500,22,212,$0.36,45,45,https://www.zomato.com/mumbai/restaurants/in/taj-mahal-palace-colaba,Mumbai,Maharashtra,India,Restaurant
1724,taj exotica hotel goa,49500,106,103,$0.38,33,42,https://www.zomato.com/mumbai/restaurants,Mumbai,Maharashtra,India,Restaurant
1725,sterling fern hill ooty,40500,36,97,$0.20,49,32,https://www.zomato.com/ooty/the-fern-sterling-ooty-fern-hill-fern-hill,Unknown,Unknown,Unknown,Unknown
1726,hyatt regency in ahmedabad,49500,27,113,$4.91,27,28,https://www.zomato.com/ahmedabad/restaurants/in/hyatt-regency-ashram-road,Ahmedabad,Gujarat,India,Restaurant
1727,hyatt regency ahmedabad,49500,12,720,$0.29,28,36,https://www.zomato.com/ahmedabad/restaurants/in/hyatt-regency-ashram-road,Ahmedabad,Gujarat,India,Restaurant
1728,hyatt in chandigarh,49500,22,163,$0.85,37,24,https://www.zomato.com/chandigarh/restaurants/in/hyatt-regency-chandigarh-industrial-area,Chandigarh,Chandigarh,India,Restaurant
1729,hotel hyatt chandigarh,49500,19,252,$1.22,34,24,https://www.zomato.com/chandigarh/restaurants/in/hyatt-regency-chandigarh-industrial-area,Chandigarh,Chandigarh,India,Restaurant
1730,gujarati thali near me,49500,4,15048,$0.12,6,21,https://www.zomato.com/ahmedabad/gujarati-thali,Ahmedabad,Gujarat,India,Unknown
1731,mio amore near me,49500,6,4816,$0.13,2,20,https://www.zomato.com/kolkata/restaurants/mio-amore,Kolkata,West Bengal,India,Restaurant
1732,north indian restaurants near me,49500,4,15048,$0.13,15,24,https://www.zomato.com/north-indian-restaurants-near-me,Unknown,Unknown,Unknown,Restaurant
1733,brews,60500,9,4816,$0.98,1,50,https://www.zomato.com/hyderabad/brews-blends-kondapur,Hyderabad,Telangana,India,Unknown
1734,ba da,49500,5,15048,$0.20,1,27,https://www.zomato.com/pune/ba-da-bom-sangamvadi,Pune,Maharashtra,India,Unknown
1735,catering,60500,43,103,$0.33,3,50,https://www.zomato.com/raipur/raipur-catering-services-kota,Unknown,Unknown,Unknown,Unknown
1736,zomato restaurant partner,49500,1,15048,$0.34,1,27,https://www.zomato.com/partners/login,Unknown,Unknown,Unknown,Unknown
1737,zomato coupon code,40500,4,4816,$0.38,1,25,https://www.zomato.com/book/docs/deals,Unknown,Unknown,Unknown,Unknown
1738,district centre delhi,49500,11,975,$0.10,3,25,https://www.zomato.com/ncr/restaurants/in/district-centre-janakpuri,Unknown,Unknown,Unknown,Restaurant
1739,dim sum,40500,11,1673,$1.02,1,30,https://www.zomato.com/ahmedabad/dim-sum-bopal,Ahmedabad,Gujarat,India,Unknown
1740,dal bati near me,40500,5,8019,$0.13,7,20,https://www.zomato.com/mumbai/restaurants/dish-dal-bati-churma,Mumbai,Maharashtra,India,Restaurant
1741,coffee shops in bangalore,49500,4,15048,$0.29,5,21,https://www.zomato.com/bangalore/coffee,Bangalore,Karnataka,India,Coffee
1742,riva beach resort in goa,49500,33,103,$0.29,48,20,https://www.zomato.com/goa/waterfront-riva-restaurant-mandrem,Goa,Goa,India,Restaurant
1743,r mall mulund,40500,8,1673,$0.15,9,28,https://www.zomato.com/mumbai/restaurants/in/r-mall-mulund,Mumbai,Maharashtra,India,Restaurant
1744,pvr superplex forum mall south bengaluru,49500,23,118,$0.08,8,20,https://www.zomato.com/bangalore/restaurants/in/forum-south-bengaluru-mall,Bangalore,Karnataka,India,Restaurant
1745,pvp vijayawada,40500,12,559,$0,15,35,https://www.zomato.com/vijayawada/restaurants/in/pvp-square-mall-labbipet,Unknown,Unknown,Unknown,Restaurant
1746,gcc hotel club mira road,49500,7,2321,$0.19,15,22,https://www.zomato.com/mumbai/restaurants/in/gcc-hotel-club-mira-road,Mumbai,Maharashtra,India,Restaurant
1747,friends colony,49500,16,742,$0.23,5,34,https://www.zomato.com/ncr/new-friends-colony-delhi-restaurants,Unknown,Unknown,Unknown,Restaurant
1748,tapas cuisine,49500,11,1673,$0.17,1,24,https://www.zomato.com/ncr/restaurants/tapas,Unknown,Unknown,Unknown,Restaurant
1749,taj club house,49500,56,97,$0.30,30,37,https://www.zomato.com/chennai/club-house-taj-club-house-thousand-lights/menu,Chennai,Tamil Nadu,India,Unknown
1750,sula wines,60500,18,450,$0.15,1,36,https://www.zomato.com/nashik/sula-vineyards-satpur,Unknown,Unknown,Unknown,Unknown
1751,social connaught place,9900,1,15048,$0.23,6,20,https://www.zomato.com/ncr/connaught-place-social-connaught-place-new-delhi,Unknown,Unknown,Unknown,Unknown
1752,wendy's,60500,7,2321,$0.03,2,50,https://www.zomato.com/ncr/wendys-burgers-civil-lines-new-delhi,Unknown,Unknown,Unknown,Unknown
1753,rio's,49500,9,2321,$0.05,1,43,https://www.zomato.com/ncr/rios-kitchen-1-new-palam-vihar-gurgaon,Unknown,Unknown,Unknown,Unknown
1754,porvorim in goa,49500,21,252,$0.34,4,29,https://www.zomato.com/goa/porvorim-restaurants,Goa,Goa,India,Restaurant
1755,pali hill mumbai,49500,13,1267,$0.13,4,29,https://www.zomato.com/mumbai/pali-hill-bandra-west-restaurants,Mumbai,Maharashtra,India,Restaurant
1756,najafgarh in delhi,49500,32,103,$0.10,3,25,https://www.zomato.com/ncr/najafgarh-delhi-restaurants,Unknown,Unknown,Unknown,Restaurant
1757,mahesh lunch home in mumbai,49500,4,15048,$0.15,3,25,https://www.zomato.com/mumbai/mahesh-lunch-home-juhu,Mumbai,Maharashtra,India,Unknown
1758,indian eateries near me,49500,3,8019,$0.06,10,26,https://www.zomato.com/ncr/restaurants/north-indian,Unknown,Unknown,Unknown,Restaurant
1759,india hotel varanasi,60500,14,450,$0.15,98,61,https://www.zomato.com/varanasi/cafe-65-india-hotel-nadesar,Varanasi,Uttar Pradesh,India,Cafe
1760,idli near me,40500,5,8019,$0.32,4,27,https://www.zomato.com/mumbai/delivery/dish-idli,Mumbai,Maharashtra,India,Unknown
1761,hyderabad film nagar,49500,50,103,$0.12,5,21,https://www.zomato.com/hyderabad/45th-avenue-film-nagar,Hyderabad,Telangana,India,Unknown
1762,hotel rahmath,40500,13,742,$0,3,31,https://www.zomato.com/thrissur/hotel-rahmath-irinjalakuda-locality,Unknown,Unknown,Unknown,Hotel
1763,dg's,49500,5,4816,$0.11,1,21,https://www.zomato.com/mumbai/dgs-tasty-delight-parel,Mumbai,Maharashtra,India,Unknown
1764,delhi dwarka,40500,84,103,$0.37,1,31,https://www.zomato.com/ncr/dwarka-restaurants,Unknown,Unknown,Unknown,Restaurant
1765,coffee shops bangalore,49500,9,2321,$0.29,5,29,https://www.zomato.com/bangalore/coffee,Bangalore,Karnataka,India,Coffee
1766,coffee shop in bangalore,49500,10,2321,$0.07,6,28,https://www.zomato.com/bangalore/coffee,Bangalore,Karnataka,India,Coffee
1767,ck's,49500,8,2321,$0.06,25,21,https://www.zomato.com/chennai/cks-bakery-nungambakkam,Chennai,Tamil Nadu,India,Bakery
1768,cholan,49500,34,103,$0.28,1,53,https://www.zomato.com/chennai/cholan-mess-velachery,Chennai,Tamil Nadu,India,Unknown
1769,chandigarh hyatt,40500,11,720,$0.81,33,24,https://www.zomato.com/chandigarh/restaurants/in/hyatt-regency-chandigarh-industrial-area,Chandigarh,Chandigarh,India,Restaurant
1770,beyond,40500,21,163,$0.67,1,43,https://www.zomato.com/chennai/beyond-loaf-chetpet,Chennai,Tamil Nadu,India,Unknown
1771,best non veg restaurants near me,49500,5,8019,$0.28,11,23,https://www.zomato.com/kota/delivery/dish-non-veg-main-course,Unknown,Unknown,Unknown,Unknown
1772,best food restaurants in hyderabad,49500,4,15048,$0.04,6,33,https://www.zomato.com/hyderabad/restaurants,Hyderabad,Telangana,India,Restaurant
1773,anand vihar near me,12100,6,2321,$0.02,2,22,https://www.zomato.com/ncr/anand-vihar-delhi-restaurants,Unknown,Unknown,Unknown,Restaurant
1774,the big chill café,49500,7,4816,$0.12,3,45,https://www.zomato.com/ncr/the-big-chill-vasant-kunj-new-delhi,Unknown,Unknown,Unknown,Unknown
1775,itc hotel chola chennai,49500,17,277,$0.81,23,41,https://www.zomato.com/chennai/restaurants/in/itc-grand-chola,Chennai,Tamil Nadu,India,Restaurant
1776,itc chola chennai,49500,16,371,$0.37,33,37,https://www.zomato.com/chennai/restaurants/in/itc-grand-chola,Chennai,Tamil Nadu,India,Restaurant
1777,hotel maurya,49500,20,277,$0.16,19,38,https://www.zomato.com/patna/spice-court-hotel-maurya-lodipur,Patna,Bihar,India,Hotel
1778,cafe in connaught place,60500,5,15048,$0.17,3,24,https://www.zomato.com/ncr/connaught-place-delhi-restaurants/caf%C3%A9,Unknown,Unknown,Unknown,Restaurant
1779,mithai,49500,82,103,$0.13,24,53,https://www.zomato.com/chennai/shree-mithai-ashok-nagar/order,Chennai,Tamil Nadu,India,Unknown
1780,mantra hyderabad,49500,31,103,$0,3,33,https://www.zomato.com/hyderabad/mantra-restaurant-1-dilsukhnagar/photos,Hyderabad,Telangana,India,Restaurant
1781,mandi 36 arabian kitchen,40500,4,15048,$0.19,12,23,https://www.zomato.com/hyderabad/mandi-@-36-arabian-kitchen-gachibowli,Hyderabad,Telangana,India,Unknown
1782,mahesh lunch home,49500,4,15048,$0.11,3,28,https://www.zomato.com/bangalore/mahesh-lunch-home-1-indiranagar-bangalore,Bangalore,Karnataka,India,Unknown
1783,sayaji,74000,19,252,$0.85,10,57,https://www.zomato.com/indore/restaurants/in/sayaji-hotel-vijay-nagar,Indore,Madhya Pradesh,India,Restaurant
1784,sandwich near me,40500,5,8019,$0.18,3,26,https://www.zomato.com/sandwich-restaurants-near-me,Unknown,Unknown,Unknown,Restaurant
1785,richmond circle,60500,12,742,$0,7,39,https://www.zomato.com/bangalore/richmond-road-restaurants,Bangalore,Karnataka,India,Restaurant
1786,rajasthan taj lake palace,49500,22,163,$0.15,45,49,https://www.zomato.com/udaipur/restaurants/in/taj-lake-palace-pichola,Unknown,Unknown,Unknown,Restaurant
1787,pisco by the beach,33100,4,8019,$0,4,16,https://www.zomato.com/goa/pisco-by-the-beach-anjuna,Goa,Goa,India,Unknown
1788,flavour,49500,18,559,$0.85,1,46,https://www.zomato.com/ncr/flavours-pitampura-delhi,Unknown,Unknown,Unknown,Unknown
1789,film nagar hyderabad,49500,19,212,$0.09,6,18,https://www.zomato.com/hyderabad/best-film-nagar-restaurants,Hyderabad,Telangana,India,Restaurant
1790,delhi airport terminal 2,49500,11,1267,$0,3,20,https://www.zomato.com/ncr/restaurants/in/terminal-2-departures-igi-airport-aerocity,Unknown,Unknown,Unknown,Restaurant
1791,itc hotel chola chennai,49500,17,277,$0.81,23,41,https://www.zomato.com/chennai/restaurants/in/itc-grand-chola,Chennai,Tamil Nadu,India,Restaurant
1792,itc chola chennai,49500,16,371,$0.37,33,37,https://www.zomato.com/chennai/restaurants/in/itc-grand-chola,Chennai,Tamil Nadu,India,Restaurant
1793,hotel maurya,49500,20,277,$0.16,19,38,https://www.zomato.com/patna/spice-court-hotel-maurya-lodipur,Patna,Bihar,India,Hotel
1794,heritage village resort & spa manesar manesar,49500,27,108,$0.13,45,34,https://www.zomato.com/ncr/jharokha-heritage-village-resort-and-spa-manesar-gurgaon,Unknown,Unknown,Unknown,Unknown
1795,gurgaon sector 66,49500,11,1267,$0.36,6,29,https://www.zomato.com/ncr/sector-66-restaurants,Unknown,Unknown,Unknown,Restaurant
1796,good flippin burgers,49500,6,4816,$0.10,3,24,https://www.zomato.com/mumbai/good-flippin-burgers-pali-hill-bandra-west,Mumbai,Maharashtra,India,Unknown
1797,block m,49500,29,103,$0.15,3,18,https://www.zomato.com/hi/ncr/restaurants/in/m-block-market-greater-kailash-2-gk2,Unknown,Unknown,Unknown,Restaurant
1798,zomato offers code,49500,5,3262,$0.01,10,23,https://www.zomato.com/offer/nvbmK,Unknown,Unknown,Unknown,Unknown
1799,visakhapatnam dwaraka nagar,49500,9,1267,$0.17,5,30,https://www.zomato.com/visakhapatnam/dwaraka-nagar-restaurants,Unknown,Unknown,Unknown,Restaurant
1800,sri krishna udupi,49500,30,103,$0.04,1,36,https://www.zomato.com/manipal/hotel-sri-krishna-pure-veg-restaurant-maruthi-veethika-udupi,Unknown,Unknown,Unknown,Restaurant
1801,six mile,49500,16,450,$0.29,3,19,https://www.zomato.com/guwahati/michinga-six-mile,Unknown,Unknown,Unknown,Unknown
1802,sector 63 noida,40500,10,1267,$0.64,3,26,https://www.zomato.com/ncr/sector-63-noida-restaurants,Unknown,Unknown,Unknown,Restaurant
1803,sayaji hotel indore madhya pradesh,49500,42,103,$0.30,26,29,https://www.zomato.com/indore/restaurants/in/sayaji-hotel-vijay-nagar,Indore,Madhya Pradesh,India,Restaurant
1804,royal garden,49500,19,292,$0.04,2,33,https://www.zomato.com/mumbai/royal-garden-resort-family-restaurant-bar-mira-road,Mumbai,Maharashtra,India,Restaurant
1805,under neem tree,49500,4,8019,$0.13,3,22,https://www.zomato.com/ahmedabad/restaurants/in/under-the-neem-trees-bodakdev,Ahmedabad,Gujarat,India,Restaurant
1806,tulips grand,40500,5,8019,$0.12,10,34,https://www.zomato.com/hyderabad/hotel-tulips-grand-medipally,Hyderabad,Telangana,India,Hotel
1807,the ritz carlton bangalore,49500,13,559,$0.95,11,34,https://www.zomato.com/bangalore/restaurants/in/the-ritz-carlton,Bangalore,Karnataka,India,Restaurant
1808,the filter coffee,40500,6,4816,$0.02,8,28,https://www.zomato.com/bangalore/the-filter-coffee-indiranagar-bangalore,Bangalore,Karnataka,India,Coffee
1809,taj palace lake udaipur,40500,19,252,$0.33,37,50,https://www.zomato.com/udaipur/restaurants/in/taj-lake-palace-pichola,Unknown,Unknown,Unknown,Restaurant
1810,taj lake palace,40500,23,212,$0.13,41,38,https://www.zomato.com/udaipur/restaurants/in/taj-lake-palace-pichola,Unknown,Unknown,Unknown,Restaurant
1811,taj coromandel chennai,49500,5,4816,$0.38,15,32,https://www.zomato.com/chennai/restaurants/in/taj-coromandel-hotel-nungambakkam,Chennai,Tamil Nadu,India,Restaurant
1812,mahakal matka,49500,8,975,$0,1,32,https://www.zomato.com/id/mumbai/mahakal-matka-kulfi-kandivali-east/order?disableOpenApp=1&fsc=1&utm_source=google&utm_medium=zomato_amp&utm_campaign=19662647,Mumbai,Maharashtra,India,Unknown
1813,le meridien gurgaon delhi ncr,49500,28,103,$0.52,9,24,https://www.zomato.com/ncr/restaurants/in/le-meridien-gurgaon,Unknown,Unknown,Unknown,Restaurant
1814,karachi bakery near me,49500,5,15048,$0.20,3,20,https://www.zomato.com/hyderabad/restaurants/karachi-bakery,Hyderabad,Telangana,India,Restaurant
1815,indian restaurants near me,49500,6,4816,$0.34,10,23,https://www.zomato.com/alwar/restaurants/north-indian,Unknown,Unknown,Unknown,Restaurant
1816,hotel maurya patna,49500,13,742,$0.16,19,33,https://www.zomato.com/patna/spice-court-hotel-maurya-lodipur,Patna,Bihar,India,Hotel
1817,pvp square,40500,8,1673,$0,15,35,https://www.zomato.com/vijayawada/restaurants/in/pvp-square-mall-labbipet,Unknown,Unknown,Unknown,Restaurant
1818,park square mall,49500,3,4816,$0,7,30,https://www.zomato.com/bangalore/restaurants/in/ascendas-park-square-whitefield,Bangalore,Karnataka,India,Restaurant
1819,pacific mall ghaziabad,40500,6,1673,$0.02,4,27,https://www.zomato.com/ncr/restaurants/in/pacific-mall-ghaziabad,Unknown,Unknown,Unknown,Restaurant
1820,next galleria mall,74000,6,2321,$0,5,37,https://www.zomato.com/hyderabad/restaurants/in/next-galleria-mall-panjagutta,Hyderabad,Telangana,India,Restaurant
1821,new market in kolkata,49500,63,103,$0.04,1,20,https://www.zomato.com/kolkata/restaurants/in/axis-mall-new-town,Kolkata,West Bengal,India,Restaurant
1822,narapally,40500,13,742,$0.15,6,45,https://www.zomato.com/hyderabad/narapally-restaurants,Hyderabad,Telangana,India,Restaurant
1823,mantra mall,49500,4,3262,$0,4,34,https://www.zomato.com/hyderabad/restaurants/in/mantra-mall-attapur,Hyderabad,Telangana,India,Restaurant
1824,manesar heritage hotel,49500,10,742,$0.14,37,36,https://www.zomato.com/ncr/jharokha-heritage-village-resort-and-spa-manesar-gurgaon,Unknown,Unknown,Unknown,Unknown
1825,dwaraka nagar vizag,40500,11,975,$0,10,29,https://www.zomato.com/visakhapatnam/dwaraka-nagar-restaurants,Unknown,Unknown,Unknown,Restaurant
1826,club o7,49500,9,1673,$0.10,6,34,https://www.zomato.com/ahmedabad/restaurants/in/club-o7-bopal,Ahmedabad,Gujarat,India,Restaurant
1827,chennai hotel taj coromandel,49500,8,3262,$0.60,18,40,https://www.zomato.com/chennai/restaurants/in/taj-coromandel-hotel-nungambakkam,Chennai,Tamil Nadu,India,Restaurant
1828,cafeteria open now near me,49500,6,8019,$0.05,14,34,https://www.zomato.com/raipur/restaurants/cafes,Unknown,Unknown,Unknown,Restaurant
1829,cafes in bangalore,49500,8,3262,$0.27,7,30,https://www.zomato.com/bangalore/great-cafes,Bangalore,Karnataka,India,Cafe
1830,burger farm,49500,6,8019,$0.19,2,33,https://www.zomato.com/jaipur/burger-farm-c-scheme,Jaipur,Rajasthan,India,Unknown
1831,hotel gcc club mira road,49500,8,2321,$0.19,15,37,https://www.zomato.com/mumbai/restaurants/in/gcc-hotel-club-mira-road,Mumbai,Maharashtra,India,Restaurant
1832,guru sweet mart,40500,4,15048,$0,9,28,https://www.zomato.com/mysore/guru-sweet-mart-1-chamrajpura,Unknown,Unknown,Unknown,Unknown
1833,good restaurants bangalore,60500,4,15048,$0.29,3,32,https://www.zomato.com/bangalore/restaurants,Bangalore,Karnataka,India,Restaurant
1834,flavours,49500,7,4816,$0.99,1,45,https://www.zomato.com/hyderabad/flavours-begumpet,Hyderabad,Telangana,India,Unknown
1835,fern hill sterling ooty,49500,17,292,$0.27,43,22,https://www.zomato.com/ooty/the-fern-sterling-ooty-fern-hill-fern-hill,Unknown,Unknown,Unknown,Unknown
1836,best restaurants in hyd,60500,4,15048,$0.05,6,31,https://www.zomato.com/hyderabad/restaurants,Hyderabad,Telangana,India,Restaurant
1837,akan hyderabad,40500,6,4816,$0.29,7,19,https://www.zomato.com/hyderabad/akan-hitech-city,Hyderabad,Telangana,India,Unknown
1838,cafe near me open now,49500,4,15048,$0.23,12,23,https://www.zomato.com/bangalore/restaurants/cafes?open=now,Bangalore,Karnataka,India,Restaurant
1839,sattva knowledge city,49500,60,103,$1.07,7,30,https://www.zomato.com/hyderabad/salarpuria-restaurants,Hyderabad,Telangana,India,Restaurant
1840,runway 34 restaurant,49500,31,103,$0,1,23,https://www.zomato.com/bangalore/runway-27-kadubeesanahalli-bangalore,Bangalore,Karnataka,India,Unknown
1841,road number 14,49500,34,103,$0.12,4,24,https://www.zomato.com/jaipur/rj-14-ep-tonk-road,Jaipur,Rajasthan,India,Unknown
1842,riva beach resort mandrem,49500,19,212,$0.12,45,33,https://www.zomato.com/goa/waterfront-riva-restaurant-mandrem,Goa,Goa,India,Restaurant
1843,tilak road in pune,49500,11,975,$0.16,5,18,https://www.zomato.com/pune/best-tilak-road-restaurants,Pune,Maharashtra,India,Restaurant
1844,tilak road,33100,14,559,$0,4,29,https://www.zomato.com/pune/best-tilak-road-restaurants,Pune,Maharashtra,India,Restaurant
1845,near me restaurants indian,49500,5,8019,$0.06,10,25,https://www.zomato.com/ncr/restaurants/north-indian,Unknown,Unknown,Unknown,Restaurant
1846,mall of travancore,49500,17,277,$0,4,29,https://www.zomato.com/trivandrum/restaurants/in/mall-of-travancore-inchakki-kannanthura,Unknown,Unknown,Unknown,Restaurant
1847,majestic in bangalore,40500,23,212,$0.36,1,24,https://www.zomato.com/bangalore/majestic-hotel-majestic,Bangalore,Karnataka,India,Hotel
1848,magic moments vodka price,49500,20,212,$0,1,19,https://www.zomato.com/kolkata/restaurants/dish-magic-moments-vodka,Kolkata,West Bengal,India,Restaurant
1849,madhu vihar,49500,10,1673,$0.27,5,34,https://www.zomato.com/ncr/madhu-vihar-delhi-restaurants,Unknown,Unknown,Unknown,Restaurant
1850,l'im,33100,11,1267,$0,1,41,https://www.zomato.com/pune/im-lion-1-baner,Pune,Maharashtra,India,Unknown
1851,rameshwaram cafe pune,40500,3,15048,$0.05,1,26,https://www.zomato.com/pune/the-rameshwaram-cafe-viman-nagar,Pune,Maharashtra,India,Cafe
1852,raj food,49500,4,3262,$0,1,28,https://www.zomato.com/mysore/raj-food-court-vijay-nagar,Unknown,Unknown,Unknown,Unknown
1853,pvp square vijayawada,49500,11,742,$0.18,6,22,https://www.zomato.com/vijayawada/restaurants/in/pvp-square-mall-labbipet,Unknown,Unknown,Unknown,Restaurant
1854,pali hill,49500,8,4816,$0.13,4,34,https://www.zomato.com/mumbai/pali-hill-bandra-west-restaurants,Mumbai,Maharashtra,India,Restaurant
1855,north indian,40500,10,975,$0,1,30,https://www.zomato.com/ncr/restaurants/north-indian,Unknown,Unknown,Unknown,Restaurant
1856,fish & fries,49500,1,15048,$0.08,5,23,https://www.zomato.com/bangalore/fish-fries-restaurant-hsr,Bangalore,Karnataka,India,Restaurant
1857,fairmont udaipur,33100,74,103,$0.22,42,24,https://www.zomato.com/udaipur/dahaad-fairmont-udaipur-palace-fateh-sagar,Unknown,Unknown,Unknown,Unknown
1858,doolally taproom khar,22200,4,8019,$0.28,12,26,https://www.zomato.com/mumbai/doolally-taproom-khar,Mumbai,Maharashtra,India,Unknown
1859,dimsum,49500,8,4816,$0.89,1,45,https://www.zomato.com/bangalore/restaurants/dish-dimsum,Bangalore,Karnataka,India,Restaurant
1860,lal tibba,40500,13,975,$0.18,2,31,https://www.zomato.com/mussoorie/lal-tibba-landour,Unknown,Unknown,Unknown,Unknown
1861,itc grand chola,49500,23,133,$0.40,41,40,https://www.zomato.com/chennai/restaurants/in/itc-grand-chola,Chennai,Tamil Nadu,India,Restaurant
1862,indian hotel varanasi,49500,15,371,$0.25,94,18,https://www.zomato.com/varanasi/cafe-65-india-hotel-nadesar,Varanasi,Uttar Pradesh,India,Cafe
1863,hyatt regency chandigarh,49500,15,450,$1.67,36,38,https://www.zomato.com/chandigarh/restaurants/in/hyatt-regency-chandigarh-industrial-area,Chandigarh,Chandigarh,India,Restaurant
1864,hotel taj coromandel,49500,5,4816,$0.60,18,39,https://www.zomato.com/chennai/restaurants/in/taj-coromandel-hotel-nungambakkam,Chennai,Tamil Nadu,India,Restaurant
1865,hotel itc grand chola,49500,11,975,$0.98,25,40,https://www.zomato.com/chennai/restaurants/in/itc-grand-chola,Chennai,Tamil Nadu,India,Restaurant
1866,ghaziabad pacific mall,40500,12,559,$0.22,7,20,https://www.zomato.com/ncr/restaurants/in/pacific-mall-ghaziabad,Unknown,Unknown,Unknown,Restaurant
1867,gcc hotel,40500,8,1673,$0.09,20,37,https://www.zomato.com/mumbai/restaurants/in/gcc-hotel-club-mira-road,Mumbai,Maharashtra,India,Restaurant
1868,bar palladio,40500,5,4816,$0.65,3,31,https://www.zomato.com/jaipur/bar-palladio-jaipur-narayan-singh-circle,Jaipur,Rajasthan,India,Bar
1869,da vinci's,49500,33,103,$0.23,2,60,https://www.zomato.com/ncr/pizzeria-da-vinci-vasant-vihar-new-delhi,Unknown,Unknown,Unknown,Unknown
1870,coupons for zomato,49500,4,4816,$0.03,3,24,https://www.zomato.com/book/docs/deals,Unknown,Unknown,Unknown,Unknown
1871,cafes in connaught place,60500,4,15048,$0.32,3,24,https://www.zomato.com/ncr/connaught-place-delhi-restaurants/caf%C3%A9,Unknown,Unknown,Unknown,Restaurant
1872,zomato delivery,49500,1,15048,$0.15,15,37,https://www.zomato.com/,Unknown,Unknown,Unknown,Unknown
1873,zomato promo code,40500,4,4816,$0.47,1,25,https://www.zomato.com/offer/nvbmK,Unknown,Unknown,Unknown,Unknown
1874,verandah,40500,10,2321,$1.04,2,44,https://www.zomato.com/jabalpur/verandah-wright-town,Unknown,Unknown,Unknown,Unknown
1875,sector 126 noida,49500,11,975,$0.18,6,18,https://www.zomato.com/ncr/sector-126-noida-restaurants,Unknown,Unknown,Unknown,Restaurant
1876,rosewater,49500,17,371,$0.10,97,75,https://www.zomato.com/chennai/rosewater-anna-nagar-east,Chennai,Tamil Nadu,India,Unknown
1877,the westin gurgaon new delhi,49500,20,212,$0.58,11,32,https://www.zomato.com/ncr/restaurants/in/westin-hotel-mg-road,Unknown,Unknown,Unknown,Restaurant
1878,nand nagri in delhi,49500,34,103,$0.12,4,19,https://www.zomato.com/hi/ncr/dhaba?zomato_place_id=117717,Unknown,Unknown,Unknown,Unknown
1879,mysore cafe,49500,5,8019,$0,5,34,https://www.zomato.com/mumbai/cafe-mysore-estd-1936-matunga-east,Mumbai,Maharashtra,India,Cafe
1880,rama mandi punjab,40500,26,113,$0.38,1,19,https://www.zomato.com/jalandhar/rama-mandi-restaurants?category=1,Unknown,Unknown,Unknown,Restaurant
1881,palladio bar jaipur,49500,4,8019,$0.12,2,40,https://www.zomato.com/jaipur/bar-palladio-jaipur-narayan-singh-circle,Jaipur,Rajasthan,India,Bar
1882,hotel eros nehru place,60500,7,2321,$0.42,25,35,https://www.zomato.com/ncr/restaurants/in/eros-hotel-nehru-place,Unknown,Unknown,Unknown,Restaurant
1883,hope farm,40500,37,103,$0,13,34,https://www.zomato.com/bangalore/the-hope-farm-shawarmas-1-whitefield-bangalore,Bangalore,Karnataka,India,Unknown
1884,mad over grills,49500,5,8019,$0,6,29,https://www.zomato.com/hyderabad/mad-over-grills-vibrant-1-as-rao-nagar-secunderabad,Hyderabad,Telangana,India,Unknown
1885,kerala cafe,49500,8,3262,$0.01,3,33,https://www.zomato.com/varanasi/kerala-cafe-since-1962-bhelupur,Varanasi,Uttar Pradesh,India,Cafe
1886,kavi nagar,40500,13,742,$0.04,9,33,https://www.zomato.com/ncr/kavi-nagar-restaurants,Unknown,Unknown,Unknown,Restaurant
1887,jaipur palladio,40500,5,4816,$0.17,3,38,https://www.zomato.com/jaipur/bar-palladio-jaipur-narayan-singh-circle,Jaipur,Rajasthan,India,Bar
1888,jai mahal jaipur hotel,49500,21,212,$0.55,23,33,https://www.zomato.com/jaipur/marble-arch-jai-mahal-palace-civil-lines,Jaipur,Rajasthan,India,Unknown
1889,indian food restaurants near me,60500,4,15048,$0.63,5,25,https://www.zomato.com/restaurants-near-me,Unknown,Unknown,Unknown,Restaurant
1890,hyatt regency in kolkata,49500,27,108,$0.92,22,38,https://www.zomato.com/kolkata/waterside-cafe-hyatt-regency-kolkata-sector-3-salt-lake,Kolkata,West Bengal,India,Cafe
1891,cross river mall shahdara delhi,40500,5,2321,$0.20,5,21,https://www.zomato.com/ncr/restaurants/in/cross-river-mall-shahadra,Unknown,Unknown,Unknown,Restaurant
1892,cafes near me open now,60500,4,15048,$0.05,20,27,https://www.zomato.com/cafes-near-me,Unknown,Unknown,Unknown,Cafe
1893,burger factory,40500,5,8019,$0,6,32,https://www.zomato.com/goa/burger-factory-anjuna,Goa,Goa,India,Unknown
1894,bubbles tea,60500,25,277,$0.27,3,37,https://www.zomato.com/kolkata/bubble-n-tea-asian-cafe-sector-3-salt-lake,Kolkata,West Bengal,India,Cafe
1895,best restaurants hyderabad india,49500,4,15048,$0.06,8,27,https://www.zomato.com/hyderabad/restaurants,Hyderabad,Telangana,India,Restaurant
1896,best food restaurants in bangalore,49500,4,15048,$0.10,11,28,https://www.zomato.com/bangalore/restaurants,Bangalore,Karnataka,India,Restaurant
1897,zomato offer code,40500,4,4816,$0.38,1,25,https://www.zomato.com/book/docs/deals,Unknown,Unknown,Unknown,Unknown
1898,tapas,49500,45,103,$0,1,45,https://www.zomato.com/ncr/restaurants/tapas,Unknown,Unknown,Unknown,Restaurant
1899,taj mahal palace hotel mumbai,49500,29,103,$0.24,48,34,https://www.zomato.com/mumbai/restaurants/in/taj-mahal-palace-colaba,Mumbai,Maharashtra,India,Restaurant
1900,taj mahal hotel colaba mumbai,49500,13,742,$0.29,53,40,https://www.zomato.com/mumbai/restaurants/in/taj-mahal-palace-colaba,Mumbai,Maharashtra,India,Restaurant
1901,taj club house chennai,49500,14,371,$0.30,30,29,https://www.zomato.com/chennai/club-house-taj-club-house-thousand-lights,Chennai,Tamil Nadu,India,Unknown
1902,sher e punjab,49500,6,8019,$0,2,28,https://www.zomato.com/mumbai/sher-e-punjab-fort,Mumbai,Maharashtra,India,Unknown
1903,sector 74,60500,39,103,$0.12,5,19,https://www.zomato.com/ncr/sector-74-restaurants,Unknown,Unknown,Unknown,Restaurant
1904,sayaji hotel indore indore madhya pradesh,49500,10,975,$0.33,23,34,https://www.zomato.com/indore/restaurants/in/sayaji-hotel-vijay-nagar,Indore,Madhya Pradesh,India,Restaurant
1905,sayaji hotel,74000,14,742,$0.85,10,44,https://www.zomato.com/indore/restaurants/in/sayaji-hotel-vijay-nagar,Indore,Madhya Pradesh,India,Restaurant
1906,sandwich close to me,49500,4,15048,$0.09,5,39,https://www.zomato.com/sandwich-restaurants-near-me,Unknown,Unknown,Unknown,Restaurant
1907,roast 24 seven,49500,3,15048,$0,4,29,https://www.zomato.com/hyderabad/roast-24-seven-gachibowli,Hyderabad,Telangana,India,Unknown
1908,riva resort mandrem,49500,16,371,$0.12,45,41,https://www.zomato.com/goa/waterfront-riva-restaurant-mandrem,Goa,Goa,India,Restaurant
1909,paradise biryani,40500,5,8019,$0.16,2,31,https://www.zomato.com/hyderabad/paradise-biryani-a-legend-since-1953-begumpet,Hyderabad,Telangana,India,Unknown
1910,palladium mall mumbai,90500,7,1673,$0.06,5,42,https://www.zomato.com/mumbai/restaurants/in/palladium-mall-lower-parel,Mumbai,Maharashtra,India,Restaurant
1911,pali hill bandra mumbai,49500,10,3262,$0.12,4,29,https://www.zomato.com/mumbai/pali-hill-bandra-west-restaurants,Mumbai,Maharashtra,India,Restaurant
1912,noida sector 126,49500,12,559,$0.12,5,19,https://www.zomato.com/ncr/sector-126-noida-restaurants,Unknown,Unknown,Unknown,Restaurant
1913,no 2.0,49500,17,277,$0.16,2,96,https://www.zomato.com/bangalore/tap-house-2-0-electronic-city-bangalore,Bangalore,Karnataka,India,Unknown
1914,nancy's,49500,5,15048,$0.01,1,31,https://www.zomato.com/bangalore/nancys-sarjapur-road-bangalore,Bangalore,Karnataka,India,Unknown
1915,najafgarh delhi,40500,23,163,$0,4,32,https://www.zomato.com/ncr/najafgarh-delhi-restaurants,Unknown,Unknown,Unknown,Restaurant
1916,meal,49500,45,103,$0.35,1,46,https://www.zomato.com/ncr/meal-o-meal-sector-67-gurgaon/order,Unknown,Unknown,Unknown,Unknown
1917,martin's corner goa,49500,3,15048,$0.12,3,33,https://www.zomato.com/goa/martins-corner-betalbatim,Goa,Goa,India,Unknown
1918,mall de goa porvorim,49500,13,450,$0,5,21,https://www.zomato.com/goa/restaurants/in/mall-de-goa-penha-de-franca,Goa,Goa,India,Restaurant
1919,mall de goa,49500,9,1267,$0.01,4,29,https://www.zomato.com/goa/restaurants/in/mall-de-goa-penha-de-franca,Goa,Goa,India,Restaurant
1920,mahesh home lunch,49500,4,15048,$0.11,3,23,https://www.zomato.com/mumbai/mahesh-lunch-home-juhu,Mumbai,Maharashtra,India,Unknown
1921,mahagun metro mall,40500,5,3262,$0.11,4,27,https://www.zomato.com/ncr/restaurants/in/mahagun-metro-mall-ghaziabad,Unknown,Unknown,Unknown,Restaurant
1922,indian cuisine restaurants near me,49500,4,15048,$0.27,10,23,https://www.zomato.com/restaurants-near-me,Unknown,Unknown,Unknown,Restaurant
1923,hyatt regency chandigarh chandigarh,49500,22,133,$0.85,37,25,https://www.zomato.com/chandigarh/restaurants/in/hyatt-regency-chandigarh-industrial-area,Chandigarh,Chandigarh,India,Restaurant
1924,hotel india in varanasi,49500,33,103,$0.24,96,19,https://www.zomato.com/varanasi/cafe-65-india-hotel-nadesar,Varanasi,Uttar Pradesh,India,Cafe
1925,gcc club hotel mira road,49500,19,252,$0.21,14,21,https://www.zomato.com/mumbai/olivia-gcc-hotel-club-mira-road,Mumbai,Maharashtra,India,Hotel
1926,kona expressway,40500,50,103,$0,1,31,https://www.zomato.com/kolkata/restaurants/in/axis-mall-new-town,Kolkata,West Bengal,India,Restaurant
1927,kanha jaipur,49500,5,8019,$0.06,4,19,https://www.zomato.com/jaipur/kanha-malviya-nagar,Jaipur,Rajasthan,India,Unknown
1928,eros hotel delhi nehru place,49500,8,2321,$0.52,14,23,https://www.zomato.com/ncr/restaurants/in/eros-hotel-nehru-place,Unknown,Unknown,Unknown,Restaurant
1929,club house taj,49500,8,1267,$0.51,28,31,https://www.zomato.com/chennai/club-house-taj-club-house-thousand-lights,Chennai,Tamil Nadu,India,Unknown
1930,chinese foodies,49500,3,15048,$0.11,1,21,https://www.zomato.com/ncr/chinese-foodies-palam-new-delhi,Unknown,Unknown,Unknown,Unknown
1931,boba tea bubble tea,49500,12,1673,$0.12,8,25,https://www.zomato.com/ncr/bubble-boba-tea-sector-66-gurgaon/order,Unknown,Unknown,Unknown,Unknown
1932,biryani by kilo,49500,8,3262,$0.21,16,32,https://www.zomato.com/nagpur/biryani-by-kilo-dharampeth,Nagpur,Maharashtra,India,Unknown
1933,bandra mumbai restaurants,49500,5,8019,$0.04,4,19,https://www.zomato.com/mumbai/bandra-west-restaurants,Mumbai,Maharashtra,India,Restaurant
1934,andhra meals near me,49500,5,8019,$0.14,5,21,https://www.zomato.com/bangalore/taste-of-andhra,Bangalore,Karnataka,India,Unknown
1935,20/15,49500,17,277,$0.01,1,35,https://www.zomato.com/bangalore/20-15-corner-yelahanka-bangalore,Bangalore,Karnataka,India,Unknown
1936,the oberoi bengaluru,49500,13,742,$0.60,16,32,https://www.zomato.com/bangalore/restaurants/in/the-oberoi,Bangalore,Karnataka,India,Restaurant
1937,the cape goa,60500,12,1267,$0.12,9,34,https://www.zomato.com/goa/the-cape-goa-3-cavelossim,Goa,Goa,India,Unknown
1938,ram ashraya,49500,3,15048,$0,3,33,https://www.zomato.com/mumbai/ramashraya-since-1939-matunga-east,Mumbai,Maharashtra,India,Unknown
1939,orion's,49500,42,103,$0.39,1,71,https://www.zomato.com/tirupati/hotel-orion-tirumala,Unknown,Unknown,Unknown,Hotel
1940,the bier library,40500,3,15048,$0.17,6,19,https://www.zomato.com/bangalore/the-bier-library-koramangala-6th-block-bangalore,Bangalore,Karnataka,India,Unknown
1941,meridian restaurant,40500,3,15048,$0,4,32,https://www.zomato.com/hyderabad/meridian-restaurant-2-panjagutta,Hyderabad,Telangana,India,Restaurant
1942,mayan beach club,49500,2,8019,$1.02,3,28,https://www.zomato.com/goa/mayan-beach-club-2-anjuna,Goa,Goa,India,Unknown
1943,radisson blu udaipur palace resort & spa,49500,14,450,$0.61,38,27,https://www.zomato.com/udaipur/restaurants/in/radisson-blu-palace-resort-spa-udaipur,Unknown,Unknown,Unknown,Restaurant
1944,taj mahal mumbai,49500,16,450,$0.22,48,42,https://www.zomato.com/mumbai/restaurants/in/taj-mahal-palace-colaba,Mumbai,Maharashtra,India,Restaurant
1945,taj lake palace in udaipur,49500,23,133,$0.15,45,47,https://www.zomato.com/udaipur/restaurants/in/taj-lake-palace-pichola,Unknown,Unknown,Unknown,Restaurant
1946,indian accent,60500,5,8019,$0.07,4,38,https://www.zomato.com/ncr/indian-accent-lodhi-road-new-delhi,Unknown,Unknown,Unknown,Unknown
1947,hyderabad top restaurants,49500,4,15048,$0.04,6,33,https://www.zomato.com/hyderabad/restaurants,Hyderabad,Telangana,India,Restaurant
1948,hotel tulips grand,49500,7,3262,$0.15,8,30,https://www.zomato.com/hyderabad/hotel-tulips-grand-suraram,Hyderabad,Telangana,India,Hotel
1949,hotel sterling fern hill ooty,49500,30,103,$0.27,45,27,https://www.zomato.com/ooty/the-fern-sterling-ooty-fern-hill-fern-hill,Unknown,Unknown,Unknown,Unknown
1950,dwaraka nagar,40500,12,975,$0,10,34,https://www.zomato.com/visakhapatnam/dwaraka-nagar-restaurants,Unknown,Unknown,Unknown,Restaurant
1951,chi's,49500,29,103,$0,1,50,https://www.zomato.com/ahmedabad/chi-chis-kitchen-vejalpur,Ahmedabad,Gujarat,India,Unknown
1952,chennai itc grand chola,49500,19,292,$0.98,25,42,https://www.zomato.com/chennai/restaurants/in/itc-grand-chola,Chennai,Tamil Nadu,India,Restaurant
1953,grand,49500,21,163,$0.04,1,35,https://www.zomato.com/mumbai/grand-santacruz-east,Mumbai,Maharashtra,India,Unknown
1954,bastian bandra,60500,1,15048,$0.02,4,38,https://www.zomato.com/mumbai/bastian-ammakai-linking-road-bandra-west,Mumbai,Maharashtra,India,Unknown
1955,bars near me near me,49500,4,15048,$0.05,12,21,https://www.zomato.com/bars-near-me,Unknown,Unknown,Unknown,Bar
1956,and dim sum,49500,6,4816,$0.21,1,22,https://www.zomato.com/ncr/dim-sum-authentic-chinese-karol-bagh-new-delhi,Unknown,Unknown,Unknown,Unknown
1957,vishnu garden,49500,9,2321,$0.07,6,34,https://www.zomato.com/bangalore/vishnu-garden-rt-nagar,Bangalore,Karnataka,India,Unknown
1958,tri nagar,49500,20,212,$0,10,36,https://www.zomato.com/ncr/tri-nagar-restaurants?category=1,Unknown,Unknown,Unknown,Restaurant
1959,cater,49500,14,559,$0.28,3,46,https://www.zomato.com/mumbai/cater-inc-churchgate,Mumbai,Maharashtra,India,Unknown
1960,cafe to visit in rishikesh,49500,15,742,$0.13,10,27,https://www.zomato.com/rishikesh/caf%C3%A9,Unknown,Unknown,Unknown,Unknown
1961,bubble tea,60500,11,1673,$0.43,4,74,https://www.zomato.com/bangalore/restaurants/bubble-tea,Bangalore,Karnataka,India,Restaurant
1962,blue tokai coffee near me,33100,7,4816,$0.02,17,20,https://www.zomato.com/ncr/blue-tokai-coffee-roasters-connaught-place-new-delhi,Unknown,Unknown,Unknown,Coffee
1963,blue tokai coffee,60500,11,1673,$0.03,38,43,https://www.zomato.com/ncr/blue-tokai-coffee-roasters-connaught-place-new-delhi,Unknown,Unknown,Unknown,Coffee
1964,sector 77 noida,49500,12,742,$0.12,5,19,https://www.zomato.com/ncr/sector-77-restaurants,Unknown,Unknown,Unknown,Restaurant
1965,royal green,49500,7,3262,$0.13,1,11,https://www.zomato.com/mumbai/royal-green-restaurant-and-garden-bhayandar,Mumbai,Maharashtra,India,Restaurant
1966,pluto's,49500,6,8019,$0.32,1,41,https://www.zomato.com/ncr/plutos-vasant-kunj-new-delhi,Unknown,Unknown,Unknown,Unknown
1967,toit pune,40500,4,8019,$0.34,8,33,https://www.zomato.com/pune/toit-1-kalyani-nagar,Pune,Maharashtra,India,Unknown
1968,the oberoi gurgaon,49500,9,1267,$1.09,10,31,https://www.zomato.com/ncr/restaurants/in/the-oberoi-Gurgaon,Unknown,Unknown,Unknown,Restaurant
1969,kohinoor square dadar,40500,2,8019,$0.58,5,27,https://www.zomato.com/mumbai/restaurants/in/kohinoor-square-mall,Mumbai,Maharashtra,India,Restaurant
1970,plan b,49500,17,371,$0.09,53,67,https://www.zomato.com/bangalore/plan-b-airport-road-bangalore,Bangalore,Karnataka,India,Unknown
1971,places in chandigarh,49500,33,103,$0.10,14,35,https://www.zomato.com/chandigarh,Chandigarh,Chandigarh,India,Unknown
1972,patancheru telangana,49500,20,277,$0.12,4,21,https://www.zomato.com/hyderabad/patancheru-restaurants,Hyderabad,Telangana,India,Restaurant
1973,palladium shopping mall mumbai,74000,25,113,$0.13,4,42,https://www.zomato.com/mumbai/restaurants/in/palladium-mall-lower-parel,Mumbai,Maharashtra,India,Restaurant
1974,city market,49500,14,975,$0.08,1,21,https://www.zomato.com/bangalore/city-market-restaurants,Bangalore,Karnataka,India,Restaurant
1975,hotel taj exotica goa,49500,104,103,$0.37,32,43,https://www.zomato.com/mumbai/restaurants,Mumbai,Maharashtra,India,Restaurant
1976,hotel shubham celebrations,49500,4,4816,$0.14,7,30,https://www.zomato.com/hyderabad/hotel-shubham-celebrations-lingampally,Hyderabad,Telangana,India,Hotel
1977,hotel heritage manesar,49500,11,742,$0.14,38,30,https://www.zomato.com/ncr/jharokha-heritage-village-resort-and-spa-manesar-gurgaon,Unknown,Unknown,Unknown,Unknown
1978,hotel eros nehru place new delhi,49500,19,277,$0.49,18,25,https://www.zomato.com/ncr/restaurants/in/eros-hotel-nehru-place,Unknown,Unknown,Unknown,Restaurant
1979,headquarter,49500,47,103,$0.63,1,45,https://www.zomato.com/mumbai/headquarter-resto-bar-ghatkopar-east,Mumbai,Maharashtra,India,Bar
1980,good restaurant hyderabad,60500,4,15048,$0.05,6,30,https://www.zomato.com/hyderabad/restaurants,Hyderabad,Telangana,India,Restaurant
1981,famous restaurants in hyd,60500,5,15048,$0.05,6,30,https://www.zomato.com/hyderabad/restaurants,Hyderabad,Telangana,India,Restaurant
1982,hyatt chandigarh,49500,11,720,$1.67,36,43,https://www.zomato.com/chandigarh/restaurants/in/hyatt-regency-chandigarh-industrial-area,Chandigarh,Chandigarh,India,Restaurant
1983,blinks near me,49500,9,2321,$0.17,5,19,https://www.zomato.com/ncr/blink-bitess-1-laxmi-nagar-new-delhi/order,Unknown,Unknown,Unknown,Unknown
1984,biryani blues,40500,8,3262,$0.09,6,32,https://www.zomato.com/ncr/biryani-blues-connaught-place-new-delhi,Unknown,Unknown,Unknown,Unknown
1985,bastian restaurant bandra,49500,3,8019,$0.12,1,23,https://www.zomato.com/mumbai/bastian-ammakai-linking-road-bandra-west,Mumbai,Maharashtra,India,Unknown
1986,zomato restaurant partnership,49500,1,15048,$2.06,1,30,https://www.zomato.com/partners/onlineordering,Unknown,Unknown,Unknown,Unknown
1987,zomato discount coupon,49500,4,4816,$0.03,3,24,https://www.zomato.com/offer/nvbmK,Unknown,Unknown,Unknown,Unknown
1988,zomato coupons,9900,4,4816,$0.10,4,22,https://www.zomato.com/book/docs/deals,Unknown,Unknown,Unknown,Unknown
1989,restaurant in kerala,49500,6,4816,$0.03,1,30,https://www.zomato.com/kochi/best-kerala-restaurants,Kochi,Kerala,India,Restaurant
1990,pancake,49500,19,292,$0.21,12,49,https://www.zomato.com/bangalore/belle-ville-pancake-cafe-1-mahadevapura-bangalore,Bangalore,Karnataka,India,Cafe
1991,grill,49500,26,163,$0.65,19,51,https://www.zomato.com/lucknow/the-big-grill-gomti-nagar,Lucknow,Uttar Pradesh,India,Unknown
1992,coupon code for zomato,40500,4,4816,$0.30,1,18,https://www.zomato.com/offer/nvbmK,Unknown,Unknown,Unknown,Unknown
1993,famous restaurants in hyderabad,60500,4,15048,$0.39,8,26,https://www.zomato.com/hyderabad/restaurants,Hyderabad,Telangana,India,Restaurant
1994,bangalore hotel oberoi,49500,13,742,$0.87,21,41,https://www.zomato.com/bangalore/restaurants/in/the-oberoi,Bangalore,Karnataka,India,Restaurant
1995,bandra restaurants,49500,5,8019,$0.25,4,34,https://www.zomato.com/mumbai/bandra-west-restaurants,Mumbai,Maharashtra,India,Restaurant
1996,aroma,49500,18,450,$0.42,9,48,https://www.zomato.com/chennai/aroma-pure-veg-restaurant-nungambakkam,Chennai,Tamil Nadu,India,Restaurant
1997,tourist places hyderabad,14800,105,103,$0.10,10,21,https://www.zomato.com/hyderabad/restaurants,Hyderabad,Telangana,India,Restaurant
1998,taj lake palace udaipur,49500,26,113,$0.15,28,28,https://www.zomato.com/udaipur/restaurants/in/taj-lake-palace-pichola,Unknown,Unknown,Unknown,Restaurant
1999,sweet shop,60500,6,3262,$0.47,2,37,https://www.zomato.com/sweet-shops-near-me,Unknown,Unknown,Unknown,Sweet Shop
2000,soju,40500,29,103,$3.58,1,43,https://www.zomato.com/ncr/restaurants/dish-soju,Unknown,Unknown,Unknown,Restaurant
2001,riva beach resort in goa,49500,33,103,$0.29,48,20,https://www.zomato.com/goa/waterfront-riva-restaurant-mandrem,Goa,Goa,India,Restaurant
2002,r mall mulund,40500,8,1673,$0.15,9,28,https://www.zomato.com/mumbai/restaurants/in/r-mall-mulund,Mumbai,Maharashtra,India,Restaurant
2003,pvr superplex forum mall south bengaluru,49500,23,118,$0.08,8,20,https://www.zomato.com/bangalore/restaurants/in/forum-south-bengaluru-mall,Bangalore,Karnataka,India,Restaurant
2004,pvp vijayawada,40500,12,559,$0,15,35,https://www.zomato.com/vijayawada/restaurants/in/pvp-square-mall-labbipet,Unknown,Unknown,Unknown,Restaurant
2005,taj mahal palace in mumbai,49500,22,212,$0.36,45,45,https://www.zomato.com/mumbai/restaurants/in/taj-mahal-palace-colaba,Mumbai,Maharashtra,India,Restaurant
2006,taj exotica hotel goa,49500,106,103,$0.38,33,42,https://www.zomato.com/mumbai/restaurants,Mumbai,Maharashtra,India,Restaurant
2007,sterling fern hill ooty,40500,36,97,$0.20,49,32,https://www.zomato.com/ooty/the-fern-sterling-ooty-fern-hill-fern-hill,Unknown,Unknown,Unknown,Unknown
2008,hyatt regency in ahmedabad,49500,27,113,$4.91,27,28,https://www.zomato.com/ahmedabad/restaurants/in/hyatt-regency-ashram-road,Ahmedabad,Gujarat,India,Restaurant
2009,hyatt regency ahmedabad,49500,12,720,$0.29,28,36,https://www.zomato.com/ahmedabad/restaurants/in/hyatt-regency-ashram-road,Ahmedabad,Gujarat,India,Restaurant
2010,hyatt in chandigarh,49500,22,163,$0.85,37,24,https://www.zomato.com/chandigarh/restaurants/in/hyatt-regency-chandigarh-industrial-area,Chandigarh,Chandigarh,India,Restaurant
2011,hotel hyatt chandigarh,49500,19,252,$1.22,34,24,https://www.zomato.com/chandigarh/restaurants/in/hyatt-regency-chandigarh-industrial-area,Chandigarh,Chandigarh,India,Restaurant
2012,gujarati thali near me,49500,4,15048,$0.12,6,21,https://www.zomato.com/ahmedabad/gujarati-thali,Ahmedabad,Gujarat,India,Unknown
2013,mio amore near me,49500,6,4816,$0.13,2,20,https://www.zomato.com/kolkata/restaurants/mio-amore,Kolkata,West Bengal,India,Restaurant
2014,north indian restaurants near me,49500,4,15048,$0.13,15,24,https://www.zomato.com/north-indian-restaurants-near-me,Unknown,Unknown,Unknown,Restaurant
2015,brews,60500,9,4816,$0.98,1,50,https://www.zomato.com/hyderabad/brews-blends-kondapur,Hyderabad,Telangana,India,Unknown
2016,ba da,49500,5,15048,$0.20,1,27,https://www.zomato.com/pune/ba-da-bom-sangamvadi,Pune,Maharashtra,India,Unknown
2017,catering,60500,43,103,$0.33,3,50,https://www.zomato.com/raipur/raipur-catering-services-kota,Unknown,Unknown,Unknown,Unknown
2018,district centre delhi,49500,11,975,$0.10,3,25,https://www.zomato.com/ncr/restaurants/in/district-centre-janakpuri,Unknown,Unknown,Unknown,Restaurant
2019,dim sum,40500,11,1673,$1.02,1,30,https://www.zomato.com/ahmedabad/dim-sum-bopal,Ahmedabad,Gujarat,India,Unknown
2020,dal bati near me,40500,5,8019,$0.13,7,20,https://www.zomato.com/mumbai/restaurants/dish-dal-bati-churma,Mumbai,Maharashtra,India,Restaurant
2021,coffee shops in bangalore,49500,4,15048,$0.29,5,21,https://www.zomato.com/bangalore/coffee,Bangalore,Karnataka,India,Coffee
2022,zomato restaurant partner,49500,1,15048,$0.34,1,27,https://www.zomato.com/partners/login,Unknown,Unknown,Unknown,Unknown
2023,zomato coupon code,40500,4,4816,$0.38,1,25,https://www.zomato.com/book/docs/deals,Unknown,Unknown,Unknown,Unknown
2024,doolally taproom andheri,40500,2,8019,$0,7,28,https://www.zomato.com/mumbai/doolally-veera-desai-area,Mumbai,Maharashtra,India,Unknown
2025,chennai itc grand chola hotel,49500,28,103,$0.70,24,47,https://www.zomato.com/chennai/restaurants/in/itc-grand-chola,Chennai,Tamil Nadu,India,Restaurant
2026,chaayos,49500,6,3262,$0.16,6,47,https://www.zomato.com/ncr/chaayos-chai-snacks-relax-connaught-place-new-delhi,Unknown,Unknown,Unknown,Unknown
2027,butterfly high,49500,4,15048,$0.14,7,35,https://www.zomato.com/hyderabad/butterfly-high-1-hitech-city,Hyderabad,Telangana,India,Unknown
2028,porvorim,49500,10,1267,$0.34,4,47,https://www.zomato.com/goa/porvorim-restaurants,Goa,Goa,India,Restaurant
2029,opulent mall in ghaziabad,49500,24,113,$0.12,5,21,https://www.zomato.com/ncr/restaurants/in/opulent-mall,Unknown,Unknown,Unknown,Restaurant
2030,modi mall,49500,21,133,$0,6,34,https://www.zomato.com/ncr/restaurants/in/modi-moll,Unknown,Unknown,Unknown,Restaurant
2031,sector 66 gurgaon,49500,11,1673,$0.41,13,31,https://www.zomato.com/ncr/sector-66-restaurants,Unknown,Unknown,Unknown,Restaurant
2032,sector 125 noida,49500,11,1267,$0.10,5,17,https://www.zomato.com/ncr/sector-125-noida-restaurants,Unknown,Unknown,Unknown,Restaurant
2033,rayudu gari military hotel,40500,7,4816,$0.03,1,32,https://www.zomato.com/vijayawada/rayudu-gari-military-hotel-gollapudi,Unknown,Unknown,Unknown,Hotel
2034,radha chowk,49500,12,742,$0.12,5,21,https://www.zomato.com/pune/hotel-radha-baner,Pune,Maharashtra,India,Hotel
2035,pune tilak road,49500,5,8019,$0.16,5,21,https://www.zomato.com/pune/hotel-tilak-tilak-road,Pune,Maharashtra,India,Hotel
2036,udaipur lake palace hotel,49500,44,103,$0.23,37,43,https://www.zomato.com/udaipur/restaurants/in/taj-lake-palace-pichola,Unknown,Unknown,Unknown,Restaurant
2037,the umrao,49500,18,277,$0.14,26,40,https://www.zomato.com/ncr/thyme-the-umrao-rajokri-new-delhi,Unknown,Unknown,Unknown,Unknown
2038,the big chill,27100,4,3262,$0.39,6,68,https://www.zomato.com/ncr/the-big-chill-3-connaught-place-new-delhi,Unknown,Unknown,Unknown,Unknown
2039,terminal 2 delhi airport,18100,8,1673,$0,1,10,https://www.zomato.com/ncr/restaurants/in/terminal-2-departures-igi-airport-aerocity,Unknown,Unknown,Unknown,Restaurant
2040,indian dishes near me,49500,4,15048,$0.06,10,39,https://www.zomato.com/restaurants-near-me,Unknown,Unknown,Unknown,Restaurant
2041,hotel the umrao delhi,49500,27,103,$0.32,19,34,https://www.zomato.com/ncr/thyme-the-umrao-rajokri-new-delhi,Unknown,Unknown,Unknown,Unknown
2042,best restaurants bangalore,49500,4,15048,$0.24,11,31,https://www.zomato.com/bangalore/restaurants,Bangalore,Karnataka,India,Restaurant
2043,best restaurant in hyd,49500,4,15048,$0.06,8,31,https://www.zomato.com/hyderabad/restaurants,Hyderabad,Telangana,India,Restaurant
2044,andheri west railway station,60500,37,103,$0,12,27,https://www.zomato.com/mumbai/near-andheri-west-station-restaurants,Mumbai,Maharashtra,India,Restaurant
2045,andaz hyatt new delhi,49500,51,103,$1.44,9,24,https://www.zomato.com/ncr/restaurants/in/andaz-delhi-aerocity,Unknown,Unknown,Unknown,Restaurant
2046,airlines hotel,49500,2,15048,$0.26,5,34,https://www.zomato.com/bangalore/airlines-hotel-lavelle-road,Bangalore,Karnataka,India,Hotel
2047,lah lah,49500,19,277,$0.26,1,49,https://www.zomato.com/dubai/lah-lah-zabeel-house-by-jumeirah-the-greens/menu,Unknown,Unknown,Unknown,Unknown
2048,kohinoor square,40500,2,8019,$0.58,5,32,https://www.zomato.com/mumbai/restaurants/in/kohinoor-square-mall,Mumbai,Maharashtra,India,Restaurant
2049,vagator,40500,8,2321,$0.39,6,45,https://www.zomato.com/goa/vagator-restaurants,Goa,Goa,India,Restaurant
2050,the opulent mall,49500,9,975,$0,5,29,https://www.zomato.com/ncr/restaurants/in/opulent-mall,Unknown,Unknown,Unknown,Restaurant
2051,mani,49500,27,108,$0,1,45,https://www.zomato.com/mumbai/restaurants/manis-lunch-home?subzone=2203&category=2,Mumbai,Maharashtra,India,Restaurant
2052,macaw by stories,49500,3,8019,$0.17,4,29,https://www.zomato.com/chennai/macaw-by-stories-sholinganallur,Chennai,Tamil Nadu,India,Unknown
2053,kfc wednesday offer,49500,16,450,$0.19,4,29,https://www.zomato.com/ncr/restaurants/kfc?category=1,Unknown,Unknown,Unknown,Restaurant
2054,kerala café,49500,5,8019,$0.03,2,22,https://www.zomato.com/pune/kerala-cafe-1-kalyani-nagar,Pune,Maharashtra,India,Cafe
2055,karma lakelands,60500,15,450,$0.07,34,47,https://www.zomato.com/ncr/restaurants/in/karma-lakelands,Unknown,Unknown,Unknown,Restaurant
2056,pvp square vijayawada andhra pradesh,49500,25,108,$0.20,7,21,https://www.zomato.com/vijayawada/restaurants/in/pvp-square-mall-labbipet,Unknown,Unknown,Unknown,Restaurant
2057,places to see chennai,49500,51,103,$0.14,23,39,https://www.zomato.com/chennai,Chennai,Tamil Nadu,India,Unknown
2058,near bar,40500,4,15048,$0.14,7,33,https://www.zomato.com/bars-near-me,Unknown,Unknown,Unknown,Bar
2059,riddhi siddhi,49500,9,2321,$1.11,2,33,https://www.zomato.com/gorakhpur/riddhi-siddhi-dairy-misthan-shakti-nagar-colony,Unknown,Unknown,Unknown,Unknown
2060,restaurants in bandra,49500,4,15048,$0.15,3,28,https://www.zomato.com/mumbai/bandra-west-restaurants,Mumbai,Maharashtra,India,Restaurant
2061,eateries in bandra,49500,5,8019,$0.04,4,25,https://www.zomato.com/mumbai/bandra-west-restaurants,Mumbai,Maharashtra,India,Restaurant
2062,domino's near me,550000,12,975,$0.11,4,44,https://www.zomato.com/ncr/dominos-pizza-3-rohini-new-delhi,Unknown,Unknown,Unknown,Pizza
2063,district centre,49500,11,975,$0.10,3,22,https://www.zomato.com/ncr/restaurants/in/district-centre-janakpuri,Unknown,Unknown,Unknown,Restaurant
2064,coupon code zomato,40500,5,3262,$0.47,1,25,https://www.zomato.com/book/docs/deals,Unknown,Unknown,Unknown,Unknown
2065,best restaurants hyderabad,60500,4,15048,$0.39,8,34,https://www.zomato.com/hyderabad/restaurants,Hyderabad,Telangana,India,Restaurant
2066,bar palladio jaipur,40500,5,4816,$0.65,3,26,https://www.zomato.com/jaipur/bar-palladio-jaipur-narayan-singh-circle,Jaipur,Rajasthan,India,Bar
2067,bar near me near me,49500,2,15048,$0.05,12,24,https://www.zomato.com/bars-near-me,Unknown,Unknown,Unknown,Bar
2068,alex's,49500,8,1267,$0.52,1,34,https://www.zomato.com/hyderabad/alexs-kitchen-himayath-nagar,Hyderabad,Telangana,India,Unknown
2069,hotel taj mahal colaba,49500,12,975,$0.29,53,34,https://www.zomato.com/mumbai/restaurants/in/taj-mahal-palace-colaba,Mumbai,Maharashtra,India,Restaurant
2070,heritage resort in manesar,49500,14,371,$0.13,45,34,https://www.zomato.com/ncr/jharokha-heritage-village-resort-and-spa-manesar-gurgaon,Unknown,Unknown,Unknown,Unknown
2071,taj mahal hotel,49500,14,742,$0.19,10,31,https://www.zomato.com/hyderabad/taj-mahal-hotel-sd-road-secunderabad,Hyderabad,Telangana,India,Hotel
2072,taj lake palace hotel,49500,22,163,$0.15,45,47,https://www.zomato.com/udaipur/restaurants/in/taj-lake-palace-pichola,Unknown,Unknown,Unknown,Restaurant
2073,rama mandi jalandhar,40500,11,975,$0.19,4,19,https://www.zomato.com/jalandhar/rama-mandi-restaurants?category=1,Unknown,Unknown,Unknown,Restaurant
2074,wasabi,40500,19,277,$0.18,2,44,https://www.zomato.com/mumbai/wasabi-by-morimoto-the-taj-mahal-palace-colaba,Mumbai,Maharashtra,India,Unknown
2075,under the neem tree,40500,4,8019,$0,3,18,https://www.zomato.com/ahmedabad/restaurants/in/under-the-neem-trees-bodakdev,Ahmedabad,Gujarat,India,Restaurant
2076,top restaurants in hyderabad,49500,4,15048,$0.06,8,31,https://www.zomato.com/hyderabad/restaurants,Hyderabad,Telangana,India,Restaurant
2077,top restaurants in bangalore,49500,4,15048,$0.07,13,32,https://www.zomato.com/bangalore/restaurants,Bangalore,Karnataka,India,Restaurant
2078,tiffin center near me,49500,8,3262,$0.03,4,21,https://www.zomato.com/bangalore/sln-tiffin-center-yelahanka-bangalore,Bangalore,Karnataka,India,Unknown
2079,the beach terrace,27100,6,4816,$0.38,8,24,https://www.zomato.com/chennai/the-beach-terrace-bay-bar-kitchen-injambakkam,Chennai,Tamil Nadu,India,Bar
2080,sula wine,60500,16,371,$0.16,1,36,https://www.zomato.com/nashik/sula-vineyards-satpur,Unknown,Unknown,Unknown,Unknown
2081,porvorim goa,49500,17,450,$0.34,4,34,https://www.zomato.com/goa/porvorim-restaurants,Goa,Goa,India,Restaurant
2082,nonveg story,49500,15,252,$0,1,32,https://www.zomato.com/sk/jabalpur/the-non-veg-story-civil-lines/menu,Unknown,Unknown,Unknown,Unknown
2083,menu for kfc restaurant,49500,11,742,$0.18,1,20,https://www.zomato.com/hyderabad/kfc-boiguda-secunderabad/menu,Hyderabad,Telangana,India,Unknown
2084,radisson blu hotel new delhi paschim vihar new delhi delhi,49500,24,133,$0.62,8,43,https://www.zomato.com/ncr/level-2-radisson-blu-paschim-vihar-new-delhi,Unknown,Unknown,Unknown,Unknown
2085,pvr pacific mall subhash nagar,49500,19,212,$0.04,3,20,https://www.zomato.com/ncr/pvr-caf%C3%A9-popcorn-pizza-hot-dogs-snacks-subhash-nagar-new-delhi,Unknown,Unknown,Unknown,Pizza
2086,dadar mumbai,49500,12,1267,$0.57,2,33,https://www.zomato.com/mumbai/dadar-west-restaurants,Mumbai,Maharashtra,India,Restaurant
2087,china food,49500,14,742,$0.15,1,51,https://www.zomato.com/ncr/china-food-cool-point-sector-13-dwarka-new-delhi,Unknown,Unknown,Unknown,Unknown
2088,cafe connaught place,49500,4,15048,$0.03,4,20,https://www.zomato.com/ncr/connaught-place-delhi-restaurants/caf%C3%A9,Unknown,Unknown,Unknown,Restaurant
2089,good restaurants hyderabad,49500,4,15048,$0.04,6,33,https://www.zomato.com/hyderabad/restaurants,Hyderabad,Telangana,India,Restaurant
2090,kake da hotel,40500,4,15048,$0,7,28,https://www.zomato.com/ncr/kake-da-hotel-connaught-place-new-delhi,Unknown,Unknown,Unknown,Hotel
2091,jammu wave mall,49500,12,559,$0.03,1,22,https://www.zomato.com/jammu/restaurants/in/wave-mall-channi-himmat,Unknown,Unknown,Unknown,Restaurant
2092,jaipur hotel jaipur,49500,99,103,$0.38,98,35,https://www.zomato.com/jaipur/restaurants,Jaipur,Rajasthan,India,Restaurant
2093,indian dish near me,49500,7,4816,$0.06,10,41,https://www.zomato.com/ncr/delivery/dish-north-indian-meal,Unknown,Unknown,Unknown,Unknown
2094,indian coffee house near me,40500,8,2321,$0.09,3,18,https://www.zomato.com/raipur/restauracje/indian-coffee-house,Unknown,Unknown,Unknown,Coffee
2095,hyatt regency kolkata,49500,13,742,$12.58,26,35,https://www.zomato.com/kolkata/restaurants/in/hyatt-regency,Kolkata,West Bengal,India,Restaurant
2096,hotel india varanasi,60500,14,450,$0.15,98,61,https://www.zomato.com/varanasi/cafe-65-india-hotel-nadesar,Varanasi,Uttar Pradesh,India,Cafe
2097,best restaurants in bangalore,49500,5,8019,$0.24,11,23,https://www.zomato.com/bangalore/restaurants,Bangalore,Karnataka,India,Restaurant
2098,bellandur bangalore,49500,12,742,$0.10,6,21,https://www.zomato.com/bangalore/bellandur-restaurants,Bangalore,Karnataka,India,Restaurant
2099,taj mahal palace mumbai,49500,12,742,$0.22,48,34,https://www.zomato.com/mumbai/restaurants/in/taj-mahal-palace-colaba,Mumbai,Maharashtra,India,Restaurant
2100,taj lake palace hotel in udaipur,40500,21,163,$0.33,37,51,https://www.zomato.com/udaipur/restaurants/in/taj-lake-palace-pichola,Unknown,Unknown,Unknown,Restaurant
2101,taj coromandel hotel chennai,49500,9,1267,$0.53,16,37,https://www.zomato.com/chennai/restaurants/in/taj-coromandel-hotel-nungambakkam,Chennai,Tamil Nadu,India,Restaurant
2102,sb road pune,49500,12,742,$0.18,5,19,https://www.zomato.com/pune/senapati-bapat-road-restaurants,Pune,Maharashtra,India,Restaurant
2103,pali hill bandra,49500,4,8019,$0.13,4,29,https://www.zomato.com/mumbai/pali-hill-bandra-west-restaurants,Mumbai,Maharashtra,India,Restaurant
2104,non veg,49500,13,975,$0.10,1,28,https://www.zomato.com/hyderabad/restaurants/dish-non-veg,Hyderabad,Telangana,India,Restaurant
2105,noida sector 63,40500,10,1267,$0.64,3,26,https://www.zomato.com/ncr/sector-63-noida-restaurants,Unknown,Unknown,Unknown,Restaurant
2106,nexus celebration mall udaipur,49500,8,1267,$0,6,21,https://www.zomato.com/udaipur/restaurants/in/nexus-celebration-mall,Unknown,Unknown,Unknown,Restaurant
2107,monkey bar,49500,5,8019,$0.17,5,34,https://www.zomato.com/ncr/monkey-bar-vasant-kunj-new-delhi,Unknown,Unknown,Unknown,Bar
2108,monginis near me,49500,9,2321,$0.09,6,29,https://www.zomato.com/mumbai/restaurants/monginis,Mumbai,Maharashtra,India,Restaurant
2109,mani biryani hotel hoskote,49500,1,15048,$0,5,21,https://www.zomato.com/bangalore/manis-dum-biryani-hoskote-bangalore,Bangalore,Karnataka,India,Unknown
2110,m3m 65th avenue,60500,4,8019,$0.32,6,33,https://www.zomato.com/ncr/restaurants/in/m3m-65th-avenue,Unknown,Unknown,Unknown,Restaurant
2111,restaurants kerala,49500,6,4816,$0.03,1,23,https://www.zomato.com/kochi/restaurants/kerala,Kochi,Kerala,India,Restaurant
2112,restaurants in kerala,49500,6,4816,$0,5,29,https://www.zomato.com/kochi/restaurants/kerala,Kochi,Kerala,India,Restaurant
2113,radisson blu near me,33100,11,742,$0.26,5,16,https://www.zomato.com/ncr/restaurants/in/radisson-blu-mbd-hotel-sector-18-noida,Unknown,Unknown,Unknown,Restaurant
2114,masterpiece buffet,49500,5,8019,$0.14,6,34,https://www.zomato.com/hyderabad/masterpiece-gachibowli,Hyderabad,Telangana,India,Unknown
2115,hyderabad kukatpally,49500,15,559,$0.13,5,27,https://www.zomato.com/hyderabad/kukatpally-restaurants,Hyderabad,Telangana,India,Restaurant
2116,hotel chola,49500,5,8019,$0.41,48,47,https://www.zomato.com/coimbatore/hotel-chola-peelamedu,Unknown,Unknown,Unknown,Hotel
2117,hotel atithi,49500,10,742,$0.17,6,34,https://www.zomato.com/pune/hotel-atithi-pimpri,Pune,Maharashtra,India,Hotel
2118,detox water,60500,18,292,$0,1,37,https://www.zomato.com/ncr/organic-detox-water-rohini-new-delhi/order,Unknown,Unknown,Unknown,Unknown
2119,chinese food,60500,24,252,$0.55,1,36,https://www.zomato.com/ncr/restaurants/chinese,Unknown,Unknown,Unknown,Restaurant
2120,cafes to visit in rishikesh,49500,13,1267,$0.13,10,20,https://www.zomato.com/rishikesh/caf%C3%A9,Unknown,Unknown,Unknown,Unknown
2121,breweries,49500,8,4816,$0.87,1,46,https://www.zomato.com/bangalore/microbreweries,Bangalore,Karnataka,India,Unknown
2122,best restaurants in hyderabad,60500,4,15048,$0.33,9,26,https://www.zomato.com/hyderabad/restaurants,Hyderabad,Telangana,India,Restaurant
2123,best restaurant in bengaluru,49500,5,8019,$0.07,13,36,https://www.zomato.com/bangalore/restaurants,Bangalore,Karnataka,India,Restaurant
2124,andhra food near me,49500,4,15048,$0.14,4,21,https://www.zomato.com/andhra-restaurants-near-me,Unknown,Unknown,Unknown,Restaurant
2125,alina's,40500,7,3262,$0.05,1,21,https://www.zomato.com/hyderabad/alina-kitchen-basheer-bagh,Hyderabad,Telangana,India,Unknown
2126,haldiram connaught place,40500,2,8019,$0.15,4,27,https://www.zomato.com/ncr/haldirams-connaught-place-new-delhi,Unknown,Unknown,Unknown,Unknown
2127,eatery in bandra,49500,5,8019,$0.04,3,19,https://www.zomato.com/mumbai/bandra-west-restaurants,Mumbai,Maharashtra,India,Restaurant
2128,trident hotel udaipur,40500,23,97,$1.14,39,37,https://www.zomato.com/udaipur/aravalli-the-trident-pichola,Unknown,Unknown,Unknown,Unknown
2129,st regis mumbai,40500,11,995,$0.29,54,42,https://www.zomato.com/mumbai/restaurants/in/the-st-regis-lower-parel,Mumbai,Maharashtra,India,Restaurant
2130,sheraton grand pune bund garden hotel,33100,12,589,$0.22,12,18,https://www.zomato.com/pune/restaurants/in/sheraton-grand-bund-garden-road,Pune,Maharashtra,India,Restaurant
2131,sankalp restaurants,40500,8,2668,$0.09,2,21,https://www.zomato.com/ahmedabad/sankalp-c-g-road,Ahmedabad,Gujarat,India,Unknown
2132,royal orchid resort bangalore,40500,11,607,$0.15,14,22,https://www.zomato.com/bangalore/verve-royal-orchid-resort-yelahanka-bangalore,Bangalore,Karnataka,India,Unknown
2133,roasted,40500,11,1368,$0,1,43,https://www.zomato.com/ncr/roasted-by-roseate-vasant-kunj-new-delhi,Unknown,Unknown,Unknown,Unknown
2134,restaurant cafe near me,33100,4,12312,$0.24,11,18,https://www.zomato.com/cafes-near-me,Unknown,Unknown,Unknown,Cafe
2135,mantri square,40500,7,1899,$0.28,1,31,https://www.zomato.com/bangalore/restaurants/in/mantri-square-malleshwaram,Bangalore,Karnataka,India,Restaurant
2136,mandi biryani,40500,11,1899,$0.38,1,31,https://www.zomato.com/bangalore/restaurants/mandi,Bangalore,Karnataka,India,Restaurant
2137,m3m ifc,40500,4,3940,$0.58,5,32,https://www.zomato.com/ncr/restaurants/in/m3m-international-financial-center,Unknown,Unknown,Unknown,Restaurant
2138,lunch near me,33100,8,2668,$0.32,10,26,https://www.zomato.com/mumbai/best-lunch-in-navi-mumbai,Mumbai,Maharashtra,India,Unknown
2139,radisson blu mumbai international airport,40500,11,607,$0.47,20,24,https://www.zomato.com/mumbai/restaurants/in/radisson-blu-mumbai-international-airport,Mumbai,Maharashtra,India,Restaurant
2140,pali village,40500,5,1899,$0.08,4,32,https://www.zomato.com/mumbai/pali-village-mira-road,Mumbai,Maharashtra,India,Unknown
2141,p near me,40500,6,1899,$0,1,38,https://www.zomato.com/dehradun/p-for-pizza-karanpur,Dehradun,Uttarakhand,India,Pizza
2142,dream cake,49500,13,1036,$0.13,10,36,https://www.zomato.com/kolkata/dream-cake-belghoria/order,Kolkata,West Bengal,India,Unknown
2143,diners restaurant near me,40500,3,12312,$0.05,15,22,https://www.zomato.com/restaurants-near-me,Unknown,Unknown,Unknown,Restaurant
2144,cha ya,40500,2,12312,$0.45,1,39,https://www.zomato.com/mumbai/cha-ya-its-a-cup-of-tea-borivali-west,Mumbai,Maharashtra,India,Unknown
2145,bur ka image,40500,10,457,$0.01,1,26,https://www.zomato.com/bangalore/so-bur-1-btm-bangalore/photos,Bangalore,Karnataka,India,Unknown
2146,kanchi cafe,40500,4,12312,$0.24,3,20,https://www.zomato.com/hyderabad/kanchi-cafe-hitech-city,Hyderabad,Telangana,India,Cafe
2147,juice close to me,40500,5,12312,$0.07,1,39,https://www.zomato.com/bangalore/restaurants/juices,Bangalore,Karnataka,India,Restaurant
2148,itc gardenia restaurants,40500,4,12312,$0.79,46,26,https://www.zomato.com/bangalore/restaurants/in/itc-gardenia-residency-road,Bangalore,Karnataka,India,Restaurant
2149,irani cafe near me,33100,4,12312,$0,7,17,https://www.zomato.com/mumbai/irani-cafe,Mumbai,Maharashtra,India,Cafe
2150,grt hotels chennai,40500,15,368,$0.24,28,34,https://www.zomato.com/chennai/restaurants/in/grand-by-grt-hotels,Chennai,Tamil Nadu,India,Restaurant
2151,feathers hotel chennai,40500,10,1036,$0.25,23,32,https://www.zomato.com/chennai/waterside-feathers-a-radha-hotel-ramapuram,Chennai,Tamil Nadu,India,Hotel
2152,bar open near me now,40500,5,12312,$0.05,6,43,https://www.zomato.com/bars-near-me,Unknown,Unknown,Unknown,Bar
2153,amar juice centre,33100,4,12312,$0,4,24,https://www.zomato.com/mumbai/amar-fast-food-juice-centre-vile-parle-west,Mumbai,Maharashtra,India,Fast Food
2154,the lalit great eastern,40500,10,1036,$0.47,24,33,https://www.zomato.com/kolkata/restaurants/in/the-lalit-great-eastern-esplanade,Kolkata,West Bengal,India,Restaurant
2155,the claridges delhi,40500,16,238,$0.58,13,36,https://www.zomato.com/ncr/restaurants/in/the-claridges-lodhi-road,Unknown,Unknown,Unknown,Restaurant
2156,taj city centre gurugram,40500,22,133,$0.24,15,22,https://www.zomato.com/ncr/restaurants/in/taj-city-centre-gurugram-sector-44-gurgaon,Unknown,Unknown,Unknown,Restaurant
2157,spice garden,33100,5,12312,$0.29,6,29,https://www.zomato.com/hyderabad/the-spice-garden-gachibowli,Hyderabad,Telangana,India,Unknown
2158,sizzler,40500,19,238,$0.60,1,43,https://www.zomato.com/surat/delivery/dish-sizzler,Surat,Gujarat,India,Unknown
2159,the irish,40500,6,2668,$0,1,76,https://www.zomato.com/mumbai/the-irish-house-vile-parle-east,Mumbai,Maharashtra,India,Unknown
2160,the forest club resort,40500,24,97,$0.05,44,31,https://www.zomato.com/karjat/the-forest-club-resort-wooden-spoon-karjat-locality/order,Unknown,Unknown,Unknown,Unknown
2161,southside india,135000,6,2668,$0.05,1,27,https://www.zomato.com/kochi/southside-fort-kochi,Kochi,Kerala,India,Unknown
2162,restaurants in hyderabad,33100,4,12312,$0.26,7,25,https://www.zomato.com/hyderabad/restaurants,Hyderabad,Telangana,India,Restaurant
2163,restaurant hyderabad,40500,4,12312,$0.06,6,42,https://www.zomato.com/hyderabad/restaurants,Hyderabad,Telangana,India,Restaurant
2164,restaurant at anna nagar,49500,6,3940,$0.09,5,21,https://www.zomato.com/chennai/best-anna-nagar-west-restaurants,Chennai,Tamil Nadu,India,Restaurant
2165,ratna cafe,33100,5,12312,$0,3,28,https://www.zomato.com/chennai/ratna-cafe-triplicane,Chennai,Tamil Nadu,India,Cafe
2166,non vegetarian restaurant near me,40500,6,3940,$0.04,7,27,https://www.zomato.com/restaurants-near-me,Unknown,Unknown,Unknown,Restaurant
2167,near bar and restaurants,40500,4,12312,$0.17,15,27,https://www.zomato.com/bars-near-me,Unknown,Unknown,Unknown,Bar
2168,sector 91,40500,8,1368,$0.08,5,20,https://www.zomato.com/chandigarh/sector-91-mohali-restaurants,Chandigarh,Chandigarh,India,Restaurant
2169,sector 43 chandigarh,40500,12,797,$0.32,4,19,https://www.zomato.com/chandigarh/best-sector-43-chandigarh-restaurants,Chandigarh,Chandigarh,India,Restaurant
2170,satya niketan,40500,5,6561,$0,3,31,https://www.zomato.com/ncr/best-satyaniketan-restaurants,Unknown,Unknown,Unknown,Restaurant
2171,saheed nagar bhubaneswar,40500,10,607,$0.09,5,19,https://www.zomato.com/bhubaneswar/sahid-nagar-restaurants,Unknown,Unknown,Unknown,Restaurant
2172,lucknow hyatt,40500,48,85,$0.75,28,30,https://www.zomato.com/lucknow/rocca-hyatt-regency-lucknow-gomti-nagar/menu,Lucknow,Uttar Pradesh,India,Unknown
2173,kosmo cafe,27100,4,12312,$0.21,10,26,https://www.zomato.com/chennai/kosmo-cafe-alwarpet,Chennai,Tamil Nadu,India,Cafe
2174,dining in hyderabad,40500,4,12312,$0.06,7,33,https://www.zomato.com/hyderabad/restaurants,Hyderabad,Telangana,India,Restaurant
2175,corn er,40500,10,1036,$0.11,1,60,https://www.zomato.com/mumbai/rajesh-corn-corner-goregaon-west,Mumbai,Maharashtra,India,Unknown
2176,britannia co,40500,11,1036,$0.07,1,44,https://www.zomato.com/mumbai/britannia-co-restaurant-since-1923-fort,Mumbai,Maharashtra,India,Restaurant
2177,bengali market delhi,40500,5,6561,$0,1,20,https://www.zomato.com/ncr/restaurants/in/bengali-market-mandi-house,Unknown,Unknown,Unknown,Restaurant
2178,ben's,40500,9,1036,$0.15,1,66,https://www.zomato.com/hyderabad/bens-town-food-court-musheerabad,Hyderabad,Telangana,India,Unknown
2179,bangalore old airport road,40500,15,368,$0.18,6,21,https://www.zomato.com/bangalore/old-airport-road-restaurants,Bangalore,Karnataka,India,Restaurant
2180,arabia mandi,40500,4,12312,$0.04,3,21,https://www.zomato.com/puducherry/arabia-mandi-mg-road,Unknown,Unknown,Unknown,Unknown
2181,anand sweets near me,40500,5,6561,$0.10,6,19,https://www.zomato.com/bangalore/anand-sweets-and-savouries-airport-road-bangalore,Bangalore,Karnataka,India,Unknown
2182,cafe indiranagar bangalore,40500,6,6561,$0.05,15,20,https://www.zomato.com/bangalore/indiranagar-restaurants/caf%C3%A9,Bangalore,Karnataka,India,Restaurant
2183,hilton mumbai airport,40500,21,133,$0.34,16,30,https://www.zomato.com/mumbai/restaurants/in/hilton-mumbai-international-airport-chakala,Mumbai,Maharashtra,India,Restaurant
2184,healthy meals near me,40500,4,12312,$0.11,13,20,https://www.zomato.com/healthy-food-restaurants-near-me,Unknown,Unknown,Unknown,Restaurant
2185,healthy eats near me,33100,4,12312,$0.37,3,15,https://www.zomato.com/healthy-food-restaurants-near-me,Unknown,Unknown,Unknown,Restaurant
2186,grt hotel in t nagar,40500,8,1036,$0.52,22,22,https://www.zomato.com/chennai/steam-whistles-grand-by-grt-hotels-t-nagar,Chennai,Tamil Nadu,India,Hotel
2187,grt grand t nagar chennai,40500,6,1368,$0.49,22,21,https://www.zomato.com/chennai/restaurants/in/grand-by-grt-hotels,Chennai,Tamil Nadu,India,Restaurant
2188,girlfriend mandi,33100,5,12312,$0.08,10,31,https://www.zomato.com/hyderabad/girl-friend-mandi-gachibowli,Hyderabad,Telangana,India,Unknown
2189,fried chicken near me,33100,5,6561,$0.21,2,15,https://www.zomato.com/bangalore/restaurants/fried-chicken,Bangalore,Karnataka,India,Restaurant
2190,fatafat review,33100,11,607,$0,1,28,https://www.zomato.com/pl/bangalore/fatafat-jayanagar/reviews?amp=1,Bangalore,Karnataka,India,Unknown
2191,veena stores,40500,3,12312,$0,3,31,https://www.zomato.com/bangalore/veena-stores-since-1977-malleshwaram-bangalore,Bangalore,Karnataka,India,Unknown
2192,v r punjab,40500,9,797,$0.05,4,19,https://www.zomato.com/chandigarh/restaurants/in/vr-punjab-kharar-road,Chandigarh,Chandigarh,India,Restaurant
2193,sri krishna sweets near me,33100,8,1899,$0.12,3,15,https://www.zomato.com/bangalore/sri-krishna-sweets-basavanagudi,Bangalore,Karnataka,India,Unknown
2194,bus station 43 chandigarh,33100,20,174,$0.14,4,20,https://www.zomato.com/chandigarh/restaurants/near/sector-43-bus-standsector-43-bus-standsector-43-bus-stand,Chandigarh,Chandigarh,India,Restaurant
2195,bombay meri jaan,49500,9,1368,$0.01,1,27,https://www.zomato.com/hi/ncr/bombay-meri-jaan-saket-new-delhi,Unknown,Unknown,Unknown,Unknown
2196,mani dum biryani,33100,5,6561,$0.63,2,23,https://www.zomato.com/manisbelandur,Unknown,Unknown,Unknown,Unknown
2197,maharashtra sadan in delhi,40500,6,6561,$0.04,1,20,https://www.zomato.com/ncr/maharashtra-sadan-chanakyapuri-new-delhi,Unknown,Unknown,Unknown,Unknown
2198,legacy brewing company,18100,3,12312,$0.18,3,23,https://www.zomato.com/bangalore/legacy-brewing-company-1-rajarajeshwari-nagar-bangalore,Bangalore,Karnataka,India,Unknown
2199,lassi shops,33100,7,6561,$0.10,1,22,https://www.zomato.com/visakhapatnam/lassi-shop-maharani-peta-vizag,Unknown,Unknown,Unknown,Unknown
2200,ks bakers,40500,7,2668,$0.17,5,32,https://www.zomato.com/hyderabad/ks-bakers-kukatpally,Hyderabad,Telangana,India,Unknown
2201,saheed nagar,40500,18,226,$0,4,32,https://www.zomato.com/bhubaneswar/sahid-nagar-restaurants,Unknown,Unknown,Unknown,Restaurant
2202,restaurants chennai anna nagar,40500,6,3940,$0.04,7,23,https://www.zomato.com/chennai/best-anna-nagar-west-restaurants,Chennai,Tamil Nadu,India,Restaurant
2203,residency towers chennai,40500,19,206,$0.15,35,36,https://www.zomato.com/chennai/restaurants/in/the-residency-towers-t-nagar,Chennai,Tamil Nadu,India,Restaurant
2204,raja garden,40500,7,3940,$0,4,32,https://www.zomato.com/ncr/raja-garden-delhi-restaurants,Unknown,Unknown,Unknown,Restaurant
2205,pvr dynamix mall juhu mumbai,33100,36,85,$0,5,16,https://www.zomato.com/mumbai/pvr-caf%C3%A9-popcorn-pizza-hot-dogs-snacks-juhu,Mumbai,Maharashtra,India,Pizza
2206,pune bund garden,40500,17,238,$0.43,6,18,https://www.zomato.com/pune/best-bund-garden-road-restaurants,Pune,Maharashtra,India,Restaurant
2207,old airport road bangalore,40500,11,607,$0.13,5,20,https://www.zomato.com/bangalore/old-airport-road-restaurants,Bangalore,Karnataka,India,Restaurant
2208,food restaurants in hyderabad,40500,5,12312,$0.05,10,31,https://www.zomato.com/hyderabad/restaurants,Hyderabad,Telangana,India,Restaurant
2209,dessert therapy,27100,4,12312,$0,9,29,https://www.zomato.com/mumbai/dessert-therapy-pali-hill-bandra-west,Mumbai,Maharashtra,India,Dessert
2210,indian hotels mumbai,40500,46,85,$0.61,91,37,https://www.zomato.com/mumbai/indian-hotel-mumbai-central/order,Mumbai,Maharashtra,India,Hotel
2211,hyatt hotels in pune,40500,47,85,$0.95,13,37,https://www.zomato.com/pune/restaurants/in/the-hyatt-regency-nagar-road,Pune,Maharashtra,India,Restaurant
2212,hotel pali village,40500,8,1036,$0.17,4,20,https://www.zomato.com/mumbai/pali-village-mira-road,Mumbai,Maharashtra,India,Unknown
2213,hotel annapoorna,40500,4,12312,$0.16,1,31,https://www.zomato.com/bangalore/hotel-annapoorna-majestic,Bangalore,Karnataka,India,Hotel
2214,kfc offers today,40500,10,797,$0.08,3,26,https://www.zomato.com/ncr/restaurants/kfc?category=1,Unknown,Unknown,Unknown,Restaurant
2215,baner gaon,33100,16,303,$0,8,30,https://www.zomato.com/pune/dine-out-in-baner-gaon,Pune,Maharashtra,India,Unknown
2216,80 feet road,40500,12,607,$0.14,4,28,https://www.zomato.com/bangalore/lunch-in-80-feet-road-hal-2nd-stage,Bangalore,Karnataka,India,Unknown
2217,trident udaipur,40500,27,91,$0.56,41,43,https://www.zomato.com/udaipur/aravalli-the-trident-pichola,Unknown,Unknown,Unknown,Unknown
2218,trident hotel nariman point mumbai,40500,16,303,$0.67,40,41,https://www.zomato.com/mumbai/restaurants/in/trident-nariman-point,Mumbai,Maharashtra,India,Restaurant
2219,sal's,40500,9,1036,$1.54,1,33,https://www.zomato.com/ncr/sals-diner-3-sector-72-noida,Unknown,Unknown,Unknown,Unknown
2220,restaurants hyderabad,33100,4,12312,$0.17,8,30,https://www.zomato.com/hyderabad/restaurants,Hyderabad,Telangana,India,Restaurant
2221,trident hyderabad,22200,11,607,$2.21,61,43,https://www.zomato.com/hyderabad/restaurants/in/trident-hotel-hitech-city,Hyderabad,Telangana,India,Restaurant
2222,the westin pune koregaon park,40500,25,97,$0.47,11,21,https://www.zomato.com/pune/restaurants/in/the-westin-mundhwa,Pune,Maharashtra,India,Restaurant
2223,sweet up,40500,13,457,$0.15,1,28,https://www.zomato.com/bangalore/up-bhavan-sweets-hoskote-bangalore,Bangalore,Karnataka,India,Unknown
2224,mandi arabian,2900,8,3940,$0.01,1,27,https://www.zomato.com/bangalore/mandi-king-arabian-restaurant-kammanahalli-bangalore,Bangalore,Karnataka,India,Restaurant
2225,manam,33100,18,303,$0.29,2,41,https://www.zomato.com/ncr/manam-chocolate-malviya-nagar-new-delhi,Unknown,Unknown,Unknown,Unknown
2226,logix city center noida,33100,2,6561,$0.11,4,21,https://www.zomato.com/ncr/restaurants/in/logix-city-centre-sector-32,Unknown,Unknown,Unknown,Restaurant
2227,hyatt regency jaipur mansarovar,40500,7,1899,$6.34,19,23,https://www.zomato.com/jaipur/restaurants/in/hyatt-regency-jaipur-mansarovar,Jaipur,Rajasthan,India,Restaurant
2228,pvr vikaspuri delhi,33100,10,607,$0.04,5,24,https://www.zomato.com/ncr/restaurants/in/pvr-vikaspuri,Unknown,Unknown,Unknown,Restaurant
2229,prestige trade tower,40500,3,12312,$0.01,2,26,https://www.zomato.com/bangalore/restaurants/in/prestige-trade-tower-race-course-road,Bangalore,Karnataka,India,Restaurant
2230,padmanabha nagar,33100,48,85,$0.09,7,33,https://www.zomato.com/bangalore/dinner-in-padmanabhanagar,Bangalore,Karnataka,India,Unknown
2231,okhla mandi,33100,13,797,$0,9,30,https://www.zomato.com/ncr/delivery-in-okhla-phase-3/dish-mandi,Unknown,Unknown,Unknown,Unknown
2232,mattancherry,33100,22,174,$0.11,3,41,https://www.zomato.com/kochi/mattancherry-restaurants,Kochi,Kerala,India,Restaurant
2233,citrus trail,33100,2,6561,$0.02,1,34,https://www.zomato.com/bangalore/citrus-trail-farm-kitchen-bommasandra-bangalore,Bangalore,Karnataka,India,Unknown
2234,candles brewhouse,40500,3,12312,$0,4,32,https://www.zomato.com/bangalore/candles-brewhouse-hebbal-bangalore,Bangalore,Karnataka,India,Unknown
2235,buhari hotel chennai,33100,6,6561,$0.07,7,22,https://www.zomato.com/chennai/buhari-hotel-t-nagar,Chennai,Tamil Nadu,India,Hotel
2236,hotel le meridien coimbatore,40500,16,238,$0.14,26,25,https://www.zomato.com/coimbatore/latest-recipe-le-meridien-neelambur,Unknown,Unknown,Unknown,Unknown
2237,hotel lakend,40500,18,206,$0.11,45,44,https://www.zomato.com/udaipur/hotel-lakend-gourmet-fateh-sagar,Unknown,Unknown,Unknown,Hotel
2238,good shepherd auditorium,27100,7,1899,$0,14,26,https://www.zomato.com/bangalore/good-shepherd-auditorium-1-brigade-road-bangalore,Bangalore,Karnataka,India,Unknown
2239,brahma brews,33100,3,12312,$0.10,5,29,https://www.zomato.com/bangalore/brahma-brews-jp-nagar-bangalore,Bangalore,Karnataka,India,Unknown
2240,bhubaneswar sahid nagar,40500,31,85,$0.09,5,19,https://www.zomato.com/bhubaneswar/odisha-hotel-sahid-nagar-bhubaneshwar,Unknown,Unknown,Unknown,Hotel
2241,azad hind restaurant kolkata,40500,5,6561,$0.04,2,22,https://www.zomato.com/kolkata/azad-hind-dhaba-hindustan-park,Kolkata,West Bengal,India,Unknown
2242,apna sweets indore,33100,6,3940,$0.15,6,24,https://www.zomato.com/indore/apna-sweets-old-palasia,Indore,Madhya Pradesh,India,Unknown
2243,amar juice center mumbai,33100,4,12312,$0.06,3,22,https://www.zomato.com/mumbai/amar-fast-food-juice-centre-vile-parle-west,Mumbai,Maharashtra,India,Fast Food
2244,23rd street pizza,12100,4,6561,$0.51,9,46,https://www.zomato.com/bangalore/23rd-street-pizza-ashok-nagar-bangalore,Bangalore,Karnataka,India,Pizza
2245,cafe madras matunga,40500,3,12312,$0,4,27,https://www.zomato.com/mumbai/cafe-madras-matunga-east,Mumbai,Maharashtra,India,Cafe
2246,sher e punjab dhaba,33100,4,12312,$0,1,15,https://www.zomato.com/raipur/sher-e-punjab-dhaba-2-bhanpuri,Unknown,Unknown,Unknown,Unknown
2247,sector 54 gurgaon,40500,10,1368,$0.17,6,20,https://www.zomato.com/ncr/sector-54-gurgaon-gurugram-restaurants,Unknown,Unknown,Unknown,Restaurant
2248,scoops,49500,7,3940,$0.02,1,46,https://www.zomato.com/hyderabad/restaurants/scoops-ice-cream,Hyderabad,Telangana,India,Restaurant
2249,vasant square mall,40500,1,12312,$0.12,4,16,https://www.zomato.com/ncr/restaurants/in/vasant-square-mall-vasant-kunj,Unknown,Unknown,Unknown,Restaurant
2250,the skyview 10,22200,19,206,$0.27,17,25,https://www.zomato.com/hyderabad/restaurants/in/the-skyview,Hyderabad,Telangana,India,Restaurant
2251,tablespoon,40500,11,797,$0.01,13,47,https://www.zomato.com/ncr/tbsp-tablespoon-saket-new-delhi,Unknown,Unknown,Unknown,Unknown
2252,sunburn union,40500,7,3940,$0,4,32,https://www.zomato.com/bangalore/sunburn-union-koramangala-6th-block-bangalore,Bangalore,Karnataka,India,Unknown
2253,monastery,40500,17,238,$0,2,44,https://www.zomato.com/hyderabad/monastery-hitech-city,Hyderabad,Telangana,India,Unknown
2254,last house by the lake,33100,3,12312,$0.22,4,38,https://www.zomato.com/hyderabad/lasthouse-by-the-lake-jubilee-hills,Hyderabad,Telangana,India,Unknown
2255,rock hard cafe,33100,7,3940,$0.16,2,33,https://www.zomato.com/ncr/hard-rock-cafe-connaught-place-new-delhi,Unknown,Unknown,Unknown,Cafe
2256,restaurants in bangalore india,40500,5,12312,$0.24,10,21,https://www.zomato.com/bangalore/restaurants,Bangalore,Karnataka,India,Restaurant
2257,restaurant and cafes near me,40500,4,12312,$0.04,13,20,https://www.zomato.com/restaurants-near-me,Unknown,Unknown,Unknown,Restaurant
2258,radisson blu hotel egmore chennai,40500,7,1368,$0.55,21,38,https://www.zomato.com/chennai/restaurants/in/radisson-blu-egmore,Chennai,Tamil Nadu,India,Restaurant
2259,race course road,40500,7,2668,$0.13,5,24,https://www.zomato.com/bangalore/race-course-road-restaurants,Bangalore,Karnataka,India,Restaurant
2260,rabari colony ahmedabad,33100,39,85,$0,9,25,https://www.zomato.com/ahmedabad/gayatri-restaurant-amraiwadi,Ahmedabad,Gujarat,India,Restaurant
2261,good shepherd auditorium bangalore,27100,7,1899,$0,8,16,https://www.zomato.com/bangalore/good-shepherd-auditorium-1-brigade-road-bangalore,Bangalore,Karnataka,India,Unknown
2262,donuts doughnuts,40500,11,2668,$0.05,1,22,https://www.zomato.com/hyderabad/restaurants/dish-doughnuts,Hyderabad,Telangana,India,Restaurant
2263,diner restaurant near me,1300,3,6561,$0.08,10,21,https://www.zomato.com/hyderabad/restaurants,Hyderabad,Telangana,India,Restaurant
2264,delhi itc maurya,40500,37,85,$0.63,40,37,https://www.zomato.com/ncr/bukhara-itc-maurya-chanakyapuri-new-delhi,Unknown,Unknown,Unknown,Unknown
2265,crowne plaza in kochi,40500,25,93,$0.32,26,23,https://www.zomato.com/kochi/restaurants/in/crowne-plaza-kochi,Kochi,Kerala,India,Restaurant
2266,kala ghoda cafe fort,33100,3,12312,$0.35,8,22,https://www.zomato.com/mumbai/kala-ghoda-cafe-fort,Mumbai,Maharashtra,India,Cafe
2267,itc gardenia,40500,7,1899,$0.23,47,45,https://www.zomato.com/bangalore/restaurants/in/itc-gardenia-residency-road,Bangalore,Karnataka,India,Restaurant
2268,indira canteens,40500,12,1036,$0.06,4,18,https://www.zomato.com/bangalore/restaurants/indira-canteen,Bangalore,Karnataka,India,Restaurant
2269,hyd restaurants,40500,4,12312,$0.06,13,31,https://www.zomato.com/hyderabad/restaurants,Hyderabad,Telangana,India,Restaurant
2270,big pitcher indiranagar,40500,3,12312,$0.02,6,27,https://www.zomato.com/bangalore/big-pitcher-airport-road,Bangalore,Karnataka,India,Unknown
2271,bar near me open now,40500,4,12312,$0.06,10,24,https://www.zomato.com/bars-near-me,Unknown,Unknown,Unknown,Bar
2272,7 sisters,40500,11,607,$0.11,2,31,https://www.zomato.com/hyderabad/7-sisters-banjara-hills,Hyderabad,Telangana,India,Unknown
2273,cakes near me,40500,5,6561,$0.17,96,54,https://www.zomato.com/bakeries-near-me,Unknown,Unknown,Unknown,Bakery
2274,vishnu cinemas,40500,14,303,$0.05,1,30,https://www.zomato.com/cs/vellore/sri-vishnu-cinemas-gandhi-nagar,Unknown,Unknown,Unknown,Unknown
2275,urban square,27100,18,303,$1.85,9,29,https://www.zomato.com/udaipur/spice-by-urban-square-sukher,Unknown,Unknown,Unknown,Unknown
2276,truffles indiranagar,40500,3,12312,$0,6,32,https://www.zomato.com/bangalore/truffles-indiranagar,Bangalore,Karnataka,India,Unknown
2277,trident mumbai nariman point,33100,84,85,$0.54,59,32,https://www.zomato.com/mumbai/restaurants,Mumbai,Maharashtra,India,Restaurant
2278,the lalit great eastern hotel kolkata,40500,19,206,$0.49,21,40,https://www.zomato.com/kolkata/restaurants/in/the-lalit-great-eastern-esplanade,Kolkata,West Bengal,India,Restaurant
2279,the corinthians resort and club pune,40500,29,85,$0.28,24,25,https://www.zomato.com/pune/restaurants/in/corinthians-kondhwa,Pune,Maharashtra,India,Restaurant
2280,snowberry,40500,6,6561,$0.07,1,27,https://www.zomato.com/ncr/snowberry-artisanal-desserts-connaught-place-new-delhi,Unknown,Unknown,Unknown,Dessert
2281,snacks near me,33100,5,12312,$0.39,2,23,https://www.zomato.com/snacks-restaurants-near-me,Unknown,Unknown,Unknown,Restaurant
2282,sheraton grand pune hotel,40500,21,133,$0.76,9,32,https://www.zomato.com/pune/feast-sheraton-grand-bund-garden,Pune,Maharashtra,India,Unknown
2283,sector 90,40500,18,303,$0.10,7,19,https://www.zomato.com/ncr/sector-90-restaurants,Unknown,Unknown,Unknown,Restaurant
2284,sector 60 noida,40500,5,3940,$0.14,6,20,https://www.zomato.com/ncr/best-sector-60-noida-restaurants,Unknown,Unknown,Unknown,Restaurant
2285,seafood,40500,48,85,$0.28,4,45,https://www.zomato.com/bangalore/restaurants/sea-food,Bangalore,Karnataka,India,Restaurant
2286,sea shell,40500,31,85,$0.06,27,39,https://www.zomato.com/chennai/savoury-sea-shell-anna-nagar-east,Chennai,Tamil Nadu,India,Unknown
2287,godrej waterside,33100,14,607,$0.38,9,14,https://www.zomato.com/kolkata/restaurants/in/godrej-waterside,Kolkata,West Bengal,India,Restaurant
2288,fnp cakes,40500,7,2668,$0.21,99,60,https://www.zomato.com/ncr/fnp-cakes-by-ferns-n-petals-mayur-vihar-new-delhi,Unknown,Unknown,Unknown,Unknown
2289,family restaurant close to me,40500,4,12312,$0.05,14,31,https://www.zomato.com/restaurants-near-me,Unknown,Unknown,Unknown,Restaurant
2290,delhi bengali market,40500,5,6561,$0,1,21,https://www.zomato.com/ncr/restaurants/in/bengali-market-mandi-house,Unknown,Unknown,Unknown,Restaurant
2291,oberoi udaipur,40500,64,85,$0.34,41,43,https://www.zomato.com/udaipur/chandni-oberoi-udaivilas-pichola,Unknown,Unknown,Unknown,Unknown
2292,nearby restaurants and bars,480,4,12312,$0.14,14,30,https://www.zomato.com/restaurants-near-me,Unknown,Unknown,Unknown,Restaurant
2293,momos shop near me,33100,5,12312,$0.27,4,16,https://www.zomato.com/bangalore/restaurants/momos,Bangalore,Karnataka,India,Restaurant
2294,meat store near me,720,7,3940,$0.19,18,36,https://www.zomato.com/raw-meats-restaurants-near-me,Unknown,Unknown,Unknown,Restaurant
2295,maharashtra sadan,40500,7,3940,$0.09,2,20,https://www.zomato.com/ncr/maharashtra-sadan-chanakyapuri-new-delhi,Unknown,Unknown,Unknown,Unknown
2296,sarovar,40500,18,303,$0.11,4,45,https://www.zomato.com/mumbai/sarovar-near-andheri-east-station,Mumbai,Maharashtra,India,Unknown
2297,restaurants in anna nagar chennai,40500,10,1899,$0.09,6,23,https://www.zomato.com/chennai/delivery-in-anna-nagar,Chennai,Tamil Nadu,India,Unknown
2298,restaurant in hyderabad india,40500,4,12312,$0.06,6,37,https://www.zomato.com/hyderabad/restaurants,Hyderabad,Telangana,India,Restaurant
2299,restaurant anna nagar,49500,7,2668,$0.04,4,29,https://www.zomato.com/chennai/delivery-in-anna-nagar,Chennai,Tamil Nadu,India,Unknown
2300,raipur city centre,40500,16,238,$0.12,4,24,https://www.zomato.com/raipur/restaurants/in/city-centre-mall-devendra-nagar,Unknown,Unknown,Unknown,Restaurant
2301,pure vegetarian hotels near me,40500,7,3940,$0.04,7,22,https://www.zomato.com/restaurants-near-me,Unknown,Unknown,Unknown,Restaurant
2302,peter cat,40500,3,12312,$0,5,32,https://www.zomato.com/kolkata/peter-cat-park-street-area,Kolkata,West Bengal,India,Unknown
2303,habitat,49500,18,303,$0.42,1,45,https://www.zomato.com/mumbai/the-habitat-canteen-khar/order,Mumbai,Maharashtra,India,Unknown
2304,gurgaon sadar bazar,33100,28,93,$0.82,10,26,https://www.zomato.com/ncr/sadar-bazar-gurgaon-restaurants,Unknown,Unknown,Unknown,Restaurant
2305,indira canteen,40500,9,2668,$0.06,4,19,https://www.zomato.com/bangalore/restaurants/indira-canteen,Bangalore,Karnataka,India,Restaurant
2306,indian mall delhi,40500,11,1368,$0.06,6,41,https://www.zomato.com/ncr/restaurants/in/the-india-mall-new-friends-colony,Unknown,Unknown,Unknown,Restaurant
2307,hyderabad restaurant india,10,4,12312,$0,1,13,https://www.zomato.com/hyderabad/restaurants,Hyderabad,Telangana,India,Restaurant
2308,city centre mall raipur chhattisgarh,40500,27,85,$0.12,4,22,https://www.zomato.com/raipur/restaurants/in/city-centre-mall-devendra-nagar,Unknown,Unknown,Unknown,Restaurant
2309,chocolate box,40500,37,85,$0.12,95,59,https://www.zomato.com/ncr/1st-crush-chocolates-alaknanda-new-delhi/order,Unknown,Unknown,Unknown,Unknown
2310,cafeteria restaurants near me,33100,6,12312,$0.19,9,17,https://www.zomato.com/cafes-near-me,Unknown,Unknown,Unknown,Cafe
2311,cafes in indiranagar,33100,8,2668,$0,11,26,https://www.zomato.com/bangalore/indiranagar-restaurants/caf%C3%A9,Bangalore,Karnataka,India,Restaurant
2312,baker street,40500,6,2668,$0,4,32,https://www.zomato.com/puducherry/baker-street-mg-road,Unknown,Unknown,Unknown,Unknown
2313,1st main road,40500,10,797,$0.14,4,18,https://www.zomato.com/chennai/1st-main-road-jaya-nagar-restaurants/continental,Chennai,Tamil Nadu,India,Restaurant
2314,wine store near me,40500,4,12312,$0,1,17,https://www.zomato.com/kolkata/restaurants/dish-wine,Kolkata,West Bengal,India,Restaurant
2315,the claridges hotel,40500,6,2668,$0.68,15,44,https://www.zomato.com/ncr/restaurants/in/the-claridges-lodhi-road,Unknown,Unknown,Unknown,Restaurant
2316,taj fisherman's cove resort & spa chennai,40500,13,457,$0.41,25,24,https://www.zomato.com/chennai/restaurants/in/taj-fishermans-cove-resort-spa-kanchipuram-district,Chennai,Tamil Nadu,India,Restaurant
2317,status restaurant,33100,4,12312,$1.35,4,29,https://www.zomato.com/mumbai/status-veg-restaurant-nariman-point,Mumbai,Maharashtra,India,Restaurant
2318,social church street bangalore,40500,1,12312,$0.27,5,21,https://www.zomato.com/ChurchStreetSocial,Unknown,Unknown,Unknown,Unknown
2319,seafood food,40500,10,3940,$0.17,3,26,https://www.zomato.com/goa/seafood,Goa,Goa,India,Unknown
2320,restaurants near me for dinner,40500,4,12312,$0.20,12,21,https://www.zomato.com/restaurants-near-me,Unknown,Unknown,Unknown,Restaurant
2321,pavilion,40500,16,457,$0.19,2,44,https://www.zomato.com/surat/pavilion-vesu,Surat,Gujarat,India,Unknown
2322,marriott whitefield,40500,6,2668,$0.45,26,38,https://www.zomato.com/bangalore/restaurants/in/marriott-bengaluru-whitefield,Bangalore,Karnataka,India,Restaurant
2323,maggi bowl limited edition,33100,14,797,$0.11,2,27,https://www.zomato.com/bangalore/signature-maggi-bowls-jalahalli-bangalore/order,Bangalore,Karnataka,India,Unknown
2324,lakend udaipur,40500,9,797,$0.11,45,44,https://www.zomato.com/udaipur/hotel-lakend-gourmet-fateh-sagar,Unknown,Unknown,Unknown,Hotel
2325,karve nagar pune,40500,18,226,$0.14,2,20,https://www.zomato.com/pune/karve-nagar-restaurants/bar,Pune,Maharashtra,India,Restaurant
2326,jubilee hills check post road,40500,11,607,$0.17,6,27,https://www.zomato.com/hyderabad/jubilee-hills-check-post-road-jubilee-hills-restaurants?cft=1,Hyderabad,Telangana,India,Restaurant
2327,hyderabad food restaurants,40500,4,12312,$0.06,7,29,https://www.zomato.com/hyderabad/restaurants,Hyderabad,Telangana,India,Restaurant
2328,hyatt lucknow,6600,14,368,$0.55,53,24,https://www.zomato.com/lucknow/restaurants/in/hyatt-regency-lucknow,Lucknow,Uttar Pradesh,India,Restaurant
2329,gujarat chat,40500,77,85,$1.51,1,13,https://www.zomato.com/contact,Unknown,Unknown,Unknown,Unknown
2330,kanchipuram cafe,40500,10,1368,$0.05,1,27,https://www.zomato.com/trivandrum/the-kanchipuram-cafe-vazhuthacaud,Unknown,Unknown,Unknown,Cafe
2331,karve nagar pune,40500,18,226,$0.14,2,20,https://www.zomato.com/pune/karve-nagar-restaurants/bar,Pune,Maharashtra,India,Restaurant
2332,jubilee hills check post road,40500,11,607,$0.17,6,27,https://www.zomato.com/hyderabad/jubilee-hills-check-post-road-jubilee-hills-restaurants?cft=1,Hyderabad,Telangana,India,Restaurant
2333,hyderabad food restaurants,40500,4,12312,$0.06,7,29,https://www.zomato.com/hyderabad/restaurants,Hyderabad,Telangana,India,Restaurant
2334,hyatt lucknow,6600,14,368,$0.55,53,24,https://www.zomato.com/lucknow/restaurants/in/hyatt-regency-lucknow,Lucknow,Uttar Pradesh,India,Restaurant
2335,gujarat chat,40500,77,85,$1.51,1,13,https://www.zomato.com/contact,Unknown,Unknown,Unknown,Unknown
2336,kanchipuram cafe,40500,10,1368,$0.05,1,27,https://www.zomato.com/trivandrum/the-kanchipuram-cafe-vazhuthacaud,Unknown,Unknown,Unknown,Cafe
2337,kala ghoda cafe mumbai,33100,3,12312,$0,5,16,https://www.zomato.com/mumbai/kala-ghoda-cafe-fort,Mumbai,Maharashtra,India,Cafe
2338,bengali market in delhi,40500,3,6561,$0,1,21,https://www.zomato.com/ncr/restaurants/in/bengali-market-mandi-house,Unknown,Unknown,Unknown,Restaurant
2339,arasan,1000,21,174,$0,1,25,https://www.zomato.com/chennai/arasan-ice-bakery-madhavaram,Chennai,Tamil Nadu,India,Bakery
2340,cafe mondegar,40500,3,12312,$0,4,32,https://www.zomato.com/mumbai/cafe-mondegar-colaba,Mumbai,Maharashtra,India,Cafe
2341,budweiser magnum cost,40500,19,206,$0.05,1,11,https://www.zomato.com/bangalore/restaurants/dish-budweiser-beer,Bangalore,Karnataka,India,Restaurant
2342,sarjapur,40500,15,457,$0.33,2,44,https://www.zomato.com/bangalore/sarjapur-road-restaurants,Bangalore,Karnataka,India,Restaurant
2343,restaurant bangalore,40500,4,12312,$0.30,6,32,https://www.zomato.com/bangalore/restaurants,Bangalore,Karnataka,India,Restaurant
2344,puff,33100,22,174,$0.31,1,41,https://www.zomato.com/ahmedabad/puff-com-vastrapur,Ahmedabad,Gujarat,India,Unknown
2345,veg restaurants near me near me,49500,6,3940,$0.04,16,22,https://www.zomato.com/restaurants-near-me,Unknown,Unknown,Unknown,Restaurant
2346,zakir nagar,33100,17,368,$0,5,29,https://www.zomato.com/ncr/zakir-nagar-delhi-restaurants,Unknown,Unknown,Unknown,Restaurant
2347,veg restaurant,49500,8,1899,$0.24,3,33,https://www.zomato.com/restaurants-near-me,Unknown,Unknown,Unknown,Restaurant
2348,trident nariman point,90500,19,174,$1.18,32,50,https://www.zomato.com/mumbai/restaurants/in/trident-nariman-point,Mumbai,Maharashtra,India,Restaurant
2349,the lalit chandigarh,33100,17,226,$0.23,35,33,https://www.zomato.com/chandigarh/restaurants/in/the-lalit-chandigarh-it-park,Chandigarh,Chandigarh,India,Restaurant
2350,the grand new delhi,40500,12,457,$0.45,13,42,https://www.zomato.com/ncr/restaurants/in/the-grand-vasant-kunj,Unknown,Unknown,Unknown,Restaurant
2351,zomato orders,33100,1,12312,$0.07,5,37,https://www.zomato.com/mumbai/delivery,Mumbai,Maharashtra,India,Unknown
2352,windmill pune,22200,3,12312,$0.09,2,32,https://www.zomato.com/pune/windmill-bavdhan,Pune,Maharashtra,India,Unknown
2353,ratna cafe in chennai,40500,8,2668,$0.12,4,24,https://www.zomato.com/chennai/ristoranti/ratna-cafe?landmark_id=142&category=2,Chennai,Tamil Nadu,India,Cafe
2354,puffs,33100,21,303,$0.08,1,41,https://www.zomato.com/bangalore/restaurants/dish-veg-puffs,Bangalore,Karnataka,India,Restaurant
2355,places for lunch near me,40500,4,12312,$0.08,12,29,https://www.zomato.com/restaurants-near-me,Unknown,Unknown,Unknown,Restaurant
2356,noida sector 60,40500,9,1368,$0.15,5,23,https://www.zomato.com/ncr/best-sector-60-noida-restaurants,Unknown,Unknown,Unknown,Restaurant
2357,ncr in delhi,40500,65,85,$0.06,1,36,https://www.zomato.com/ncr/order-food-online,Unknown,Unknown,Unknown,Unknown
2358,madhuram's,40500,4,6561,$0.18,1,19,https://www.zomato.com/amalapuram/madhurams-sweets-amalapuram-locality/order,Unknown,Unknown,Unknown,Unknown
2359,kfc today offers,18100,42,85,$0.13,5,20,https://www.zomato.com/hyderabad/restaurants/kfc,Hyderabad,Telangana,India,Restaurant
2360,indian biere house,33100,3,12312,$0,4,24,https://www.zomato.com/bangalore/indian-biere-house-jp-nagar-bangalore,Bangalore,Karnataka,India,Unknown
2361,hotel the claridges new delhi,40500,23,97,$0.60,14,35,https://www.zomato.com/ncr/the-claridges-garden-the-claridges-dr-apj-abdul-kalam-road,Unknown,Unknown,Unknown,Unknown
2362,hotel lakend udaipur,40500,10,607,$0.14,43,38,https://www.zomato.com/udaipur/hotel-lakend-gourmet-fateh-sagar,Unknown,Unknown,Unknown,Hotel
2363,hotel in mumbai,74000,41,85,$0.37,95,64,https://www.zomato.com/mumbai/restaurants,Mumbai,Maharashtra,India,Restaurant
2364,krishna hotel,33100,6,2668,$0.14,3,28,https://www.zomato.com/mumbai/krishna-hotel-near-andheri-east-station,Mumbai,Maharashtra,India,Hotel
2365,delivery restaurants near me,40500,5,6561,$0.29,3,18,https://www.zomato.com/restaurants-near-me,Unknown,Unknown,Unknown,Restaurant
2366,crowne plaza hotel kochi,40500,11,607,$0.29,28,26,https://www.zomato.com/kochi/restaurants/in/crowne-plaza-kochi,Kochi,Kerala,India,Restaurant
2367,cafe madras mumbai,40500,3,12312,$0,8,28,https://www.zomato.com/mumbai/cafe-madras-matunga-east,Mumbai,Maharashtra,India,Cafe
2368,healthy food near me,14800,5,12312,$0.39,5,40,https://www.zomato.com/ncr/restaurants/health-food,Unknown,Unknown,Unknown,Restaurant
2369,grt grand t nagar,40500,11,607,$0.54,27,35,https://www.zomato.com/chennai/j-hind-grand-by-grt-hotels-t-nagar,Chennai,Tamil Nadu,India,Hotel
2370,fountain mira road,40500,2,12312,$0.05,3,22,https://www.zomato.com/mumbai/hotel-fountain-mira-road,Mumbai,Maharashtra,India,Hotel
2371,family restaurants near me,40500,4,12312,$0.15,10,21,https://www.zomato.com/restaurants-near-me,Unknown,Unknown,Unknown,Restaurant
2372,bengali market new delhi,40500,2,12312,$0.17,1,20,https://www.zomato.com/ncr/restaurants/in/bengali-market-mandi-house,Unknown,Unknown,Unknown,Restaurant
2373,bani park jaipur,40500,28,93,$0.11,5,21,https://www.zomato.com/jaipur/bani-park-restaurants,Jaipur,Rajasthan,India,Restaurant
2374,azad hind restaurant,40500,4,12312,$0.03,2,22,https://www.zomato.com/kolkata/azad-hind-dhaba-hindustan-park,Kolkata,West Bengal,India,Unknown
2375,arya nagar kanpur,33100,15,368,$0,7,25,https://www.zomato.com/kanpur/arya-nagar-restaurants,Unknown,Unknown,Unknown,Restaurant
2376,ap bhavan canteen,33100,3,12312,$0.10,3,23,https://www.zomato.com/ncr/andhra-bhavan-feroze-shah-road-new-delhi,Unknown,Unknown,Unknown,Unknown
2377,aero city in delhi,40500,12,607,$0.82,6,38,https://www.zomato.com/ncr/aerocity-restaurants,Unknown,Unknown,Unknown,Restaurant
2378,starbucks menu,49500,4,3940,$0.05,1,32,https://www.zomato.com/mumbai/starbucks-coffee-colaba/menu,Mumbai,Maharashtra,India,Coffee
2379,sangeeta,40500,96,79,$0,1,43,https://www.zomato.com/mumbai/sangeeta-kurla,Mumbai,Maharashtra,India,Unknown
2380,weather badlapur maharashtra,33100,72,85,$0,1,24,https://www.zomato.com/contact,Unknown,Unknown,Unknown,Unknown
2381,truffles jp nagar,12100,3,12312,$0.18,8,21,https://www.zomato.com/bangalore/truffles-1-jp-nagar-bangalore,Bangalore,Karnataka,India,Unknown
2382,triton mall in jaipur,40500,21,174,$0.06,4,22,https://www.zomato.com/jaipur/restaurants/in/triton-mall-sikar-road,Jaipur,Rajasthan,India,Restaurant
2383,sign laban near me,14800,6,6561,$0.06,1,25,https://www.zomato.com/bangalore/sign-laban-madiwala-bangalore,Bangalore,Karnataka,India,Unknown
2384,restaurants in bandra kurla complex,40500,4,12312,$0.32,5,19,https://www.zomato.com/mumbai/bandra-kurla-complex-restaurants,Mumbai,Maharashtra,India,Restaurant
2385,restaurant and cafe near me,33100,4,12312,$0.17,9,17,https://www.zomato.com/restaurants-near-me,Unknown,Unknown,Unknown,Restaurant
2386,pvr prashant vihar,40500,14,303,$0.05,3,26,https://www.zomato.com/ncr/pvr-caf%C3%A9-popcorn-pizza-hot-dogs-snacks-prashant-vihar-new-delhi,Unknown,Unknown,Unknown,Pizza
2387,tower 10,33100,72,85,$0.14,3,18,https://www.zomato.com/pune/ttf-the-tenth-floor-baner,Pune,Maharashtra,India,Unknown
2388,tea rs,40500,43,85,$0.21,1,19,https://www.zomato.com/coimbatore/boba-bar-bubble-teas-and-popping-boba-sundaes-rs-puram,Unknown,Unknown,Unknown,Bar
2389,coal barbecues,40500,8,3940,$0.16,7,33,https://www.zomato.com/chennai/coal-barbecues-t-nagar,Chennai,Tamil Nadu,India,Bar
2390,marriott whitefield hotel bangalore,40500,8,1368,$0.61,20,45,https://www.zomato.com/bangalore/restaurants/in/marriott-bengaluru-whitefield,Bangalore,Karnataka,India,Restaurant
2391,mandi shop near me,40500,5,6561,$0.19,3,18,https://www.zomato.com/mandi-restaurants-near-me,Unknown,Unknown,Unknown,Restaurant
2392,knight's,40500,8,1899,$0,1,33,https://www.zomato.com/ncr/the-knight-rider-saket-new-delhi,Unknown,Unknown,Unknown,Unknown
2393,itc gardenia restaurant,40500,4,12312,$0.89,49,23,https://www.zomato.com/bangalore/restaurants/in/itc-gardenia-residency-road,Bangalore,Karnataka,India,Restaurant
2394,prashant vihar,40500,12,607,$0.16,7,33,https://www.zomato.com/ncr/best-prashant-vihar-restaurants,Unknown,Unknown,Unknown,Restaurant
2395,photos of biryani,40500,64,85,$0.60,1,30,https://www.zomato.com/pune/madinah-restaurant-camp-area,Pune,Maharashtra,India,Restaurant
2396,peter cat restaurant kolkata,40500,3,12312,$0.14,3,24,https://www.zomato.com/kolkata/peter-cat-park-street-area,Kolkata,West Bengal,India,Unknown
2397,new maharashtra sadan,40500,4,6561,$0,2,26,https://www.zomato.com/ncr/maharashtra-sadan-chanakyapuri-new-delhi,Unknown,Unknown,Unknown,Unknown
2398,crowne plaza kochi,40500,19,174,$0.09,28,34,https://www.zomato.com/kochi/restaurants/in/crowne-plaza-kochi,Kochi,Kerala,India,Restaurant
2399,chowpatty,27100,6,3940,$0,14,44,https://www.zomato.com/mumbai/best-chowpatty-restaurants,Mumbai,Maharashtra,India,Restaurant
2400,hotel samrat,40500,8,1036,$0.20,2,31,https://www.zomato.com/ncr/hotel-samrat-chanakyapuri-new-delhi,Unknown,Unknown,Unknown,Hotel
2401,hotel navayuga,33100,4,12312,$0,2,28,https://www.zomato.com/bangalore/hotel-navayuga-majestic,Bangalore,Karnataka,India,Hotel
2402,hilton chennai,40500,10,1036,$0.38,31,40,https://www.zomato.com/chennai/restaurants/in/hilton-chennai-guindy,Chennai,Tamil Nadu,India,Restaurant
2403,grand chennai by grt hotels,33100,11,607,$0.26,30,24,https://www.zomato.com/chennai/restaurants/in/grand-by-grt-hotels,Chennai,Tamil Nadu,India,Restaurant
2404,global foyer mall,33100,2,6561,$0,6,24,https://www.zomato.com/ncr/restaurants/in/global-foyer-mall-golf-course-road,Unknown,Unknown,Unknown,Restaurant
2405,ferns n petals cake,40500,7,3940,$0.17,100,23,https://www.zomato.com/ncr/fnp-cakes-by-ferns-n-petals-vasant-kunj-new-delhi/order,Unknown,Unknown,Unknown,Unknown
2406,hyatt centric mg road bangalore,40500,29,85,$3.60,22,24,https://www.zomato.com/bangalore/the-bengaluru-brasserie-hyatt-centric-mg-road-mg-road-bangalore/menu,Bangalore,Karnataka,India,Unknown
2407,balaji restaurant,27100,5,12312,$0.03,3,27,https://www.zomato.com/mumbai/balaji-restaurant-hill-road-bandra-west,Mumbai,Maharashtra,India,Restaurant
2408,east tambaram,22200,72,85,$0.13,12,28,https://www.zomato.com/chennai/tambaram-order-online?delivery_subzone=7838&veg=1,Chennai,Tamil Nadu,India,Bar
2409,restaurant near me dinner,170,4,12312,$0.37,13,9,https://www.zomato.com/restaurants-near-me,Unknown,Unknown,Unknown,Restaurant
2410,restaurant cafes near me,40500,4,12312,$0.04,13,21,https://www.zomato.com/cafes-near-me,Unknown,Unknown,Unknown,Cafe
2411,radisson blu hyderabad,40500,7,1899,$0.47,28,34,https://www.zomato.com/hyderabad/restaurants/in/radisson-blu-plaza-hotel,Hyderabad,Telangana,India,Restaurant
2412,poke,40500,12,797,$0,1,43,https://www.zomato.com/mumbai/the-poke-co-bandra-talao-bandra-west,Mumbai,Maharashtra,India,Unknown
2413,one8,40500,10,607,$0.07,2,44,https://www.zomato.com/ncr/one8-commune-sector-66-gurgaon,Unknown,Unknown,Unknown,Unknown
2414,nearby restaurants and bar,40500,1,12312,$0.17,15,25,https://www.zomato.com/restaurants-near-me,Unknown,Unknown,Unknown,Restaurant
2415,satra plaza,40500,1,12312,$0.23,5,32,https://www.zomato.com/mumbai/restaurants/in/satra-plaza-vashi,Mumbai,Maharashtra,India,Restaurant
2416,india foodies,40500,49,85,$0.17,1,46,https://www.zomato.com/bangalore/delivery,Bangalore,Karnataka,India,Unknown
2417,hotel aditya,33100,4,12312,$0.21,4,29,https://www.zomato.com/bangalore/hotel-aditya-mahalakshmipuram-rajajinagar-bangalore,Bangalore,Karnataka,India,Hotel
2418,dine bar near me,40500,4,12312,$0.05,14,23,https://www.zomato.com/bars-near-me,Unknown,Unknown,Unknown,Bar
2419,ciclo restaurant,33100,4,12312,$0.08,4,24,https://www.zomato.com/chennai/ciclo-cafe-kotturpuram,Chennai,Tamil Nadu,India,Cafe
2420,brahmas,74000,23,174,$0,1,53,https://www.zomato.com/bangalore/brahmas-banashankari-bangalore,Bangalore,Karnataka,India,Unknown
2421,bolgatty palace,40500,23,133,$0.16,25,38,https://www.zomato.com/kochi/bolgatty-palace-restaurant-bolgatty-palace-vypin,Kochi,Kerala,India,Restaurant
2422,bandstand in bandra,40500,12,797,$0.29,1,28,https://www.zomato.com/mumbai/best-bandstand-bandra-west-restaurants,Mumbai,Maharashtra,India,Restaurant
2423,mani's dum biryani near me,27100,5,6561,$0.47,6,15,https://www.zomato.com/manisbelandur,Unknown,Unknown,Unknown,Unknown
2424,maize and malt,40500,4,6561,$0.43,1,25,https://www.zomato.com/bangalore/maize-malt-whitefield-bangalore,Bangalore,Karnataka,India,Unknown
2425,restaurants anna nagar,49500,8,2668,$0.04,4,29,https://www.zomato.com/chennai/drinks-nightlife-in-anna-nagar,Chennai,Tamil Nadu,India,Unknown
2426,restaurant bkc,40500,4,12312,$0.03,6,21,https://www.zomato.com/mumbai/bandra-kurla-complex-restaurants,Mumbai,Maharashtra,India,Restaurant
2427,ratna cafe chennai,33100,8,2668,$0,3,23,https://www.zomato.com/chennai/ristoranti/ratna-cafe?landmark_id=142&category=2,Chennai,Tamil Nadu,India,Cafe
2428,udupi restaurant near me,33100,4,12312,$0.25,5,16,https://www.zomato.com/manipal/best-udupi-restaurants,Unknown,Unknown,Unknown,Restaurant
2429,the ritz carlton pune,40500,5,3940,$0.52,11,25,https://www.zomato.com/pune/restaurants/in/ritz-carlton-yerwada,Pune,Maharashtra,India,Restaurant
2430,socials church street bangalore,40500,3,12312,$0.27,5,20,https://www.zomato.com/ChurchStreetSocial,Unknown,Unknown,Unknown,Unknown
2431,vasant square mall delhi,40500,1,12312,$0.18,4,17,https://www.zomato.com/ncr/restaurants/in/vasant-square-mall-vasant-kunj,Unknown,Unknown,Unknown,Restaurant
2432,hyderabad india restaurants,40500,4,12312,$0.06,13,33,https://www.zomato.com/hyderabad/restaurants,Hyderabad,Telangana,India,Restaurant
2433,hotel mayur,33100,5,2668,$0.14,3,28,https://www.zomato.com/mumbai/hotel-mayur-ulhasnagar,Mumbai,Maharashtra,India,Hotel
2434,hotel itc maurya,40500,31,85,$0.63,40,35,https://www.zomato.com/ncr/the-pavilion-itc-maurya-chanakyapuri-new-delhi,Unknown,Unknown,Unknown,Unknown
2435,holiday village resort,40500,13,607,$0.11,32,35,https://www.zomato.com/bangalore/holiday-village-kanakapura-road,Bangalore,Karnataka,India,Unknown
2436,hilton jaipur,40500,31,85,$0.32,32,40,https://www.zomato.com/jaipur/restaurants/in/jaipur-hilton-bais-godam,Jaipur,Rajasthan,India,Restaurant
2437,healthy eating near me,40500,4,12312,$0.11,13,25,https://www.zomato.com/healthy-food-restaurants-near-me,Unknown,Unknown,Unknown,Restaurant
2438,ferns n petals,40500,17,226,$0.23,98,55,https://www.zomato.com/ncr/fnp-cakes-by-ferns-n-petals-new-friends-colony-new-delhi/order,Unknown,Unknown,Unknown,Unknown
2439,menu at starbucks,49500,6,3940,$0.06,1,43,https://www.zomato.com/mumbai/starbucks-coffee-colaba/menu,Mumbai,Maharashtra,India,Coffee
2440,manish nagar,40500,15,303,$0.10,6,22,https://www.zomato.com/nagpur/manish-nagar-restaurants,Nagpur,Maharashtra,India,Restaurant
2441,le meridien coimbatore hotel,40500,13,457,$0.40,30,26,https://www.zomato.com/coimbatore/latest-recipe-le-meridien-neelambur,Unknown,Unknown,Unknown,Unknown
2442,laila's,40500,14,368,$0.19,1,27,https://www.zomato.com/ncr/laylas-shawarma-middle-eastern-kitchen-greater-kailash-gk-1-new-delhi,Unknown,Unknown,Unknown,Unknown
2443,kathiyawadi restaurant near me,40500,4,12312,$0.04,7,20,https://www.zomato.com/ahmedabad/restaurants/kathiyawadi,Ahmedabad,Gujarat,India,Restaurant
2444,k f c today offer,27100,19,206,$0.16,2,28,https://www.zomato.com/ncr/restaurants/kfc?category=1,Unknown,Unknown,Unknown,Restaurant
2445,just bake,49500,8,2668,$0.21,19,38,https://www.zomato.com/bangalore/just-bake-cakes-confectioners-bommanahalli-bangalore,Bangalore,Karnataka,India,Unknown
2446,jb's,40500,4,12312,$0.45,1,21,https://www.zomato.com/guwahati/jbs-ganeshguri,Unknown,Unknown,Unknown,Unknown
2447,neon market,33100,4,6561,$0,1,28,https://www.zomato.com/bangalore/neon-market-1-indiranagar-bangalore,Bangalore,Karnataka,India,Unknown
2448,nahdi mandi,40500,6,6561,$8.36,1,31,https://www.zomato.com/chennai/nahdi-mandi-arumbakkam,Chennai,Tamil Nadu,India,Unknown
2449,cafe and restaurant near me,33100,4,12312,$0.19,11,18,https://www.zomato.com/restaurants-near-me,Unknown,Unknown,Unknown,Restaurant
2450,bandra kurla complex restaurant,40500,4,12312,$0.04,4,24,https://www.zomato.com/mumbai/bandra-kurla-complex-restaurants,Mumbai,Maharashtra,India,Restaurant
2451,church street social bangalore,33100,1,12312,$0.83,10,18,https://www.zomato.com/ChurchStreetSocial,Unknown,Unknown,Unknown,Unknown
2452,carter road social,40500,1,12312,$0,11,29,https://www.zomato.com/CarterRoadSocial,Unknown,Unknown,Unknown,Unknown
2453,windmill in pune,33100,2,12312,$0.16,2,23,https://www.zomato.com/pune/windmill-bavdhan,Pune,Maharashtra,India,Unknown
2454,cream story,40500,4,12312,$0.05,3,31,https://www.zomato.com/chennai/cream-story-anna-nagar-west,Chennai,Tamil Nadu,India,Unknown
2455,cottage,40500,18,226,$0.38,1,44,https://www.zomato.com/chandigarh/cottage-sector-7,Chandigarh,Chandigarh,India,Unknown
2456,dhan mill compound,33100,6,3940,$0,9,25,https://www.zomato.com/ncr/restaurants/in/the-dhan-mill-chhatarpur,Unknown,Unknown,Unknown,Restaurant
2457,coffee shops in indira nagar,33100,5,6561,$0.04,11,20,https://www.zomato.com/bangalore/indiranagar-restaurants/cafes,Bangalore,Karnataka,India,Restaurant
2458,church street social pub,40500,2,6561,$0.23,5,19,https://www.zomato.com/ChurchStreetSocial,Unknown,Unknown,Unknown,Unknown
2459,chinese town,40500,6,6561,$0.12,2,22,https://www.zomato.com/ncr/chinese-town-1-kishan-ganj-new-delhi,Unknown,Unknown,Unknown,Unknown
2460,china town,40500,3,6561,$0,2,31,https://www.zomato.com/chennai/china-town-alwarpet,Chennai,Tamil Nadu,India,Unknown
2461,pizzeria da susy,40500,15,457,$0.07,4,27,https://www.zomato.com/ncr/restaurants/pizzeria-da-susy?subzone=297&category=2,Unknown,Unknown,Unknown,Restaurant
2462,palladium palladium,40500,21,206,$0.11,2,47,https://www.zomato.com/mumbai/restaurants/in/palladium-mall-lower-parel,Mumbai,Maharashtra,India,Restaurant
2463,noida logix mall,22200,2,6561,$0.31,1,20,https://www.zomato.com/ncr/restaurants/in/logix-city-centre-sector-32,Unknown,Unknown,Unknown,Restaurant
2464,nearby cafe,40500,4,12312,$0.19,14,35,https://www.zomato.com/cafes-near-me,Unknown,Unknown,Unknown,Cafe
2465,near me juice,40500,10,1368,$0.05,1,22,https://www.zomato.com/chandigarh/restaurants/juices,Chandigarh,Chandigarh,India,Restaurant
2466,near bars and restaurants,40500,4,12312,$0.17,15,25,https://www.zomato.com/hyderabad/bar,Hyderabad,Telangana,India,Bar
2467,sheraton hyderabad financial district,40500,8,1368,$0.66,19,32,https://www.zomato.com/hyderabad/feast-sheraton-hyderabad-hotel-financial-district,Hyderabad,Telangana,India,Hotel
2468,sculpt,49500,23,133,$0.77,15,50,https://www.zomato.com/hyderabad/sugar-sculpt-pg-road-secunderabad,Hyderabad,Telangana,India,Unknown
2469,sayaji pune hotel,33100,5,3940,$0.47,24,30,https://www.zomato.com/pune/restaurants/in/sayaji-hotel-wakad,Pune,Maharashtra,India,Restaurant
2470,restaurant cafeteria near me,33100,4,12312,$0.05,10,48,https://www.zomato.com/restaurants-near-me,Unknown,Unknown,Unknown,Restaurant
2471,radisson hotel guwahati,40500,12,1036,$0.71,38,36,https://www.zomato.com/guwahati/restaurants/in/hotel-radisson-blu-guwahati,Unknown,Unknown,Unknown,Restaurant
2472,pure vegetarian hotel near me,40500,6,3940,$0.16,7,20,https://www.zomato.com/hyderabad/vegetarian-restaurants,Hyderabad,Telangana,India,Restaurant
2473,train station in hyderabad,40500,110,85,$0.03,1,23,https://www.zomato.com/order-food-online-in-train,Unknown,Unknown,Unknown,Unknown
2474,the imperial new delhi,0,16,238,$0,1,4,https://www.zomato.com/ncr/restaurants/in/the-imperial-new-delhi-janpath,Unknown,Unknown,Unknown,Restaurant
2475,the bier library brewery & kitchen koramangala,74000,3,12312,$0.17,7,20,https://www.zomato.com/bangalore/the-bier-library-koramangala-6th-block-bangalore,Bangalore,Karnataka,India,Unknown
2476,taj mansingh hotel road,40500,9,1036,$0.14,2,32,https://www.zomato.com/ncr/restaurants/in/the-taj-mahal-hotel-mansingh-road,Unknown,Unknown,Unknown,Restaurant
2477,itc maurya,40500,17,226,$0.55,36,41,https://www.zomato.com/ncr/bukhara-itc-maurya-chanakyapuri-new-delhi,Unknown,Unknown,Unknown,Unknown
2478,irctc food order,49500,4,2668,$0.07,74,50,https://www.zomato.com/order-food-online-in-train,Unknown,Unknown,Unknown,Unknown
2479,hyderabad marriott hotel and convention centre,40500,37,85,$0.68,12,42,https://www.zomato.com/hyderabad/restaurants/in/hyderabad-marriott-hotel-convention-centre,Hyderabad,Telangana,India,Restaurant
2480,hotel lalit chandigarh,40500,26,93,$0.26,28,34,https://www.zomato.com/24-7RestaurantChandigarh,Unknown,Unknown,Unknown,Restaurant
2481,hotel kinara grand,49500,6,1899,$0.17,11,31,https://www.zomato.com/hyderabad/hotel-kinara-grand-ramanthapur,Hyderabad,Telangana,India,Hotel
2482,healthy eatery near me,33100,4,12312,$0.13,3,23,https://www.zomato.com/healthy-food-restaurants-near-me,Unknown,Unknown,Unknown,Restaurant
2483,grt grand chennai t nagar,40500,5,2668,$0.47,24,22,https://www.zomato.com/chennai/restaurants/in/grand-by-grt-hotels,Chennai,Tamil Nadu,India,Restaurant
2484,golf course road,33100,5,6561,$0.36,11,26,https://www.zomato.com/ncr/golf-course-road-restaurants,Unknown,Unknown,Unknown,Restaurant
2485,goddess anna,40500,10,607,$0,1,31,https://www.zomato.com/chennai/frost-goddess-anna-nagar-east,Chennai,Tamil Nadu,India,Unknown
2486,godavari indian,40500,6,1899,$0,1,20,https://www.zomato.com/nagpur/godavari-south-indian-food-plaza-pratap-nagar,Nagpur,Maharashtra,India,Unknown
2487,kfc today offer,18100,19,226,$0.13,6,20,https://www.zomato.com/hyderabad/restaurants/kfc,Hyderabad,Telangana,India,Restaurant
2488,kfc chicken,40500,17,457,$0.18,8,33,https://www.zomato.com/ncr/kfc-sector-39/order,Unknown,Unknown,Unknown,Unknown
2489,buffet restaurants near me,40500,5,6561,$0.19,18,23,https://www.zomato.com/ncr/best-buffet,Unknown,Unknown,Unknown,Unknown
2490,arabic mandi,2900,12,1036,$0.03,1,19,https://www.zomato.com/hyderabad/arabic-mandi-kukatpally,Hyderabad,Telangana,India,Unknown
2491,amul near me,27100,7,3940,$0.73,1,22,https://www.zomato.com/ncr/amul-geeta-colony-new-delhi,Unknown,Unknown,Unknown,Unknown
2492,ccd,49500,14,457,$0.38,2,46,https://www.zomato.com/ncr/cafe-coffee-day-sector-14,Unknown,Unknown,Unknown,Cafe
2493,logix noida,27100,3,3940,$0.81,4,28,https://www.zomato.com/ncr/restaurants/in/logix-city-centre-sector-32,Unknown,Unknown,Unknown,Restaurant
2494,lassi shop,33100,5,6561,$0,2,28,https://www.zomato.com/hyderabad/restaurants/lassi-shop,Hyderabad,Telangana,India,Restaurant
2495,krishna kunj,27100,11,1368,$0.40,5,28,https://www.zomato.com/mumbai/krishna-kunj-ghatkopar-west,Mumbai,Maharashtra,India,Unknown
2496,kolkata new town,40500,30,89,$0.18,3,26,https://www.zomato.com/kolkata/restaurants/in/axis-mall-new-town,Kolkata,West Bengal,India,Restaurant
2497,jind place,40500,21,206,$0.04,1,36,https://www.zomato.com/jind,Unknown,Unknown,Unknown,Unknown
2498,waffles blue,40500,31,85,$0,1,25,https://www.zomato.com/chennai/7a-waffles-anna-nagar-east/order,Chennai,Tamil Nadu,India,Unknown
2499,the westin pune koregaon park pune,40500,23,133,$0.48,7,36,https://www.zomato.com/pune/restaurants/in/the-westin-mundhwa,Pune,Maharashtra,India,Restaurant
2500,the roseate new delhi delhi,40500,18,206,$0.26,28,41,https://www.zomato.com/ncr/restaurants/in/the-roseate-kapashera,Unknown,Unknown,Unknown,Restaurant
2501,the lodhi delhi hotel,40500,43,85,$0.31,28,41,https://www.zomato.com/ncr/restaurants/in/the-lodhi-lodhi-road,Unknown,Unknown,Unknown,Restaurant
2502,terminal 1 delhi,27100,11,797,$0,1,22,https://www.zomato.com/ncr/restaurants/in/terminal-1-departures-igi-airport-aerocity,Unknown,Unknown,Unknown,Restaurant
2503,sapphire 83,40500,2,6561,$0.22,6,32,https://www.zomato.com/ncr/restaurants/in/sapphire-83-mall,Unknown,Unknown,Unknown,Restaurant
2504,makau kitchen and bar,33100,3,12312,$0,11,18,https://www.zomato.com/hyderabad/makau-jubilee-hills,Hyderabad,Telangana,India,Unknown
2505,lunch ideas near me,40500,6,6561,$0.08,12,22,https://www.zomato.com/chennai/best-lunch-places-in-town,Chennai,Tamil Nadu,India,Unknown
2506,kala ghoda cafe mumbai maharashtra,40500,3,12312,$0.21,4,22,https://www.zomato.com/mumbai/kala-ghoda-cafe-fort,Mumbai,Maharashtra,India,Cafe
2507,radisson blu plaza banjara hills hyderabad,40500,21,174,$0.43,25,31,https://www.zomato.com/hyderabad/restaurants/in/radisson-blu-plaza-hotel,Hyderabad,Telangana,India,Restaurant
2508,radisson blu hotel atria bengaluru,40500,35,85,$0.53,7,29,https://www.zomato.com/bangalore/one-atria-cafe-radisson-blu-atria-race-course-road-bangalore,Bangalore,Karnataka,India,Cafe
2509,okhla sabzi mandi,33100,42,85,$0,4,24,https://www.zomato.com/ncr/delivery-in-okhla-phase-3/dish-mandi,Unknown,Unknown,Unknown,Unknown
2510,musafir cafe,9900,21,109,$0.01,63,26,https://www.zomato.com/ncr/musafir-cafe-gaur-city-1-greater-noida,Unknown,Unknown,Unknown,Cafe
2511,moti mahal delux,40500,5,6561,$0.08,1,26,https://www.zomato.com/ncr/moti-mahal-delux-legendary-culinary-south-extension-2-new-delhi,Unknown,Unknown,Unknown,Unknown
2512,romas,40500,8,6561,$0.13,1,24,https://www.zomato.com/RomasCafeDiner,Unknown,Unknown,Unknown,Cafe
2513,restaurants in bkc,40500,4,12312,$0.06,5,27,https://www.zomato.com/mumbai/bandra-kurla-complex-restaurants,Mumbai,Maharashtra,India,Restaurant
2514,restaurants in bangalore,40500,4,12312,$0.24,9,28,https://www.zomato.com/bangalore/restaurants,Bangalore,Karnataka,India,Restaurant
2515,restaurants in anna nagar,49500,8,2668,$0.04,4,21,https://www.zomato.com/chennai/anna-nagar-east-order-online,Chennai,Tamil Nadu,India,Unknown
2516,restaurant and cafeteria near me,33100,4,12312,$0.05,10,30,https://www.zomato.com/restaurants-near-me,Unknown,Unknown,Unknown,Restaurant
2517,family restaurants in near me,40500,5,12312,$0.05,14,21,https://www.zomato.com/restaurants-near-me,Unknown,Unknown,Unknown,Restaurant
2518,hyatt regency lucknow,33100,8,1368,$8.36,26,30,https://www.zomato.com/lucknow/restaurants/in/hyatt-regency-lucknow,Lucknow,Uttar Pradesh,India,Restaurant
2519,hotel the claridges delhi,40500,20,174,$0.52,16,33,https://www.zomato.com/ncr/the-claridges-garden-the-claridges-dr-apj-abdul-kalam-road,Unknown,Unknown,Unknown,Unknown
2520,gelato,40500,12,1368,$1.50,1,43,https://www.zomato.com/mumbai/gelato-italiano-kharghar-navi-mumbai,Mumbai,Maharashtra,India,Unknown
2521,canes,40500,25,109,$0.06,3,30,https://www.zomato.com/bangalore/cane-recipes-sarjapur-road-bangalore,Bangalore,Karnataka,India,Unknown
2522,sugarcane juice,33100,12,1036,$0.19,12,31,https://www.zomato.com/bangalore/fresh-cane-juice-hsr-bangalore/order,Bangalore,Karnataka,India,Unknown
2523,state of noida,40500,66,85,$0,1,24,https://www.zomato.com/ncr/the-chai-state-sector-63-noida,Unknown,Unknown,Unknown,Unknown
2524,sayaji hotel pune,33100,5,6561,$0.47,24,30,https://www.zomato.com/pune/restaurants/in/sayaji-hotel-wakad,Pune,Maharashtra,India,Restaurant
2525,rich richie,40500,9,1036,$0.12,1,52,https://www.zomato.com/bangalore/richie-rich-race-course-road-bangalore,Bangalore,Karnataka,India,Unknown
2526,restaurants bangalore,40500,4,12312,$0.24,9,33,https://www.zomato.com/bangalore/restaurants,Bangalore,Karnataka,India,Restaurant
2527,rabari colony,40500,41,85,$0.07,4,19,https://www.zomato.com/ahmedabad/gayatri-restaurant-amraiwadi,Ahmedabad,Gujarat,India,Restaurant
2528,vasant square mall vasant kunj,40500,1,12312,$0.18,4,17,https://www.zomato.com/ncr/restaurants/in/vasant-square-mall-vasant-kunj,Unknown,Unknown,Unknown,Restaurant
2529,paper & pie,33100,5,6561,$0.23,10,39,https://www.zomato.com/bangalore/paper-and-pie-indiranagar-bangalore,Bangalore,Karnataka,India,Unknown
2530,pabbas mangalore,40500,5,6561,$0.37,3,27,https://www.zomato.com/mangalore/pabbas-lalbagh,Unknown,Unknown,Unknown,Unknown
2531,maharashtra sadan delhi,40500,6,6561,$0,1,26,https://www.zomato.com/ncr/maharashtra-sadan-chanakyapuri-new-delhi,Unknown,Unknown,Unknown,Unknown
2532,radisson blu hotel guwahati,40500,17,303,$0.32,33,27,https://www.zomato.com/guwahati/restaurants/in/hotel-radisson-blu-guwahati,Unknown,Unknown,Unknown,Restaurant
2533,pvr cinemas vikaspuri,40500,35,85,$0.05,5,20,https://www.zomato.com/ncr/restaurants/in/pvr-vikaspuri,Unknown,Unknown,Unknown,Restaurant
2534,pune baner,33100,11,1036,$0.24,5,29,https://www.zomato.com/pune/baner-restaurants,Pune,Maharashtra,India,Restaurant
2535,hilton mumbai international airport,40500,11,607,$0.27,16,22,https://www.zomato.com/mumbai/restaurants/in/hilton-mumbai-international-airport-chakala,Mumbai,Maharashtra,India,Restaurant
2536,healthy meal near me,40500,5,12312,$0.13,10,24,https://www.zomato.com/ncr/restaurants/health-food,Unknown,Unknown,Unknown,Restaurant
2537,lounge,49500,22,174,$0.23,1,45,https://www.zomato.com/hyderabad/lounge,Hyderabad,Telangana,India,Unknown
2538,korean food restaurants near me,40500,4,12312,$0.04,10,22,https://www.zomato.com/korean-restaurants-near-me,Unknown,Unknown,Unknown,Restaurant
2539,itc maurya hotel,40500,15,368,$0.38,34,36,https://www.zomato.com/ncr/restaurants/in/itc-maurya-chanakyapuri,Unknown,Unknown,Unknown,Restaurant
2540,baner pune,33100,15,457,$0.18,8,20,https://www.zomato.com/pune/baner-restaurants,Pune,Maharashtra,India,Restaurant
2541,baker st,40500,10,1368,$0.10,4,40,https://www.zomato.com/goa/bakers-street-bardez,Goa,Goa,India,Bar
2542,atria the millennium mall,40500,9,797,$0,13,21,https://www.zomato.com/mumbai/restaurants/in/atria-mall,Mumbai,Maharashtra,India,Restaurant
2543,andhra mess near me,40500,5,6561,$0,3,18,https://www.zomato.com/chennai/restaurants/andhra,Chennai,Tamil Nadu,India,Restaurant
2544,church street social,40500,1,12312,$0,5,27,https://www.zomato.com/ChurchStreetSocial,Unknown,Unknown,Unknown,Unknown
2545,chicken fried chicken near me,33100,6,6561,$0.30,3,15,https://www.zomato.com/hyderabad/restaurants/dish-crispy-fried-chicken,Hyderabad,Telangana,India,Restaurant
2546,chandigarh sector 43,40500,17,303,$0.32,4,19,https://www.zomato.com/chandigarh/best-sector-43-chandigarh-restaurants,Chandigarh,Chandigarh,India,Restaurant
2547,cafe madras,40500,3,12312,$0,4,32,https://www.zomato.com/mumbai/cafe-madras-matunga-east,Mumbai,Maharashtra,India,Cafe
2548,bund garden,40500,21,174,$0,5,32,https://www.zomato.com/pune/best-bund-garden-road-restaurants,Pune,Maharashtra,India,Restaurant
2549,bengaluru marriott hotel whitefield,40500,14,368,$0.49,19,23,https://www.zomato.com/bangalore/restaurants/in/marriott-bengaluru-whitefield,Bangalore,Karnataka,India,Restaurant
2550,great eastern hotel kolkata,40500,18,238,$0.44,31,38,https://www.zomato.com/kolkata/restaurants/in/the-lalit-great-eastern-esplanade,Kolkata,West Bengal,India,Restaurant
2551,foodies of india,40500,8,2668,$0.58,1,26,https://www.zomato.com/ncr/tfoi-the-foodies-of-india-rajouri-garden-new-delhi/photos,Unknown,Unknown,Unknown,Unknown
2552,taj hotel chandigarh,40500,15,346,$0.24,37,37,https://www.zomato.com/chandigarh/restaurants/in/taj-chandigarh,Chandigarh,Chandigarh,India,Restaurant
2553,sector 72 noida,40500,9,1368,$0.23,5,18,https://www.zomato.com/ncr/sector-72-noida-restaurants,Unknown,Unknown,Unknown,Restaurant
2554,pacific d21 mall,33100,4,3940,$0.02,5,24,https://www.zomato.com/ncr/restaurants/in/pacific-d21-mall,Unknown,Unknown,Unknown,Restaurant
2555,ni ne,40500,29,85,$0,1,62,https://www.zomato.com/ncr/triple-nine-nit-faridabad,Unknown,Unknown,Unknown,Unknown
2556,newtown kolkata,33100,30,89,$0.48,4,29,https://www.zomato.com/kolkata/restaurants/in/axis-mall-new-town,Kolkata,West Bengal,India,Restaurant
2557,nearby cafeteria,40500,4,12312,$0.08,15,22,https://www.zomato.com/cafes-near-me,Unknown,Unknown,Unknown,Cafe
2558,n c r delhi,40500,33,85,$0.06,1,31,https://www.zomato.com/ncr/restaurants,Unknown,Unknown,Unknown,Restaurant
2559,mcdonald's menu,40500,5,2668,$0.03,4,32,https://www.zomato.com/lucknow/mcdonalds-gomti-nagar/menu,Lucknow,Uttar Pradesh,India,Unknown
2560,maharashtra bhavan in delhi,40500,3,6561,$0.03,1,20,https://www.zomato.com/ncr/maharashtra-sadan-chanakyapuri-new-delhi,Unknown,Unknown,Unknown,Unknown
2561,restaurant in hyderabad,1900,4,12312,$0,3,14,https://www.zomato.com/hyderabad/restaurants,Hyderabad,Telangana,India,Restaurant
2562,radisson blu egmore chennai,40500,8,1368,$0.55,21,37,https://www.zomato.com/chennai/restaurants/in/radisson-blu-egmore,Chennai,Tamil Nadu,India,Restaurant
2563,pure veg hotel near me,40500,6,3940,$0.13,7,20,https://www.zomato.com/pune/pimpri-chinchwad-area-restaurants?veg=1,Pune,Maharashtra,India,Restaurant
2564,mandi shops near me,22200,4,12312,$0.03,3,27,https://www.zomato.com/mandi-restaurants-near-me,Unknown,Unknown,Unknown,Restaurant
2565,korean restaurants near me,33100,5,12312,$0.34,8,17,https://www.zomato.com/korean-restaurants-near-me,Unknown,Unknown,Unknown,Restaurant
2566,itc maurya in delhi,40500,15,368,$0.79,30,37,https://www.zomato.com/ncr/restaurants/in/itc-maurya-chanakyapuri,Unknown,Unknown,Unknown,Restaurant
2567,indian foodies,40500,8,2668,$0.16,1,34,https://www.zomato.com/hyderabad/indian-foodies-hub-banjara-hills,Hyderabad,Telangana,India,Unknown
2568,hyderabad marriott hotel & convention centre,33100,15,303,$0.39,17,20,https://www.zomato.com/hyderabad/restaurants/in/hyderabad-marriott-hotel-convention-centre,Hyderabad,Telangana,India,Restaurant
2569,hyatt pune,49500,13,457,$1.50,16,37,https://www.zomato.com/pune/restaurants/in/the-hyatt-regency-nagar-road,Pune,Maharashtra,India,Restaurant
2570,howrah maidan,27100,6,6561,$0,5,28,https://www.zomato.com/kolkata/howrah-maidan-area-restaurants,Kolkata,West Bengal,India,Restaurant
2571,dining restaurants near me,40500,4,12312,$0.20,12,21,https://www.zomato.com/restaurants-near-me,Unknown,Unknown,Unknown,Restaurant
2572,dining bangalore,40500,4,12312,$0.08,15,33,https://www.zomato.com/bangalore/restaurants,Bangalore,Karnataka,India,Restaurant
2573,chennai hilton,40500,8,1368,$0.40,38,42,https://www.zomato.com/chennai/restaurants/in/hilton-chennai-guindy,Chennai,Tamil Nadu,India,Restaurant
2574,bengali market,40500,6,6561,$0,1,21,https://www.zomato.com/ncr/restaurants/in/bengali-market-mandi-house,Unknown,Unknown,Unknown,Restaurant
2575,bangalore one near me,49500,46,85,$0,1,19,https://www.zomato.com/bangalore/restaurants,Bangalore,Karnataka,India,Restaurant
2576,apna sweets,33100,8,3940,$0.15,6,29,https://www.zomato.com/indore/restaurace/apna-sweets-1?subzone=14105&category=2,Indore,Madhya Pradesh,India,Unknown
2577,americano,33100,2,12312,$0,4,42,https://www.zomato.com/mumbai/americano-fort,Mumbai,Maharashtra,India,Unknown
2578,zomato order,33100,1,12312,$0.07,7,30,https://www.zomato.com/ahmedabad/delivery,Ahmedabad,Gujarat,India,Unknown
2579,zomato delivery partner,40500,2,6561,$0.24,23,32,https://www.zomato.com/deliver-food/,Unknown,Unknown,Unknown,Unknown
2580,top rated restaurants near me,49500,4,12312,$0.30,7,22,https://www.zomato.com/hyderabad/restaurants,Hyderabad,Telangana,India,Restaurant
2581,the roseate new delhi,33100,10,797,$0.10,38,26,https://www.zomato.com/ncr/restaurants/in/the-roseate-kapashera,Unknown,Unknown,Unknown,Restaurant
2582,the roseate hotel new delhi,40500,22,109,$0.23,33,43,https://www.zomato.com/ncr/del-roseate-house-aerocity-new-delhi,Unknown,Unknown,Unknown,Unknown
2583,silver spoon,33100,12,847,$0.04,41,40,https://www.zomato.com/mumbai/silver-spoon-andheri-lokhandwala,Mumbai,Maharashtra,India,Unknown
2584,rooftop restaurants near me,33100,4,10062,$0.27,6,16,https://www.zomato.com/mumbai/rooftop,Mumbai,Maharashtra,India,Unknown
2585,restaurants hsr,33100,4,10062,$0.05,16,23,https://www.zomato.com/bangalore/hsr-restaurants,Bangalore,Karnataka,India,Restaurant
2586,punjabi rasoi,33100,4,10062,$0.63,3,28,https://www.zomato.com/bangalore/the-punjabi-rasoi-indiranagar,Bangalore,Karnataka,India,Unknown
2587,the nest,27100,1,10062,$0.72,3,27,https://www.zomato.com/mumbai/the-nest-bandra-talao-bandra-west,Mumbai,Maharashtra,India,Unknown
2588,the globe grub,33100,3,10062,$0.35,12,26,https://www.zomato.com/hyderabad/the-globe-grub-gachibowli,Hyderabad,Telangana,India,Unknown
2589,madras coffee house chennai tamil nadu,33100,5,5362,$0.18,2,21,https://www.zomato.com/chennai/madras-coffee-house-t-nagar,Chennai,Tamil Nadu,India,Coffee
2590,koramangala social,33100,1,10062,$0.15,4,29,https://www.zomato.com/koramangalasocial,Unknown,Unknown,Unknown,Unknown
2591,king delhi,33100,3,3220,$0,1,42,https://www.zomato.com/ncr/kalaadi-king-subhash-nagar-new-delhi,Unknown,Unknown,Unknown,Unknown
2592,k star mall,33100,5,1552,$0.01,3,23,https://www.zomato.com/mumbai/restaurants/in/k-star-mall-chembur,Mumbai,Maharashtra,India,Restaurant
2593,itc maratha,33100,10,652,$0.69,46,41,https://www.zomato.com/mumbai/restaurants/in/itc-maratha-chakala,Mumbai,Maharashtra,India,Restaurant
2594,india salt lake city,33100,30,69,$0.48,1,20,https://www.zomato.com/kolkata/salt-lake-restaurants,Kolkata,West Bengal,India,Restaurant
2595,prasad food divine,33100,5,5362,$0.10,6,24,https://www.zomato.com/mumbai/prasad-food-divine-powai,Mumbai,Maharashtra,India,Unknown
2596,pramod,33100,5,3220,$0,1,41,https://www.zomato.com/patna/pramod-laddu-bhandar-rukanpura,Patna,Bihar,India,Unknown
2597,pan shop,27100,4,10062,$0,1,27,https://www.zomato.com/hyderabad/paan-shop,Hyderabad,Telangana,India,Unknown
2598,palam in delhi,40500,15,374,$0.13,3,19,https://www.zomato.com/ncr/palam-delhi-restaurants,Unknown,Unknown,Unknown,Restaurant
2599,oven fresh,33100,5,5362,$0.33,3,28,https://www.zomato.com/chandigarh/ovenfresh-sector-35,Chandigarh,Chandigarh,India,Unknown
2600,now opening restaurant,33100,6,10062,$0.04,1,48,https://www.zomato.com/ncr/newly-opened,Unknown,Unknown,Unknown,Unknown
2601,niloufer,9900,8,2181,$0.03,1,25,https://www.zomato.com/hyderabad/cafe-niloufer-1-lakdikapul,Hyderabad,Telangana,India,Cafe
2602,nandos,33100,7,3220,$0.13,1,22,https://www.zomato.com/ncr/nandos-flame-grilled-peri-peri-chicken-nehru-place-new-delhi,Unknown,Unknown,Unknown,Unknown
2603,curlies anjuna goa,33100,3,10062,$0.17,3,24,https://www.zomato.com/goa/curlies-anjuna,Goa,Goa,India,Unknown
2604,cox town bangalore,33100,28,72,$0.17,6,20,https://www.zomato.com/bangalore/best-cox-town-restaurants,Bangalore,Karnataka,India,Restaurant
2605,combos,1600,12,496,$0.44,4,33,https://www.zomato.com/bangalore/e-city-combos-electronic-city-bangalore,Bangalore,Karnataka,India,Unknown
2606,cake pastry,33100,32,72,$0.17,14,32,https://www.zomato.com/vadodara/bakeries,Unknown,Unknown,Unknown,Bakery
2607,golden beach resort in chennai,33100,30,69,$0.18,25,32,https://www.zomato.com/chennai/golden-sun-beach-resort-1-mahabalipuram,Chennai,Tamil Nadu,India,Unknown
2608,evp cinema,33100,15,374,$0,1,22,https://www.zomato.com/chennai/evp-cinemas-chembarambakkam,Chennai,Tamil Nadu,India,Bar
2609,best food restaurants in delhi,33100,4,10062,$0.09,7,38,https://www.zomato.com/ncr/restaurants,Unknown,Unknown,Unknown,Restaurant
2610,bakers,40500,12,652,$0.35,1,44,https://www.zomato.com/hyderabad/bakers-harvest-gachibowli,Hyderabad,Telangana,India,Unknown
2611,anand bhavan,33100,9,2181,$0.27,2,28,https://www.zomato.com/mumbai/anand-bhavan-matunga-east,Mumbai,Maharashtra,India,Unknown
2612,aaromale,40500,2,5362,$0,1,47,https://www.zomato.com/hyderabad/aaromale-film-nagar,Hyderabad,Telangana,India,Unknown
2613,2 street,33100,25,76,$0.14,4,41,https://www.zomato.com/mumbai/old-street-cafe-bar-hill-road-bandra-west,Mumbai,Maharashtra,India,Cafe
2614,hotel victoria club puri,33100,13,374,$0.06,36,25,https://www.zomato.com/puri/victoria-club-hotel-purussottam-nagar,Unknown,Unknown,Unknown,Hotel
2615,hotel taj ganges,33100,31,69,$0.39,35,35,https://www.zomato.com/varanasi/restaurants/in/taj-ganges-nadesar,Varanasi,Uttar Pradesh,India,Restaurant
2616,gwalior station,33100,108,69,$0,3,28,https://www.zomato.com/order-food-online-in-train,Unknown,Unknown,Unknown,Unknown
2617,food to deliver,27100,5,5362,$0.36,2,79,https://www.zomato.com/,Unknown,Unknown,Unknown,Unknown
2618,top restaurants in ahmedabad,33100,5,5362,$0.11,7,17,https://www.zomato.com/ahmedabad/restaurants,Ahmedabad,Gujarat,India,Restaurant
2619,the club dn nagar,27100,8,847,$0,4,15,https://www.zomato.com/mumbai/by-the-waterside-at-the-club-azad-nagar,Mumbai,Maharashtra,India,Unknown
2620,wild garden cafe,33100,5,3220,$0.06,4,24,https://www.zomato.com/chennai/amethyst-cafe-thousand-lights,Chennai,Tamil Nadu,India,Cafe
2621,restaurants koramangala,40500,5,5362,$0.28,5,32,https://www.zomato.com/bangalore/koramangala-restaurants,Bangalore,Karnataka,India,Restaurant
2622,restaurants in hsr bangalore,33100,5,10062,$0.05,12,23,https://www.zomato.com/bangalore/hsr-restaurants,Bangalore,Karnataka,India,Restaurant
2623,restaurant saffron,33100,5,5362,$0.05,3,20,https://www.zomato.com/hyderabad/saffron-jubilee-hills,Hyderabad,Telangana,India,Unknown
2624,red rhino craft brewery and inspired kitchen,27100,4,5362,$0.06,5,15,https://www.zomato.com/hyderabad/red-rhino-madhapur,Hyderabad,Telangana,India,Unknown
2625,pista house uppal,27100,1,10062,$0,3,22,https://www.zomato.com/hyderabad/pista-house-uppal-secunderabad,Hyderabad,Telangana,India,Unknown
2626,south city,33100,9,847,$0.18,4,25,https://www.zomato.com/kolkata/restaurants/in/south-city-mall-princeanwarshahroad,Kolkata,West Bengal,India,Restaurant
2627,sector alpha ii,33100,12,847,$0.09,5,14,https://www.zomato.com/ncr/alpha-2-restaurants,Unknown,Unknown,Unknown,Restaurant
2628,malka ganj,33100,18,195,$0.12,3,19,https://www.zomato.com/ncr/dhaba?zomato_place_id=115123,Unknown,Unknown,Unknown,Unknown
2629,kanakapura road,33100,19,185,$0.20,4,29,https://www.zomato.com/bangalore/kanakapura-road-restaurants,Bangalore,Karnataka,India,Restaurant
2630,jayanagar restaurants,33100,5,5362,$0.05,11,31,https://www.zomato.com/bangalore/jayanagar-restaurants,Bangalore,Karnataka,India,Restaurant
2631,j w marriott hotel chandigarh,33100,16,195,$0.40,16,40,https://www.zomato.com/chandigarh/restaurants/in/jw-marriott,Chandigarh,Chandigarh,India,Restaurant
2632,italian cuisine near me,33100,5,10062,$0.74,12,18,https://www.zomato.com/solapur/restaurants/italian,Unknown,Unknown,Unknown,Restaurant
2633,new shop,33100,12,652,$0.11,2,21,https://www.zomato.com/ludhiana/the-new-shop-24-hours-shastri-nagar,Unknown,Unknown,Unknown,Unknown
2634,dhaba near,33100,4,10062,$0.06,5,28,https://www.zomato.com/dhabas-near-me,Unknown,Unknown,Unknown,Unknown
2635,d bapi biriyani,18100,6,5362,$0.10,6,20,https://www.zomato.com/kolkata/d-bapi-biriyani-2-barrackpore,Kolkata,West Bengal,India,Bar
2636,c scheme jaipur,33100,3,10062,$0.11,5,20,https://www.zomato.com/jaipur/c-scheme-restaurants,Jaipur,Rajasthan,India,Restaurant
2637,big bull club,6600,5,3220,$0.22,8,36,https://www.zomato.com/hyderabad/big-bull-financial-district,Hyderabad,Telangana,India,Unknown
2638,chalukya samrat restaurant,18100,5,5362,$0.15,6,22,https://www.zomato.com/bangalore/chalukya-samrat-cafe-since-1977-seshadripuram-bangalore,Bangalore,Karnataka,India,Cafe
2639,zero40 brewery,33100,2,5362,$0.12,4,27,https://www.zomato.com/hyderabad/zero40-brewing-jubilee-hills,Hyderabad,Telangana,India,Unknown
2640,zero 40 brewing,33100,3,10062,$0,5,24,https://www.zomato.com/hyderabad/zero40-brewing-jubilee-hills,Hyderabad,Telangana,India,Unknown
2641,unity one rohini,27100,5,2181,$0,6,23,https://www.zomato.com/ncr/restaurants/in/unity-one-mall-rohini,Unknown,Unknown,Unknown,Restaurant
2642,taj ganges varanasi,33100,16,248,$0.35,33,39,https://www.zomato.com/varanasi/restaurants/in/taj-ganges-nadesar,Varanasi,Uttar Pradesh,India,Restaurant
2643,socials near me,22200,4,10062,$0,3,20,https://www.zomato.com/mumbai/restaurants/social?landmark_id=452&category=2,Mumbai,Maharashtra,India,Restaurant
2644,nearest veg restaurant,18100,5,5362,$0.15,10,22,https://www.zomato.com/restaurants-near-me,Unknown,Unknown,Unknown,Restaurant
2645,near veg restaurant,18100,5,5362,$0.22,11,22,https://www.zomato.com/pune/pimpri-chinchwad-area-restaurants?veg=1,Pune,Maharashtra,India,Restaurant
2646,midc andheri,14800,38,69,$0.12,12,17,https://www.zomato.com/mumbai/midc-restaurant-mahakali,Mumbai,Maharashtra,India,Restaurant
2647,lotus pond,27100,4,10062,$0.03,4,28,https://www.zomato.com/ncr/lotus-pond-new-friends-colony-new-delhi,Unknown,Unknown,Unknown,Unknown
2648,kashi cafe,22200,7,3220,$0,3,25,https://www.zomato.com/kochi/kashi-art-cafe-fort-kochi,Kochi,Kerala,India,Cafe
2649,pb's,33100,2,10062,$1.19,1,22,https://www.zomato.com/hyderabad/pbs-fast-food-kukatpally,Hyderabad,Telangana,India,Fast Food
2650,pasta near me,33100,2,10062,$0.30,8,25,https://www.zomato.com/mumbai/restaurants/pasta,Mumbai,Maharashtra,India,Restaurant
2651,food square,27100,10,1552,$0.63,8,29,https://www.zomato.com/mumbai/food-square-cafe-santacruz-west,Mumbai,Maharashtra,India,Cafe
2652,food delivery app,27100,26,76,$0.28,28,30,https://www.zomato.com/mumbai/delivery,Mumbai,Maharashtra,India,Unknown
2653,donne biryani,33100,8,5362,$0.30,1,28,https://www.zomato.com/bangalore/restaurants/chickpet-donne-biryani-house,Bangalore,Karnataka,India,Restaurant
2654,izumi bandra,22200,4,5362,$0,7,27,https://www.zomato.com/mumbai/izumi-linking-road-bandra-west,Mumbai,Maharashtra,India,Unknown
2655,hotel gateway varanasi,33100,24,79,$0.39,35,19,https://www.zomato.com/varanasi/chowk-the-gateway-hotel-nadesar,Varanasi,Uttar Pradesh,India,Hotel
2656,bhartiya mall,33100,8,847,$0,1,28,https://www.zomato.com/bangalore/restaurants/in/bhartiya-mall-of-bengaluru,Bangalore,Karnataka,India,Restaurant
2657,annapurna restaurants,33100,6,5362,$0.05,1,22,https://www.zomato.com/nagpur/annapurna-restaurant-1-lakadganj,Nagpur,Maharashtra,India,Restaurant
2658,curlies anjuna beach,33100,3,10062,$0.17,3,23,https://www.zomato.com/goa/curlies-anjuna,Goa,Goa,India,Unknown
2659,coffee day,40500,8,2181,$0.02,2,31,https://www.zomato.com/mumbai/restaurants/cafe-coffee-day,Mumbai,Maharashtra,India,Restaurant
2660,bombay sweet shop,18100,8,3220,$0.42,97,48,https://www.zomato.com/mumbai/bombay-sweet-shop-byculla,Mumbai,Maharashtra,India,Sweet Shop
2661,basheer bagh hyderabad,33100,15,301,$0,5,24,https://www.zomato.com/hyderabad/basheer-bagh-restaurants,Hyderabad,Telangana,India,Restaurant
2662,worldmark 1 aerocity new delhi,9900,1,10062,$0.13,4,17,https://www.zomato.com/ncr/restaurants/in/worldmark-1-aerocity,Unknown,Unknown,Unknown,Restaurant
2663,vivanta by taj dwarka delhi,18100,15,301,$0.49,46,41,https://www.zomato.com/ncr/restaurants/in/vivanta-new-delhi-dwarka,Unknown,Unknown,Unknown,Restaurant
2664,trident in gurgaon,33100,17,248,$1.51,27,35,https://www.zomato.com/ncr/restaurants/in/trident-udyog-vihar,Unknown,Unknown,Unknown,Restaurant
2665,shrimp krishna images,33100,28,69,$0.01,64,30,https://www.zomato.com/ncr/shree-krishna-udupi-paschim-vihar-new-delhi/photos?amp=1,Unknown,Unknown,Unknown,Unknown
2666,sea princess hotel juhu mumbai,33100,11,496,$0.33,17,21,https://www.zomato.com/mumbai/restaurants/in/sea-princess-juhu,Mumbai,Maharashtra,India,Restaurant
2667,saket new delhi,33100,15,301,$0.20,2,36,https://www.zomato.com/ncr/saket-delhi-restaurants,Unknown,Unknown,Unknown,Restaurant
2668,restaurants italian near me,33100,4,10062,$0.07,15,22,https://www.zomato.com/italian-restaurants-near-me,Unknown,Unknown,Unknown,Restaurant
2669,restaurant bukhara delhi,33100,3,10062,$0.30,3,28,https://www.zomato.com/ncr/bukhara-itc-maurya-chanakyapuri-new-delhi,Unknown,Unknown,Unknown,Unknown
2670,ranjit avenue amritsar,33100,5,3220,$0.23,4,24,https://www.zomato.com/amritsar/ranjit-avenue-restaurants,Unknown,Unknown,Unknown,Restaurant
2671,radisson hotel nagpur,33100,11,496,$0.33,28,27,https://www.zomato.com/nagpur/restaurants/in/radisson-blu-hotel-nagpur,Nagpur,Maharashtra,India,Restaurant
2672,the barbeque time,33100,3,10062,$0.07,7,25,https://www.zomato.com/ncr/the-barbeque-times-sector-50-gurgaon,Unknown,Unknown,Unknown,Bar
2673,taj connemara chennai,33100,9,847,$0.52,26,34,https://www.zomato.com/chennai/restaurants/in/taj-connemara-chennai,Chennai,Tamil Nadu,India,Restaurant
2674,street food,40500,8,5362,$0,2,64,https://www.zomato.com/mumbai/restaurants/street-food,Mumbai,Maharashtra,India,Restaurant
2675,spicy venue jubilee hills,33100,3,10062,$0.20,4,21,https://www.zomato.com/hyderabad/the-spicy-venue-jubilee-hills,Hyderabad,Telangana,India,Unknown
2676,social near me,33100,6,5362,$0.06,2,22,https://www.zomato.com/ncr/restaurace/social?category=2,Unknown,Unknown,Unknown,Unknown
2677,nani's tiffin,33100,4,10062,$0.07,2,21,https://www.zomato.com/hyderabad/nanis-tiffins-kondapur,Hyderabad,Telangana,India,Unknown
2678,nadra bus stand bhopal madhya pradesh,33100,35,69,$0.07,4,19,https://www.zomato.com/bhopal/nadra-bus-station-restaurants,Unknown,Unknown,Unknown,Restaurant
2679,eva's,33100,6,5362,$0.03,1,21,https://www.zomato.com/mumbai/evas-pizza-marol,Mumbai,Maharashtra,India,Pizza
2680,east coast at madras square,27100,3,10062,$0.03,9,16,https://www.zomato.com/chennai/east-coast-at-madras-square-neelangarai,Chennai,Tamil Nadu,India,Unknown
2681,curlies goa anjuna,33100,3,10062,$0.14,3,21,https://www.zomato.com/goa/curlies-anjuna,Goa,Goa,India,Unknown
2682,coffee places near me,27100,4,10062,$0.16,12,17,https://www.zomato.com/cafes-near-me,Unknown,Unknown,Unknown,Cafe
2683,cheesecake near me,33100,4,10062,$0.13,23,29,https://www.zomato.com/mumbai/delivery/dish-cheesecake,Mumbai,Maharashtra,India,Unknown
2684,cafe wink,40500,3,10062,$0,3,31,https://www.zomato.com/ncr/cafe-wink-anand-vihar-new-delhi,Unknown,Unknown,Unknown,Cafe
2685,bowling lane near me,33100,16,195,$0.07,3,37,https://www.zomato.com/ncr/neon-cafe-bowl-saket-new-delhi,Unknown,Unknown,Unknown,Cafe
2686,hotel vijay park koyambedu,2900,18,168,$0.22,12,18,https://www.zomato.com/chennai/restaurants/in/vijay-park-hotel,Chennai,Tamil Nadu,India,Restaurant
2687,hotel taj ganges varanasi,33100,10,652,$0.35,33,41,https://www.zomato.com/varanasi/restaurants/in/taj-ganges-nadesar,Varanasi,Uttar Pradesh,India,Restaurant
2688,henny,40500,16,248,$0,1,43,https://www.zomato.com/hennys-gourmet-food-truck,Unknown,Unknown,Unknown,Unknown
2689,goregaon sports club,33100,11,496,$0,6,24,https://www.zomato.com/mumbai/goregaon-sports-club-malad-west,Mumbai,Maharashtra,India,Unknown
2690,food web,33100,63,69,$0,1,71,https://www.zomato.com/,Unknown,Unknown,Unknown,Unknown
2691,food delivery application,27100,3,5362,$0.28,28,30,https://www.zomato.com/,Unknown,Unknown,Unknown,Unknown
2692,food delivery,33100,2,5362,$0.21,17,90,https://www.zomato.com/,Unknown,Unknown,Unknown,Unknown
2693,fast food restaurants near me,22200,5,10062,$0.23,8,14,https://www.zomato.com/restaurants-near-me,Unknown,Unknown,Unknown,Restaurant
2694,bikaner house,22200,7,2181,$0,6,26,https://www.zomato.com/ncr/restaurants/in/bikaner-house,Unknown,Unknown,Unknown,Restaurant
2695,anandam,22200,11,496,$0,3,38,https://www.zomato.com/dehradun/anandam-ballupur,Dehradun,Uttarakhand,India,Unknown
2696,amethyst café chennai,33100,3,10062,$0.11,4,20,https://www.zomato.com/chennai/amethyst-cafe-thousand-lights,Chennai,Tamil Nadu,India,Cafe
2697,namakkal town,33100,28,76,$0.14,1,38,https://www.zomato.com/namakkal/basil-town-namakkal-locality/order,Unknown,Unknown,Unknown,Unknown
2698,krishna palace mumbai,33100,4,3220,$0.16,13,26,https://www.zomato.com/mumbai/restaurants/in/hotel-krishna-palace,Mumbai,Maharashtra,India,Restaurant
2699,vijay park,33100,10,847,$0.16,7,30,https://www.zomato.com/chennai/restaurants/in/vijay-park-hotel,Chennai,Tamil Nadu,India,Restaurant
2700,veg thali near me,33100,5,5362,$0.13,5,16,https://www.zomato.com/dehradun/delivery/dish-veg-thali,Dehradun,Uttarakhand,India,Unknown
2701,the leela palace jaipur,33100,7,1552,$0.19,17,20,https://www.zomato.com/jaipur/restaurants/in/the-leela-palace,Jaipur,Rajasthan,India,Restaurant
2702,my bar headquarters new delhi delhi,33100,3,10062,$0.10,2,25,https://www.zomato.com/ncr/my-bar-headquarters-connaught-place-new-delhi,Unknown,Unknown,Unknown,Bar
2703,my bar headquarters connaught place,33100,3,10062,$0.10,2,21,https://www.zomato.com/ncr/my-bar-headquarters-connaught-place-new-delhi,Unknown,Unknown,Unknown,Bar
2704,maharaja bhog,27100,6,3220,$0.16,7,29,https://www.zomato.com/hi/mumbai/maharaja-bhog-goregaon-east,Mumbai,Maharashtra,India,Unknown
2705,kashi art cafe,33100,4,5362,$0,1,23,https://www.zomato.com/kochi/kashi-art-cafe-fort-kochi,Kochi,Kerala,India,Cafe
2706,rasoi punjab,33100,1,10062,$0.21,2,21,https://www.zomato.com/pune/rasoi-punjab-lohegaon,Pune,Maharashtra,India,Unknown
2707,radisson nagpur,33100,13,374,$0.33,28,28,https://www.zomato.com/nagpur/restaurants/in/radisson-blu-hotel-nagpur,Nagpur,Maharashtra,India,Restaurant
2708,radisson blu faridabad,33100,9,847,$0.18,26,30,https://www.zomato.com/ncr/restaurants/in/radisson-blu-faridabad-sector-20-faridabad,Unknown,Unknown,Unknown,Restaurant
2709,phase 7,33100,12,496,$0.07,5,23,https://www.zomato.com/chandigarh/phase-7-mohali-restaurants,Chandigarh,Chandigarh,India,Restaurant
2710,pebble downtown,27100,7,1118,$0,6,28,https://www.zomato.com/ncr/restaurants/in/pebble-downtown,Unknown,Unknown,Unknown,Restaurant
2711,pasta foods near me,33100,2,10062,$0.09,10,22,https://www.zomato.com/chennai/restaurants/pasta,Chennai,Tamil Nadu,India,Restaurant
2712,fast foods and restaurants near me,33100,6,10062,$0.04,12,22,https://www.zomato.com/fast-food-restaurants-near-me,Unknown,Unknown,Unknown,Restaurant
2713,e v p cinemas,33100,6,1118,$0.39,1,21,https://www.zomato.com/chennai/evp-cinemas-chembarambakkam/order,Chennai,Tamil Nadu,India,Bar
2714,dwarka sector 6,33100,7,2181,$0.18,9,25,https://www.zomato.com/ncr/sector-6-dwarka-restaurants,Unknown,Unknown,Unknown,Restaurant
2715,krishna chowk,33100,11,496,$0.12,5,22,https://www.zomato.com/pune/krishna-pure-veg-3-pimple-gurav,Pune,Maharashtra,India,Unknown
2716,kala cafe,33100,3,10062,$0.08,4,25,https://www.zomato.com/ncr/kala-cafe-1-parliament-street-new-delhi,Unknown,Unknown,Unknown,Cafe
2717,italian food restaurants near me,33100,4,10062,$0.07,12,28,https://www.zomato.com/meerut/restaurants/italian,Unknown,Unknown,Unknown,Restaurant
2718,hotels near me for dinner,33100,3,10062,$0.37,8,17,https://www.zomato.com/restaurants-near-me,Unknown,Unknown,Unknown,Restaurant
2719,hotels in bangalore,60500,99,69,$0.38,97,61,https://www.zomato.com/bangalore/restaurants,Bangalore,Karnataka,India,Restaurant
2720,hotel amar palace jaipur,33100,8,847,$0.14,3,15,https://www.zomato.com/jaipur/amaari-cafe-by-hotel-amar-palace-ajmer-highway/menu,Jaipur,Rajasthan,India,Cafe
2721,hot chips near me,33100,5,5362,$0.44,2,15,https://www.zomato.com/chennai/restaurants/hot-chips?category=8,Chennai,Tamil Nadu,India,Restaurant
2722,grand hyatt,33100,16,248,$0.57,10,31,https://www.zomato.com/mumbai/restaurants/in/grand-hyatt-mumbai-residences-santacruz-east,Mumbai,Maharashtra,India,Restaurant
2723,best restaurants of ahmedabad,33100,4,10062,$0.03,9,25,https://www.zomato.com/ahmedabad/restaurants,Ahmedabad,Gujarat,India,Restaurant
2724,apna dhaba,22200,4,10062,$0.10,2,25,https://www.zomato.com/bangalore/apna-dhaba-taste-of-punjab-hsr-bangalore,Bangalore,Karnataka,India,Unknown
2725,aesthetic coffee shop near me,27100,7,3220,$0.18,7,16,https://www.zomato.com/cafes-near-me,Unknown,Unknown,Unknown,Cafe
2726,aditya city centre,33100,5,2181,$0.13,6,18,https://www.zomato.com/ncr/restaurants/in/aditya-mall-ghaziabad,Unknown,Unknown,Unknown,Restaurant
2727,aamchi mango ice cream,9900,11,847,$0.05,12,27,https://www.zomato.com/ahmedabad/hocco-ice-cream-1-navrangpura/order,Ahmedabad,Gujarat,India,Ice Cream
2728,3rd cross road,33100,18,168,$0.13,5,20,https://www.zomato.com/kochi/3rd-cross-steak-house-and-grills-panampilly-nagar,Kochi,Kerala,India,Unknown
2729,cyber city gurgaon,33100,10,1552,$0.40,1,23,https://www.zomato.com/ncr/restaurants/in/cyber-hub-dlf-cyber-city,Unknown,Unknown,Unknown,Restaurant
2730,combo,27100,16,301,$0.02,1,40,https://www.zomato.com/mumbai/the-combo-company-marol/order,Mumbai,Maharashtra,India,Unknown
2731,chocolate and bread,33100,8,3220,$0.08,3,22,https://www.zomato.com/puducherry/bread-chocolate-white-town,Unknown,Unknown,Unknown,Unknown
2732,the club andheri west,27100,6,1552,$0,4,15,https://www.zomato.com/mumbai/flavours-of-the-club-azad-nagar,Mumbai,Maharashtra,India,Unknown
2733,swiggy partner login,40500,24,76,$0.38,1,25,https://www.zomato.com/partners/login,Unknown,Unknown,Unknown,Unknown
2734,summer bistro,27100,3,10062,$0.10,2,22,https://www.zomato.com/hyderabad/summer-bistro-jubilee-hills,Hyderabad,Telangana,India,Unknown
2735,spicy venue,33100,4,10062,$0.73,8,30,https://www.zomato.com/hyderabad/the-spicy-venue-jubilee-hills,Hyderabad,Telangana,India,Unknown
2736,sector 14 market,33100,21,142,$0.03,1,27,https://www.zomato.com/ncr/sector-14-gurgaon-gurugram-restaurants,Unknown,Unknown,Unknown,Restaurant
2737,unity one mall rohini,27100,4,2181,$0,6,15,https://www.zomato.com/ncr/restaurants/in/unity-one-mall-rohini,Unknown,Unknown,Unknown,Restaurant
2738,the club mumbai andheri,27100,14,496,$0.26,4,19,https://www.zomato.com/mumbai/by-the-waterside-at-the-club-azad-nagar,Mumbai,Maharashtra,India,Unknown
2739,thali restaurants near me,33100,4,10062,$0.18,9,17,https://www.zomato.com/mumbai/best-thali,Mumbai,Maharashtra,India,Unknown
2740,taj vivanta dwarka,18100,6,2181,$0.27,49,33,https://www.zomato.com/ncr/restaurants/in/vivanta-new-delhi-dwarka,Unknown,Unknown,Unknown,Restaurant
2741,taj ganges,33100,10,637,$0.17,31,37,https://www.zomato.com/varanasi/restaurants/in/taj-ganges-nadesar,Varanasi,Uttar Pradesh,India,Restaurant
2742,siri fort auditorium in delhi,33100,20,142,$0.25,4,24,https://www.zomato.com/ncr/siri-fort-auditorium-khel-gaon-marg-new-delhi,Unknown,Unknown,Unknown,Unknown
2743,siri fort auditorium,33100,17,248,$0,4,24,https://www.zomato.com/ncr/siri-fort-auditorium-khel-gaon-marg-new-delhi,Unknown,Unknown,Unknown,Unknown
2744,shree balaji agora mall,40500,12,652,$0,6,19,https://www.zomato.com/ahmedabad/restaurants/in/shree-balaji-agora-mall-chandkheda,Ahmedabad,Gujarat,India,Restaurant
2745,sharma house,33100,17,374,$0.15,2,21,https://www.zomato.com/ncr/shawarma-house-golf-course-road,Unknown,Unknown,Unknown,Unknown
2746,library chowk,27100,26,89,$0,6,28,https://www.zomato.com/mussoorie/caf%C3%A9-library-the-mall-road,Unknown,Unknown,Unknown,Unknown
2747,rj's,33100,5,10062,$0.28,1,41,https://www.zomato.com/pune/rjs-sandwich-bibvewadi,Pune,Maharashtra,India,Unknown
2748,restaurants in koramangala bangalore,33100,5,5362,$0.04,10,20,https://www.zomato.com/bangalore/koramangala-restaurants,Bangalore,Karnataka,India,Restaurant
2749,restaurants in koramangala,40500,5,5362,$0.15,3,26,https://www.zomato.com/bangalore/koramangala-restaurants,Bangalore,Karnataka,India,Restaurant
2750,restaurants in hsr layout,33100,4,10062,$0.53,14,19,https://www.zomato.com/bangalore/hsr-restaurants,Bangalore,Karnataka,India,Restaurant
2751,restaurants bangalore jayanagar,33100,4,10062,$0.06,13,24,https://www.zomato.com/bangalore/jayanagar-restaurants,Bangalore,Karnataka,India,Restaurant
2752,ramen near me,33100,4,10062,$0.20,9,25,https://www.zomato.com/mumbai/restaurants/ramen,Mumbai,Maharashtra,India,Restaurant
2753,pnr number check,33100,94,69,$0.01,10,26,https://www.zomato.com/order-food-online-in-train,Unknown,Unknown,Unknown,Unknown
2754,oxford golf resort,27100,24,79,$0.10,36,32,https://www.zomato.com/pune/frangipani-oxford-golf-resort-lavale,Pune,Maharashtra,India,Unknown
2755,hotel kannappa,33100,5,10062,$0.11,2,28,https://www.zomato.com/coimbatore/hotel-kannappa-sitra,Unknown,Unknown,Unknown,Hotel
2756,lassi shop near me,27100,4,10062,$0.77,1,14,https://www.zomato.com/bangalore/restaurants/lassi-shop,Bangalore,Karnataka,India,Restaurant
2757,jaripatka,33100,15,496,$0,5,42,https://www.zomato.com/nagpur/jaripatka-restaurants,Nagpur,Maharashtra,India,Restaurant
2758,ibis bengaluru city centre,33100,9,847,$0.25,24,22,https://www.zomato.com/bangalore/spice-it-ibis-bengaluru-city-centre-lavelle-road-bangalore,Bangalore,Karnataka,India,Unknown
2759,hotel club victoria puri,33100,13,374,$0.06,28,22,https://www.zomato.com/puri/victoria-club-hotel-purussottam-nagar,Unknown,Unknown,Unknown,Hotel
2760,club road,33100,2,10062,$0.11,3,21,https://www.zomato.com/ncr/restaurants/in/club-road-punjabi-bagh,Unknown,Unknown,Unknown,Restaurant
2761,cakes and brownies,33100,27,142,$0.05,32,21,https://www.zomato.com/chennai/cakes-by-brownie-heaven-anna-nagar-west,Chennai,Tamil Nadu,India,Unknown
2762,cafe nearby,40500,4,10062,$0.18,13,34,https://www.zomato.com/cafes-near-me,Unknown,Unknown,Unknown,Cafe
2763,food food delivery,33100,5,5362,$0.36,15,25,https://www.zomato.com/mumbai/delivery,Mumbai,Maharashtra,India,Unknown
2764,f c road social,33100,1,10062,$0.24,4,20,https://www.zomato.com/pune/fc-road-social-shivaji-nagar,Pune,Maharashtra,India,Unknown
2765,ek number,33100,10,496,$0,1,27,https://www.zomato.com/agra/ek-number-twisted-indian-cafe-civil-lines,Agra,Uttar Pradesh,India,Cafe
2766,dp foods,9900,15,301,$0,1,40,https://www.zomato.com/deliver-food/,Unknown,Unknown,Unknown,Unknown
2767,best restaurants in delhi,40500,4,10062,$0.21,8,20,https://www.zomato.com/ncr/restaurants,Unknown,Unknown,Unknown,Restaurant
2768,bangalore club,33100,16,185,$0.39,6,29,https://www.zomato.com/bangalore/club,Bangalore,Karnataka,India,Unknown
2769,ambur biryani,27100,9,3220,$0.06,2,27,https://www.zomato.com/bangalore/ambur-star-briyani-since-1890-indiranagar-bangalore,Bangalore,Karnataka,India,Unknown
2770,2nd cross road,33100,20,142,$0.10,5,16,https://www.zomato.com/mumbai/crossroad-restaurant-bar-vile-parle-west,Mumbai,Maharashtra,India,Restaurant
2771,summer house delhi,33100,2,5362,$0.10,2,23,https://www.zomato.com/ncr/summer-house-cafe-hauz-khas-new-delhi,Unknown,Unknown,Unknown,Cafe
2772,sky high sky high,33100,26,79,$0.36,1,45,https://www.zomato.com/ncr/the-sky-high-vasant-kunj-new-delhi,Unknown,Unknown,Unknown,Unknown
2773,saffron restaurant,33100,5,5362,$0.09,5,29,https://www.zomato.com/ahmedabad/saffron-navrangpura,Ahmedabad,Gujarat,India,Unknown
2774,rooftop restaurant near me,33100,4,10062,$0.48,10,18,https://www.zomato.com/ahmedabad/rooftop,Ahmedabad,Gujarat,India,Unknown
2775,fc road social,33100,1,10062,$0,6,24,https://www.zomato.com/pune/fc-road-social-shivaji-nagar,Pune,Maharashtra,India,Unknown
2776,cream craver,22200,3,10062,$0,4,26,https://www.zomato.com/pune/cream-craver-camp-area,Pune,Maharashtra,India,Unknown
2777,corner house indiranagar,27100,3,10062,$0,7,24,https://www.zomato.com/bangalore/corner-house-ice-creams-indiranagar-bangalore,Bangalore,Karnataka,India,Ice Cream
2778,chembur k star mall,33100,5,1552,$0,3,15,https://www.zomato.com/mumbai/restaurants/in/k-star-mall-chembur,Mumbai,Maharashtra,India,Restaurant
2779,cake order online,33100,5,2181,$0.28,99,52,https://www.zomato.com/ncr/delivery/dish-cake,Unknown,Unknown,Unknown,Unknown
2780,north indian food restaurants near me,27100,4,10062,$0.22,9,16,https://www.zomato.com/mumbai/restaurants/north-indian,Mumbai,Maharashtra,India,Restaurant
2781,new aatish market,33100,48,69,$0.02,4,22,https://www.zomato.com/jaipur/best-online-ordering-restaurants?landmark_id=547&cft=2&delivery-time=0&min-order=1&lang=por&user_lang_change=1,Jaipur,Rajasthan,India,Restaurant
2782,minerva coffee shop,27100,6,5362,$3.49,6,23,https://www.zomato.com/hyderabad/minerva-coffee-shop-himayath-nagar,Hyderabad,Telangana,India,Coffee
2783,mainland china,590,7,2181,$0,1,18,https://www.zomato.com/mumbai/mainland-china-powai,Mumbai,Maharashtra,India,Unknown
2784,little italy,33100,6,5362,$0.05,3,23,https://www.zomato.com/hyderabad/little-italy-jubilee-hills,Hyderabad,Telangana,India,Unknown
2785,leela palace jaipur,27100,8,1412,$0.20,52,37,https://www.zomato.com/jaipur/restaurants/in/the-leela-palace,Jaipur,Rajasthan,India,Restaurant
2786,kashi cafe fort kochi,33100,3,10062,$0.05,1,25,https://www.zomato.com/kochi/kashi-art-cafe-fort-kochi,Kochi,Kerala,India,Cafe
2787,itc parel mumbai,27100,8,1118,$0.96,44,32,https://www.zomato.com/mumbai/restaurants/in/itc-grand-central-parel,Mumbai,Maharashtra,India,Restaurant
2788,igp cake,27100,6,3220,$0.34,100,57,https://www.zomato.com/bangalore/igp-cakes-marathahalli-bangalore,Bangalore,Karnataka,India,Unknown
2789,ibis city center bangalore,33100,12,496,$0.57,24,22,https://www.zomato.com/bangalore/spice-it-ibis-bengaluru-city-centre-lavelle-road-bangalore,Bangalore,Karnataka,India,Unknown
2790,hsr layout restaurants bangalore,33100,4,10062,$0.05,16,23,https://www.zomato.com/bangalore/hsr-restaurants,Bangalore,Karnataka,India,Restaurant
2791,hotel taj vivanta dwarka,18100,32,65,$0.49,51,39,https://www.zomato.com/ncr/creo-vivanta-new-delhi-dwarka-sector-21-dwarka-new-delhi,Unknown,Unknown,Unknown,Unknown
2792,hotel original vinayaka mylari,8100,4,5362,$0.17,10,23,https://www.zomato.com/mysore/original-vinayaka-mylari-doora,Unknown,Unknown,Unknown,Unknown
2793,hotel jatra,33100,5,5362,$0,7,19,https://www.zomato.com/mumbai/hotel-jatra-3-panch-pakhadi-thane-west-thane,Mumbai,Maharashtra,India,Hotel
2794,hotel golden palace,33100,29,69,$0.11,15,20,https://www.zomato.com/mumbai/hotel-golden-palace-sanpada-navi-mumbai,Mumbai,Maharashtra,India,Hotel
2795,best non vegetarian hotel near me,33100,14,652,$0.03,10,21,https://www.zomato.com/aurangabad/best-mughlai-restaurants,Unknown,Unknown,Unknown,Restaurant
2796,bangalore restaurants koramangala,33100,4,10062,$0.05,12,28,https://www.zomato.com/bangalore/koramangala-restaurants,Bangalore,Karnataka,India,Restaurant
2797,café wink,33100,3,10062,$0.12,2,25,https://www.zomato.com/ncr/cafe-wink-anand-vihar-new-delhi,Unknown,Unknown,Unknown,Cafe
2798,cafeteria,33100,7,5362,$0,1,41,https://www.zomato.com/ncr/cafeteria-co-nit-faridabad,Unknown,Unknown,Unknown,Cafe
2799,cafe nur,12100,3,10062,$1.35,5,33,https://www.zomato.com/mumbai/cafe-nur-fort,Mumbai,Maharashtra,India,Cafe
2800,patties,33100,10,2181,$0,1,40,https://www.zomato.com/ncr/patticious-dlf-phase-3-gurgaon/order,Unknown,Unknown,Unknown,Unknown
2801,udupi restaurant,33100,7,3220,$0,1,28,https://www.zomato.com/manipal/best-udupi-restaurants,Unknown,Unknown,Unknown,Restaurant
2802,radisson blu hotel delhi paschim vihar,33100,25,76,$0.50,35,29,https://www.zomato.com/ncr/level-2-radisson-blu-paschim-vihar-new-delhi,Unknown,Unknown,Unknown,Unknown
2803,maharaja hotel,27100,9,1118,$0.19,9,29,https://www.zomato.com/bhubaneswar/maharaja-hotel-restaurant-sahid-nagar-bhubaneshwar,Unknown,Unknown,Unknown,Restaurant
2804,k k nagar,33100,39,69,$0.11,2,30,https://www.zomato.com/chennai/kk-nagar-restaurants,Chennai,Tamil Nadu,India,Restaurant
2805,jalebi chowk,27100,12,652,$0.13,4,24,https://www.zomato.com/ncr/old-famous-jalebi-wala-chandni-chowk-new-delhi,Unknown,Unknown,Unknown,Unknown
2806,italian restaurants near me,27100,3,5362,$0.46,11,17,https://www.zomato.com/hyderabad/restaurants/italian,Hyderabad,Telangana,India,Restaurant
2807,ibis thane,33100,9,813,$0.54,24,22,https://www.zomato.com/mumbai/spice-it-ibis-thane-majiwada-thane-west-thane,Mumbai,Maharashtra,India,Unknown
2808,malai chaap,33100,8,1552,$0.12,1,28,https://www.zomato.com/ncr/restaurants/dish-malai-soya-chaap,Unknown,Unknown,Unknown,Restaurant
2809,leela palace chennai,33100,15,355,$0.46,53,38,https://www.zomato.com/chennai/restaurants/in/the-leela-palace-chennai,Chennai,Tamil Nadu,India,Restaurant
2810,cake online order,33100,9,652,$0.38,100,53,https://www.zomato.com/ncr/delivery/dish-cake,Unknown,Unknown,Unknown,Unknown
2811,cafes in jubilee hills,33100,7,3220,$0,7,17,https://www.zomato.com/hyderabad/jubilee-hills-restaurants/caf%C3%A9,Hyderabad,Telangana,India,Restaurant
2812,cafe near,33100,4,10062,$0.14,13,31,https://www.zomato.com/cafes-near-me,Unknown,Unknown,Unknown,Cafe
2813,bukhara restaurant,27100,4,10062,$0.10,12,30,https://www.zomato.com/ncr/bukhara-itc-maurya-chanakyapuri-new-delhi,Unknown,Unknown,Unknown,Unknown
2814,bukhara,27100,4,5362,$0.09,3,40,https://www.zomato.com/ncr/bukhara-itc-maurya-chanakyapuri-new-delhi,Unknown,Unknown,Unknown,Unknown
2815,boho koramangala,22200,4,5362,$0,11,28,https://www.zomato.com/bangalore/boho-koramangala-5th-block,Bangalore,Karnataka,India,Unknown
2816,german bakery,33100,5,5362,$0.33,4,29,https://www.zomato.com/pune/german-bakery-koregaon-park,Pune,Maharashtra,India,Bakery
2817,anjuna beach curlies,33100,3,10062,$0.23,3,21,https://www.zomato.com/goa/curlies-anjuna,Goa,Goa,India,Unknown
2818,aesthetic cafes near me,27100,5,5362,$0.16,7,16,https://www.zomato.com/cafes-near-me,Unknown,Unknown,Unknown,Cafe
2819,7 heaven,27100,8,1118,$0.05,3,27,https://www.zomato.com/mumbai/7th-heaven-mulund-west,Mumbai,Maharashtra,India,Unknown
2820,1st cross road,33100,36,69,$0.16,5,17,https://www.zomato.com/chennai/crossroads-1-anna-nagar-east,Chennai,Tamil Nadu,India,Unknown
2821,sector 6 dwarka,33100,9,1118,$0.16,5,24,https://www.zomato.com/ncr/sector-6-dwarka-restaurants,Unknown,Unknown,Unknown,Restaurant
2822,scarlett house,33100,4,5362,$0.17,3,22,https://www.zomato.com/mumbai/scarlett-house-2-pali-hill-bandra-west,Mumbai,Maharashtra,India,Unknown
2823,sanchez manyata,33100,3,10062,$0,1,19,https://www.zomato.com/bangalore/sanchez-nagawara-bangalore,Bangalore,Karnataka,India,Unknown
2824,restaurant near me open near me,27100,4,10062,$0.07,10,72,https://www.zomato.com/restaurants-near-me,Unknown,Unknown,Unknown,Restaurant
2825,restaurant koramangala,40500,5,5362,$0.15,3,31,https://www.zomato.com/bangalore/koramangala-restaurants,Bangalore,Karnataka,India,Restaurant
2826,trident ggn,33100,39,69,$1.33,24,35,https://www.zomato.com/ncr/cilantro-trident-gurgaon-udyog-vihar,Unknown,Unknown,Unknown,Unknown
2827,vivanta by taj delhi dwarka,33100,17,185,$0.47,39,40,https://www.zomato.com/ncr/restaurants/in/vivanta-new-delhi-dwarka,Unknown,Unknown,Unknown,Restaurant
2828,south indian food near me,33100,4,10062,$0.16,8,17,https://www.zomato.com/south-indian-restaurants-near-me,Unknown,Unknown,Unknown,Restaurant
2829,sindhu bhavan road,27100,58,69,$0,6,23,https://www.zomato.com/ahmedabad/best-bodakdev-restaurants,Ahmedabad,Gujarat,India,Restaurant
2830,saket new delhi delhi,33100,17,195,$0.15,2,19,https://www.zomato.com/ncr/saket-delhi-restaurants,Unknown,Unknown,Unknown,Restaurant
2831,restaurant in jayanagar bangalore,33100,7,2181,$0.04,9,23,https://www.zomato.com/bangalore/jayanagar-restaurants/mexican,Bangalore,Karnataka,India,Restaurant
2832,raj bhog,33100,13,1118,$0.16,1,28,https://www.zomato.com/hi/ncr/raj-bhog-paschim-vihar-new-delhi,Unknown,Unknown,Unknown,Unknown
2833,radisson blu nagpur,33100,11,652,$0.12,32,32,https://www.zomato.com/nagpur/restaurants/in/radisson-blu-hotel-nagpur,Nagpur,Maharashtra,India,Restaurant
2834,radisson blu in paschim vihar,33100,24,79,$0.55,37,37,https://www.zomato.com/ncr/level-2-radisson-blu-paschim-vihar-new-delhi,Unknown,Unknown,Unknown,Unknown
2835,radisson blu hotel ranchi,33100,22,109,$0.14,35,25,https://www.zomato.com/ranchi/waterfront-radisson-blu-kadru,Unknown,Unknown,Unknown,Unknown
2836,tip top plaza thane hotel,33100,6,1118,$0.29,10,22,https://www.zomato.com/mumbai/restaurants/in/hotel-tip-top-plaza-panch-pakhadi,Mumbai,Maharashtra,India,Restaurant
2837,the club andheri west mumbai,27100,14,301,$0.19,6,18,https://www.zomato.com/mumbai/flavours-of-the-club-azad-nagar,Mumbai,Maharashtra,India,Unknown
2838,cafe tesu,33100,5,5362,$0.14,2,28,https://www.zomato.com/ncr/cafe-tesu-adchini-new-delhi,Unknown,Unknown,Unknown,Cafe
2839,burger king koregaon park,18100,3,10062,$0.15,6,23,https://www.zomato.com/pune/burger-king-koregaon-park,Pune,Maharashtra,India,Unknown
2840,logix mall wave city centre,74000,2,5362,$0.22,9,20,https://www.zomato.com/ncr/restaurants/in/logix-city-centre-sector-32,Unknown,Unknown,Unknown,Restaurant
2841,l near me,33100,3,5362,$0,1,39,https://www.zomato.com/restaurants-near-me,Unknown,Unknown,Unknown,Restaurant
2842,koramangala restaurants,33100,5,5362,$0.27,10,31,https://www.zomato.com/bangalore/koramangala-restaurants,Bangalore,Karnataka,India,Restaurant
2843,nearby dhaba,33100,4,10062,$0.18,5,29,https://www.zomato.com/dhabas-near-me,Unknown,Unknown,Unknown,Unknown
2844,my bar hq,33100,3,10062,$0.10,2,42,https://www.zomato.com/ncr/my-bar-headquarters-connaught-place-new-delhi,Unknown,Unknown,Unknown,Bar
2845,domino's menu,40500,9,1552,$0.16,3,31,https://www.zomato.com/ncr/dominos-pizza-3-rohini-new-delhi/menu,Unknown,Unknown,Unknown,Pizza
2846,curlies beach shack anjuna anjuna goa,33100,3,10062,$0.17,3,23,https://www.zomato.com/goa/curlies-anjuna,Goa,Goa,India,Unknown
2847,coffee shops in jubilee hills hyderabad,33100,5,5362,$0.03,7,21,https://www.zomato.com/hyderabad/jubilee-hills-restaurants/caf%C3%A9,Hyderabad,Telangana,India,Restaurant
2848,hotel green park,33100,15,195,$0.27,6,24,https://www.zomato.com/hyderabad/once-upon-a-time-hotel-greenpark-1-begumpet,Hyderabad,Telangana,India,Hotel
2849,high ultra lounge,33100,4,5362,$0.23,2,23,https://www.zomato.com/bangalore/high-ultra-lounge-sheraton-grand-bangalore-hotel-malleshwaram-bangalore,Bangalore,Karnataka,India,Hotel
2850,good restaurants delhi,33100,4,10062,$0.08,6,30,https://www.zomato.com/ncr/restaurants,Unknown,Unknown,Unknown,Restaurant
2851,ginger goa candolim,27100,36,69,$0.37,31,22,https://www.zomato.com/goa/qmin-ginger-hotel-candolim,Goa,Goa,India,Hotel
2852,hyd malls,33100,83,69,$0.05,3,24,https://www.zomato.com/hyderabad/restaurants,Hyderabad,Telangana,India,Restaurant
2853,bhavani peth pune,33100,96,69,$0.10,4,20,https://www.zomato.com/pune/madinah-restaurant-camp-area,Pune,Maharashtra,India,Restaurant
2854,best restaurants new delhi,33100,4,10062,$0.12,7,31,https://www.zomato.com/ncr/restaurants,Unknown,Unknown,Unknown,Restaurant
2855,best restaurants in delhi india,40500,4,10062,$0.33,7,20,https://www.zomato.com/ncr/restaurants,Unknown,Unknown,Unknown,Restaurant
2856,best ahmedabad restaurant,33100,4,10062,$0.05,8,25,https://www.zomato.com/ahmedabad/restaurants,Ahmedabad,Gujarat,India,Restaurant
2857,baglami,33100,3,10062,$0.07,1,40,https://www.zomato.com/mumbai/ba%C4%9Flami-bandra-kurla-complex,Mumbai,Maharashtra,India,Unknown
2858,trident ggn,33100,39,69,$1.33,24,35,https://www.zomato.com/ncr/cilantro-trident-gurgaon-udyog-vihar,Unknown,Unknown,Unknown,Unknown
2859,vivanta hotel dwarka,33100,20,142,$0.47,39,40,https://www.zomato.com/ncr/restaurants/in/vivanta-new-delhi-dwarka,Unknown,Unknown,Unknown,Restaurant
2860,restaurant and fast food near me,27100,4,10062,$0.04,7,65,https://www.zomato.com/restaurants-near-me,Unknown,Unknown,Unknown,Restaurant
2861,relief road,33100,10,1118,$0.10,4,25,https://www.zomato.com/ahmedabad/best-relief-road-restaurants,Ahmedabad,Gujarat,India,Restaurant
2862,rameshwaram cafe mumbai,5400,12,496,$0.05,1,31,https://www.zomato.com/mumbai/cafe-rameshwar-ghatkopar-east,Mumbai,Maharashtra,India,Cafe
2863,radha krishna hotel,27100,4,10062,$0.12,2,22,https://www.zomato.com/mumbai/radha-krishna-ghatkopar-west,Mumbai,Maharashtra,India,Unknown
2864,pushpa park malad east,27100,39,69,$0.13,5,19,https://www.zomato.com/mumbai/prasad-malad-east,Mumbai,Maharashtra,India,Unknown
2865,places in maharashtra,33100,82,69,$0.12,4,45,https://www.zomato.com/pune,Pune,Maharashtra,India,Unknown
2866,park hyatt chennai,33100,12,496,$20.23,30,32,https://www.zomato.com/chennai/restaurants/in/park-hyatt-guindy,Chennai,Tamil Nadu,India,Restaurant
2867,lemon tree premier hotel hyderabad,33100,10,496,$0.50,24,21,https://www.zomato.com/hyderabad/restaurants/in/lemon-tree-hotel-hitech-city,Hyderabad,Telangana,India,Restaurant
2868,jw marriott in kolkata,33100,14,301,$0.45,55,40,https://www.zomato.com/kolkata/restaurants/in/jw-marriott-hotel-kolkata-science-city-area,Kolkata,West Bengal,India,Restaurant
2869,italian joints near me,33100,5,5362,$0.07,12,26,https://www.zomato.com/italian-restaurants-near-me,Unknown,Unknown,Unknown,Restaurant
2870,hotel radisson blu faridabad,33100,23,79,$0.79,23,23,https://www.zomato.com/ncr/broadway-radisson-blu-sector-20-faridabad,Unknown,Unknown,Unknown,Unknown
2871,corona beer price,33100,7,1552,$0,1,22,https://www.zomato.com/bangalore/restaurants/dish-corona-beer,Bangalore,Karnataka,India,Restaurant
2872,bar bq near me,33100,3,5362,$0.03,8,27,https://www.zomato.com/bbq-restaurants-near-me,Unknown,Unknown,Unknown,Restaurant
2873,bagels,33100,27,89,$1.08,2,41,https://www.zomato.com/bangalore/ristoranti/dish-bagel,Bangalore,Karnataka,India,Unknown
2874,annalakshmi restaurant,33100,5,5362,$0.09,4,29,https://www.zomato.com/chennai/annalakshmi-restaurant-chetpet,Chennai,Tamil Nadu,India,Restaurant
2875,ambur star briyani since 1890,33100,5,5362,$0.30,2,22,https://www.zomato.com/bangalore/ambur-star-briyani-since-1890-indiranagar-bangalore,Bangalore,Karnataka,India,Unknown
2876,chawla,33100,4,3220,$0,3,41,https://www.zomato.com/ncr/chawla-chicken-safdarjung-new-delhi,Unknown,Unknown,Unknown,Unknown
2877,ultra high lounge bangalore,33100,4,5362,$0.12,3,21,https://www.zomato.com/bangalore/high-ultra-lounge-sheraton-grand-bangalore-hotel-malleshwaram-bangalore,Bangalore,Karnataka,India,Hotel
2878,titos nightclub goa,33100,20,185,$0.14,3,23,https://www.zomato.com/goa/titos-restaurant-baga,Goa,Goa,India,Restaurant
2879,third wave coffee near me,27100,6,3220,$0.04,12,31,https://www.zomato.com/hyderabad/third-wave-coffee-hitech-city,Hyderabad,Telangana,India,Coffee
2880,sweet bengali,33100,11,2181,$0.05,2,33,https://www.zomato.com/ncr/bengali-sweet-house-mandi-house-new-delhi,Unknown,Unknown,Unknown,Unknown
2881,suspend hindi meaning,33100,78,69,$0,1,25,https://www.zomato.com/policies/terms-of-service/,Unknown,Unknown,Unknown,Unknown
2882,smoke culture by steve,22200,4,5362,$0,2,12,https://www.zomato.com/kochi/smoke-culture-by-steve-ernakulam-city/order,Kochi,Kerala,India,Unknown
2883,sector 168,33100,12,652,$0.15,4,18,https://www.zomato.com/ncr/sector-168-restaurants,Unknown,Unknown,Unknown,Restaurant
2884,zero 40 brewery,33100,4,5362,$0.21,4,27,https://www.zomato.com/hyderabad/zero40-brewing-jubilee-hills,Hyderabad,Telangana,India,Unknown
2885,menu domino's,33100,5,2181,$0.26,1,27,https://www.zomato.com/ncr/dominos-pizza-3-rohini-new-delhi/menu,Unknown,Unknown,Unknown,Pizza
2886,maharaja palace,27100,15,847,$0.10,7,29,https://www.zomato.com/surat/maharaja-palace-restaurant-vesu,Surat,Gujarat,India,Restaurant
2887,macaroons,33100,21,185,$0.57,17,46,https://www.zomato.com/bangalore/restaurants/dish-macaroons,Bangalore,Karnataka,India,Restaurant
2888,jonathan's,40500,4,5362,$0,1,57,https://www.zomato.com/hyderabad/jonathans-kitchen-financial-district,Hyderabad,Telangana,India,Unknown
2889,halt,33100,12,496,$0.35,2,41,https://www.zomato.com/chennai/halt-1-anna-nagar-east,Chennai,Tamil Nadu,India,Unknown
2890,gateway varanasi,33100,12,374,$0.35,33,20,https://www.zomato.com/varanasi/varuna-the-gateway-hotel-nadesar,Varanasi,Uttar Pradesh,India,Hotel
2891,four points sheraton hotel pune,33100,23,79,$0.64,13,29,https://www.zomato.com/pune/the-eatery-four-points-by-sheraton-1-viman-nagar,Pune,Maharashtra,India,Unknown
2892,fish thali near me,27100,5,5362,$0.20,10,17,https://www.zomato.com/mumbai/delivery/dish-fish-thali,Mumbai,Maharashtra,India,Unknown
2893,evp cinemas,49500,6,1118,$0,1,32,https://www.zomato.com/chennai/evp-cinemas-chembarambakkam/photos,Chennai,Tamil Nadu,India,Bar
2894,samosa near me,33100,4,10062,$0.29,4,24,https://www.zomato.com/hyderabad/delivery/dish-samosa,Hyderabad,Telangana,India,Unknown
2895,restaurants open near me,27100,4,10062,$0.39,11,17,https://www.zomato.com/restaurants-near-me,Unknown,Unknown,Unknown,Restaurant
2896,restaurants in ahmedabad,27100,4,10062,$0.17,8,24,https://www.zomato.com/ahmedabad/restaurants,Ahmedabad,Gujarat,India,Restaurant
2897,ramen food near me,33100,4,10062,$0.05,7,33,https://www.zomato.com/ramen-restaurants-near-me,Unknown,Unknown,Unknown,Restaurant
2898,train 11058 running status,33100,41,69,$0.02,1,17,https://www.zomato.com/order-food-online-in-train,Unknown,Unknown,Unknown,Unknown
2899,the southern deck beach bar & bistro,27100,4,5362,$0.11,4,20,https://www.zomato.com/goa/the-southern-deck-beach-bar-and-bistro-benaulim,Goa,Goa,India,Bar
2900,sweet bengal,33100,5,5362,$0.15,2,28,https://www.zomato.com/mumbai/restaurants/sweet-bengal,Mumbai,Maharashtra,India,Restaurant
2901,siri fort auditorium new delhi,33100,17,195,$0.25,4,34,https://www.zomato.com/ncr/siri-fort-auditorium-khel-gaon-marg-new-delhi,Unknown,Unknown,Unknown,Unknown
2902,sector 132,33100,7,2181,$0.12,7,19,https://www.zomato.com/ncr/sector-132-noida-restaurants,Unknown,Unknown,Unknown,Restaurant
2903,sea princess hotel in mumbai,33100,11,847,$0.27,14,22,https://www.zomato.com/mumbai/restaurants/in/sea-princess-juhu,Mumbai,Maharashtra,India,Restaurant
2904,vinayak,33100,21,142,$0,1,41,https://www.zomato.com/goa/vinayak-family-restaurant-bardez,Goa,Goa,India,Restaurant
2905,vikaspuri delhi,27100,15,496,$0.07,3,27,https://www.zomato.com/ncr/vikaspuri-delhi-restaurants,Unknown,Unknown,Unknown,Restaurant
2906,victoria club hotel,40500,11,496,$0.09,28,38,https://www.zomato.com/puri/victoria-club-hotel-purussottam-nagar,Unknown,Unknown,Unknown,Hotel
2907,hotel tiptop thane,33100,6,2181,$0.29,10,22,https://www.zomato.com/mumbai/restaurants/in/hotel-tip-top-plaza-panch-pakhadi,Mumbai,Maharashtra,India,Restaurant
2908,hotel tip top plaza,33100,7,1552,$0.14,12,18,https://www.zomato.com/mumbai/restaurants/in/hotel-tip-top-plaza-panch-pakhadi,Mumbai,Maharashtra,India,Restaurant
2909,hotel for dinner near me,33100,4,10062,$0.29,4,16,https://www.zomato.com/restaurants-near-me,Unknown,Unknown,Unknown,Restaurant
2910,good restaurant ahmedabad,33100,4,10062,$0.03,10,24,https://www.zomato.com/ahmedabad/restaurants,Ahmedabad,Gujarat,India,Restaurant
2911,frozen fun gelato pune,33100,2,10062,$0,1,22,https://www.zomato.com/pune/frozen-fun-gelato-ice-cream-koregaon-park,Pune,Maharashtra,India,Ice Cream
2912,mishra's,33100,5,10062,$0.15,1,22,https://www.zomato.com/kolkata/mishras-restaurant-sector-3-salt-lake,Kolkata,West Bengal,India,Restaurant
2913,malkaganj delhi,33100,10,847,$0.14,4,19,https://www.zomato.com/ncr/dhaba?zomato_place_id=115123,Unknown,Unknown,Unknown,Unknown
2914,lotus stem,40500,108,69,$0.18,2,31,https://www.zomato.com/hyderabad/mekong-begumpet,Hyderabad,Telangana,India,Unknown
2915,lota restaurant delhi,33100,1,10062,$0.19,1,30,https://www.zomato.com/ncr/cafe-lota-pragati-maidan-new-delhi,Unknown,Unknown,Unknown,Cafe
2916,itc grand central mumbai,27100,4,3220,$0.50,49,28,https://www.zomato.com/mumbai/restaurants/in/itc-grand-central-parel,Mumbai,Maharashtra,India,Restaurant
2917,nearest fast food restaurant to me,33100,4,10062,$0.03,14,19,https://www.zomato.com/fast-food-restaurants-near-me,Unknown,Unknown,Unknown,Restaurant
2918,navrang cinemas,33100,19,109,$0.27,4,21,https://www.zomato.com/bangalore/restaurants/near/navrang-theater?place_name=1st+Block%2C+Rajajinagar&dishv2_id=30605,Bangalore,Karnataka,India,Restaurant
2919,burger king pune koregaon park,33100,3,10062,$0.16,7,23,https://www.zomato.com/pune/burger-king-koregaon-park,Pune,Maharashtra,India,Unknown
2920,blue tokai near me,27100,6,5362,$0.03,3,14,https://www.zomato.com/ncr/blue-tokai-coffee-roasters-connaught-place-new-delhi,Unknown,Unknown,Unknown,Coffee
2921,biryani house,27100,4,10062,$0.24,1,27,https://www.zomato.com/mumbai/biryani-house-majiwada-thane-west,Mumbai,Maharashtra,India,Unknown
2922,bake,33100,18,195,$0.35,2,41,https://www.zomato.com/kolkata/bake-india-lake-town/order,Kolkata,West Bengal,India,Unknown
2923,ahmedabad good restaurants,33100,4,10062,$0.03,9,27,https://www.zomato.com/ahmedabad/restaurants,Ahmedabad,Gujarat,India,Restaurant
2924,fine dine restaurants near me,33100,4,10062,$0.33,8,17,https://www.zomato.com/fine-dining-near-me,Unknown,Unknown,Unknown,Unknown
2925,eateries open near me,33100,1,10062,$0.07,10,26,https://www.zomato.com/restaurants-near-me,Unknown,Unknown,Unknown,Restaurant
2926,eateries in jayanagar,33100,8,2181,$0.05,10,24,https://www.zomato.com/bangalore/best-jayanagar-restaurants,Bangalore,Karnataka,India,Restaurant
2927,desi lane esplanade,14800,3,10062,$0.21,1,32,https://www.zomato.com/kolkata/restaurace/desi-lane?subzone=1164&category=2,Kolkata,West Bengal,India,Unknown
2928,dada boudi restaurant,33100,4,10062,$0,3,23,https://www.zomato.com/kolkata/dada-boudi-restaurant-barrackpore,Kolkata,West Bengal,India,Restaurant
2929,cravings,33100,9,2181,$0,1,40,https://www.zomato.com/hyderabad/cravings-cafe-2-attapur,Hyderabad,Telangana,India,Cafe
2930,magnolia bakery near me,22200,4,10062,$0.07,10,15,https://www.zomato.com/bangalore/restoran/magnolia-bakery?category=2,Bangalore,Karnataka,India,Bakery
2931,luna et sol,27100,3,10062,$0.17,3,21,https://www.zomato.com/mumbai/luna-et-sol-lower-parel,Mumbai,Maharashtra,India,Unknown
2932,my bar headquarters,27100,3,10062,$0,8,24,https://www.zomato.com/ncr/my-bar-headquarters-connaught-place-new-delhi,Unknown,Unknown,Unknown,Bar
2933,mom kitchen,27100,2,10062,$0.27,2,27,https://www.zomato.com/mumbai/moms-kitchen-1-byculla,Mumbai,Maharashtra,India,Unknown
2934,military hotel near me,33100,4,10062,$0,7,17,https://www.zomato.com/bangalore/shivaji-military-hotel-since-1935-jayanagar-bangalore,Bangalore,Karnataka,India,Hotel
2935,masala chowk,27100,7,2181,$0.07,3,21,https://www.zomato.com/jaipur/masala-chowk-jagatpura,Jaipur,Rajasthan,India,Unknown
2936,sukh sagar,33100,5,10062,$0.02,3,28,https://www.zomato.com/mumbai/sukh-sagar-chowpatty,Mumbai,Maharashtra,India,Unknown
2937,sector 127 noida,33100,11,652,$0.11,5,19,https://www.zomato.com/ncr/sector-127-noida-restaurants,Unknown,Unknown,Unknown,Restaurant
2938,saket nagar,33100,20,142,$0.02,10,31,https://www.zomato.com/kanpur/saket-nagar-restaurants,Unknown,Unknown,Unknown,Restaurant
2939,restaurant or fast food near me,27100,4,10062,$0.05,14,22,https://www.zomato.com/fast-food-restaurants-near-me,Unknown,Unknown,Unknown,Restaurant
2940,radisson hotel faridabad,33100,21,109,$0.27,22,28,https://www.zomato.com/ncr/broadway-radisson-blu-sector-20-faridabad,Unknown,Unknown,Unknown,Unknown
2941,trés,33100,9,1118,$0.13,1,40,https://www.zomato.com/ncr/tres-lodhi-colony-new-delhi,Unknown,Unknown,Unknown,Unknown
2942,the westin sohna resort and spa,33100,16,301,$0.32,16,41,https://www.zomato.com/ncr/restaurants/in/the-westin-sohna-resort-spa-sohna-road,Unknown,Unknown,Unknown,Restaurant
2943,taj vivanta delhi dwarka,18100,9,847,$0.49,51,39,https://www.zomato.com/ncr/restaurants/in/vivanta-new-delhi-dwarka,Unknown,Unknown,Unknown,Restaurant
2944,sushi near me,22200,4,10062,$0.41,9,22,https://www.zomato.com/mumbai/restaurants/sushi,Mumbai,Maharashtra,India,Restaurant
2945,indian cu,33100,29,69,$1.52,1,49,https://www.zomato.com/bangalore/con%C3%A7u-indiranagar-bangalore,Bangalore,Karnataka,India,Unknown
2946,hotel ibis bengaluru city centre,33100,19,142,$0.57,24,22,https://www.zomato.com/bangalore/spice-it-ibis-bengaluru-city-centre-lavelle-road-bangalore,Bangalore,Karnataka,India,Unknown
2947,fb cakes near me,33100,8,2181,$0.11,17,20,https://www.zomato.com/chennai/fb-cakes-1-east-coast-road-ecr,Chennai,Tamil Nadu,India,Unknown
2948,kinara village dhaba,33100,4,5362,$0.08,7,25,https://www.zomato.com/pune/the-kinara-village-dhaba-lonavala,Pune,Maharashtra,India,Unknown
2949,kfc photos,27100,7,1552,$0.06,1,37,https://www.zomato.com/hyderabad/kfc-1-saroor-nagar/photos,Hyderabad,Telangana,India,Unknown
2950,bukhara delhi restaurant,33100,5,5362,$0.67,3,38,https://www.zomato.com/ncr/bukhara-itc-maurya-chanakyapuri-new-delhi,Unknown,Unknown,Unknown,Unknown
2951,biryani restaurants near me,33100,4,10062,$0.22,7,17,https://www.zomato.com/bangalore/restaurants/biryani,Bangalore,Karnataka,India,Restaurant
2952,best restaurants delhi,40500,4,10062,$0.21,8,28,https://www.zomato.com/ncr/restaurants,Unknown,Unknown,Unknown,Restaurant
2953,best non veg hotel near me,27100,9,1552,$0.13,11,17,https://www.zomato.com/kolhapur/delivery/dish-non-veg-thali,Unknown,Unknown,Unknown,Unknown
2954,bengali sweets,33100,12,847,$0.20,2,28,https://www.zomato.com/ncr/bengali-sweet-house-mandi-house-new-delhi,Unknown,Unknown,Unknown,Unknown
2955,bajaj nagar,33100,4,10062,$0,5,29,https://www.zomato.com/nagpur/bajaj-nagar-restaurants/caf%C3%A9,Nagpur,Maharashtra,India,Restaurant
2956,capital goa,33100,58,69,$0,1,41,https://www.zomato.com/goa/yummy-capital-arambol,Goa,Goa,India,Unknown
2957,cafe lota delhi,33100,1,10062,$0,2,23,https://www.zomato.com/ncr/cafe-lota-pragati-maidan-new-delhi,Unknown,Unknown,Unknown,Cafe
2958,buy cake online,33100,4,2181,$0.29,100,53,https://www.zomato.com/ncr/delivery/dish-cake,Unknown,Unknown,Unknown,Unknown
2959,zomato login,27100,1,10062,$0.14,1,27,https://www.zomato.com/login,Unknown,Unknown,Unknown,Unknown
2960,dairy circle,33100,91,69,$0,6,29,https://www.zomato.com/jaipur/jaipur-dairy-c-scheme,Jaipur,Rajasthan,India,Unknown
2961,cmr central mall,27100,8,847,$0,8,24,https://www.zomato.com/visakhapatnam/restaurants/in/cmr-central-mall-maddilapalem,Unknown,Unknown,Unknown,Restaurant
2962,treasure island mall ti mall,33100,14,301,$0.35,13,22,https://www.zomato.com/indore/restaurants/in/treasure-island-mall-south-tukoganj,Indore,Madhya Pradesh,India,Restaurant
2963,the oberoi mumbai,33100,11,496,$1.10,34,33,https://www.zomato.com/mumbai/restaurants/in/the-oberoi-nariman-point,Mumbai,Maharashtra,India,Restaurant
2964,the leela bhartiya city bengaluru,40500,19,168,$0.40,33,27,https://www.zomato.com/bangalore/restaurants/in/the-leela-bhartiya-city,Bangalore,Karnataka,India,Restaurant
2965,the club mumbai,27100,14,374,$0.37,5,23,https://www.zomato.com/mumbai/by-the-waterside-at-the-club-azad-nagar,Mumbai,Maharashtra,India,Unknown
2966,sushi near near me,33100,4,10062,$0.09,10,23,https://www.zomato.com/sushi-restaurants-near-me,Unknown,Unknown,Unknown,Restaurant
2967,west patel nagar,27100,49,69,$0.10,3,39,https://www.zomato.com/ncr/west-patel-nagar-delhi-restaurants,Unknown,Unknown,Unknown,Restaurant
2968,udupi garden,27100,5,10062,$0,11,30,https://www.zomato.com/bangalore/udupi-garden-2-hennur-bangalore,Bangalore,Karnataka,India,Unknown
2969,mcdonald's india,90500,26,72,$0.07,8,48,https://www.zomato.com/ncr/mcdonalds-indirapuram-ghaziabad/order,Unknown,Unknown,Unknown,Unknown
2970,licious chicken,27100,18,168,$0.54,93,54,https://www.zomato.com/ncr/the-licious-kitchen-dlf-phase-4-gurgaon/order,Unknown,Unknown,Unknown,Unknown
2971,koramangala pubs,33100,13,496,$0.15,11,31,https://www.zomato.com/bangalore/drinks-nightlife-in-koramangala,Bangalore,Karnataka,India,Unknown
2972,italy restaurant near me,33100,7,3220,$0.08,13,27,https://www.zomato.com/ncr/ghaziabad-restaurants/italian,Unknown,Unknown,Unknown,Restaurant
2973,indian chinese,33100,9,2181,$0,1,35,https://www.zomato.com/ncr/restaurants/indo-chinese,Unknown,Unknown,Unknown,Restaurant
2974,hotel ramdev international belgaum,33100,13,496,$0.23,5,21,https://www.zomato.com/belgaum/hotel-ramdev-1-belgaum-locality/order,Unknown,Unknown,Unknown,Hotel
2975,radisson blu hotel paschim vihar delhi,33100,30,69,$0.50,35,27,https://www.zomato.com/ncr/level-2-radisson-blu-paschim-vihar-new-delhi,Unknown,Unknown,Unknown,Unknown
2976,porur chennai,27100,20,185,$0.17,6,20,https://www.zomato.com/chennai/porur-restaurants,Chennai,Tamil Nadu,India,Restaurant
2977,pastry and cake,33100,28,142,$0.06,31,30,https://www.zomato.com/ncr/cake-and-pastry-rohini-new-delhi,Unknown,Unknown,Unknown,Unknown
2978,muro,33100,1,10062,$0.14,4,21,https://www.zomato.com/bangalore/muro-church-street-bangalore,Bangalore,Karnataka,India,Unknown
2979,mojo pizza,33100,7,2181,$0.25,4,29,https://www.zomato.com/ncr/mojo-pizza-2x-toppings-munirka-new-delhi,Unknown,Unknown,Unknown,Pizza
2980,restaurants in jayanagar bangalore,33100,5,5362,$0.04,9,23,https://www.zomato.com/bangalore/jayanagar-restaurants,Bangalore,Karnataka,India,Restaurant
2981,restaurants ahmedabad,27100,4,10062,$0.17,8,29,https://www.zomato.com/ahmedabad/restaurants,Ahmedabad,Gujarat,India,Restaurant
2982,hotel sea princess,33100,6,2181,$0.28,17,28,https://www.zomato.com/mumbai/restaurants/in/sea-princess-juhu,Mumbai,Maharashtra,India,Restaurant
2983,hotel near me for lunch,27100,2,10062,$0.26,9,16,https://www.zomato.com/restaurants-near-me,Unknown,Unknown,Unknown,Restaurant
2984,hocco aamchi,0,8,1552,$0,1,17,https://www.zomato.com/ahmedabad/hocco-ice-cream-1-navrangpura/order,Ahmedabad,Gujarat,India,Ice Cream
2985,green leaf thane,40500,3,10062,$0,5,27,https://www.zomato.com/mumbai/green-leaf-multicuisine-family-restaurant-ghodbunder-road-thane,Mumbai,Maharashtra,India,Restaurant
2986,food delivery apps,22200,8,1118,$0.32,37,31,https://www.zomato.com/,Unknown,Unknown,Unknown,Unknown
2987,burger camp branch,90500,2,5362,$0.16,2,41,https://www.zomato.com/pune/burger-camp-east-street,Pune,Maharashtra,India,Unknown
2988,brahmaputra noida,33100,1,10062,$0.11,1,22,https://www.zomato.com/ncr/restaurants/in/brahmaputra-shopping-complex-sector-29-noida,Unknown,Unknown,Unknown,Restaurant
2989,boho,33100,17,301,$0.35,3,41,https://www.zomato.com/bangalore/boho-brookefield-bangalore,Bangalore,Karnataka,India,Unknown
2990,bk,33100,9,1118,$0.07,1,32,https://www.zomato.com/mumbai/bk-cafe-by-burger-king-churchgate/order,Mumbai,Maharashtra,India,Cafe
2991,cafe lota,33100,1,10062,$0,2,28,https://www.zomato.com/ncr/cafe-lota-pragati-maidan-new-delhi,Unknown,Unknown,Unknown,Cafe
2992,dlf near me,27100,4,10062,$0,3,22,https://www.zomato.com/hyderabad/restaurants/in/dlf-area-gachibowli,Hyderabad,Telangana,India,Restaurant
2993,daily rituals,33100,20,142,$0.01,4,29,https://www.zomato.com/hyderabad/daily-rituals-jubilee-hills/photos,Hyderabad,Telangana,India,Unknown
2994,cake and pastries,33100,9,3220,$0.09,18,22,https://www.zomato.com/ncr/cake-pastries-omega-1-greater-noida,Unknown,Unknown,Unknown,Unknown
2995,spice factory,33100,4,10062,$0.33,4,29,https://www.zomato.com/pune/spice-factory-hinjawadi,Pune,Maharashtra,India,Unknown
2996,south of bangalore,33100,22,142,$0,1,31,https://www.zomato.com/bangalore/south-bangalore-restaurants,Bangalore,Karnataka,India,Restaurant
2997,restaurants open now,8100,4,10062,$0.05,1,78,https://www.zomato.com/lucknow/restoran?open=now,Lucknow,Uttar Pradesh,India,Unknown
2998,restaurant ahmedabad,27100,4,10062,$0.08,6,28,https://www.zomato.com/ahmedabad/restaurants,Ahmedabad,Gujarat,India,Restaurant
2999,zomato partner login,33100,1,10062,$0.28,1,22,https://www.zomato.com/partners/login,Unknown,Unknown,Unknown,Unknown
3000,zomato corporate office,33100,2,10062,$0,6,24,https://www.zomato.com/contact,Unknown,Unknown,Unknown,Unknown
3001,trident gurgaon,14800,17,185,$0.70,50,38,https://www.zomato.com/ncr/restaurants/in/trident-udyog-vihar,Unknown,Unknown,Unknown,Restaurant
3002,top restaurants in delhi,40500,4,10062,$0.03,4,19,https://www.zomato.com/ncr/restaurants,Unknown,Unknown,Unknown,Restaurant
3003,patiala house,40500,19,185,$0,1,31,https://www.zomato.com/ncr/patiala-house-govind-puram-ghaziabad,Unknown,Unknown,Unknown,Unknown
3004,parampara flavours of india,33100,3,10062,$0.09,4,21,https://www.zomato.com/hyderabad/parampara-flavours-of-india-banjara-hills,Hyderabad,Telangana,India,Unknown
3005,pan and shop,33100,8,3220,$0.10,1,19,https://www.zomato.com/mumbai/paan-shop,Mumbai,Maharashtra,India,Unknown
3006,order cake online,33100,15,248,$0.38,100,53,https://www.zomato.com/ncr/delivery/dish-cake,Unknown,Unknown,Unknown,Unknown
3007,orchard,27100,17,195,$0,1,40,https://www.zomato.com/dehradun/orchard-rajpur,Dehradun,Uttarakhand,India,Unknown
3008,nearby veg restaurants,18100,4,10062,$0.22,11,22,https://www.zomato.com/restaurants-near-me,Unknown,Unknown,Unknown,Restaurant
3009,naru noodle bar,33100,14,496,$0.58,4,24,https://www.zomato.com/bangalore/naru-noodle-bar-shanti-nagar-bangalore,Bangalore,Karnataka,India,Bar
3010,meghana foods koramangala,33100,1,10062,$0.09,6,21,https://www.zomato.com/bangalore/meghana-foods-koramangala-5th-block,Bangalore,Karnataka,India,Unknown
3011,radisson faridabad,33100,14,301,$0.92,24,25,https://www.zomato.com/ncr/broadway-radisson-blu-sector-20-faridabad,Unknown,Unknown,Unknown,Unknown
3012,gateway hotel ganges varanasi,33100,19,142,$0.39,35,33,https://www.zomato.com/varanasi/varuna-the-gateway-hotel-nadesar,Varanasi,Uttar Pradesh,India,Hotel
3013,food near me near me,33100,4,10062,$0.05,15,30,https://www.zomato.com/restaurants-near-me,Unknown,Unknown,Unknown,Restaurant
3014,dirty good,22200,1,10062,$0.13,3,30,https://www.zomato.com/ncr/dirty-good-netaji-nagar-new-delhi,Unknown,Unknown,Unknown,Unknown
3015,d p foods,27100,21,142,$0.27,1,47,https://www.zomato.com/deliver-food/,Unknown,Unknown,Unknown,Unknown
3016,mandi biryani near me,22200,5,10062,$0.22,9,14,https://www.zomato.com/chennai/restaurants/mandi,Chennai,Tamil Nadu,India,Restaurant
3017,koramangala pub bangalore,33100,12,847,$0.06,11,21,https://www.zomato.com/bangalore/chapter-6-1-koramangala-5th-block-bangalore,Bangalore,Karnataka,India,Unknown
3018,itc windsor a luxury collection hotel,27100,27,72,$1.05,18,19,https://www.zomato.com/bangalore/the-raj-pavilion-itc-windsor-sankey-road,Bangalore,Karnataka,India,Unknown
3019,itc narmada a luxury collection hotel ahmedabad,33100,24,76,$0.83,7,28,https://www.zomato.com/ahmedabad/restaurants/in/itc-narmada-vastrapur,Ahmedabad,Gujarat,India,Restaurant
3020,itc mumbai parel,33100,6,3220,$1,45,40,https://www.zomato.com/mumbai/restaurants/in/itc-grand-central-parel,Mumbai,Maharashtra,India,Restaurant
3021,itc grand central,27100,4,3220,$0.75,63,40,https://www.zomato.com/mumbai/restaurants/in/itc-grand-central-parel,Mumbai,Maharashtra,India,Restaurant
3022,hubby's,33100,11,496,$0.01,1,34,https://www.zomato.com/bangalore/hubbys-kitchen-kr-puram/reviews?amp=1,Bangalore,Karnataka,India,Unknown
3023,hotel rajdhani,33100,5,2181,$0.07,4,29,https://www.zomato.com/hyderabad/hotel-rajdhani-begum-bazaar,Hyderabad,Telangana,India,Hotel
3024,hotel j w marriott chandigarh,33100,13,374,$0.49,15,38,https://www.zomato.com/chandigarh/restaurants/in/jw-marriott,Chandigarh,Chandigarh,India,Restaurant
3025,hotel doubletree hilton gurgaon,33100,13,301,$0.58,11,32,https://www.zomato.com/ncr/restaurants/in/double-tree-by-hilton-gurgaon,Unknown,Unknown,Unknown,Restaurant
3026,mehrauli gurgaon road,40500,7,2181,$0,7,28,https://www.zomato.com/ncr/mehrauli-gurgaon-road-dlf-farms-south-delhi-restaurants/cafes,Unknown,Unknown,Unknown,Restaurant
3027,best restaurants in ahmedabad,33100,4,10062,$0.34,9,17,https://www.zomato.com/ahmedabad/restaurants,Ahmedabad,Gujarat,India,Restaurant
3028,bbq near me,33100,7,2181,$0.14,8,25,https://www.zomato.com/ncr/restaurants/bbq,Unknown,Unknown,Unknown,Restaurant
3029,bangalore lido mall,27100,10,652,$0.23,6,23,https://www.zomato.com/bangalore/restaurants/in/lido-mall-ulsoor,Bangalore,Karnataka,India,Restaurant
3030,aesthetic cafe near me,33100,5,5362,$0.22,10,18,https://www.zomato.com/ncr/insta-worthy,Unknown,Unknown,Unknown,Unknown
3031,7 phase,33100,11,847,$0.18,5,20,https://www.zomato.com/chandigarh/phase-7-mohali-restaurants,Chandigarh,Chandigarh,India,Restaurant
3032,curlies in goa,33100,2,10062,$0.14,3,21,https://www.zomato.com/goa/curlies-anjuna,Goa,Goa,India,Unknown
3033,curlies beach shack anjuna goa,33100,3,10062,$0.17,3,23,https://www.zomato.com/goa/curlies-anjuna,Goa,Goa,India,Unknown
3034,coffee shops in jubilee hills,33100,5,5362,$0,5,16,https://www.zomato.com/hyderabad/jubilee-hills-restaurants/caf%C3%A9,Hyderabad,Telangana,India,Restaurant
3035,coffee shop in jubilee hills,33100,5,5362,$0.03,7,19,https://www.zomato.com/hyderabad/jubilee-hills-restaurants/caf%C3%A9,Hyderabad,Telangana,India,Restaurant
3036,city center in chennai,33100,38,69,$0.20,4,27,https://www.zomato.com/chennai/restaurants/in/chennai-citi-centre-mylapore,Chennai,Tamil Nadu,India,Restaurant
3037,chans,27100,5,2181,$0,1,19,https://www.zomato.com/hyderabad/chans-caff-hitech-city,Hyderabad,Telangana,India,Unknown
3038,cafe in jubilee hills,33100,5,5362,$0,2,15,https://www.zomato.com/hyderabad/jubilee-hills-restaurants/caf%C3%A9,Hyderabad,Telangana,India,Restaurant
3039,the spicy venue,33100,4,10062,$0,4,24,https://www.zomato.com/hyderabad/the-spicy-venue-jubilee-hills,Hyderabad,Telangana,India,Unknown
3040,the barbeque times,27100,5,5362,$0.37,12,25,https://www.zomato.com/ncr/the-barbeque-times-sector-50-gurgaon,Unknown,Unknown,Unknown,Bar
3041,taj agra,27100,24,76,$0.20,17,32,https://www.zomato.com/agra/restaurants/in/taj-hotel-convention-centre-tajganj,Agra,Uttar Pradesh,India,Restaurant
3042,hotel hilton gurgaon,33100,34,69,$0.32,17,26,https://www.zomato.com/ncr/restaurants/in/double-tree-by-hilton-gurgaon,Unknown,Unknown,Unknown,Restaurant
3043,grilled chicken near me,22200,5,5362,$0.20,4,13,https://www.zomato.com/chennai/restaurants/grilled-chicken,Chennai,Tamil Nadu,India,Restaurant
3044,good restaurants in delhi,33100,4,10062,$0.12,7,30,https://www.zomato.com/ncr/restaurants,Unknown,Unknown,Unknown,Restaurant
3045,old mill brewing company,33100,3,10062,$0.10,6,19,https://www.zomato.com/bangalore/old-mill-brewing-co-varthur-main-road-whitefield-bangalore,Bangalore,Karnataka,India,Unknown
3046,login zomato,33100,1,10062,$0.10,1,34,https://www.zomato.com/login,Unknown,Unknown,Unknown,Unknown
3047,shree balaji agora mall ahmedabad,33100,8,2181,$0.11,7,22,https://www.zomato.com/ahmedabad/restaurants/in/shree-balaji-agora-mall-chandkheda,Ahmedabad,Gujarat,India,Restaurant
3048,shawarma shop near me,22200,4,10062,$0.30,7,14,https://www.zomato.com/shawarma-restaurants-near-me,Unknown,Unknown,Unknown,Restaurant
3049,restaurants in jayanagar,33100,5,5362,$0.14,7,25,https://www.zomato.com/bangalore/jayanagar-restaurants,Bangalore,Karnataka,India,Restaurant
3050,restaurant near me that are open,33100,4,10062,$0.05,13,20,https://www.zomato.com/restaurants-near-me,Unknown,Unknown,Unknown,Restaurant
3051,rawat pur,33100,17,195,$0.09,7,19,https://www.zomato.com/kanpur/rawatpur-restaurants,Unknown,Unknown,Unknown,Restaurant
3052,quarter peter,33100,3,10062,$0.21,3,22,https://www.zomato.com/bangalore/quarter-peter-indiranagar-bangalore,Bangalore,Karnataka,India,Unknown
3053,litti chokha near me,33100,4,10062,$0.13,7,17,https://www.zomato.com/ncr/restaurants/dish-litti-chokha,Unknown,Unknown,Unknown,Restaurant
3054,k star mall in chembur,40500,5,2181,$0.07,3,22,https://www.zomato.com/mumbai/restaurants/in/k-star-mall-chembur,Mumbai,Maharashtra,India,Restaurant
3055,jw marriott hotel in kolkata,33100,15,248,$0.40,13,40,https://www.zomato.com/kolkata/restaurants/in/jw-marriott-hotel-kolkata-science-city-area,Kolkata,West Bengal,India,Restaurant
3056,itc narmada,33100,9,847,$0.30,56,44,https://www.zomato.com/ahmedabad/restaurants/in/itc-narmada-vastrapur,Ahmedabad,Gujarat,India,Restaurant
3057,delhi radisson blu paschim vihar,33100,13,374,$0.55,37,37,https://www.zomato.com/ncr/level-2-radisson-blu-paschim-vihar-new-delhi,Unknown,Unknown,Unknown,Unknown
3058,dear donna,33100,4,5362,$0.09,1,28,https://www.zomato.com/ncr/dear-donna-qutab-institutional-area-new-delhi,Unknown,Unknown,Unknown,Unknown
3059,commerce six road,33100,8,1118,$0.08,5,20,https://www.zomato.com/ahmedabad/restaurants/cafes?landmark_id=274728&non_veg=1&cid=19143910,Ahmedabad,Gujarat,India,Restaurant
3060,cold coffee near me,27100,2,10062,$0.33,8,16,https://www.zomato.com/bangalore/delivery/dish-cold-coffee,Bangalore,Karnataka,India,Coffee
3061,club titos,33100,15,374,$0.59,4,29,https://www.zomato.com/goa/titos-restaurant-baga,Goa,Goa,India,Restaurant
3062,chennai city mall,33100,29,69,$0.06,3,39,https://www.zomato.com/chennai/restaurants/in/chennai-citi-centre-mylapore,Chennai,Tamil Nadu,India,Restaurant
3063,chan's,33100,5,3220,$0.06,1,30,https://www.zomato.com/hyderabad/chans-caff-hitech-city,Hyderabad,Telangana,India,Unknown
3064,best places to go in delhi,33100,30,69,$0.06,15,40,https://www.zomato.com/ncr/restaurants,Unknown,Unknown,Unknown,Restaurant
3065,bagel,33100,37,69,$0.65,3,41,https://www.zomato.com/bangalore/ristoranti/dish-bagel,Bangalore,Karnataka,India,Unknown
3066,apricot delight,33100,8,10062,$0,1,27,https://www.zomato.com/hyderabad/restaurants/dish-apricot-delight,Hyderabad,Telangana,India,Restaurant
3067,annapurna restaurant,33100,4,10062,$0.08,1,28,https://www.zomato.com/ahmedabad/annapurna-restaurant-vatva,Ahmedabad,Gujarat,India,Restaurant
3068,2 cross road,33100,32,69,$0.13,4,22,https://www.zomato.com/hyderabad/cross-roads-jeedimetla,Hyderabad,Telangana,India,Unknown
3069,united dairy farmers,33100,49,69,$0,1,36,https://www.zomato.com/ahmedabad/united-farmers-creamery-prahlad-nagar,Ahmedabad,Gujarat,India,Unknown
3070,sterling cinema mumbai,22200,20,116,$0.32,8,20,https://www.zomato.com/mumbai/restaurants/in/sterling-cineplex-foodcourt,Mumbai,Maharashtra,India,Restaurant
3071,stella r,27100,7,915,$0.16,1,16,https://www.zomato.com/hyderabad/stellar-reserve-jubilee-hills,Hyderabad,Telangana,India,Unknown
3072,sexy fish menu,27100,9,406,$0.39,3,29,https://www.zomato.com/dubai/sexy-fish-difc,Unknown,Unknown,Unknown,Unknown
3073,seafood in near me,27100,4,8238,$0.09,8,30,https://www.zomato.com/ncr/restaurants/sea-food,Unknown,Unknown,Unknown,Restaurant
3074,royal restaurant,22200,4,8238,$0,1,25,https://www.zomato.com/ncr/royal-restaurant-connaught-place-new-delhi,Unknown,Unknown,Unknown,Restaurant
3075,restaurants kolkata,27100,4,8238,$0.36,6,28,https://www.zomato.com/kolkata/restaurants,Kolkata,West Bengal,India,Restaurant
3076,restaurants in mysore city,27100,8,2636,$0.04,9,35,https://www.zomato.com/mysore/dine-out,Unknown,Unknown,Unknown,Unknown
3077,restaurants for delivery,27100,8,1270,$0.14,2,26,https://www.zomato.com/ncr/delivery,Unknown,Unknown,Unknown,Unknown
3078,tiranga hotel,33100,6,8238,$0.03,1,22,https://www.zomato.com/pune/tiranga-veg-non-veg-pimpri,Pune,Maharashtra,India,Unknown
3079,maidan garhi,27100,23,89,$0,4,28,https://www.zomato.com/ncr/bakeries?zomato_place_id=115814,Unknown,Unknown,Unknown,Bakery
3080,leela kovalam,27100,32,56,$0.18,60,45,https://www.zomato.com/trivandrum/the-terrace-the-leela-raviz-kovalam-kovalam,Unknown,Unknown,Unknown,Unknown
3081,kebab,27100,10,1785,$0,1,40,https://www.zomato.com/pune/restaurants/kebab,Pune,Maharashtra,India,Restaurant
3082,jaipur itc rajputana,27100,20,138,$0.74,36,42,https://www.zomato.com/jaipur/restaurants/in/itc-rajputana-hotel-gopalbari,Jaipur,Rajasthan,India,Restaurant
3083,jaipur good restaurants,27100,4,8238,$0.06,14,24,https://www.zomato.com/jaipur/restaurants,Jaipur,Rajasthan,India,Restaurant
3084,j w marriott in mussoorie,27100,21,89,$0.32,60,43,https://www.zomato.com/mussoorie/restaurants/in/jw-marriott-mussoorie-walnut-grove-resort-spa-kempty-fall,Unknown,Unknown,Unknown,Restaurant
3085,indiranagar social,27100,2,4390,$0.31,5,19,https://www.zomato.com/bangalore/indiranagar-social-indiranagar-bangalore,Bangalore,Karnataka,India,Unknown
3086,ice cream shop,40500,5,4390,$0.37,3,26,https://www.zomato.com/ice-cream-restaurants-near-me,Unknown,Unknown,Unknown,Restaurant
3087,hyatt place gurgaon,27100,16,159,$5.72,20,28,https://www.zomato.com/ncr/gallery-caf-hyatt-place-udyog-vihar,Unknown,Unknown,Unknown,Unknown
3088,hotel madhuban dehradun,4400,12,406,$0.32,56,20,https://www.zomato.com/dehradun/gourmet-culture-hotel-madhuban-hathibarkala-salwala,Dehradun,Uttarakhand,India,Bar
3089,rasta peth pune,27100,12,533,$0.12,4,21,https://www.zomato.com/pune/rasta-peth-restaurants,Pune,Maharashtra,India,Restaurant
3090,chander nagar,22200,9,533,$0,9,27,https://www.zomato.com/ncr/chander-nagar-delhi-delhi-restaurants,Unknown,Unknown,Unknown,Restaurant
3091,hotel ibis hosur road,27100,9,533,$0.60,20,22,https://www.zomato.com/bangalore/spice-it-ibis-bengaluru-hosur-road-bommanahalli-bangalore,Bangalore,Karnataka,India,Unknown
3092,hotel ibis bengaluru hosur road,27100,14,246,$0.55,18,23,https://www.zomato.com/bangalore/spice-it-ibis-bengaluru-hosur-road-bommanahalli-bangalore,Bangalore,Karnataka,India,Unknown
3093,gossip,22200,13,246,$0,1,37,https://www.zomato.com/kolkata/gossip-your-neighbourhood-restopub-ajoy-nagar,Kolkata,West Bengal,India,Unknown
3094,frozen bottle near me,49500,5,4390,$0.32,2,20,https://www.zomato.com/chennai/frozen-bottle-milkshakes-desserts-and-ice-cream-anna-nagar-west,Chennai,Tamil Nadu,India,Dessert
3095,forum rex walk,27100,2,4390,$0,7,24,https://www.zomato.com/bangalore/restaurants/in/forum-rex-walk,Bangalore,Karnataka,India,Restaurant
3096,five star chicken near me,22200,7,2636,$0.24,2,12,https://www.zomato.com/bangalore/restaurants/five-star-chicken-2,Bangalore,Karnataka,India,Restaurant
3097,eating places near me,22200,4,8238,$0.23,14,16,https://www.zomato.com/restaurants-near-me,Unknown,Unknown,Unknown,Restaurant
3098,bhubaneswar mayfair lagoon,27100,17,159,$0.21,23,36,https://www.zomato.com/bhubaneswar/restaurants/in/mayfair-lagoon-jayadev-vihar,Unknown,Unknown,Unknown,Restaurant
3099,best restaurants mumbai,33100,4,8238,$0.36,7,25,https://www.zomato.com/mumbai/restaurants,Mumbai,Maharashtra,India,Restaurant
3100,bask by coffee palavakkam,8100,3,8238,$0.13,9,23,https://www.zomato.com/chennai/bask-by-coffee-palavakkam-palavakkam,Chennai,Tamil Nadu,India,Coffee
3101,badlapur place,27100,36,56,$0,4,28,https://www.zomato.com/mumbai/badlapur-restaurants,Mumbai,Maharashtra,India,Restaurant
3102,al amanah restaurant,27100,3,8238,$0.70,1,27,https://www.zomato.com/bangalore/al-amanah-cafe-kammanahalli-bangalore,Bangalore,Karnataka,India,Cafe
3103,2 bhk diner & key club,27100,4,4390,$0.32,3,22,https://www.zomato.com/pune/2bhk-diner-key-club-bund-garden,Pune,Maharashtra,India,Unknown
3104,urban chowk rajpath club road,18100,5,4390,$0.15,7,21,https://www.zomato.com/ahmedabad/restaurants/in/urban-chowk,Ahmedabad,Gujarat,India,Restaurant
3105,top pune restaurants,27100,4,8238,$0.06,8,23,https://www.zomato.com/pune/dine-out,Pune,Maharashtra,India,Unknown
3106,the glass onion charleston,27100,38,56,$0.11,3,42,https://www.zomato.com/hyderabad/the-glass-onion-gachibowli/menu,Hyderabad,Telangana,India,Unknown
3107,the brown table,18100,3,8238,$0.33,8,44,https://www.zomato.com/bangalore/the-brown-table-malleshwaram-bangalore,Bangalore,Karnataka,India,Unknown
3108,taj surajkund,18100,9,693,$0.20,68,21,https://www.zomato.com/ncr/restaurants/in/taj-surajkund-resort-spa-delhi-ncr,Unknown,Unknown,Unknown,Restaurant
3109,sula wine nashik,12100,15,203,$0.06,1,16,https://www.zomato.com/nashik/sula-vineyards-satpur,Unknown,Unknown,Unknown,Unknown
3110,wholesome foods,27100,22,138,$0.39,1,25,https://www.zomato.com/pune/wholesome-meals-baner,Pune,Maharashtra,India,Unknown
3111,restaurant that delivers,27100,5,4390,$0.10,2,23,https://www.zomato.com/,Unknown,Unknown,Unknown,Unknown
3112,restaurant kolkata,27100,4,8238,$0.16,5,28,https://www.zomato.com/kolkata/restaurants,Kolkata,West Bengal,India,Restaurant
3113,restaurant halal near me,27100,5,8238,$0.04,8,22,https://www.zomato.com/dehradun/restaurants/mughal-zaika-dehradun-halal-restaurant,Dehradun,Uttarakhand,India,Restaurant
3114,radisson blu mbd hotel noida,27100,6,1785,$0.32,13,17,https://www.zomato.com/ncr/restaurants/in/radisson-blu-mbd-hotel-sector-18-noida,Unknown,Unknown,Unknown,Restaurant
3115,radisson blu dwarka delhi,33100,11,406,$0.26,56,42,https://www.zomato.com/ncr/restaurants/in/radisson-blu-sector-13-dwarka,Unknown,Unknown,Unknown,Restaurant
3116,pondicherry white town,22200,23,116,$0.29,6,21,https://www.zomato.com/puducherry/best-white-town-restaurants,Unknown,Unknown,Unknown,Restaurant
3117,pizzeria vaatika cafe varanasi,27100,3,8238,$0,1,14,https://www.zomato.com/varanasi/pizzeria-vaatika-cafe-assi-ghat,Varanasi,Uttar Pradesh,India,Cafe
3118,paradise biryani near me,33100,6,4390,$0.41,4,16,https://www.zomato.com/hyderabad/paradise-biryani-a-legend-since-1953-1-hitech-city,Hyderabad,Telangana,India,Unknown
3119,olive garden,22200,11,915,$1.58,2,25,https://www.zomato.com/guwahati/olive-garden-christian-basti,Unknown,Unknown,Unknown,Unknown
3120,near me sea food,27100,4,8238,$0.06,9,26,https://www.zomato.com/seafood-restaurants-near-me,Unknown,Unknown,Unknown,Restaurant
3121,near bars near me,27100,4,8238,$0.07,17,25,https://www.zomato.com/bars-near-me,Unknown,Unknown,Unknown,Bar
3122,road number 5,27100,19,151,$0.12,4,17,https://www.zomato.com/hyderabad/road-number-5-buddha-nagar-colony-restaurants,Hyderabad,Telangana,India,Restaurant
3123,marketplace delhi,27100,2,4390,$0.39,1,27,https://www.zomato.com/ncr/the-marketplace-kirti-nagar-new-delhi,Unknown,Unknown,Unknown,Unknown
3124,malabar restaurant,22200,6,2636,$0.29,1,25,https://www.zomato.com/ncr/hotel-malabar-new-friends-colony-new-delhi,Unknown,Unknown,Unknown,Bar
3125,krishna palace,27100,40,56,$0.14,4,28,https://www.zomato.com/mumbai/restaurants/in/hotel-krishna-palace,Mumbai,Maharashtra,India,Restaurant
3126,karnal haveli,27100,16,246,$0.09,3,27,https://www.zomato.com/karnal/karnal-haveli-alpha-international-city/order,Unknown,Unknown,Unknown,Unknown
3127,j w marriott pune,33100,6,1785,$0.70,50,44,https://www.zomato.com/pune/restaurants/in/marriott-hotel-senapati-bapat-road,Pune,Maharashtra,India,Restaurant
3128,itc rajputana,27100,8,693,$0.41,37,38,https://www.zomato.com/jaipur/restaurants/in/itc-rajputana-hotel-gopalbari,Jaipur,Rajasthan,India,Restaurant
3129,hyderabad airport novotel,27100,12,306,$0.77,21,41,https://www.zomato.com/hyderabad/restaurants/in/novotel-hyderabad-airport,Hyderabad,Telangana,India,Restaurant
3130,hotel ramakrishna mumbai,27100,7,1270,$0.11,3,22,https://www.zomato.com/mumbai/rama-krishna-vile-parle-east,Mumbai,Maharashtra,India,Unknown
3131,mocha in pune,27100,5,4390,$0.06,1,21,https://www.zomato.com/pune/mocha-wanowrie,Pune,Maharashtra,India,Unknown
3132,eternal limited,14800,27,56,$0,1,45,https://www.zomato.com/,Unknown,Unknown,Unknown,Unknown
3133,dlf one horizon center,40500,2,4390,$0.47,2,21,https://www.zomato.com/ncr/restaurants/in/dlf-horizon-center,Unknown,Unknown,Unknown,Restaurant
3134,delhi 6,27100,16,246,$0.02,1,50,https://www.zomato.com/ncr/delhi-6-1-civil-lines-new-delhi,Unknown,Unknown,Unknown,Unknown
3135,cream centre,27100,5,4390,$0.05,2,27,https://www.zomato.com/mumbai/cream-centre-vegetarian-legacy-since-1958-chowpatty,Mumbai,Maharashtra,India,Unknown
3136,basque bakery,27100,4,4390,$0.17,2,28,https://www.zomato.com/bangalore/basque-bakery-koramangala-7th-block-bangalore,Bangalore,Karnataka,India,Bakery
3137,bangalore tiffin room,12100,5,4390,$1.19,5,23,https://www.zomato.com/pune/bangalore-tiffin-room-shivaji-nagar,Pune,Maharashtra,India,Unknown
3138,amul parlour near me,27100,3,4390,$0.24,1,14,https://www.zomato.com/mumbai/restaurants/amul-ice-cream-parlour-3,Mumbai,Maharashtra,India,Restaurant
3139,711,33100,11,533,$0.16,1,45,https://www.zomato.com/mumbai/7eleven-vasai,Mumbai,Maharashtra,India,Unknown
3140,hotels in ahmedabad,49500,43,56,$0.34,95,39,https://www.zomato.com/ahmedabad/restaurants,Ahmedabad,Gujarat,India,Restaurant
3141,hilton garden inn lucknow,22200,11,406,$0.31,30,21,https://www.zomato.com/lucknow/garden-grille-bar-hilton-garden-inn-gomti-nagar,Lucknow,Uttar Pradesh,India,Bar
3142,goa fort aguada taj,27100,9,533,$0.38,56,29,https://www.zomato.com/goa/restaurants/in/taj-fort-aguada-resort-spa-candolim,Goa,Goa,India,Restaurant
3143,family restaurant,40500,11,1270,$0.34,2,25,https://www.zomato.com/dehradun/family-dining,Dehradun,Uttarakhand,India,Unknown
3144,tibbs frankie,27100,6,4390,$0.20,3,27,https://www.zomato.com/mumbai/tibbs-frankie-serving-rolls-since-1969-tardeo,Mumbai,Maharashtra,India,Unknown
3145,ten down street,27100,4,8238,$0.27,3,32,https://www.zomato.com/hyderabad/10-downing-street-begumpet,Hyderabad,Telangana,India,Unknown
3146,tea stall near me,27100,4,8238,$0.13,4,15,https://www.zomato.com/tea-restaurants-near-me,Unknown,Unknown,Unknown,Restaurant
3147,tandoori chicken near me,22200,4,8238,$0.20,9,14,https://www.zomato.com/bangalore/restaurants/dish-tandoori-chicken,Bangalore,Karnataka,India,Restaurant
3148,sprouts salad company,27100,11,693,$0.21,1,23,https://www.zomato.com/pune/healthy-sprouts-salad-wakad/order,Pune,Maharashtra,India,Unknown
3149,soofi mandi calicut,27100,9,1270,$0.27,2,21,https://www.zomato.com/kozhikode/soofi-mandi-vellayil/order,Unknown,Unknown,Unknown,Unknown
3150,social khar mumbai,27100,1,8238,$0.11,3,22,https://www.zomato.com/KharSocial,Unknown,Unknown,Unknown,Unknown
3151,neemsi restaurant jp nagar,9900,3,8238,$0.07,6,22,https://www.zomato.com/bangalore/neemsi-jp-nagar-bangalore,Bangalore,Karnataka,India,Unknown
3152,near me food open now,27100,4,8238,$0.07,11,73,https://www.zomato.com/restaurants-near-me,Unknown,Unknown,Unknown,Restaurant
3153,meridian ice cream,27100,7,2636,$0.12,5,23,https://www.zomato.com/pune/meridian-ice-cream-camp-area,Pune,Maharashtra,India,Ice Cream
3154,mandi king arabian restaurant,18100,4,8238,$0.06,4,21,https://www.zomato.com/bangalore/mandi-king-arabian-restaurant-kammanahalli-bangalore,Bangalore,Karnataka,India,Restaurant
3155,machan,33100,17,246,$0.07,37,52,https://www.zomato.com/nagpur/machan-restaurant-1-wardha-road,Nagpur,Maharashtra,India,Restaurant
3156,late checkout,27100,3,8238,$0.27,3,33,https://www.zomato.com/mumbai/late-checkout-lower-parel,Mumbai,Maharashtra,India,Unknown
3157,kolkata itc sonar bangla,27100,9,693,$0.75,56,37,https://www.zomato.com/kolkata/restaurants/in/itc-sonar,Kolkata,West Bengal,India,Restaurant
3158,rj 14,22200,2,8238,$0,1,24,https://www.zomato.com/jaipur/rj-14-ep-tonk-road,Jaipur,Rajasthan,India,Unknown
3159,restaurants in delhi,22200,4,8238,$2.51,6,21,https://www.zomato.com/ncr/restaurants,Unknown,Unknown,Unknown,Restaurant
3160,restaurant at jp nagar,33100,4,8238,$0.04,9,23,https://www.zomato.com/bangalore/jp-nagar-restaurants,Bangalore,Karnataka,India,Restaurant
3161,rally's,27100,17,159,$0.83,1,78,https://www.zomato.com/kolkata/rallis-esplanade,Kolkata,West Bengal,India,Unknown
3162,raju chur chur naan,12100,3,8238,$0.15,9,23,https://www.zomato.com/ncr/raju-chur-chur-naan-1-sector-12-dwarka-new-delhi,Unknown,Unknown,Unknown,Unknown
3163,raj restaurant,22200,5,8238,$0.30,3,25,https://www.zomato.com/ncr/raj-restaurant-2-sector-31,Unknown,Unknown,Unknown,Restaurant
3164,pop tates,22200,5,4390,$0.44,2,25,https://www.zomato.com/mumbai/pop-tates-lower-parel,Mumbai,Maharashtra,India,Unknown
3165,phoenix united mall,27100,8,693,$0.02,5,23,https://www.zomato.com/lucknow/restaurants/in/phoenix-united-mall-alambagh,Lucknow,Uttar Pradesh,India,Restaurant
3166,south indian near me,22200,4,8238,$0.02,6,25,https://www.zomato.com/bangalore/restaurants/south-indian,Bangalore,Karnataka,India,Restaurant
3167,shree datta snacks,27100,6,4390,$0,4,23,https://www.zomato.com/mumbai/shree-datta-snacks-and-sweets-malad-east,Mumbai,Maharashtra,India,Unknown
3168,seafood food near me,27100,8,1785,$0.07,8,40,https://www.zomato.com/solapur/quick-bites/sea-food?sort=best&cft=1,Unknown,Unknown,Unknown,Unknown
3169,good restaurants in jaipur,33100,1,8238,$0.20,12,18,https://www.zomato.com/jaipur/restaurants,Jaipur,Rajasthan,India,Restaurant
3170,gigi bombay,27100,4,4390,$0.11,3,27,https://www.zomato.com/mumbai/gigi-linking-road-bandra-west,Mumbai,Maharashtra,India,Unknown
3171,frozen fun gelato mumbai,27100,1,8238,$0,1,23,https://www.zomato.com/mumbai/frozen-fun-gelato-ice-cream-lower-parel,Mumbai,Maharashtra,India,Ice Cream
3172,frankie's,27100,9,1785,$0,1,40,https://www.zomato.com/srinagar/frankies-lal-bazaar,Unknown,Unknown,Unknown,Unknown
3173,food restaurants near me,27100,4,8238,$0.30,13,17,https://www.zomato.com/restaurants-near-me,Unknown,Unknown,Unknown,Restaurant
3174,farmers cafe,18100,4,4390,$0,4,25,https://www.zomato.com/mumbai/farmers-cafe-1-khar,Mumbai,Maharashtra,India,Cafe
3175,famous restaurant in jaipur,27100,5,4390,$0.06,14,34,https://www.zomato.com/jaipur/restaurants,Jaipur,Rajasthan,India,Restaurant
3176,elan epic,33100,32,56,$0.15,10,31,https://www.zomato.com/ncr/the-epic-sohna-road,Unknown,Unknown,Unknown,Unknown
3177,dwarka sector 13,22200,8,1270,$0.14,9,22,https://www.zomato.com/ncr/sector-13-dwarka-restaurants,Unknown,Unknown,Unknown,Restaurant
3178,kerala indian food,27100,19,138,$0.09,1,52,https://www.zomato.com/hyderabad/restaurants/kerala,Hyderabad,Telangana,India,Restaurant
3179,juice shop,33100,10,915,$0,2,28,https://www.zomato.com/thejuiceshop,Unknown,Unknown,Unknown,Unknown
3180,jp nagar restaurants,27100,4,8238,$0.11,9,24,https://www.zomato.com/bangalore/jp-nagar-restaurants,Bangalore,Karnataka,India,Restaurant
3181,ibis golf course road gurgaon,27100,12,306,$0.64,21,22,https://www.zomato.com/ncr/spice-it-ibis-gurgaon-golf-course-road-golf-course-road-gurgaon/photos,Unknown,Unknown,Unknown,Unknown
3182,hotel shreyas,27100,2,8238,$0.16,12,30,https://www.zomato.com/pune/hotel-shreyas-deccan-gymkhana,Pune,Maharashtra,India,Hotel
3183,hiranandani estate thane west thane maharashtra,27100,10,1270,$0.17,5,19,https://www.zomato.com/mumbai/hiranandani-estate-thane-west-restaurants,Mumbai,Maharashtra,India,Restaurant
3184,biergarten brewery & kitchen,27100,3,8238,$0.09,6,15,https://www.zomato.com/bangalore/biergarten-koramangala-5th-block-bangalore,Bangalore,Karnataka,India,Unknown
3185,bar bank juhu,22200,3,8238,$0,1,19,https://www.zomato.com/mumbai/bar-bank-juhu,Mumbai,Maharashtra,India,Bar
3186,alpha 2 main market,27100,7,915,$0,1,13,https://www.zomato.com/ncr/alpha-2-restaurants,Unknown,Unknown,Unknown,Restaurant
3187,9th block jayanagar bangalore,27100,21,116,$0.18,6,18,https://www.zomato.com/bangalore/jayanagara-9th-block-restaurants,Bangalore,Karnataka,India,Restaurant
3188,dave and busters,22200,7,1270,$0.12,13,35,https://www.zomato.com/bangalore/dave-and-busters-koramangala-8th-block-bangalore,Bangalore,Karnataka,India,Unknown
3189,corn dogs,22200,9,1270,$0.37,1,54,https://www.zomato.com/mumbai/restaurants/dish-corn-dogs,Mumbai,Maharashtra,India,Restaurant
3190,continental food,33100,11,915,$0,1,27,https://www.zomato.com/mumbai/restaurants/continental,Mumbai,Maharashtra,India,Restaurant
3191,chicken thali near me,27100,4,8238,$0.18,6,15,https://www.zomato.com/nanded/delivery/dish-non-veg-thali,Unknown,Unknown,Unknown,Unknown
3192,chembur camp,27100,41,56,$0,3,27,https://www.zomato.com/mumbai/hardev-kripa-amritsari-kulcha-chembur,Mumbai,Maharashtra,India,Unknown
3193,cafes in jayanagar,22200,4,8238,$0,3,20,https://www.zomato.com/bangalore/jayanagar-restaurants/cafes,Bangalore,Karnataka,India,Restaurant
3194,cafes in hauz khas,27100,6,2636,$0,3,14,https://www.zomato.com/ncr/hauz-khas-delhi-restaurants/caf%C3%A9,Unknown,Unknown,Unknown,Restaurant
3195,cafe jayanagar,27100,4,8238,$0.28,13,30,https://www.zomato.com/bangalore/jayanagar-restaurants/cafes,Bangalore,Karnataka,India,Restaurant
3196,cafe in jayanagar,22200,5,8238,$0,3,20,https://www.zomato.com/bangalore/jayanagar-restaurants/cafes,Bangalore,Karnataka,India,Restaurant
3197,cafe co2,27100,2,4390,$0,6,28,https://www.zomato.com/pune/cafe-co2-resto-lounge-bhugaon,Pune,Maharashtra,India,Cafe
3198,bombay adda,27100,4,4390,$0,3,27,https://www.zomato.com/bangalore/bombay-adda-koramangala-7th-block-bangalore,Bangalore,Karnataka,India,Unknown
3199,balaji near me,27100,10,915,$0.03,1,19,https://www.zomato.com/ahmedabad/shree-balaji-garden-restaurant-thaltej,Ahmedabad,Gujarat,India,Restaurant
3200,under the neem,27100,5,2636,$0.09,3,22,https://www.zomato.com/ncr/under-the-neem-sector-83,Unknown,Unknown,Unknown,Unknown
3201,top restaurants jaipur,27100,4,8238,$0.06,13,25,https://www.zomato.com/jaipur/restaurants,Jaipur,Rajasthan,India,Restaurant
3202,top restaurants in pune,27100,4,8238,$0.22,9,16,https://www.zomato.com/pune/dine-out,Pune,Maharashtra,India,Unknown
3203,sobo center bopal,27100,3,2636,$0.09,6,18,https://www.zomato.com/ahmedabad/restaurants/in/sobo-center-bopal,Ahmedabad,Gujarat,India,Restaurant
3204,smirnoff vodka jamun,14800,11,915,$0,1,18,https://www.zomato.com/kolkata/restaurants/dish-smirnoff-vodka,Kolkata,West Bengal,India,Restaurant
3205,restaurants to deliver,27100,5,4390,$0.10,2,24,https://www.zomato.com/,Unknown,Unknown,Unknown,Unknown
3206,restaurants in kolkata,27100,4,8238,$0.29,8,24,https://www.zomato.com/kolkata/restaurants,Kolkata,West Bengal,India,Restaurant
3207,restaurant veg near me,27100,6,2636,$0.05,11,24,https://www.zomato.com/mumbai/navi-mumbai-restaurants?veg=1,Mumbai,Maharashtra,India,Restaurant
3208,restaurant that delivery,27100,5,4390,$0.11,2,25,https://www.zomato.com/hyderabad/delivery,Hyderabad,Telangana,India,Unknown
3209,restaurant near me for lunch,27100,4,8238,$0.25,16,18,https://www.zomato.com/restaurants-near-me,Unknown,Unknown,Unknown,Restaurant
3210,udaipur leela palace,27100,19,138,$0.45,56,44,https://www.zomato.com/udaipur/sheesh-mahal-the-leela-pichola,Unknown,Unknown,Unknown,Unknown
3211,third wave coffee roasters,27100,18,203,$0.21,4,15,https://www.zomato.com/bangalore/third-wave-coffee-hsr-bangalore,Bangalore,Karnataka,India,Coffee
3212,the only place,27100,3,8238,$0.25,3,24,https://www.zomato.com/bangalore/the-only-place-church-street,Bangalore,Karnataka,India,Unknown
3213,taro's,27100,37,56,$0.02,1,31,https://www.zomato.com/hyderabad/taro-1-jubilee-hills,Hyderabad,Telangana,India,Unknown
3214,sula vineyards nashik,27100,17,151,$0.10,5,23,https://www.zomato.com/nashik/sula-vineyards-satpur,Unknown,Unknown,Unknown,Unknown
3215,oh dough mumbai,9900,4,4390,$0.42,7,22,https://www.zomato.com/mumbai/oh-dough-fort,Mumbai,Maharashtra,India,Unknown
3216,near cake shop,27100,4,8238,$0.11,33,31,https://www.zomato.com/bakeries-near-me,Unknown,Unknown,Unknown,Bakery
3217,dusk,22200,10,533,$0,1,37,https://www.zomato.com/hyderabad/dusk-dine-by-the-skyline-paradise-circle-secunderabad,Hyderabad,Telangana,India,Unknown
3218,defence colony main market,27100,1,8238,$0.44,1,21,https://www.zomato.com/ncr/restaurants/in/defence-colony-main-market-defence-colony,Unknown,Unknown,Unknown,Restaurant
3219,creme castle,22200,7,2636,$0.20,98,54,https://www.zomato.com/ncr/creme-castle-cakes-and-desserts-janakpuri-new-delhi,Unknown,Unknown,Unknown,Dessert
3220,chinese open,27100,6,8238,$0,1,21,https://www.zomato.com/mumbai/restaurants/chinese?open=now,Mumbai,Maharashtra,India,Restaurant
3221,cake shop near me open now,18100,4,8238,$0.16,21,17,https://www.zomato.com/bakeries-near-me,Unknown,Unknown,Unknown,Bakery
3222,cafes in jayanagar bangalore,22200,4,8238,$0.03,9,23,https://www.zomato.com/bangalore/jayanagar-restaurants/cafes,Bangalore,Karnataka,India,Restaurant
3223,cafe in kolkata,22200,4,8238,$0,4,21,https://www.zomato.com/kolkata/great-cafes,Kolkata,West Bengal,India,Cafe
3224,burger king menu,33100,6,1270,$0.16,1,22,https://www.zomato.com/ncr/burger-king-1-janakpuri-new-delhi/order,Unknown,Unknown,Unknown,Unknown
3225,k charcoal,49500,4,8238,$0,6,34,https://www.zomato.com/ahmedabad/ks-charcoal-bodakdev,Ahmedabad,Gujarat,India,Unknown
3226,jp nagar eateries,27100,7,2636,$0.04,11,23,https://www.zomato.com/bangalore/jp-nagar-restaurants,Bangalore,Karnataka,India,Restaurant
3227,itc sonar,27100,10,533,$0.49,54,43,https://www.zomato.com/kolkata/restaurants/in/itc-sonar,Kolkata,West Bengal,India,Restaurant
3228,hotel itc rajputana jaipur,27100,45,56,$0.50,36,28,https://www.zomato.com/jaipur/jal-mahal-itc-rajputana-hotel-gopalbari,Jaipur,Rajasthan,India,Bar
3229,honey dough,22200,5,4390,$0.10,3,37,https://www.zomato.com/ncr/honey-dough-karkardooma-new-delhi,Unknown,Unknown,Unknown,Unknown
3230,greens veg,27100,22,151,$0.01,21,26,https://www.zomato.com/mumbai/greens-restaurant-malad-west,Mumbai,Maharashtra,India,Restaurant
3231,green leaf,27100,14,406,$1.83,2,27,https://www.zomato.com/ncr/the-green-leaf-sikandarpur-gurgaon,Unknown,Unknown,Unknown,Unknown
3232,good restaurants pune,27100,4,8238,$0.06,7,26,https://www.zomato.com/pune/dine-out,Pune,Maharashtra,India,Unknown
3233,gk market m block,27100,2,8238,$0.33,1,18,https://www.zomato.com/ncr/restaurants/in/m-block-market-greater-kailash-1-gk1,Unknown,Unknown,Unknown,Restaurant
3234,g t karnal road,27100,47,56,$0.10,3,26,https://www.zomato.com/ncr/the-gt-road-connaught-place-new-delhi,Unknown,Unknown,Unknown,Unknown
3235,m g road bangalore,27100,11,915,$0.07,1,24,https://www.zomato.com/bangalore/mg-road-restaurants,Bangalore,Karnataka,India,Restaurant
3236,kovalam leela,27100,30,56,$0.12,65,46,https://www.zomato.com/trivandrum/the-terrace-the-leela-raviz-kovalam-kovalam,Unknown,Unknown,Unknown,Unknown
3237,koramangala club road,9900,7,2636,$0.22,14,20,https://www.zomato.com/bangalore/koramangala-6th-block-restaurants/club,Bangalore,Karnataka,India,Restaurant
3238,kausar bakery,18100,29,59,$0.64,4,25,https://www.zomato.com/vi/bangalore/kauser-nagar-restaurants/bakery,Bangalore,Karnataka,India,Restaurant
3239,kashmir near me,27100,5,8238,$0.02,5,23,https://www.zomato.com/ncr/restaurants/kashmiri,Unknown,Unknown,Unknown,Restaurant
3240,best restaurants pune,27100,4,8238,$0.40,9,24,https://www.zomato.com/pune/dine-out,Pune,Maharashtra,India,Unknown
3241,bar lounge near me,33100,4,8238,$0.35,5,16,https://www.zomato.com/bars-near-me,Unknown,Unknown,Unknown,Bar
3242,banana leaf restaurant,27100,5,4390,$0.02,4,23,https://www.zomato.com/indore/banana-leaf-vijay-nagar,Indore,Madhya Pradesh,India,Unknown
3243,baklava sweet,27100,14,533,$0.14,93,54,https://www.zomato.com/hyderabad/gourmet-baklava-banjara-hills,Hyderabad,Telangana,India,Unknown
3244,3rd street,27100,19,138,$0.13,3,30,https://www.zomato.com/ncr/mahajan-the-3rd-street-cafe-krishna-nagar-new-delhi,Unknown,Unknown,Unknown,Cafe
3245,2bhk diner & key club,27100,3,8238,$0,3,14,https://www.zomato.com/pune/2bhk-diner-key-club-bund-garden,Pune,Maharashtra,India,Unknown
3246,zorko,27100,9,1785,$0.16,1,23,https://www.zomato.com/ncr/zorko-brand-of-food-lovers-satyaniketan-new-delhi,Unknown,Unknown,Unknown,Unknown
3247,vice versa,27100,26,62,$0,1,26,https://www.zomato.com/pune/vice-versa-pimple-nilakh,Pune,Maharashtra,India,Unknown
3248,velvet bombay,27100,8,915,$0,1,35,https://www.zomato.com/mumbai/bombay-velvet-dombivali-east,Mumbai,Maharashtra,India,Unknown
3249,tribeca highstreet,27100,16,159,$0.56,6,25,https://www.zomato.com/pune/the-urban-foundry-nibm-road,Pune,Maharashtra,India,Unknown
3250,the old mirchi biryani,27100,4,8238,$0,6,15,https://www.zomato.com/chennai/the-old-mirchi-biryani-thuraipakkam,Chennai,Tamil Nadu,India,Unknown
3251,thane w,27100,57,56,$0.11,6,19,https://www.zomato.com/mumbai/merwans-cake-stop-panch-pakhadi-thane-west-thane,Mumbai,Maharashtra,India,Unknown
3252,maharaja chat,22200,3,8238,$0.14,10,20,https://www.zomato.com/hyderabad/maharaja-chaat-madhapur,Hyderabad,Telangana,India,Unknown
3253,places for dinner near me,22200,4,8238,$0.30,10,15,https://www.zomato.com/mumbai/restaurants,Mumbai,Maharashtra,India,Restaurant
3254,oh dough fort,18100,4,4390,$0.29,4,22,https://www.zomato.com/mumbai/oh-dough-fort,Mumbai,Maharashtra,India,Unknown
3255,govind garden restaurant,33100,3,8238,$0.22,10,21,https://www.zomato.com/pune/govind-garden-pimple-saudagar,Pune,Maharashtra,India,Unknown
3256,gk m block market delhi,27100,7,2636,$0.04,1,24,https://www.zomato.com/ncr/restaurants/in/m-block-market-greater-kailash-1-gk1,Unknown,Unknown,Unknown,Restaurant
3257,fun republic mall lucknow,33100,10,406,$0.08,6,16,https://www.zomato.com/lucknow/restaurants/in/fun-republic-mall-gomti-nagar,Lucknow,Uttar Pradesh,India,Restaurant
3258,fuel station,27100,4,8238,$0.07,1,41,https://www.zomato.com/nagpur/fuel-station-cafe-restro-dharampeth,Nagpur,Maharashtra,India,Cafe
3259,frozen fun gelato jaipur,27100,2,8238,$0,1,21,https://www.zomato.com/jaipur/frozen-fun-gelato-ice-cream-c-scheme,Jaipur,Rajasthan,India,Ice Cream
3260,feel laban,27100,6,4390,$0.12,2,22,https://www.zomato.com/chennai/feel-laban-akkarai/order,Chennai,Tamil Nadu,India,Unknown
3261,eternal ltd,14800,59,56,$0,1,32,https://www.zomato.com/,Unknown,Unknown,Unknown,Unknown
3262,eden park restaurant,27100,3,8238,$0,7,24,https://www.zomato.com/bangalore/eden-park-cunningham-road,Bangalore,Karnataka,India,Unknown
3263,dinner ideas near me,27100,4,8238,$0.07,14,25,https://www.zomato.com/restaurants-near-me,Unknown,Unknown,Unknown,Restaurant
3264,dining in kolkata,27100,4,8238,$0.06,7,22,https://www.zomato.com/kolkata/dine-out,Kolkata,West Bengal,India,Unknown
3265,dining in delhi,22200,4,8238,$0.20,5,21,https://www.zomato.com/ncr/restaurants,Unknown,Unknown,Unknown,Restaurant
3266,juhu chowpatty,40500,8,1785,$0.82,1,31,https://www.zomato.com/mumbai/restaurants/in/juhu-chowpatty-juhu,Mumbai,Maharashtra,India,Restaurant
3267,japanese food restaurants near me,22200,5,8238,$0.04,9,29,https://www.zomato.com/japanese-restaurants-near-me,Unknown,Unknown,Unknown,Restaurant
3268,ice cream shop ice cream,27100,11,1270,$0.08,1,50,https://www.zomato.com/indore/restaurants/ice-cream,Indore,Madhya Pradesh,India,Restaurant
3269,hyatt place gurgaon udyog vihar,27100,17,138,$5.72,20,20,https://www.zomato.com/ncr/gallery-caf-hyatt-place-udyog-vihar,Unknown,Unknown,Unknown,Unknown
3270,hotel in hyderabad,9900,100,53,$0.40,86,41,https://www.zomato.com/hyderabad/mekong-begumpet,Hyderabad,Telangana,India,Unknown
3271,hotel chariot beach resort mahabalipuram,27100,27,56,$0.16,44,21,https://www.zomato.com/chennai/restaurants/in/chariot-beach-resort-mahabalipuram,Chennai,Tamil Nadu,India,Restaurant
3272,haveli restaurants,27100,7,2636,$0.03,1,22,https://www.zomato.com/kolkata/haveli-sector-2-salt-lake,Kolkata,West Bengal,India,Unknown
3273,bharath hotel,27100,4,4390,$0.13,2,21,https://www.zomato.com/vi/thrissur/hotel-bharath-vegetarian-poothole/reviews?amp=1,Unknown,Unknown,Unknown,Hotel
3274,bharat hotel,22200,4,2636,$0.16,2,25,https://www.zomato.com/mumbai/hotel-bharat-mahalaxmi,Mumbai,Maharashtra,India,Hotel
3275,amir's,27100,13,406,$0,1,54,https://www.zomato.com/nagpur/amir-punjabi-restaurant-by-khana-khazana-gandhibagh,Nagpur,Maharashtra,India,Restaurant
3276,chariot resort in mahabalipuram,27100,49,56,$0.17,39,20,https://www.zomato.com/chennai/restaurants/in/chariot-beach-resort-mahabalipuram,Chennai,Tamil Nadu,India,Restaurant
3277,chaat near me,27100,5,8238,$1.07,5,23,https://www.zomato.com/mumbai/delivery/dish-chaat,Mumbai,Maharashtra,India,Unknown
3278,cafes jayanagar,22200,4,8238,$0.04,13,22,https://www.zomato.com/bangalore/jayanagar-restaurants/cafes,Bangalore,Karnataka,India,Restaurant
3279,cafes in kolkata,22200,4,8238,$0.19,3,20,https://www.zomato.com/kolkata/great-cafes,Kolkata,West Bengal,India,Cafe
3280,biryani hotel near me,22200,4,8238,$0.18,9,14,https://www.zomato.com/bangalore/restaurants/biryani,Bangalore,Karnataka,India,Restaurant
3281,yadav nagar,27100,66,56,$0.10,3,19,https://www.zomato.com/ncr/yadav-shudh-bhojnalaya-raj-nagar-ghaziabad,Unknown,Unknown,Unknown,Unknown
3282,weather lalpur,22200,21,73,$0,1,24,https://www.zomato.com/contact,Unknown,Unknown,Unknown,Unknown
3283,the royal plaza hotel new delhi,27100,17,151,$0.43,17,41,https://www.zomato.com/ncr/restaurants/in/hotel-the-royal-plaza-janpath,Unknown,Unknown,Unknown,Restaurant
3284,the coffee bean & tea leaf,22200,7,1785,$0,3,12,https://www.zomato.com/ncr/the-coffee-bean-tea-leaf-sector-50-noida,Unknown,Unknown,Unknown,Coffee
3285,sompura gate,27100,32,56,$0.54,8,29,https://www.zomato.com/bangalore/ahapuram-sarjapur-road-bangalore,Bangalore,Karnataka,India,Unknown
3286,seetha circle,27100,32,56,$0.11,4,19,https://www.zomato.com/bangalore/new-sagar-fast-food-banashankari,Bangalore,Karnataka,India,Fast Food
3287,restaurant in delhi india,22200,4,8238,$0.07,4,42,https://www.zomato.com/ncr/restaurants,Unknown,Unknown,Unknown,Restaurant
3288,waffle shop near me,18100,4,8238,$0.20,6,12,https://www.zomato.com/chennai/restaurants/waffle,Chennai,Tamil Nadu,India,Restaurant
3289,vrindavan restaurant,27100,4,8238,$0.14,3,27,https://www.zomato.com/mumbai/vrindavan-azad-nagar,Mumbai,Maharashtra,India,Unknown
3290,urban chowk,27100,7,2636,$0,3,27,https://www.zomato.com/ahmedabad/restaurants/in/urban-chowk,Ahmedabad,Gujarat,India,Restaurant
3291,truffles st marks,27100,3,8238,$0.07,7,20,https://www.zomato.com/bangalore/truffles-st-marks-road,Bangalore,Karnataka,India,Unknown
3292,trick's,27100,61,56,$0,1,73,https://www.zomato.com/hyderabad/trick-bar-kitchen-by-10d-nallagandla/order,Hyderabad,Telangana,India,Bar
3293,the glass onion,22200,1,8238,$0,7,22,https://www.zomato.com/hyderabad/the-glass-onion-gachibowli,Hyderabad,Telangana,India,Unknown
3294,taj aguada goa,27100,9,915,$0.43,65,38,https://www.zomato.com/goa/restaurants/in/taj-fort-aguada-resort-spa-candolim,Goa,Goa,India,Restaurant
3295,surya palace baroda,27100,22,89,$0.35,5,32,https://www.zomato.com/vadodara/azure-grand-mercure-vadodara-surya-palace-sayajigunj,Unknown,Unknown,Unknown,Unknown
3296,sula wines nashik,12100,15,203,$0.06,1,16,https://www.zomato.com/nashik/sula-vineyards-satpur,Unknown,Unknown,Unknown,Unknown
3297,sula wines in nashik,27100,16,159,$0.19,5,41,https://www.zomato.com/nashik/sula-vineyards-satpur,Unknown,Unknown,Unknown,Unknown
3298,steve's,27100,59,56,$0,1,33,https://www.zomato.com/chennai/steves-kitchen-pallikaranai,Chennai,Tamil Nadu,India,Unknown
3299,sri mu saravana bhavan,27100,7,4390,$0.15,1,21,https://www.zomato.com/thrissur/sri-mu-saravana-bhavan-puzhakkal,Unknown,Unknown,Unknown,Unknown
3300,south indian food,27100,11,915,$0.04,1,38,https://www.zomato.com/bangalore/restaurants/south-indian,Bangalore,Karnataka,India,Restaurant
3301,sindh sweets,480,6,2636,$0,1,22,https://www.zomato.com/aligarh/sindh-sweets-aligarh-locality/order,Unknown,Unknown,Unknown,Unknown
3302,sector 31 main market,27100,1,8238,$0.11,1,26,https://www.zomato.com/ncr/restaurants/in/huda-market-sector-31,Unknown,Unknown,Unknown,Restaurant
3303,s near me,27100,2,8238,$0,1,19,https://www.zomato.com/restaurants-near-me,Unknown,Unknown,Unknown,Restaurant
3304,oka,27100,7,693,$1.30,1,40,https://www.zomato.com/amritsar/oka-open-kitchen-at-astoria-ranjit-avenue,Unknown,Unknown,Unknown,Unknown
3305,number 4 road,27100,18,159,$0.14,4,27,https://www.zomato.com/hyderabad/road-number-4-zahara-nagar-restaurants?place_name=Road+4%2C+Banjara+Hills&dishv2_id=45873&context=delivery&category=1,Hyderabad,Telangana,India,Restaurant
3306,non veg near me,22200,5,4390,$0.04,8,37,https://www.zomato.com/mumbai/restaurants/dish-non-veg,Mumbai,Maharashtra,India,Restaurant
3307,lounge bar near me,33100,4,8238,$0.30,5,16,https://www.zomato.com/lounges-near-me,Unknown,Unknown,Unknown,Unknown
3308,seafood near near me,27100,8,1785,$0.07,8,44,https://www.zomato.com/ankleshwar/restaurants/sea-food?sort=best&lang=por&user_lang_change=1,Unknown,Unknown,Unknown,Restaurant
3309,restaurants who deliver,27100,7,2636,$0.14,2,25,https://www.zomato.com/ncr/delivery,Unknown,Unknown,Unknown,Unknown
3310,restaurant to deliver,27100,6,2636,$0.11,2,26,https://www.zomato.com/,Unknown,Unknown,Unknown,Unknown
3311,remo's,27100,1,8238,$0,1,38,https://www.zomato.com/kolkata/remos-the-coffee-shop-global-bistro-hindustan-park,Kolkata,West Bengal,India,Coffee
3312,rameshwaram cafe bommasandra,590,14,306,$0.05,2,31,https://www.zomato.com/bangalore/maheswaram-cafe-2-bommasandra-bangalore,Bangalore,Karnataka,India,Cafe
3313,prithvi theatre juhu,27100,16,203,$0.13,4,42,https://www.zomato.com/mumbai/prithvi-cafe-juhu,Mumbai,Maharashtra,India,Cafe
3314,prashanth nagar bangalore,27100,42,56,$0.15,3,16,https://www.zomato.com/bangalore/hotel-prashanth-vijay-nagar-bangalore,Bangalore,Karnataka,India,Hotel
3315,paratha near me,27100,4,8238,$0.40,6,23,https://www.zomato.com/mumbai/delivery/dish-paratha,Mumbai,Maharashtra,India,Unknown
3316,pandara road,27100,3,8238,$0,2,27,https://www.zomato.com/ncr/pandara-road-delhi-restaurants,Unknown,Unknown,Unknown,Restaurant
3317,hoskote biryani,27100,6,4390,$1,8,29,https://www.zomato.com/bangalore/hoskote-biryani-house-kalyan-nagar-bangalore,Bangalore,Karnataka,India,Unknown
3318,good earth city center mall,22200,3,2636,$0,11,15,https://www.zomato.com/ncr/restaurants/in/good-earth-city-center-sector-50,Unknown,Unknown,Unknown,Restaurant
3319,lemon tree gachibowli hyderabad,27100,24,62,$0.37,28,33,https://www.zomato.com/hyderabad/citrus-cafe-lemon-tree-gachibowli-financial-district,Hyderabad,Telangana,India,Cafe
3320,kerala food,33100,15,246,$0.14,1,28,https://www.zomato.com/bangalore/restaurants/kerala,Bangalore,Karnataka,India,Restaurant
3321,juice centre near me,27100,3,4390,$0.13,3,14,https://www.zomato.com/nashik/restaurants/juices,Unknown,Unknown,Unknown,Restaurant
3322,dlf horizon center,33100,2,4390,$0,1,23,https://www.zomato.com/ncr/restaurants/in/dlf-horizon-center,Unknown,Unknown,Unknown,Restaurant
3323,chat ss,27100,8,915,$0,1,27,https://www.zomato.com/pune/s-s-chat-cafe-yerawada,Pune,Maharashtra,India,Cafe
3324,chat punjab,33100,18,116,$0.26,1,12,https://www.zomato.com/raipur/punjabi-chat-corner-civil-lines,Unknown,Unknown,Unknown,Unknown
3325,chariot resort mahabalipuram,27100,20,116,$0.15,40,23,https://www.zomato.com/chennai/restaurants/in/chariot-beach-resort-mahabalipuram,Chennai,Tamil Nadu,India,Restaurant
3326,cafe by soul,12100,4,8238,$0.11,1,38,https://www.zomato.com/ncr/cafe-by-soul-dlf-phase-1,Unknown,Unknown,Unknown,Cafe
3327,c i t y park jaipur,27100,66,56,$0.02,4,26,https://www.zomato.com/jaipur/restaurants,Jaipur,Rajasthan,India,Restaurant
3328,galleria shopping mall,27100,7,1270,$0,4,23,https://www.zomato.com/mumbai/restaurants/in/galleria-shopping-centre-powai,Mumbai,Maharashtra,India,Restaurant
3329,fish restaurant near me,27100,3,4390,$0.23,8,16,https://www.zomato.com/aurangabad/restaurants/sea-food,Unknown,Unknown,Unknown,Restaurant
3330,express highway garden,27100,32,56,$0.05,5,26,https://www.zomato.com/jaipur/highway-diaries-the-garden-cafe-kukas,Jaipur,Rajasthan,India,Cafe
3331,exotica banjara hills,27100,3,8238,$0.06,1,21,https://www.zomato.com/hyderabad/exotica-banjara-hills,Hyderabad,Telangana,India,Unknown
3332,black pearl,27100,6,1785,$0.03,8,29,https://www.zomato.com/chennai/the-black-pearl-1-sholinganallur,Chennai,Tamil Nadu,India,Unknown
3333,bier library,27100,3,8238,$0.08,1,27,https://www.zomato.com/bangalore/the-bier-library-koramangala-6th-block-bangalore,Bangalore,Karnataka,India,Unknown
3334,best restaurants for dinner near me,27100,4,8238,$0.29,16,18,https://www.zomato.com/restaurants-near-me,Unknown,Unknown,Unknown,Restaurant
3335,best restaurants chennai,27100,4,8238,$0.31,5,23,https://www.zomato.com/chennai/restaurants,Chennai,Tamil Nadu,India,Restaurant
3336,best mumbai restaurants,33100,5,4390,$0.16,8,31,https://www.zomato.com/mumbai/restaurants,Mumbai,Maharashtra,India,Restaurant
3337,baluchi,33100,2,8238,$0.08,1,29,https://www.zomato.com/BaluchiMumbai,Unknown,Unknown,Unknown,Unknown
3338,bakery shop near me open now,22200,5,8238,$0.07,25,23,https://www.zomato.com/bakeries-near-me,Unknown,Unknown,Unknown,Bakery
3339,amma's mess,27100,4,8238,$0.22,2,22,https://www.zomato.com/ncr/amma-mess-karol-bagh-new-delhi,Unknown,Unknown,Unknown,Unknown
3340,90 club,27100,8,533,$0.72,1,25,https://www.zomato.com/kolkata/the-90s-club-dum-dum/order,Kolkata,West Bengal,India,Unknown
3341,raja dhaba,27100,5,4390,$0,1,27,https://www.zomato.com/ncr/raja-dhaba-gamma-1,Unknown,Unknown,Unknown,Unknown
3342,radhika authentic south indian food,27100,6,2636,$0.01,4,15,https://www.zomato.com/ahmedabad/radhikas-authentic-south-indian-food-prahlad-nagar,Ahmedabad,Gujarat,India,Unknown
3343,telangana spice kitchen,22200,4,8238,$0,9,22,https://www.zomato.com/hyderabad/telangana-spice-kitchen-jubilee-hills,Hyderabad,Telangana,India,Unknown
3344,suraj lama momos,22200,5,4390,$0.02,5,21,https://www.zomato.com/mumbai/suraj-lama-momos-7-bungalows,Mumbai,Maharashtra,India,Unknown
3345,sobo center south bopal ahmedabad,27100,8,693,$0.10,5,18,https://www.zomato.com/ahmedabad/restaurants/in/sobo-center-bopal,Ahmedabad,Gujarat,India,Restaurant
3346,fort aguada taj goa,27100,10,693,$0.45,64,34,https://www.zomato.com/goa/restaurants/in/taj-fort-aguada-resort-spa-candolim,Goa,Goa,India,Restaurant
3347,food near me open now,27100,4,8238,$0.06,15,22,https://www.zomato.com/restaurants-near-me,Unknown,Unknown,Unknown,Restaurant
3348,dinner near me,22200,4,8238,$0.18,9,22,https://www.zomato.com/restaurants-near-me,Unknown,Unknown,Unknown,Restaurant
3349,desi dhaba,27100,4,8238,$0,2,27,https://www.zomato.com/pune/desi-dhaba-hinjawadi,Pune,Maharashtra,India,Unknown
3350,city centre mall patna,27100,24,65,$0,1,13,https://www.zomato.com/patna/restaurants/in/ambuja-city-centre-mall,Patna,Bihar,India,Restaurant
3351,nuggets,27100,12,915,$0.05,4,41,https://www.zomato.com/bangalore/restaurants/dish-chicken-nuggets,Bangalore,Karnataka,India,Restaurant
3352,mocha pune,27100,1,8238,$0,1,27,https://www.zomato.com/pune/mocha-wanowrie,Pune,Maharashtra,India,Unknown
3353,mocha cafe pune,18100,2,4390,$0.20,2,22,https://www.zomato.com/pune/mocha-wanowrie,Pune,Maharashtra,India,Unknown
3354,mayfair lagoon bhubaneswar,27100,15,246,$0.12,19,27,https://www.zomato.com/bhubaneswar/restaurants/in/mayfair-lagoon-jayadev-vihar,Unknown,Unknown,Unknown,Restaurant
3355,manek chowk food market,27100,19,138,$0,2,14,https://www.zomato.com/ahmedabad/manek-sandwich-pizza-manek-chowk,Ahmedabad,Gujarat,India,Pizza
3356,lal tibba scenic cafe,9900,5,4390,$0.05,1,21,https://www.zomato.com/mussoorie/lal-tibba-landour,Unknown,Unknown,Unknown,Unknown
3357,kebabs,260,10,915,$0,1,31,https://www.zomato.com/hyderabad/smoky-kebabs,Hyderabad,Telangana,India,Unknown
3358,japanese restaurants near me,22200,4,8238,$0.41,9,14,https://www.zomato.com/japanese-restaurants-near-me,Unknown,Unknown,Unknown,Restaurant
3359,ibis hyderabad,27100,8,915,$0.23,34,37,https://www.zomato.com/hyderabad/spice-it-ibis-hyderabad-hitec-city-hitech-city,Hyderabad,Telangana,India,Unknown
3360,hyderabad biryani house hyderabad,27100,6,4390,$0.05,2,22,https://www.zomato.com/hyderabad/hyderabad-biryani-house-3-miyapur,Hyderabad,Telangana,India,Unknown
3361,hotel ibis gurgaon,22200,10,533,$0.21,26,27,https://www.zomato.com/ncr/spice-it-ibis-gurgaon-golf-course-road-golf-course-road-gurgaon,Unknown,Unknown,Unknown,Unknown
3362,hotel hyatt place gurgaon udyog vihar,27100,18,151,$0.70,15,35,https://www.zomato.com/ncr/gallery-caf-hyatt-place-udyog-vihar,Unknown,Unknown,Unknown,Unknown
3363,handi restaurant jaipur,18100,3,8238,$0.13,7,21,https://www.zomato.com/jaipur/handi-restaurant-mi-road,Jaipur,Rajasthan,India,Restaurant
3364,good cafes near me,27100,5,4390,$0.05,16,26,https://www.zomato.com/cafes-near-me,Unknown,Unknown,Unknown,Cafe
3365,glass onion restaurant,22200,3,8238,$0,7,22,https://www.zomato.com/hyderabad/the-glass-onion-gachibowli,Hyderabad,Telangana,India,Unknown
3366,best restaurant jaipur india,27100,5,4390,$0.06,13,22,https://www.zomato.com/jaipur/restaurants,Jaipur,Rajasthan,India,Restaurant
3367,bbq,27100,8,2636,$0.29,5,41,https://www.zomato.com/dehradun/restaurants/bbq,Dehradun,Uttarakhand,India,Restaurant
3368,bastian riviera,22200,5,4390,$0.27,3,22,https://www.zomato.com/goa/bastian-riviera-morjim,Goa,Goa,India,Unknown
3369,bar and restaurants,33100,5,8238,$0.21,5,24,https://www.zomato.com/restaurants-near-me,Unknown,Unknown,Unknown,Restaurant
3370,burger shops near me,22200,5,8238,$0.26,4,13,https://www.zomato.com/burger-restaurants-near-me,Unknown,Unknown,Unknown,Restaurant
3371,amma's mess,27100,4,8238,$0.22,2,22,https://www.zomato.com/ncr/amma-mess-karol-bagh-new-delhi,Unknown,Unknown,Unknown,Unknown
3372,90 club,27100,8,533,$0.72,1,25,https://www.zomato.com/kolkata/the-90s-club-dum-dum/order,Kolkata,West Bengal,India,Unknown
3373,yari road,22200,9,1270,$0.55,9,27,https://www.zomato.com/mumbai/casual-dining?zomato_place_id=113854,Mumbai,Maharashtra,India,Unknown
3374,yadav dhaba,22200,7,4390,$0,2,25,https://www.zomato.com/lucknow/yadav-dhaba-1-gomti-nagar,Lucknow,Uttar Pradesh,India,Unknown
3375,telangana spice kitchen,22200,4,8238,$0,9,22,https://www.zomato.com/hyderabad/telangana-spice-kitchen-jubilee-hills,Hyderabad,Telangana,India,Unknown
3376,suraj lama momos,22200,5,4390,$0.02,5,21,https://www.zomato.com/mumbai/suraj-lama-momos-7-bungalows,Mumbai,Maharashtra,India,Unknown
3377,sobo center south bopal ahmedabad,27100,8,693,$0.10,5,18,https://www.zomato.com/ahmedabad/restaurants/in/sobo-center-bopal,Ahmedabad,Gujarat,India,Restaurant
3378,nuggets,27100,12,915,$0.05,4,41,https://www.zomato.com/bangalore/restaurants/dish-chicken-nuggets,Bangalore,Karnataka,India,Restaurant
3379,mocha pune,27100,1,8238,$0,1,27,https://www.zomato.com/pune/mocha-wanowrie,Pune,Maharashtra,India,Unknown
3380,mocha cafe pune,18100,2,4390,$0.20,2,22,https://www.zomato.com/pune/mocha-wanowrie,Pune,Maharashtra,India,Unknown
3381,mayfair lagoon bhubaneswar,27100,15,246,$0.12,19,27,https://www.zomato.com/bhubaneswar/restaurants/in/mayfair-lagoon-jayadev-vihar,Unknown,Unknown,Unknown,Restaurant
3382,manek chowk food market,27100,19,138,$0,2,14,https://www.zomato.com/ahmedabad/manek-sandwich-pizza-manek-chowk,Ahmedabad,Gujarat,India,Pizza
3383,lal tibba scenic cafe,9900,5,4390,$0.05,1,21,https://www.zomato.com/mussoorie/lal-tibba-landour,Unknown,Unknown,Unknown,Unknown
3384,kebabs,260,10,915,$0,1,31,https://www.zomato.com/hyderabad/smoky-kebabs,Hyderabad,Telangana,India,Unknown
3385,japanese restaurants near me,22200,4,8238,$0.41,9,14,https://www.zomato.com/japanese-restaurants-near-me,Unknown,Unknown,Unknown,Restaurant
3386,ibis hyderabad,27100,8,915,$0.23,34,37,https://www.zomato.com/hyderabad/spice-it-ibis-hyderabad-hitec-city-hitech-city,Hyderabad,Telangana,India,Unknown
3387,hyderabad biryani house hyderabad,27100,6,4390,$0.05,2,22,https://www.zomato.com/hyderabad/hyderabad-biryani-house-3-miyapur,Hyderabad,Telangana,India,Unknown
3388,hotel ibis gurgaon,22200,10,533,$0.21,26,27,https://www.zomato.com/ncr/spice-it-ibis-gurgaon-golf-course-road-golf-course-road-gurgaon,Unknown,Unknown,Unknown,Unknown
3389,hotel hyatt place gurgaon udyog vihar,27100,18,151,$0.70,15,35,https://www.zomato.com/ncr/gallery-caf-hyatt-place-udyog-vihar,Unknown,Unknown,Unknown,Unknown
3390,handi restaurant jaipur,18100,3,8238,$0.13,7,21,https://www.zomato.com/jaipur/handi-restaurant-mi-road,Jaipur,Rajasthan,India,Restaurant
3391,good cafes near me,27100,5,4390,$0.05,16,26,https://www.zomato.com/cafes-near-me,Unknown,Unknown,Unknown,Cafe
3392,glass onion restaurant,22200,3,8238,$0,7,22,https://www.zomato.com/hyderabad/the-glass-onion-gachibowli,Hyderabad,Telangana,India,Unknown
3393,best restaurant jaipur india,27100,5,4390,$0.06,13,22,https://www.zomato.com/jaipur/restaurants,Jaipur,Rajasthan,India,Restaurant
3394,bbq,27100,8,2636,$0.29,5,41,https://www.zomato.com/dehradun/restaurants/bbq,Dehradun,Uttarakhand,India,Restaurant
3395,bastian riviera,22200,5,4390,$0.27,3,22,https://www.zomato.com/goa/bastian-riviera-morjim,Goa,Goa,India,Unknown
3396,bar and restaurants,33100,5,8238,$0.21,5,24,https://www.zomato.com/restaurants-near-me,Unknown,Unknown,Unknown,Restaurant
3397,burger shops near me,22200,5,8238,$0.26,4,13,https://www.zomato.com/burger-restaurants-near-me,Unknown,Unknown,Unknown,Restaurant
3398,fort aguada taj goa,27100,10,693,$0.45,64,34,https://www.zomato.com/goa/restaurants/in/taj-fort-aguada-resort-spa-candolim,Goa,Goa,India,Restaurant
3399,food near me open now,27100,4,8238,$0.06,15,22,https://www.zomato.com/restaurants-near-me,Unknown,Unknown,Unknown,Restaurant
3400,dinner near me,22200,4,8238,$0.18,9,22,https://www.zomato.com/restaurants-near-me,Unknown,Unknown,Unknown,Restaurant
3401,desi dhaba,27100,4,8238,$0,2,27,https://www.zomato.com/pune/desi-dhaba-hinjawadi,Pune,Maharashtra,India,Unknown
3402,city centre mall patna,27100,24,65,$0,1,13,https://www.zomato.com/patna/restaurants/in/ambuja-city-centre-mall,Patna,Bihar,India,Restaurant
3403,raja dhaba,27100,5,4390,$0,1,27,https://www.zomato.com/ncr/raja-dhaba-gamma-1,Unknown,Unknown,Unknown,Unknown
3404,radhika authentic south indian food,27100,6,2636,$0.01,4,15,https://www.zomato.com/ahmedabad/radhikas-authentic-south-indian-food-prahlad-nagar,Ahmedabad,Gujarat,India,Unknown
3405,vadapalani vijaya mall,27100,16,159,$0.15,4,22,https://www.zomato.com/chennai/restaurants/in/forum-vijaya-mall-vadapalani,Chennai,Tamil Nadu,India,Restaurant
3406,unity one mall janakpuri,9900,4,2636,$0.20,8,19,https://www.zomato.com/ncr/restaurants/in/unity-one-mall-janakpuri,Unknown,Unknown,Unknown,Restaurant
3407,the autumn house,18100,3,8238,$0.16,5,48,https://www.zomato.com/ncr/the-autumn-house-sector-72-noida,Unknown,Unknown,Unknown,Unknown
3408,hotel the royal plaza new delhi delhi,27100,19,116,$0.43,17,43,https://www.zomato.com/ncr/restaurants/in/hotel-the-royal-plaza-janpath,Unknown,Unknown,Unknown,Restaurant
3409,hotel itc sonar kolkata,27100,18,151,$0.75,56,35,https://www.zomato.com/kolkata/restaurants/in/itc-sonar,Kolkata,West Bengal,India,Restaurant
3410,hotel greenpark bengaluru,27100,21,109,$0.50,17,21,https://www.zomato.com/bangalore/loka-greenpark-hotels-bannerghatta-road-bangalore,Bangalore,Karnataka,India,Hotel
3411,highway near me,18100,17,246,$0,1,18,https://www.zomato.com/mumbai/highway-bar-restaurant-jogeshwari,Mumbai,Maharashtra,India,Restaurant
3412,grand mercure bangalore,33100,13,306,$0.23,23,29,https://www.zomato.com/bangalore/restaurants/in/grand-mercure-koramangala,Bangalore,Karnataka,India,Restaurant
3413,good restaurants in chennai,22200,4,8238,$0.05,9,31,https://www.zomato.com/chennai/restaurants,Chennai,Tamil Nadu,India,Restaurant
3414,ibis hosur road,27100,11,406,$0.29,20,28,https://www.zomato.com/bangalore/spice-it-ibis-bengaluru-hosur-road-bommanahalli-bangalore,Bangalore,Karnataka,India,Unknown
3415,hyderabad biryani house,18100,6,4390,$0.22,2,19,https://www.zomato.com/bangalore/hyderabad-biryaani-house-since-2003-richmond-road-bangalore,Bangalore,Karnataka,India,Unknown
3416,restaurants that deliver,27100,4,2636,$0.14,2,27,https://www.zomato.com/bangalore/delivery,Bangalore,Karnataka,India,Unknown
3417,restaurant who delivers,27100,9,1270,$0.14,2,24,https://www.zomato.com/kolkata/food-truck?category=1,Kolkata,West Bengal,India,Unknown
3418,restaurant and delivery,27100,6,2636,$0.14,2,29,https://www.zomato.com/bangalore/delivery,Bangalore,Karnataka,India,Unknown
3419,resorts in ecr,40500,88,56,$0.12,98,55,https://www.zomato.com/chennai/restaurants,Chennai,Tamil Nadu,India,Restaurant
3420,the second house,27100,4,4390,$0.08,3,29,https://www.zomato.com/goa/the-second-house-saligao,Goa,Goa,India,Unknown
3421,the leela gandhinagar,27100,8,915,$0.19,10,25,https://www.zomato.com/ahmedabad/diya-the-leela-sector-16-gandhinagar,Ahmedabad,Gujarat,India,Unknown
3422,surya bakery,27100,6,2636,$0.08,3,21,https://www.zomato.com/dharapuram/surya-bakery-dharapuram-locality/order,Unknown,Unknown,Unknown,Bakery
3423,mansarovar plaza jaipur,22200,10,915,$0,9,22,https://www.zomato.com/jaipur/restaurants/in/mansarovar-plaza-mansarovar,Jaipur,Rajasthan,India,Restaurant
3424,khar social mumbai maharashtra,27100,1,8238,$0.11,3,22,https://www.zomato.com/KharSocial,Unknown,Unknown,Unknown,Unknown
3425,jp nagar restaurant bangalore,27100,4,8238,$0.04,11,24,https://www.zomato.com/bangalore/jp-nagar-restaurants,Bangalore,Karnataka,India,Restaurant
3426,jayanagar 9th block,27100,16,246,$0.47,7,24,https://www.zomato.com/bangalore/jayanagara-9th-block-restaurants,Bangalore,Karnataka,India,Restaurant
3427,j w marriott mussoorie,27100,16,159,$0.29,52,29,https://www.zomato.com/mussoorie/restaurants/in/jw-marriott-mussoorie-walnut-grove-resort-spa-kempty-fall,Unknown,Unknown,Unknown,Restaurant
3428,itc sonar kolkata,33100,10,533,$1.08,59,40,https://www.zomato.com/kolkata/restaurants/in/itc-sonar,Kolkata,West Bengal,India,Restaurant
3429,pullman chennai anna salai,14800,10,533,$0.42,28,23,https://www.zomato.com/chennai/mercato-at-pullman-chennai-anna-salai-by-accor-anna-salai,Chennai,Tamil Nadu,India,Unknown
3430,poseidon's,27100,11,533,$0.16,1,43,https://www.zomato.com/goa/poseidons-cove-planet-hollywood-majorda,Goa,Goa,India,Unknown
3431,oh dough,9900,3,8238,$0.42,7,31,https://www.zomato.com/mumbai/oh-dough-fort,Mumbai,Maharashtra,India,Unknown
3432,o pedro bkc,22200,4,4390,$0,4,21,https://www.zomato.com/mumbai/o-pedro-bandra-kurla-complex,Mumbai,Maharashtra,India,Unknown
3433,nearest cake shops,27100,4,8238,$0.10,34,23,https://www.zomato.com/bakeries-near-me,Unknown,Unknown,Unknown,Bakery
3434,mothers veg plaza,22200,5,4390,$0.14,7,22,https://www.zomato.com/trivandrum/mothers-veg-plaza-palayam,Unknown,Unknown,Unknown,Unknown
3435,mint chennai,27100,14,406,$0.11,4,22,https://www.zomato.com/chennai/mint-cafe-guindy,Chennai,Tamil Nadu,India,Cafe
3436,crowne plaza rohini,27100,10,915,$0.10,53,37,https://www.zomato.com/ncr/restaurants/in/crowne-plaza-hotel-rohini,Unknown,Unknown,Unknown,Restaurant
3437,cross river mall,60500,4,2636,$0,3,32,https://www.zomato.com/ncr/restaurants/in/cross-river-mall-shahadra,Unknown,Unknown,Unknown,Restaurant
3438,concept shawarma,18100,3,8238,$0,7,26,https://www.zomato.com/ncr/concept-shawarma-defence-colony-new-delhi,Unknown,Unknown,Unknown,Unknown
3439,club babylon,27100,16,306,$0,6,28,https://www.zomato.com/ahmedabad/savannah-club-babylon-sola,Ahmedabad,Gujarat,India,Unknown
3440,cakes tiramisu,27100,30,62,$0.17,43,30,https://www.zomato.com/chennai/restaurants/dish-tiramisu-cake,Chennai,Tamil Nadu,India,Restaurant
3441,burger singh near me,22200,7,2636,$0.14,4,13,https://www.zomato.com/ncr/burger-singh-big-punjabi-burgers-raj-nagar-ghaziabad,Unknown,Unknown,Unknown,Unknown
3442,best restaurants in pune,27100,4,8238,$0.37,9,16,https://www.zomato.com/pune/dine-out,Pune,Maharashtra,India,Unknown
3443,bandra born,27100,4,4390,$0.19,3,27,https://www.zomato.com/mumbai/bandra-born-bandstand-bandra-west,Mumbai,Maharashtra,India,Unknown
3444,baklava sweets,18100,22,138,$0.09,92,51,https://www.zomato.com/hyderabad/gourmet-baklava-banjara-hills,Hyderabad,Telangana,India,Unknown
3445,bakingo near me,22200,10,915,$0.26,45,33,https://www.zomato.com/mumbai/bakingo-cakes-and-desserts-sanpada-navi-mumbai,Mumbai,Maharashtra,India,Dessert
3446,auto stand,27100,80,56,$0.04,2,42,https://www.zomato.com/kolkata/bar?landmark_id=274706,Kolkata,West Bengal,India,Bar
3447,4 am biryani near me,27100,5,8238,$0.21,3,14,https://www.zomato.com/hyderabad/4am-biryani-madhapur,Hyderabad,Telangana,India,Unknown
3448,1st street,27100,31,56,$0.15,4,35,https://www.zomato.com/ncr/cafe-street-1-alpha-1-greater-noida,Unknown,Unknown,Unknown,Cafe
3449,yes minister bowling bar & kitchen,22200,6,2636,$0.26,9,14,https://www.zomato.com/ncr/yes-minister-pub-kitchen-adchini-new-delhi,Unknown,Unknown,Unknown,Unknown
3450,unlocked cafe,27100,3,8238,$0.06,3,21,https://www.zomato.com/ahmedabad/unlocked-navrangpura,Ahmedabad,Gujarat,India,Unknown
3451,m block market gk 1,27100,2,8238,$0.04,1,27,https://www.zomato.com/ncr/restaurants/in/m-block-market-greater-kailash-1-gk1,Unknown,Unknown,Unknown,Restaurant
3452,late check out,27100,1,8238,$0.10,3,19,https://www.zomato.com/mumbai/late-checkout-lower-parel,Mumbai,Maharashtra,India,Unknown
3453,restaurant jp nagar bangalore,27100,6,4390,$0.03,10,22,https://www.zomato.com/bangalore/jp-nagar-restaurants,Bangalore,Karnataka,India,Restaurant
3454,restaurant for delivery,27100,6,2636,$0.14,2,29,https://www.zomato.com/bangalore/delivery,Bangalore,Karnataka,India,Unknown
3455,rama krishna hotel mumbai,27100,6,2636,$0.24,3,20,https://www.zomato.com/mumbai/rama-krishna-vile-parle-east,Mumbai,Maharashtra,India,Unknown
3456,raffles jaipur,33100,15,203,$0.05,36,38,https://www.zomato.com/jaipur/raffles-amer,Jaipur,Rajasthan,India,Unknown
3457,pump house,27100,4,8238,$0,3,27,https://www.zomato.com/bangalore/the-pump-house-1-jp-nagar-bangalore,Bangalore,Karnataka,India,Unknown
3458,prithvi theatre in mumbai,27100,13,246,$0.13,4,44,https://www.zomato.com/mumbai/prithvi-cafe-juhu,Mumbai,Maharashtra,India,Cafe
3459,pinky vodka,27100,6,1270,$0,1,17,https://www.zomato.com/mumbai/restaurants/dish-pinky-vodka,Mumbai,Maharashtra,India,Restaurant
3460,nearby cake stores,27100,4,8238,$0.11,37,25,https://www.zomato.com/bakeries-near-me,Unknown,Unknown,Unknown,Bakery
3461,shreyas hotel pune,27100,1,8238,$0.15,14,26,https://www.zomato.com/pune/hotel-shreyas-deccan-gymkhana,Pune,Maharashtra,India,Hotel
3462,royalty restaurant,27100,2,8238,$0.09,2,25,https://www.zomato.com/surat/royalty-kitchen-adajan-gam,Surat,Gujarat,India,Unknown
3463,royal plaza,27100,7,915,$0.29,4,28,https://www.zomato.com/ncr/restaurants/in/hotel-the-royal-plaza-janpath,Unknown,Unknown,Unknown,Restaurant
3464,restaurants near me for lunch,27100,2,8238,$0.26,15,18,https://www.zomato.com/restaurants-near-me,Unknown,Unknown,Unknown,Restaurant
3465,restaurants near me for breakfast,27100,5,2636,$0.30,7,16,https://www.zomato.com/ncr/great-breakfasts,Unknown,Unknown,Unknown,Unknown
3466,khau galli,27100,6,4390,$0,9,29,https://www.zomato.com/mumbai/khau-gali-marine-lines,Mumbai,Maharashtra,India,Unknown
3467,karim's original from jama masjid delhi-6,33100,4,8238,$0.09,2,21,https://www.zomato.com/kolkata/karims-original-from-jama-masjid-delhi-6-hatibagan,Kolkata,West Bengal,India,Unknown
3468,itc grand chola chennai,27100,23,65,$0.35,59,31,https://www.zomato.com/chennai/restaurants/in/itc-grand-chola,Chennai,Tamil Nadu,India,Restaurant
3469,ibis gurgaon hotel,27100,26,59,$0.64,21,24,https://www.zomato.com/ncr/spice-it-ibis-gurgaon-golf-course-road-golf-course-road-gurgaon/menu,Unknown,Unknown,Unknown,Unknown
3470,hyatt ahmedabad,33100,5,1785,$0.54,30,37,https://www.zomato.com/ahmedabad/restaurants/in/hyatt,Ahmedabad,Gujarat,India,Restaurant
3471,hotel bharath,22200,9,1270,$0.12,1,25,https://www.zomato.com/vi/thrissur/hotel-bharath-vegetarian-poothole/reviews?amp=1,Unknown,Unknown,Unknown,Hotel
3472,haryana mewat dhaba,27100,15,246,$0.03,1,18,https://www.zomato.com/ncr/haryana-dhaba-3-pandav-nagar-new-delhi,Unknown,Unknown,Unknown,Unknown
3473,hard rock hotel goa,27100,10,693,$0.13,40,26,https://www.zomato.com/goa/sessions-hard-rock-hotel-calangute,Goa,Goa,India,Hotel
3474,elloras dehradun,27100,6,2636,$0.20,4,28,https://www.zomato.com/dehradun/elloras-melting-moments-chukkuwala,Dehradun,Uttarakhand,India,Unknown
3475,dal khichdi,27100,45,56,$0.14,1,27,https://www.zomato.com/chhindwara?zpwa=true,Unknown,Unknown,Unknown,Unknown
3476,cake miniature,27100,33,56,$0.04,97,34,https://www.zomato.com/bangalore/mini-cake-1-btm-bangalore/order,Bangalore,Karnataka,India,Unknown
3477,brunch near me,9900,6,2636,$0.05,4,37,https://www.zomato.com/ncr/restaurantes?brunch=1,Unknown,Unknown,Unknown,Restaurant
3478,best restaurants in jaipur,27100,4,8238,$0.43,14,18,https://www.zomato.com/jaipur/restaurants,Jaipur,Rajasthan,India,Restaurant
3479,best food restaurants in jaipur,27100,4,8238,$0.06,13,24,https://www.zomato.com/jaipur/restaurants,Jaipur,Rajasthan,India,Restaurant
3480,basta,22200,13,406,$0,1,37,https://www.zomato.com/vadodara/basta-gotri/reviews,Unknown,Unknown,Unknown,Unknown
3481,bar and restaurant,27100,5,4390,$0.19,4,23,https://www.zomato.com/ncr/bar,Unknown,Unknown,Unknown,Bar
3482,9th block jayanagar,27100,18,159,$0.12,5,23,https://www.zomato.com/bangalore/jayanagara-9th-block-restaurants,Bangalore,Karnataka,India,Restaurant
3483,7 11,27100,19,151,$0.04,1,66,https://www.zomato.com/mumbai/seven-eleven-fine-dine-mira-road,Mumbai,Maharashtra,India,Unknown
3484,10 downing street,27100,4,4390,$0,3,22,https://www.zomato.com/kolkata/10-downing-street-sector-5-salt-lake,Kolkata,West Bengal,India,Unknown
3485,whole foods,27100,7,1270,$0.47,2,27,https://www.zomato.com/ncr/whole-foods-hauz-khas-new-delhi,Unknown,Unknown,Unknown,Unknown
3486,good restaurants near me for dinner,27100,4,8238,$0.05,16,72,https://www.zomato.com/restaurants-near-me,Unknown,Unknown,Unknown,Restaurant
3487,surajkund taj,27100,9,693,$0.25,69,23,https://www.zomato.com/ncr/restaurants/in/taj-surajkund-resort-spa-delhi-ncr,Unknown,Unknown,Unknown,Restaurant
3488,stories brewery & kitchen,22200,3,8238,$0.57,11,15,https://www.zomato.com/bangalore/stories-brewery-kitchen-btm-bangalore,Bangalore,Karnataka,India,Unknown
3489,southern star mysore,27100,49,56,$0.37,44,35,https://www.zomato.com/mysore/zest-2-yadavgiri,Unknown,Unknown,Unknown,Unknown
3490,sobo center,27100,2,4390,$0.09,6,18,https://www.zomato.com/ahmedabad/restaurants/in/sobo-center-bopal,Ahmedabad,Gujarat,India,Restaurant
3491,sector 94,27100,9,915,$0.19,4,35,https://www.zomato.com/ncr/sector-94-restaurants,Unknown,Unknown,Unknown,Restaurant
3492,third wave coffee roasters near me,27100,8,1785,$0,9,16,https://www.zomato.com/pune/restaurants/third-wave-coffee?zone=3600&category=2,Pune,Maharashtra,India,Restaurant
3493,taj coromandel,27100,6,2636,$0.24,41,39,https://www.zomato.com/chennai/restaurants/in/taj-coromandel-hotel-nungambakkam,Chennai,Tamil Nadu,India,Restaurant
3494,sikar road,27100,14,306,$0.22,1,27,https://www.zomato.com/jaipur/sikar-road-restaurants,Jaipur,Rajasthan,India,Restaurant
3495,ibis navi mumbai,22200,9,693,$0.21,28,28,https://www.zomato.com/mumbai/spice-it-ibis-navi-mumbai-turbhe-navi-mumbai,Mumbai,Maharashtra,India,Unknown
3496,hyatt gurgaon udyog vihar,27100,7,1270,$5.72,20,20,https://www.zomato.com/ncr/gallery-caf-hyatt-place-udyog-vihar,Unknown,Unknown,Unknown,Unknown
3497,hotel in hyderabad telangana,27100,21,116,$0.71,94,51,https://www.zomato.com/hyderabad/restaurants,Hyderabad,Telangana,India,Restaurant
3498,honey & dough,12100,6,2636,$0.27,8,20,https://www.zomato.com/ncr/honey-dough-karkardooma-new-delhi,Unknown,Unknown,Unknown,Unknown
3499,hati bagan kolkata,27100,15,406,$0.12,4,23,https://www.zomato.com/kolkata/hatibagan-restaurants,Kolkata,West Bengal,India,Restaurant
3500,grand hyatt mumbai,27100,14,306,$0.72,52,37,https://www.zomato.com/mumbai/restaurants/in/grand-hyatt-mumbai-residences-santacruz-east,Mumbai,Maharashtra,India,Restaurant
3501,gk m block market,27100,2,8238,$0.04,1,24,https://www.zomato.com/ncr/restaurants/in/m-block-market-greater-kailash-1-gk1,Unknown,Unknown,Unknown,Restaurant
3502,g t road,27100,10,915,$0.12,1,24,https://www.zomato.com/ncr/the-gt-road-connaught-place-new-delhi,Unknown,Unknown,Unknown,Unknown
3503,food near me seafood,27100,5,4390,$0.09,8,24,https://www.zomato.com/bangalore/restaurants/sea-food,Bangalore,Karnataka,India,Restaurant
3504,food fish restaurants near me,27100,5,8238,$0.06,9,22,https://www.zomato.com/pune/pimpri-chinchwad-area-restaurants/sea-food,Pune,Maharashtra,India,Restaurant
3505,fish restaurants near me,27100,4,8238,$0.52,8,16,https://www.zomato.com/seafood-restaurants-near-me,Unknown,Unknown,Unknown,Restaurant
3506,munching,27100,11,915,$0.08,36,50,https://www.zomato.com/mumbai/munching-express-kandivali-west,Mumbai,Maharashtra,India,Unknown
3507,karim hotel,22200,5,4390,$0.10,2,32,https://www.zomato.com/ncr/karims-jama-masjid-jama-masjid-new-delhi,Unknown,Unknown,Unknown,Unknown
3508,jai hind kolkata,27100,2,8238,$0.05,4,21,https://www.zomato.com/kolkata/jai-hind-dhaba-paddapukur,Kolkata,West Bengal,India,Unknown
3509,nice dine in restaurants near me,27100,4,8238,$0.05,16,30,https://www.zomato.com/restaurants-near-me,Unknown,Unknown,Unknown,Restaurant
3510,nagarjuna near me,22200,4,8238,$0,1,20,https://www.zomato.com/bangalore/nagarjuna-since-1984-residency-road-bangalore,Bangalore,Karnataka,India,Unknown
3511,best places to visit at bangalore,27100,37,56,$0.18,23,33,https://www.zomato.com/bangalore/restaurants,Bangalore,Karnataka,India,Restaurant
3512,belgian waffle menu,22200,3,4390,$0.21,1,19,https://www.zomato.com/ncr/the-belgian-waffle-co-vijay-nagar-new-delhi/menu,Unknown,Unknown,Unknown,Unknown
3513,banana leaf restaurants,27100,6,2636,$0.08,3,22,https://www.zomato.com/kolkata/banana-leaf-komala-vilas-lake-market-area,Kolkata,West Bengal,India,Unknown
3514,accord highland ooty,14800,37,56,$0.08,70,39,https://www.zomato.com/ooty/accord-highland-ooty-thalayathimund,Unknown,Unknown,Unknown,Unknown
3515,10th downing street,27100,5,4390,$0.27,3,33,https://www.zomato.com/kolkata/10-downing-street-sector-5-salt-lake,Kolkata,West Bengal,India,Unknown
3516,chat punjabi,33100,8,533,$0.26,1,14,https://www.zomato.com/raipur/punjabi-chat-corner-civil-lines,Unknown,Unknown,Unknown,Unknown
3517,chat in punjabi,27100,21,116,$0.49,1,20,https://www.zomato.com/raipur/punjabi-chat-corner-civil-lines,Unknown,Unknown,Unknown,Unknown
3518,cafe sarwaa,27100,6,2636,$0.02,4,28,https://www.zomato.com/trivandrum/cafe-sarwaa-thycaud,Unknown,Unknown,Unknown,Cafe
3519,road number 4,27100,20,138,$0.14,4,22,https://www.zomato.com/hyderabad/road-number-4-zahara-nagar-restaurants?place_name=Road+4%2C+Banjara+Hills&dishv2_id=45873&context=delivery&category=1,Hyderabad,Telangana,India,Restaurant
3520,river cross mall,27100,2,4390,$0.19,1,21,https://www.zomato.com/ncr/restaurants/in/cross-river-mall-shahadra,Unknown,Unknown,Unknown,Restaurant
3521,restaurant with delivery,27100,6,2636,$0.14,2,26,https://www.zomato.com/ncr/delivery,Unknown,Unknown,Unknown,Unknown
3522,restaurant in calcutta,27100,4,8238,$0.06,6,27,https://www.zomato.com/kolkata,Kolkata,West Bengal,India,Unknown
3523,pune famous restaurant,27100,4,8238,$0.08,8,25,https://www.zomato.com/pune/dine-out,Pune,Maharashtra,India,Unknown
3524,eateries jp nagar,27100,4,8238,$0.04,11,24,https://www.zomato.com/bangalore/jp-nagar-restaurants,Bangalore,Karnataka,India,Restaurant
3525,delivery restaurant,27100,5,4390,$0.11,2,23,https://www.zomato.com/,Unknown,Unknown,Unknown,Unknown
3526,delhi food restaurants,22200,4,8238,$0.07,4,27,https://www.zomato.com/ncr/restaurants,Unknown,Unknown,Unknown,Restaurant
3527,corn dog,22200,9,1785,$0.29,1,24,https://www.zomato.com/mumbai/restaurants/dish-corn-dogs,Mumbai,Maharashtra,India,Restaurant
3528,continental foods,27100,15,306,$0.02,1,21,https://www.zomato.com/mumbai/mumbai-continental-foods-goregaon-west,Mumbai,Maharashtra,India,Unknown
3529,zen café,27100,5,4390,$0.09,4,37,https://www.zomato.com/ahmedabad/zen-cafe-satellite,Ahmedabad,Gujarat,India,Cafe
3530,nearest bars near me,27100,4,8238,$0.11,8,22,https://www.zomato.com/bars-near-me,Unknown,Unknown,Unknown,Bar
3531,near bar near me,27100,2,8238,$0.08,15,24,https://www.zomato.com/bars-near-me,Unknown,Unknown,Unknown,Bar
3532,mumbai best restaurant,33100,4,8238,$0.14,5,31,https://www.zomato.com/mumbai/restaurants,Mumbai,Maharashtra,India,Restaurant
3533,mayur,27100,13,533,$0,1,39,https://www.zomato.com/mumbai/mayur-restaurant-bar-santacruz-west,Mumbai,Maharashtra,India,Restaurant
3534,mayfair lagoon hotel in bhubaneswar,27100,29,56,$0.20,20,28,https://www.zomato.com/bhubaneswar/restaurants/in/mayfair-lagoon-jayadev-vihar,Unknown,Unknown,Unknown,Restaurant
3535,sterling mac hotel,27100,9,693,$0.20,27,30,https://www.zomato.com/bangalore/restaurants/in/matthan-hotel,Bangalore,Karnataka,India,Restaurant
3536,social park street,27100,1,8238,$0.13,2,37,https://www.zomato.com/kolkata/park-street-social-park-street-area,Kolkata,West Bengal,India,Unknown
3537,smoor,27100,7,2636,$0.16,48,54,https://www.zomato.com/bangalore/smoor-2-indiranagar-bangalore,Bangalore,Karnataka,India,Unknown
3538,sangeetha t nagar,18100,4,8238,$0.33,7,21,https://www.zomato.com/chennai/sangeetha-veg-restaurant-1-t-nagar,Chennai,Tamil Nadu,India,Restaurant
3539,roast ccx,22200,3,8238,$0,1,24,https://www.zomato.com/hyderabad/roast-ccx-banjara-hills,Hyderabad,Telangana,India,Unknown
3540,restaurants and delivery,27100,3,4390,$0.11,2,28,https://www.zomato.com/,Unknown,Unknown,Unknown,Unknown
3541,rana pratap bagh,27100,13,406,$0.05,5,23,https://www.zomato.com/ncr/rana-pratap-bagh-delhi-restaurants,Unknown,Unknown,Unknown,Restaurant
3542,taj krishna,22200,9,915,$0.14,41,37,https://www.zomato.com/hyderabad/encounters-taj-krishna-banjara-hills,Hyderabad,Telangana,India,Unknown
3543,hotel tiranga,33100,7,2636,$0,1,28,https://www.zomato.com/pune/tiranga-veg-non-veg-pimpri,Pune,Maharashtra,India,Unknown
3544,hotel sai krupa,22200,10,693,$0.10,2,20,https://www.zomato.com/mumbai/hotel-sai-krupa-hiranandani-estate-thane-west,Mumbai,Maharashtra,India,Hotel
3545,govind garden restaurant pimple saudagar,27100,3,8238,$0.06,5,19,https://www.zomato.com/pune/govind-garden-pimple-saudagar,Pune,Maharashtra,India,Unknown
3546,govind garden pimple saudagar,27100,3,8238,$0.04,4,22,https://www.zomato.com/pune/govind-garden-pimple-saudagar,Pune,Maharashtra,India,Unknown
3547,frankie,27100,14,693,$0,1,39,https://www.zomato.com/bangalore/restaurants/dish-veg-frankie,Bangalore,Karnataka,India,Restaurant
3548,bastian empire,14800,4,4390,$0.39,6,23,https://www.zomato.com/pune/bastian-empire-ghorpadi,Pune,Maharashtra,India,Unknown
3549,check out late,27100,5,2636,$0.27,3,33,https://www.zomato.com/mumbai/late-checkout-lower-parel,Mumbai,Maharashtra,India,Unknown
3550,cafe in vadodara,22200,9,1270,$0,1,20,https://www.zomato.com/vadodara/great-cafes,Unknown,Unknown,Unknown,Cafe
3551,live music venues,27100,24,116,$0.10,1,19,https://www.zomato.com/ncr/restaurace?event_cat_id=9&hero_searches_data=ZXZlbnRfY2F0ZWdvcnkkJDk=,Unknown,Unknown,Unknown,Unknown
3552,krispy kreme,27100,6,2636,$0.14,1,27,https://www.zomato.com/bangalore/krispy-kreme-doughnuts-coffee-indiranagar-bangalore,Bangalore,Karnataka,India,Coffee
3553,king fish,27100,15,406,$0.32,1,27,https://www.zomato.com/bangalore/king-fish-nagarbhavi,Bangalore,Karnataka,India,Unknown
3554,emerald mall,22200,20,116,$0,8,27,https://www.zomato.com/allahabad/emerald-mall-naini,Unknown,Unknown,Unknown,Unknown
3555,cosy box,27100,5,4390,$0.07,2,27,https://www.zomato.com/ncr/cosy-box-netaji-nagar-new-delhi,Unknown,Unknown,Unknown,Unknown
3556,closest bar near me,27100,4,8238,$0.08,8,44,https://www.zomato.com/bars-near-me,Unknown,Unknown,Unknown,Bar
3557,top restaurants chennai,27100,1,8238,$0.05,8,25,https://www.zomato.com/chennai/restaurants,Chennai,Tamil Nadu,India,Restaurant
3558,coimbatore taj vivanta,27100,15,203,$0.47,30,22,https://www.zomato.com/coimbatore/latitude-vivanta-coimbatore-race-course,Unknown,Unknown,Unknown,Unknown
3559,chai point,27100,9,1270,$0.25,5,28,https://www.zomato.com/ncr/chai-point-3-connaught-place-new-delhi,Unknown,Unknown,Unknown,Unknown
3560,spice garden layout,27100,12,406,$0,16,26,https://www.zomato.com/bangalore/hotel-spice-garden-marathahalli-bangalore,Bangalore,Karnataka,India,Hotel
3561,sindhi sweets,27100,5,4390,$0.17,4,28,https://www.zomato.com/chandigarh/sindhi-sweets-since-1976-sector-17,Chandigarh,Chandigarh,India,Unknown
3562,sindhi camp jaipur,27100,11,693,$0.13,3,20,https://www.zomato.com/jaipur/sindhi-camp-restaurants,Jaipur,Rajasthan,India,Restaurant
3563,shree nagar,27100,17,246,$0.11,3,21,https://www.zomato.com/mumbai/hotel-shrinagar-wagle-estate-thane-west,Mumbai,Maharashtra,India,Hotel
3564,sangeetha restaurant t nagar,14800,3,8238,$0.14,9,19,https://www.zomato.com/chennai/sangeetha-veg-restaurant-1-t-nagar,Chennai,Tamil Nadu,India,Restaurant
3565,rooftop,27100,6,4390,$0.51,1,40,https://www.zomato.com/kolkata/rooftop-top-view-elgin,Kolkata,West Bengal,India,Unknown
3566,ya na,27100,85,56,$0,1,30,https://www.zomato.com/bangalore/yanas-sizzlers-koramangala-5th-block-bangalore,Bangalore,Karnataka,India,Unknown
3567,white town pondicherry,22200,30,56,$0.25,5,21,https://www.zomato.com/puducherry/best-white-town-restaurants,Unknown,Unknown,Unknown,Restaurant
3568,westin sohna gurgaon,27100,15,203,$0.48,50,40,https://www.zomato.com/ncr/the-red-brick-room-the-westin-sohna-resort-spa-sohna-road-gurgaon,Unknown,Unknown,Unknown,Unknown
3569,vijaya mall vadapalani,27100,15,203,$0.13,4,25,https://www.zomato.com/chennai/restaurants/in/forum-vijaya-mall-vadapalani,Chennai,Tamil Nadu,India,Restaurant
3570,truffles near me,27100,5,8238,$0,5,23,https://www.zomato.com/bangalore/ristoranti/truffles-1?category=2,Bangalore,Karnataka,India,Unknown
3571,manekshaw centre new delhi,27100,60,56,$0.07,3,18,https://www.zomato.com/ncr/delhi-cantt-delhi-restaurants,Unknown,Unknown,Unknown,Restaurant
3572,malabar restaurants,22200,9,1270,$0.05,1,22,https://www.zomato.com/palakkad/malabar-restaurant-kanjikode/order,Unknown,Unknown,Unknown,Restaurant
3573,lingaiah tiffin centre,27100,3,8238,$0.10,5,22,https://www.zomato.com/hyderabad/lingaiah-tiffin-center-nampally,Hyderabad,Telangana,India,Unknown
3574,leela palace bangalore,27100,12,306,$0.43,56,38,https://www.zomato.com/bangalore/restaurants/in/the-leela-palace-old-airport-road,Bangalore,Karnataka,India,Restaurant
3575,late check in late check out,27100,18,151,$0.27,3,33,https://www.zomato.com/mumbai/late-checkout-lower-parel,Mumbai,Maharashtra,India,Unknown
3576,kashmiri near me,14800,5,8238,$0.06,2,25,https://www.zomato.com/kashmiri-restaurants-near-me,Unknown,Unknown,Unknown,Restaurant
3577,k's charcoal ahmedabad,14800,3,8238,$0.20,4,22,https://www.zomato.com/ahmedabad/ks-charcoal-bodakdev,Ahmedabad,Gujarat,India,Unknown
3578,jwala heri main market,27100,17,138,$0.04,1,19,https://www.zomato.com/ncr/jwalaheri-market-paschim-vihar-west-delhi-restaurants,Unknown,Unknown,Unknown,Restaurant
3579,just bake near me,27100,11,693,$0.17,27,22,https://www.zomato.com/bangalore/just-bake-cakes-confectioners-bommanahalli-bangalore,Bangalore,Karnataka,India,Unknown
3580,jahangir pura,27100,54,56,$0.04,5,19,https://www.zomato.com/surat/the-privilege-restaurant-banquet-jahangir-pura,Surat,Gujarat,India,Restaurant
3581,j p nagar restaurants,33100,4,8238,$0.04,9,24,https://www.zomato.com/bangalore/jp-nagar-restaurants,Bangalore,Karnataka,India,Restaurant
3582,inka,27100,6,2636,$0.13,3,40,https://www.zomato.com/mumbai/inka-by-bastian-1-lower-parel,Mumbai,Maharashtra,India,Unknown
3583,punjab grill,33100,8,1785,$0.31,2,28,https://www.zomato.com/ncr/punjab-grill-saket-new-delhi,Unknown,Unknown,Unknown,Unknown
3584,pizza zone,22200,5,4390,$0.89,2,25,https://www.zomato.com/ahmedabad/pizza-zone-1-naranpura,Ahmedabad,Gujarat,India,Pizza
3585,phurr indiranagar,2900,4,4390,$0.20,5,22,https://www.zomato.com/bangalore/phurr-indiranagar-bangalore,Bangalore,Karnataka,India,Unknown
3586,panch pakhadi,4400,7,2636,$0.17,2,19,https://www.zomato.com/mumbai/panch-pakhadi-thane-west-restaurants,Mumbai,Maharashtra,India,Restaurant
3587,new delhi janakpuri,27100,21,138,$0.12,3,24,https://www.zomato.com/ncr/janakpuri-delhi-restaurants,Unknown,Unknown,Unknown,Restaurant
3588,road number 12,27100,6,2636,$0.16,5,19,https://www.zomato.com/hyderabad/road-number-12-banjara-green-colony-restaurants,Hyderabad,Telangana,India,Restaurant
3589,restaurants mysore,27100,6,4390,$0.70,9,29,https://www.zomato.com/mysore/dine-out,Unknown,Unknown,Unknown,Unknown
3590,restaurant who deliver,27100,6,4390,$0.11,2,24,https://www.zomato.com/,Unknown,Unknown,Unknown,Unknown
3591,restaurant calcutta,27100,5,4390,$0.05,9,29,https://www.zomato.com/kolkata,Kolkata,West Bengal,India,Unknown
3592,dragonfly experience mumbai,27100,4,4390,$0.08,5,23,https://www.zomato.com/mumbai/dragonfly-experience-marol,Mumbai,Maharashtra,India,Unknown
3593,hotel lemon tree gachibowli,27100,28,56,$0.42,30,34,https://www.zomato.com/hyderabad/restaurants/in/lemon-tree-hotel-gachibowli,Hyderabad,Telangana,India,Restaurant
3594,gk ii m block market,27100,1,8238,$0.33,1,24,https://www.zomato.com/ncr/restaurants/in/m-block-market-greater-kailash-2-gk2,Unknown,Unknown,Unknown,Restaurant
3595,fish prawn,27100,9,1785,$0.04,13,27,https://www.zomato.com/chennai/fish-n-prawn-arumbakkam,Chennai,Tamil Nadu,India,Unknown
3596,burger shop near me,22200,5,8238,$0.19,5,13,https://www.zomato.com/chennai/restaurants/burger,Chennai,Tamil Nadu,India,Restaurant
3597,best restaurants near me for dinner,27100,4,8238,$0.19,13,17,https://www.zomato.com/restaurants-near-me,Unknown,Unknown,Unknown,Restaurant
3598,best indian restaurants in jaipur,33100,6,2636,$0.20,12,18,https://www.zomato.com/jaipur/restaurants/north-indian,Jaipur,Rajasthan,India,Restaurant
3599,best biryani in hyd,27100,10,1270,$0.14,7,27,https://www.zomato.com/hyderabad/classic-biryanis,Hyderabad,Telangana,India,Unknown
3600,benne dosa near me,12100,7,2636,$0.02,6,22,https://www.zomato.com/ncr/benne-dosa-hauz-khas-new-delhi,Unknown,Unknown,Unknown,Unknown
3601,bapu nagar jaipur,27100,15,306,$0.06,5,23,https://www.zomato.com/jaipur/bapu-nagar-restaurants,Jaipur,Rajasthan,India,Restaurant
3602,al faham,27100,12,915,$0.23,1,26,https://www.zomato.com/bangalore/restaurants/dish-al-faham-chicken,Bangalore,Karnataka,India,Restaurant
3603,cafe mocha pune,22200,5,4390,$0.04,1,20,https://www.zomato.com/pune/mocha-wanowrie,Pune,Maharashtra,India,Unknown
3604,spice garden layout bangalore,27100,9,1270,$0,9,16,https://www.zomato.com/bangalore/hotel-spice-garden-marathahalli-bangalore,Bangalore,Karnataka,India,Hotel
3605,sea food near by me,27100,4,8238,$0.07,8,45,https://www.zomato.com/seafood-restaurants-near-me,Unknown,Unknown,Unknown,Restaurant
3606,sbr horizon,27100,5,1270,$1.09,11,30,https://www.zomato.com/bangalore/restaurants/in/sbr-horizon-mall,Bangalore,Karnataka,India,Restaurant
3607,saket mall delhi,33100,11,693,$0,1,23,https://www.zomato.com/ncr/restaurants/in/select-city-walk-mall-saket,Unknown,Unknown,Unknown,Restaurant
3608,sagar restaurant,27100,4,8238,$0,2,27,https://www.zomato.com/bangalore/sagar-hotel-rajajinagar,Bangalore,Karnataka,India,Hotel
3609,restaurants chennai,22200,4,8238,$0.31,7,27,https://www.zomato.com/chennai/restaurants,Chennai,Tamil Nadu,India,Restaurant
3610,punjabi grill,40500,6,2636,$0.20,3,31,https://www.zomato.com/ncr/punjab-grill-saket-new-delhi,Unknown,Unknown,Unknown,Unknown
3611,the royal plaza hotel delhi,27100,18,138,$0.48,20,41,https://www.zomato.com/ncr/restaurants/in/hotel-the-royal-plaza-janpath,Unknown,Unknown,Unknown,Restaurant
3612,tangra,27100,7,2636,$0,3,40,https://www.zomato.com/kolkata/tangra-restaurants,Kolkata,West Bengal,India,Restaurant
3613,summit building,27100,1,8238,$0,5,28,https://www.zomato.com/lucknow/restaurants/in/summit-building-gomti-nagar,Lucknow,Uttar Pradesh,India,Restaurant
3614,places of interest bangalore,33100,102,56,$0.13,7,36,https://www.zomato.com/bangalore/restaurants,Bangalore,Karnataka,India,Restaurant
3615,one qube,22200,43,56,$0.28,5,26,https://www.zomato.com/ncr/qube-byob-lounge-sector-58-gurgaon,Unknown,Unknown,Unknown,Unknown
3616,restaurants with delivery,27100,5,4390,$0.11,2,23,https://www.zomato.com/,Unknown,Unknown,Unknown,Unknown
3617,restaurant royal,27100,4,8238,$0.09,2,23,https://www.zomato.com/ncr/royal-restaurant-connaught-place-new-delhi,Unknown,Unknown,Unknown,Restaurant
3618,r j 14,27100,4,8238,$0.08,1,37,https://www.zomato.com/jaipur/rj-14-ep-tonk-road,Jaipur,Rajasthan,India,Unknown
3619,hot chips,27100,8,2636,$0.28,8,29,https://www.zomato.com/chennai/hot-chips-tambaram,Chennai,Tamil Nadu,India,Bar
3620,grandmama's cafe koregaon park,22200,3,8238,$0.06,2,22,https://www.zomato.com/pune/grandmamas-koregaon-park,Pune,Maharashtra,India,Unknown
3621,gali number 6,22200,10,533,$0.15,3,18,https://www.zomato.com/rajpura/delhi-6-paranthe-wali-gali-rajpura-locality/order,Unknown,Unknown,Unknown,Unknown
3622,forum vijaya mall chennai,27100,11,306,$0.02,4,15,https://www.zomato.com/chennai/restaurants/in/forum-vijaya-mall-vadapalani,Chennai,Tamil Nadu,India,Restaurant
3623,farzi beach,27100,6,2636,$0.13,2,20,https://www.zomato.com/goa/farzi-beach-2-morjim,Goa,Goa,India,Unknown
3624,drc in mysore,27100,9,533,$0.01,2,23,https://www.zomato.com/mysore/drc-cafe-jayalakhsmipuram,Unknown,Unknown,Unknown,Cafe
3625,dhaba square,12100,3,8238,$0.07,8,19,https://www.zomato.com/bangalore/dhaba-square-whitefield-bangalore,Bangalore,Karnataka,India,Unknown
3626,mall of asia bangalore,27100,7,915,$0.14,1,14,https://www.zomato.com/bangalore/restaurants/in/phoenix-mall-of-asia-hebbal,Bangalore,Karnataka,India,Restaurant
3627,madurai hotel jc residency,27100,56,56,$0.41,31,38,https://www.zomato.com/madurai/jc-residency-kk-nagar/menu,Unknown,Unknown,Unknown,Unknown
3628,m block market greater kailash,27100,3,8238,$0,1,24,https://www.zomato.com/ncr/restaurants/in/m-block-market-greater-kailash-1-gk1,Unknown,Unknown,Unknown,Restaurant
3629,m block market gk,27100,3,8238,$0,1,25,https://www.zomato.com/ncr/restaurants/in/m-block-market-greater-kailash-1-gk1,Unknown,Unknown,Unknown,Restaurant
3630,leela hotel kovalam kerala,27100,31,56,$0.22,57,41,https://www.zomato.com/trivandrum/the-terrace-the-leela-raviz-kovalam-kovalam,Unknown,Unknown,Unknown,Unknown
3631,kolkata coffee shops,27100,4,8238,$0.04,3,26,https://www.zomato.com/kolkata/best-coffee,Kolkata,West Bengal,India,Coffee
3632,just blr,18100,3,8238,$0,3,24,https://www.zomato.com/bangalore/just-blr-1-brigade-road-bangalore,Bangalore,Karnataka,India,Unknown
3633,jayanagar 9th block bangalore,27100,18,159,$0.47,7,16,https://www.zomato.com/bangalore/jayanagara-9th-block-restaurants,Bangalore,Karnataka,India,Restaurant
3634,itc grand chola chennai chennai,27100,20,116,$0.60,30,42,https://www.zomato.com/chennai/restaurants/in/itc-grand-chola,Chennai,Tamil Nadu,India,Restaurant
3635,ibis hyderabad hitec city,27100,21,89,$0.29,26,21,https://www.zomato.com/hyderabad/spice-it-ibis-hyderabad-hitec-city-hitech-city,Hyderabad,Telangana,India,Unknown
3636,ibis hotel hyderabad,27100,8,915,$0.29,26,29,https://www.zomato.com/hyderabad/spice-it-ibis-hyderabad-hitec-city-hitech-city,Hyderabad,Telangana,India,Unknown
3637,huber and holly,22200,8,1785,$0.31,9,22,https://www.zomato.com/pune/huber-holly-koregaon-park,Pune,Maharashtra,India,Unknown
3638,hotel western,22200,2,8238,$0.38,8,27,https://www.zomato.com/mumbai/hotel-western-mira-road,Mumbai,Maharashtra,India,Hotel
3639,hotel the royal plaza delhi,22200,15,203,$0.18,21,18,https://www.zomato.com/ncr/restaurants/in/hotel-the-royal-plaza-janpath,Unknown,Unknown,Unknown,Restaurant
3640,hotel crowne plaza delhi rohini,27100,16,159,$0.30,50,24,https://www.zomato.com/ncr/restaurants/in/crowne-plaza-hotel-rohini,Unknown,Unknown,Unknown,Restaurant
3641,best restaurant in mumbai india,33100,4,8238,$0.14,5,34,https://www.zomato.com/mumbai/restaurants,Mumbai,Maharashtra,India,Restaurant
3642,best indian restaurant jaipur,33100,7,1785,$0.30,11,18,https://www.zomato.com/jaipur/restaurants/north-indian,Jaipur,Rajasthan,India,Restaurant
3643,bar bq,27100,5,4390,$0.06,5,32,https://www.zomato.com/kolkata/barbq-park-street-area,Kolkata,West Bengal,India,Bar
3644,banana leaves restaurant,22200,5,4390,$0,7,22,https://www.zomato.com/bhubaneswar/banana-leaf-2-nayapalli-bhubaneshwar,Unknown,Unknown,Unknown,Unknown
3645,amul ice cream near me,27100,5,4390,$0.52,4,15,https://www.zomato.com/mumbai/restaurants/amul-ice-cream-parlour-3,Mumbai,Maharashtra,India,Restaurant
3646,ama cafe delhi,40500,3,8238,$0,1,25,https://www.zomato.com/ncr/ama-cafe-majnu-ka-tila,Unknown,Unknown,Unknown,Cafe
3647,courtyard by marriott aravali resort,18100,14,306,$0.13,18,16,https://www.zomato.com/ncr/restaurants/in/courtyard-by-marriott-aravali-resort-faridabad,Unknown,Unknown,Unknown,Restaurant
3648,coffee shops in vadodara,22200,4,8238,$0.11,5,23,https://www.zomato.com/vadodara/great-cafes,Unknown,Unknown,Unknown,Cafe
3649,chef harpal singh,27100,12,915,$0,1,21,https://www.zomato.com/ncr/karigari-by-chef-harpal-singh-sokhi-connaught-place-new-delhi,Unknown,Unknown,Unknown,Unknown
3650,bombay adda mumbai,27100,5,4390,$0.19,7,24,https://www.zomato.com/mumbai/bombay-adda-santacruz-west,Mumbai,Maharashtra,India,Unknown
3651,banjara gourmet dining,27100,3,8238,$0.04,4,22,https://www.zomato.com/ahmedabad/banjara-gourmet-dining-bodakdev,Ahmedabad,Gujarat,India,Unknown
3652,sterling mac hotel bangalore,27100,18,151,$0.39,21,20,https://www.zomato.com/bangalore/20-char-sterlings-mac-hotel-airport-road-bangalore,Bangalore,Karnataka,India,Hotel
3653,poetry by love and cheesecake,22200,6,2636,$0.34,5,13,https://www.zomato.com/mumbai/poetry-by-love-and-cheesecake-pali-hill-bandra-west,Mumbai,Maharashtra,India,Unknown
3654,park street social,27100,1,8238,$0.09,2,22,https://www.zomato.com/kolkata/park-street-social-park-street-area,Kolkata,West Bengal,India,Unknown
3655,om sweets near me,22200,6,2636,$0.22,3,12,https://www.zomato.com/ncr/restaurants/om-sweets-snacks,Unknown,Unknown,Unknown,Restaurant
3656,nut cracker,22200,12,693,$0.34,2,25,https://www.zomato.com/mumbai/the-nutcracker-reclamation-bandra-west,Mumbai,Maharashtra,India,Unknown
3657,nearest bar near me,22200,4,8238,$0.19,7,14,https://www.zomato.com/bars-near-me,Unknown,Unknown,Unknown,Bar
3658,naya,27100,5,2636,$0,1,41,https://www.zomato.com/bangalore/naya-sarjapur-road-bangalore,Bangalore,Karnataka,India,Unknown
3659,n block,27100,7,2636,$0.20,4,36,https://www.zomato.com/ncr/restaurants/in/n-block-market-gk,Unknown,Unknown,Unknown,Restaurant
3660,munch,27100,44,56,$0.03,5,41,https://www.zomato.com/chennai/munch-porur/menu,Chennai,Tamil Nadu,India,Unknown
3661,lounge near me,33100,4,8238,$0.49,6,24,https://www.zomato.com/ncr/lounge,Unknown,Unknown,Unknown,Unknown
3662,lounge and bar near me,27100,5,8238,$0.27,6,15,https://www.zomato.com/lounges-near-me,Unknown,Unknown,Unknown,Unknown
3663,ritz carlton pune,27100,4,2636,$0.51,47,27,https://www.zomato.com/pune/restaurants/in/ritz-carlton-yerwada,Pune,Maharashtra,India,Restaurant
3664,restaurants in chennai,22200,4,8238,$0.24,6,21,https://www.zomato.com/chennai/restaurants,Chennai,Tamil Nadu,India,Restaurant
3665,restaurants delhi,22200,4,8238,$0.23,5,26,https://www.zomato.com/ncr/restaurants,Unknown,Unknown,Unknown,Restaurant
3666,restaurant in mysore city,27100,3,2636,$0.04,12,28,https://www.zomato.com/mysore/dine-out,Unknown,Unknown,Unknown,Unknown
3667,restaurant chennai,22200,4,8238,$0.48,6,26,https://www.zomato.com/chennai/restaurants,Chennai,Tamil Nadu,India,Restaurant
3668,mansarovar plaza,22200,6,2636,$0,12,28,https://www.zomato.com/jaipur/restaurants/in/mansarovar-plaza-mansarovar,Jaipur,Rajasthan,India,Restaurant
3669,lupa,27100,3,2636,$0.24,3,39,https://www.zomato.com/bangalore/lupa-mg-road-bangalore,Bangalore,Karnataka,India,Unknown
3670,lemon tree hotel gachibowli hyderabad,27100,32,56,$0.45,30,36,https://www.zomato.com/hyderabad/citrus-cafe-lemon-tree-gachibowli-financial-district,Hyderabad,Telangana,India,Cafe
3671,kerala hotel,27100,11,406,$0.16,23,33,https://www.zomato.com/ncr/kerala-hotel-ina,Unknown,Unknown,Unknown,Hotel
3672,janakpuri new delhi,22200,21,138,$0.14,3,22,https://www.zomato.com/ncr/janakpuri-delhi-restaurants,Unknown,Unknown,Unknown,Restaurant
3673,j c residency madurai,27100,20,116,$0.41,31,39,https://www.zomato.com/madurai/jc-residency-kk-nagar,Unknown,Unknown,Unknown,Unknown
3674,hotel crowne plaza rohini,27100,12,306,$0.08,47,28,https://www.zomato.com/ncr/restaurants/in/crowne-plaza-hotel-rohini,Unknown,Unknown,Unknown,Restaurant
3675,hotel chola chennai,27100,17,159,$0.60,30,41,https://www.zomato.com/chennai/restaurants/in/itc-grand-chola,Chennai,Tamil Nadu,India,Restaurant
3676,delhi m block market,27100,4,8238,$0.33,1,25,https://www.zomato.com/ncr/restaurants/in/m-block-market-greater-kailash-1-gk1,Unknown,Unknown,Unknown,Restaurant
3677,delhi india restaurants,27100,4,8238,$0.07,10,31,https://www.zomato.com/ncr/restaurants,Unknown,Unknown,Unknown,Restaurant
3678,dan's,27100,10,915,$1.21,1,41,https://www.zomato.com/goa/dans-restaurant-porvorim,Goa,Goa,India,Restaurant
3679,dadar tt,27100,44,56,$0,4,28,https://www.zomato.com/mumbai/pop-tates-dadar-west,Mumbai,Maharashtra,India,Unknown
3680,crowne plaza pune,27100,22,73,$0.14,31,31,https://www.zomato.com/pune/mosaic-crowne-plaza-pune-city-centre-bund-garden,Pune,Maharashtra,India,Unknown
3681,courtyard by marriott gurgaon,27100,17,151,$0.76,19,24,https://www.zomato.com/ncr/downtown-kitchen-bar-courtyard-by-marriott-sushant-lok,Unknown,Unknown,Unknown,Bar
3682,chennai dining,22200,4,8238,$0.06,9,33,https://www.zomato.com/chennai/restaurants,Chennai,Tamil Nadu,India,Restaurant
3683,best restaurants jaipur india,27100,3,2636,$0.08,14,26,https://www.zomato.com/jaipur/restaurants,Jaipur,Rajasthan,India,Restaurant
3684,best restaurants in pune city,27100,4,8238,$0.06,8,26,https://www.zomato.com/pune/dine-out,Pune,Maharashtra,India,Unknown
3685,best restaurants in mumbai,33100,4,8238,$0.36,6,32,https://www.zomato.com/mumbai/restaurants,Mumbai,Maharashtra,India,Restaurant
3686,best restaurant in pune india,27100,6,4390,$0.06,8,26,https://www.zomato.com/pune/dine-out,Pune,Maharashtra,India,Unknown
3687,best dhaba near me,27100,4,8238,$0.15,4,15,https://www.zomato.com/dhabas-near-me,Unknown,Unknown,Unknown,Unknown
3688,best biryani in hyderabad,27100,10,1270,$0.29,2,14,https://www.zomato.com/hyderabad/classic-biryanis,Hyderabad,Telangana,India,Unknown
3689,bar b q,27100,4,8238,$0.10,4,27,https://www.zomato.com/kolkata/barbq-park-street-area,Kolkata,West Bengal,India,Bar
3690,10 downing,27100,7,4390,$0.27,3,36,https://www.zomato.com/chennai/10-downing-street-t-nagar,Chennai,Tamil Nadu,India,Unknown
3691,hotel the royal plaza,22200,14,246,$0.20,22,18,https://www.zomato.com/ncr/restaurants/in/hotel-the-royal-plaza-janpath,Unknown,Unknown,Unknown,Restaurant
3692,hotel in ahmedabad,49500,34,56,$0.34,95,56,https://www.zomato.com/ahmedabad/restaurants,Ahmedabad,Gujarat,India,Restaurant
3693,hotel express inn nashik,3600,18,138,$0.13,65,26,https://www.zomato.com/nashik/restaurants/in/hotel-express-inn-pathardi-phata,Unknown,Unknown,Unknown,Restaurant
3694,gujarati restaurants near me,27100,4,8238,$0.05,9,16,https://www.zomato.com/vadodara/restaurants/gujarati,Unknown,Unknown,Unknown,Restaurant
3695,good restaurants jaipur,27100,4,8238,$0.06,13,24,https://www.zomato.com/jaipur/restaurants,Jaipur,Rajasthan,India,Restaurant
3696,food restaurants in chennai,27100,5,8238,$0.06,13,27,https://www.zomato.com/chennai/restaurants,Chennai,Tamil Nadu,India,Restaurant
3697,famous restaurants in pune,27100,4,8238,$0.22,9,16,https://www.zomato.com/pune/dine-out,Pune,Maharashtra,India,Unknown
3698,winni,40500,13,568,$0.19,57,61,https://www.zomato.com/bangalore/winni-cakes-more-jp-nagar-bangalore,Bangalore,Karnataka,India,Unknown
3699,sundae,22200,6,2160,$0,1,37,https://www.zomato.com/kolkata/sundae-everyday-ice-creams-dum-dum/order,Kolkata,West Bengal,India,Ice Cream
3700,vishal de mall in madurai,18100,30,46,$0.13,6,20,https://www.zomato.com/madurai/restaurants/in/vishaal-de-mal-kk-nagar-madurai,Unknown,Unknown,Unknown,Restaurant
3701,veg and non veg restaurant,22200,4,6748,$0.08,4,13,https://www.zomato.com/restaurants-near-me,Unknown,Unknown,Unknown,Restaurant
3702,town old town,18100,12,568,$0.25,6,45,https://www.zomato.com/allahabad/old-town-civil-lines,Unknown,Unknown,Unknown,Unknown
3703,top rated chinese restaurants near me,22200,4,6748,$0.04,7,25,https://www.zomato.com/chinese-restaurants-near-me,Unknown,Unknown,Unknown,Restaurant
3704,royal bakery,18100,12,1041,$0.08,2,24,https://www.zomato.com/varanasi/the-royal-bakery-bhelupur,Varanasi,Uttar Pradesh,India,Bakery
3705,pvr saket,22200,13,437,$0.03,5,26,https://www.zomato.com/ncr/restaurants/in/pvr-anupam-complex-saket,Unknown,Unknown,Unknown,Restaurant
3706,pvr in saket,22200,17,166,$0.04,4,23,https://www.zomato.com/ncr/restaurants/in/pvr-anupam-complex-saket,Unknown,Unknown,Unknown,Restaurant
3707,pristine mall,22200,13,202,$0.07,3,19,https://www.zomato.com/ncr/restaurants/in/pristine-mall-sector-31,Unknown,Unknown,Unknown,Restaurant
3708,pride plaza hotel ahmedabad india,22200,27,46,$0.36,35,22,https://www.zomato.com/ahmedabad/cafe-treat-pride-plaza-hotel-bodakdev,Ahmedabad,Gujarat,India,Cafe
3709,park ascent noida,22200,10,437,$0.16,24,27,https://www.zomato.com/ncr/the-culinary-court-park-ascent-sector-62-noida,Unknown,Unknown,Unknown,Unknown
3710,paragon restaurant kozhikode,18100,12,437,$0,1,18,https://www.zomato.com/kozhikode/paragon-restaurant-vellayil/order,Unknown,Unknown,Unknown,Restaurant
3711,osaka granite city,18100,19,95,$0,1,28,https://www.zomato.com/hyderabad/osaka-jubilee-hills,Hyderabad,Telangana,India,Unknown
3712,non veg restaurants,22200,8,1462,$0.15,4,21,https://www.zomato.com/restaurants-near-me,Unknown,Unknown,Unknown,Restaurant
3713,tiffin center,22200,8,2160,$0.06,1,25,https://www.zomato.com/hyderabad/sai-ram-tiffin-center-pg-road-secunderabad,Hyderabad,Telangana,India,Unknown
3714,starbucks indiranagar bangalore,40500,3,6748,$0.05,1,19,https://www.zomato.com/bangalore/starbucks-coffee-indiranagar,Bangalore,Karnataka,India,Coffee
3715,shiv sagar restaurant,18100,6,2160,$0,4,20,https://www.zomato.com/mumbai/restaurants/shiv-sagar-2,Mumbai,Maharashtra,India,Restaurant
3716,sector 37 noida uttar pradesh,22200,51,46,$0.10,5,19,https://www.zomato.com/ncr/sector-37-noida-restaurants,Unknown,Unknown,Unknown,Restaurant
3717,restaurants in thane city,22200,4,6748,$0.04,3,20,https://www.zomato.com/mumbai/thane-restaurants,Mumbai,Maharashtra,India,Restaurant
3718,restaurants in ecr road,22200,4,6748,$0.04,9,20,https://www.zomato.com/chennai/best-east-coast-road-ecr-restaurants,Chennai,Tamil Nadu,India,Restaurant
3719,restaurants in coimbatore,22200,4,6748,$0.14,4,21,https://www.zomato.com/coimbatore/dine-out,Unknown,Unknown,Unknown,Unknown
3720,koi & co bar and kitchen,22200,3,6748,$0.07,4,22,https://www.zomato.com/hyderabad/koi-co-bar-and-kitchen-sainikpuri-secunderabad,Hyderabad,Telangana,India,Bar
3721,kitchen the,22200,6,2160,$0.15,3,73,https://www.zomato.com/lucknow/kitchen-indira-nagar,Lucknow,Uttar Pradesh,India,Unknown
3722,iris broadway,22200,4,1462,$0.39,6,19,https://www.zomato.com/ncr/restaurants/in/iris-broadway,Unknown,Unknown,Unknown,Restaurant
3723,irani chai mahim,22200,3,6748,$0.07,2,24,https://www.zomato.com/mumbai/cafe-irani-chaii-mahim,Mumbai,Maharashtra,India,Cafe
3724,hyd cafes,22200,7,2160,$0.04,5,24,https://www.zomato.com/hyderabad/caf%C3%A9,Hyderabad,Telangana,India,Unknown
3725,hyd cafe,22200,4,6748,$0.04,6,31,https://www.zomato.com/hyderabad/cafe-hyd-gandipet,Hyderabad,Telangana,India,Cafe
3726,hyatt centric dehradun,18100,27,46,$6.69,36,29,https://www.zomato.com/dehradun/restaurants/in/hyatt-centric-dehradun,Dehradun,Uttarakhand,India,Restaurant
3727,hotel trident chennai,18100,13,250,$1.72,24,33,https://www.zomato.com/chennai/restaurants/in/trident-hotel-chennai,Chennai,Tamil Nadu,India,Restaurant
3728,hilton garden inn saket,22200,8,750,$0.36,37,23,https://www.zomato.com/ncr/restaurants/in/hilton-garden-inn-saket,Unknown,Unknown,Unknown,Restaurant
3729,high spirits cafe pune,22200,5,2160,$0,2,12,https://www.zomato.com/pune/high-spirits-mundhwa,Pune,Maharashtra,India,Unknown
3730,gupta house,22200,23,95,$0.08,2,20,https://www.zomato.com/kolkata/gupta-eating-house-prince-anwar-shah-road,Kolkata,West Bengal,India,Unknown
3731,cream liqueur baileys,22200,17,202,$0,1,26,https://www.zomato.com/bangalore/drinks-and-nightlife?dish=baileys-irish-cream-liqueurs,Bangalore,Karnataka,India,Unknown
3732,cold rock cafe,22200,4,6748,$0,4,21,https://www.zomato.com/ncr/cold-rock-cafe-sector-72-noida,Unknown,Unknown,Unknown,Cafe
3733,coffee shops in mysore,22200,8,1462,$0.04,5,28,https://www.zomato.com/mysore/caf%C3%A9,Unknown,Unknown,Unknown,Unknown
3734,coffee shops in koramangala,22200,5,3596,$0,16,16,https://www.zomato.com/bangalore/koramangala-restaurants/cafes,Bangalore,Karnataka,India,Restaurant
3735,coffee shops hyderabad,22200,5,3596,$0.87,6,21,https://www.zomato.com/hyderabad/coffee,Hyderabad,Telangana,India,Coffee
3736,club bw,22200,4,3596,$0,2,25,https://www.zomato.com/ncr/club-bw-the-suryaa-new-delhi-new-friends-colony-new-delhi,Unknown,Unknown,Unknown,Unknown
3737,civil lines chole bhature,22200,4,6748,$0.12,5,13,https://www.zomato.com/ncr/civil-line-chole-bhature-sector-15-gurgaon,Unknown,Unknown,Unknown,Unknown
3738,chur chur naan,22200,5,3596,$0.13,3,20,https://www.zomato.com/dehradun/chur-chur-naan-karanpur,Dehradun,Uttarakhand,India,Unknown
3739,chennai pandian hotel,22200,12,333,$0.32,12,21,https://www.zomato.com/chennai/hotel-pandian-mogappair,Chennai,Tamil Nadu,India,Hotel
3740,cafe irani chai,18100,1,6748,$0,3,19,https://www.zomato.com/mumbai/cafe-irani-chaii-mahim,Mumbai,Maharashtra,India,Cafe
3741,bombay canteen mumbai,22200,4,3596,$0.18,2,41,https://www.zomato.com/thebombaycanteen,Unknown,Unknown,Unknown,Unknown
3742,high brew,22200,1,6748,$0.17,6,24,https://www.zomato.com/bangalore/high-brew-jp-nagar-bangalore,Bangalore,Karnataka,India,Unknown
3743,harish bakery,22200,5,3596,$0.17,3,25,https://www.zomato.com/ncr/harish-bakery-old-railway-road,Unknown,Unknown,Unknown,Bakery
3744,haleem near me,22200,5,3596,$0.15,7,22,https://www.zomato.com/hyderabad/restaurants/dish-haleem,Hyderabad,Telangana,India,Restaurant
3745,golden bakery,18100,5,3596,$0.11,2,24,https://www.zomato.com/hyderabad/golden-bakery-railway-station-road-secunderabad,Hyderabad,Telangana,India,Bakery
3746,flo church street,22200,3,6748,$0,5,21,https://www.zomato.com/bangalore/flo-church-street-bangalore,Bangalore,Karnataka,India,Unknown
3747,eve santacruz,14800,4,3596,$0.29,7,20,https://www.zomato.com/mumbai/eve-santacruz-west,Mumbai,Maharashtra,India,Unknown
3748,bhel near me,18100,8,1462,$0.28,1,19,https://www.zomato.com/ahmedabad/restaurants/dish-bhel-puri,Ahmedabad,Gujarat,India,Restaurant
3749,best seafood restaurant closest to me,18100,8,3596,$0.06,10,42,https://www.zomato.com/seafood-restaurants-near-me,Unknown,Unknown,Unknown,Restaurant
3750,best cake store near me,22200,4,6748,$0.13,99,23,https://www.zomato.com/bakeries-near-me,Unknown,Unknown,Unknown,Bakery
3751,al saj kitchen,22200,3,2160,$0,2,20,https://www.zomato.com/kochi/al-saj-kitchen-ernakulam-city,Kochi,Kerala,India,Unknown
3752,1980's a nostalgic restaurant kalpetta,18100,6,2160,$0.10,1,28,https://www.zomato.com/kalpetta/1980s-nostalgic-restaurant-kalpetta-locality/order,Unknown,Unknown,Unknown,Restaurant
3753,10 no market,22200,48,46,$0.01,1,25,https://www.zomato.com/bhopal/arera-colony-restaurants/caf%C3%A9,Unknown,Unknown,Unknown,Restaurant
3754,our greens,22200,6,750,$0,1,36,https://www.zomato.com/mumbai/greens-airoli-navi-mumbai?amp=1,Mumbai,Maharashtra,India,Unknown
3755,night club in delhi ncr,22200,8,1462,$0.06,4,24,https://www.zomato.com/ncr/drinks-and-nightlife,Unknown,Unknown,Unknown,Unknown
3756,neptune magnet mall mumbai,22200,6,1041,$0.08,5,21,https://www.zomato.com/mumbai/restaurants/in/neptune-magnet-mall,Mumbai,Maharashtra,India,Restaurant
3757,near non veg restaurants,18100,5,3596,$0.06,9,31,https://www.zomato.com/restaurants-near-me,Unknown,Unknown,Unknown,Restaurant
3758,narsingh,22200,32,46,$0.05,6,39,https://www.zomato.com/ncr/narsingh-rasoi-mg-road-gurgaon,Unknown,Unknown,Unknown,Unknown
3759,mumbaikars,22200,8,2160,$0,1,23,https://www.zomato.com/ncr/mumbaikars-sector-60-gurgaon,Unknown,Unknown,Unknown,Unknown
3760,moxy mumbai andheri west,18100,4,2160,$0.50,24,22,https://www.zomato.com/mumbai/moxy-bar-andheri-lokhandwala,Mumbai,Maharashtra,India,Bar
3761,mathura road new delhi,18100,10,437,$0.18,2,21,https://www.zomato.com/ncr/best-mathura-road-restaurants,Unknown,Unknown,Unknown,Restaurant
3762,marriott hotels hyderabad,22200,15,202,$0.48,60,44,https://www.zomato.com/hyderabad/restaurants/in/hyderabad-marriott-hotel-convention-centre,Hyderabad,Telangana,India,Restaurant
3763,maharaja restaurant,18100,4,6748,$0.03,1,24,https://www.zomato.com/mangalore/maharaja-restaurant-balmatta,Unknown,Unknown,Unknown,Restaurant
3764,maa santoshi photos,22200,15,166,$0.01,28,30,https://www.zomato.com/bhubaneswar/hotel-maa-santoshi-sahid-nagar-bhubaneshwar/photos,Unknown,Unknown,Unknown,Hotel
3765,lotus booking,22200,6,2160,$0.39,1,19,https://www.zomato.com/hyderabad/lotus-restaurant-narapally/book,Hyderabad,Telangana,India,Restaurant
3766,u p 32,22200,12,333,$0,1,16,https://www.zomato.com/lucknow/up-32-cafe-restaurant-1-gomti-nagar,Lucknow,Uttar Pradesh,India,Restaurant
3767,tea point,22200,7,3596,$0.10,2,23,https://www.zomato.com/pune/tea-point-wagholi,Pune,Maharashtra,India,Unknown
3768,sri udupi park,22200,4,6748,$0.19,11,23,https://www.zomato.com/bangalore/sri-udupi-park-indiranagar,Bangalore,Karnataka,India,Unknown
3769,social cyber hub,18100,1,6748,$0,5,20,https://www.zomato.com/CyberHubSocial,Unknown,Unknown,Unknown,Unknown
3770,restaurants in vijayawada,22200,9,1041,$0.13,9,22,https://www.zomato.com/vijayawada,Unknown,Unknown,Unknown,Unknown
3771,restaurants in pune,22200,4,6748,$0.19,8,22,https://www.zomato.com/pune/dine-out,Pune,Maharashtra,India,Unknown
3772,restaurants in mangalore,22200,7,1462,$0.44,2,20,https://www.zomato.com/mangalore,Unknown,Unknown,Unknown,Unknown
3773,restaurant mangalore,22200,6,2160,$0.06,3,25,https://www.zomato.com/mangalore,Unknown,Unknown,Unknown,Unknown
3774,ramphal chowk,22200,28,48,$0,3,25,https://www.zomato.com/ncr/sector-7-dwarka-restaurants,Unknown,Unknown,Unknown,Restaurant
3775,radisson blu mysore hotel,22200,43,46,$0.53,28,31,https://www.zomato.com/mysore/mysouth-radisson-blu-plaza-hotel-chamrajpura,Unknown,Unknown,Unknown,Hotel
3776,pvr shalimar bagh,22200,16,124,$0.04,2,20,https://www.zomato.com/ncr/pvr-caf%C3%A9-popcorn-pizza-hot-dogs-snacks-shalimar-bagh-new-delhi,Unknown,Unknown,Unknown,Pizza
3777,pondicherry accord hotel,22200,25,51,$0.29,37,21,https://www.zomato.com/puducherry/season-accord-puducherry-gandhinagar/menu,Unknown,Unknown,Unknown,Unknown
3778,om sweets and snacks,22200,8,2160,$0.20,4,13,https://www.zomato.com/ncr/om-sweets-snacks-sector-31,Unknown,Unknown,Unknown,Unknown
3779,old manali manali,22200,28,51,$0.29,1,14,https://www.zomato.com/manali/old-manali-restaurants,Unknown,Unknown,Unknown,Restaurant
3780,rp's,22200,6,2160,$0.05,1,21,https://www.zomato.com/ahmedabad/rps-pizzeria-navrangpura,Ahmedabad,Gujarat,India,Unknown
3781,la milano pizzeria,22200,6,2160,$0.20,6,21,https://www.zomato.com/ahmedabad/la-milano-pizzeria-prahlad-nagar,Ahmedabad,Gujarat,India,Unknown
3782,khar,22200,2,6748,$0,5,39,https://www.zomato.com/mumbai/khar-restaurants,Mumbai,Maharashtra,India,Restaurant
3783,jyoti restaurant pune,22200,1,6748,$0,9,22,https://www.zomato.com/pune/jyoti-kondhwa,Pune,Maharashtra,India,Unknown
3784,jw marriott near me,14800,12,333,$0.35,6,11,https://www.zomato.com/pune/restaurants/in/marriott-hotel-senapati-bapat-road,Pune,Maharashtra,India,Restaurant
3785,jodhpur sweets,18100,8,1462,$0.14,8,26,https://www.zomato.com/jodhpur/jodhpur-sweets-sardarpura/order,Unknown,Unknown,Unknown,Unknown
3786,jager bomb,22200,9,1041,$0,1,24,https://www.zomato.com/bangalore/restaurants/dish-jager-bomb,Bangalore,Karnataka,India,Restaurant
3787,isobel coffee house,14800,3,6748,$0.24,6,22,https://www.zomato.com/bangalore/isobel-coffee-house-lavelle-road-bangalore,Bangalore,Karnataka,India,Coffee
3788,neemsi restaurant basavanagudi,22200,3,6748,$0.09,4,21,https://www.zomato.com/bangalore/neemsi-basavanagudi-bangalore,Bangalore,Karnataka,India,Unknown
3789,delhi hotel itc maurya,22200,23,53,$0.60,61,39,https://www.zomato.com/ncr/bukhara-itc-maurya-chanakyapuri-new-delhi,Unknown,Unknown,Unknown,Unknown
3790,courtyard by marriott near me,18100,11,437,$0.56,2,11,https://www.zomato.com/mumbai/malang-courtyard-by-marriott-navi-mumbai-nerul-navi-mumbai,Mumbai,Maharashtra,India,Unknown
3791,corner house hsr sector 2,14800,3,6748,$0.30,15,19,https://www.zomato.com/bangalore/corner-house-ice-creams-1-hsr-bangalore,Bangalore,Karnataka,India,Ice Cream
3792,clubs in mumbai,22200,8,1462,$0.22,2,20,https://www.zomato.com/mumbai/drinks-and-nightlife,Mumbai,Maharashtra,India,Unknown
3793,clubs in delhi,27100,10,1041,$0.32,2,22,https://www.zomato.com/ncr/drinks-and-nightlife,Unknown,Unknown,Unknown,Unknown
3794,club in mumbai,22200,7,2160,$0.13,2,20,https://www.zomato.com/mumbai/drinks-and-nightlife,Mumbai,Maharashtra,India,Unknown
3795,hsr high street,33100,3,6748,$0,7,25,https://www.zomato.com/bangalore/hsr-high-street-hsr,Bangalore,Karnataka,India,Unknown
3796,hotel lake pichola udaipur,33100,14,202,$0.15,51,30,https://www.zomato.com/udaipur/restaurants/in/lake-pichola-hotel,Unknown,Unknown,Unknown,Restaurant
3797,hotel grand kolkata,22200,42,46,$0.31,9,40,https://www.zomato.com/kolkata/restaurants/in/the-oberoi-grand-new-market-area,Kolkata,West Bengal,India,Restaurant
3798,hotel four points by sheraton jaipur,22200,18,113,$0.69,30,26,https://www.zomato.com/jaipur/the-eatery-four-points-by-sheraton-tonk-road,Jaipur,Rajasthan,India,Unknown
3799,hotel bawa international,22200,12,333,$0.27,44,33,https://www.zomato.com/mumbai/royal-palatte-hotel-bawa-international-vile-parle-east,Mumbai,Maharashtra,India,Hotel
3800,hopleaf restobar and lounge,0,3,6748,$0,1,4,https://www.zomato.com/mumbai/hopleaf-1-borivali-west,Mumbai,Maharashtra,India,Unknown
3801,gk 2 m block,22200,4,6748,$0.08,4,24,https://www.zomato.com/ncr/restaurants/in/m-block-market-greater-kailash-2-gk2,Unknown,Unknown,Unknown,Restaurant
3802,gita bhawan rishikesh,22200,18,130,$0.16,6,21,https://www.zomato.com/rishikesh/geeta-bhawan-swarg-ashram,Unknown,Unknown,Unknown,Unknown
3803,foodie street,22200,2,6748,$0.20,3,22,https://www.zomato.com/hyderabad/the-foodie-street-meerpet,Hyderabad,Telangana,India,Unknown
3804,food carts,22200,18,166,$0.01,56,21,https://www.zomato.com/ncr/food-truck,Unknown,Unknown,Unknown,Unknown
3805,brooks restaurant and banquets,18100,14,333,$0.12,8,21,https://www.zomato.com/ahmedabad/brooks-adalaj,Ahmedabad,Gujarat,India,Unknown
3806,bob's bar wood street,22200,3,6748,$0.10,1,24,https://www.zomato.com/bangalore/bobs-bar-richmond-road-bangalore,Bangalore,Karnataka,India,Bar
3807,best restaurants in kolkata,22200,7,2160,$0.51,6,13,https://www.zomato.com/kolkata,Kolkata,West Bengal,India,Unknown
3808,best food restaurant in kolkata,22200,6,2160,$0.05,5,29,https://www.zomato.com/kolkata,Kolkata,West Bengal,India,Unknown
3809,best breakfast food near me,22200,9,1462,$0.07,9,26,https://www.zomato.com/mumbai/best-breakfast-in-navi-mumbai,Mumbai,Maharashtra,India,Unknown
3810,benson town,22200,7,1462,$0.17,7,27,https://www.zomato.com/bangalore/drinks-nightlife-in-benson-town,Bangalore,Karnataka,India,Unknown
3811,baroda restaurant,18100,4,6748,$0.04,5,20,https://www.zomato.com/vadodara/dine-out,Unknown,Unknown,Unknown,Unknown
3812,bakery near me near me,22200,4,6748,$0.05,14,22,https://www.zomato.com/bakeries-near-me,Unknown,Unknown,Unknown,Bakery
3813,baati chokha restaurant taste of banaras,9900,2,3596,$0.25,9,20,https://www.zomato.com/ncr/baati-chokha-restaurant-taste-of-banaras-hajipur-noida,Unknown,Unknown,Unknown,Restaurant
3814,b y o b gurgaon,22200,6,3596,$0.08,6,31,https://www.zomato.com/ncr/bring-your-own-booze-byob,Unknown,Unknown,Unknown,Unknown
3815,andhra pradesh bhavan,22200,4,3596,$0.07,1,25,https://www.zomato.com/ncr/andhra-bhavan-feroze-shah-road-new-delhi,Unknown,Unknown,Unknown,Unknown
3816,amrit,22200,17,130,$0,1,38,https://www.zomato.com/hyderabad/amrit-veg-fine-dining-1-hitech-city,Hyderabad,Telangana,India,Unknown
3817,9889 garden bar and kitchen,22200,3,6748,$0.11,4,22,https://www.zomato.com/bangalore/9889-garden-bar-kitchen-yelahanka-bangalore,Bangalore,Karnataka,India,Bar
3818,cafe in delhi,22200,7,2160,$0.12,4,21,https://www.zomato.com/ncr/great-cafes,Unknown,Unknown,Unknown,Cafe
3819,shastri circle,22200,21,95,$0,4,26,https://www.zomato.com/udaipur/shastri-sweets-ashok-nagar,Unknown,Unknown,Unknown,Unknown
3820,mkt,22200,4,6748,$0.17,2,22,https://www.zomato.com/ncr/mkt-1-chanakyapuri-new-delhi,Unknown,Unknown,Unknown,Unknown
3821,mamma's,22200,7,3596,$0,1,22,https://www.zomato.com/mumbai/mammas-kitchen-1-nerul-navi-mumbai,Mumbai,Maharashtra,India,Unknown
3822,m block gk 2,22200,1,6748,$0.08,4,23,https://www.zomato.com/ncr/restaurants/in/m-block-market-greater-kailash-2-gk2,Unknown,Unknown,Unknown,Restaurant
3823,safdarjung development area market,22200,8,1041,$0,1,17,https://www.zomato.com/ncr/safdarjung-development-area-hauz-khas-south-delhi-restaurants,Unknown,Unknown,Unknown,Restaurant
3824,restaurants pune,22200,4,6748,$0.24,7,27,https://www.zomato.com/pune/dine-out,Pune,Maharashtra,India,Unknown
3825,restaurants bangalore mg road,22200,5,3596,$0.05,8,23,https://www.zomato.com/bangalore/mg-road-restaurants,Bangalore,Karnataka,India,Restaurant
3826,pride plaza hotel ahmedabad,22200,10,437,$0.32,43,20,https://www.zomato.com/ahmedabad/cafe-treat-pride-plaza-hotel-bodakdev,Ahmedabad,Gujarat,India,Cafe
3827,pita,18100,41,46,$0,1,36,https://www.zomato.com/vi/ncr/pita-pit-sector-62-gurgaon/menu,Unknown,Unknown,Unknown,Unknown
3828,paragon restaurant kerala,18100,9,1041,$0,1,18,https://www.zomato.com/trivandrum/paragon-restaurant-kesavadasapuram,Unknown,Unknown,Unknown,Restaurant
3829,pacific mall subhash nagar delhi,22200,8,568,$0.04,7,28,https://www.zomato.com/ncr/restaurants/in/pacific-mall-tagore-garden,Unknown,Unknown,Unknown,Restaurant
3830,non veg restaurants near by me,22200,3,3596,$0.04,11,32,https://www.zomato.com/restaurants-near-me,Unknown,Unknown,Unknown,Restaurant
3831,gateway nashik,22200,28,46,$0.47,23,21,https://www.zomato.com/nashik/citrine-the-gateway-hotel-pathardi-phata,Unknown,Unknown,Unknown,Hotel
3832,food santa,22200,10,568,$0.20,3,19,https://www.zomato.com/kolkata/santa-delivers-naktala,Kolkata,West Bengal,India,Unknown
3833,food delivery near me,27100,7,1462,$0.23,22,20,https://www.zomato.com/,Unknown,Unknown,Unknown,Unknown
3834,distance to jaipur,18100,68,46,$0,1,18,https://www.zomato.com/jaipur/restaurants,Jaipur,Rajasthan,India,Restaurant
3835,delhi jamia nagar,22200,51,46,$0.15,4,20,https://www.zomato.com/ncr/jamia-nagar-restaurants,Unknown,Unknown,Unknown,Restaurant
3836,delhi highway,22200,1,6748,$0,4,26,https://www.zomato.com/mumbai/delhi-highway-fort,Mumbai,Maharashtra,India,Unknown
3837,kannur cocktail,9900,22,95,$0.12,4,32,https://www.zomato.com/kannur/juice-corner-kannur-locality/order,Unknown,Unknown,Unknown,Unknown
3838,k's verandah ahmedabad,12100,4,1462,$0.24,2,25,https://www.zomato.com/surat/ks-verandah-piplod,Surat,Gujarat,India,Unknown
3839,jayam cinemas,22200,9,333,$0.51,1,22,https://www.zomato.com/gobichettipalayam/jayam-cinemas-gobichettipalayam-locality/reviews,Unknown,Unknown,Unknown,Unknown
3840,ibis chennai omr,22200,16,124,$0.24,28,28,https://www.zomato.com/chennai/spice-it-ibis-chennai-omr-sholinganallur,Chennai,Tamil Nadu,India,Unknown
3841,hyatt place vadodara,18100,9,568,$0.57,23,25,https://www.zomato.com/vadodara/zing-by-hyatt-place-bhayli,Unknown,Unknown,Unknown,Unknown
3842,hotel vivanta guwahati,22200,31,46,$0.39,28,24,https://www.zomato.com/guwahati/seven-vivanta-by-taj-guwahati-khanapara,Unknown,Unknown,Unknown,Unknown
3843,hotel marasa sarovar tirupati,22200,43,46,$0.42,33,29,https://www.zomato.com/tirupati/marasa-sarovar-premiere-korlagunta/order,Unknown,Unknown,Unknown,Unknown
3844,hotel lemon tree indore,22200,31,46,$0.17,45,25,https://www.zomato.com/indore/restaurants/in/lemon-tree-hotel-rnt-marg,Indore,Madhya Pradesh,India,Restaurant
3845,gandhi vihar,22200,24,59,$0,6,26,https://www.zomato.com/ncr/quick-bites?zomato_place_id=115756,Unknown,Unknown,Unknown,Unknown
3846,best seafood restaurant near me,18100,6,3596,$0.06,10,41,https://www.zomato.com/seafood-restaurants-near-me,Unknown,Unknown,Unknown,Restaurant
3847,barbeque spice,12100,4,3596,$0.21,6,23,https://www.zomato.com/hyderabad/barbeque-spice-abids,Hyderabad,Telangana,India,Bar
3848,bali nagar,22200,30,46,$0,4,26,https://www.zomato.com/ncr/shere-e-punjab-rajouri-garden-new-delhi,Unknown,Unknown,Unknown,Unknown
3849,bakery near me cakes,22200,4,6748,$0.13,42,24,https://www.zomato.com/bakeries-near-me,Unknown,Unknown,Unknown,Bakery
3850,ama cafe rajpur road,12100,3,6748,$0.16,7,23,https://www.zomato.com/dehradun/ama-cafe-rajpur,Dehradun,Uttarakhand,India,Cafe
3851,32 milestone hotel gurgaon,22200,8,1041,$0.31,4,19,https://www.zomato.com/ncr/restaurants/in/32nd-avenue-milestone,Unknown,Unknown,Unknown,Restaurant
3852,coffee shop surat,22200,6,3596,$0.03,3,25,https://www.zomato.com/surat/coffee,Surat,Gujarat,India,Coffee
3853,chocolate bar bar,22200,17,166,$0.02,57,23,https://www.zomato.com/mumbai/restaurants/dish-chocolate-bar,Mumbai,Maharashtra,India,Restaurant
3854,central mall in jp nagar,22200,10,437,$0.09,5,22,https://www.zomato.com/bangalore/restaurants/in/bangalore-central-jp-nagar,Bangalore,Karnataka,India,Restaurant
3855,cafe in delhi ncr,22200,5,3596,$0.04,5,24,https://www.zomato.com/ncr/great-cafes,Unknown,Unknown,Unknown,Cafe
3856,boba tea near me,27100,2,6748,$0.28,4,15,https://www.zomato.com/hyderabad/restaurants/bubble-tea,Hyderabad,Telangana,India,Restaurant
3857,zoo road,18100,14,250,$0,11,27,https://www.zomato.com/guwahati/zoo-road-shopping-corner-zoo-tiniali,Unknown,Unknown,Unknown,Unknown
3858,zomato careers,27100,2,3596,$0.16,3,27,https://www.zomato.com/applicant-policy,Unknown,Unknown,Unknown,Unknown
3859,veg and non veg restaurants,22200,9,1041,$0.05,4,29,https://www.zomato.com/aurangabad/best-mughlai-restaurants,Unknown,Unknown,Unknown,Restaurant
3860,starbucks indiranagar,40500,3,6748,$0.05,1,19,https://www.zomato.com/bangalore/starbucks-coffee-indiranagar,Bangalore,Karnataka,India,Coffee
3861,sector 120 noida,22200,10,568,$0.25,5,18,https://www.zomato.com/ncr/sector-72-noida-restaurants?delivery_subzone=64,Unknown,Unknown,Unknown,Restaurant
3862,restaurants in vadodara,18100,4,6748,$0.14,5,20,https://www.zomato.com/vadodara/dine-out,Unknown,Unknown,Unknown,Unknown
3863,ramaswamy circle,18100,20,113,$0.22,6,19,https://www.zomato.com/mysore/ramyas-cafe-house-1-chamrajpura,Unknown,Unknown,Unknown,Cafe
3864,raaga palace,22200,6,1462,$0.08,7,21,https://www.zomato.com/pune/raaga-palace-chinchwad,Pune,Maharashtra,India,Unknown
3865,zomato vacancy,27100,2,6748,$0.23,3,25,https://www.zomato.com/deliver-food/,Unknown,Unknown,Unknown,Unknown
3866,yaakay bar and canteen,22200,3,6748,$0.13,4,21,https://www.zomato.com/bangalore/yaakay-bar-and-canteen-sahakara-nagar-bangalore,Bangalore,Karnataka,India,Bar
3867,warehouse cafe,22200,4,6748,$0,3,25,https://www.zomato.com/ncr/warehouse-cafe-connaught-place-new-delhi,Unknown,Unknown,Unknown,Cafe
3868,vijayanagar food street,18100,11,1041,$0,5,20,https://www.zomato.com/bangalore/vijay-nagar-restaurants/street-food,Bangalore,Karnataka,India,Restaurant
3869,veggie food restaurant,22200,6,6748,$0.04,4,27,https://www.zomato.com/hyderabad/vegetarian-restaurants,Hyderabad,Telangana,India,Restaurant
3870,trident chennai hotel,18100,15,166,$1.72,24,30,https://www.zomato.com/chennai/restaurants/in/trident-hotel-chennai,Chennai,Tamil Nadu,India,Restaurant
3871,toddies,22200,64,46,$0.02,1,52,https://www.zomato.com/ncr/toddy-1-vivek-vihar-new-delhi,Unknown,Unknown,Unknown,Unknown
3872,the park navi mumbai belapur,22200,9,568,$0.20,37,23,https://www.zomato.com/mumbai/west-1-the-park-navi-mumbai-cbd-belapur-navi-mumbai,Mumbai,Maharashtra,India,Unknown
3873,the gardens,22200,5,1041,$0.22,1,46,https://www.zomato.com/kolkata/the-garden-lounge-1-sector-5-salt-lake,Kolkata,West Bengal,India,Unknown
3874,tea villa café,22200,4,6748,$0.10,3,23,https://www.zomato.com/mumbai/tea-villa-cafe-hill-road-bandra-west,Mumbai,Maharashtra,India,Cafe
3875,tea villa cafe,22200,4,6748,$0,8,22,https://www.zomato.com/guwahati/tea-villa-cafe-christian-basti,Unknown,Unknown,Unknown,Cafe
3876,taste of kerala,22200,5,6748,$0.33,2,20,https://www.zomato.com/ncr/taste-of-kerala-sector-81-faridabad,Unknown,Unknown,Unknown,Unknown
3877,taj swarna amritsar,22200,14,202,$0.27,31,29,https://www.zomato.com/amritsar/restaurants/in/taj-swarna,Unknown,Unknown,Unknown,Restaurant
3878,taj palace,22200,8,750,$0.49,5,26,https://www.zomato.com/ncr/restaurants/in/taj-palace-chanakyapuri,Unknown,Unknown,Unknown,Restaurant
3879,cream baileys,22200,8,1041,$0,1,17,https://www.zomato.com/bangalore/drinks-and-nightlife?dish=baileys-irish-cream-liqueurs,Bangalore,Karnataka,India,Unknown
3880,clubs in delhi ncr,22200,7,2160,$0.06,4,23,https://www.zomato.com/ncr/drinks-and-nightlife,Unknown,Unknown,Unknown,Unknown
3881,club 91,22200,18,95,$0.77,1,30,https://www.zomato.com/ludhiana/club-91-aggar-nagar/menu,Unknown,Unknown,Unknown,Unknown
3882,chin lung brewery marathalli bellandur,22200,1,6748,$0.20,5,19,https://www.zomato.com/bangalore/chin-lung-brewery-kadubeesanahalli-bangalore,Bangalore,Karnataka,India,Unknown
3883,chennai hotel trident,22200,37,46,$1.34,21,31,https://www.zomato.com/chennai/restaurants/in/trident-hotel-chennai,Chennai,Tamil Nadu,India,Restaurant
3884,cafes in koregaon park pune,22200,4,6748,$0.03,4,24,https://www.zomato.com/pune/koregaon-park-restaurants/caf%C3%A9,Pune,Maharashtra,India,Restaurant
3885,cafe co2 goa,9900,5,3596,$0.09,4,28,https://www.zomato.com/goa/cafe-co2-vagator,Goa,Goa,India,Cafe
3886,boba bhai,18100,7,2160,$0.09,3,22,https://www.zomato.com/ncr/boba-bhai-bubble-tea-korean-street-food-rajouri-garden-new-delhi,Unknown,Unknown,Unknown,Unknown
3887,hotel royal orchid jaipur,22200,17,130,$0.11,32,21,https://www.zomato.com/jaipur/limelight-hotel-royal-orchid-durgapura,Jaipur,Rajasthan,India,Hotel
3888,hotel aroma chandigarh,18100,10,437,$0.08,14,23,https://www.zomato.com/chandigarh/the-aroma-1-sector-22,Chandigarh,Chandigarh,India,Unknown
3889,hindustan park kolkata,22200,10,750,$0.12,4,19,https://www.zomato.com/kolkata/hindustan-park-restaurants/caf%C3%A9,Kolkata,West Bengal,India,Restaurant
3890,great seafood restaurant near me,18100,5,3596,$0.06,10,47,https://www.zomato.com/seafood-restaurants-near-me,Unknown,Unknown,Unknown,Restaurant
3891,good vegetarian restaurants near me,22200,5,3596,$0.07,14,16,https://www.zomato.com/hyderabad/vegetarian-restaurants,Hyderabad,Telangana,India,Restaurant
3892,good south indian restaurants near me,22200,5,3596,$0.17,10,15,https://www.zomato.com/ncr/restaurants/south-indian,Unknown,Unknown,Unknown,Restaurant
3893,glass house,22200,3,2160,$0.34,1,25,https://www.zomato.com/mumbai/glass-house-malad-west,Mumbai,Maharashtra,India,Unknown
3894,ganga vihar mahim,22200,3,6748,$0.16,3,17,https://www.zomato.com/mumbai/ganga-vihar-matunga-west,Mumbai,Maharashtra,India,Unknown
3895,foreshore estate chennai,14800,55,46,$0.25,16,19,https://www.zomato.com/chennai/palmshore-santhome,Chennai,Tamil Nadu,India,Unknown
3896,food punjabi,22200,11,1041,$0.06,1,35,https://www.zomato.com/mumbai/restaurants/dish-punjabi-food,Mumbai,Maharashtra,India,Restaurant
3897,flavors ice cream,22200,16,202,$0.02,1,25,https://www.zomato.com/kolhapur/flavors-ruikar-colony/order,Unknown,Unknown,Unknown,Unknown
3898,big bean cafe,4400,8,2160,$0.11,5,28,https://www.zomato.com/bangalore/big-bean-cafe-coffee-roasters-rajarajeshwari-nagar-bangalore,Bangalore,Karnataka,India,Cafe
3899,barrackpore jayanti,22200,7,750,$0.05,1,22,https://www.zomato.com/kolkata/jayanti-cinema-restaurant-cum-bar-barrackpore,Kolkata,West Bengal,India,Restaurant
3900,bar or restaurant near me,22200,4,6748,$0.06,15,23,https://www.zomato.com/bars-near-me,Unknown,Unknown,Unknown,Bar
3901,bamboo restaurant,18100,4,6748,$0,8,26,https://www.zomato.com/bangalore/bamboo-restaurant-kalyan-nagar-bangalore,Bangalore,Karnataka,India,Restaurant
3902,ambika hotel,27100,5,6748,$0.08,2,27,https://www.zomato.com/kozhikode/hotel-ambika-1-bilathikkulam/order,Unknown,Unknown,Unknown,Hotel
3903,aarambh cafe,9900,5,3596,$0.12,7,23,https://www.zomato.com/ahmedabad/aarambh-cafe-1-sola,Ahmedabad,Gujarat,India,Cafe
3904,4 street,22200,2,6748,$0.14,4,26,https://www.zomato.com/ncr/4th-street-cafe-preet-vihar-new-delhi,Unknown,Unknown,Unknown,Cafe
3905,supreme business park,22200,5,3596,$0.25,6,16,https://www.zomato.com/mumbai/restaurants/in/supreme-business-park-powai,Mumbai,Maharashtra,India,Restaurant
3906,shiva valley,18100,14,250,$0.51,4,25,https://www.zomato.com/goa/shiva-valley-anjuna,Goa,Goa,India,Unknown
3907,salem radisson,22200,14,202,$0.46,27,24,https://www.zomato.com/salem/restaurants/in/radisson-salem-narsothipatti,Unknown,Unknown,Unknown,Restaurant
3908,ru ru,22200,28,46,$0,1,46,https://www.zomato.com/ncr/ru-bar-ru-sector-38-noida,Unknown,Unknown,Unknown,Bar
3909,restaurants in mangalore india,22200,6,2160,$0.04,1,24,https://www.zomato.com/mangalore,Unknown,Unknown,Unknown,Unknown
3910,ramkrishna restaurant,22200,4,6748,$0.11,3,21,https://www.zomato.com/pune/ram-krishna-camp-area,Pune,Maharashtra,India,Unknown
3911,rameshwaram cafe bangalore,18100,8,1462,$0.17,3,19,https://www.zomato.com/bangalore/the-rameshwaram-cafe-indiranagar-bangalore,Bangalore,Karnataka,India,Cafe
3912,raeeth goa,22200,6,2160,$0.32,2,22,https://www.zomato.com/goa/raeeth-bar-grill-vagator,Goa,Goa,India,Bar
3913,pvr kurla,18100,8,437,$0.04,1,24,https://www.zomato.com/mumbai/pvr-caf%C3%A9-popcorn-pizza-hot-dogs-snacks-kurla,Mumbai,Maharashtra,India,Pizza
3914,mindspace social,22200,1,6748,$0,3,25,https://www.zomato.com/hyderabad/mindspace-social-hitech-city,Hyderabad,Telangana,India,Unknown
3915,marriott udaipur india,22200,27,48,$0.59,50,24,https://www.zomato.com/udaipur/okra-udaipur-marriott-hotel-fatehpura,Unknown,Unknown,Unknown,Hotel
3916,mahadev hotel,22200,5,6748,$0.10,1,25,https://www.zomato.com/pune/mahadev-hotel-and-restaurant-kharadi,Pune,Maharashtra,India,Restaurant
3917,lower parel pvr,22200,8,437,$0.07,7,20,https://www.zomato.com/mumbai/pvr-caf%C3%A9-popcorn-pizza-hot-dogs-snacks-lower-parel,Mumbai,Maharashtra,India,Pizza
3918,lemon tree jaipur,22200,15,130,$0.13,42,32,https://www.zomato.com/jaipur/restaurants/in/lemon-tree-premier-bani-park,Jaipur,Rajasthan,India,Restaurant
3919,koramangala 6th block,22200,5,3596,$0,12,23,https://www.zomato.com/bangalore/koramangala-6th-block-restaurants,Bangalore,Karnataka,India,Restaurant
3920,okhla phase 1 delhi,18100,20,113,$0,2,11,https://www.zomato.com/ncr/best-okhla-phase-1-restaurants,Unknown,Unknown,Unknown,Restaurant
3921,naroda india,18100,40,46,$0.08,3,22,https://www.zomato.com/ahmedabad/best-naroda-restaurants,Ahmedabad,Gujarat,India,Restaurant
3922,nandan coffee,12100,7,2160,$0.23,9,19,https://www.zomato.com/mumbai/nandan-coffee-fort,Mumbai,Maharashtra,India,Coffee
3923,places to eat near me for dinner,18100,4,6748,$0.11,13,49,https://www.zomato.com/restaurants-near-me,Unknown,Unknown,Unknown,Restaurant
3924,pasta street,22200,4,6748,$0.04,5,26,https://www.zomato.com/bangalore/pasta-street-indiranagar,Bangalore,Karnataka,India,Unknown
3925,nearest non veg restaurants,18100,6,3596,$0.06,9,27,https://www.zomato.com/restaurants-near-me,Unknown,Unknown,Unknown,Restaurant
3926,donut dunkin,22200,10,1462,$0.08,1,41,https://www.zomato.com/ncr/dunkin-donuts-coffee-barakhamba-road-new-delhi,Unknown,Unknown,Unknown,Bar
3927,dinner places near me,18100,4,6748,$0.14,12,14,https://www.zomato.com/restaurants-near-me,Unknown,Unknown,Unknown,Restaurant
3928,coffee shops in hyderabad,22200,6,2160,$0,1,12,https://www.zomato.com/hyderabad/coffee,Hyderabad,Telangana,India,Coffee
3929,civil hospital canteen,22200,10,437,$0.08,7,21,https://www.zomato.com/ahmedabad/delivery?landmark_id=720,Ahmedabad,Gujarat,India,Unknown
3930,city park kota,22200,36,46,$0,7,22,https://www.zomato.com/kota/kota-city-park-vyanjanshala-civil-lines,Unknown,Unknown,Unknown,Unknown
3931,cinépolis royal meenakshi mall,22200,15,124,$0.14,6,21,https://www.zomato.com/bangalore/cinepolis-1-bannerghatta-road-bangalore,Bangalore,Karnataka,India,Unknown
3932,cafe niloufer near me,22200,6,3596,$0,14,16,https://www.zomato.com/hyderabad/restoran/cafe-niloufer?landmark_id=663&category=2,Hyderabad,Telangana,India,Cafe
3933,irish cream liqueur baileys,22200,26,95,$0,1,25,https://www.zomato.com/bangalore/drinks-and-nightlife?dish=baileys-irish-cream-liqueurs,Bangalore,Karnataka,India,Unknown
3934,ibis hotel nashik,22200,34,46,$0.21,33,29,https://www.zomato.com/nashik/spice-it-ibis-nashik-satpur/menu,Unknown,Unknown,Unknown,Unknown
3935,hotel signature,9900,8,750,$0.49,6,35,https://www.zomato.com/mumbai/hotel-signature-ghansoli-navi-mumbai,Mumbai,Maharashtra,India,Hotel
3936,hotel shubham,18100,7,750,$0.13,4,25,https://www.zomato.com/manipal/hotel-shubham-eshwar-nagar,Unknown,Unknown,Unknown,Hotel
3937,hotel mountview chandigarh,18100,9,568,$0.14,22,25,https://www.zomato.com/chandigarh/restaurants/in/hotel-mountview-sector-10,Chandigarh,Chandigarh,India,Restaurant
3938,hotel maidens delhi,22200,17,113,$0.53,16,37,https://www.zomato.com/ncr/restaurants/in/maidens-hotels-civil-lines,Unknown,Unknown,Unknown,Restaurant
3939,hotel le royal park in pondicherry,18100,38,46,$0.40,40,21,https://www.zomato.com/puducherry/la-menara-hotel-le-royal-park-mg-road/menu,Unknown,Unknown,Unknown,Hotel
3940,high mumbai,22200,15,166,$0.01,1,35,https://www.zomato.com/mumbai/bombay-high-itc-maratha-chakala,Mumbai,Maharashtra,India,Unknown
3941,food delivery in near me,22200,5,3596,$0.22,15,77,https://www.zomato.com/,Unknown,Unknown,Unknown,Unknown
3942,filter coffee near me,18100,4,6748,$0.46,9,13,https://www.zomato.com/bangalore/restaurace/the-filter-coffee?category=2,Bangalore,Karnataka,India,Coffee
3943,farm regency gorai,18100,14,333,$0.09,14,23,https://www.zomato.com/mumbai/farm-regency-resort-borivali-west,Mumbai,Maharashtra,India,Unknown
3944,best restaurant for seafood near me,18100,4,3596,$0.06,10,41,https://www.zomato.com/hyderabad/secunderabad-restaurants/sea-food,Hyderabad,Telangana,India,Restaurant
3945,best for breakfast near me,22200,5,6748,$0.07,10,23,https://www.zomato.com/ncr/best-breakfast-in-ghaziabad,Unknown,Unknown,Unknown,Unknown
3946,bayleaf cafe,22200,3,6748,$0.01,5,26,https://www.zomato.com/mumbai/bayleaf-cafe-juhu,Mumbai,Maharashtra,India,Cafe
3947,b w club delhi,22200,5,3596,$0.17,2,19,https://www.zomato.com/ncr/club-bw-the-suryaa-new-delhi-new-friends-colony-new-delhi,Unknown,Unknown,Unknown,Unknown
3948,atithi restaurant,18100,4,6748,$0.09,2,24,https://www.zomato.com/ahmedabad/atithi-bodakdev,Ahmedabad,Gujarat,India,Unknown
3949,appetito,27100,5,3596,$0.06,1,22,https://www.zomato.com/ncr/appetito-knowledge-park-greater-noida,Unknown,Unknown,Unknown,Unknown
3950,udupi near me,22200,5,3596,$0,1,20,https://www.zomato.com/manipal/udupi-restaurants,Unknown,Unknown,Unknown,Restaurant
3951,the old house,22200,3,6748,$0.04,2,22,https://www.zomato.com/mysore/the-old-house-chamrajpura,Unknown,Unknown,Unknown,Unknown
3952,the dockyard co a riverfront rendezvous,14800,3,6748,$0.13,5,27,https://www.zomato.com/kolkata/the-dockyard-co-1-kidderpore,Kolkata,West Bengal,India,Unknown
3953,t&t coimbatore,18100,4,2160,$0.16,4,22,https://www.zomato.com/coimbatore/t-t-ukkadam/order,Unknown,Unknown,Unknown,Unknown
3954,villagers restaurant,22200,3,6748,$0.06,3,21,https://www.zomato.com/ncr/the-villagers-restaurant-and-cafe-najafgarh-new-delhi,Unknown,Unknown,Unknown,Restaurant
3955,udaipur marriott,22200,11,437,$0.79,55,26,https://www.zomato.com/udaipur/okra-udaipur-marriott-hotel-fatehpura,Unknown,Unknown,Unknown,Hotel
3956,two brothers,22200,13,437,$0.25,84,36,https://www.zomato.com/mumbai/two-brothers-organic-farms-santacruz-east/order,Mumbai,Maharashtra,India,Unknown
3957,toto garage,22200,3,6748,$0.11,2,27,https://www.zomato.com/mumbai/totos-garage-pali-hill-bandra-west,Mumbai,Maharashtra,India,Unknown
3958,the yellow bowl,18100,7,2160,$0,2,19,https://www.zomato.com/ncr/the-yellow-bowl-shahdara-new-delhi,Unknown,Unknown,Unknown,Unknown
3959,nearby cafe near me,14800,4,6748,$0.14,18,15,https://www.zomato.com/cafes-near-me,Unknown,Unknown,Unknown,Cafe
3960,nearby bars near me,22200,5,6748,$0.08,20,22,https://www.zomato.com/bars-near-me,Unknown,Unknown,Unknown,Bar
3961,naroda in ahmedabad,18100,17,202,$0.08,3,20,https://www.zomato.com/ahmedabad/best-naroda-restaurants,Ahmedabad,Gujarat,India,Restaurant
3962,mg road near me,12100,5,6748,$0.03,6,41,https://www.zomato.com/bangalore/mg-road-restaurants,Bangalore,Karnataka,India,Restaurant
3963,menu subway restaurant,18100,4,2160,$0.08,1,30,https://www.zomato.com/ncr/subway-new-friends-colony-new-delhi/menu,Unknown,Unknown,Unknown,Unknown
3964,meat and eat,22200,5,3596,$0.63,1,20,https://www.zomato.com/chennai/restaurants/meat-and-eat,Chennai,Tamil Nadu,India,Restaurant
3965,maurya itc delhi,22200,38,46,$0.60,61,35,https://www.zomato.com/ncr/bukhara-itc-maurya-chanakyapuri-new-delhi,Unknown,Unknown,Unknown,Unknown
3966,marzorin camp pune,22200,3,6748,$0.18,4,21,https://www.zomato.com/pune/marz-o-rin-mg-road,Pune,Maharashtra,India,Unknown
3967,lulu hypermarket hyderabad,18100,13,250,$0,11,22,https://www.zomato.com/hyderabad/lulu-hypermarket-kukatpally,Hyderabad,Telangana,India,Unknown
3968,lake pichola hotel,33100,15,166,$0.11,57,40,https://www.zomato.com/udaipur/restaurants/in/lake-pichola-hotel,Unknown,Unknown,Unknown,Restaurant
3969,khurram nagar lucknow,22200,18,166,$0.10,7,19,https://www.zomato.com/lucknow/khurram-nagar-restaurants,Lucknow,Uttar Pradesh,India,Restaurant
3970,radisson blu delhi kaushambi,22200,20,95,$0.36,28,24,https://www.zomato.com/ncr/restaurants/in/radisson-blu-hotel-kaushambi,Unknown,Unknown,Unknown,Restaurant
3971,radhakrishna veg restaurant,18100,4,6748,$0.11,3,22,https://www.zomato.com/mumbai/radha-krishna-near-andheri-west-station,Mumbai,Maharashtra,India,Unknown
3972,puranpoli ghar,22200,4,6748,$0.15,4,26,https://www.zomato.com/mumbai/puranpoli-ghar-panch-pakhadi-thane-west-thane,Mumbai,Maharashtra,India,Unknown
3973,pride hotel ahmedabad,22200,15,166,$0.41,33,22,https://www.zomato.com/ahmedabad/cafe-treat-pride-plaza-hotel-bodakdev,Ahmedabad,Gujarat,India,Cafe
3974,pizza delivery,6600,6,2160,$0.18,5,68,https://www.zomato.com/ncr/delivery/dish-pizza,Unknown,Unknown,Unknown,Pizza
3975,non veg restaurant,22200,5,3596,$0.10,4,21,https://www.zomato.com/alwar/delivery/dish-non-veg-thali,Unknown,Unknown,Unknown,Unknown
3976,gladia brewery and kitchen,0,3,6748,$0,1,4,https://www.zomato.com/bangalore/gladia-brewery-kitchen-sarjapur-road-bangalore,Bangalore,Karnataka,India,Unknown
3977,food to deliver near me,22200,5,3596,$0.22,15,80,https://www.zomato.com/,Unknown,Unknown,Unknown,Unknown
3978,food shops close to me,22200,4,6748,$0.07,7,42,https://www.zomato.com/restaurants-near-me,Unknown,Unknown,Unknown,Restaurant
3979,food plaza,18100,4,6748,$0.10,1,24,https://www.zomato.com/jalandhar/food-plaza-1-shastri-nagar,Unknown,Unknown,Unknown,Unknown
3980,fast delivery app,22200,17,124,$0.22,35,30,https://www.zomato.com/,Unknown,Unknown,Unknown,Unknown
3981,farm regency,22200,18,130,$0.08,13,28,https://www.zomato.com/mumbai/farm-regency-resort-borivali-west,Mumbai,Maharashtra,India,Unknown
3982,drizzled,22200,10,568,$0,1,26,https://www.zomato.com/ncr/drizzle-dust-cakes-brownie-and-dessert-sector-17-gurgaon,Unknown,Unknown,Unknown,Dessert
3983,dhaba near me near me,22200,4,6748,$0.04,6,23,https://www.zomato.com/dhabas-near-me,Unknown,Unknown,Unknown,Unknown
3984,della in lonavala,22200,82,46,$0.18,36,35,https://www.zomato.com/pune,Pune,Maharashtra,India,Unknown
3985,j p nagar central mall,22200,5,1041,$0.09,5,23,https://www.zomato.com/bangalore/restaurants/in/bangalore-central-jp-nagar,Bangalore,Karnataka,India,Restaurant
3986,hyderabad house,18100,10,1462,$0.52,3,24,https://www.zomato.com/jabalpur/hyderabad-house-cantt,Unknown,Unknown,Unknown,Unknown
3987,hyatt gachibowli hyderabad,27100,7,1041,$7.08,21,28,https://www.zomato.com/hyderabad/restaurants/in/hyatt-hyderabad-gachibowli,Hyderabad,Telangana,India,Restaurant
3988,hotel pandian egmore chennai,2400,9,568,$0.25,62,20,https://www.zomato.com/chennai/hotel-pandian-egmore,Chennai,Tamil Nadu,India,Hotel
3989,hotel pandian chennai,18100,11,333,$0.29,14,21,https://www.zomato.com/chennai/hotel-pandian-egmore,Chennai,Tamil Nadu,India,Hotel
3990,hotel marine plaza,22200,11,333,$0.17,28,28,https://www.zomato.com/mumbai/restaurants/in/marine-plaza-marine-lines,Mumbai,Maharashtra,India,Restaurant
3991,hotel le royal park,22200,14,166,$0.22,50,27,https://www.zomato.com/puducherry/la-menara-hotel-le-royal-park-mg-road,Unknown,Unknown,Unknown,Hotel
3992,best sea food restaurants near me,18100,4,6748,$0.05,10,39,https://www.zomato.com/mumbai/navi-mumbai-restaurants/sea-food,Mumbai,Maharashtra,India,Restaurant
3993,best food restaurants in kolkata,22200,6,2160,$0.04,5,23,https://www.zomato.com/kolkata,Kolkata,West Bengal,India,Unknown
3994,amour bistro delhi,22200,3,6748,$0,1,20,https://www.zomato.com/ncr/amour-bistro-chanakyapuri-new-delhi,Unknown,Unknown,Unknown,Unknown
3995,ahmedabad cafes,22200,4,6748,$0.05,9,23,https://www.zomato.com/ahmedabad/great-cafes,Ahmedabad,Gujarat,India,Cafe
3996,absolute barbecue near me,22200,6,3596,$0.08,11,15,https://www.zomato.com/hyderabad/abs-absolute-barbecues-sd-road-secunderabad,Hyderabad,Telangana,India,Bar
3997,122,22200,38,46,$0.15,1,50,https://www.zomato.com/ncr/dasaprakash-sector-122-noida,Unknown,Unknown,Unknown,Unknown
3998,cuisine italian,22200,29,59,$0.09,1,56,https://www.zomato.com/chennai/restaurants/italian,Chennai,Tamil Nadu,India,Restaurant
3999,ctr restaurant bangalore,22200,1,6748,$0,1,24,https://www.zomato.com/bangalore/ctr-shri-sagar-since-1920-malleshwaram-bangalore,Bangalore,Karnataka,India,Unknown
4000,coffee shops surat,22200,5,3596,$0.06,3,23,https://www.zomato.com/surat/coffee,Surat,Gujarat,India,Coffee
4001,coffee shop in hyderabad,22200,7,3596,$0.04,7,26,https://www.zomato.com/hyderabad/coffee,Hyderabad,Telangana,India,Coffee
4002,cloud kitchen near me,22200,5,6748,$0.25,6,13,https://www.zomato.com/hyderabad/cloud-kitchen-kukatpally,Hyderabad,Telangana,India,Unknown
4003,choco lava,22200,18,250,$0.06,2,21,https://www.zomato.com/chennai/choco-lava-cakes-kanchipuram-district/order,Chennai,Tamil Nadu,India,Unknown
4004,central near me,22200,9,1041,$0.01,1,25,https://www.zomato.com/chennai/central-chennai-restaurants,Chennai,Tamil Nadu,India,Restaurant
4005,cafes in mysore,22200,6,3596,$0,6,22,https://www.zomato.com/mysore/great-cafes,Unknown,Unknown,Unknown,Cafe
4006,cafes in delhi,22200,6,2160,$0,5,21,https://www.zomato.com/ncr/great-cafes,Unknown,Unknown,Unknown,Cafe
4007,burger factory goa,18100,3,6748,$0.48,1,19,https://www.zomato.com/goa/burger-factory-anjuna,Goa,Goa,India,Unknown
4008,bob's bar koramangala,12100,3,6748,$0.15,5,21,https://www.zomato.com/bangalore/bobs-bar-koramangala-7th-block-bangalore,Bangalore,Karnataka,India,Bar
4009,blue sea restaurant,14800,3,6748,$0.15,3,37,https://www.zomato.com/hyderabad/blue-sea-restaurant-basheer-bagh,Hyderabad,Telangana,India,Restaurant
4010,blr brewing co hsr layout,18100,3,6748,$0.25,8,13,https://www.zomato.com/bangalore/blr-brewing-co-hsr-bangalore,Bangalore,Karnataka,India,Unknown
4011,starbucks bangalore indiranagar,2900,4,3596,$0.07,1,19,https://www.zomato.com/bangalore/starbucks-coffee-indiranagar,Bangalore,Karnataka,India,Coffee
4012,soup near me,18100,6,3596,$0.30,4,20,https://www.zomato.com/meerut/delivery/dish-soup,Unknown,Unknown,Unknown,Unknown
4013,soofi mandi palakkad,12100,16,250,$0.20,1,27,https://www.zomato.com/palakkad/soofi-mandi-kalmandapam/order,Unknown,Unknown,Unknown,Unknown
4014,shiv sagar restaurants,18100,6,2160,$0.15,3,22,https://www.zomato.com/mumbai/restaurants/shiv-sagar-2,Mumbai,Maharashtra,India,Restaurant
4015,sattva pure veg restaurant,12100,4,6748,$0.14,4,22,https://www.zomato.com/pune/sattva-pure-veg-baner,Pune,Maharashtra,India,Unknown
4016,yuki,14800,4,6748,$0,1,35,https://www.zomato.com/bangalore/yuki-indiranagar-bangalore,Bangalore,Karnataka,India,Unknown
4017,winni cakes,22200,10,1041,$0.27,88,51,https://www.zomato.com/sonipat/winni-cakes-and-more-sonipat-locality/order,Unknown,Unknown,Unknown,Unknown
4018,winni cake,22200,10,750,$0.29,74,47,https://www.zomato.com/sundar-nagar/winni-cakes-more-sundar-nagar-locality/order,Unknown,Unknown,Unknown,Unknown
4019,weather rajahmundry andhra pradesh,22200,70,46,$0,1,23,https://www.zomato.com/contact,Unknown,Unknown,Unknown,Unknown
4020,veg restaurants,27100,5,3596,$0.59,5,28,https://www.zomato.com/restaurants-near-me,Unknown,Unknown,Unknown,Restaurant
4021,the black pearl,22200,3,3596,$0.11,15,84,https://www.zomato.com/chennai/the-black-pearl-1-sholinganallur,Chennai,Tamil Nadu,India,Unknown
4022,swiggy refund,14800,79,46,$0,1,24,https://www.zomato.com/contact,Unknown,Unknown,Unknown,Unknown
4023,sweet shop near me near me,18100,4,6748,$0.03,8,21,https://www.zomato.com/sweet-shops-near-me,Unknown,Unknown,Unknown,Sweet Shop
4024,sushi food,22200,10,1041,$0.28,1,24,https://www.zomato.com/bangalore/restaurants/sushi,Bangalore,Karnataka,India,Restaurant
4025,surat cafes,22200,6,3596,$0.03,3,28,https://www.zomato.com/surat/caf%C3%A9,Surat,Gujarat,India,Unknown
4026,slink and bardot restaurant,22200,3,6748,$0.12,1,24,https://www.zomato.com/mumbai/slink-bardot-worli,Mumbai,Maharashtra,India,Bar
4027,si nonna's,12100,7,2160,$0.05,1,20,https://www.zomato.com/mumbai/si-nonnas-the-original-sourdough-pizza-lower-parel,Mumbai,Maharashtra,India,Pizza
4028,sanjha chulha,22200,4,6748,$0.06,2,25,https://www.zomato.com/ncr/sanjha-chulha-kailash-colony-new-delhi,Unknown,Unknown,Unknown,Unknown
4029,okhla phase 1,18100,12,568,$0,6,20,https://www.zomato.com/ncr/best-okhla-phase-1-restaurants,Unknown,Unknown,Unknown,Restaurant
4030,odisha hotel,22200,6,3596,$0.15,6,26,https://www.zomato.com/bangalore/odisha-hotel-hsr-bangalore,Bangalore,Karnataka,India,Hotel
4031,novotel goa dona sylvia resort,22200,8,568,$0.22,8,14,https://www.zomato.com/goa/seagull-novotel-goa-dona-sylvia-resort-cavelossim,Goa,Goa,India,Unknown
4032,near best restaurant,22200,4,6748,$0.06,15,21,https://www.zomato.com/restaurants-near-me,Unknown,Unknown,Unknown,Restaurant
4033,mutton biryani near me,22200,6,2160,$0.15,8,14,https://www.zomato.com/nalgonda/delivery/dish-mutton-biryani,Unknown,Unknown,Unknown,Unknown
4034,menu of subway,22200,4,2160,$0.04,1,23,https://www.zomato.com/ncr/subway-new-friends-colony-new-delhi/menu,Unknown,Unknown,Unknown,Unknown
4035,sainath hotel,22200,4,6748,$0.21,2,20,https://www.zomato.com/pune/sainath-khanaval-sadashiv-peth,Pune,Maharashtra,India,Unknown
4036,restaurants in mg road bangalore,22200,5,3596,$0.19,6,13,https://www.zomato.com/bangalore/mg-road-restaurants,Bangalore,Karnataka,India,Restaurant
4037,pret the manger,22200,8,1462,$0.19,2,25,https://www.zomato.com/ncr/pret-a-manger-vasant-kunj-new-delhi,Unknown,Unknown,Unknown,Unknown
4038,pret a manger company,22200,37,46,$0.40,4,50,https://www.zomato.com/ncr/pret-a-manger-vasant-kunj-new-delhi,Unknown,Unknown,Unknown,Unknown
4039,places to eat dinner near me,22200,4,6748,$0.06,17,23,https://www.zomato.com/restaurants-near-me,Unknown,Unknown,Unknown,Restaurant
4040,persian darbar pune,22200,3,6748,$0,2,20,https://www.zomato.com/pune/persian-darbar-camp-area,Pune,Maharashtra,India,Bar
4041,hotel hilton delhi,22200,9,568,$0.75,33,32,https://www.zomato.com/ncr/restaurants/in/hilton-garden-inn-saket,Unknown,Unknown,Unknown,Restaurant
4042,hotel highway king near me,12100,4,3596,$0.05,6,28,https://www.zomato.com/jaipur/hotel-highway-king-restaurant-ajmer-highway,Jaipur,Rajasthan,India,Restaurant
4043,hindustan park,22200,9,1041,$0.12,4,19,https://www.zomato.com/kolkata/hindustan-park-restaurants,Kolkata,West Bengal,India,Restaurant
4044,gupta brothers,22200,3,3596,$0.04,3,25,https://www.zomato.com/kolkata/gupta-brothers-9-kankurgachi,Kolkata,West Bengal,India,Unknown
4045,grand hyatt kochi,22200,16,166,$13.53,62,38,https://www.zomato.com/kochi/restaurants/in/grand-hyatt-kochi-bolgatty,Kochi,Kerala,India,Restaurant
4046,lakeview milk bar,18100,6,3596,$0.03,5,20,https://www.zomato.com/bangalore/lakeview-milkbar-since-1930-mg-road-bangalore,Bangalore,Karnataka,India,Bar
4047,korea restaurant,33100,4,6748,$0.29,3,28,https://www.zomato.com/kolkata/restaurants/korean,Kolkata,West Bengal,India,Restaurant
4048,koan restaurant,22200,60,46,$0.05,3,29,https://www.zomato.com/bangalore/the-konkan-seafood-restaurant-st-marks-road,Bangalore,Karnataka,India,Restaurant
4049,kaushambi radisson blu hotel,22200,12,250,$0.36,28,26,https://www.zomato.com/ncr/restaurants/in/radisson-blu-hotel-kaushambi,Unknown,Unknown,Unknown,Restaurant
4050,jubilee hills restaurants hyderabad,22200,4,6748,$0.04,5,25,https://www.zomato.com/hyderabad/jubilee-hills-restaurants,Hyderabad,Telangana,India,Restaurant
4051,janta sweet home,22200,6,3596,$0.06,3,19,https://www.zomato.com/jodhpur/janta-sweet-home-food-court-station-road,Unknown,Unknown,Unknown,Unknown
4052,j w marriott near me,22200,10,568,$0.05,4,39,https://www.zomato.com/bangalore/restaurants/in/jw-marriott-bengaluru,Bangalore,Karnataka,India,Restaurant
4053,hotel radisson blu plaza mysore,22200,49,46,$0.29,26,31,https://www.zomato.com/mysore/mysouth-radisson-blu-plaza-hotel-chamrajpura,Unknown,Unknown,Unknown,Hotel
4054,hotel pandian,18100,10,750,$0.18,14,28,https://www.zomato.com/chennai/hotel-pandian-mogappair,Chennai,Tamil Nadu,India,Hotel
4055,hotel oberoi grand,27100,17,130,$0.34,12,42,https://www.zomato.com/kolkata/threesixtythree-363-the-oberoi-grand-new-market-area,Kolkata,West Bengal,India,Unknown
4056,hotel ella gachibowli,22200,10,437,$0.44,34,22,https://www.zomato.com/hyderabad/indus-ellaa-hotels-gachibowli,Hyderabad,Telangana,India,Hotel
4057,dance clubs in mumbai,22200,6,2160,$0.28,1,12,https://www.zomato.com/mumbai/night-clubs,Mumbai,Maharashtra,India,Unknown
4058,corner house whitefield,12100,3,6748,$0.15,11,19,https://www.zomato.com/bangalore/corner-house-ice-creams-1-whitefield-bangalore,Bangalore,Karnataka,India,Ice Cream
4059,coffee shop in delhi,22200,5,3596,$0.03,6,23,https://www.zomato.com/ncr/coffee,Unknown,Unknown,Unknown,Coffee
4060,chutney maami,18100,7,3596,$0.91,1,27,https://www.zomato.com/trivandrum/chutney-maami-venjaramoodu,Unknown,Unknown,Unknown,Unknown
4061,chandigarh clubs,22200,9,1041,$0.01,1,25,https://www.zomato.com/chandigarh/club,Chandigarh,Chandigarh,India,Unknown
4062,chaitanya food court hyderabad,12100,6,3596,$0.11,2,19,https://www.zomato.com/hyderabad/chaitanya-food-court-kukatpally,Hyderabad,Telangana,India,Unknown
4063,cake bakery near me,22200,4,6748,$0.13,42,24,https://www.zomato.com/bakeries-near-me,Unknown,Unknown,Unknown,Bakery
4064,cafe manana,12100,4,3596,$0.16,8,43,https://www.zomato.com/chennai/cafe-manana-1-anna-nagar-east,Chennai,Tamil Nadu,India,Cafe
4065,gourmet,22200,12,568,$0.57,1,37,https://www.zomato.com/ncr/the-gourmet-1-sector-23-gurgaon,Unknown,Unknown,Unknown,Unknown
4066,food stories,22200,7,1462,$0.36,97,22,https://www.zomato.com/bangalore/the-foodstories-cafe-st-marks-road-bangalore,Bangalore,Karnataka,India,Cafe
4067,dosa shop near me,22200,5,6748,$0.18,7,14,https://www.zomato.com/bangalore/delightful-dosas,Bangalore,Karnataka,India,Unknown
4068,delhi okhla phase 1,22200,19,124,$0.13,2,20,https://www.zomato.com/ncr/best-okhla-phase-1-restaurants,Unknown,Unknown,Unknown,Restaurant
4069,biryani near me near me,18100,4,6748,$0.04,8,22,https://www.zomato.com/biryani-restaurants-near-me,Unknown,Unknown,Unknown,Restaurant
4070,best south indian restaurants near me,22200,4,6748,$0.09,10,15,https://www.zomato.com/south-indian-restaurants-near-me,Unknown,Unknown,Unknown,Restaurant
4071,best rated chinese restaurant near me,22200,6,3596,$0.04,7,29,https://www.zomato.com/chinese-restaurants-near-me,Unknown,Unknown,Unknown,Restaurant
4072,baileys irish cream liqueur,22200,19,124,$0,1,11,https://www.zomato.com/bangalore/drinks-and-nightlife?dish=baileys-irish-cream-liqueurs,Bangalore,Karnataka,India,Unknown
4073,baileys drink,27100,23,73,$0,1,26,https://www.zomato.com/bangalore/drinks-and-nightlife?dish=baileys-irish-cream-liqueurs,Bangalore,Karnataka,India,Unknown
4074,arjun marg,22200,26,59,$0.13,4,19,https://www.zomato.com/ncr/new-sukh-sagar-dlf-phase-1,Unknown,Unknown,Unknown,Unknown
4075,antera kitchen and bar nagole,9900,1,6748,$0.19,10,22,https://www.zomato.com/hyderabad/antera-kitchen-and-bar-1-nagole,Hyderabad,Telangana,India,Bar
4076,anns,22200,19,113,$0.56,1,40,https://www.zomato.com/kochi/anns-bakery-1-ernakulam-city,Kochi,Kerala,India,Bakery
4077,amour bistro chanakyapuri,18100,3,6748,$0.88,3,17,https://www.zomato.com/ncr/amour-bistro-chanakyapuri-new-delhi,Unknown,Unknown,Unknown,Unknown
4078,al zara mandi arabian restaurant,18100,3,6748,$0,8,13,https://www.zomato.com/bangalore/al-zara-mandi-arabian-restaurant-frazer-town-bangalore,Bangalore,Karnataka,India,Restaurant
4079,road no 10 banjara hills,18100,17,166,$0,6,12,https://www.zomato.com/hyderabad/road-number-10-banjara-hills-restaurants,Hyderabad,Telangana,India,Restaurant
4080,restaurant vadodara,18100,4,6748,$0,4,25,https://www.zomato.com/vadodara/dine-out,Unknown,Unknown,Unknown,Unknown
4081,radisson blu tonk road jaipur,33100,12,250,$0.10,47,29,https://www.zomato.com/jaipur/restaurants/in/radisson-blu-tonk-road,Jaipur,Rajasthan,India,Restaurant
4082,pvr in lower parel,22200,9,437,$0.07,7,21,https://www.zomato.com/mumbai/pvr-caf%C3%A9-popcorn-pizza-hot-dogs-snacks-lower-parel,Mumbai,Maharashtra,India,Pizza
4083,pub hyderabad,27100,7,2160,$0.16,4,28,https://www.zomato.com/hyderabad/drinks-and-nightlife,Hyderabad,Telangana,India,Unknown
4084,pret a manger,22200,9,1041,$0,4,21,https://www.zomato.com/ncr/pret-a-manger-vasant-kunj-new-delhi,Unknown,Unknown,Unknown,Unknown
4085,prestige towers,22200,9,568,$0.76,6,26,https://www.zomato.com/bangalore/restaurants/in/prestige-trade-tower-race-course-road,Bangalore,Karnataka,India,Restaurant
4086,platform 65 the train theme restaurant,8100,5,3596,$0.22,5,25,https://www.zomato.com/hyderabad/platform-65-kukatpally,Hyderabad,Telangana,India,Unknown
4087,places to visit near me near me,22200,30,46,$0.04,7,25,https://www.zomato.com/restaurants-near-me,Unknown,Unknown,Unknown,Restaurant
4088,park ascent,22200,12,333,$0.16,24,32,https://www.zomato.com/ncr/the-culinary-court-park-ascent-sector-62-noida,Unknown,Unknown,Unknown,Unknown
4089,pan bazaar guwahati,18100,10,568,$0,4,20,https://www.zomato.com/guwahati/pan-bazaar-restaurants,Unknown,Unknown,Unknown,Restaurant
4090,on the rocks,18100,4,3596,$1.55,5,20,https://www.zomato.com/jodhpur/on-the-rocks-cantt-area,Unknown,Unknown,Unknown,Unknown
4091,theos,22200,5,3596,$1.03,1,24,https://www.zomato.com/ncr/theos-sector-41-noida,Unknown,Unknown,Unknown,Unknown
4092,taj hotel lucknow,27100,22,73,$0.13,54,38,https://www.zomato.com/lucknow/restaurants/in/taj-mahal-lucknow,Lucknow,Uttar Pradesh,India,Restaurant
4093,surat coffee shop,22200,4,6748,$0.03,3,22,https://www.zomato.com/surat/coffee,Surat,Gujarat,India,Coffee
4094,ribbons and balloons the cake shop,22200,6,2160,$0.11,2,20,https://www.zomato.com/mumbai/ribbons-and-balloons-the-cake-shop-thane-east-thane,Mumbai,Maharashtra,India,Unknown
4095,four bungalows andheri,22200,8,1041,$0.21,5,19,https://www.zomato.com/mumbai/4-bungalows-restaurants,Mumbai,Maharashtra,India,Restaurant
4096,dwarka city centre,18100,1,6748,$0.53,3,25,https://www.zomato.com/ncr/restaurants/in/city-centre-mall-sector-12-dwarka,Unknown,Unknown,Unknown,Restaurant
4097,desi lane topsia,22200,3,6748,$0,1,19,https://www.zomato.com/kolkata/desi-lane-topsia,Kolkata,West Bengal,India,Unknown
4098,delhi green park,22200,18,124,$0.29,2,27,https://www.zomato.com/ncr/green-park-delhi-restaurants,Unknown,Unknown,Unknown,Restaurant
4099,dayal paradise gomti nagar lucknow,22200,6,1462,$0.22,17,21,https://www.zomato.com/lucknow/restaurants/in/hotel-dayal-paradise-gomti-nagar,Lucknow,Uttar Pradesh,India,Restaurant
4100,cuisine korean,22200,16,202,$0.04,1,45,https://www.zomato.com/mumbai/korean-cuisine-mira-road,Mumbai,Maharashtra,India,Unknown
4101,club bw delhi,22200,5,3596,$0,3,20,https://www.zomato.com/ncr/club-bw-the-suryaa-new-delhi-new-friends-colony-new-delhi,Unknown,Unknown,Unknown,Unknown
4102,chinese wok near me,22200,5,3596,$1.12,4,13,https://www.zomato.com/ncr/restaurace/chinese-wok-6?category=2,Unknown,Unknown,Unknown,Unknown
4103,cheesecake & co,9900,6,2160,$0.18,3,16,https://www.zomato.com/mumbai/cheesecake-co-bandra-talao-bandra-west,Mumbai,Maharashtra,India,Unknown
4104,neelam the grand goa,22200,20,95,$0.11,31,21,https://www.zomato.com/goa/tropical-island-neelams-the-grand-goa-calangute,Goa,Goa,India,Unknown
4105,mr mrs,22200,30,46,$0,1,29,https://www.zomato.com/pune/mr-and-mrs-idly-pimple-saudagar,Pune,Maharashtra,India,Unknown
4106,logix mall noida city centre,22200,8,1462,$0.12,5,22,https://www.zomato.com/ncr/restaurants/in/logix-city-centre-sector-32,Unknown,Unknown,Unknown,Restaurant
4107,liqueur baileys,22200,33,46,$1.11,1,23,https://www.zomato.com/bangalore/drinks-and-nightlife?dish=baileys-irish-cream-liqueurs,Bangalore,Karnataka,India,Unknown
4108,le meridien ahmedabad,8100,29,46,$0.53,28,26,https://www.zomato.com/ahmedabad/the-market-satellite,Ahmedabad,Gujarat,India,Unknown
4109,krishna restaurant,18100,6,3596,$0.04,3,24,https://www.zomato.com/goa/krishna-multi-cuisine-veg-restaurant-margao,Goa,Goa,India,Restaurant
4110,jubilee hills restaurant,22200,4,6748,$0.04,5,22,https://www.zomato.com/hyderabad/jubilee-hills-restaurants,Hyderabad,Telangana,India,Restaurant
4111,jaipur sheraton hotel,22200,30,46,$0.55,33,26,https://www.zomato.com/jaipur/the-eatery-four-points-by-sheraton-tonk-road,Jaipur,Rajasthan,India,Unknown
4112,hilton saket,22200,8,750,$0.36,37,36,https://www.zomato.com/ncr/restaurants/in/hilton-garden-inn-saket,Unknown,Unknown,Unknown,Restaurant
4113,gulshan e iran restaurant mumbai,22200,3,6748,$0.16,2,23,https://www.zomato.com/mumbai/gulshan-e-iran-cst,Mumbai,Maharashtra,India,Unknown
4114,gods kitchen,22200,8,3596,$0.08,3,22,https://www.zomato.com/ropar/gods-kitchen-ropar-locality/order,Unknown,Unknown,Unknown,Unknown
4115,food street,27100,11,1041,$0,6,28,https://www.zomato.com/hyderabad/food-street-miyapur,Hyderabad,Telangana,India,Unknown
4116,juhu tara road,18100,9,750,$0.42,4,20,https://www.zomato.com/mumbai/food-truck?zomato_place_id=112961,Mumbai,Maharashtra,India,Unknown
4117,b w club,22200,5,3596,$0.15,1,21,https://www.zomato.com/ncr/club-bw-the-suryaa-new-delhi-new-friends-colony-new-delhi,Unknown,Unknown,Unknown,Unknown
4118,artsy cafe,22200,3,6748,$0,2,25,https://www.zomato.com/kolkata/artsy-1-minto-park,Kolkata,West Bengal,India,Unknown
4119,ap bhavan,22200,14,333,$0,6,26,https://www.zomato.com/ncr/andhra-bhavan-feroze-shah-road-new-delhi,Unknown,Unknown,Unknown,Unknown
4120,andheri four bungalows,22200,16,166,$0.17,5,19,https://www.zomato.com/mumbai/4-bungalows-restaurants,Mumbai,Maharashtra,India,Restaurant
4121,99 pancakes,27100,7,2160,$0.14,6,28,https://www.zomato.com/bangalore/99-pancakes-2-church-street-bangalore,Bangalore,Karnataka,India,Unknown
4122,145 bandra mumbai,18100,4,3596,$0.18,3,21,https://www.zomato.com/mumbai/145-bandra-pali-hill-bandra-west,Mumbai,Maharashtra,India,Unknown
4123,cafeteria and co,22200,4,6748,$0,3,20,https://www.zomato.com/ncr/cafeteria-co-nit-faridabad,Unknown,Unknown,Unknown,Cafe
4124,cafes in koramangala bangalore,22200,5,3596,$0.03,13,30,https://www.zomato.com/bangalore/koramangala-restaurants/caf%C3%A9,Bangalore,Karnataka,India,Restaurant
4125,cafe irani chai mahim,22200,3,6748,$0,2,12,https://www.zomato.com/mumbai/cafe-irani-chaii-mahim,Mumbai,Maharashtra,India,Cafe
4126,udupi 2 mumbai,18100,4,6748,$0.05,2,19,https://www.zomato.com/mumbai/udupi-2-mumbai-bandra-kurla-complex,Mumbai,Maharashtra,India,Unknown
4127,tiranga chowk,22200,26,51,$0,3,25,https://www.zomato.com/nagpur/new-tiranga-saoji-bhojanalay-nandanvan,Nagpur,Maharashtra,India,Unknown
4128,the kitchen,12100,14,333,$0.28,4,88,https://www.zomato.com/mumbai/the-kitchen-ghatkopar-west,Mumbai,Maharashtra,India,Unknown
4129,sundae,22200,6,2160,$0,1,37,https://www.zomato.com/kolkata/sundae-everyday-ice-creams-dum-dum/order,Kolkata,West Bengal,India,Ice Cream
4130,winni,40500,13,568,$0.19,57,61,https://www.zomato.com/bangalore/winni-cakes-more-jp-nagar-bangalore,Bangalore,Karnataka,India,Unknown
4131,royal bakery,18100,12,1041,$0.08,2,24,https://www.zomato.com/varanasi/the-royal-bakery-bhelupur,Varanasi,Uttar Pradesh,India,Bakery
4132,pvr saket,22200,13,437,$0.03,5,26,https://www.zomato.com/ncr/restaurants/in/pvr-anupam-complex-saket,Unknown,Unknown,Unknown,Restaurant
4133,pvr in saket,22200,17,166,$0.04,4,23,https://www.zomato.com/ncr/restaurants/in/pvr-anupam-complex-saket,Unknown,Unknown,Unknown,Restaurant
4134,pristine mall,22200,13,202,$0.07,3,19,https://www.zomato.com/ncr/restaurants/in/pristine-mall-sector-31,Unknown,Unknown,Unknown,Restaurant
4135,pride plaza hotel ahmedabad india,22200,27,46,$0.36,35,22,https://www.zomato.com/ahmedabad/cafe-treat-pride-plaza-hotel-bodakdev,Ahmedabad,Gujarat,India,Cafe
4136,park ascent noida,22200,10,437,$0.16,24,27,https://www.zomato.com/ncr/the-culinary-court-park-ascent-sector-62-noida,Unknown,Unknown,Unknown,Unknown
4137,paragon restaurant kozhikode,18100,12,437,$0,1,18,https://www.zomato.com/kozhikode/paragon-restaurant-vellayil/order,Unknown,Unknown,Unknown,Restaurant
4138,osaka granite city,18100,19,95,$0,1,28,https://www.zomato.com/hyderabad/osaka-jubilee-hills,Hyderabad,Telangana,India,Unknown
4139,non veg restaurants,22200,8,1462,$0.15,4,21,https://www.zomato.com/restaurants-near-me,Unknown,Unknown,Unknown,Restaurant
4140,tiffin center,22200,8,2160,$0.06,1,25,https://www.zomato.com/hyderabad/sai-ram-tiffin-center-pg-road-secunderabad,Hyderabad,Telangana,India,Unknown
4141,starbucks indiranagar bangalore,40500,3,6748,$0.05,1,19,https://www.zomato.com/bangalore/starbucks-coffee-indiranagar,Bangalore,Karnataka,India,Coffee
4142,shiv sagar restaurant,18100,6,2160,$0,4,20,https://www.zomato.com/mumbai/restaurants/shiv-sagar-2,Mumbai,Maharashtra,India,Restaurant
4143,sector 37 noida uttar pradesh,22200,51,46,$0.10,5,19,https://www.zomato.com/ncr/sector-37-noida-restaurants,Unknown,Unknown,Unknown,Restaurant
4144,restaurants in thane city,22200,4,6748,$0.04,3,20,https://www.zomato.com/mumbai/thane-restaurants,Mumbai,Maharashtra,India,Restaurant
4145,restaurants in ecr road,22200,4,6748,$0.04,9,20,https://www.zomato.com/chennai/best-east-coast-road-ecr-restaurants,Chennai,Tamil Nadu,India,Restaurant
4146,restaurants in coimbatore,22200,4,6748,$0.14,4,21,https://www.zomato.com/coimbatore/dine-out,Unknown,Unknown,Unknown,Unknown
4147,koi & co bar and kitchen,22200,3,6748,$0.07,4,22,https://www.zomato.com/hyderabad/koi-co-bar-and-kitchen-sainikpuri-secunderabad,Hyderabad,Telangana,India,Bar
4148,kitchen the,22200,6,2160,$0.15,3,73,https://www.zomato.com/lucknow/kitchen-indira-nagar,Lucknow,Uttar Pradesh,India,Unknown
4149,iris broadway,22200,4,1462,$0.39,6,19,https://www.zomato.com/ncr/restaurants/in/iris-broadway,Unknown,Unknown,Unknown,Restaurant
4150,irani chai mahim,22200,3,6748,$0.07,2,24,https://www.zomato.com/mumbai/cafe-irani-chaii-mahim,Mumbai,Maharashtra,India,Cafe
4151,hyd cafes,22200,7,2160,$0.04,5,24,https://www.zomato.com/hyderabad/caf%C3%A9,Hyderabad,Telangana,India,Unknown
4152,hyd cafe,22200,4,6748,$0.04,6,31,https://www.zomato.com/hyderabad/cafe-hyd-gandipet,Hyderabad,Telangana,India,Cafe
4153,hyatt centric dehradun,18100,27,46,$6.69,36,29,https://www.zomato.com/dehradun/restaurants/in/hyatt-centric-dehradun,Dehradun,Uttarakhand,India,Restaurant
4154,hotel trident chennai,18100,13,250,$1.72,24,33,https://www.zomato.com/chennai/restaurants/in/trident-hotel-chennai,Chennai,Tamil Nadu,India,Restaurant
4155,hilton garden inn saket,22200,8,750,$0.36,37,23,https://www.zomato.com/ncr/restaurants/in/hilton-garden-inn-saket,Unknown,Unknown,Unknown,Restaurant
4156,high spirits cafe pune,22200,5,2160,$0,2,12,https://www.zomato.com/pune/high-spirits-mundhwa,Pune,Maharashtra,India,Unknown
4157,gupta house,22200,23,95,$0.08,2,20,https://www.zomato.com/kolkata/gupta-eating-house-prince-anwar-shah-road,Kolkata,West Bengal,India,Unknown
4158,cream liqueur baileys,22200,17,202,$0,1,26,https://www.zomato.com/bangalore/drinks-and-nightlife?dish=baileys-irish-cream-liqueurs,Bangalore,Karnataka,India,Unknown
4159,cold rock cafe,22200,4,6748,$0,4,21,https://www.zomato.com/ncr/cold-rock-cafe-sector-72-noida,Unknown,Unknown,Unknown,Cafe
4160,coffee shops in mysore,22200,8,1462,$0.04,5,28,https://www.zomato.com/mysore/caf%C3%A9,Unknown,Unknown,Unknown,Unknown
4161,coffee shops in koramangala,22200,5,3596,$0,16,16,https://www.zomato.com/bangalore/koramangala-restaurants/cafes,Bangalore,Karnataka,India,Restaurant
4162,coffee shops hyderabad,22200,5,3596,$0.87,6,21,https://www.zomato.com/hyderabad/coffee,Hyderabad,Telangana,India,Coffee
4163,club bw,22200,4,3596,$0,2,25,https://www.zomato.com/ncr/club-bw-the-suryaa-new-delhi-new-friends-colony-new-delhi,Unknown,Unknown,Unknown,Unknown
4164,civil lines chole bhature,22200,4,6748,$0.12,5,13,https://www.zomato.com/ncr/civil-line-chole-bhature-sector-15-gurgaon,Unknown,Unknown,Unknown,Unknown
4165,chur chur naan,22200,5,3596,$0.13,3,20,https://www.zomato.com/dehradun/chur-chur-naan-karanpur,Dehradun,Uttarakhand,India,Unknown
4166,chennai pandian hotel,22200,12,333,$0.32,12,21,https://www.zomato.com/chennai/hotel-pandian-mogappair,Chennai,Tamil Nadu,India,Hotel
4167,cafe irani chai,18100,1,6748,$0,3,19,https://www.zomato.com/mumbai/cafe-irani-chaii-mahim,Mumbai,Maharashtra,India,Cafe
4168,bombay canteen mumbai,22200,4,3596,$0.18,2,41,https://www.zomato.com/thebombaycanteen,Unknown,Unknown,Unknown,Unknown
4169,bhel near me,18100,8,1462,$0.28,1,19,https://www.zomato.com/ahmedabad/restaurants/dish-bhel-puri,Ahmedabad,Gujarat,India,Restaurant
4170,best seafood restaurant closest to me,18100,8,3596,$0.06,10,42,https://www.zomato.com/seafood-restaurants-near-me,Unknown,Unknown,Unknown,Restaurant
4171,best cake store near me,22200,4,6748,$0.13,99,23,https://www.zomato.com/bakeries-near-me,Unknown,Unknown,Unknown,Bakery
4172,al saj kitchen,22200,3,2160,$0,2,20,https://www.zomato.com/kochi/al-saj-kitchen-ernakulam-city,Kochi,Kerala,India,Unknown
4173,1980's a nostalgic restaurant kalpetta,18100,6,2160,$0.10,1,28,https://www.zomato.com/kalpetta/1980s-nostalgic-restaurant-kalpetta-locality/order,Unknown,Unknown,Unknown,Restaurant
4174,10 no market,22200,48,46,$0.01,1,25,https://www.zomato.com/bhopal/arera-colony-restaurants/caf%C3%A9,Unknown,Unknown,Unknown,Restaurant
4175,our greens,22200,6,750,$0,1,36,https://www.zomato.com/mumbai/greens-airoli-navi-mumbai?amp=1,Mumbai,Maharashtra,India,Unknown
4176,night club in delhi ncr,22200,8,1462,$0.06,4,24,https://www.zomato.com/ncr/drinks-and-nightlife,Unknown,Unknown,Unknown,Unknown
4177,neptune magnet mall mumbai,22200,6,1041,$0.08,5,21,https://www.zomato.com/mumbai/restaurants/in/neptune-magnet-mall,Mumbai,Maharashtra,India,Restaurant
4178,near non veg restaurants,18100,5,3596,$0.06,9,31,https://www.zomato.com/restaurants-near-me,Unknown,Unknown,Unknown,Restaurant
4179,narsingh,22200,32,46,$0.05,6,39,https://www.zomato.com/ncr/narsingh-rasoi-mg-road-gurgaon,Unknown,Unknown,Unknown,Unknown
4180,mumbaikars,22200,8,2160,$0,1,23,https://www.zomato.com/ncr/mumbaikars-sector-60-gurgaon,Unknown,Unknown,Unknown,Unknown
4181,moxy mumbai andheri west,18100,4,2160,$0.50,24,22,https://www.zomato.com/mumbai/moxy-bar-andheri-lokhandwala,Mumbai,Maharashtra,India,Bar
4182,mathura road new delhi,18100,10,437,$0.18,2,21,https://www.zomato.com/ncr/best-mathura-road-restaurants,Unknown,Unknown,Unknown,Restaurant
4183,marriott hotels hyderabad,22200,15,202,$0.48,60,44,https://www.zomato.com/hyderabad/restaurants/in/hyderabad-marriott-hotel-convention-centre,Hyderabad,Telangana,India,Restaurant
4184,maharaja restaurant,18100,4,6748,$0.03,1,24,https://www.zomato.com/mangalore/maharaja-restaurant-balmatta,Unknown,Unknown,Unknown,Restaurant
4185,maa santoshi photos,22200,15,166,$0.01,28,30,https://www.zomato.com/bhubaneswar/hotel-maa-santoshi-sahid-nagar-bhubaneshwar/photos,Unknown,Unknown,Unknown,Hotel
4186,lotus booking,22200,6,2160,$0.39,1,19,https://www.zomato.com/hyderabad/lotus-restaurant-narapally/book,Hyderabad,Telangana,India,Restaurant
4187,high brew,22200,1,6748,$0.17,6,24,https://www.zomato.com/bangalore/high-brew-jp-nagar-bangalore,Bangalore,Karnataka,India,Unknown
4188,harish bakery,22200,5,3596,$0.17,3,25,https://www.zomato.com/ncr/harish-bakery-old-railway-road,Unknown,Unknown,Unknown,Bakery
4189,haleem near me,22200,5,3596,$0.15,7,22,https://www.zomato.com/hyderabad/restaurants/dish-haleem,Hyderabad,Telangana,India,Restaurant
4190,golden bakery,18100,5,3596,$0.11,2,24,https://www.zomato.com/hyderabad/golden-bakery-railway-station-road-secunderabad,Hyderabad,Telangana,India,Bakery
4191,flo church street,22200,3,6748,$0,5,21,https://www.zomato.com/bangalore/flo-church-street-bangalore,Bangalore,Karnataka,India,Unknown
4192,eve santacruz,14800,4,3596,$0.29,7,20,https://www.zomato.com/mumbai/eve-santacruz-west,Mumbai,Maharashtra,India,Unknown
4193,vishal de mall in madurai,18100,30,46,$0.13,6,20,https://www.zomato.com/madurai/restaurants/in/vishaal-de-mal-kk-nagar-madurai,Unknown,Unknown,Unknown,Restaurant
4194,veg and non veg restaurant,22200,4,6748,$0.08,4,13,https://www.zomato.com/restaurants-near-me,Unknown,Unknown,Unknown,Restaurant
4195,town old town,18100,12,568,$0.25,6,45,https://www.zomato.com/allahabad/old-town-civil-lines,Unknown,Unknown,Unknown,Unknown
4196,top rated chinese restaurants near me,22200,4,6748,$0.04,7,25,https://www.zomato.com/chinese-restaurants-near-me,Unknown,Unknown,Unknown,Restaurant
4197,veg thali,22200,5,3596,$0.13,1,25,https://www.zomato.com/ncr/restaurants/dish-veg-thali,Unknown,Unknown,Unknown,Restaurant
4198,smash guys,12100,6,3596,$0.77,1,39,https://www.zomato.com/bangalore/smash-guys-burger-kitchen-indiranagar-bangalore,Bangalore,Karnataka,India,Unknown
4199,sheraton jaipur hotel,22200,25,51,$0.52,34,23,https://www.zomato.com/jaipur/the-eatery-four-points-by-sheraton-tonk-road,Jaipur,Rajasthan,India,Unknown
4200,sharma sweets,18100,6,3596,$0.01,1,21,https://www.zomato.com/ncr/sharma-sweets-west-patel-nagar-new-delhi,Unknown,Unknown,Unknown,Unknown
4201,radisson in varanasi,22200,11,250,$0.27,34,32,https://www.zomato.com/varanasi/east-west-radisson-hotel-nadesar,Varanasi,Uttar Pradesh,India,Hotel
4202,pride bangalore,22200,16,130,$0.48,27,21,https://www.zomato.com/bangalore/cafe-treat-the-pride-hotel-richmond-road,Bangalore,Karnataka,India,Cafe
4203,thane east,22200,11,568,$0.17,4,26,https://www.zomato.com/mumbai/thane-east-restaurants,Mumbai,Maharashtra,India,Restaurant
4204,tea halt,22200,2,6748,$0.29,1,22,https://www.zomato.com/teahalt,Unknown,Unknown,Unknown,Unknown
4205,lick lavonne ice cream kitchen,22200,4,3596,$0.27,10,24,https://www.zomato.com/bangalore/lick-lavonne-ice-cream-kitchen-indiranagar-bangalore,Bangalore,Karnataka,India,Ice Cream
4206,lemon tree hotel indore,22200,30,46,$0.31,37,24,https://www.zomato.com/indore/restaurants/in/lemon-tree-hotel-rnt-marg,Indore,Madhya Pradesh,India,Restaurant
4207,lanka bhu,8100,21,95,$0.18,10,25,https://www.zomato.com/varanasi/bhu-de-express-lanka,Varanasi,Uttar Pradesh,India,Unknown
4208,palm meadows,22200,36,46,$0.14,12,28,https://www.zomato.com/bangalore/restaurants/in/palm-meadows-club-whitefield,Bangalore,Karnataka,India,Restaurant
4209,oberoi grand,27100,12,250,$0.34,12,40,https://www.zomato.com/kolkata/threesixtythree-363-the-oberoi-grand-new-market-area,Kolkata,West Bengal,India,Unknown
4210,night clubs in delhi,27100,9,1041,$0.27,2,14,https://www.zomato.com/ncr/drinks-and-nightlife,Unknown,Unknown,Unknown,Unknown
4211,neelam the grand hotel goa,22200,24,53,$0.11,31,21,https://www.zomato.com/goa/tropical-island-neelams-the-grand-goa-calangute,Goa,Goa,India,Unknown
4212,nearby non veg restaurant,18100,5,3596,$0.15,11,14,https://www.zomato.com/restaurants-near-me,Unknown,Unknown,Unknown,Restaurant
4213,near biryani shop,18100,4,6748,$0.12,7,21,https://www.zomato.com/hyderabad/restaurants/biryani,Hyderabad,Telangana,India,Restaurant
4214,mocha cafe & bar,22200,7,1462,$0,2,12,https://www.zomato.com/ranchi/mocha-caf%C3%A9-bar-lalpur,Unknown,Unknown,Unknown,Bar
4215,dominos cost,22200,12,250,$0.09,1,19,https://www.zomato.com/ncr/dominos-pizza-new-friends-colony-new-delhi/order,Unknown,Unknown,Unknown,Pizza
4216,delivery food pizza,22200,9,750,$0.24,13,22,https://www.zomato.com/amritsar/restaurants/pizza?category=1,Unknown,Unknown,Unknown,Restaurant
4217,dance clubs in delhi,27100,11,1041,$0.32,2,14,https://www.zomato.com/ncr/night-clubs,Unknown,Unknown,Unknown,Unknown
4218,courtyard by marriott bengaluru hebbal,22200,11,333,$0.74,16,16,https://www.zomato.com/bangalore/restaurants/in/courtyard-by-marriott-bengaluru-hebbal,Bangalore,Karnataka,India,Restaurant
4219,club b w,22200,4,3596,$0.17,2,19,https://www.zomato.com/ncr/club-bw-the-suryaa-new-delhi-new-friends-colony-new-delhi,Unknown,Unknown,Unknown,Unknown
4220,hotel manorama vijayawada,22200,2,6748,$0.17,24,27,https://www.zomato.com/vijayawada/hotel-manorama-1-governorpet,Unknown,Unknown,Unknown,Hotel
4221,hotel jaipur,18100,60,46,$0.33,71,45,https://www.zomato.com/jaipur/restaurants,Jaipur,Rajasthan,India,Restaurant
4222,hotel darshan,22200,8,750,$0.16,2,25,https://www.zomato.com/vadodara/hotel-darshan-tarsali,Unknown,Unknown,Unknown,Hotel
4223,hotel clarks shiraz,22200,10,568,$0.14,28,28,https://www.zomato.com/agra/the-mughal-room-hotel-clarks-shiraz-agra-cantt,Agra,Uttar Pradesh,India,Hotel
4224,hashtag kolkata,27100,3,6748,$0,3,27,https://www.zomato.com/kolkata/hashtag-chowringhee,Kolkata,West Bengal,India,Unknown
4225,gujarati thali,22200,5,3596,$0.36,2,25,https://www.zomato.com/ahmedabad/gujarati-thali,Ahmedabad,Gujarat,India,Unknown
4226,gst no,22200,108,46,$0.36,1,36,https://www.zomato.com/partner-with-us/new/,Unknown,Unknown,Unknown,Unknown
4227,green park new delhi,22200,17,202,$0.29,2,27,https://www.zomato.com/ncr/green-park-delhi-restaurants,Unknown,Unknown,Unknown,Restaurant
4228,goa hotel neelam the grand,22200,27,48,$0.19,34,21,https://www.zomato.com/goa/tropical-island-neelams-the-grand-goa-calangute,Goa,Goa,India,Unknown
4229,food mall,27100,10,1462,$0,1,27,https://www.zomato.com/patna/the-food-mall-1-khajpura,Patna,Bihar,India,Unknown
4230,food junction,18100,6,2160,$0.12,1,24,https://www.zomato.com/ahmedabad/food-junction-gota,Ahmedabad,Gujarat,India,Unknown
4231,fast delivery apps,14800,12,333,$0.63,48,72,https://www.zomato.com/,Unknown,Unknown,Unknown,Unknown
4232,italian food,22200,14,568,$0.24,1,25,https://www.zomato.com/kolkata/restaurants/italian,Kolkata,West Bengal,India,Restaurant
4233,ibis sipcot hotel chennai,22200,51,46,$0.51,27,22,https://www.zomato.com/chennai/spice-it-ibis-chennai-sipcot-egatoor/menu,Chennai,Tamil Nadu,India,Unknown
4234,hyd pubs,22200,6,3596,$0.02,3,22,https://www.zomato.com/hyderabad/drinks-and-nightlife,Hyderabad,Telangana,India,Unknown
4235,cafe in koregaon park pune,22200,4,6748,$0.03,4,27,https://www.zomato.com/pune/koregaon-park-restaurants/caf%C3%A9,Pune,Maharashtra,India,Restaurant
4236,balaji digital zone,22200,53,46,$0.11,6,21,https://www.zomato.com/hyderabad/balaji-family-dhaba-2-nacharam-secunderabad,Hyderabad,Telangana,India,Unknown
4237,baba nagar,22200,40,46,$0.09,4,18,https://www.zomato.com/hyderabad/baba-star-fish-fry-s-r-nagar,Hyderabad,Telangana,India,Unknown
4238,avatar gurgaon,22200,3,6748,$0.15,3,25,https://www.zomato.com/ncr/avatar-sector-58-gurgaon,Unknown,Unknown,Unknown,Unknown
4239,8th day cafe & bakery,22200,5,3596,$0.10,4,23,https://www.zomato.com/kolkata/8th-day-cafe-bakery-southern-avenue,Kolkata,West Bengal,India,Cafe
4240,calzones,22200,21,124,$0,1,30,https://www.zomato.com/ncr/the-calzones-and-tacos-basai-village-gurgaon,Unknown,Unknown,Unknown,Unknown
4241,cakes and bakery near me,22200,5,3596,$0.13,38,40,https://www.zomato.com/bakeries-near-me,Unknown,Unknown,Unknown,Bakery
4242,café 27,22200,2,3596,$0.22,3,21,https://www.zomato.com/ncr/cafe-27-kailash-colony-new-delhi,Unknown,Unknown,Unknown,Cafe
4243,cafes in hyderabad,22200,5,3596,$0,6,21,https://www.zomato.com/hyderabad/great-cafes,Hyderabad,Telangana,India,Cafe
4244,cafe 27,18100,5,3596,$0,4,25,https://www.zomato.com/ncr/cafe-27-kailash-colony-new-delhi,Unknown,Unknown,Unknown,Cafe
4245,bora bora juhu mumbai,22200,3,6748,$0.17,3,19,https://www.zomato.com/mumbai/bora-bora-1-juhu,Mumbai,Maharashtra,India,Unknown
4246,bombay restaurant,18100,4,6748,$0,5,25,https://www.zomato.com/visakhapatnam/bombay-restaurant-dabagardens-allipuram-vizag,Unknown,Unknown,Unknown,Restaurant
4247,zomato app,22200,3,2160,$0.07,14,29,https://www.zomato.com/,Unknown,Unknown,Unknown,Unknown
4248,top kolkata restaurants,22200,7,1462,$0.04,5,21,https://www.zomato.com/kolkata,Kolkata,West Bengal,India,Unknown
4249,restaurants at mangalore,22200,8,1462,$0.04,1,25,https://www.zomato.com/mangalore,Unknown,Unknown,Unknown,Unknown
4250,restaurant pune,22200,4,6748,$0.06,8,26,https://www.zomato.com/pune/dine-out,Pune,Maharashtra,India,Unknown
4251,restaurant mg road,22200,5,3596,$0.05,8,23,https://www.zomato.com/bangalore/mg-road-restaurants,Bangalore,Karnataka,India,Restaurant
4252,punjab restaurant,27100,4,6748,$0.30,2,27,https://www.zomato.com/ncr/punjab-restaurant-yusuf-sarai-new-delhi,Unknown,Unknown,Unknown,Restaurant
4253,poha near me,18100,6,3596,$0.36,5,20,https://www.zomato.com/ahmedabad/restaurants/dish-poha,Ahmedabad,Gujarat,India,Restaurant
4254,okhla jamia nagar,22200,47,46,$0,4,21,https://www.zomato.com/ncr/okhla-road-jamia-nagar-south-delhi-restaurants,Unknown,Unknown,Unknown,Restaurant
4255,near by bars near me,22200,4,6748,$0.05,15,23,https://www.zomato.com/bars-near-me,Unknown,Unknown,Unknown,Bar
4256,royal china,22200,4,6748,$0.19,2,29,https://www.zomato.com/mumbai/royal-china-fort,Mumbai,Maharashtra,India,Unknown
4257,restaurants nearby my location,14800,4,6748,$0.38,14,14,https://www.zomato.com/restaurants-near-me,Unknown,Unknown,Unknown,Restaurant
4258,restaurants in m g road,22200,5,3596,$0.08,8,25,https://www.zomato.com/bangalore/mg-road-restaurants,Bangalore,Karnataka,India,Restaurant
4259,restaurants coimbatore,22200,4,6748,$0.26,6,26,https://www.zomato.com/coimbatore/restaurants,Unknown,Unknown,Unknown,Restaurant
4260,leela udaipur,22200,19,106,$0.23,52,40,https://www.zomato.com/udaipur/sheesh-mahal-the-leela-pichola,Unknown,Unknown,Unknown,Unknown
4261,jäger bomb,22200,13,333,$0.11,1,32,https://www.zomato.com/bangalore/restaurants/dish-jager-bomb,Bangalore,Karnataka,India,Restaurant
4262,jobs at zomato,27100,4,3596,$0.17,3,22,https://www.zomato.com/deliver-food/,Unknown,Unknown,Unknown,Unknown
4263,japanese restaurant,22200,4,6748,$0.43,3,25,https://www.zomato.com/ahmedabad/restaurants/japanese?sort=recent,Ahmedabad,Gujarat,India,Restaurant
4264,james hickey sarani,22200,18,130,$0.10,4,17,https://www.zomato.com/te/kolkata/sweet-shop?zomato_place_id=98359&category=10,Kolkata,West Bengal,India,Sweet Shop
4265,jagermeister jager bomb,22200,42,46,$0,1,49,https://www.zomato.com/mumbai/restaurants/dish-jager-bomb,Mumbai,Maharashtra,India,Restaurant
4266,iyengar bakery near me,22200,5,6748,$0.22,3,12,https://www.zomato.com/mumbai/restaurants/bangalore-iyengars-bakery,Mumbai,Maharashtra,India,Restaurant
4267,indore marriott hotel,22200,12,333,$0.30,13,23,https://www.zomato.com/indore/indore-kitchen-indore-marriott-hotel-vijay-nagar,Indore,Madhya Pradesh,India,Hotel
4268,hotel parakh kolhapur,18100,6,2160,$0.05,2,19,https://www.zomato.com/kolhapur/hotel-parakh-1-ruikar-colony/order,Unknown,Unknown,Unknown,Hotel
4269,hotel maidens civil lines,22200,9,568,$0.53,16,38,https://www.zomato.com/ncr/restaurants/in/maidens-hotels-civil-lines,Unknown,Unknown,Unknown,Restaurant
4270,hotel greenpark chennai,18100,9,568,$0.42,27,23,https://www.zomato.com/chennai/restaurants/in/green-park-hotel-vadapalani,Chennai,Tamil Nadu,India,Restaurant
4271,hokkaido japanese,18100,3,3596,$0.49,1,25,https://www.zomato.com/bangalore/hokkaido-manga-cafe-japanese-and-korean-indiranagar-bangalore,Bangalore,Karnataka,India,Cafe
4272,hill top udaipur,22200,9,437,$0.22,45,22,https://www.zomato.com/udaipur/restaurants/in/hotel-hilltop-palace,Unknown,Unknown,Unknown,Restaurant
4273,dominos pizza price,27100,8,1041,$0.10,1,22,https://www.zomato.com/chandigarh/dominos-pizza-mdc-panchkula/order,Chandigarh,Chandigarh,India,Pizza
4274,cyber hub gurgaon,22200,9,1462,$0.16,1,20,https://www.zomato.com/ncr/restaurants/in/cyber-hub-dlf-cyber-city,Unknown,Unknown,Unknown,Restaurant
4275,chutney chang,22200,3,6748,$0.22,8,27,https://www.zomato.com/bangalore/chutney-chang-church-street,Bangalore,Karnataka,India,Unknown
4276,churned,22200,2,6748,$0,1,38,https://www.zomato.com/pune/churned-ice-creams-and-frozen-desserts-wanowrie/order,Pune,Maharashtra,India,Dessert
4277,cake baking near me,22200,4,6748,$0.13,40,24,https://www.zomato.com/bakeries-near-me,Unknown,Unknown,Unknown,Bakery
4278,cafe amudham,22200,7,2160,$0,4,26,https://www.zomato.com/ncr/cafe-amudham-green-park-new-delhi,Unknown,Unknown,Unknown,Cafe
4279,hd hub com,22200,10,250,$0,1,17,https://www.zomato.com/jaipur/hd-hub-mansarovar/menu,Jaipur,Rajasthan,India,Unknown
4280,haldiram lajpat nagar,18100,3,6748,$0.07,4,20,https://www.zomato.com/ncr/haldirams-lajpat-nagar-3-new-delhi,Unknown,Unknown,Unknown,Unknown
4281,fruits and juice,22200,23,130,$0.01,39,43,https://www.zomato.com/indore/natural-fruit-juice-and-cold-drinks-old-palasia/order,Indore,Madhya Pradesh,India,Unknown
4282,food ordering sites,22200,6,1041,$0.29,44,36,https://www.zomato.com/mumbai/delivery,Mumbai,Maharashtra,India,Unknown
4283,fastest delivery app,22200,19,95,$0.32,35,54,https://www.zomato.com/,Unknown,Unknown,Unknown,Unknown
4284,candies mumbai bandra,22200,3,6748,$0.06,3,26,https://www.zomato.com/mumbai/candies-pali-hill-bandra-west,Mumbai,Maharashtra,India,Unknown
4285,cafes surat,22200,5,3596,$0.03,3,26,https://www.zomato.com/surat/great-cafes,Surat,Gujarat,India,Cafe
4286,bombay to barcelona library cafe,12100,3,6748,$0.15,9,26,https://www.zomato.com/mumbai/bombay-to-barcelona-library-caf%C3%A9-marol,Mumbai,Maharashtra,India,Bar
4287,bombay high mumbai,22200,12,333,$0.01,1,26,https://www.zomato.com/mumbai/bombay-high-itc-maratha-chakala,Mumbai,Maharashtra,India,Unknown
4288,best breakfast near me,22200,5,3596,$0.35,8,14,https://www.zomato.com/mumbai/great-breakfasts,Mumbai,Maharashtra,India,Unknown
4289,batter near me,22200,16,202,$0.12,12,27,https://www.zomato.com/bangalore/varun-home-idly-and-dosa-batter-btm-bangalore,Bangalore,Karnataka,India,Unknown
4290,bangalore canteen karve nagar,9900,3,6748,$0.24,8,31,https://www.zomato.com/pune/bangalore-canteen-1-karve-nagar,Pune,Maharashtra,India,Unknown
4291,mumbai kalyan,18100,14,166,$0,1,23,https://www.zomato.com/mumbai/best-kalyan-restaurants,Mumbai,Maharashtra,India,Restaurant
4292,mulund west mumbai maharashtra,22200,9,750,$0.10,4,21,https://www.zomato.com/mumbai/mulund-west-restaurants,Mumbai,Maharashtra,India,Restaurant
4293,mr sandwich,9900,6,2160,$0.16,1,31,https://www.zomato.com/mumbai/mr-sandwich-vile-parle-west,Mumbai,Maharashtra,India,Unknown
4294,moti mahal restaurant,22200,8,1462,$0.32,2,20,https://www.zomato.com/lucknow/moti-mahal-hazratganj,Lucknow,Uttar Pradesh,India,Unknown
4295,mochi near me,12100,7,2160,$0.07,5,33,https://www.zomato.com/hyderabad/me-mo-gachibowli/order,Hyderabad,Telangana,India,Unknown
4296,mercelys ice cream,22200,12,750,$0.16,17,25,https://www.zomato.com/hyderabad/mercelys-ice-cream-vanasthalipuram/order,Hyderabad,Telangana,India,Ice Cream
4297,mathura road delhi,18100,12,333,$0,2,19,https://www.zomato.com/ncr/mathura-road-delhi-restaurants,Unknown,Unknown,Unknown,Restaurant
4298,mangalore restaurants,22200,7,1462,$0.55,1,25,https://www.zomato.com/mangalore,Unknown,Unknown,Unknown,Unknown
4299,madurai pandi mess mpm,22200,3,6748,$0.20,7,27,https://www.zomato.com/bangalore/madurai-pandi-mess-2-kammanahalli-bangalore,Bangalore,Karnataka,India,Unknown
4300,ma za,22200,17,166,$0.98,2,25,https://www.zomato.com/tezpur/maza-flavours-that-tell-a-story-tezpur-locality-tezpur-city/order,Unknown,Unknown,Unknown,Unknown
4301,lonavala della,22200,97,46,$0.23,37,25,https://www.zomato.com/pune,Pune,Maharashtra,India,Unknown
4302,korean restaurants,33100,4,6748,$0,3,28,https://www.zomato.com/mumbai/restaurants/korean,Mumbai,Maharashtra,India,Restaurant
4303,korean food,27100,10,1462,$0.10,1,27,https://www.zomato.com/mumbai/restaurants/korean,Mumbai,Maharashtra,India,Restaurant
4304,korean cuisine,27100,24,95,$0.11,1,27,https://www.zomato.com/ncr/restaurants/korean,Unknown,Unknown,Unknown,Restaurant
4305,the grand bhagwati,27100,4,3596,$0.16,12,25,https://www.zomato.com/ahmedabad/restaurants/in/the-grand-bhagwati-s-g-highway,Ahmedabad,Gujarat,India,Restaurant
4306,sujata mastani near me,18100,4,6748,$0,2,11,https://www.zomato.com/pune/sujata-mastani-chinchwad,Pune,Maharashtra,India,Unknown
4307,sayaji vadodara hotel,22200,22,73,$0.16,39,31,https://www.zomato.com/vadodara/restaurants/in/sayaji-hotel-sayajiganj,Unknown,Unknown,Unknown,Restaurant
4308,sayaji vadodara,22200,12,250,$0.53,34,23,https://www.zomato.com/vadodara/restaurants/in/sayaji-hotel-sayajiganj,Unknown,Unknown,Unknown,Restaurant
4309,o by tamara coimbatore,18100,20,95,$0.31,28,19,https://www.zomato.com/coimbatore/o-cafe-1-peelamedu,Unknown,Unknown,Unknown,Cafe
4310,my lords,12100,19,113,$0,1,29,https://www.zomato.com/ncr/my-lords-cafe-1-krishna-nagar-new-delhi,Unknown,Unknown,Unknown,Cafe
4311,mulberry shades,22200,11,437,$0.11,71,46,https://www.zomato.com/bangalore/terra-mulberry-shades-bengaluru-nandi-hills-devanahalli,Bangalore,Karnataka,India,Unknown
4312,mr10 road,22200,7,1041,$0.14,5,19,https://www.zomato.com/indore/mr-10-road-restaurants,Indore,Madhya Pradesh,India,Restaurant
4313,mr 10 road,22200,7,1041,$0.14,5,22,https://www.zomato.com/indore/mr-10-road-restaurants,Indore,Madhya Pradesh,India,Restaurant
4314,movie time pitampura,22200,19,73,$0.12,2,20,https://www.zomato.com/ncr/cafe-movietime-pitampura-new-delhi/menu,Unknown,Unknown,Unknown,Cafe
4315,mig cricket club bandra east mumbai,22200,34,46,$0.08,4,21,https://www.zomato.com/mumbai/sadichha-bandra-east,Mumbai,Maharashtra,India,Unknown
4316,meat at subway,22200,39,46,$0.04,1,30,https://www.zomato.com/ncr/subway-sda-new-delhi/order,Unknown,Unknown,Unknown,Unknown
4317,maya bangalore,14800,3,6748,$0.26,6,23,https://www.zomato.com/bangalore/maya-1-jayanagar-bangalore,Bangalore,Karnataka,India,Unknown
4318,roseate house new delhi delhi,22200,18,113,$0.40,59,38,https://www.zomato.com/ncr/del-roseate-house-aerocity-new-delhi,Unknown,Unknown,Unknown,Unknown
4319,restaurants vadodara,18100,4,6748,$0.18,4,25,https://www.zomato.com/vadodara/dine-out,Unknown,Unknown,Unknown,Unknown
4320,restaurant nearby,22200,4,6748,$0.32,13,28,https://www.zomato.com/restaurants-near-me,Unknown,Unknown,Unknown,Restaurant
4321,restaurant at thane,27100,5,6748,$0.02,2,27,https://www.zomato.com/mumbai/thane-restaurants,Mumbai,Maharashtra,India,Restaurant
4322,punjabi restaurant,27100,9,1462,$0.30,2,27,https://www.zomato.com/vadodara/laxmi-punjabi-restaurant-alkapuri,Unknown,Unknown,Unknown,Restaurant
4323,pubs in hyderabad,22200,8,2160,$0.15,2,20,https://www.zomato.com/hyderabad/drinks-and-nightlife,Hyderabad,Telangana,India,Unknown
4324,taurus station canteen,22200,26,48,$0.15,3,23,https://www.zomato.com/ncr/taurus-cafeteria-delhi-cantt-new-delhi,Unknown,Unknown,Unknown,Cafe
4325,taj lucknow,22200,8,750,$0.13,49,39,https://www.zomato.com/lucknow/restaurants/in/taj-mahal-lucknow,Lucknow,Uttar Pradesh,India,Restaurant
4326,india islamic centre delhi,22200,14,250,$0.13,3,21,https://www.zomato.com/ncr/the-iicc-lounge-by-chonas-1-lodhi-road-new-delhi,Unknown,Unknown,Unknown,Unknown
4327,ibis bengaluru hebbal,22200,12,250,$0.29,14,24,https://www.zomato.com/bangalore/spice-it-ibis-bengaluru-hebbal-hebbal-bangalore,Bangalore,Karnataka,India,Unknown
4328,hotel taj lucknow,27100,24,59,$0.11,56,38,https://www.zomato.com/lucknow/oudhyana-taj-mahal-gomti-nagar,Lucknow,Uttar Pradesh,India,Unknown
4329,hotel leela palace udaipur,22200,27,48,$0.51,59,50,https://www.zomato.com/udaipur/sheesh-mahal-the-leela-pichola,Unknown,Unknown,Unknown,Unknown
4330,holiday inn jaipur,27100,9,568,$0.09,59,39,https://www.zomato.com/jaipur/restaurants/in/holiday-inn-jaipur-city-centre-bais-godam,Jaipur,Rajasthan,India,Restaurant
4331,hamza's,12100,3,3596,$0,1,32,https://www.zomato.com/kochi/hamzas-naadan-grill-vennala,Kochi,Kerala,India,Unknown
4332,four bungalows,18100,9,1041,$0.21,12,27,https://www.zomato.com/mumbai/4-bungalows-restaurants,Mumbai,Maharashtra,India,Restaurant
4333,foodie story,22200,2,3596,$0.23,32,23,https://www.zomato.com/kolkata/the-foodies-story-3-park-circus-area,Kolkata,West Bengal,India,Unknown
4334,food cart,18100,15,202,$0.42,92,51,https://www.zomato.com/jaipur/food-truck,Jaipur,Rajasthan,India,Unknown
4335,flavours ice cream,22200,17,333,$0.16,1,28,https://www.zomato.com/kolhapur/flavors-ruikar-colony/order,Unknown,Unknown,Unknown,Unknown
4336,japan restaurant,27100,5,6748,$0.21,3,27,https://www.zomato.com/ncr/restaurants/japanese,Unknown,Unknown,Unknown,Restaurant
4337,bowled,22200,25,51,$0.95,1,37,https://www.zomato.com/ncr/clean-bowled-sector-25-noida,Unknown,Unknown,Unknown,Unknown
4338,bangalore ritz carlton,22200,18,124,$0.81,54,38,https://www.zomato.com/bangalore/restaurants/in/the-ritz-carlton,Bangalore,Karnataka,India,Restaurant
4339,atlantis hsr,33100,3,6748,$0,1,27,https://www.zomato.com/bangalore/atlantis-hsr-bangalore,Bangalore,Karnataka,India,Unknown
4340,art cafe,22200,4,6748,$0,3,25,https://www.zomato.com/kolkata/art-cafe-lake-market-area,Kolkata,West Bengal,India,Cafe
4341,amrutha castle hyderabad,22200,28,48,$0.23,27,20,https://www.zomato.com/hyderabad/salzburg-street-amrutha-castle-lakdikapul,Hyderabad,Telangana,India,Unknown
4342,cafes in koramangala,22200,5,3596,$0.81,12,23,https://www.zomato.com/bangalore/koramangala-restaurants/caf%C3%A9,Bangalore,Karnataka,India,Restaurant
4343,le royal park,18100,10,437,$0.40,40,20,https://www.zomato.com/puducherry/la-menara-hotel-le-royal-park-mg-road,Unknown,Unknown,Unknown,Hotel
4344,lake view,22200,18,202,$0.64,2,25,https://www.zomato.com/bangalore/lake-view-family-restaurant-2-devanahalli-bangalore,Bangalore,Karnataka,India,Restaurant
4345,krishna veg,22200,7,3596,$0.08,3,19,https://www.zomato.com/pune/krishna-veg-nigdi,Pune,Maharashtra,India,Unknown
4346,kabab magic,22200,5,6748,$3.33,4,26,https://www.zomato.com/bangalore/restaurants/kabab-magic,Bangalore,Karnataka,India,Restaurant
4347,emerald mithai shop,14800,5,3596,$0.29,7,20,https://www.zomato.com/hyderabad/emerald-mithai-shop-banjara-hills,Hyderabad,Telangana,India,Unknown
4348,ellaa hotel hyderabad gachibowli,22200,10,333,$0.52,36,22,https://www.zomato.com/hyderabad/indus-ellaa-hotels-gachibowli,Hyderabad,Telangana,India,Hotel
4349,eden park,27100,6,2160,$0.32,7,29,https://www.zomato.com/bangalore/eden-park-cunningham-road,Bangalore,Karnataka,India,Unknown
4350,ecr restaurants,22200,4,6748,$0.03,14,29,https://www.zomato.com/chennai/east-coast-road-ecr-restaurants,Chennai,Tamil Nadu,India,Restaurant
4351,disco in mumbai,22200,5,3596,$0.02,3,25,https://www.zomato.com/mumbai/night-clubs,Mumbai,Maharashtra,India,Unknown
4352,delhi disco club,27100,7,2160,$0.10,2,24,https://www.zomato.com/ncr/drinks-and-nightlife,Unknown,Unknown,Unknown,Unknown
4353,coffee house,27100,4,6748,$1.63,3,27,https://www.zomato.com/pune/coffee-house-camp-area,Pune,Maharashtra,India,Coffee
4354,coffee day near me,22200,8,1462,$0,6,13,https://www.zomato.com/bhubaneswar/cafe-coffee-day-kharabela-nagar-bhubaneshwar,Unknown,Unknown,Unknown,Cafe
4355,chai sutta bar near me,18100,4,6748,$0,4,12,https://www.zomato.com/ncr/restaurants/chai-sutta-bar,Unknown,Unknown,Unknown,Restaurant
4356,vijayawada restaurants,22200,7,2160,$0.08,3,25,https://www.zomato.com/vijayawada,Unknown,Unknown,Unknown,Unknown
4357,earth cafe bkc,18100,1,6748,$0,3,19,https://www.zomato.com/mumbai/earth-cafe-@-bkc-bandra-kurla-complex,Mumbai,Maharashtra,India,Cafe
4358,delhi night club,22200,7,2160,$0.05,6,24,https://www.zomato.com/ncr/drinks-and-nightlife,Unknown,Unknown,Unknown,Unknown
4359,clay inn hotel gurugram,22200,16,130,$0.35,16,16,https://www.zomato.com/ncr/desi-firangi-by-clay-inn-hotel-sector-49-gurgaon,Unknown,Unknown,Unknown,Hotel
4360,chinese restaurant,27100,4,6748,$0.25,3,29,https://www.zomato.com/hyderabad/restaurants/chinese,Hyderabad,Telangana,India,Restaurant
4361,chin lung resto bar residency road,12100,3,6748,$0.45,13,19,https://www.zomato.com/bangalore/chin-lung-resto-bar-residency-road-residency-road-bangalore,Bangalore,Karnataka,India,Bar
4362,cheesecake and company,12100,6,2160,$0.21,14,21,https://www.zomato.com/mumbai/cheesecake-co-bandra-talao-bandra-west,Mumbai,Maharashtra,India,Unknown
4363,the hotel golkonda,22200,8,750,$0.49,16,23,https://www.zomato.com/hyderabad/the-golkonda-hotels-masab-tank,Hyderabad,Telangana,India,Hotel
4364,the 13th floor,22200,3,6748,$0,11,23,https://www.zomato.com/bangalore/the-13th-floor-mg-road-bangalore,Bangalore,Karnataka,India,Unknown
4365,surat cafe,22200,5,3596,$1.29,3,25,https://www.zomato.com/surat/great-cafes,Surat,Gujarat,India,Cafe
4366,sri vishnu park,22200,4,6748,$0.19,4,21,https://www.zomato.com/bangalore/sri-vishnu-park-yelahanka-bangalore,Bangalore,Karnataka,India,Unknown
4367,spice court jaipur,14800,3,6748,$0,4,19,https://www.zomato.com/jaipur/spice-court-civil-lines,Jaipur,Rajasthan,India,Unknown
4368,si nonna,12100,7,2160,$0.07,1,27,https://www.zomato.com/mumbai/si-nonnas-the-original-sourdough-pizza-lower-parel,Mumbai,Maharashtra,India,Pizza
4369,saket pvr,33100,13,333,$0.03,9,30,https://www.zomato.com/ncr/restaurants/in/pvr-anupam-complex-saket,Unknown,Unknown,Unknown,Restaurant
4370,restaurants on mg road bangalore,22200,5,3596,$0.20,6,13,https://www.zomato.com/bangalore/mg-road-restaurants,Bangalore,Karnataka,India,Restaurant
4371,zomato job openings,22200,2,3596,$0.08,4,21,https://www.zomato.com/applicant-policy,Unknown,Unknown,Unknown,Unknown
4372,wild beans cafe,12100,9,1462,$0.05,1,25,https://www.zomato.com/hyderabad/wild-bean-cafe-hitech-city,Hyderabad,Telangana,India,Cafe
4373,veg biryani near me,22200,5,3596,$0.15,11,15,https://www.zomato.com/mumbai/delivery/dish-veg-biryani,Mumbai,Maharashtra,India,Unknown
4374,marriott udaipur,9900,12,333,$0.40,47,26,https://www.zomato.com/udaipur/okra-udaipur-marriott-hotel-fatehpura,Unknown,Unknown,Unknown,Hotel
4375,marriott suites pune,18100,6,1462,$0.29,28,27,https://www.zomato.com/pune/senses-marriott-suites-pune-mundhwa,Pune,Maharashtra,India,Unknown
4376,maidens hotel,22200,10,437,$0.34,16,29,https://www.zomato.com/ncr/restaurants/in/maidens-hotels-civil-lines,Unknown,Unknown,Unknown,Restaurant
4377,leela hotel udaipur,22200,19,95,$0.51,59,45,https://www.zomato.com/udaipur/sheesh-mahal-the-leela-pichola,Unknown,Unknown,Unknown,Unknown
4378,kuttichira biriyani center kbc beach,18100,10,437,$0.21,1,19,https://www.zomato.com/kozhikode/kuttichira-biriyani-centre-kuttichira/order,Unknown,Unknown,Unknown,Unknown
4379,korean restaurant,22200,4,6748,$0.11,3,25,https://www.zomato.com/jaipur/restaurants/korean,Jaipur,Rajasthan,India,Restaurant
4380,japanese cuisine restaurant,27100,4,6748,$0.57,3,22,https://www.zomato.com/hyderabad/restaurants/japanese,Hyderabad,Telangana,India,Restaurant
4381,jamming goat 3.0,22200,3,6748,$0.09,5,22,https://www.zomato.com/bangalore/jamming-goat-3-0-indiranagar-bangalore,Bangalore,Karnataka,India,Unknown
4382,jamia nagar new delhi,22200,44,46,$0,5,13,https://www.zomato.com/ncr/jamia-nagar-restaurants,Unknown,Unknown,Unknown,Restaurant
4383,indian restaurants in vadodara,22200,5,3596,$0.04,7,21,https://www.zomato.com/vadodara/best-north-indian-restaurants,Unknown,Unknown,Unknown,Restaurant
4384,hotel rio meridian,22200,26,48,$0.15,42,32,https://www.zomato.com/mysore/rio-merdian-bannimantap,Unknown,Unknown,Unknown,Unknown
4385,radisson blu kaushambi delhi,27100,17,130,$0.51,28,24,https://www.zomato.com/ncr/restaurants/in/radisson-blu-hotel-kaushambi,Unknown,Unknown,Unknown,Restaurant
4386,pvr cinema: ahmedabad ranip,22200,34,46,$0.06,4,21,https://www.zomato.com/ahmedabad/pvr-caf%C3%A9-popcorn-pizza-hot-dogs-snacks-ranip,Ahmedabad,Gujarat,India,Pizza
4387,peerless hotel kolkata,22200,29,46,$0.24,31,26,https://www.zomato.com/kolkata/restaurants/in/peerless-inn,Kolkata,West Bengal,India,Restaurant
4388,pav,22200,26,73,$0.18,46,51,https://www.zomato.com/jaipur/restaurants/dish-pav,Jaipur,Rajasthan,India,Restaurant
4389,non vegetarian restaurants,22200,6,2160,$0.04,1,21,https://www.zomato.com/ncr/restaurants/dish-non-veg,Unknown,Unknown,Unknown,Restaurant
4390,nearby restaurants nearby restaurants,22200,4,6748,$0.07,14,23,https://www.zomato.com/restaurants-near-me,Unknown,Unknown,Unknown,Restaurant
4391,mysore radisson blu,22200,20,95,$0.29,26,37,https://www.zomato.com/mysore/spring-radisson-blu-plaza-hotel-ittige-gudu,Unknown,Unknown,Unknown,Hotel
4392,mirzapur near me,18100,8,1462,$0.02,1,23,https://www.zomato.com/mirzapur,Unknown,Unknown,Unknown,Unknown
4393,restaurants mangalore,22200,7,1462,$0,1,25,https://www.zomato.com/mangalore,Unknown,Unknown,Unknown,Unknown
4394,restaurant near,22200,4,6748,$0.07,10,31,https://www.zomato.com/restaurants-near-me,Unknown,Unknown,Unknown,Restaurant
4395,hyderabad house hyderabad,22200,5,6748,$0.21,2,22,https://www.zomato.com/hyderabad/hyderabad-house-2-jubilee-hills,Hyderabad,Telangana,India,Unknown
4396,hotel lake pichola,27100,19,123,$0.17,52,37,https://www.zomato.com/udaipur/restaurants/in/lake-pichola-hotel,Unknown,Unknown,Unknown,Restaurant
4397,hilton garden inn new delhi saket,22200,8,568,$0.75,33,39,https://www.zomato.com/ncr/restaurants/in/hilton-garden-inn-saket,Unknown,Unknown,Unknown,Restaurant
4398,hilton delhi,22200,19,113,$0.36,37,36,https://www.zomato.com/ncr/india-grill-hilton-garden-inn-saket-new-delhi,Unknown,Unknown,Unknown,Unknown
4399,guwahati pan bazar,18100,15,202,$0.22,6,19,https://www.zomato.com/guwahati/pan-bazaar-restaurants,Unknown,Unknown,Unknown,Restaurant
4400,good veg restaurants near me,22200,8,1041,$0.16,12,15,https://www.zomato.com/mumbai/navi-mumbai-restaurants?veg=1,Mumbai,Maharashtra,India,Restaurant
4401,gokul chat,22200,4,6748,$0,7,27,https://www.zomato.com/hyderabad/gokul-chat-koti,Hyderabad,Telangana,India,Unknown
4402,gali number 8,22200,25,53,$0.10,3,21,https://www.zomato.com/chandigarh/lahore-wali-gali-sector-8,Chandigarh,Chandigarh,India,Unknown
4403,food order online,22200,2,3596,$0.26,37,22,https://www.zomato.com/ncr/order-food-online,Unknown,Unknown,Unknown,Unknown
4404,cafe in pune koregaon park,22200,4,6748,$0,7,14,https://www.zomato.com/pune/koregaon-park-restaurants/caf%C3%A9,Pune,Maharashtra,India,Restaurant
4405,burgers photos,22200,10,333,$0,1,30,https://www.zomato.com/mumbai/5th-avenue-burgers-kurla/photos,Mumbai,Maharashtra,India,Unknown
4406,blr brewing co kanakapura road,22200,3,6748,$0.14,5,22,https://www.zomato.com/bangalore/blr-brewing-co-1-kanakapura-road-bangalore,Bangalore,Karnataka,India,Unknown
4407,best restaurants in kolkata india,22200,5,3596,$0.19,6,13,https://www.zomato.com/kolkata,Kolkata,West Bengal,India,Unknown
4408,best cake shop near me,22200,5,6748,$0.17,99,41,https://www.zomato.com/bakeries-near-me,Unknown,Unknown,Unknown,Bakery
4409,bengal taj hotel,22200,7,750,$0.29,46,47,https://www.zomato.com/kolkata/restaurants/in/the-taj-bengal-hotel,Kolkata,West Bengal,India,Restaurant
4410,barrackpore jayanti cinema hall,22200,6,750,$0.05,1,22,https://www.zomato.com/kolkata/jayanti-cinema-restaurant-cum-bar-barrackpore,Kolkata,West Bengal,India,Restaurant
4411,central mall jp nagar bangalore,22200,8,750,$0.25,5,22,https://www.zomato.com/bangalore/restaurants/in/bangalore-central-jp-nagar,Bangalore,Karnataka,India,Restaurant
4412,taj bengal,22200,8,1041,$0.21,44,38,https://www.zomato.com/kolkata/restaurants/in/the-taj-bengal-hotel,Kolkata,West Bengal,India,Restaurant
4413,surat marriott hotel,22200,10,437,$0.15,17,25,https://www.zomato.com/surat/table-101-surat-marriott-hotel-city-light,Surat,Gujarat,India,Hotel
4414,signature club resort,18100,7,750,$0.11,28,27,https://www.zomato.com/bangalore/tamarind-signature-club-resort-devanahalli-bangalore,Bangalore,Karnataka,India,Unknown
4415,shetty's lunch home jayanagar,18100,3,6748,$0.27,5,19,https://www.zomato.com/bangalore/shetty-lunch-home-1-jayanagar-bangalore,Bangalore,Karnataka,India,Unknown
4416,sayaji hotel vadodara,22200,10,437,$0.66,34,30,https://www.zomato.com/vadodara/restaurants/in/sayaji-hotel-sayajiganj,Unknown,Unknown,Unknown,Restaurant
4417,saket hilton,22200,11,333,$0.69,32,39,https://www.zomato.com/ncr/restaurants/in/hilton-garden-inn-saket,Unknown,Unknown,Unknown,Restaurant
4418,roseate house hotel delhi,22200,31,46,$0.34,67,34,https://www.zomato.com/ncr/del-roseate-house-aerocity-new-delhi,Unknown,Unknown,Unknown,Unknown
4419,rolls king noida,18100,5,3596,$0.10,6,20,https://www.zomato.com/ncr/rollsking-1-sector-18-noida,Unknown,Unknown,Unknown,Unknown
4420,restaurants in thane,27100,4,6748,$0.08,2,22,https://www.zomato.com/mumbai/thane-restaurants,Mumbai,Maharashtra,India,Restaurant
4421,restaurants in jubilee hills hyderabad,22200,4,6748,$0.03,5,25,https://www.zomato.com/hyderabad/jubilee-hills-restaurants,Hyderabad,Telangana,India,Restaurant
4422,restaurant near me within 800m,18100,5,6748,$0.04,22,49,https://www.zomato.com/restaurants-near-me,Unknown,Unknown,Unknown,Restaurant
4423,restaurant near by me,22200,5,6748,$0.32,14,16,https://www.zomato.com/restaurants-near-me,Unknown,Unknown,Unknown,Restaurant
4424,rehan's,22200,2,3596,$0.26,1,22,https://www.zomato.com/kolkata/rehans-restaurant-shyam-bazar,Kolkata,West Bengal,India,Restaurant
4425,rama vihar,22200,9,568,$0.09,3,19,https://www.zomato.com/ncr/rama-vihar-restaurants,Unknown,Unknown,Unknown,Restaurant
4426,triveni terrace cafe delhi,22200,3,6748,$0.09,1,26,https://www.zomato.com/ncr/triveni-terrace-cafe-mandi-house-new-delhi,Unknown,Unknown,Unknown,Cafe
4427,toy room mumbai,22200,5,3596,$0,3,24,https://www.zomato.com/mumbai/toy-room-santacruz-east,Mumbai,Maharashtra,India,Unknown
4428,the kitchenette,14800,12,437,$0.18,4,29,https://www.zomato.com/mumbai/the-kitchenette-santacruz-east?amp=1,Mumbai,Maharashtra,India,Unknown
4429,statue circle jaipur,22200,35,46,$0,7,22,https://www.zomato.com/jaipur/coffee-statue-circle-malviya-nagar,Jaipur,Rajasthan,India,Coffee
4430,statue circle,18100,24,95,$0,12,27,https://www.zomato.com/jaipur/lounge?credit-card=1&landmark_id=543&no-bar=1,Jaipur,Rajasthan,India,Unknown
4431,pizza for delivery,22200,8,1041,$0.19,1,59,https://www.zomato.com/moradabad/delivery/dish-pizza,Unknown,Unknown,Unknown,Pizza
4432,pista house patna,22200,1,6748,$0.14,7,22,https://www.zomato.com/patna/pista-house-fraser-road-area,Patna,Bihar,India,Unknown
4433,panvel near me,18100,8,2160,$0.01,1,20,https://www.zomato.com/mumbai/panvel-navi-mumbai-restaurants,Mumbai,Maharashtra,India,Restaurant
4434,novotel goa resort and spa candolim,22200,14,250,$0.18,33,21,https://www.zomato.com/goa/restaurants/in/novotel-goa-resort-spa-candolim,Goa,Goa,India,Restaurant
4435,mcdonald photo,18100,6,1041,$0.65,1,35,https://www.zomato.com/ncr/mcdonalds-1-connaught-place-new-delhi/photos,Unknown,Unknown,Unknown,Unknown
4436,marriott hotel hyderabad,22200,29,46,$0.19,55,36,https://www.zomato.com/hyderabad/restaurants/in/hyderabad-marriott-hotel-convention-centre,Hyderabad,Telangana,India,Restaurant
4437,pvr lower parel mumbai,22200,8,568,$0.06,5,19,https://www.zomato.com/mumbai/pvr-caf%C3%A9-popcorn-pizza-hot-dogs-snacks-lower-parel,Mumbai,Maharashtra,India,Pizza
4438,hira sweets near me,22200,4,6748,$0.12,3,12,https://www.zomato.com/ncr/restaurants/hira-sweets,Unknown,Unknown,Unknown,Restaurant
4439,high spirits cafe pune maharashtra,22200,5,2160,$0.14,3,22,https://www.zomato.com/pune/high-spirits-mundhwa,Pune,Maharashtra,India,Unknown
4440,gup shup,22200,6,6748,$0.58,26,25,https://www.zomato.com/mumbai/gupshup-redefining-food-lower-parel,Mumbai,Maharashtra,India,Unknown
4441,green park delhi,22200,17,166,$0.29,2,24,https://www.zomato.com/ncr/green-park-delhi-restaurants,Unknown,Unknown,Unknown,Restaurant
4442,goofy's,22200,25,59,$0.01,1,45,https://www.zomato.com/ncr/goofys-sector-81-faridabad/order,Unknown,Unknown,Unknown,Unknown
4443,foodies junction,22200,4,6748,$0.17,1,21,https://www.zomato.com/surat/foodies-junction-salabatpura,Surat,Gujarat,India,Unknown
4444,food places to order online,22200,5,3596,$0.29,44,29,https://www.zomato.com/bangalore/delivery,Bangalore,Karnataka,India,Unknown
4445,east patel nagar delhi,22200,18,124,$0.20,3,20,https://www.zomato.com/ncr/east-patel-nagar-delhi-restaurants,Unknown,Unknown,Unknown,Restaurant
4446,mall pune,3600,90,46,$0,3,20,https://www.zomato.com/pune,Pune,Maharashtra,India,Unknown
4447,lovely chat,18100,2,3596,$0.25,1,25,https://www.zomato.com/ncr/lovely-chat-bhandar-nit-faridabad,Unknown,Unknown,Unknown,Unknown
4448,kart 2 cafe the fun factory,22200,8,1041,$0.12,5,27,https://www.zomato.com/bangalore/kart-2-cafe-bannerghatta-road-bangalore,Bangalore,Karnataka,India,Cafe
4449,jain restaurants near me,22200,6,2160,$0.13,10,15,https://www.zomato.com/hyderabad/jain-kitchen-pure-veg-restaurant-kukatpally,Hyderabad,Telangana,India,Restaurant
4450,irctc e catering,22200,10,333,$0.07,54,36,https://www.zomato.com/order-food-online-in-train,Unknown,Unknown,Unknown,Unknown
4451,idc kitchen,22200,7,2160,$0,5,26,https://www.zomato.com/bangalore/idc-kitchen-indiranagar-bangalore,Bangalore,Karnataka,India,Unknown
4452,hyderabad cafes,22200,6,2160,$0.04,6,26,https://www.zomato.com/hyderabad/great-cafes,Hyderabad,Telangana,India,Cafe
4453,hyderabad cafe,22200,5,3596,$0,1,25,https://www.zomato.com/hyderabad/caf%C3%A9,Hyderabad,Telangana,India,Unknown
4454,hotel peninsula grand,22200,4,3596,$0.17,21,26,https://www.zomato.com/mumbai/peninsula-peninsula-grand-hotel-sakinaka,Mumbai,Maharashtra,India,Hotel
4455,hotel le royal park pondicherry,22200,16,130,$0.17,46,25,https://www.zomato.com/puducherry/la-menara-hotel-le-royal-park-mg-road,Unknown,Unknown,Unknown,Hotel
4456,bawa international hotel vile parle,22200,9,568,$0.40,37,20,https://www.zomato.com/mumbai/royal-palatte-hotel-bawa-international-vile-parle-east,Mumbai,Maharashtra,India,Hotel
4457,barista coffee,22200,10,1462,$0.78,4,26,https://www.zomato.com/ncr/barista-coffee-connaught-place-new-delhi,Unknown,Unknown,Unknown,Bar
4458,baileys irish,22200,10,750,$0,1,18,https://www.zomato.com/bangalore/drinks-and-nightlife?dish=baileys-irish-cream-liqueurs,Bangalore,Karnataka,India,Unknown
4459,arya bhavan,18100,6,3596,$0.23,2,24,https://www.zomato.com/mumbai/arya-bhavan-matunga-east,Mumbai,Maharashtra,India,Unknown
4460,accord pondicherry,22200,14,250,$0.12,44,38,https://www.zomato.com/puducherry/season-accord-puducherry-gandhinagar,Unknown,Unknown,Unknown,Unknown
4461,4th street,22200,3,6748,$0.22,4,26,https://www.zomato.com/ncr/4th-street-cafe-preet-vihar-new-delhi,Unknown,Unknown,Unknown,Cafe
4462,10 no market bhopal,22200,33,46,$0.01,1,19,https://www.zomato.com/bhopal/arera-colony-restaurants/caf%C3%A9,Unknown,Unknown,Unknown,Restaurant
4463,corner house bangalore,22200,6,3596,$0.51,2,20,https://www.zomato.com/bangalore/corner-house-ice-creams-indiranagar-bangalore,Bangalore,Karnataka,India,Ice Cream
4464,commis restaurant menu,12100,19,113,$0,1,23,https://www.zomato.com/pasighat/the-commix-pasighat-locality/order,Unknown,Unknown,Unknown,Unknown
4465,coffee shops in ahmedabad,22200,4,6748,$0.03,8,27,https://www.zomato.com/ahmedabad/coffee,Ahmedabad,Gujarat,India,Coffee
4466,ciao pizzeria,12100,3,6748,$0.26,7,33,https://www.zomato.com/ahmedabad/ciao-pizzeria-2-bopal,Ahmedabad,Gujarat,India,Unknown
4467,cake shop near me near me,22200,5,3596,$0.04,27,20,https://www.zomato.com/bakeries-near-me,Unknown,Unknown,Unknown,Bakery
4468,cafe in anna nagar,22200,7,3596,$0,5,13,https://www.zomato.com/chennai/anna-nagar-west-restaurants/caf%C3%A9,Chennai,Tamil Nadu,India,Restaurant
4469,cafe 145 bandra,18100,4,3596,$0.18,3,25,https://www.zomato.com/mumbai/145-bandra-pali-hill-bandra-west,Mumbai,Maharashtra,India,Unknown
4470,blue nile restaurant,18100,1,6748,$0,4,20,https://www.zomato.com/pune/blue-nile-camp-area,Pune,Maharashtra,India,Unknown
4471,biryani mahal,18100,4,6748,$0.10,8,26,https://www.zomato.com/patna/biryani-mahal-2-fraser-road-area,Patna,Bihar,India,Unknown
4472,hilltop hotel udaipur,22200,10,333,$0.13,48,34,https://www.zomato.com/udaipur/restaurants/in/hotel-hilltop-palace,Unknown,Unknown,Unknown,Restaurant
4473,grubhub,8100,12,333,$0.77,1,78,https://www.zomato.com/mumbai/grubhub-3-malad-west,Mumbai,Maharashtra,India,Unknown
4474,grand oberoi hotel,22200,22,73,$0.31,9,38,https://www.zomato.com/kolkata/threesixtythree-363-the-oberoi-grand-new-market-area,Kolkata,West Bengal,India,Unknown
4475,good chinese restaurants near me,22200,4,6748,$0.55,6,13,https://www.zomato.com/mumbai/restaurants/chinese,Mumbai,Maharashtra,India,Restaurant
4476,foodie junction,18100,5,6748,$0.10,1,21,https://www.zomato.com/guwahati/foodie-junction-ulubari,Unknown,Unknown,Unknown,Bar
4477,feast,22200,31,46,$0,1,38,https://www.zomato.com/mumbai/feast-at-east-wadala,Mumbai,Maharashtra,India,Unknown
4478,famous restaurants near me,18100,4,6748,$0.23,7,13,https://www.zomato.com/restaurants-near-me,Unknown,Unknown,Unknown,Restaurant
4479,famous places at hyderabad,22200,30,48,$0.06,14,32,https://www.zomato.com/hyderabad/restaurants,Hyderabad,Telangana,India,Restaurant
4480,train parcel tracking,22200,53,46,$0,1,19,https://www.zomato.com/order-food-online-in-train,Unknown,Unknown,Unknown,Unknown
4481,tea halt gurgaon,22200,1,6748,$0.29,1,21,https://www.zomato.com/ncr/tea-halt-sector-31,Unknown,Unknown,Unknown,Unknown
4482,subway menu,18100,4,2160,$0.18,1,23,https://www.zomato.com/ncr/subway-new-friends-colony-new-delhi/menu,Unknown,Unknown,Unknown,Unknown
4483,pavi sadakpur,22200,38,46,$0.07,4,17,https://www.zomato.com/ncr/vyanjan-plaza-loni-ghaziabad,Unknown,Unknown,Unknown,Unknown
4484,nearest best restaurants,18100,4,6748,$0.07,13,25,https://www.zomato.com/restaurants-near-me,Unknown,Unknown,Unknown,Restaurant
4485,near best restaurants,18100,4,6748,$0.07,12,42,https://www.zomato.com/restaurants-near-me,Unknown,Unknown,Unknown,Restaurant
4486,municipal market,22200,15,333,$0.03,1,19,https://www.zomato.com/ahmedabad/restaurants/near/municipal-market?place_name=Gulbai%20Tekra&dishv2_id=58693,Ahmedabad,Gujarat,India,Restaurant
4487,mindspace malad,18100,10,568,$0.60,11,27,https://www.zomato.com/mumbai/malad-west-order-online?delivery_subzone=1028&cft=4,Mumbai,Maharashtra,India,Unknown
4488,marz o rin,22200,3,6748,$0,9,22,https://www.zomato.com/pune/marz-o-rin-mg-road,Pune,Maharashtra,India,Unknown
4489,maharashtra lunch home,18100,4,6748,$0.08,3,19,https://www.zomato.com/pune/maharashtra-lunch-home-1-dange-chowk,Pune,Maharashtra,India,Unknown
4490,leopard trail gurgaon,22200,17,130,$0.16,5,21,https://www.zomato.com/ncr/boho-cafe-leopard-trail-sector-77-gurgaon,Unknown,Unknown,Unknown,Cafe
4491,sidecar,18100,3,2160,$0,4,38,https://www.zomato.com/ncr/sidecar-1-greater-kailash-gk-2-new-delhi,Unknown,Unknown,Unknown,Unknown
4492,shetty lunch home jayanagar,22200,3,6748,$0.27,4,19,https://www.zomato.com/bangalore/shetty-lunch-home-1-jayanagar-bangalore,Bangalore,Karnataka,India,Unknown
4493,restaurants in pune city,22200,4,6748,$0.08,8,24,https://www.zomato.com/pune/dine-out,Pune,Maharashtra,India,Unknown
4494,restaurants in jubilee hills,22200,4,6748,$0.22,7,14,https://www.zomato.com/hyderabad/jubilee-hills-restaurants,Hyderabad,Telangana,India,Restaurant
4495,rams tea house,9900,7,3596,$0.27,10,22,https://www.zomato.com/chennai/rams-tea-house-anna-nagar-east,Chennai,Tamil Nadu,India,Unknown
4496,radisson blu towers kaushambi delhi ncr,18100,28,46,$0.43,14,15,https://www.zomato.com/ncr/restaurants/in/radisson-blu-hotel-kaushambi,Unknown,Unknown,Unknown,Restaurant
4497,pvr cinemas kurla,22200,30,46,$0.07,1,20,https://www.zomato.com/mumbai/pvr-caf%C3%A9-popcorn-pizza-hot-dogs-snacks-kurla,Mumbai,Maharashtra,India,Pizza
4498,pride hotel bangalore,22200,16,130,$0.28,34,30,https://www.zomato.com/bangalore/cafe-treat-the-pride-hotel-richmond-road,Bangalore,Karnataka,India,Cafe
4499,malad mindspace,18100,17,130,$0.52,5,25,https://www.zomato.com/mumbai/malad-west-order-online?delivery_subzone=1028&cft=4,Mumbai,Maharashtra,India,Unknown
4500,maheshwari chaat,18100,8,2160,$0.18,6,22,https://www.zomato.com/hyderabad/maheshwari-chaat-sanath-nagar,Hyderabad,Telangana,India,Unknown
4501,jollygunj jp nagar,22200,3,6748,$0.16,4,22,https://www.zomato.com/bangalore/jollygunj-jp-nagar-bangalore,Bangalore,Karnataka,India,Unknown
4502,itc maurya delhi,22200,10,437,$0.33,38,31,https://www.zomato.com/ncr/restaurants/in/itc-maurya-chanakyapuri,Unknown,Unknown,Unknown,Restaurant
4503,irani cafe mahim,14800,3,6748,$0.26,7,23,https://www.zomato.com/mumbai/cafe-irani-chaii-mahim,Mumbai,Maharashtra,India,Cafe
4504,indian restaurant in coimbatore,22200,6,2160,$0.26,6,13,https://www.zomato.com/coimbatore/restaurants/south-indian,Unknown,Unknown,Unknown,Restaurant
4505,ibis hotel in coimbatore,22200,20,95,$0.42,38,22,https://www.zomato.com/coimbatore/spice-it-ibis-coimbatore-city-centre-lakshmi-mills,Unknown,Unknown,Unknown,Unknown
4506,hyatt hyderabad gachibowli,27100,5,1462,$7.08,21,28,https://www.zomato.com/hyderabad/restaurants/in/hyatt-hyderabad-gachibowli,Hyderabad,Telangana,India,Restaurant
4507,hotel oberoi grand kolkata,22200,40,46,$0.31,9,32,https://www.zomato.com/kolkata/restaurants/in/the-oberoi-grand-new-market-area,Kolkata,West Bengal,India,Restaurant
4508,hotel clarks shiraz agra,22200,14,250,$0.11,40,24,https://www.zomato.com/agra/the-mughal-room-hotel-clarks-shiraz-agra-cantt,Agra,Uttar Pradesh,India,Hotel
4509,domino's pizza price,22200,6,1462,$0.12,1,20,https://www.zomato.com/ncr/dominos-pizza-new-friends-colony-new-delhi/order,Unknown,Unknown,Unknown,Pizza
4510,dishes of punjab,18100,108,46,$0.03,1,37,https://www.zomato.com/,Unknown,Unknown,Unknown,Unknown
4511,dining in pune,22200,5,6748,$0.05,12,26,https://www.zomato.com/pune/dine-out,Pune,Maharashtra,India,Unknown
4512,crown mall lucknow,18100,5,1462,$0.55,5,20,https://www.zomato.com/lucknow/restaurants/in/crown-mall,Lucknow,Uttar Pradesh,India,Restaurant
4513,courtyard by marriott navi mumbai,9900,4,2160,$0.48,25,15,https://www.zomato.com/mumbai/restaurants/in/courtyard-by-marriott-navi-mumbai,Mumbai,Maharashtra,India,Restaurant
4514,copper chimney,22200,7,2160,$0.02,3,25,https://www.zomato.com/bangalore/copper-chimney-mahadevapura-bangalore,Bangalore,Karnataka,India,Unknown
4515,coffee shops in surat,22200,7,3596,$0.05,3,24,https://www.zomato.com/surat/coffee,Surat,Gujarat,India,Coffee
4516,coffee shop hyderabad,22200,5,3596,$0.04,6,24,https://www.zomato.com/hyderabad/coffee,Hyderabad,Telangana,India,Coffee
4517,coffee shop ahmedabad,22200,4,6748,$0.03,7,29,https://www.zomato.com/ahmedabad/coffee,Ahmedabad,Gujarat,India,Coffee
4518,clubbing,22200,33,46,$0,1,37,https://www.zomato.com/bangalore/drinks-and-nightlife,Bangalore,Karnataka,India,Unknown
4519,china 36,22200,18,130,$0,1,42,https://www.zomato.com/ncr/36-china-town-netaji-subhash-place-new-delhi,Unknown,Unknown,Unknown,Unknown
4520,chhappan bhog,22200,8,1462,$0,2,25,https://www.zomato.com/hi/lucknow/chhappan-bhog-sadar-bazaar,Lucknow,Uttar Pradesh,India,Unknown
4521,chandigarh club,18100,9,568,$0.01,2,24,https://www.zomato.com/chandigarh/club,Chandigarh,Chandigarh,India,Unknown
4522,chaitanya food court kukatpally,14800,4,3596,$0.19,3,19,https://www.zomato.com/hyderabad/chaitanya-food-court-kukatpally,Hyderabad,Telangana,India,Unknown
4523,cafe surat,22200,5,3596,$1.29,3,25,https://www.zomato.com/surat/great-cafes,Surat,Gujarat,India,Cafe
4524,bombay canteen,22200,5,2160,$0.20,2,25,https://www.zomato.com/thebombaycanteen,Unknown,Unknown,Unknown,Unknown
4525,dunkin donuts,22200,8,1041,$0.08,1,24,https://www.zomato.com/ncr/dunkin-donuts-coffee-barakhamba-road-new-delhi,Unknown,Unknown,Unknown,Bar
4526,bastian beach club,18100,2,3596,$0.19,2,19,https://www.zomato.com/mumbai/bastian-beach-club-1-juhu,Mumbai,Maharashtra,India,Unknown
4527,barrackpore jayanti cinema,22200,6,750,$0.10,1,21,https://www.zomato.com/kolkata/jayanti-cinema-restaurant-cum-bar-barrackpore,Kolkata,West Bengal,India,Restaurant
4528,anthony's,22200,7,750,$0.11,1,32,https://www.zomato.com/goa/st-anthonys-baga,Goa,Goa,India,Unknown
4529,agra oberoi hotel,27100,18,124,$0.82,42,34,https://www.zomato.com/agra/restaurants/in/the-oberoi-amarvilas-tajganj,Agra,Uttar Pradesh,India,Restaurant
4530,absolute barbecues near me,22200,6,3596,$0.02,13,28,https://www.zomato.com/hyderabad/abs-absolute-barbecues-sd-road-secunderabad,Hyderabad,Telangana,India,Bar
4531,z square mall kanpur,22200,9,437,$0.01,2,12,https://www.zomato.com/kanpur/restaurants/in/z-square-mall-mall-road,Unknown,Unknown,Unknown,Restaurant
4532,vj,22200,21,95,$0.70,1,41,https://www.zomato.com/mumbai/the-vj-caf%C3%A9-matunga-east,Mumbai,Maharashtra,India,Unknown
4533,top rated chinese restaurant near me,22200,5,3596,$0.04,7,29,https://www.zomato.com/chinese-restaurants-near-me,Unknown,Unknown,Unknown,Restaurant
4534,udupi sri krishna bhavan bangalore,9900,5,2932,$0.45,6,21,https://www.zomato.com/bangalore/udupi-sri-krishna-bhavan-since-1926-basavanagudi-bangalore,Bangalore,Karnataka,India,Unknown
4535,top restaurant in vadodara,18100,4,5502,$0.04,4,22,https://www.zomato.com/vadodara/dine-out,Unknown,Unknown,Unknown,Unknown
4536,tnr north city mall,12100,17,101,$0.15,10,20,https://www.zomato.com/hyderabad/tnr-food-court-suraram,Hyderabad,Telangana,India,Unknown
4537,thick milkshake factory,18100,6,1761,$0.17,2,22,https://www.zomato.com/hyderabad/the-thickshake-factory-jubilee-hills,Hyderabad,Telangana,India,Unknown
4538,the metropolitan hotel and spa new delhi delhi,18100,16,106,$0.78,16,39,https://www.zomato.com/ncr/restaurants/in/metropolitan-hotel-connaught-place,Unknown,Unknown,Unknown,Restaurant
4539,the gt road,14800,3,5502,$0.40,8,47,https://www.zomato.com/ncr/the-gt-road-connaught-place-new-delhi,Unknown,Unknown,Unknown,Unknown
4540,nagarjuna restaurant near me,18100,6,2932,$0.34,2,11,https://www.zomato.com/bangalore/nagarjuna-since-1984-residency-road-bangalore,Bangalore,Karnataka,India,Unknown
4541,mumbai vada pav,14800,10,848,$0,2,18,https://www.zomato.com/mumbai/delivery/dish-vada-pav,Mumbai,Maharashtra,India,Unknown
4542,momos point kamla nagar,14800,3,5502,$0,2,10,https://www.zomato.com/ncr/momos-point-kamla-nagar-new-delhi,Unknown,Unknown,Unknown,Unknown
4543,mayur vihar phase 2,18100,30,38,$0.06,1,10,https://www.zomato.com/ncr/mayur-vihar-phase-2-delhi-restaurants,Unknown,Unknown,Unknown,Restaurant
4544,marriott hotel aerocity,22200,28,38,$0.68,53,46,https://www.zomato.com/ncr/restaurants/in/jw-marriott-new-delhi-aerocity,Unknown,Unknown,Unknown,Restaurant
4545,restaurants with gluten free,18100,10,611,$0.37,1,20,https://www.zomato.com/ncr/restaurants?from_query=gluten%20free&gluten-free=1,Unknown,Unknown,Unknown,Restaurant
4546,restaurants surat,18100,4,5502,$0.06,1,24,https://www.zomato.com/surat/dine-out,Surat,Gujarat,India,Unknown
4547,prana resorts and banquet,18100,33,38,$0.20,11,21,https://www.zomato.com/pune/river-deck-cafe-by-prana-resorts-ravet,Pune,Maharashtra,India,Cafe
4548,pizza areas near me,18100,6,2932,$0.06,10,32,https://www.zomato.com/pizza-restaurants-near-me,Unknown,Unknown,Unknown,Restaurant
4549,phase 4 gurgaon,18100,9,611,$0.25,6,24,https://www.zomato.com/ncr/dlf-phase-4-restaurants,Unknown,Unknown,Unknown,Restaurant
4550,park regis in goa,18100,52,38,$0.19,32,35,https://www.zomato.com/goa/restaurants/in/park-regis-baga,Goa,Goa,India,Restaurant
4551,swiggy office address,9900,33,38,$0.03,1,19,https://www.zomato.com/deliver-food/,Unknown,Unknown,Unknown,Unknown
4552,swach south indian cafe madhapur,9900,3,5502,$0.15,6,28,https://www.zomato.com/hyderabad/swach-south-indian-cafe-madhapur,Hyderabad,Telangana,India,Cafe
4553,soda bottle opener wala,22200,4,5502,$0,6,13,https://www.zomato.com/mumbai/sodabottleopenerwala-bandra-kurla-complex,Mumbai,Maharashtra,India,Unknown
4554,shop no 9,22200,13,204,$0.11,3,22,https://www.zomato.com/ncr/new-shop-sector-9-faridabad/order,Unknown,Unknown,Unknown,Unknown
4555,sandy's chocolate lab,18100,4,5502,$0.46,3,19,https://www.zomato.com/chennai/sandys-chocolate-laboratory-nungambakkam,Chennai,Tamil Nadu,India,Unknown
4556,sairat biryani,22200,4,5502,$0.06,3,22,https://www.zomato.com/pune/restaurants/sairat-biryani-1,Pune,Maharashtra,India,Restaurant
4557,restaurants mumbai,18100,4,5502,$0.29,7,26,https://www.zomato.com/mumbai/restaurants,Mumbai,Maharashtra,India,Restaurant
4558,restaurants in koregaon park,18100,4,5502,$0.11,6,12,https://www.zomato.com/pune/koregaon-park-restaurants,Pune,Maharashtra,India,Restaurant
4559,restaurants in kammanahalli,18100,4,5502,$0.05,11,22,https://www.zomato.com/bangalore/kammanahalli-restaurants,Bangalore,Karnataka,India,Restaurant
4560,gluten free food restaurants,12100,8,1192,$0.11,1,36,https://www.zomato.com/ncr/restaurants?from_query=gluten%20free&gluten-free=1,Unknown,Unknown,Unknown,Restaurant
4561,ghevar sweet,18100,29,43,$0.07,12,27,https://www.zomato.com/mumbai/restaurants/dish-malai-ghevar,Mumbai,Maharashtra,India,Restaurant
4562,fast food restaurants and,18100,7,1761,$0.05,2,22,https://www.zomato.com/mumbai/fast-food,Mumbai,Maharashtra,India,Fast Food
4563,dlf phase 4,18100,8,848,$0.15,6,20,https://www.zomato.com/ncr/dlf-phase-4-restaurants,Unknown,Unknown,Unknown,Restaurant
4564,dlf club 5,12100,7,611,$0.38,17,21,https://www.zomato.com/ncr/dlf-club-5-sector-53-gurgaon,Unknown,Unknown,Unknown,Unknown
4565,deliver indian food,18100,5,2932,$0.49,1,22,https://www.zomato.com/,Unknown,Unknown,Unknown,Unknown
4566,karnataka food centre,18100,3,5502,$0.09,2,22,https://www.zomato.com/ncr/karnataka-food-centre-r-k-puram-new-delhi,Unknown,Unknown,Unknown,Unknown
4567,joshi marg,14800,30,38,$0.10,5,19,https://www.zomato.com/mumbai/joshi-house-1-worli/menu,Mumbai,Maharashtra,India,Unknown
4568,indian food for delivery,18100,8,1192,$0.32,1,42,https://www.zomato.com/patna/food-truck/indian?category=1,Patna,Bihar,India,Unknown
4569,hotel royal orchid central pune,18100,12,204,$0.24,37,22,https://www.zomato.com/pune/restaurants/in/hotel-royal-orchid-kalyani-nagar,Pune,Maharashtra,India,Restaurant
4570,hotel polo towers,18100,32,38,$0.13,41,31,https://www.zomato.com/agartala/hotel-polo-towers-krishna-nagar-agartala,Unknown,Unknown,Unknown,Hotel
4571,hotel akshaya,14800,11,356,$0.12,2,23,https://www.zomato.com/thrissur/hotel-akshaya-puzhakkal,Unknown,Unknown,Unknown,Hotel
4572,hilton hotel agra,18100,11,271,$0.63,24,36,https://www.zomato.com/agra/restaurants/in/doubletree-by-hilton-hotel-agra-tajganj,Agra,Uttar Pradesh,India,Restaurant
4573,haldiram karol bagh,18100,1,5502,$0.16,11,22,https://www.zomato.com/ncr/haldirams-karol-bagh-new-delhi,Unknown,Unknown,Unknown,Unknown
4574,gurugram restaurant,18100,4,5502,$0.24,9,26,https://www.zomato.com/ncr/gurgaon-restaurants,Unknown,Unknown,Unknown,Restaurant
4575,ganesh hotel,14800,4,5502,$0.18,2,23,https://www.zomato.com/mumbai/ganesh-hotel-kandivali-west,Mumbai,Maharashtra,India,Hotel
4576,best bakery,14800,10,848,$0.28,2,55,https://www.zomato.com/visakhapatnam/bakeries,Unknown,Unknown,Unknown,Bakery
4577,beatles cafe cafe delmar,18100,3,5502,$0.07,2,22,https://www.zomato.com/rishikesh/beatles-cafe-tapovan,Unknown,Unknown,Unknown,Cafe
4578,bastian bangalore,18100,3,5502,$0.24,1,24,https://www.zomato.com/bangalore/bastian-garden-city-st-marks-road-bangalore,Bangalore,Karnataka,India,Unknown
4579,barrys sky lounge bar & kitchen,12100,3,5502,$0.22,11,19,https://www.zomato.com/bangalore/barrys-sky-lounge-kalyan-nagar-bangalore,Bangalore,Karnataka,India,Bar
4580,bangalore nearby resorts,27100,106,38,$0.22,94,39,https://www.zomato.com/bangalore/restaurants,Bangalore,Karnataka,India,Restaurant
4581,bang bang noodles,8100,3,5502,$0.42,4,32,https://www.zomato.com/mumbai/bang-bang-noodle-goregaon-west,Mumbai,Maharashtra,India,Unknown
4582,amethyst chennai,18100,5,1761,$0.93,1,23,https://www.zomato.com/chennai/amethyst-cafe-thousand-lights,Chennai,Tamil Nadu,India,Cafe
4583,akbari gate,14800,33,38,$0.15,3,28,https://www.zomato.com/lucknow/kunafa-day-chowk,Lucknow,Uttar Pradesh,India,Unknown
4584,daryaganj in delhi,18100,5,2932,$0.11,2,32,https://www.zomato.com/ncr/daryaganj-by-the-inventors-of-butter-chicken-and-dal-makhani-connaught-place-new-delhi,Unknown,Unknown,Unknown,Unknown
4585,camp burger,18100,1,5502,$0.07,2,24,https://www.zomato.com/pune/camp-new-burger-pune-solapur-road/order,Pune,Maharashtra,India,Unknown
4586,cafe flying gypsys,18100,5,1761,$0.14,2,22,https://www.zomato.com/vi/pune/cafe-flying-gypsys-shivaji-nagar?amp=1,Pune,Maharashtra,India,Cafe
4587,butter chicken near me,18100,6,2932,$0.15,9,13,https://www.zomato.com/jalgaon/delivery/dish-butter-chicken,Unknown,Unknown,Unknown,Unknown
4588,bopal ahmedabad,14800,19,106,$0.15,8,20,https://www.zomato.com/ahmedabad/best-bopal-restaurants,Ahmedabad,Gujarat,India,Restaurant
4589,best pizza near me,14800,10,611,$0.25,9,12,https://www.zomato.com/pizza-restaurants-near-me,Unknown,Unknown,Unknown,Restaurant
4590,best dosa near me,14800,5,5502,$0.26,6,11,https://www.zomato.com/bangalore/delightful-dosas,Bangalore,Karnataka,India,Unknown
4591,zomato delivery map,18100,2,5502,$0,1,28,https://www.zomato.com/delivery-cities,Unknown,Unknown,Unknown,Unknown
4592,tim hortons near me,18100,6,1761,$0.38,2,11,https://www.zomato.com/pune/restaurants/tim-hortons?landmark_id=259&category=2,Pune,Maharashtra,India,Restaurant
4593,the gt road restaurant,18100,3,5502,$0.21,3,22,https://www.zomato.com/ncr/the-gt-road-connaught-place-new-delhi,Unknown,Unknown,Unknown,Unknown
4594,the buck stops here,18100,3,5502,$0,2,11,https://www.zomato.com/ncr/the-buck-stops-here-dlf-cyber-city,Unknown,Unknown,Unknown,Unknown
4595,the bay club mumbai,18100,45,38,$0.32,4,19,https://www.zomato.com/mumbai/ally-bay-multicuisine-restaurant-chandivali,Mumbai,Maharashtra,India,Restaurant
4596,thai food delivery,12100,6,1761,$0.33,1,47,https://www.zomato.com/patna/restaurants/thai?ref_page=home&icici=1&category=1&page=1,Patna,Bihar,India,Restaurant
4597,take out restaurants near me,18100,5,2932,$0.07,8,23,https://www.zomato.com/restaurants-near-me,Unknown,Unknown,Unknown,Restaurant
4598,sugar free ice cream,14800,12,463,$0.17,95,38,https://www.zomato.com/mumbai/restaurants/dish-sugar-free-ice-cream,Mumbai,Maharashtra,India,Restaurant
4599,westin powai,18100,6,1192,$0.26,54,40,https://www.zomato.com/mumbai/restaurants/in/the-westin-mumbai-powai-lake,Mumbai,Maharashtra,India,Restaurant
4600,venu biriyani dindigul,27100,7,1761,$0,1,22,https://www.zomato.com/coimbatore/dindigul-venu-biryani-1-lakshmi-mills/order,Unknown,Unknown,Unknown,Unknown
4601,rg royal hotel bangalore,12100,17,101,$0.22,11,19,https://www.zomato.com/bangalore/restaurants/in/rg-royal-hotels-yeshwantpur,Bangalore,Karnataka,India,Restaurant
4602,restaurants or fast food,18100,5,5502,$0.05,2,22,https://www.zomato.com/mumbai/fast-food,Mumbai,Maharashtra,India,Fast Food
4603,restaurants near me veg,14800,5,2932,$0.25,15,14,https://www.zomato.com/restaurants-near-me,Unknown,Unknown,Unknown,Restaurant
4604,restaurant near me take out,18100,4,5502,$0.07,8,26,https://www.zomato.com/restaurants-near-me,Unknown,Unknown,Unknown,Restaurant
4605,restaurant for takeout near me,18100,5,5502,$0.07,7,33,https://www.zomato.com/restaurants-near-me,Unknown,Unknown,Unknown,Restaurant
4606,radisson blu hotel jammu,18100,29,38,$0.26,34,23,https://www.zomato.com/jammu/blu-pan-hotel-radisson-blu-channi-himmat,Unknown,Unknown,Unknown,Hotel
4607,project hum,18100,4,2932,$0.24,3,23,https://www.zomato.com/mumbai/project-hum-pali-hill-bandra-west,Mumbai,Maharashtra,India,Unknown
4608,pritam da dhaba dadar east,18100,3,5502,$0.53,3,19,https://www.zomato.com/mumbai/pritam-da-dhaba-dadar-east,Mumbai,Maharashtra,India,Unknown
4609,pratap the dhaba,12100,4,2932,$0.26,8,22,https://www.zomato.com/mumbai/pratap-the-dhaba-oshiwara,Mumbai,Maharashtra,India,Unknown
4610,poona in india,22200,75,38,$0.39,1,27,https://www.zomato.com/pune/madinah-restaurant-camp-area,Pune,Maharashtra,India,Restaurant
4611,old mumbai pune road,18100,11,463,$0.09,2,22,https://www.zomato.com/pune/old-mumbai-pune-highway-restaurants,Pune,Maharashtra,India,Restaurant
4612,o by tamara trivandrum,18100,28,37,$0.26,35,21,https://www.zomato.com/trivandrum/o-caf%C3%A9-thumba,Unknown,Unknown,Unknown,Unknown
4613,sindhi society chembur,14800,11,356,$0.12,5,19,https://www.zomato.com/mumbai/sindhi-society-gymkhana-chembur,Mumbai,Maharashtra,India,Unknown
4614,shyam bazar,18100,11,611,$0.20,2,20,https://www.zomato.com/hi/kolkata/best-shyam-bazar-restaurants,Kolkata,West Bengal,India,Restaurant
4615,seasons restaurant electronic city,18100,1,5502,$0,11,14,https://www.zomato.com/bangalore/seasons-electronic-city,Bangalore,Karnataka,India,Unknown
4616,seabreeze,18100,25,48,$0.54,2,37,https://www.zomato.com/mumbai/sea-breeze-gorai,Mumbai,Maharashtra,India,Unknown
4617,maggi near me,14800,8,1192,$0.41,2,18,https://www.zomato.com/guwahati/delivery/dish-maggi,Unknown,Unknown,Unknown,Unknown
4618,lemon tree manesar,18100,11,271,$0.07,28,27,https://www.zomato.com/ncr/skinners-lemon-tree-hotel-manesar-gurgaon,Unknown,Unknown,Unknown,Hotel
4619,lemon tree hotel kaushambi,18100,10,271,$0.30,32,21,https://www.zomato.com/ncr/citrus-cafe-lemon-tree-hotel-kaushambi-ghaziabad,Unknown,Unknown,Unknown,Cafe
4620,kwality walls ice cream,18100,9,611,$0.13,15,15,https://www.zomato.com/bangalore/kwality-walls-ice-cream-and-more-2-kr-puram-bangalore/order,Bangalore,Karnataka,India,Ice Cream
4621,koi and co,18100,3,5502,$0.03,1,21,https://www.zomato.com/hyderabad/koi-co-bar-and-kitchen-sainikpuri-secunderabad,Hyderabad,Telangana,India,Bar
4622,kochi holiday inn hotel,18100,27,38,$0.41,51,34,https://www.zomato.com/kochi/restaurants/in/holiday-inn-cochin,Kochi,Kerala,India,Restaurant
4623,kipling cafe in chennai,22200,2,5502,$0.05,1,23,https://www.zomato.com/chennai/kipling-cafe-akkarai,Chennai,Tamil Nadu,India,Cafe
4624,kalyan nagar bengaluru karnataka,18100,7,848,$0.21,5,22,https://www.zomato.com/bangalore/kalyan-nagar-restaurants,Bangalore,Karnataka,India,Restaurant
4625,jamun goa,18100,4,2932,$0,4,25,https://www.zomato.com/goa/jamun-assagao,Goa,Goa,India,Unknown
4626,jade garden,14800,7,1192,$0.44,4,24,https://www.zomato.com/ooty/jade-garden-marlimund,Unknown,Unknown,Unknown,Unknown
4627,infantry road bangalore,18100,12,271,$0.19,5,21,https://www.zomato.com/bangalore/infantry-road-restaurants,Bangalore,Karnataka,India,Restaurant
4628,ibis mumbai bkc,9900,16,106,$0.76,17,20,https://www.zomato.com/mumbai/spice-it-ibis-mumbai-bkc-santacruz-east,Mumbai,Maharashtra,India,Unknown
4629,hotel nidhivan sarovar vrindavan,18100,78,38,$0.17,33,20,https://www.zomato.com/vrindavan/nidhivan-sarovar-portico-vrindavan-locality/order,Unknown,Unknown,Unknown,Unknown
4630,hotel courtyard marriott bhopal,18100,25,41,$0.60,43,33,https://www.zomato.com/bhopal/restaurants/in/courtyard-by-marriot-maharana-pratap-nagar,Unknown,Unknown,Unknown,Restaurant
4631,nesco goregaon,14800,4,2932,$0.10,1,23,https://www.zomato.com/mumbai/restaurants/in/nesco,Mumbai,Maharashtra,India,Restaurant
4632,mehfil takeaway,8100,4,5502,$0.15,3,19,https://www.zomato.com/hyderabad/mehfil-takeaway-banjara-hills,Hyderabad,Telangana,India,Unknown
4633,empire restaurant indiranagar,18100,1,5502,$0.26,10,20,https://www.zomato.com/bangalore/empire-restaurant-since-1966-indiranagar-bangalore,Bangalore,Karnataka,India,Restaurant
4634,deli,18100,7,848,$0.26,1,36,https://www.zomato.com/mumbai/deli-by-the-blue-khar,Mumbai,Maharashtra,India,Unknown
4635,de li,14800,14,204,$0.04,1,52,https://www.zomato.com/bangalore/the-deli-the-den-bengaluru-whitefield-bangalore,Bangalore,Karnataka,India,Unknown
4636,coffee since 1999,14800,3,5502,$0,8,20,https://www.zomato.com/chennai/coffee-since-1999-2-thousand-lights,Chennai,Tamil Nadu,India,Coffee
4637,chocolate laboratory chennai,14800,4,5502,$0.17,4,21,https://www.zomato.com/chennai/sandys-chocolate-laboratory-nungambakkam,Chennai,Tamil Nadu,India,Unknown
4638,chandani chowk pune,18100,11,611,$0.15,1,21,https://www.zomato.com/pune/bar?zomato_place_id=91211,Pune,Maharashtra,India,Bar
4639,cha bar,14800,4,2932,$0,7,25,https://www.zomato.com/ncr/cha-bar-connaught-place-new-delhi,Unknown,Unknown,Unknown,Bar
4640,capital social,18100,1,5502,$0.02,1,20,https://www.zomato.com/capitalsocial,Unknown,Unknown,Unknown,Unknown
4641,block 16 restaurant,18100,31,38,$0.16,3,52,https://www.zomato.com/ncr/big-banana-saket-new-delhi,Unknown,Unknown,Unknown,Unknown
4642,bkc dive mumbai,18100,3,5502,$0.22,2,23,https://www.zomato.com/mumbai/bkc-dive-bandra-kurla-complex,Mumbai,Maharashtra,India,Unknown
4643,bangalore canteen jm road,14800,4,2932,$0.21,3,31,https://www.zomato.com/pune/bangalore-canteen-1-karve-nagar,Pune,Maharashtra,India,Unknown
4644,andaz delhi hotel,18100,33,38,$1.20,56,28,https://www.zomato.com/ncr/restaurants/in/andaz-delhi-aerocity,Unknown,Unknown,Unknown,Restaurant
4645,agra itc mughal hotel,14800,16,135,$0.60,62,30,https://www.zomato.com/agra/mughal-pavilion-itc-mughal-tajganj,Agra,Uttar Pradesh,India,Unknown
4646,cafe near me within 400m,18100,4,5502,$0.17,26,18,https://www.zomato.com/cafes-near-me,Unknown,Unknown,Unknown,Cafe
4647,yogi nagar borivali west,18100,11,463,$0.38,5,17,https://www.zomato.com/mumbai/borivali-west-order-online?delivery_subzone=8242&veg=1,Mumbai,Maharashtra,India,Unknown
4648,house of boho,12100,3,5502,$0,2,17,https://www.zomato.com/ncr/house-of-boho-south-extension-2-new-delhi,Unknown,Unknown,Unknown,Unknown
4649,hotel lalit udaipur,18100,10,356,$0.20,43,31,https://www.zomato.com/udaipur/restaurants/in/the-lalit-laxmi-vilas-palace,Unknown,Unknown,Unknown,Restaurant
4650,holiday inn kochi,22200,11,204,$0.12,56,36,https://www.zomato.com/kochi/restaurants/in/holiday-inn-cochin,Kochi,Kerala,India,Restaurant
4651,hilton garden inn trivandrum,14800,22,48,$0.32,38,21,https://www.zomato.com/trivandrum/garden-grille-bar-hilton-hotel-palayam,Unknown,Unknown,Unknown,Bar
4652,half fried,18100,4,2932,$0.04,2,23,https://www.zomato.com/ncr/half-fried-lado-sarai-new-delhi,Unknown,Unknown,Unknown,Unknown
4653,guwahati cafe,14800,8,1761,$0,1,23,https://www.zomato.com/guwahati/great-cafes,Unknown,Unknown,Unknown,Cafe
4654,gujarat bhawan,18100,1,5502,$0,4,25,https://www.zomato.com/ncr/gujarat-bhawan-restaurant-chanakyapuri-new-delhi,Unknown,Unknown,Unknown,Restaurant
4655,grand mercure surya palace vadodara,18100,11,204,$0.35,19,41,https://www.zomato.com/vadodara/azure-grand-mercure-vadodara-surya-palace-sayajigunj,Unknown,Unknown,Unknown,Unknown
4656,gopalan mall rr nagar,4400,6,848,$0.04,1,19,https://www.zomato.com/bangalore/restaurants/in/gopalan-arcade-rajarajeshwari-nagar,Bangalore,Karnataka,India,Restaurant
4657,fine dining near me,14800,2,5502,$0.20,14,14,https://www.zomato.com/fine-dining-near-me,Unknown,Unknown,Unknown,Unknown
4658,fast food restaurant food,18100,5,5502,$0.05,2,22,https://www.zomato.com/mumbai/fast-food,Mumbai,Maharashtra,India,Fast Food
4659,fast food or restaurants,18100,5,5502,$0.05,2,24,https://www.zomato.com/mumbai/fast-food,Mumbai,Maharashtra,India,Fast Food
4660,zomato shares price today,18100,53,38,$0.78,1,31,https://www.zomato.com/mobile,Unknown,Unknown,Unknown,Unknown
4661,vada pav of mumbai,18100,11,848,$0.07,1,24,https://www.zomato.com/mumbai/delivery/dish-vada-pav,Mumbai,Maharashtra,India,Unknown
4662,tripura resort,18100,28,41,$0.06,33,33,https://www.zomato.com/hyderabad/tripura-resorts-medipally/menu,Hyderabad,Telangana,India,Unknown
4663,the fisherman's wharf hyderabad,12100,1,5502,$0.18,5,18,https://www.zomato.com/hyderabad/the-fishermans-wharf-financial-district,Hyderabad,Telangana,India,Unknown
4664,thar the taste of rajasthan,18100,3,5502,$0.18,4,19,https://www.zomato.com/bangalore/thar-the-taste-of-rajasthan-koramangala-5th-block-bangalore,Bangalore,Karnataka,India,Unknown
4665,thai food for delivery,18100,7,1761,$0.01,1,22,https://www.zomato.com/lucknow/restaurants/thai,Lucknow,Uttar Pradesh,India,Restaurant
4666,suga n spice,18100,8,848,$0.04,1,23,https://www.zomato.com/vapi/sugar-n-spice-vapi-locality,Unknown,Unknown,Unknown,Unknown
4667,smash guys burger kitchen indiranagar,22200,3,5502,$0.15,6,20,https://www.zomato.com/bangalore/smash-guys-burger-kitchen-indiranagar-bangalore,Bangalore,Karnataka,India,Unknown
4668,murugan idli,22200,8,1192,$0,1,25,https://www.zomato.com/chennai/murugan-idli-shop-t-nagar,Chennai,Tamil Nadu,India,Unknown
4669,mh14,14800,17,106,$0,1,35,https://www.zomato.com/pune/hotel-mh-14-wakad,Pune,Maharashtra,India,Hotel
4670,mexican food delivery,2900,2,5502,$0.35,1,49,https://www.zomato.com/ncr/restaurants/mexican?category=1,Unknown,Unknown,Unknown,Restaurant
4671,matteo coffea,18100,3,5502,$0.20,5,21,https://www.zomato.com/bangalore/matteo-coffea-church-street,Bangalore,Karnataka,India,Unknown
4672,marriott bhopal,18100,14,164,$0.30,47,38,https://www.zomato.com/bhopal/itanori-courtyard-by-marriott-maharana-pratap-nagar/menu,Unknown,Unknown,Unknown,Unknown
4673,manek chowk road,14800,18,106,$0,6,19,https://www.zomato.com/ahmedabad/manek-sandwich-pizza-manek-chowk,Ahmedabad,Gujarat,India,Pizza
4674,sangam circle,18100,27,48,$0.20,6,21,https://www.zomato.com/bangalore/sangam-sweets-since-1964-seshadripuram-bangalore,Bangalore,Karnataka,India,Unknown
4675,restaurants near me popular,18100,4,5502,$0.06,12,73,https://www.zomato.com/restaurants-near-me,Unknown,Unknown,Unknown,Restaurant
4676,restaurants near me for takeout,18100,4,5502,$0.07,8,29,https://www.zomato.com/restaurants-near-me,Unknown,Unknown,Unknown,Restaurant
4677,restaurants in udaipur,8100,4,5502,$0.07,17,26,https://www.zomato.com/udaipur/restaurants?category=2,Unknown,Unknown,Unknown,Restaurant
4678,restaurants in goa panjim,18100,6,1761,$0.07,14,20,https://www.zomato.com/goa/best-panaji-restaurants,Goa,Goa,India,Restaurant
4679,restaurants bhubaneswar,18100,4,5502,$0.11,3,24,https://www.zomato.com/bhubaneswar/restaurants,Unknown,Unknown,Unknown,Restaurant
4680,restaurant near me veg,14800,6,2932,$0.05,12,48,https://www.zomato.com/restaurants-near-me,Unknown,Unknown,Unknown,Restaurant
4681,restaurant food buffet,18100,6,2932,$0.08,3,20,https://www.zomato.com/hyderabad/best-buffet,Hyderabad,Telangana,India,Unknown
4682,resorts in hyderabad leonia,14800,73,38,$0.13,33,22,https://www.zomato.com/hyderabad/restaurants,Hyderabad,Telangana,India,Restaurant
4683,renaissance ahmedabad hotel,18100,30,38,$0.41,23,25,https://www.zomato.com/ahmedabad/r-kitchen-renaissance-hotel-sola,Ahmedabad,Gujarat,India,Hotel
4684,rasoi,18100,8,1761,$0,1,37,https://www.zomato.com/bangalore/rasoi-banashankari,Bangalore,Karnataka,India,Unknown
4685,raj spanish cafe,12100,3,5502,$0.08,3,25,https://www.zomato.com/kolkata/raj-spanish-cafe-new-market-area,Kolkata,West Bengal,India,Cafe
4686,r r nagar gopalan mall,18100,6,611,$0.18,3,21,https://www.zomato.com/bangalore/restaurants/in/gopalan-arcade-rajarajeshwari-nagar,Bangalore,Karnataka,India,Restaurant
4687,prism club & kitchen,22200,4,2932,$0,5,13,https://www.zomato.com/hyderabad/prism-club-kitchen-financial-district,Hyderabad,Telangana,India,Unknown
4688,park plaza ludhiana ludhiana punjab,18100,31,38,$0.36,22,23,https://www.zomato.com/ludhiana/panorama-park-plaza-gurdev-nagar,Unknown,Unknown,Unknown,Unknown
4689,paltan bazaar guwahati assam,18100,40,38,$0.09,5,26,https://www.zomato.com/guwahati/best-paltan-bazaar-restaurants,Unknown,Unknown,Unknown,Restaurant
4690,non veg dhaba near me,18100,1,5502,$0.11,6,12,https://www.zomato.com/dhabas-near-me,Unknown,Unknown,Unknown,Unknown
4691,sigree restaurant in mumbai,18100,4,5502,$0.21,4,23,https://www.zomato.com/mumbai/sigree-global-grill-powai,Mumbai,Maharashtra,India,Unknown
4692,garden in powai,18100,17,101,$0.08,3,21,https://www.zomato.com/mumbai/fame-garden-priv%C3%A9-powai,Mumbai,Maharashtra,India,Unknown
4693,gangotri bar and restaurant,14800,5,2932,$0,5,11,https://www.zomato.com/pune/gangotri-restaurant-and-bar-pimpri/menu,Pune,Maharashtra,India,Restaurant
4694,fun fiesta,18100,8,356,$0.01,1,23,https://www.zomato.com/mumbai/farmhouse-funfiesta-nalasopara,Mumbai,Maharashtra,India,Unknown
4695,food near me kebab,18100,4,5502,$0.03,5,23,https://www.zomato.com/kebab-restaurants-near-me,Unknown,Unknown,Unknown,Restaurant
4696,food maharashtra,18100,21,43,$0.01,1,78,https://www.zomato.com/mumbai/delivery,Mumbai,Maharashtra,India,Unknown
4697,food hub,18100,9,848,$0.06,1,21,https://www.zomato.com/mumbai/food-hub-malad-west,Mumbai,Maharashtra,India,Unknown
4698,espressos anyday,8100,4,2932,$0.99,7,17,https://www.zomato.com/ncr/espressos-anyday-3-dlf-phase-4-gurgaon,Unknown,Unknown,Unknown,Unknown
4699,empire restaurant hsr layout bengaluru karnataka,18100,1,5502,$0.16,5,19,https://www.zomato.com/bangalore/empire-restaurant-since-1966-hsr-bangalore,Bangalore,Karnataka,India,Restaurant
4700,dream festiva,22200,7,1761,$0,3,25,https://www.zomato.com/surat/dream-festiva-palanpore,Surat,Gujarat,India,Unknown
4701,delhi club house,18100,3,5502,$0.07,3,29,https://www.zomato.com/ncr/delhi-club-house-r-k-puram-new-delhi,Unknown,Unknown,Unknown,Unknown
4702,kazé bar & kitchen,18100,3,5502,$0.26,5,23,https://www.zomato.com/bangalore/kaz%C3%A9-1-lavelle-road-bangalore,Bangalore,Karnataka,India,Unknown
4703,jodhpur park kolkata,18100,7,1192,$0,5,20,https://www.zomato.com/kolkata/jodhpur-park-restaurants,Kolkata,West Bengal,India,Restaurant
4704,italian restaurant restaurant,18100,5,2932,$0.08,3,41,https://www.zomato.com/hyderabad/restaurants/italian,Hyderabad,Telangana,India,Restaurant
4705,indian food north,18100,10,611,$0.03,1,51,https://www.zomato.com/north-indian-restaurants-near-me,Unknown,Unknown,Unknown,Restaurant
4706,hyatt regency trivandrum,14800,21,59,$23.38,28,26,https://www.zomato.com/trivandrum/restaurants/in/hyatt-regency-trivandrum,Unknown,Unknown,Unknown,Restaurant
4707,hotel royals,18100,15,135,$0.34,2,19,https://www.zomato.com/bhubaneswar/hotel-royal-1-sahid-nagar-bhubaneshwar,Unknown,Unknown,Unknown,Hotel
4708,honey dew,18100,14,271,$0,1,24,https://www.zomato.com/chandigarh/honey-dew-new-chandigarh-mohali,Chandigarh,Chandigarh,India,Unknown
4709,honest restaurant avadh,12100,2,5502,$0.01,1,19,https://www.zomato.com/morbi/honest-avadh-hotel-2-morbi-locality/order,Unknown,Unknown,Unknown,Hotel
4710,hilton agra,18100,11,271,$0.30,25,31,https://www.zomato.com/agra/north-27-doubletree-by-hilton-tajganj,Agra,Uttar Pradesh,India,Unknown
4711,hi tea,18100,11,611,$0.06,1,17,https://www.zomato.com/kolkata/hi-tea-by-tea-chinar-park,Kolkata,West Bengal,India,Unknown
4712,good hotels at jaipur,18100,68,38,$0.37,99,39,https://www.zomato.com/jaipur/restaurants,Jaipur,Rajasthan,India,Restaurant
4713,go zero ice cream,18100,9,848,$0.02,93,21,https://www.zomato.com/mumbai/go-zero-ice-creams-desserts-bhandup/order,Mumbai,Maharashtra,India,Dessert
4714,lemon tree premier bhubaneswar,14800,9,463,$0.27,23,21,https://www.zomato.com/bhubaneswar/restaurants/in/lemon-tree-premier-bhubaneswar,Unknown,Unknown,Unknown,Restaurant
4715,krishnan kitchen,18100,1,5502,$0.13,3,21,https://www.zomato.com/mumbai/krishnans-kitchen-4-bungalows,Mumbai,Maharashtra,India,Unknown
4716,krishna kitchen,12100,3,5502,$0,4,23,https://www.zomato.com/hyderabad/krishnas-kitchen-2-madhapur,Hyderabad,Telangana,India,Unknown
4717,big pitcher sarjapur,8100,3,5502,$0.06,8,24,https://www.zomato.com/bangalore/big-pitcher-sarjapur-road-bangalore,Bangalore,Karnataka,India,Unknown
4718,bharath mall,14800,6,611,$0.03,9,23,https://www.zomato.com/mangalore/restaurants/in/bharath-mall-lalbagh,Unknown,Unknown,Unknown,Restaurant
4719,benne,9900,7,1761,$0.07,1,26,https://www.zomato.com/mumbai/benne-pali-hill-bandra-west,Mumbai,Maharashtra,India,Unknown
4720,begums,18100,31,39,$1.45,1,36,https://www.zomato.com/ncr/begam-defence-colony-new-delhi,Unknown,Unknown,Unknown,Unknown
4721,aubree,18100,5,2932,$0.18,73,58,https://www.zomato.com/bangalore/aubree-cakes-desserts-more-sadashiv-nagar-bangalore,Bangalore,Karnataka,India,Dessert
4722,alreem thammanam,18100,1,5502,$0.13,2,21,https://www.zomato.com/kochi/hotel-al-reem-vyttila,Kochi,Kerala,India,Hotel
4723,adda 24/7,18100,36,38,$0.17,4,25,https://www.zomato.com/sk/ncr/chai-maggi-adda-24-7-sector-54-gurgaon?amp=1,Unknown,Unknown,Unknown,Unknown
4724,delivery thai food,12100,7,1761,$0.33,1,42,https://www.zomato.com/lucknow/restaurants/thai,Lucknow,Uttar Pradesh,India,Restaurant
4725,darjeeling glenary,18100,3,5502,$0,1,23,https://www.zomato.com/darjeeling/glenarys-restaurant-bar-chauk-bazaar,Unknown,Unknown,Unknown,Restaurant
4726,courtyard by marriott pune chakan,18100,15,135,$0.47,12,14,https://www.zomato.com/pune/restaurants/in/courtyard-by-marriott-chakan,Pune,Maharashtra,India,Restaurant
4727,coffee sangam,9900,3,5502,$0.14,5,30,https://www.zomato.com/hyderabad/coffee-sangam-jubilee-hills,Hyderabad,Telangana,India,Coffee
4728,clarks hotel lucknow,18100,11,271,$0.39,25,21,https://www.zomato.com/lucknow/restaurants/in/hotel-clarks-avadh-hazratganj,Lucknow,Uttar Pradesh,India,Restaurant
4729,choti wala,18100,7,1761,$0.07,3,23,https://www.zomato.com/haridwar/chotiwala-restaurant-1-har-ki-pauri,Unknown,Unknown,Unknown,Restaurant
4730,chocolate factory,18100,10,1192,$0.48,1,24,https://www.zomato.com/hyderabad/the-chocolate-factory-kukatpally,Hyderabad,Telangana,India,Unknown
4731,cherthala city,14800,28,41,$0,1,23,https://www.zomato.com/cherthala/cherthala-city-restaurants/beverage-shop,Unknown,Unknown,Unknown,Restaurant
4732,chanakya hotel patna,18100,24,48,$0.14,22,25,https://www.zomato.com/patna/takshila-hotel-chanakya-sri-krishnapuri,Patna,Bihar,India,Hotel
4733,chairman's resto bar,18100,3,5502,$0.15,3,22,https://www.zomato.com/bangalore/chairmans-restobar-jalahalli-bangalore,Bangalore,Karnataka,India,Bar
4734,calicut cafeteria,18100,6,1761,$0,3,24,https://www.zomato.com/kozhikode/calicut-cafeteria-1-palayam,Unknown,Unknown,Unknown,Cafe
4735,cake and honey,18100,20,135,$0.22,1,57,https://www.zomato.com/chennai/honey-special-cake-thousand-lights,Chennai,Tamil Nadu,India,Unknown
4736,cafe for friends,14800,4,1761,$0,1,18,https://www.zomato.com/ncr/great-cafes,Unknown,Unknown,Unknown,Cafe
4737,à la carte,18100,10,611,$0,1,35,https://www.zomato.com/kolkata/a-la-carte-dum-dum,Kolkata,West Bengal,India,Unknown
4738,sukhdev murthal,18100,4,5502,$0.21,1,38,https://www.zomato.com/ncr/amrik-sukhdev-murthal-new-delhi,Unknown,Unknown,Unknown,Unknown
4739,simmer menu,12100,3,1761,$0,1,16,https://www.zomato.com/erode/simmer-sizzle-thindal/order,Unknown,Unknown,Unknown,Unknown
4740,shop no 8,18100,34,38,$0.13,2,33,https://www.zomato.com/ncr/shop-express-lda-24-7-2-suraj-kund-faridabad,Unknown,Unknown,Unknown,Unknown
4741,seasons restaurant electronic city bangalore,18100,3,5502,$0.12,6,19,https://www.zomato.com/bangalore/seasons-electronic-city,Bangalore,Karnataka,India,Unknown
4742,sangam circle bangalore,18100,35,38,$0.15,5,19,https://www.zomato.com/bangalore/sangam-sweets-since-1964-seshadripuram-bangalore,Bangalore,Karnataka,India,Unknown
4743,restaurants in powai mumbai,18100,5,2932,$0.03,4,22,https://www.zomato.com/mumbai/best-powai-restaurants,Mumbai,Maharashtra,India,Restaurant
4744,restaurants in powai,22200,4,5502,$0.35,1,20,https://www.zomato.com/mumbai/powai-restaurants,Mumbai,Maharashtra,India,Restaurant
4745,restaurants guwahati,18100,4,5502,$0.30,5,25,https://www.zomato.com/guwahati/dine-out,Unknown,Unknown,Unknown,Unknown
4746,restaurants close by my location,18100,4,5502,$0.07,20,30,https://www.zomato.com/restaurants-near-me,Unknown,Unknown,Unknown,Restaurant
4747,restaurants chandigarh india,18100,5,2932,$0.09,5,28,https://www.zomato.com/chandigarh/restaurants,Chandigarh,Chandigarh,India,Restaurant
4748,restaurants and fast food,18100,5,5502,$0.05,2,22,https://www.zomato.com/mumbai/fast-food,Mumbai,Maharashtra,India,Fast Food
4749,restaurant food fast,18100,5,5502,$0.05,2,22,https://www.zomato.com/mumbai/fast-food,Mumbai,Maharashtra,India,Fast Food
4750,zam zam,22200,7,1761,$0,1,24,https://www.zomato.com/kolkata/zam-zam-restaurant-park-circus-area,Kolkata,West Bengal,India,Restaurant
4751,udupi ruchi restaurant,12100,5,2932,$0.09,3,22,https://www.zomato.com/bangalore/udupi-ruchi-jayanagar-bangalore,Bangalore,Karnataka,India,Unknown
4752,the vortex bar,18100,57,38,$0.01,1,47,https://www.zomato.com/sk/mumbai/vortex-south-marine-lines?amp=1,Mumbai,Maharashtra,India,Unknown
4753,the rustle nest,9900,3,5502,$0.21,10,22,https://www.zomato.com/pune/the-rustle-nest-baner,Pune,Maharashtra,India,Unknown
4754,taffeta coffee,18100,3,5502,$0,3,24,https://www.zomato.com/jaipur/taffeta-coffee-1-tonk-road,Jaipur,Rajasthan,India,Coffee
4755,mall of india,22200,12,204,$1.10,2,20,https://www.zomato.com/ncr/restaurants/in/dlf-mall-of-india-sector-18-noida,Unknown,Unknown,Unknown,Restaurant
4756,lulu hypermarket bengaluru,27100,5,1192,$0.12,5,21,https://www.zomato.com/bangalore/lulu-hypermarket-rajajinagar-bangalore,Bangalore,Karnataka,India,Unknown
4757,lonavala radisson,18100,17,92,$0.34,55,25,https://www.zomato.com/pune/restaurants/in/radisson-resort-spa-lonavala,Pune,Maharashtra,India,Restaurant
4758,jw marriott new delhi,9900,12,204,$0.63,56,42,https://www.zomato.com/ncr/restaurants/in/jw-marriott-new-delhi-aerocity,Unknown,Unknown,Unknown,Restaurant
4759,jehan numa palace hotel bhopal,18100,6,1192,$0.18,20,28,https://www.zomato.com/bhopal/restaurants/in/hotel-jehan-numa-palace-tt-nagar,Unknown,Unknown,Unknown,Restaurant
4760,jasola,18100,19,92,$0.03,2,37,https://www.zomato.com/ncr/jasola-delhi-restaurants,Unknown,Unknown,Unknown,Restaurant
4761,jaipur hotels best,14800,50,38,$0.31,100,40,https://www.zomato.com/jaipur/restaurants,Jaipur,Rajasthan,India,Restaurant
4762,italian delivery,18100,4,5502,$0.73,1,21,https://www.zomato.com/hyderabad/italian-express-basheer-bagh,Hyderabad,Telangana,India,Unknown
4763,imperial garden,18100,22,92,$0.49,11,27,https://www.zomato.com/ncr/imperial-restaurant-1-dilshad-garden-new-delhi,Unknown,Unknown,Unknown,Restaurant
4764,how to order food in train,18100,8,611,$0.11,69,38,https://www.zomato.com/order-food-online-in-train,Unknown,Unknown,Unknown,Unknown
4765,hotel radisson jammu,18100,27,38,$0.27,34,21,https://www.zomato.com/jammu/blu-pan-hotel-radisson-blu-channi-himmat,Unknown,Unknown,Unknown,Hotel
4766,hotel pullman delhi aerocity,18100,29,35,$0.58,53,37,https://www.zomato.com/ncr/restaurants/in/pullman-new-delhi-aerocity,Unknown,Unknown,Unknown,Restaurant
4767,hotel crowne plaza new delhi okhla,18100,23,43,$0.41,33,27,https://www.zomato.com/ncr/restaurants/in/crowne-plaza-okhla,Unknown,Unknown,Unknown,Restaurant
4768,hotel bharath pure veg,14800,5,1761,$0.12,6,19,https://www.zomato.com/vi/thrissur/hotel-bharath-vegetarian-poothole/reviews?amp=1,Unknown,Unknown,Unknown,Hotel
4769,pyc gymkhana pune,18100,12,204,$0.10,4,22,https://www.zomato.com/sk/pune/pyc-april-rain-deccan-gymkhana?amp=1,Pune,Maharashtra,India,Unknown
4770,places to eat near me lunch,18100,5,2932,$0.06,18,29,https://www.zomato.com/restaurants-near-me,Unknown,Unknown,Unknown,Restaurant
4771,places in north goa,18100,13,204,$0.18,44,17,https://www.zomato.com/goa/22-must-try-places-in-north-goa,Goa,Goa,India,Unknown
4772,pizza area near me,14800,4,5502,$0.07,10,30,https://www.zomato.com/pizza-restaurants-near-me,Unknown,Unknown,Unknown,Restaurant
4773,pincode andheri east,18100,18,92,$0,1,18,https://www.zomato.com/mumbai/pincode-delhi-mahakali,Mumbai,Maharashtra,India,Unknown
4774,pappu da dhaba thane,14800,3,5502,$0.11,2,19,https://www.zomato.com/mumbai/pappu-da-dhaba-panch-pakhadi-thane-west,Mumbai,Maharashtra,India,Unknown
4775,pani puri com,18100,5,2932,$0.06,4,32,https://www.zomato.com/hi/ahmedabad/panipuri-com-tragad,Ahmedabad,Gujarat,India,Unknown
4776,nourish,18100,21,77,$0.61,1,37,https://www.zomato.com/mumbai/nourish-vile-parle-west,Mumbai,Maharashtra,India,Unknown
4777,nearest restaurant from my location,18100,4,5502,$0.15,16,15,https://www.zomato.com/restaurants-near-me,Unknown,Unknown,Unknown,Restaurant
4778,nearby restaurants from my location,18100,2,5502,$0.13,16,15,https://www.zomato.com/restaurants-near-me,Unknown,Unknown,Unknown,Restaurant
4779,near me take out,18100,6,2932,$0.04,1,75,https://www.zomato.com/restaurants-near-me,Unknown,Unknown,Unknown,Restaurant
4780,near by hotels for food,18100,6,5502,$0.28,6,12,https://www.zomato.com/restaurants-near-me,Unknown,Unknown,Unknown,Restaurant
4781,nair mess chepauk,12100,3,5502,$0.32,5,28,https://www.zomato.com/chennai/nair-mess-triplicane,Chennai,Tamil Nadu,India,Unknown
4782,n near me,18100,2,5502,$0,1,22,https://www.zomato.com/restaurants-near-me,Unknown,Unknown,Unknown,Restaurant
4783,muslim hotel near me,14800,18,106,$0.22,5,11,https://www.zomato.com/chandigarh/nizam-dhaba-7-sector-46-c/order,Chandigarh,Chandigarh,India,Unknown
4784,meghana biryani near me,14800,6,2932,$0.26,12,13,https://www.zomato.com/bangalore/restaurants/meghana-foods?category=2,Bangalore,Karnataka,India,Restaurant
4785,maratha food,18100,9,1761,$0.02,1,19,https://www.zomato.com/mumbai/the-maratha-kitchen-2-goregaon-east,Mumbai,Maharashtra,India,Unknown
4786,manesar lemon tree,18100,16,135,$0.19,36,26,https://www.zomato.com/ncr/skinners-lemon-tree-hotel-manesar-gurgaon,Unknown,Unknown,Unknown,Hotel
4787,restaurants with gluten free food,18100,7,1761,$0.37,1,20,https://www.zomato.com/ncr/restaurants?from_query=gluten%20free&gluten-free=1,Unknown,Unknown,Unknown,Restaurant
4788,restaurants udaipur india,14800,5,2932,$0.08,18,31,https://www.zomato.com/udaipur/restaurants?category=2,Unknown,Unknown,Unknown,Restaurant
4789,distance from kolkata to darjeeling,18100,48,38,$0.01,1,18,https://www.zomato.com/kolkata/restaurants/in/axis-mall-new-town,Kolkata,West Bengal,India,Restaurant
4790,courtyard by marriott madurai,14800,10,271,$0.25,27,18,https://www.zomato.com/madurai/madurai-kitchen-courtyard-by-marriott-kk-nagar,Unknown,Unknown,Unknown,Unknown
4791,chinese corner near me,14800,4,5502,$0.30,4,11,https://www.zomato.com/mumbai/chinese-corner-virar,Mumbai,Maharashtra,India,Unknown
4792,caterer,18100,91,38,$0.35,4,38,https://www.zomato.com/mumbai/prince-caterer-vasai,Mumbai,Maharashtra,India,Unknown
4793,cafeteria open near me,14800,4,5502,$0.06,11,31,https://www.zomato.com/cafeterias-near-me,Unknown,Unknown,Unknown,Cafe
4794,cafes hyderabad,22200,5,2932,$0,6,26,https://www.zomato.com/hyderabad/caf%C3%A9,Hyderabad,Telangana,India,Unknown
4795,hotel highway king bagru,18100,8,611,$0.10,9,13,https://www.zomato.com/jaipur/hotel-highway-king-1-ajmer-highway,Jaipur,Rajasthan,India,Hotel
4796,hotel greenpark hyderabad,18100,9,1426,$0.31,14,23,https://www.zomato.com/hyderabad/once-upon-a-time-hotel-greenpark-1-begumpet,Hyderabad,Telangana,India,Hotel
4797,gujarati cuisine,18100,88,38,$0,1,23,https://www.zomato.com/ahmedabad/restaurants,Ahmedabad,Gujarat,India,Restaurant
4798,goan spice,12100,3,5502,$0.08,6,24,https://www.zomato.com/goa/goan-spice-anjuna,Goa,Goa,India,Unknown
4799,gluten free foods at restaurants,18100,9,463,$0.37,1,20,https://www.zomato.com/ncr/restaurants?from_query=gluten%20free&gluten-free=1,Unknown,Unknown,Unknown,Restaurant
4800,ginger hotel jaipur,18100,50,38,$0.23,53,34,https://www.zomato.com/jaipur/the-ginger-restaurant-ajmer-highway,Jaipur,Rajasthan,India,Restaurant
4801,forum rangoli mall,18100,10,271,$0,2,19,https://www.zomato.com/kolkata/restaurants/in/forum-rangoli-mall-liluah,Kolkata,West Bengal,India,Restaurant
4802,food outlets near me,14800,5,5502,$0.20,14,14,https://www.zomato.com/restaurants-near-me,Unknown,Unknown,Unknown,Restaurant
4803,foo brigade road,18100,3,5502,$0.36,5,22,https://www.zomato.com/bangalore/foo-asian-tapas-brigade-road-bangalore,Bangalore,Karnataka,India,Unknown
4804,filter coffee house,12100,6,1761,$0.23,6,39,https://www.zomato.com/bangalore/the-filter-coffee-indiranagar-bangalore,Bangalore,Karnataka,India,Coffee
4805,fc road pune,14800,13,356,$0,1,18,https://www.zomato.com/pune/fc-road-social-shivaji-nagar,Pune,Maharashtra,India,Unknown
4806,fat fish goa,14800,3,5502,$0.23,2,18,https://www.zomato.com/goa/fat-fish-baga,Goa,Goa,India,Unknown
4807,doughnut near me,18100,5,2932,$0.19,7,21,https://www.zomato.com/hyderabad/restaurants/dish-doughnuts,Hyderabad,Telangana,India,Restaurant
4808,dining in chandigarh,18100,4,5502,$0.09,5,25,https://www.zomato.com/chandigarh/restaurants,Chandigarh,Chandigarh,India,Restaurant
4809,biryani kolkata,18100,4,5502,$0.13,1,19,https://www.zomato.com/kolkata/restaurants/biryani,Kolkata,West Bengal,India,Restaurant
4810,behram baug mumbai,18100,20,92,$0,4,20,https://www.zomato.com/mumbai/behram-baug-ki-biryani-jogeshwari,Mumbai,Maharashtra,India,Unknown
4811,baba hotel,14800,7,1192,$0.19,2,32,https://www.zomato.com/ncr/baba-hotel-2-dilshad-garden-new-delhi,Unknown,Unknown,Unknown,Hotel
4812,atha,18100,43,38,$0.15,2,19,https://www.zomato.com/indore/atha-rau/order,Indore,Madhya Pradesh,India,Unknown
4813,accord metropolitan,22200,4,2932,$0.17,40,37,https://www.zomato.com/chennai/restaurants/in/the-accord-metropolitan-tnagar,Chennai,Tamil Nadu,India,Restaurant
4814,a cafe amour,14800,8,848,$0.06,2,29,https://www.zomato.com/ncr/cafe-amour-1-dlf-phase-1-gurgaon,Unknown,Unknown,Unknown,Cafe
4815,5th street,18100,4,2932,$0.25,4,23,https://www.zomato.com/hyderabad/the-fifth-street-jubilee-hills,Hyderabad,Telangana,India,Unknown
4816,200 ft bypass,14800,16,164,$0.09,2,21,https://www.zomato.com/jaipur/highway-200-feet-restaurant-ajmer-highway,Jaipur,Rajasthan,India,Restaurant
4817,1559 ad,14800,3,5502,$0.07,3,26,https://www.zomato.com/udaipur/1559-ad-fateh-sagar/menu,Unknown,Unknown,Unknown,Unknown
4818,cafe encanto,12100,3,5502,$0,6,23,https://www.zomato.com/hyderabad/encanto-nagole,Hyderabad,Telangana,India,Unknown
4819,william john's pizza near me,18100,5,2932,$0.25,2,11,https://www.zomato.com/hyderabad/william-johns-pizza-vanasthalipuram,Hyderabad,Telangana,India,Pizza
4820,sushi food delivery,18100,6,1761,$0.44,1,27,https://www.zomato.com/ncr/delivery/dish-sushi,Unknown,Unknown,Unknown,Unknown
4821,sushi delivery,12100,5,2932,$0.41,1,30,https://www.zomato.com/bangalore/delivery/dish-sushi,Bangalore,Karnataka,India,Unknown
4822,sign laban edapally,9900,17,164,$0.28,3,32,https://www.zomato.com/kochi/real-laban-kacherippady/order,Kochi,Kerala,India,Unknown
4823,shivaji nagar pune,18100,23,77,$0.42,1,21,https://www.zomato.com/pune/shivaji-nagar-restaurants,Pune,Maharashtra,India,Restaurant
4824,satya nagar bhubaneswar,18100,16,106,$0.22,8,19,https://www.zomato.com/bhubaneswar/satya-nagar-restaurants/bar,Unknown,Unknown,Unknown,Restaurant
4825,sadhu vaswani chowk,18100,23,48,$0.10,4,18,https://www.zomato.com/pune/bistra?category=8&zomato_place_id=92812,Pune,Maharashtra,India,Unknown
4826,rnr biryani jayanagar,18100,3,5502,$0.44,5,18,https://www.zomato.com/bangalore/rnr-biryani-taste-of-1953-1-jayanagar-bangalore,Bangalore,Karnataka,India,Unknown
4827,restaurants vizag,18100,4,5502,$0.03,1,24,https://www.zomato.com/visakhapatnam/dine-out,Unknown,Unknown,Unknown,Unknown
4828,restaurants near me takeout,18100,4,5502,$0.07,7,20,https://www.zomato.com/restaurants-near-me,Unknown,Unknown,Unknown,Restaurant
4829,restaurants indore,18100,4,5502,$0.16,7,26,https://www.zomato.com/indore/restaurants,Indore,Madhya Pradesh,India,Restaurant
4830,restaurants for takeout near me,18100,5,2932,$0.07,8,29,https://www.zomato.com/restaurants-near-me,Unknown,Unknown,Unknown,Restaurant
4831,restaurant near my location,18100,4,5502,$0.28,16,15,https://www.zomato.com/restaurants-near-me,Unknown,Unknown,Unknown,Restaurant
4832,record room,14800,4,1761,$0,1,20,https://www.zomato.com/bangalore/record-room-mg-road-bangalore,Bangalore,Karnataka,India,Unknown
4833,veg food near me,18100,6,1761,$0.21,9,13,https://www.zomato.com/mumbai/navi-mumbai-restaurants?veg=1,Mumbai,Maharashtra,India,Restaurant
4834,u p 78,18100,13,463,$0,1,17,https://www.zomato.com/kanpur/the-up-78-arya-nagar,Unknown,Unknown,Unknown,Unknown
4835,truffles jakkur,9900,3,5502,$0.26,4,21,https://www.zomato.com/bangalore/truffles-jakkur-bangalore,Bangalore,Karnataka,India,Unknown
4836,theobroma cakes,14800,17,204,$0.25,98,20,https://www.zomato.com/pune/theobroma-mg-road/order,Pune,Maharashtra,India,Unknown
4837,the hub indore,9900,8,848,$0.13,5,25,https://www.zomato.com/the-refreshing-hub-food-truck,Unknown,Unknown,Unknown,Unknown
4838,tea post the desi cafe,14800,9,1192,$0.17,8,19,https://www.zomato.com/rajkot/tea-post-the-desi-cafe-kalawad-road,Unknown,Unknown,Unknown,Cafe
4839,tamarind restaurant,14800,4,5502,$0.34,5,24,https://www.zomato.com/kolkata/tamarind-desapriya-park,Kolkata,West Bengal,India,Unknown
4840,takeout food restaurant near me,18100,5,2932,$0.07,7,22,https://www.zomato.com/restaurants-near-me,Unknown,Unknown,Unknown,Restaurant
4841,spanish cafe kolkata,12100,3,5502,$0.08,3,27,https://www.zomato.com/kolkata/raj-spanish-cafe-new-market-area,Kolkata,West Bengal,India,Cafe
4842,nearby sweet shop,18100,4,5502,$0.25,7,21,https://www.zomato.com/hyderabad/sweet-shop,Hyderabad,Telangana,India,Sweet Shop
4843,moustache hostel jaipur,18100,37,38,$0.21,47,33,https://www.zomato.com/jaipur/moustache-headquarters-sindhi-camp?amp=1,Jaipur,Rajasthan,India,Unknown
4844,radisson blu hotel & spa nashik,18100,12,271,$0.48,12,25,https://www.zomato.com/nashik/the-smoked-vine-radisson-blu-hotel-spa-nashik-pathardi-phata,Unknown,Unknown,Unknown,Hotel
4845,pizza places near me,18100,4,5502,$0.26,7,13,https://www.zomato.com/pizza-restaurants-near-me,Unknown,Unknown,Unknown,Restaurant
4846,pizza galleria,18100,6,1761,$0.09,1,24,https://www.zomato.com/ncr/pizza-galleria-rohini-new-delhi,Unknown,Unknown,Unknown,Pizza
4847,patel nagar new delhi delhi,18100,22,77,$0.14,3,19,https://www.zomato.com/ncr/east-patel-nagar-delhi-restaurants,Unknown,Unknown,Unknown,Restaurant
4848,park plaza in ludhiana,18100,14,135,$0.38,25,25,https://www.zomato.com/ludhiana/panorama-park-plaza-gurdev-nagar,Unknown,Unknown,Unknown,Unknown
4849,panjim goa restaurant,18100,9,1192,$0.07,14,21,https://www.zomato.com/goa/panaji-restaurants,Goa,Goa,India,Restaurant
4850,on de roof restaurant chennai,18100,3,5502,$0.08,4,21,https://www.zomato.com/chennai/on-de-roof-anna-nagar-east,Chennai,Tamil Nadu,India,Unknown
4851,fairfield by marriott goa anjuna,18100,33,38,$0.23,18,16,https://www.zomato.com/goa/fairfield-by-marriott-anjuna/menu,Goa,Goa,India,Unknown
4852,f c road pune,14800,12,356,$0.12,1,27,https://www.zomato.com/pune/fc-road-social-shivaji-nagar,Pune,Maharashtra,India,Unknown
4853,eros hotel in new delhi,22200,16,204,$0.43,17,25,https://www.zomato.com/ncr/restaurants/in/eros-hotel-nehru-place,Unknown,Unknown,Unknown,Restaurant
4854,earth cafe juhu,14800,3,5502,$0.10,3,22,https://www.zomato.com/mumbai/earth-cafe-@-juhu-1-juhu,Mumbai,Maharashtra,India,Cafe
4855,dragon palace,18100,88,38,$0.08,4,29,https://www.zomato.com/hyderabad/dragon-palace-kothaguda,Hyderabad,Telangana,India,Unknown
4856,delhi club house delhi,18100,1,5502,$0.07,2,22,https://www.zomato.com/ncr/delhi-club-house-r-k-puram-new-delhi,Unknown,Unknown,Unknown,Unknown
4857,coles park,18100,13,356,$0.04,4,20,https://www.zomato.com/bangalore/coal-spark-hsr-bangalore,Bangalore,Karnataka,India,Unknown
4858,civil lines wala,18100,3,5502,$0.11,4,26,https://www.zomato.com/ncr/civil-lines-wala-sector-15,Unknown,Unknown,Unknown,Unknown
4859,chinese food delivery,12100,7,1192,$0.35,1,81,https://www.zomato.com/kolkata/restaurants/chinese?category=1,Kolkata,West Bengal,India,Restaurant
4860,cavo restro cafe,9900,3,5502,$0.12,3,32,https://www.zomato.com/ahmedabad/cavo-restro-cafe-ambli/menu,Ahmedabad,Gujarat,India,Cafe
4861,cafe sarwaa on the cliff,14800,10,463,$0.02,3,24,https://www.zomato.com/trivandrum/cafe-sarwaa-thycaud/menu,Unknown,Unknown,Unknown,Cafe
4862,cafe repertwahr,9900,3,5502,$0.26,7,20,https://www.zomato.com/lucknow/cafe-repertwahr-indira-nagar,Lucknow,Uttar Pradesh,India,Cafe
4863,cafe hyd,14800,1,5502,$0.04,6,25,https://www.zomato.com/hyderabad/cafe-hyd-gandipet,Hyderabad,Telangana,India,Cafe
4864,cafe de piccolo,18100,3,5502,$0,3,19,https://www.zomato.com/chandigarh/caf%C3%A9-de-piccolo-sector-9,Chandigarh,Chandigarh,India,Unknown
4865,bypass near me,12100,34,38,$0.02,1,19,https://www.zomato.com/kolkata/bypass-dhaba-cafe-3-narendra-pur,Kolkata,West Bengal,India,Cafe
4866,burger lounge,18100,8,848,$0,1,24,https://www.zomato.com/kochi/burger-lounge-palarivattom,Kochi,Kerala,India,Unknown
4867,bombay adda andheri,6600,3,5502,$0.13,5,22,https://www.zomato.com/mumbai/bombay-adda-andheri-east,Mumbai,Maharashtra,India,Unknown
4868,j w marriott chd,18100,6,848,$0.42,56,37,https://www.zomato.com/chandigarh/restaurants/in/jw-marriott,Chandigarh,Chandigarh,India,Restaurant
4869,italian restaurant,14800,6,2932,$0.51,5,24,https://www.zomato.com/hyderabad/restaurants/italian,Hyderabad,Telangana,India,Restaurant
4870,hotel yogi,18100,21,59,$0.17,6,21,https://www.zomato.com/mumbai/yogi-hotel-vashi-navi-mumbai,Mumbai,Maharashtra,India,Hotel
4871,hotel kinara,18100,10,463,$0.16,2,24,https://www.zomato.com/pune/hotel-kinara-1-pimpri,Pune,Maharashtra,India,Hotel
4872,haiku the asian kitchen,18100,4,5502,$0.21,5,12,https://www.zomato.com/hyderabad/haiku-banjara-hills,Hyderabad,Telangana,India,Unknown
4873,gujarat bhawan new delhi,18100,2,2932,$0.56,2,11,https://www.zomato.com/ncr/gujarat-bhawan-restaurant-chanakyapuri-new-delhi,Unknown,Unknown,Unknown,Restaurant
4874,goa spices,14800,12,568,$0.08,4,11,https://www.zomato.com/goa/goan-spice-anjuna,Goa,Goa,India,Unknown
4875,ginger jaipur,18100,33,38,$0.21,43,36,https://www.zomato.com/jaipur/the-ginger-restaurant-ajmer-highway,Jaipur,Rajasthan,India,Restaurant
4876,garden cafe,18100,4,5502,$0.22,2,24,https://www.zomato.com/kolkata/garden-cafe-alipore,Kolkata,West Bengal,India,Cafe
4877,ganga hotel,14800,7,1192,$0.43,4,24,https://www.zomato.com/chennai/hotel-ganga-4-anna-nagar-west,Chennai,Tamil Nadu,India,Hotel
4878,four points vashi navi mumbai,18100,11,463,$0.42,23,23,https://www.zomato.com/mumbai/the-a-diner-vashi-navi-mumbai,Mumbai,Maharashtra,India,Unknown
4879,forum falcon city mall,12100,11,356,$0.12,7,21,https://www.zomato.com/bangalore/restaurants/in/forum-south-bengaluru-mall,Bangalore,Karnataka,India,Restaurant
4880,foodstruck,18100,2,2932,$0.32,2,30,https://www.zomato.com/kolkata/food-struck-topsia,Kolkata,West Bengal,India,Unknown
4881,foodie corner,14800,5,2932,$0.09,1,22,https://www.zomato.com/ncr/foodies-corner-sector-37-gurgaon,Unknown,Unknown,Unknown,Unknown
4882,mh pune,22200,8,1192,$0.39,1,29,https://www.zomato.com/pune/mh-27-pimple-saudagar,Pune,Maharashtra,India,Unknown
4883,laura's,18100,3,2932,$0.10,1,23,https://www.zomato.com/pushkar/lauras-cafe-choti-basti,Unknown,Unknown,Unknown,Cafe
4884,koramangala food street,18100,5,2932,$0,12,22,https://www.zomato.com/bangalore/koramangala-restaurants/street-food,Bangalore,Karnataka,India,Restaurant
4885,kalyan near me,22200,11,463,$0.36,1,21,https://www.zomato.com/mumbai/kalyan-restaurants,Mumbai,Maharashtra,India,Restaurant
4886,kake di hatti near me,12100,6,2932,$0.04,7,20,https://www.zomato.com/ncr/kake-di-hatti-1-indirapuram-ghaziabad,Unknown,Unknown,Unknown,Unknown
4887,junction y,14800,8,1192,$0.13,3,27,https://www.zomato.com/mumbai/y-junction-mumbra-thane,Mumbai,Maharashtra,India,Unknown
4888,jollygunj whitefield,9900,3,5502,$0.19,7,22,https://www.zomato.com/bangalore/jollygunj-whitefield-bangalore,Bangalore,Karnataka,India,Unknown
4889,kalyan near me,22200,11,463,$0.36,1,21,https://www.zomato.com/mumbai/kalyan-restaurants,Mumbai,Maharashtra,India,Restaurant
4890,kake di hatti near me,12100,6,2932,$0.04,7,20,https://www.zomato.com/ncr/kake-di-hatti-1-indirapuram-ghaziabad,Unknown,Unknown,Unknown,Unknown
4891,junction y,14800,8,1192,$0.13,3,27,https://www.zomato.com/mumbai/y-junction-mumbra-thane,Mumbai,Maharashtra,India,Unknown
4892,jollygunj whitefield,9900,3,5502,$0.19,7,22,https://www.zomato.com/bangalore/jollygunj-whitefield-bangalore,Bangalore,Karnataka,India,Unknown
4893,william john's pizza near me,18100,5,2932,$0.25,2,11,https://www.zomato.com/hyderabad/william-johns-pizza-vanasthalipuram,Hyderabad,Telangana,India,Pizza
4894,zomato delivery map,18100,2,5502,$0,1,28,https://www.zomato.com/delivery-cities,Unknown,Unknown,Unknown,Unknown
4895,udupi sri krishna bhavan bangalore,9900,5,2932,$0.45,6,21,https://www.zomato.com/bangalore/udupi-sri-krishna-bhavan-since-1926-basavanagudi-bangalore,Bangalore,Karnataka,India,Unknown
4896,top restaurant in vadodara,18100,4,5502,$0.04,4,22,https://www.zomato.com/vadodara/dine-out,Unknown,Unknown,Unknown,Unknown
4897,tnr north city mall,12100,17,101,$0.15,10,20,https://www.zomato.com/hyderabad/tnr-food-court-suraram,Hyderabad,Telangana,India,Unknown
4898,thick milkshake factory,18100,6,1761,$0.17,2,22,https://www.zomato.com/hyderabad/the-thickshake-factory-jubilee-hills,Hyderabad,Telangana,India,Unknown
4899,the metropolitan hotel and spa new delhi delhi,18100,16,106,$0.78,16,39,https://www.zomato.com/ncr/restaurants/in/metropolitan-hotel-connaught-place,Unknown,Unknown,Unknown,Restaurant
4900,the gt road,14800,3,5502,$0.40,8,47,https://www.zomato.com/ncr/the-gt-road-connaught-place-new-delhi,Unknown,Unknown,Unknown,Unknown
4901,nagarjuna restaurant near me,18100,6,2932,$0.34,2,11,https://www.zomato.com/bangalore/nagarjuna-since-1984-residency-road-bangalore,Bangalore,Karnataka,India,Unknown
4902,mumbai vada pav,14800,10,848,$0,2,18,https://www.zomato.com/mumbai/delivery/dish-vada-pav,Mumbai,Maharashtra,India,Unknown
4903,momos point kamla nagar,14800,3,5502,$0,2,10,https://www.zomato.com/ncr/momos-point-kamla-nagar-new-delhi,Unknown,Unknown,Unknown,Unknown
4904,mayur vihar phase 2,18100,30,38,$0.06,1,10,https://www.zomato.com/ncr/mayur-vihar-phase-2-delhi-restaurants,Unknown,Unknown,Unknown,Restaurant
4905,marriott hotel aerocity,22200,28,38,$0.68,53,46,https://www.zomato.com/ncr/restaurants/in/jw-marriott-new-delhi-aerocity,Unknown,Unknown,Unknown,Restaurant
4906,restaurants with gluten free,18100,10,611,$0.37,1,20,https://www.zomato.com/ncr/restaurants?from_query=gluten%20free&gluten-free=1,Unknown,Unknown,Unknown,Restaurant
4907,restaurants surat,18100,4,5502,$0.06,1,24,https://www.zomato.com/surat/dine-out,Surat,Gujarat,India,Unknown
4908,prana resorts and banquet,18100,33,38,$0.20,11,21,https://www.zomato.com/pune/river-deck-cafe-by-prana-resorts-ravet,Pune,Maharashtra,India,Cafe
4909,pizza areas near me,18100,6,2932,$0.06,10,32,https://www.zomato.com/pizza-restaurants-near-me,Unknown,Unknown,Unknown,Restaurant
4910,phase 4 gurgaon,18100,9,611,$0.25,6,24,https://www.zomato.com/ncr/dlf-phase-4-restaurants,Unknown,Unknown,Unknown,Restaurant
4911,park regis in goa,18100,52,38,$0.19,32,35,https://www.zomato.com/goa/restaurants/in/park-regis-baga,Goa,Goa,India,Restaurant
4912,gluten free food restaurants,12100,8,1192,$0.11,1,36,https://www.zomato.com/ncr/restaurants?from_query=gluten%20free&gluten-free=1,Unknown,Unknown,Unknown,Restaurant
4913,ghevar sweet,18100,29,43,$0.07,12,27,https://www.zomato.com/mumbai/restaurants/dish-malai-ghevar,Mumbai,Maharashtra,India,Restaurant
4914,fast food restaurants and,18100,7,1761,$0.05,2,22,https://www.zomato.com/mumbai/fast-food,Mumbai,Maharashtra,India,Fast Food
4915,dlf phase 4,18100,8,848,$0.15,6,20,https://www.zomato.com/ncr/dlf-phase-4-restaurants,Unknown,Unknown,Unknown,Restaurant
4916,dlf club 5,12100,7,611,$0.38,17,21,https://www.zomato.com/ncr/dlf-club-5-sector-53-gurgaon,Unknown,Unknown,Unknown,Unknown
4917,deliver indian food,18100,5,2932,$0.49,1,22,https://www.zomato.com/,Unknown,Unknown,Unknown,Unknown
4918,karnataka food centre,18100,3,5502,$0.09,2,22,https://www.zomato.com/ncr/karnataka-food-centre-r-k-puram-new-delhi,Unknown,Unknown,Unknown,Unknown
4919,joshi marg,14800,30,38,$0.10,5,19,https://www.zomato.com/mumbai/joshi-house-1-worli/menu,Mumbai,Maharashtra,India,Unknown
4920,indian food for delivery,18100,8,1192,$0.32,1,42,https://www.zomato.com/patna/food-truck/indian?category=1,Patna,Bihar,India,Unknown
4921,hotel royal orchid central pune,18100,12,204,$0.24,37,22,https://www.zomato.com/pune/restaurants/in/hotel-royal-orchid-kalyani-nagar,Pune,Maharashtra,India,Restaurant
4922,hotel polo towers,18100,32,38,$0.13,41,31,https://www.zomato.com/agartala/hotel-polo-towers-krishna-nagar-agartala,Unknown,Unknown,Unknown,Hotel
4923,hotel akshaya,14800,11,356,$0.12,2,23,https://www.zomato.com/thrissur/hotel-akshaya-puzhakkal,Unknown,Unknown,Unknown,Hotel
4924,hilton hotel agra,18100,11,271,$0.63,24,36,https://www.zomato.com/agra/restaurants/in/doubletree-by-hilton-hotel-agra-tajganj,Agra,Uttar Pradesh,India,Restaurant
4925,haldiram karol bagh,18100,1,5502,$0.16,11,22,https://www.zomato.com/ncr/haldirams-karol-bagh-new-delhi,Unknown,Unknown,Unknown,Unknown
4926,gurugram restaurant,18100,4,5502,$0.24,9,26,https://www.zomato.com/ncr/gurgaon-restaurants,Unknown,Unknown,Unknown,Restaurant
4927,ganesh hotel,14800,4,5502,$0.18,2,23,https://www.zomato.com/mumbai/ganesh-hotel-kandivali-west,Mumbai,Maharashtra,India,Hotel
4928,best bakery,14800,10,848,$0.28,2,55,https://www.zomato.com/visakhapatnam/bakeries,Unknown,Unknown,Unknown,Bakery
4929,beatles cafe cafe delmar,18100,3,5502,$0.07,2,22,https://www.zomato.com/rishikesh/beatles-cafe-tapovan,Unknown,Unknown,Unknown,Cafe
4930,bastian bangalore,18100,3,5502,$0.24,1,24,https://www.zomato.com/bangalore/bastian-garden-city-st-marks-road-bangalore,Bangalore,Karnataka,India,Unknown
4931,barrys sky lounge bar & kitchen,12100,3,5502,$0.22,11,19,https://www.zomato.com/bangalore/barrys-sky-lounge-kalyan-nagar-bangalore,Bangalore,Karnataka,India,Bar
4932,bangalore nearby resorts,27100,106,38,$0.22,94,39,https://www.zomato.com/bangalore/restaurants,Bangalore,Karnataka,India,Restaurant
4933,bang bang noodles,8100,3,5502,$0.42,4,32,https://www.zomato.com/mumbai/bang-bang-noodle-goregaon-west,Mumbai,Maharashtra,India,Unknown
4934,amethyst chennai,18100,5,1761,$0.93,1,23,https://www.zomato.com/chennai/amethyst-cafe-thousand-lights,Chennai,Tamil Nadu,India,Cafe
4935,akbari gate,14800,33,38,$0.15,3,28,https://www.zomato.com/lucknow/kunafa-day-chowk,Lucknow,Uttar Pradesh,India,Unknown
4936,daryaganj in delhi,18100,5,2932,$0.11,2,32,https://www.zomato.com/ncr/daryaganj-by-the-inventors-of-butter-chicken-and-dal-makhani-connaught-place-new-delhi,Unknown,Unknown,Unknown,Unknown
4937,camp burger,18100,1,5502,$0.07,2,24,https://www.zomato.com/pune/camp-new-burger-pune-solapur-road/order,Pune,Maharashtra,India,Unknown
4938,cafe flying gypsys,18100,5,1761,$0.14,2,22,https://www.zomato.com/vi/pune/cafe-flying-gypsys-shivaji-nagar?amp=1,Pune,Maharashtra,India,Cafe
4939,butter chicken near me,18100,6,2932,$0.15,9,13,https://www.zomato.com/jalgaon/delivery/dish-butter-chicken,Unknown,Unknown,Unknown,Unknown
4940,bopal ahmedabad,14800,19,106,$0.15,8,20,https://www.zomato.com/ahmedabad/best-bopal-restaurants,Ahmedabad,Gujarat,India,Restaurant
4941,best pizza near me,14800,10,611,$0.25,9,12,https://www.zomato.com/pizza-restaurants-near-me,Unknown,Unknown,Unknown,Restaurant
4942,best dosa near me,14800,5,5502,$0.26,6,11,https://www.zomato.com/bangalore/delightful-dosas,Bangalore,Karnataka,India,Unknown
4943,swiggy office address,9900,33,38,$0.03,1,19,https://www.zomato.com/deliver-food/,Unknown,Unknown,Unknown,Unknown
4944,swach south indian cafe madhapur,9900,3,5502,$0.15,6,28,https://www.zomato.com/hyderabad/swach-south-indian-cafe-madhapur,Hyderabad,Telangana,India,Cafe
4945,soda bottle opener wala,22200,4,5502,$0,6,13,https://www.zomato.com/mumbai/sodabottleopenerwala-bandra-kurla-complex,Mumbai,Maharashtra,India,Unknown
4946,shop no 9,22200,13,204,$0.11,3,22,https://www.zomato.com/ncr/new-shop-sector-9-faridabad/order,Unknown,Unknown,Unknown,Unknown
4947,sandy's chocolate lab,18100,4,5502,$0.46,3,19,https://www.zomato.com/chennai/sandys-chocolate-laboratory-nungambakkam,Chennai,Tamil Nadu,India,Unknown
4948,sairat biryani,22200,4,5502,$0.06,3,22,https://www.zomato.com/pune/restaurants/sairat-biryani-1,Pune,Maharashtra,India,Restaurant
4949,restaurants mumbai,18100,4,5502,$0.29,7,26,https://www.zomato.com/mumbai/restaurants,Mumbai,Maharashtra,India,Restaurant
4950,restaurants in koregaon park,18100,4,5502,$0.11,6,12,https://www.zomato.com/pune/koregaon-park-restaurants,Pune,Maharashtra,India,Restaurant
4951,restaurants in kammanahalli,18100,4,5502,$0.05,11,22,https://www.zomato.com/bangalore/kammanahalli-restaurants,Bangalore,Karnataka,India,Restaurant
4952,vijay nagar indore,18100,42,38,$0.15,1,27,https://www.zomato.com/indore/vijay-nagar-restaurants,Indore,Madhya Pradesh,India,Restaurant
4953,thai kitchen delivery,18100,2,5502,$0.01,1,21,https://www.zomato.com/ncr/thai-kitchen-new-friends-colony-new-delhi,Unknown,Unknown,Unknown,Unknown
4954,thai cuisine delivery,12100,10,611,$0.33,1,20,https://www.zomato.com/ahmedabad/restaurants/thai?category=1,Ahmedabad,Gujarat,India,Restaurant
4955,take off cafe,14800,5,1192,$0.09,1,49,https://www.zomato.com/ncr/take-out-cafe-laxmi-nagar-new-delhi,Unknown,Unknown,Unknown,Cafe
4956,sweet shop near,18100,5,5502,$0.07,6,53,https://www.zomato.com/sweet-shops-near-me,Unknown,Unknown,Unknown,Sweet Shop
4957,sweet magic,12100,8,1761,$0.14,3,37,https://www.zomato.com/hyderabad/sweet-magic-restaurant-nanakramguda,Hyderabad,Telangana,India,Restaurant
4958,strawberry chocolate,18100,10,611,$0.13,3,33,https://www.zomato.com/bangalore/restaurants/dish-strawberry-chocolate?dish_id=170209,Bangalore,Karnataka,India,Restaurant
4959,social kitchen,12100,4,5502,$0.17,4,46,https://www.zomato.com/coimbatore/social-kitchen-rs-puram,Unknown,Unknown,Unknown,Unknown
4960,snakkers,9900,8,1761,$0.25,1,21,https://www.zomato.com/chandigarh/snakkers-1-kharar-road-mohali,Chandigarh,Chandigarh,India,Unknown
4961,shawarma king,14800,4,5502,$0,6,24,https://www.zomato.com/pune/shawarma-king-nigdi,Pune,Maharashtra,India,Unknown
4962,sector 63 a noida,18100,9,463,$0.15,7,18,https://www.zomato.com/ncr/sector-63-noida-restaurants,Unknown,Unknown,Unknown,Restaurant
4963,restaurant or fast food,18100,7,2932,$0.05,2,23,https://www.zomato.com/ncr/fast-food,Unknown,Unknown,Unknown,Fast Food
4964,thick shake factory,18100,7,1192,$0.08,2,19,https://www.zomato.com/hyderabad/the-thickshake-factory-jubilee-hills,Hyderabad,Telangana,India,Unknown
4965,the paradise by tunga,18100,4,1761,$0.18,24,18,https://www.zomato.com/mumbai/ganga-the-paradise-by-tunga-mahakali,Mumbai,Maharashtra,India,Unknown
4966,old city,22200,14,204,$0.08,3,34,https://www.zomato.com/hyderabad/old-city-taste-of-hyderabad-jubilee-hills,Hyderabad,Telangana,India,Unknown
4967,oakwood residence kapil hyderabad,22200,11,356,$0.21,42,24,https://www.zomato.com/oakleaf,Unknown,Unknown,Unknown,Unknown
4968,new irani restaurant,12100,3,5502,$0.20,8,23,https://www.zomato.com/ahmedabad/new-irani-restaurant-bhadra,Ahmedabad,Gujarat,India,Restaurant
4969,near by hotels for food near me,12100,4,5502,$0.05,14,72,https://www.zomato.com/restaurants-near-me,Unknown,Unknown,Unknown,Restaurant
4970,near bar and restaurant near me,14800,4,5502,$0.21,14,14,https://www.zomato.com/bars-near-me,Unknown,Unknown,Unknown,Bar
4971,ncc gate,18100,4,2932,$0.09,4,20,https://www.zomato.com/ncr/ncc-north-eastern-chinese-cafe-safdarjung-new-delhi,Unknown,Unknown,Unknown,Cafe
4972,milkshakes near me,14800,8,1192,$0.61,5,19,https://www.zomato.com/hyderabad/makers-of-milkshakes-1-pg-road-secunderabad,Hyderabad,Telangana,India,Unknown
4973,lunch places close to me,18100,5,5502,$0.06,18,25,https://www.zomato.com/restaurants-near-me,Unknown,Unknown,Unknown,Restaurant
4974,rolls 21,18100,1,5502,$0,1,38,https://www.zomato.com/bangalore/rolls-21-nagarbhavi-bangalore,Bangalore,Karnataka,India,Unknown
4975,restaurants tirupati,14800,6,2932,$0.19,2,23,https://www.zomato.com/tirupati/restaurants,Unknown,Unknown,Unknown,Restaurant
4976,restaurants in koregaon park pune,18100,4,5502,$0.04,4,24,https://www.zomato.com/pune/koregaon-park-restaurants,Pune,Maharashtra,India,Restaurant
4977,restaurants for gluten free food,18100,5,1761,$0.37,1,20,https://www.zomato.com/ncr/restaurants?from_query=gluten%20free&gluten-free=1,Unknown,Unknown,Unknown,Restaurant
4978,restaurant fast food restaurant,18100,7,1761,$0.05,2,22,https://www.zomato.com/mumbai/fast-food,Mumbai,Maharashtra,India,Fast Food
4979,restaurant chandigarh,18100,4,5502,$0.07,2,26,https://www.zomato.com/chandigarh/restaurants,Chandigarh,Chandigarh,India,Restaurant
4980,rajasthani thali near me,18100,5,2932,$0.16,8,13,https://www.zomato.com/rajasthani-restaurants-near-me,Unknown,Unknown,Unknown,Restaurant
4981,raj spanish cafe kolkata,12100,3,5502,$0.08,3,21,https://www.zomato.com/kolkata/raj-spanish-cafe-new-market-area,Kolkata,West Bengal,India,Cafe
4982,radisson hotel delhi mg road,9900,13,204,$0.75,9,23,https://www.zomato.com/ncr/lore-radisson-hotel-mg-road-new-delhi,Unknown,Unknown,Unknown,Hotel
4983,radisson blu plaza new delhi airport,18100,21,77,$0.47,53,39,https://www.zomato.com/ncr/nyc-radisson-blu-plaza-delhi-airport-mahipalpur-new-delhi,Unknown,Unknown,Unknown,Unknown
4984,pallava ambassador chennai,18100,8,463,$0.47,28,19,https://www.zomato.com/chennai/the-society-ambassador-pallava-egmore,Chennai,Tamil Nadu,India,Unknown
4985,hotel jw marriott delhi,9900,7,848,$0.63,56,44,https://www.zomato.com/ncr/restaurants/in/jw-marriott-new-delhi-aerocity,Unknown,Unknown,Unknown,Restaurant
4986,hotel ambassador pallava,18100,17,101,$0.18,36,29,https://www.zomato.com/chennai/the-society-ambassador-pallava-egmore,Chennai,Tamil Nadu,India,Unknown
4987,hare krishna hotel,18100,5,2932,$0.18,2,19,https://www.zomato.com/mumbai/hare-krishna-santacruz-east,Mumbai,Maharashtra,India,Unknown
4988,gopi nath market,18100,39,38,$0,1,19,"https://www.zomato.com/hi/ncr/gopi-nath-bazar-delhi-cantonment-south-west-delhi-restaurants?place_name=Gopinath%20Bazar,%20Delhi%20Cantt.&dishv2_id=39212",Unknown,Unknown,Unknown,Restaurant
4989,gopi nath bazar,9900,3,2932,$0.08,4,19,https://www.zomato.com/ncr/gopi-nath-bazar-delhi-cantonment-south-west-delhi-restaurants,Unknown,Unknown,Unknown,Restaurant
4990,linghi chetty street chennai,9900,32,38,$0.34,2,22,https://www.zomato.com/chennai/n%C3%A1poje?zomato_place_id=108206,Chennai,Tamil Nadu,India,Unknown
4991,lemon tree hotel manesar,18100,13,204,$0.13,16,21,https://www.zomato.com/ncr/skinners-lemon-tree-hotel-manesar-gurgaon,Unknown,Unknown,Unknown,Hotel
4992,le meridien in jaipur,18100,92,38,$0.45,49,28,https://www.zomato.com/jaipur/restaurants,Jaipur,Rajasthan,India,Restaurant
4993,kerala food near me,18100,4,5502,$0.09,1,28,https://www.zomato.com/mumbai/restaurants/kerala,Mumbai,Maharashtra,India,Restaurant
4994,jehan numa palace hotel,18100,9,463,$0.09,26,18,https://www.zomato.com/bhopal/restaurants/in/hotel-jehan-numa-palace-tt-nagar,Unknown,Unknown,Unknown,Restaurant
4995,inda cafe,18100,7,1192,$0.05,1,22,https://www.zomato.com/kollam/inda-cafe-1-varkala/order,Unknown,Unknown,Unknown,Cafe
4996,hyatt ludhiana,18100,25,43,$1.06,32,36,https://www.zomato.com/ludhiana/kitchen-at-95-hyatt-regency-ludhiana-aggar-nagar,Unknown,Unknown,Unknown,Unknown
4997,hotel oakwood hyderabad,18100,14,164,$0.48,36,24,https://www.zomato.com/oakleaf,Unknown,Unknown,Unknown,Unknown
4998,desi vibes,14800,4,5502,$0.24,2,23,https://www.zomato.com/desivibes,Unknown,Unknown,Unknown,Unknown
4999,darshan restaurant,14800,5,2932,$0.10,3,22,https://www.zomato.com/vapi/darshan-restaurant-vapi-locality,Unknown,Unknown,Unknown,Restaurant
5000,customized cakes,18100,13,271,$0.22,98,53,https://www.zomato.com/ncr/restaurants/dish-customized-cakes,Unknown,Unknown,Unknown,Restaurant
5001,closest kfc,18100,23,77,$0.03,9,17,https://www.zomato.com/indore/restaurants/kfc?landmark_id=589&category=2,Indore,Madhya Pradesh,India,Restaurant
5002,chandni chowk pune,14800,9,611,$0,3,18,https://www.zomato.com/pune/bar?zomato_place_id=91211,Pune,Maharashtra,India,Bar
5003,chandni chowk in pune,14800,23,59,$0.05,1,18,https://www.zomato.com/pune/bar?zomato_place_id=91211,Pune,Maharashtra,India,Bar
5004,chalston beach resort goa,18100,9,463,$0.14,36,21,https://www.zomato.com/goa/chalston-restaurant-calangute,Goa,Goa,India,Restaurant
5005,brunch,18100,10,463,$0,1,37,https://www.zomato.com/ncr/restaurantes?brunch=1,Unknown,Unknown,Unknown,Restaurant
5006,bombay house,14800,5,1761,$0,5,24,https://www.zomato.com/jaipur/bombaye-house-malviya-nagar,Jaipur,Rajasthan,India,Unknown
5007,good restaurants in vijayawada,18100,7,1761,$0.05,10,25,https://www.zomato.com/vijayawada,Unknown,Unknown,Unknown,Unknown
5008,gluten free restaurants,12100,9,848,$0.11,1,39,https://www.zomato.com/ncr/gurgaon-restaurants?from_query=gluten%20free&gluten-free=1,Unknown,Unknown,Unknown,Restaurant
5009,fort restaurant,8100,4,5502,$0.10,8,23,https://www.zomato.com/mumbai/fort-restaurants,Mumbai,Maharashtra,India,Restaurant
5010,food fast restaurant,18100,5,5502,$0.05,2,22,https://www.zomato.com/mumbai/fast-food,Mumbai,Maharashtra,India,Fast Food
5011,fisco poolside,14800,3,5502,$0.35,2,22,https://www.zomato.com/mumbai/fisco-pool-side-vasai,Mumbai,Maharashtra,India,Unknown
5012,first international financial center,18100,6,848,$0.02,1,18,https://www.zomato.com/mumbai/restaurants/in/first-international-financial-centre-bandra-kula-complex,Mumbai,Maharashtra,India,Restaurant
5013,cafe hyderabad,14800,10,1192,$0,7,25,https://www.zomato.com/hyderabad/habitat-cafe-3-banjara-hills/menu,Hyderabad,Telangana,India,Cafe
5014,biryani house near me,14800,5,2932,$0.23,8,12,https://www.zomato.com/biryani-restaurants-near-me,Unknown,Unknown,Unknown,Restaurant
5015,best eateries,18100,5,5502,$0.05,5,27,https://www.zomato.com/restaurants-near-me,Unknown,Unknown,Unknown,Restaurant
5016,best coffee shop in delhi,22200,9,848,$0.32,4,13,https://www.zomato.com/ncr/coffee,Unknown,Unknown,Unknown,Coffee
5017,bellagio,18100,6,1192,$0.98,18,42,https://www.zomato.com/ncr/bellagio-sector-56-gurgaon,Unknown,Unknown,Unknown,Unknown
5018,bbq holic,18100,4,2932,$0.21,13,27,https://www.zomato.com/hyderabad/barbeque-holic-kondapur,Hyderabad,Telangana,India,Bar
5019,annamalai hotel pondicherry,18100,10,271,$0.16,8,21,https://www.zomato.com/puducherry/the-haveli-hotel-annamalai-international-heritage-town,Unknown,Unknown,Unknown,Hotel
5020,amethyst cafe,18100,3,5502,$0.15,1,23,https://www.zomato.com/chennai/amethyst-cafe-thousand-lights,Chennai,Tamil Nadu,India,Cafe
5021,altair capella,18100,1,5502,$0.10,3,24,https://www.zomato.com/kolkata/capella-altair-boutique-hotel-sector-5-salt-lake,Kolkata,West Bengal,India,Hotel
5022,al reem thammanam,18100,1,5502,$0,3,19,https://www.zomato.com/kochi/hotel-al-reem-vyttila,Kochi,Kerala,India,Hotel
5023,takeout near me,18100,6,1761,$0.04,1,47,https://www.zomato.com/restaurants-near-me,Unknown,Unknown,Unknown,Restaurant
5024,taj wellington mews,18100,25,41,$0.21,16,23,https://www.zomato.com/chennai/restaurants/in/taj-wellington-mews-chennai,Chennai,Tamil Nadu,India,Restaurant
5025,singh house,14800,19,135,$0.21,1,23,https://www.zomato.com/ncr/singh-chicken-house-kirti-nagar-new-delhi,Unknown,Unknown,Unknown,Unknown
5026,sikkim house kolkata,14800,27,43,$0.48,5,19,https://www.zomato.com/kolkata/the-gangtok-kitchen-tgk-park-street-area,Kolkata,West Bengal,India,Unknown
5027,sikkim house,14800,2,5502,$0.13,5,24,https://www.zomato.com/ncr/sikkim-house-chanakyapuri-new-delhi,Unknown,Unknown,Unknown,Unknown
5028,sakura matcha bar,14800,10,848,$0.22,4,26,https://www.zomato.com/bangalore/best-matcha-spots-in-the-city,Bangalore,Karnataka,India,Unknown
5029,pad pad thai,18100,31,38,$0.05,1,63,https://www.zomato.com/bangalore/restaurants/dish-pad-thai,Bangalore,Karnataka,India,Restaurant
5030,oz's,14800,20,59,$0,1,69,https://www.zomato.com/bangalore/oz-by-kebapci-lavelle-road-bangalore,Bangalore,Karnataka,India,Unknown
5031,online food order,18100,6,1761,$0.25,38,27,https://www.zomato.com/ncr/order-food-online,Unknown,Unknown,Unknown,Unknown
5032,north indian food,18100,8,1761,$0.65,1,19,https://www.zomato.com/bangalore/restaurants/north-indian,Bangalore,Karnataka,India,Restaurant
5033,north india food,18100,9,1761,$0.81,1,19,https://www.zomato.com/bangalore/restaurants/north-indian,Bangalore,Karnataka,India,Restaurant
5034,neelkanth lucknow,18100,5,2932,$0.09,2,21,https://www.zomato.com/lucknow/neelkanth-sweets-gomti-nagar,Lucknow,Uttar Pradesh,India,Unknown
5035,nearest non veg hotel,14800,4,2932,$0.10,9,12,https://www.zomato.com/restaurants-near-me,Unknown,Unknown,Unknown,Restaurant
5036,nearby non veg hotel,14800,6,2932,$0.15,11,13,https://www.zomato.com/restaurants-near-me,Unknown,Unknown,Unknown,Restaurant
5037,near me happy hour,18100,2,5502,$0.07,3,20,https://www.zomato.com/ncr/restoran?happyhour=1,Unknown,Unknown,Unknown,Unknown
5038,near kfc,18100,8,848,$0.13,7,20,https://www.zomato.com/indore/restaurants/kfc?landmark_id=589&category=2,Indore,Madhya Pradesh,India,Restaurant
5039,momos point,14800,4,5502,$0,2,23,https://www.zomato.com/ncr/momos-point-kamla-nagar-new-delhi,Unknown,Unknown,Unknown,Unknown
5040,momo point,14800,5,5502,$0,2,23,https://www.zomato.com/ncr/momos-point-kamla-nagar-new-delhi,Unknown,Unknown,Unknown,Unknown
5041,mh 43 which city,18100,33,38,$0,1,10,https://www.zomato.com/mumbai/mh-43-resto-bar-vashi-navi-mumbai,Mumbai,Maharashtra,India,Bar
5042,linghi chetty street,9900,30,38,$0.34,2,24,https://www.zomato.com/chennai/restaurants/agarwal-bhavan?zomato_place_id=108206&category=2,Chennai,Tamil Nadu,India,Restaurant
5043,lemon tree kaushambi,18100,10,356,$0.30,32,21,https://www.zomato.com/ncr/citrus-cafe-lemon-tree-hotel-kaushambi-ghaziabad,Unknown,Unknown,Unknown,Cafe
5044,khyber,18100,9,1192,$0.05,10,40,https://www.zomato.com/mumbai/khyber-fort,Mumbai,Maharashtra,India,Unknown
5045,khan market khan market rabindra nagar new delhi delhi,22200,3,2932,$0.12,1,28,https://www.zomato.com/ncr/khan-market-delhi-restaurants,Unknown,Unknown,Unknown,Restaurant
5046,jayanagar 3rd block bangalore,14800,44,38,$0.35,8,12,https://www.zomato.com/bangalore/jayanagar-3rd-block-east-restaurants/cafes,Bangalore,Karnataka,India,Restaurant
5047,jaipur market place,18100,61,38,$0.08,1,20,https://www.zomato.com/jaipur/restaurants,Jaipur,Rajasthan,India,Restaurant
5048,japanese food,18100,12,611,$0.23,1,24,https://www.zomato.com/mumbai/restaurants/japanese,Mumbai,Maharashtra,India,Restaurant
5049,irani chai near me,14800,7,1761,$0.07,5,11,https://www.zomato.com/chennai/restaurants/hyderabadi-irani-chai,Chennai,Tamil Nadu,India,Restaurant
5050,india food delivery,18100,4,1761,$0.62,1,64,https://www.zomato.com/,Unknown,Unknown,Unknown,Unknown
5051,imperial imperial,18100,13,204,$0,1,51,https://www.zomato.com/bangalore/imperial-restaurant-since-1954-marathahalli-bangalore,Bangalore,Karnataka,India,Restaurant
5052,hungry mrinal,6600,2,2932,$0.54,9,26,https://www.zomato.com/kochi/hungry-mrinal-1-edappally,Kochi,Kerala,India,Unknown
5053,hotel palmgrove nungambakkam chennai,18100,4,1761,$0.27,8,19,https://www.zomato.com/chennai/hotel-palmgrove-menaka-nungambakkam,Chennai,Tamil Nadu,India,Hotel
5054,hotel olive downtown kochi,18100,9,356,$0.21,34,21,https://www.zomato.com/kochi/restaurants/in/olive-downtown,Kochi,Kerala,India,Restaurant
5055,hotel kalasagar,18100,4,1761,$0.11,9,26,https://www.zomato.com/pune/hotel-kalasagar-pimpri,Pune,Maharashtra,India,Hotel
5056,hotel hills hosur,18100,12,204,$0.14,12,22,https://www.zomato.com/hosur/hotel-hills-hosur-locality/order,Unknown,Unknown,Unknown,Hotel
5057,hotel ganga,14800,7,611,$0.50,3,23,https://www.zomato.com/chennai/hotel-ganga-4-anna-nagar-west,Chennai,Tamil Nadu,India,Hotel
5058,hot breads,27100,6,1761,$0.16,9,29,https://www.zomato.com/chennai/hot-breads-1-porur,Chennai,Tamil Nadu,India,Unknown
5059,haji ali juice centre,18100,3,5502,$0,4,12,https://www.zomato.com/mumbai/haji-ali-juice-center-tardeo,Mumbai,Maharashtra,India,Unknown
5060,gopinath market,14800,4,1761,$0,1,20,https://www.zomato.com/ncr/gopi-nath-bazar-delhi-cantonment-south-west-delhi-restaurants,Unknown,Unknown,Unknown,Restaurant
5061,golkonda resort in hyderabad,18100,33,38,$0.16,45,22,https://www.zomato.com/hyderabad/restaurants/in/the-golkonda-resorts-spa-gandipet,Hyderabad,Telangana,India,Restaurant
5062,gf restaurants,18100,9,848,$0.37,1,21,https://www.zomato.com/ncr/gurgaon-restaurants?from_query=gluten%20free&gluten-free=1,Unknown,Unknown,Unknown,Restaurant
5063,gcc club road,18100,14,271,$0,5,20,https://www.zomato.com/mumbai/restaurants/in/gcc-hotel-club-mira-road,Mumbai,Maharashtra,India,Restaurant
5064,food village,18100,9,1761,$0.13,7,23,https://www.zomato.com/chennai/food-village-injambakkam,Chennai,Tamil Nadu,India,Unknown
5065,kiosk kaffee,22200,7,1761,$0,4,26,https://www.zomato.com/pune/kiosk-kaffee-shivaji-nagar,Pune,Maharashtra,India,Unknown
5066,garden and cafe,18100,5,5502,$0.06,2,22,https://www.zomato.com/ludhiana/garden-cafe-1-sarabha-nagar,Unknown,Unknown,Unknown,Cafe
5067,four points by sheraton ahmedabad,18100,27,39,$0.27,31,20,https://www.zomato.com/ahmedabad/the-eatery-four-points-by-sheraton-ellis-bridge,Ahmedabad,Gujarat,India,Unknown
5068,food north india,18100,23,77,$0.03,1,45,https://www.zomato.com/north-indian-restaurants-near-me,Unknown,Unknown,Unknown,Restaurant
5069,faridabad park plaza,18100,16,164,$0.46,21,41,https://www.zomato.com/ncr/veranda-park-plaza-sector-21-faridabad,Unknown,Unknown,Unknown,Unknown
5070,empire hsr layout,18100,1,5502,$0.15,7,21,https://www.zomato.com/bangalore/empire-restaurant-since-1966-hsr-bangalore,Bangalore,Karnataka,India,Restaurant
5071,eat punjab,14800,5,5502,$0.06,3,27,https://www.zomato.com/ahmedabad/eat-punjab-gurukul,Ahmedabad,Gujarat,India,Unknown
5072,downtown noida,14800,3,5502,$0.10,2,19,https://www.zomato.com/ncr/downtown-noida-alfresco-pub-brewery-sector-62-noida,Unknown,Unknown,Unknown,Unknown
5073,dlf phase 5,18100,12,611,$0.15,5,20,https://www.zomato.com/ncr/dlf-phase-5-restaurants,Unknown,Unknown,Unknown,Restaurant
5074,dlf cyber hub,18100,3,2932,$0,3,19,https://www.zomato.com/ncr/restaurants/in/cyber-hub-dlf-cyber-city,Unknown,Unknown,Unknown,Restaurant
5075,distance hyderabad,18100,50,38,$0,1,46,https://www.zomato.com/hyderabad/restaurants,Hyderabad,Telangana,India,Restaurant
5076,dindigul venu biriyani,27100,9,1761,$0,5,23,https://www.zomato.com/coimbatore/dindigul-venu-biryani-1-lakshmi-mills/order,Unknown,Unknown,Unknown,Unknown
5077,diat foods,18100,11,271,$0.35,6,20,https://www.zomato.com/lucknow/diet-food-com-gomti-nagar,Lucknow,Uttar Pradesh,India,Unknown
5078,desi tadka restaurant,18100,6,2932,$0,1,19,https://www.zomato.com/kanpur/desi-tadka-restaurant-mall-road,Unknown,Unknown,Unknown,Restaurant
5079,degree coffee,18100,15,463,$0.12,5,25,https://www.zomato.com/hyderabad/kumbakonam-degree-coffee-manikonda,Hyderabad,Telangana,India,Coffee
5080,death by chocolate,18100,2,5502,$0.19,4,20,https://www.zomato.com/bangalore/restaurants/dish-death-by-chocolate,Bangalore,Karnataka,India,Restaurant
5081,closest restaurant to my location,18100,5,5502,$0.07,14,74,https://www.zomato.com/restaurants-near-me,Unknown,Unknown,Unknown,Restaurant
5082,borivali yogi nagar,18100,12,463,$0.16,4,18,https://www.zomato.com/mumbai/yogi-rudrakshi-borivali-west,Mumbai,Maharashtra,India,Unknown
5083,blr,18100,10,848,$0.25,1,38,https://www.zomato.com/bangalore/blr-brewing-co-marathahalli-bangalore,Bangalore,Karnataka,India,Unknown
5084,baozi momos,14800,7,1761,$0,2,23,https://www.zomato.com/ncr/baozi-momos-1-subhash-nagar-new-delhi,Unknown,Unknown,Unknown,Unknown
5085,bandstand,18100,6,1192,$0,3,37,https://www.zomato.com/mumbai/bandstand-bandra-west-restaurants/bar,Mumbai,Maharashtra,India,Restaurant
5086,bakery shop near to me,18100,5,5502,$0.06,15,21,https://www.zomato.com/bakeries-near-me,Unknown,Unknown,Unknown,Bakery
5087,b v k iyengar road,18100,33,38,$0.13,3,22,https://www.zomato.com/bangalore/fast-food?zomato_place_id=103766,Bangalore,Karnataka,India,Fast Food
5088,alley bowling alley,18100,5,5502,$0.08,2,19,https://www.zomato.com/hyderabad/alley-91-bowling-bar-financial-district,Hyderabad,Telangana,India,Bar
5089,6th floor,12100,37,38,$0.26,7,43,https://www.zomato.com/ncr/indian-at-the-6th-lodhi-road-new-delhi,Unknown,Unknown,Unknown,Unknown
5090,1559 ad restaurant udaipur,12100,3,5502,$0.07,4,25,https://www.zomato.com/udaipur/1559-ad-fateh-sagar/menu,Unknown,Unknown,Unknown,Unknown
5091,1559 ad restaurant,12100,3,5502,$0.07,4,24,https://www.zomato.com/udaipur/1559-ad-fateh-sagar/menu,Unknown,Unknown,Unknown,Unknown
5092,cafes for friends,18100,5,2932,$0.08,1,23,https://www.zomato.com/ncr/great-cafes,Unknown,Unknown,Unknown,Cafe
5093,vizag restaurants,18100,4,5502,$0.03,1,24,https://www.zomato.com/visakhapatnam/dine-out,Unknown,Unknown,Unknown,Unknown
5094,urban chowk: nikol,14800,3,2932,$0.05,3,32,https://www.zomato.com/ahmedabad/restaurants/in/urban-chowk,Ahmedabad,Gujarat,India,Restaurant
5095,the locals,18100,5,2932,$0.11,4,22,https://www.zomato.com/guwahati/the-locals-khanapara,Unknown,Unknown,Unknown,Unknown
5096,the local,18100,4,5502,$0.11,4,43,https://www.zomato.com/bangalore/the-local-kalyan-nagar-bangalore,Bangalore,Karnataka,India,Unknown
5097,the living room,18100,4,5502,$0.26,4,21,https://www.zomato.com/chennai/the-living-room-anna-nagar-east,Chennai,Tamil Nadu,India,Unknown
5098,thai food,18100,8,1761,$0.20,1,24,https://www.zomato.com/ncr/restaurants/thai,Unknown,Unknown,Unknown,Restaurant
5099,romeo lane nagpur,9900,3,5502,$0.33,1,32,https://www.zomato.com/nagpur/romeo-lane-laxmi-nagar,Nagpur,Maharashtra,India,Unknown
5100,rg royal hotel,14800,10,356,$0.24,12,21,https://www.zomato.com/bangalore/restaurants/in/rg-royal-hotels-yeshwantpur,Bangalore,Karnataka,India,Restaurant
5101,restaurants in panjim,18100,8,848,$0.16,14,23,https://www.zomato.com/goa/best-panaji-restaurants,Goa,Goa,India,Restaurant
5102,regular size pizza,18100,28,48,$0.36,1,18,https://www.zomato.com/bangalore/dominos-pizza-1-mg-road/order,Bangalore,Karnataka,India,Pizza
5103,radisson blu jammu,18100,25,41,$0.12,37,30,https://www.zomato.com/jammu/blu-pan-hotel-radisson-blu-channi-himmat,Unknown,Unknown,Unknown,Hotel
5104,places in east delhi,18100,5,1761,$0.06,1,22,https://www.zomato.com/ncr/east-delhi-restaurants,Unknown,Unknown,Unknown,Restaurant
5105,place to have lunch near me,14800,2,5502,$0.28,15,14,https://www.zomato.com/restaurants-near-me,Unknown,Unknown,Unknown,Restaurant
5106,park view,14800,11,611,$0.40,3,20,https://www.zomato.com/mumbai/park-view-mira-road,Mumbai,Maharashtra,India,Unknown
5107,pappu da dhaba,18100,4,5502,$0,1,19,https://www.zomato.com/mumbai/pappu-da-dhaba-panch-pakhadi-thane-west,Mumbai,Maharashtra,India,Unknown
5108,the vortex restaurant,18100,3,1761,$0.01,1,23,https://www.zomato.com/sk/mumbai/vortex-south-marine-lines?amp=1,Mumbai,Maharashtra,India,Unknown
5109,sweet shops near,18100,4,5502,$0.07,7,37,https://www.zomato.com/sweet-shops-near-me,Unknown,Unknown,Unknown,Sweet Shop
5110,sammy pizza,18100,3,2932,$0.12,3,25,https://www.zomato.com/hoshiarpur/sammys-pizza-hoshiarpur-locality/order,Unknown,Unknown,Unknown,Pizza
5111,restaurants for gluten free,18100,9,848,$0.37,1,21,https://www.zomato.com/ncr/restaurants?from_query=gluten%20free&gluten-free=1,Unknown,Unknown,Unknown,Restaurant
5112,restaurants close to my location,18100,4,5502,$0.07,14,70,https://www.zomato.com/restaurants-near-me,Unknown,Unknown,Unknown,Restaurant
5113,restaurant and fast food,18100,5,5502,$0.05,2,22,https://www.zomato.com/mumbai/fast-food,Mumbai,Maharashtra,India,Fast Food
5114,rangoli mall belur,18100,15,204,$0,2,19,https://www.zomato.com/kolkata/the-mill-belur-howrah,Kolkata,West Bengal,India,Unknown
5115,raj's spanish cafe,12100,3,5502,$0.08,3,26,https://www.zomato.com/kolkata/raj-spanish-cafe-new-market-area,Kolkata,West Bengal,India,Cafe
5116,pune hyatt regency,18100,12,204,$0.66,44,24,https://www.zomato.com/pune/restaurants/in/the-hyatt-regency-nagar-road,Pune,Maharashtra,India,Restaurant
5117,pune fc road,14800,8,1761,$0,1,18,https://www.zomato.com/pune/fc-road-social-shivaji-nagar,Pune,Maharashtra,India,Unknown
5118,pratap da dhaba,12100,3,5502,$0.24,8,23,https://www.zomato.com/mumbai/pratap-the-dhaba-oshiwara,Mumbai,Maharashtra,India,Unknown
5119,places vadodara,18100,33,38,$0.04,3,24,https://www.zomato.com/vadodara,Unknown,Unknown,Unknown,Unknown
5120,park plaza ludhiana punjab,18100,15,164,$0.26,21,23,https://www.zomato.com/ludhiana/panorama-park-plaza-gurdev-nagar,Unknown,Unknown,Unknown,Unknown
5121,park inn by radisson surat,18100,15,106,$0.13,21,17,https://www.zomato.com/surat/rbg-park-inn-by-radisson-pal-gam,Surat,Gujarat,India,Unknown
5122,park inn by radisson lajpat nagar,18100,12,204,$0.36,23,17,https://www.zomato.com/ncr/restaurants/in/park-inn-by-radisson-lajpat-nagar-4,Unknown,Unknown,Unknown,Restaurant
5123,one8 commune pune,9900,3,5502,$0.46,6,23,https://www.zomato.com/pune/one8-commune-koregaon-park,Pune,Maharashtra,India,Unknown
5124,kipling restaurant chennai,22200,3,5502,$0.05,1,24,https://www.zomato.com/chennai/kipling-cafe-akkarai,Chennai,Tamil Nadu,India,Cafe
5125,kailash parbat near me,18100,7,1761,$0.05,5,21,https://www.zomato.com/mumbai/kailash-parbat-colaba,Mumbai,Maharashtra,India,Unknown
5126,kachori near me,18100,6,2932,$0.21,5,20,https://www.zomato.com/pune/restaurants/dish-kachori,Pune,Maharashtra,India,Restaurant
5127,jolene by the sea,18100,4,2932,$0.20,2,23,https://www.zomato.com/goa/jolene-by-the-sea-bardez,Goa,Goa,India,Bar
5128,jaipur ramada,18100,18,92,$0.29,60,26,https://www.zomato.com/jaipur/around-the-world-ramada-hotel-raja-park,Jaipur,Rajasthan,India,Hotel
5129,ishan pure veg,18100,3,5502,$0.42,5,20,https://www.zomato.com/pune/ishan-pure-veg-shivaji-nagar,Pune,Maharashtra,India,Unknown
5130,indian pune,14800,12,356,$1.07,1,62,https://www.zomato.com/pune/restaurants/modern-indian,Pune,Maharashtra,India,Restaurant
5131,indian north food,18100,22,101,$0.03,1,47,https://www.zomato.com/hyderabad/restaurants/north-indian,Hyderabad,Telangana,India,Restaurant
5132,hyderabad chef,18100,5,2932,$0.07,3,21,https://www.zomato.com/bangalore/hyderabad-chefs-whitefield-bangalore,Bangalore,Karnataka,India,Unknown
5133,hyatt centric sector 17 chandigarh,18100,15,135,$25.17,21,17,https://www.zomato.com/chandigarh/corbys-hyatt-centric-sector-17,Chandigarh,Chandigarh,India,Unknown
5134,hotel empires puri,18100,18,106,$0.06,36,29,https://www.zomato.com/puri/hotel-empires-baliapanda-housing-board-colony/order,Unknown,Unknown,Unknown,Hotel
5135,grill 9 restaurant,14800,4,5502,$0.06,3,18,https://www.zomato.com/hyderabad/grill-9-1-karkhana-secunderabad,Hyderabad,Telangana,India,Unknown
5136,lunch location near me,18100,4,5502,$0.06,18,25,https://www.zomato.com/restaurants-near-me,Unknown,Unknown,Unknown,Restaurant
5137,leela palace delhi,18100,11,271,$0.29,52,34,https://www.zomato.com/ncr/restaurants/in/the-leela-palace-new-delhi,Unknown,Unknown,Unknown,Restaurant
5138,kuai kitchen,12100,4,5502,$0.18,4,20,https://www.zomato.com/mumbai/kuai-kitchen-linking-road-bandra-west,Mumbai,Maharashtra,India,Unknown
5139,dlf downtown,12100,8,1761,$0.23,8,15,https://www.zomato.com/ncr/dlf-downtown-dlf-cyber-city-gurgaon,Unknown,Unknown,Unknown,Unknown
5140,dali and gala cocktail bar,14800,3,5502,$0.65,5,21,https://www.zomato.com/bangalore/dali-gala-mg-road-bangalore,Bangalore,Karnataka,India,Unknown
5141,cool joint,14800,4,5502,$0,15,27,https://www.zomato.com/bangalore/cool-joint-jayanagar,Bangalore,Karnataka,India,Unknown
5142,chembur gymkhana,14800,3,2932,$0.32,4,22,https://www.zomato.com/mumbai/the-chembur-gymkhana-phase-2-chembur,Mumbai,Maharashtra,India,Unknown
5143,café udupi ruchi,18100,6,1761,$0.11,3,21,https://www.zomato.com/bangalore/cafe-udupi-ruchi-hsr-bangalore,Bangalore,Karnataka,India,Cafe
5144,cafe open near me,14800,4,5502,$0.57,10,13,https://www.zomato.com/cafes-near-me,Unknown,Unknown,Unknown,Cafe
5145,burgers lounge,18100,7,1192,$0.19,1,21,https://www.zomato.com/kochi/burger-lounge-north-paravur/order,Kochi,Kerala,India,Unknown
5146,game palacio,14800,5,1192,$0.32,1,23,https://www.zomato.com/mumbai/the-game-palacio-lower-parel,Mumbai,Maharashtra,India,Unknown
5147,friends cafe,14800,8,1192,$0,1,23,https://www.zomato.com/ncr/friends-cafe-1-uttam-nagar-new-delhi/menu,Unknown,Unknown,Unknown,Cafe
5148,four points sheraton ahmedabad,18100,22,48,$0.27,31,20,https://www.zomato.com/ahmedabad/the-eatery-four-points-by-sheraton-ellis-bridge/menu,Ahmedabad,Gujarat,India,Unknown
5149,food in fast food restaurants,18100,6,5502,$0.05,2,22,https://www.zomato.com/mumbai/fast-food,Mumbai,Maharashtra,India,Fast Food
5150,food hubs,18100,19,101,$0.11,1,46,https://www.zomato.com/mumbai/food-hub-sanpada-navi-mumbai,Mumbai,Maharashtra,India,Unknown
5151,food delivery sushi,18100,4,5502,$0.32,1,21,https://www.zomato.com/chennai/delivery/dish-sushi,Chennai,Tamil Nadu,India,Unknown
5152,fish hotel near me,14800,3,2932,$0.19,4,11,https://www.zomato.com/solapur/quick-bites/sea-food?sort=best&cft=1,Unknown,Unknown,Unknown,Unknown
5153,fast foods restaurant,22200,5,5502,$0.05,1,44,https://www.zomato.com/ncr/fast-food,Unknown,Unknown,Unknown,Fast Food
5154,fast food or restaurant,18100,7,2932,$0.05,2,24,https://www.zomato.com/ncr/fast-food,Unknown,Unknown,Unknown,Fast Food
5155,bhau,18100,22,77,$0,1,36,https://www.zomato.com/ahmedabad/bhau-food-nikol,Ahmedabad,Gujarat,India,Unknown
5156,best restaurants,18100,8,1192,$0.47,6,25,https://www.zomato.com/hyderabad/restaurants,Hyderabad,Telangana,India,Restaurant
5157,best cafe in delhi,22200,5,2932,$0.49,5,13,https://www.zomato.com/ncr/great-cafes,Unknown,Unknown,Unknown,Cafe
5158,bangalore infantry,18100,13,271,$0.25,5,20,https://www.zomato.com/bangalore/infantry-road-restaurants,Bangalore,Karnataka,India,Restaurant
5159,austin town,18100,12,271,$0,7,26,https://www.zomato.com/bangalore/caf%C3%A9s-in-austin-town,Bangalore,Karnataka,India,Unknown
5160,anand sweets whitefield,9900,1,5502,$0.29,9,20,https://www.zomato.com/bangalore/anand-sweets-and-savouries-whitefield-bangalore,Bangalore,Karnataka,India,Unknown
5161,almond house near me,14800,6,2932,$0.07,5,11,https://www.zomato.com/hyderabad/almond-house-banjara-hills,Hyderabad,Telangana,India,Unknown
5162,agra hilton,18100,11,204,$0.55,22,38,https://www.zomato.com/agra/north-27-doubletree-by-hilton-tajganj,Agra,Uttar Pradesh,India,Unknown
5163,1522 bar & kitchen mumbai,33100,4,2932,$0,8,17,https://www.zomato.com/mumbai/1522-bar-and-kitchen-mahakali,Mumbai,Maharashtra,India,Bar
5164,the park delhi connaught place,18100,8,611,$0.66,63,33,https://www.zomato.com/ncr/restaurants/in/the-park-delhi-connaught-place,Unknown,Unknown,Unknown,Restaurant
5165,taj palace hotel delhi,18100,15,164,$0.27,41,23,https://www.zomato.com/ncr/restaurants/in/taj-palace-chanakyapuri,Unknown,Unknown,Unknown,Restaurant
5166,social kitchen restaurant,12100,8,1192,$0.08,4,46,https://www.zomato.com/kochi/social-kitchen-kadavanthra,Kochi,Kerala,India,Unknown
5167,sobha mall,18100,14,204,$0.15,5,21,https://www.zomato.com/bangalore/restaurants/in/1-sobha,Bangalore,Karnataka,India,Restaurant
5168,sizzler near me,18100,5,5502,$0.24,4,20,https://www.zomato.com/mumbai/restaurants/dish-sizzler,Mumbai,Maharashtra,India,Restaurant
5169,santosa cinemas,27100,13,135,$0,1,20,https://www.zomato.com/chennai/evp-cinemas-chembarambakkam,Chennai,Tamil Nadu,India,Bar
5170,sangam courtyard,18100,1,5502,$0,7,26,https://www.zomato.com/ncr/restaurants/in/sangam-complex,Unknown,Unknown,Unknown,Restaurant
5171,restaurants near me top,18100,4,5502,$0.06,12,23,https://www.zomato.com/restaurants-near-me,Unknown,Unknown,Unknown,Restaurant
5172,okhla phase 2,14800,9,848,$0.05,2,18,https://www.zomato.com/ncr/okhla-phase-2-delhi-restaurants,Unknown,Unknown,Unknown,Restaurant
5173,no 4,14800,21,92,$0.16,2,25,https://www.zomato.com/chennai/4-degree-nungambakkam,Chennai,Tamil Nadu,India,Unknown
5174,night club in gurgaon,18100,9,848,$0.16,5,12,https://www.zomato.com/ncr/zorro-the-luxury-night-club-sector-29-gurgaon,Unknown,Unknown,Unknown,Unknown
5175,muhammadi palace,12100,3,5502,$0.11,6,22,https://www.zomato.com/jaipur/muhammadi-palace-pink-city,Jaipur,Rajasthan,India,Unknown
5176,moustache jaipur,18100,30,38,$0.21,47,38,https://www.zomato.com/jaipur/moustache-headquarters-sindhi-camp?amp=1,Jaipur,Rajasthan,India,Unknown
5177,madhu milan square,14800,29,38,$0.07,5,22,https://www.zomato.com/indore/restaurants/near/madhumilan-theatre,Indore,Madhya Pradesh,India,Restaurant
5178,lavie en rose cafe,18100,4,5502,$0.08,3,21,https://www.zomato.com/hyderabad/la-vie-en-rose-sainikpuri-secunderabad,Hyderabad,Telangana,India,Unknown
5179,visiting places in mumbai,22200,73,38,$0.10,11,41,https://www.zomato.com/mumbai/restaurants,Mumbai,Maharashtra,India,Restaurant
5180,udupi sri krishna bhavan,9900,5,2932,$0.45,6,19,https://www.zomato.com/bangalore/udupi-sri-krishna-bhavan-since-1926-basavanagudi-bangalore,Bangalore,Karnataka,India,Unknown
5181,top restaurants near me,18100,4,5502,$0.32,13,14,https://www.zomato.com/restaurants-near-me,Unknown,Unknown,Unknown,Restaurant
5182,tirupati restaurant,14800,5,2932,$0.02,1,23,https://www.zomato.com/tirupati/restaurants,Unknown,Unknown,Unknown,Restaurant
5183,vijay durga,18100,13,356,$0,1,31,https://www.zomato.com/hyderabad/vijaya-durga-grand-hotel-medchal-road,Hyderabad,Telangana,India,Hotel
5184,cape goa,22200,7,1192,$0.07,11,28,https://www.zomato.com/goa/the-cape-goa-3-cavelossim,Goa,Goa,India,Unknown
5185,cakes world,14800,6,1761,$0.13,8,25,https://www.zomato.com/pune/cakes-world-lohegaon,Pune,Maharashtra,India,Unknown
5186,cake world,14800,7,1192,$0.16,6,24,https://www.zomato.com/jaipur/cake-world-tonk-road,Jaipur,Rajasthan,India,Unknown
5187,cafe antonio,12100,3,5502,$0.09,4,37,https://www.zomato.com/goa/cafe-antonio-anjuna,Goa,Goa,India,Cafe
5188,buffet restaurant,27100,7,1761,$0.29,2,27,https://www.zomato.com/ncr/best-buffet,Unknown,Unknown,Unknown,Unknown
5189,saidapet india,18100,34,38,$0.14,4,26,https://www.zomato.com/chennai/saidapet-restaurants,Chennai,Tamil Nadu,India,Restaurant
5190,sa ba,18100,5,1761,$0,1,41,https://www.zomato.com/manali/sa-ba-old-manali,Unknown,Unknown,Unknown,Unknown
5191,restaurants with gluten free foods,18100,9,848,$0.37,1,21,https://www.zomato.com/ncr/restaurants?from_query=gluten%20free&gluten-free=1,Unknown,Unknown,Unknown,Restaurant
5192,restaurants in gachibowli hyderabad,14800,4,5502,$0.04,9,21,https://www.zomato.com/hyderabad/gachibowli-restaurants,Hyderabad,Telangana,India,Restaurant
5193,restaurant with takeout near me,18100,4,5502,$0.07,7,35,https://www.zomato.com/restaurants-near-me,Unknown,Unknown,Unknown,Restaurant
5194,restaurant surat,18100,4,5502,$0,1,23,https://www.zomato.com/surat/dine-out,Surat,Gujarat,India,Unknown
5195,restaurant indore,14800,4,5502,$0.11,3,23,https://www.zomato.com/indore/restaurants,Indore,Madhya Pradesh,India,Restaurant
5196,ramen bowls restaurant,18100,2,5502,$0.06,80,20,https://www.zomato.com/mumbai/ramen-bowl-versova,Mumbai,Maharashtra,India,Unknown
5197,ramen bowl,14800,10,611,$0.11,86,48,https://www.zomato.com/mumbai/ramen-bowl-versova,Mumbai,Maharashtra,India,Unknown
5198,raj mahal,18100,19,92,$0.31,1,24,https://www.zomato.com/ncr/raj-mahal-restaurant-pitampura-new-delhi,Unknown,Unknown,Unknown,Restaurant
5199,radisson blu jammu hotel,18100,26,39,$0.27,34,23,https://www.zomato.com/jammu/blu-pan-hotel-radisson-blu-channi-himmat,Unknown,Unknown,Unknown,Hotel
5200,the residency hotel coimbatore,18100,19,77,$0.18,28,19,https://www.zomato.com/coimbatore/restaurants/in/residency-hotel-race-course,Unknown,Unknown,Unknown,Restaurant
5201,the paradise by tunga mumbai,18100,5,1761,$0.18,24,18,https://www.zomato.com/mumbai/ganga-the-paradise-by-tunga-mahakali,Mumbai,Maharashtra,India,Unknown
5202,the fixx,18100,3,1761,$0.10,4,37,https://www.zomato.com/bangalore/the-fixx-1-koramangala-4th-block-bangalore,Bangalore,Karnataka,India,Unknown
5203,thai delivery,12100,7,1192,$0.33,1,45,https://www.zomato.com/patna/restaurants/thai?ref_page=home&icici=1&category=1&page=1,Patna,Bihar,India,Restaurant
5204,taj wellington mews mumbai,18100,30,38,$0.21,16,15,https://www.zomato.com/mumbai/restaurants/in/taj-wellington-mews-colaba,Mumbai,Maharashtra,India,Restaurant
5205,taj palace hotel chanakyapuri,18100,5,1761,$0.39,46,29,https://www.zomato.com/ncr/restaurants/in/taj-palace-chanakyapuri,Unknown,Unknown,Unknown,Restaurant
5206,taj hotel delhi,27100,31,38,$0.14,20,28,https://www.zomato.com/ncr/restaurants/in/taj-palace-chanakyapuri,Unknown,Unknown,Unknown,Restaurant
5207,leela ambience,22200,10,356,$0.45,54,41,https://www.zomato.com/ncr/restaurants/in/the-leela-ambience-dlf-phase-3,Unknown,Unknown,Unknown,Restaurant
5208,kahani craft bar and kitchen,14800,3,5502,$0.07,3,22,https://www.zomato.com/bangalore/kahani-craft-bar-and-kitchen-jalahalli-bangalore,Bangalore,Karnataka,India,Bar
5209,ikk panjab,18100,1,5502,$0.33,1,19,https://www.zomato.com/ncr/ikk-panjab-dlf-phase-5-gurgaon,Unknown,Unknown,Unknown,Unknown
5210,places for lunch close to me,14800,2,5502,$0.07,15,31,https://www.zomato.com/restaurants-near-me,Unknown,Unknown,Unknown,Restaurant
5211,pariwar dhaba,18100,5,2932,$0.23,5,22,https://www.zomato.com/hyderabad/pariwar-dhaba-shamshabad,Hyderabad,Telangana,India,Unknown
5212,oakwood hyderabad,22200,11,271,$0.21,42,37,https://www.zomato.com/oakleaf,Unknown,Unknown,Unknown,Unknown
5213,nidhivan sarovar portico vrindavan,18100,59,38,$0.17,33,20,https://www.zomato.com/vrindavan/nidhivan-sarovar-portico-vrindavan-locality/order,Unknown,Unknown,Unknown,Unknown
5214,neelkanth sweets gomti nagar,14800,1,5502,$0.15,5,19,https://www.zomato.com/lucknow/neelkanth-sweets-gomti-nagar,Lucknow,Uttar Pradesh,India,Unknown
5215,nearby hotels for food,14800,4,5502,$0.07,7,42,https://www.zomato.com/restaurants-near-me,Unknown,Unknown,Unknown,Restaurant
5216,nair mess chennai,12100,3,5502,$0.34,5,23,https://www.zomato.com/chennai/nair-mess-triplicane,Chennai,Tamil Nadu,India,Unknown
5217,modi hospital road,18100,7,848,$0.16,4,18,https://www.zomato.com/bangalore/doctor-mc-modi-hospital-road-west-of-chord-road-2nd-stage-restaurants,Bangalore,Karnataka,India,Restaurant
5218,english breakfast near me,18100,3,2932,$0.17,13,14,https://www.zomato.com/pune/restaurace/dish-english-breakfast,Pune,Maharashtra,India,Unknown
5219,empire restaurant hsr layout bangalore,18100,1,5502,$0.16,5,20,https://www.zomato.com/bangalore/empire-restaurant-since-1966-hsr-bangalore,Bangalore,Karnataka,India,Restaurant
5220,elephant and co kalyani nagar,18100,3,5502,$1.43,4,21,https://www.zomato.com/pune/elephant-co-kalyani-nagar,Pune,Maharashtra,India,Unknown
5221,downtown skye suncity,14800,3,5502,$0.14,5,18,https://www.zomato.com/ncr/downtown-skye-suncity-business-towers-sector-54-gurgaon,Unknown,Unknown,Unknown,Unknown
5222,delicious food near me,14800,4,5502,$0.38,14,14,https://www.zomato.com/restaurants-near-me,Unknown,Unknown,Unknown,Restaurant
5223,dance bar near me,18100,6,2932,$0.45,3,11,https://www.zomato.com/mumbai/night-clubs,Mumbai,Maharashtra,India,Unknown
5224,coffee home,18100,1,5502,$0,3,24,https://www.zomato.com/ncr/coffee-home-connaught-place-new-delhi,Unknown,Unknown,Unknown,Coffee
5225,chennai indian,14800,15,204,$0.51,1,50,https://www.zomato.com/chennai/restaurants/north-indian,Chennai,Tamil Nadu,India,Restaurant
5226,hotel park residency kerala,18100,27,38,$0.48,11,18,https://www.zomato.com/kochi/hotel-park-residency-1-kakkanad,Kochi,Kerala,India,Hotel
5227,hotel courtyard by marriott bhopal,18100,29,38,$0.61,41,24,https://www.zomato.com/bhopal/restaurants/in/courtyard-by-marriot-maharana-pratap-nagar,Unknown,Unknown,Unknown,Restaurant
5228,hotel city park hotels in delhi,14800,11,271,$0.21,13,22,https://www.zomato.com/ncr/restaurants/in/hotel-city-park-pitampura,Unknown,Unknown,Unknown,Restaurant
5229,hari sandwich,18100,6,5502,$0.30,4,22,https://www.zomato.com/bangalore/hari-super-sandwich-jayanagar,Bangalore,Karnataka,India,Unknown
5230,gurgaon dlf cyber hub,18100,9,848,$0.51,1,40,https://www.zomato.com/ncr/restaurants/in/cyber-hub-dlf-cyber-city,Unknown,Unknown,Unknown,Restaurant
5231,gluten free food in restaurants,18100,6,1192,$0.37,1,21,https://www.zomato.com/ncr/restaurants?from_query=gluten%20free&gluten-free=1,Unknown,Unknown,Unknown,Restaurant
5232,gali number 10,18100,9,463,$0.23,3,21,https://www.zomato.com/ncr/khao-gali-no-10-indirapuram-ghaziabad,Unknown,Unknown,Unknown,Unknown
5233,ild trade center gurgaon,14800,3,1761,$0.09,1,17,https://www.zomato.com/ncr/restaurants/in/ild-trade-centre-mall-sohna-road,Unknown,Unknown,Unknown,Restaurant
5234,ice cream parlour,18100,7,1761,$0.35,2,49,https://www.zomato.com/ncr/best-ice-cream-spots,Unknown,Unknown,Unknown,Ice Cream
5235,hyatt regency ludhiana,22200,26,39,$0.82,33,29,https://www.zomato.com/ludhiana/kitchen-at-95-hyatt-regency-ludhiana-aggar-nagar,Unknown,Unknown,Unknown,Unknown
5236,hyatt centric janakpuri,22200,7,848,$1.45,55,36,https://www.zomato.com/ncr/kitchen-district-hyatt-centric-1-janakpuri-new-delhi,Unknown,Unknown,Unknown,Unknown
5237,brunches,18100,18,164,$0.09,1,21,https://www.zomato.com/chennai/restaurants/brunch,Chennai,Tamil Nadu,India,Restaurant
5238,bhanwar kuwa,14800,23,48,$0.11,6,19,https://www.zomato.com/indore/bhawar-kuan-restaurants,Indore,Madhya Pradesh,India,Restaurant
5239,best restaurants vadodara,18100,4,5502,$0.15,2,19,https://www.zomato.com/vadodara/dine-out,Unknown,Unknown,Unknown,Unknown
5240,best restaurants in vadodara,18100,5,2932,$0,4,12,https://www.zomato.com/vadodara/dine-out,Unknown,Unknown,Unknown,Unknown
5241,best biryani in bangalore,18100,7,1761,$0.70,7,13,https://www.zomato.com/bangalore/classic-biryanis,Bangalore,Karnataka,India,Unknown
5242,beats restaurant,20,5,2932,$0,1,18,https://www.zomato.com/surat/cafe-beats-nana-varachha,Surat,Gujarat,India,Cafe
5243,aundh pune,22200,17,106,$0.17,4,22,https://www.zomato.com/pune/aundh-restaurants,Pune,Maharashtra,India,Restaurant
5244,12952 train running status,18100,49,38,$0.01,1,16,https://www.zomato.com/order-food-online-in-train,Unknown,Unknown,Unknown,Unknown
5245,zomato help number,18100,1,5502,$0,1,25,https://www.zomato.com/contact,Unknown,Unknown,Unknown,Unknown
5246,zomato coupon code today,18100,5,1761,$0.33,1,10,https://www.zomato.com/book/docs/deals,Unknown,Unknown,Unknown,Unknown
5247,village organic kitchen,12100,30,38,$0.07,1,34,https://www.zomato.com/hyderabad/organic-kitchen-chanda-nagar,Hyderabad,Telangana,India,Unknown
5248,zomato helpline number,18100,1,5502,$0,1,18,https://www.zomato.com/contact,Unknown,Unknown,Unknown,Unknown
5249,vega circle mall,14800,6,848,$0.31,17,22,https://www.zomato.com/siliguri/restaurants/in/vega-circle-mall-bankim-nagar,Unknown,Unknown,Unknown,Restaurant
5250,tuni city,18100,24,77,$0,1,23,https://www.zomato.com/tuni/tuni-city-restaurants,Unknown,Unknown,Unknown,Restaurant
5251,the thick shake factory,14800,11,611,$0,2,10,https://www.zomato.com/hyderabad/the-thickshake-factory-jubilee-hills,Hyderabad,Telangana,India,Unknown
5252,restaurants and buffets,18100,5,5502,$0.09,3,29,https://www.zomato.com/ncr/best-buffet,Unknown,Unknown,Unknown,Unknown
5253,restaurant fine dining near me,18100,4,5502,$0.05,19,24,https://www.zomato.com/fine-dining-near-me,Unknown,Unknown,Unknown,Unknown
5254,pista house kukatpally,18100,3,5502,$0.09,5,20,https://www.zomato.com/hyderabad/pista-house-5-kukatpally,Hyderabad,Telangana,India,Unknown
5255,pin code of yelahanka bangalore,18100,104,38,$0,1,21,https://www.zomato.com/bangalore/pincode-24-yelahanka-bangalore,Bangalore,Karnataka,India,Unknown
5256,picnic garden restaurant,18100,4,2932,$0.19,10,25,https://www.zomato.com/patna/hotel-picnic-garden-1-adampur,Patna,Bihar,India,Hotel
5257,picnic garden,18100,9,1192,$0,5,25,https://www.zomato.com/kolkata/picnic-garden-restaurants,Kolkata,West Bengal,India,Restaurant
5258,pastry bakery near me,18100,2,5502,$0.06,15,25,https://www.zomato.com/bakeries-near-me,Unknown,Unknown,Unknown,Bakery
5259,organic creamery by iceberg,14800,7,1761,$0.24,11,20,https://www.zomato.com/hyderabad/organic-creamery-by-iceberg-jubilee-hills,Hyderabad,Telangana,India,Unknown
5260,olive mithai shop,14800,6,2932,$0.20,3,19,https://www.zomato.com/hyderabad/olive-mithai-shop-hitech-city,Hyderabad,Telangana,India,Unknown
5261,old monk 375ml price in kolkata,9900,19,92,$0,1,10,https://www.zomato.com/kolkata/delivery?dish=old-monk-rum,Kolkata,West Bengal,India,Unknown
5262,scotty's,18100,2,5502,$0.02,2,22,https://www.zomato.com/guwahati/scottys-1-kala-pahar,Unknown,Unknown,Unknown,Unknown
5263,sanjay place,18100,39,38,$0.46,3,30,https://www.zomato.com/gu/agra/sanjay-place-veg-kitchen-civil-lines/order,Agra,Uttar Pradesh,India,Unknown
5264,rooftop cafe near me,18100,4,5502,$0.23,8,13,https://www.zomato.com/ncr/rooftop,Unknown,Unknown,Unknown,Unknown
5265,restaurants in gurgaon,18100,4,5502,$0.20,13,22,https://www.zomato.com/ncr/gurgaon-restaurants,Unknown,Unknown,Unknown,Restaurant
5266,restaurants in gachibowli,18100,4,5502,$0.34,9,22,https://www.zomato.com/hyderabad/gachibowli-restaurants,Hyderabad,Telangana,India,Restaurant
5267,lalit palace udaipur,18100,8,611,$0.23,39,28,https://www.zomato.com/udaipur/restaurants/in/the-lalit-laxmi-vilas-palace,Unknown,Unknown,Unknown,Restaurant
5268,kulcha lal parantha das,18100,6,1761,$0.08,3,19,https://www.zomato.com/ujjain/kulcha-lal-parantha-das-malipura,Unknown,Unknown,Unknown,Unknown
5269,karnataka food centre delhi,18100,3,5502,$0.13,2,25,https://www.zomato.com/ncr/karnataka-food-centre-r-k-puram-new-delhi,Unknown,Unknown,Unknown,Unknown
5270,italian food delivery,18100,8,1761,$0.73,1,20,https://www.zomato.com/patna/quick-bites/italian?breakfast=1&category=1,Patna,Bihar,India,Unknown
5271,inox vishal mall,12100,19,77,$0.48,5,21,https://www.zomato.com/ncr/restaurants/in/vishal-enclave,Unknown,Unknown,Unknown,Restaurant
5272,indian restaurants in udaipur,14800,5,2932,$0.08,20,24,https://www.zomato.com/udaipur/best-north-indian-restaurants,Unknown,Unknown,Unknown,Restaurant
5273,hyderabad chefs,14800,5,2932,$0,6,24,https://www.zomato.com/bangalore/hyderabad-chefs-whitefield-bangalore,Bangalore,Karnataka,India,Unknown
5274,hotel shalimar,14800,12,271,$0.24,5,24,https://www.zomato.com/chennai/shalimar-perambur,Chennai,Tamil Nadu,India,Unknown
5275,hotel crowne plaza okhla new delhi,18100,22,48,$0.46,47,25,https://www.zomato.com/ncr/restaurants/in/crowne-plaza-okhla,Unknown,Unknown,Unknown,Restaurant
5276,high tea,18100,8,1761,$0.06,1,18,https://www.zomato.com/kolkata/restaurants/dish-high-tea,Kolkata,West Bengal,India,Restaurant
5277,goa clubs,18100,9,1192,$0.19,4,25,https://www.zomato.com/goa/club,Goa,Goa,India,Unknown
5278,elco veg restaurant,9900,1,5502,$0.14,8,21,https://www.zomato.com/mumbai/elco-restaurant-hill-road-bandra-west,Mumbai,Maharashtra,India,Restaurant
5279,desi village,18100,7,848,$0,1,44,https://www.zomato.com/visakhapatnam/the-desi-village-donne-biryani-vishalaksmi-nagar-vizag,Unknown,Unknown,Unknown,Unknown
5280,desi tadka,14800,5,2932,$0,1,23,https://www.zomato.com/jammu/desi-tadka-1-gandhi-nagar,Unknown,Unknown,Unknown,Unknown
5281,customer care zomato,14800,1,5502,$0,1,27,https://www.zomato.com/contact,Unknown,Unknown,Unknown,Unknown
5282,city center mall in mangalore,14800,9,463,$0.07,1,23,https://www.zomato.com/mangalore/restaurants/in/city-center-mall,Unknown,Unknown,Unknown,Restaurant
5283,cafe and garden,18100,4,5502,$0.07,2,47,https://www.zomato.com/ncr/garden-house-cafe-health-kitchen-1-shahpur-jat-new-delhi,Unknown,Unknown,Unknown,Cafe
5284,buttercup bungalow,12100,4,2932,$0.36,4,26,https://www.zomato.com/lucknow/buttercup-bungalow-2-gomti-nagar,Lucknow,Uttar Pradesh,India,Unknown
5285,hook lounge,22200,9,848,$0,1,25,https://www.zomato.com/puducherry/hook-lounge-white-town/menu,Unknown,Unknown,Unknown,Unknown
5286,haji ali juice centre mumbai,18100,4,2932,$0,4,12,https://www.zomato.com/mumbai/haji-ali-juice-center-tardeo,Mumbai,Maharashtra,India,Unknown
5287,guwahati cafes,18100,8,1192,$0.04,2,27,https://www.zomato.com/guwahati/great-cafes,Unknown,Unknown,Unknown,Cafe
5288,good to eat near me,18100,2,5502,$0.07,17,22,https://www.zomato.com/restaurants-near-me,Unknown,Unknown,Unknown,Restaurant
5289,good restaurants in vadodara,18100,4,5502,$0,4,12,https://www.zomato.com/vadodara/dine-out,Unknown,Unknown,Unknown,Unknown
5290,four ps,18100,22,77,$1.66,1,48,https://www.zomato.com/bangalore/pizza-4ps-indiranagar-bangalore,Bangalore,Karnataka,India,Pizza
5291,football chowk jalandhar,18100,16,135,$0,7,21,https://www.zomato.com/jalandhar/sh-narayan-dass-ji-bare-wale-football-chowk-adarsh-nagar,Unknown,Unknown,Unknown,Bar
5292,fast food and restaurants,18100,5,5502,$0.05,2,22,https://www.zomato.com/mumbai/fast-food,Mumbai,Maharashtra,India,Fast Food
5293,bombay cocktail bar,18100,3,5502,$0,3,19,https://www.zomato.com/mumbai/bombay-cocktail-bar-veera-desai-area,Mumbai,Maharashtra,India,Bar
5294,best pizza in near me,18100,4,5502,$0.17,11,32,https://www.zomato.com/pizza-restaurants-near-me,Unknown,Unknown,Unknown,Restaurant
5295,amman mess,12100,6,2932,$0.05,2,21,https://www.zomato.com/chennai/erode-amman-mess-anna-nagar-east,Chennai,Tamil Nadu,India,Unknown
5296,x live,14800,5,848,$0.95,1,47,https://www.zomato.com/ncr/x-live-dlf-phase-5-gurgaon,Unknown,Unknown,Unknown,Unknown
5297,noida sector 2,18100,15,204,$0.18,2,14,https://www.zomato.com/ncr/sector-2-noida-restaurants,Unknown,Unknown,Unknown,Restaurant
5298,momos point delhi,14800,3,5502,$0.11,1,22,https://www.zomato.com/ncr/momos-point-kamla-nagar-new-delhi,Unknown,Unknown,Unknown,Unknown
5299,miraya rose,9900,4,1761,$0.37,1,17,https://www.zomato.com/bangalore/restaurants/in/miraya-rose,Bangalore,Karnataka,India,Restaurant
5300,mangalore city centre,14800,9,356,$0.02,1,18,https://www.zomato.com/mangalore/restaurants/in/city-center-mall,Unknown,Unknown,Unknown,Restaurant
5301,maharashtrian food,14800,9,611,$0,1,23,https://www.zomato.com/mumbai/restaurants/maharashtrian,Mumbai,Maharashtra,India,Restaurant
5302,luft the air,9900,3,5502,$0.43,7,27,https://www.zomato.com/mumbai/luft-the-air-veera-desai-area,Mumbai,Maharashtra,India,Unknown
5303,lake city mall lake city fl,18100,27,38,$0.18,5,18,https://www.zomato.com/udaipur/restaurants/in/lake-city-mall,Unknown,Unknown,Unknown,Restaurant
5304,the spot,18100,4,5502,$0.09,3,22,https://www.zomato.com/kolkata/the-spot-sector-1-salt-lake,Kolkata,West Bengal,India,Unknown
5305,telugu medium kitchen & bar,18100,3,5502,$0.20,7,20,https://www.zomato.com/hyderabad/telugu-medium-kitchen-bar-jubilee-hills,Hyderabad,Telangana,India,Bar
5306,takeout restaurants near me,18100,6,2932,$0.56,3,11,https://www.zomato.com/restaurants-near-me,Unknown,Unknown,Unknown,Restaurant
5307,sushi for delivery,12100,8,1761,$0.41,1,29,https://www.zomato.com/kharagpur/delivery/dish-sushi,Unknown,Unknown,Unknown,Unknown
5308,sugar n spice,18100,6,1761,$0,1,19,https://www.zomato.com/surat/sugar-n-spice-nanpura,Surat,Gujarat,India,Unknown
5309,sob club,18100,25,39,$2.07,1,34,https://www.zomato.com/CyberHubSocial,Unknown,Unknown,Unknown,Unknown
5310,sector 44 noida,18100,13,271,$0.19,3,18,https://www.zomato.com/ncr/sector-44-noida-restaurants,Unknown,Unknown,Unknown,Restaurant
5311,yuhi,14800,2,5502,$0.13,8,27,https://www.zomato.com/mumbai/yuhi-powai,Mumbai,Maharashtra,India,Unknown
5312,zomato logo,22200,2,5502,$0,1,24,https://www.zomato.com/,Unknown,Unknown,Unknown,Unknown
5313,ownership of zomato,18100,28,38,$0,1,35,https://www.zomato.com/partner-with-us/new/,Unknown,Unknown,Unknown,Unknown
5314,old street cafe & bar,12100,3,5502,$0.25,8,34,https://www.zomato.com/mumbai/old-street-cafe-bar-hill-road-bandra-west,Mumbai,Maharashtra,India,Cafe
5315,northern india food,18100,41,38,$0.03,1,57,https://www.zomato.com/bangalore/restaurants/north-indian,Bangalore,Karnataka,India,Restaurant
5316,nearby hotel for food,18100,5,5502,$0.08,9,32,https://www.zomato.com/restaurants-near-me,Unknown,Unknown,Unknown,Restaurant
5317,nav chaitanya,18100,3,5502,$0,3,24,https://www.zomato.com/mumbai/nav-chaitanya-4-bungalows,Mumbai,Maharashtra,India,Unknown
5318,mumbai street food vada pav,18100,14,356,$0.07,1,35,https://www.zomato.com/mumbai/delivery/dish-vada-pav,Mumbai,Maharashtra,India,Unknown
5319,mumbai famous place,18100,43,38,$0.03,11,39,https://www.zomato.com/mumbai/restaurants,Mumbai,Maharashtra,India,Restaurant
5320,mr bhatura,18100,4,5502,$0.09,4,22,https://www.zomato.com/ncr/mr-bhatura-1-sector-72-noida,Unknown,Unknown,Unknown,Unknown
5321,street arabiya,18100,5,2932,$0.13,3,19,https://www.zomato.com/coimbatore/street-arabiya-saibaba-colony,Unknown,Unknown,Unknown,Unknown
5322,sivananda colony,18100,27,41,$0.25,7,19,https://www.zomato.com/coimbatore/sivanadha-colony-restaurants,Unknown,Unknown,Unknown,Restaurant
5323,ribbons and balloons,18100,5,2932,$0.18,12,22,https://www.zomato.com/mumbai/ribbons-and-balloons-the-cake-shop-thane-east-thane,Mumbai,Maharashtra,India,Unknown
5324,restaurants near me with carry out,18100,4,5502,$0.07,8,32,https://www.zomato.com/restaurants-near-me,Unknown,Unknown,Unknown,Restaurant
5325,restaurants in udaipur india,18100,5,2932,$0.06,20,22,https://www.zomato.com/udaipur/restaurants?category=2,Unknown,Unknown,Unknown,Restaurant
5326,restaurants gurgaon,18100,4,5502,$0.21,11,27,https://www.zomato.com/ncr/gurgaon-restaurants,Unknown,Unknown,Unknown,Restaurant
5327,radisson blu atria,18100,16,106,$0.56,55,35,https://www.zomato.com/bangalore/one-atria-cafe-radisson-blu-atria-race-course-road-bangalore,Bangalore,Karnataka,India,Cafe
5328,pvr vasant kunj promenade,18100,15,101,$0.06,2,23,https://www.zomato.com/ncr/pvr-caf%C3%A9-popcorn-pizza-hot-dogs-snacks-vasant-kunj-new-delhi,Unknown,Unknown,Unknown,Pizza
5329,pvr cinemax odeon ghatkopar mumbai,18100,17,77,$0.03,3,11,https://www.zomato.com/mumbai/pvr-caf%C3%A9-popcorn-pizza-hot-dogs-snacks-ghatkopar-east,Mumbai,Maharashtra,India,Pizza
5330,pune f c road,18100,16,204,$0.07,1,21,https://www.zomato.com/pune/best-fc-road-restaurants,Pune,Maharashtra,India,Restaurant
5331,thai foodie,18100,11,463,$0.08,1,52,https://www.zomato.com/mumbai/restaurants/thai,Mumbai,Maharashtra,India,Restaurant
5332,taj restaurant,14800,5,2932,$0.22,2,23,https://www.zomato.com/bangalore/restaurants/in/taj-mg-road,Bangalore,Karnataka,India,Restaurant
5333,itc mughal agra,18100,13,204,$0.32,56,35,https://www.zomato.com/agra/restaurants/in/itc-mughal-tajganj,Agra,Uttar Pradesh,India,Restaurant
5334,indian republic canteen,18100,3,5502,$0.20,6,27,https://www.zomato.com/ncr/indian-republic-canteen-connaught-place-new-delhi,Unknown,Unknown,Unknown,Unknown
5335,hyd chefs,18100,5,2932,$0.06,3,21,https://www.zomato.com/bangalore/hyderabad-chefs-whitefield-bangalore,Bangalore,Karnataka,India,Unknown
5336,hyatt place candolim goa,18100,16,106,$16.96,33,20,https://www.zomato.com/goa/zing-by-hyatt-place-candolim,Goa,Goa,India,Unknown
5337,hotel ramada in jaipur,18100,15,164,$0.29,60,29,https://www.zomato.com/jaipur/around-the-world-ramada-hotel-raja-park,Jaipur,Rajasthan,India,Hotel
5338,hotel priya,18100,5,2932,$0.11,3,24,https://www.zomato.com/mumbai/hotel-priya-vasai,Mumbai,Maharashtra,India,Hotel
5339,hotel polo towers shillong,18100,27,39,$0.11,37,22,https://www.zomato.com/shillong/hotel-polo-towers-police-bazaar/order,Unknown,Unknown,Unknown,Hotel
5340,hotel om tower,22200,6,848,$0.10,13,23,https://www.zomato.com/jaipur/revolving-restaurant-sansar-chandra-road,Jaipur,Rajasthan,India,Restaurant
5341,hotel lalit laxmi vilas palace udaipur,18100,16,135,$0.29,38,32,https://www.zomato.com/udaipur/restaurants/in/the-lalit-laxmi-vilas-palace,Unknown,Unknown,Unknown,Restaurant
5342,honey and cake,18100,5,5502,$0.22,1,30,https://www.zomato.com/chennai/honey-n-cakes-medavakkam,Chennai,Tamil Nadu,India,Unknown
5343,garden cafeteria,18100,3,5502,$0,2,24,https://www.zomato.com/ncr/garden-restaurant-chanakyapuri-new-delhi,Unknown,Unknown,Unknown,Restaurant
5344,flamboyant,22200,10,848,$0,1,37,https://www.zomato.com/kolkata/the-flamboyant-chowringhee,Kolkata,West Bengal,India,Unknown
5345,fast food restaurants,22200,9,1192,$0.47,1,20,https://www.zomato.com/mumbai/fast-food,Mumbai,Maharashtra,India,Fast Food
5346,bombay vada pav,14800,14,271,$0,3,18,https://www.zomato.com/raipur/bombay-vada-pav-civil-lines,Unknown,Unknown,Unknown,Unknown
5347,bombay brasserie,22200,4,5502,$0.31,3,25,https://www.zomato.com/bangalore/bombay-brasserie-indiranagar,Bangalore,Karnataka,India,Unknown
5348,benne juhu,12100,3,5502,$0.29,1,26,https://www.zomato.com/mumbai/benne-1-juhu,Mumbai,Maharashtra,India,Unknown
5349,ashoka road,14800,55,38,$0,4,24,https://www.zomato.com/ncr/sagar-ratna-the-ashok-chanakyapuri-new-delhi,Unknown,Unknown,Unknown,Unknown
5350,ashok vihar phase 3,22200,15,164,$0.28,3,12,https://www.zomato.com/ncr/ashok-vihar-phase-3-delhi-restaurants,Unknown,Unknown,Unknown,Restaurant
5351,amman mess coimbatore,12100,5,5502,$0.05,2,22,https://www.zomato.com/coimbatore/sri-amman-mess-peelamedu,Unknown,Unknown,Unknown,Unknown
5352,9x,18100,12,164,$0,1,44,https://www.zomato.com/chandigarh/9x-snacks-sector-20-panchkula-panchkula,Chandigarh,Chandigarh,India,Unknown
5353,1559 ad udaipur,18100,4,2932,$0.09,3,21,https://www.zomato.com/udaipur/1559-ad-fateh-sagar/menu,Unknown,Unknown,Unknown,Unknown
5354,chandan hola,18100,72,38,$0.15,5,19,https://www.zomato.com/ncr/chandan-da-dhaba-south-extension-1-new-delhi,Unknown,Unknown,Unknown,Unknown
5355,casa bella vista,12100,3,2932,$0.40,3,31,https://www.zomato.com/chandigarh/casa-bella-vista-pizzeria-sector-10,Chandigarh,Chandigarh,India,Unknown
5356,carry out restaurants near me,18100,5,5502,$0.07,7,28,https://www.zomato.com/restaurants-near-me,Unknown,Unknown,Unknown,Restaurant
5357,cafe udupi ruchi,18100,4,2932,$0,2,19,https://www.zomato.com/bangalore/cafe-udupi-ruchi-jayanagar-bangalore,Bangalore,Karnataka,India,Cafe
5358,cafe in garden,18100,11,463,$0.06,2,43,https://www.zomato.com/ncr/garden-house-cafe-health-kitchen-1-shahpur-jat-new-delhi,Unknown,Unknown,Unknown,Cafe
5359,evergreen sweets green park delhi,18100,3,5502,$0.10,4,22,https://www.zomato.com/ncr/evergreen-sweet-house-green-park-new-delhi,Unknown,Unknown,Unknown,Unknown
5360,essex farms banquets,18100,5,848,$0.14,5,20,https://www.zomato.com/ncr/restaurants/in/essex-farms-adchini,Unknown,Unknown,Unknown,Restaurant
5361,elephant and co baner,12100,1,5502,$0.21,8,22,https://www.zomato.com/pune/elephant-co-baner,Pune,Maharashtra,India,Unknown
5362,death chocolate,18100,9,848,$0.53,2,37,https://www.zomato.com/bangalore/restaurants/dish-death-by-chocolate,Bangalore,Karnataka,India,Restaurant
5363,cubic mall,14800,3,1761,$0,1,22,https://www.zomato.com/mumbai/restaurants/in/cubic-mall-chembur,Mumbai,Maharashtra,India,Restaurant
5364,cecilia's pizzeria,9900,4,5502,$0.28,7,21,https://www.zomato.com/ncr/cecilias-pizzeria-rajouri-garden-new-delhi,Unknown,Unknown,Unknown,Unknown
5365,marriott chakan,14800,12,204,$0.47,12,26,https://www.zomato.com/pune/momo-cafe-courtyard-by-marriott-pune-chakan-chakan,Pune,Maharashtra,India,Cafe
5366,kappa stories,3600,1,5502,$0.09,1,25,https://www.zomato.com/kochi/kappa-stories-palarivattom,Kochi,Kerala,India,Unknown
5367,kapil towers,18100,6,1192,$0.49,8,26,https://www.zomato.com/hyderabad/restaurants/in/kapil-towers-nanakramguda-gachibowli,Hyderabad,Telangana,India,Restaurant
5368,vithal kamat,14800,13,356,$0,1,22,https://www.zomato.com/pune/vithal-kamats-shivapur,Pune,Maharashtra,India,Unknown
5369,vijay cross road,18100,9,463,$0.14,5,19,https://www.zomato.com/ahmedabad/kiosk?outdoor=1&landmark_id=274727,Ahmedabad,Gujarat,India,Unknown
5370,true black speciality coffee jubilee hills,18100,4,2932,$0.47,5,19,https://www.zomato.com/hyderabad/true-black-speciality-coffee-jubilee-hills,Hyderabad,Telangana,India,Coffee
5371,dishoom,18100,21,77,$0.33,1,37,https://www.zomato.com/ncr/dishoom-burger-sandwich-paschim-vihar-new-delhi,Unknown,Unknown,Unknown,Unknown
5372,dhaba near me open now,12100,4,5502,$0.04,3,24,https://www.zomato.com/dhabas-near-me,Unknown,Unknown,Unknown,Unknown
5373,deepak dhaba,18100,6,2932,$0.06,1,21,https://www.zomato.com/bathinda/deepak-dhaba-mall-road/order,Unknown,Unknown,Unknown,Unknown
5374,dance clubs in gurgaon,18100,9,848,$0.51,3,11,https://www.zomato.com/ncr/night-clubs,Unknown,Unknown,Unknown,Unknown
5375,cyber hub dlf,18100,3,1761,$0.58,3,37,https://www.zomato.com/ncr/restaurants/in/cyber-hub-dlf-cyber-city,Unknown,Unknown,Unknown,Restaurant
5376,coconut grove,18100,6,2932,$0.27,4,25,https://www.zomato.com/bangalore/coconut-grove-church-street,Bangalore,Karnataka,India,Unknown
5377,christian basti guwahati,18100,7,1192,$0.15,3,20,https://www.zomato.com/guwahati/christian-basti-restaurants,Unknown,Unknown,Unknown,Restaurant
5378,chocolate brownie near me,18100,7,1761,$0.21,9,29,https://www.zomato.com/ahmedabad/restoran/dish-chocolate-brownie,Ahmedabad,Gujarat,India,Unknown
5379,chinese foods that deliver,12100,5,2932,$0.35,1,63,https://www.zomato.com/mumbai/restaurants/chinese?category=1,Mumbai,Maharashtra,India,Restaurant
5380,calicut cafe,18100,5,5502,$0,3,24,https://www.zomato.com/kottayam/calicut-cafe-kottayam-locality/order,Unknown,Unknown,Unknown,Cafe
5381,cafe azzure,18100,4,5502,$0.86,6,25,https://www.zomato.com/bangalore/cafe-azzure-mg-road,Bangalore,Karnataka,India,Cafe
5382,theobroma cake,12100,14,463,$0.27,95,19,https://www.zomato.com/pune/theobroma-mg-road/order,Pune,Maharashtra,India,Unknown
5383,thai cuisine food,18100,22,92,$0.08,1,54,https://www.zomato.com/mumbai/restaurants/thai,Mumbai,Maharashtra,India,Restaurant
5384,taj palace new delhi delhi,18100,16,135,$0.39,46,31,https://www.zomato.com/ncr/restaurants/in/taj-palace-chanakyapuri,Unknown,Unknown,Unknown,Restaurant
5385,tadka,18100,20,135,$0.08,1,36,https://www.zomato.com/ncr/tadka-4986-paharganj-new-delhi,Unknown,Unknown,Unknown,Unknown
5386,surti hotel,14800,3,5502,$0.03,7,23,https://www.zomato.com/mumbai/surti-kalbadevi,Mumbai,Maharashtra,India,Unknown
5387,shankar road,18100,8,848,$0.29,2,22,https://www.zomato.com/ncr/dhaba?zomato_place_id=115413,Unknown,Unknown,Unknown,Unknown
5388,running train,18100,59,38,$0.01,1,62,https://www.zomato.com/order-food-online-in-train,Unknown,Unknown,Unknown,Unknown
5389,red label price in kolkata,18100,9,463,$0,1,10,https://www.zomato.com/kolkata/restaurants/dish-johnnie-walker-red-label,Kolkata,West Bengal,India,Restaurant
5390,zorko brand of food lovers,9900,8,1761,$0.18,5,20,https://www.zomato.com/ncr/zorko-brand-of-food-lovers-satyaniketan-new-delhi,Unknown,Unknown,Unknown,Unknown
5391,zomato partner app,18100,1,5502,$0.29,2,19,https://www.zomato.com/partners/login,Unknown,Unknown,Unknown,Unknown
5392,vijayawada top restaurants,18100,7,1761,$0.04,11,20,https://www.zomato.com/vijayawada,Unknown,Unknown,Unknown,Unknown
5393,urban chowk nikol,9900,3,2932,$0.03,3,32,https://www.zomato.com/ahmedabad/restaurants/in/urban-chowk,Ahmedabad,Gujarat,India,Restaurant
5394,two brothers organic farms,18100,15,271,$0.59,91,38,https://www.zomato.com/mumbai/two-brothers-organic-farms-santacruz-west,Mumbai,Maharashtra,India,Unknown
5395,matteo coffea bangalore,18100,3,5502,$0.20,5,23,https://www.zomato.com/bangalore/matteo-coffea-church-street,Bangalore,Karnataka,India,Unknown
5396,pune f c road,18100,16,204,$0.07,1,21,https://www.zomato.com/pune/best-fc-road-restaurants,Pune,Maharashtra,India,Restaurant
5397,thai foodie,18100,11,463,$0.08,1,52,https://www.zomato.com/mumbai/restaurants/thai,Mumbai,Maharashtra,India,Restaurant
5398,taj restaurant,14800,5,2932,$0.22,2,23,https://www.zomato.com/bangalore/restaurants/in/taj-mg-road,Bangalore,Karnataka,India,Restaurant
5399,itc mughal agra,18100,13,204,$0.32,56,35,https://www.zomato.com/agra/restaurants/in/itc-mughal-tajganj,Agra,Uttar Pradesh,India,Restaurant
5400,indian republic canteen,18100,3,5502,$0.20,6,27,https://www.zomato.com/ncr/indian-republic-canteen-connaught-place-new-delhi,Unknown,Unknown,Unknown,Unknown
5401,hyd chefs,18100,5,2932,$0.06,3,21,https://www.zomato.com/bangalore/hyderabad-chefs-whitefield-bangalore,Bangalore,Karnataka,India,Unknown
5402,hyatt place candolim goa,18100,16,106,$16.96,33,20,https://www.zomato.com/goa/zing-by-hyatt-place-candolim,Goa,Goa,India,Unknown
5403,hotel ramada in jaipur,18100,15,164,$0.29,60,29,https://www.zomato.com/jaipur/around-the-world-ramada-hotel-raja-park,Jaipur,Rajasthan,India,Hotel
5404,hotel priya,18100,5,2932,$0.11,3,24,https://www.zomato.com/mumbai/hotel-priya-vasai,Mumbai,Maharashtra,India,Hotel
5405,hotel polo towers shillong,18100,27,39,$0.11,37,22,https://www.zomato.com/shillong/hotel-polo-towers-police-bazaar/order,Unknown,Unknown,Unknown,Hotel
5406,hotel om tower,22200,6,848,$0.10,13,23,https://www.zomato.com/jaipur/revolving-restaurant-sansar-chandra-road,Jaipur,Rajasthan,India,Restaurant
5407,hotel lalit laxmi vilas palace udaipur,18100,16,135,$0.29,38,32,https://www.zomato.com/udaipur/restaurants/in/the-lalit-laxmi-vilas-palace,Unknown,Unknown,Unknown,Restaurant
5408,honey and cake,18100,5,5502,$0.22,1,30,https://www.zomato.com/chennai/honey-n-cakes-medavakkam,Chennai,Tamil Nadu,India,Unknown
5409,garden cafeteria,18100,3,5502,$0,2,24,https://www.zomato.com/ncr/garden-restaurant-chanakyapuri-new-delhi,Unknown,Unknown,Unknown,Restaurant
5410,flamboyant,22200,10,848,$0,1,37,https://www.zomato.com/kolkata/the-flamboyant-chowringhee,Kolkata,West Bengal,India,Unknown
5411,fast food restaurants,22200,9,1192,$0.47,1,20,https://www.zomato.com/mumbai/fast-food,Mumbai,Maharashtra,India,Fast Food
5412,bombay vada pav,14800,14,271,$0,3,18,https://www.zomato.com/raipur/bombay-vada-pav-civil-lines,Unknown,Unknown,Unknown,Unknown
5413,bombay brasserie,22200,4,5502,$0.31,3,25,https://www.zomato.com/bangalore/bombay-brasserie-indiranagar,Bangalore,Karnataka,India,Unknown
5414,benne juhu,12100,3,5502,$0.29,1,26,https://www.zomato.com/mumbai/benne-1-juhu,Mumbai,Maharashtra,India,Unknown
5415,ashoka road,14800,55,38,$0,4,24,https://www.zomato.com/ncr/sagar-ratna-the-ashok-chanakyapuri-new-delhi,Unknown,Unknown,Unknown,Unknown
5416,ashok vihar phase 3,22200,15,164,$0.28,3,12,https://www.zomato.com/ncr/ashok-vihar-phase-3-delhi-restaurants,Unknown,Unknown,Unknown,Restaurant
5417,amman mess coimbatore,12100,5,5502,$0.05,2,22,https://www.zomato.com/coimbatore/sri-amman-mess-peelamedu,Unknown,Unknown,Unknown,Unknown
5418,9x,18100,12,164,$0,1,44,https://www.zomato.com/chandigarh/9x-snacks-sector-20-panchkula-panchkula,Chandigarh,Chandigarh,India,Unknown
5419,1559 ad udaipur,18100,4,2932,$0.09,3,21,https://www.zomato.com/udaipur/1559-ad-fateh-sagar/menu,Unknown,Unknown,Unknown,Unknown
5420,chandan hola,18100,72,38,$0.15,5,19,https://www.zomato.com/ncr/chandan-da-dhaba-south-extension-1-new-delhi,Unknown,Unknown,Unknown,Unknown
5421,casa bella vista,12100,3,2932,$0.40,3,31,https://www.zomato.com/chandigarh/casa-bella-vista-pizzeria-sector-10,Chandigarh,Chandigarh,India,Unknown
5422,carry out restaurants near me,18100,5,5502,$0.07,7,28,https://www.zomato.com/restaurants-near-me,Unknown,Unknown,Unknown,Restaurant
5423,cafe udupi ruchi,18100,4,2932,$0,2,19,https://www.zomato.com/bangalore/cafe-udupi-ruchi-jayanagar-bangalore,Bangalore,Karnataka,India,Cafe
5424,cafe in garden,18100,11,463,$0.06,2,43,https://www.zomato.com/ncr/garden-house-cafe-health-kitchen-1-shahpur-jat-new-delhi,Unknown,Unknown,Unknown,Cafe
5425,marriott chakan,14800,12,204,$0.47,12,26,https://www.zomato.com/pune/momo-cafe-courtyard-by-marriott-pune-chakan-chakan,Pune,Maharashtra,India,Cafe
5426,kappa stories,3600,1,5502,$0.09,1,25,https://www.zomato.com/kochi/kappa-stories-palarivattom,Kochi,Kerala,India,Unknown
5427,kapil towers,18100,6,1192,$0.49,8,26,https://www.zomato.com/hyderabad/restaurants/in/kapil-towers-nanakramguda-gachibowli,Hyderabad,Telangana,India,Restaurant
5428,vithal kamat,14800,13,356,$0,1,22,https://www.zomato.com/pune/vithal-kamats-shivapur,Pune,Maharashtra,India,Unknown
5429,vijay cross road,18100,9,463,$0.14,5,19,https://www.zomato.com/ahmedabad/kiosk?outdoor=1&landmark_id=274727,Ahmedabad,Gujarat,India,Unknown
5430,true black speciality coffee jubilee hills,18100,4,2932,$0.47,5,19,https://www.zomato.com/hyderabad/true-black-speciality-coffee-jubilee-hills,Hyderabad,Telangana,India,Coffee
5431,evergreen sweets green park delhi,18100,3,5502,$0.10,4,22,https://www.zomato.com/ncr/evergreen-sweet-house-green-park-new-delhi,Unknown,Unknown,Unknown,Unknown
5432,essex farms banquets,18100,5,848,$0.14,5,20,https://www.zomato.com/ncr/restaurants/in/essex-farms-adchini,Unknown,Unknown,Unknown,Restaurant
5433,elephant and co baner,12100,1,5502,$0.21,8,22,https://www.zomato.com/pune/elephant-co-baner,Pune,Maharashtra,India,Unknown
5434,death chocolate,18100,9,848,$0.53,2,37,https://www.zomato.com/bangalore/restaurants/dish-death-by-chocolate,Bangalore,Karnataka,India,Restaurant
5435,cubic mall,14800,3,1761,$0,1,22,https://www.zomato.com/mumbai/restaurants/in/cubic-mall-chembur,Mumbai,Maharashtra,India,Restaurant
5436,cecilia's pizzeria,9900,4,5502,$0.28,7,21,https://www.zomato.com/ncr/cecilias-pizzeria-rajouri-garden-new-delhi,Unknown,Unknown,Unknown,Unknown
5437,taj hotel chanakyapuri,18100,4,2932,$0.51,47,29,https://www.zomato.com/ncr/restaurants/in/taj-palace-chanakyapuri,Unknown,Unknown,Unknown,Restaurant
5438,starbucks photos,12100,9,611,$0.09,1,35,https://www.zomato.com/ncr/starbucks-coffee-1-connaught-place-new-delhi/photos,Unknown,Unknown,Unknown,Coffee
5439,sector 18 noida uttar pradesh,18100,11,463,$0.13,4,24,https://www.zomato.com/ncr/sector-18-noida-restaurants,Unknown,Unknown,Unknown,Restaurant
5440,sarovar portico vrindavan,18100,59,38,$0.17,33,28,https://www.zomato.com/vrindavan/nidhivan-sarovar-portico-vrindavan-locality/order,Unknown,Unknown,Unknown,Unknown
5441,salt and mango tree,18100,2,5502,$0.22,3,38,https://www.zomato.com/bangalore/salt-mango-tree-indiranagar,Bangalore,Karnataka,India,Unknown
5442,royal orchid central pune,18100,9,463,$0.26,24,18,https://www.zomato.com/pune/restaurants/in/hotel-royal-orchid-kalyani-nagar,Pune,Maharashtra,India,Restaurant
5443,royal cafe,22200,4,5502,$0,3,25,https://www.zomato.com/lucknow/royal-cafe-hazratganj,Lucknow,Uttar Pradesh,India,Cafe
5444,rohini city centre,18100,4,1761,$0.08,4,21,https://www.zomato.com/ncr/restaurants/in/city-centre-mall-rohini,Unknown,Unknown,Unknown,Restaurant
5445,restaurants in india mumbai,18100,4,5502,$0.08,8,30,https://www.zomato.com/mumbai/restaurants,Mumbai,Maharashtra,India,Restaurant
5446,restaurant near me takeout,18100,4,5502,$0.07,8,24,https://www.zomato.com/restaurants-near-me,Unknown,Unknown,Unknown,Restaurant
5447,restaurant in kp pune,18100,4,5502,$0.03,5,25,https://www.zomato.com/pune/koregaon-park-restaurants,Pune,Maharashtra,India,Restaurant
5448,zomato customer care,18100,1,5502,$0,1,18,https://www.zomato.com/contact,Unknown,Unknown,Unknown,Unknown
5449,watsons,18100,2,2932,$0.23,2,37,https://www.zomato.com/chennai/watsons-t-nagar,Chennai,Tamil Nadu,India,Unknown
5450,up 78,18100,8,1761,$0,1,16,https://www.zomato.com/kanpur/the-up-78-arya-nagar,Unknown,Unknown,Unknown,Unknown
5451,trident agra,22200,20,73,$0.46,41,37,https://www.zomato.com/agra/the-restaurant-trident-hotel-tajganj,Agra,Uttar Pradesh,India,Restaurant
5452,the tanjore tiffin room andheri,12100,3,5502,$0.31,9,20,https://www.zomato.com/mumbai/the-tanjore-tiffin-room-versova,Mumbai,Maharashtra,India,Unknown
5453,the mafia family kitchen & bar,12100,4,2932,$0.08,13,27,https://www.zomato.com/pune/the-mafia-sky-lounge-chandan-nagar,Pune,Maharashtra,India,Unknown
5454,the aurum,12100,17,164,$0.15,7,21,https://www.zomato.com/patna/the-aurum-cafe-patliputra-colony,Patna,Bihar,India,Cafe
5455,thai food with delivery,18100,7,1761,$0.01,1,22,https://www.zomato.com/ncr/restaurants/thai,Unknown,Unknown,Unknown,Restaurant
5456,thai food cuisine,18100,21,101,$0.11,1,31,https://www.zomato.com/mumbai/restaurants/thai,Mumbai,Maharashtra,India,Restaurant
5457,terns coimbatore,12100,3,5502,$0.04,1,25,https://www.zomato.com/coimbatore/terns-sitra,Unknown,Unknown,Unknown,Unknown
5458,tawa,18100,33,38,$0.08,95,65,https://www.zomato.com/mumbai/tawa-mohammad-ali-road,Mumbai,Maharashtra,India,Unknown
5459,surti hotel mumbai,18100,1,5502,$0,2,19,https://www.zomato.com/mumbai/surti-kalbadevi,Mumbai,Maharashtra,India,Unknown
5460,places to eat near me for lunch,14800,4,5502,$0.07,15,27,https://www.zomato.com/restaurants-near-me,Unknown,Unknown,Unknown,Restaurant
5461,pho prices,18100,4,5502,$0.02,97,22,https://www.zomato.com/pune/the-pho-kitchen-viman-nagar,Pune,Maharashtra,India,Unknown
5462,parotta shop near me,18100,3,2932,$0.28,4,12,https://www.zomato.com/bangalore/restaurants/dish-parotta,Bangalore,Karnataka,India,Restaurant
5463,om tower jaipur,18100,29,38,$0.16,7,19,https://www.zomato.com/jaipur/revolving-restaurant-sansar-chandra-road,Jaipur,Rajasthan,India,Restaurant
5464,neelkanth sweets gomti nagar lucknow,18100,1,5502,$0.09,2,20,https://www.zomato.com/lucknow/neelkanth-sweets-gomti-nagar,Lucknow,Uttar Pradesh,India,Unknown
5465,nearest sweet shop,12100,4,5502,$0.17,6,18,https://www.zomato.com/sweet-shops-near-me,Unknown,Unknown,Unknown,Sweet Shop
5466,r adda mumbai,14800,3,5502,$0,5,19,https://www.zomato.com/mumbai/r-adda-juhu,Mumbai,Maharashtra,India,Unknown
5467,fort restaurants,14800,4,5502,$0.17,3,38,https://www.zomato.com/mumbai/fort-restaurants,Mumbai,Maharashtra,India,Restaurant
5468,food truck,22200,8,1761,$0.32,2,25,https://www.zomato.com/ahmedabad/food-truck,Ahmedabad,Gujarat,India,Unknown
5469,fine dine near me,14800,4,5502,$0.10,9,60,https://www.zomato.com/fine-dining-near-me,Unknown,Unknown,Unknown,Unknown
5470,fasting food restaurants,18100,6,2932,$0.03,1,39,https://www.zomato.com/ncr/fasting-meals-vrat-ka-khana-upwas-sector-12-noida,Unknown,Unknown,Unknown,Unknown
5471,fast food in restaurant,18100,4,2932,$0.05,2,27,https://www.zomato.com/ncr/fast-food,Unknown,Unknown,Unknown,Fast Food
5472,famous ice cream,14800,1,5502,$0,5,19,https://www.zomato.com/hyderabad/famous-ice-creams-nampally,Hyderabad,Telangana,India,Ice Cream
5473,eat street vijayawada,14800,12,356,$0,4,19,https://www.zomato.com/vijayawada/minerva-eat-street-islampet,Unknown,Unknown,Unknown,Unknown
5474,dlf mall,22200,6,1192,$0.26,5,26,https://www.zomato.com/ncr/restaurants/in/dlf-mall-of-india-sector-18-noida,Unknown,Unknown,Unknown,Restaurant
5475,delhi daryaganj,18100,6,1761,$0.12,2,39,https://www.zomato.com/ncr/daryaganj-by-the-inventors-of-butter-chicken-and-dal-makhani-connaught-place-new-delhi,Unknown,Unknown,Unknown,Unknown
5476,club gurgaon,18100,11,463,$0.51,3,24,https://www.zomato.com/ncr/zorro-the-luxury-night-club-sector-29-gurgaon,Unknown,Unknown,Unknown,Unknown
5477,lulu global mall,14800,17,106,$0.14,5,20,https://www.zomato.com/bangalore/lulu-hypermarket-rajajinagar-bangalore,Bangalore,Karnataka,India,Unknown
5478,lovely sweets,14800,9,1192,$0,2,23,https://www.zomato.com/jalandhar/lovely-sweets-jalandhar-cantt,Unknown,Unknown,Unknown,Unknown
5479,little goa goa,18100,4,5502,$0,1,19,https://www.zomato.com/goa/de-little-goa-kitchen-bar-calangute,Goa,Goa,India,Bar
5480,little french house,18100,3,5502,$0.42,2,26,https://www.zomato.com/ahmedabad/little-french-house-navrangpura,Ahmedabad,Gujarat,India,Unknown
5481,la vie en rose cafe & bistro,18100,5,2932,$0.13,5,12,https://www.zomato.com/hyderabad/la-vie-en-rose-cafe-bistro-gachibowli,Hyderabad,Telangana,India,Cafe
5482,koregaon park restaurants pune,18100,4,5502,$0.03,5,26,https://www.zomato.com/pune/koregaon-park-restaurants,Pune,Maharashtra,India,Restaurant
5483,kebab near me,14800,4,5502,$0.35,5,19,https://www.zomato.com/mumbai/restaurants/kebab,Mumbai,Maharashtra,India,Restaurant
5484,jw marriott aerocity delhi,18100,42,38,$0.65,53,45,https://www.zomato.com/ncr/jw-lounge-jw-marriott-new-delhi-aerocity-new-delhi,Unknown,Unknown,Unknown,Unknown
5485,jayanagar 3rd block,14800,8,848,$0.35,8,20,https://www.zomato.com/bangalore/jayanagar-3rd-block-east-restaurants,Bangalore,Karnataka,India,Restaurant
5486,iron hill,18100,5,2932,$0.09,3,24,https://www.zomato.com/bangalore/ironhill-bengaluru-marathahalli-bangalore,Bangalore,Karnataka,India,Unknown
5487,hyatt regency thrissur,18100,13,271,$0.87,24,26,https://www.zomato.com/thrissur/regency-cafe-hyatt-regency-puzhakkal/menu,Unknown,Unknown,Unknown,Cafe
5488,hyatt place goa candolim,18100,18,92,$16.96,33,20,https://www.zomato.com/goa/zing-by-hyatt-place-candolim,Goa,Goa,India,Unknown
5489,hotel ramada jaipur,18100,16,135,$0.57,56,36,https://www.zomato.com/jaipur/around-the-world-ramada-hotel-raja-park,Jaipur,Rajasthan,India,Hotel
5490,hotel olive ernakulam,18100,51,38,$0.45,32,21,https://www.zomato.com/kochi/areena-lounge-olive-downtown-kadavanthra,Kochi,Kerala,India,Unknown
5491,hotel leela ambience,22200,17,101,$0.66,54,37,https://www.zomato.com/ncr/restaurants/in/the-leela-ambience-convention-hotel,Unknown,Unknown,Unknown,Restaurant
5492,hotel gokul,18100,4,5502,$0.08,2,24,https://www.zomato.com/mumbai/hotel-gokul-girgaum,Mumbai,Maharashtra,India,Hotel
5493,matka nashik,18100,8,356,$0,1,6,https://www.zomato.com/nashik/chatka-pathardi-phata/order,Unknown,Unknown,Unknown,Unknown
5494,blabber all day borivali,9900,3,5502,$0.47,4,21,https://www.zomato.com/mumbai/blabber-all-day-borivali-east,Mumbai,Maharashtra,India,Unknown
5495,behram baug jogeshwari west,18100,27,48,$0,4,12,https://www.zomato.com/mumbai/behram-baug-ki-biryani-jogeshwari,Mumbai,Maharashtra,India,Unknown
5496,barbeque holic,18100,4,2932,$0.20,8,26,https://www.zomato.com/hyderabad/barbeque-holic-kondapur,Hyderabad,Telangana,India,Bar
5497,bangalore koramangala forum mall,18100,22,77,$0.03,2,21,https://www.zomato.com/bangalore/restaurants/in/nexus-koramangala,Bangalore,Karnataka,India,Restaurant
5498,banana leaf mumbai,18100,5,2932,$0.26,5,20,https://www.zomato.com/mumbai/banana-leaf-7-bungalows,Mumbai,Maharashtra,India,Unknown
5499,amethyst restaurant chennai,18100,3,5502,$0,1,18,https://www.zomato.com/chennai/amethyst-cafe-thousand-lights,Chennai,Tamil Nadu,India,Cafe
5500,delivery thai,18100,9,1192,$0.01,1,20,https://www.zomato.com/mumbai/delivery?dish=veg-thai-curry,Mumbai,Maharashtra,India,Unknown
5501,delivery india food,18100,3,2932,$0.44,3,38,https://www.zomato.com/,Unknown,Unknown,Unknown,Unknown
5502,city center in mangalore,14800,11,271,$0.07,1,23,https://www.zomato.com/mangalore/restaurants/in/city-center-mall,Unknown,Unknown,Unknown,Restaurant
5503,china gate,18100,8,1192,$0,1,57,https://www.zomato.com/mumbai/china-gate-chembur,Mumbai,Maharashtra,India,Unknown
5504,calicut cafes,18100,12,1192,$0,1,24,https://www.zomato.com/kozhikode/restaurants/cafes,Unknown,Unknown,Unknown,Restaurant
5505,cafes in hsr,18100,5,2932,$0.04,21,26,https://www.zomato.com/bangalore/hsr-restaurants/caf%C3%A9,Bangalore,Karnataka,India,Restaurant
5506,breach candy india,18100,16,164,$0.13,3,30,https://www.zomato.com/mumbai/breach-candy-restaurants/sweet-shop,Mumbai,Maharashtra,India,Restaurant
5507,bombay brasserie indiranagar,18100,1,5502,$0.30,4,19,https://www.zomato.com/bangalore/bombay-brasserie-indiranagar,Bangalore,Karnataka,India,Unknown
5508,best pizzerias near me,14800,6,1761,$0.16,8,58,https://www.zomato.com/pizza-restaurants-near-me,Unknown,Unknown,Unknown,Restaurant
5509,vegetables food near me,18100,6,2932,$0.08,12,28,https://www.zomato.com/cuttack/restaurantes?veg=1&amp=1,Unknown,Unknown,Unknown,Restaurant
5510,urban estate,18100,21,92,$0.07,3,17,https://www.zomato.com/jalandhar/urban-estate-restaurants,Unknown,Unknown,Unknown,Restaurant
5511,the residency towers coimbatore,18100,31,38,$0.17,27,40,https://www.zomato.com/coimbatore/restaurants/in/residency-hotel-race-course,Unknown,Unknown,Unknown,Restaurant
5512,the waterfront,14800,11,463,$0.42,1,39,https://www.zomato.com/hyderabad/the-waterfront-bar-grill-necklace-road,Hyderabad,Telangana,India,Bar
5513,the fixx band,18100,30,41,$0.30,4,56,https://www.zomato.com/bangalore/the-fixx-1-koramangala-4th-block-bangalore,Bangalore,Karnataka,India,Unknown
5514,take out food restaurants near me,18100,6,2932,$0.07,7,25,https://www.zomato.com/restaurants-near-me,Unknown,Unknown,Unknown,Restaurant
5515,sortd cafe,18100,3,5502,$0.26,4,22,https://www.zomato.com/chennai/sortd-cafe-alwarpet,Chennai,Tamil Nadu,India,Cafe
5516,snacks shop near me,14800,5,5502,$0.41,4,11,https://www.zomato.com/snacks-restaurants-near-me,Unknown,Unknown,Unknown,Restaurant
5517,shakun hotel jaipur,18100,10,463,$0.14,23,25,https://www.zomato.com/jaipur/pantheon-shakun-hotels-resorts-c-scheme,Jaipur,Rajasthan,India,Hotel
5518,om freedom cafe,12100,3,5502,$0.04,5,32,https://www.zomato.com/rishikesh/om-freedom-cafe-tapovan,Unknown,Unknown,Unknown,Cafe
5519,neelkanth sweets lucknow,14800,5,2932,$0.15,5,22,https://www.zomato.com/lucknow/neelkanth-sweets-gomti-nagar,Lucknow,Uttar Pradesh,India,Unknown
5520,nagarjuna indiranagar,18100,3,5502,$0.09,1,21,https://www.zomato.com/bangalore/nagarjuna-since-1984-indiranagar-bangalore,Bangalore,Karnataka,India,Unknown
5521,momo's point,18100,3,5502,$0.09,1,19,https://www.zomato.com/ncr/momos-point-kamla-nagar-new-delhi,Unknown,Unknown,Unknown,Unknown
5522,magnolia bakery gurgaon,6600,3,5502,$0.25,2,28,https://www.zomato.com/ncr/magnolia-bakery-6-golf-course-road-gurgaon,Unknown,Unknown,Unknown,Bakery
5523,madurai mannar mess,12100,4,2932,$0.18,8,20,https://www.zomato.com/chennai/madurai-mannar-mess-anna-nagar-east,Chennai,Tamil Nadu,India,Unknown
5524,sangam courtyard delhi,18100,1,5502,$0.51,3,29,https://www.zomato.com/ncr/restaurants/in/sangam-complex,Unknown,Unknown,Unknown,Restaurant
5525,sam pizza,14800,6,1761,$0.21,4,24,https://www.zomato.com/ahmedabad/sams-pizza-navrangpura,Ahmedabad,Gujarat,India,Pizza
5526,sage farm cafe,12100,3,5502,$0.26,3,25,https://www.zomato.com/hyderabad/sage-farm-cafe-1-jubilee-hills,Hyderabad,Telangana,India,Cafe
5527,rr nagar gopalan mall,18100,7,611,$0.20,3,21,https://www.zomato.com/bangalore/restaurants/in/gopalan-arcade-rajarajeshwari-nagar,Bangalore,Karnataka,India,Restaurant
5528,ritz,18100,21,101,$0.32,1,37,https://www.zomato.com/pune/ritz-restaurant-dhole-patil-road,Pune,Maharashtra,India,Restaurant
5529,restaurants koregaon park,18100,4,5502,$0.03,5,24,https://www.zomato.com/pune/best-koregaon-park-restaurants,Pune,Maharashtra,India,Restaurant
5530,pratap da dhaba andheri,18100,3,5502,$0.43,3,21,https://www.zomato.com/mumbai/pratap-the-dhaba-oshiwara,Mumbai,Maharashtra,India,Unknown
5531,loaded fries near me,12100,4,5502,$0.12,3,26,https://www.zomato.com/bangalore/restaurants/dish-loaded-cheese-fries,Bangalore,Karnataka,India,Restaurant
5532,kanakapura town,18100,53,38,$0.07,1,16,https://www.zomato.com/bangalore/kanakapura-road-restaurants,Bangalore,Karnataka,India,Restaurant
5533,jalandhar street,27100,5,5502,$0.20,9,27,https://www.zomato.com/bangalore/jalandhar-street-koramangala-5th-block-bangalore,Bangalore,Karnataka,India,Unknown
5534,jade gardens,18100,24,77,$0.26,3,19,https://www.zomato.com/allahabad/jade-garden-civil-lines,Unknown,Unknown,Unknown,Unknown
5535,itc mughal agra hotel,14800,23,48,$0.60,62,37,https://www.zomato.com/agra/mughal-pavilion-itc-mughal-tajganj,Agra,Uttar Pradesh,India,Unknown
5536,italian food for delivery,18100,7,1761,$0.73,1,22,https://www.zomato.com/bangalore/restaurants/italian,Bangalore,Karnataka,India,Restaurant
5537,hyatt regency pune,22200,7,848,$4.45,55,36,https://www.zomato.com/pune/restaurants/in/the-hyatt-regency-nagar-road,Pune,Maharashtra,India,Restaurant
5538,hotel rangsharda bandra west,18100,10,356,$0.36,19,19,https://www.zomato.com/mumbai/hotel-rangsharda-reclamation-bandra-west,Mumbai,Maharashtra,India,Hotel
5539,hotel lemon tree manesar,18100,15,135,$0.17,28,20,https://www.zomato.com/ncr/skinners-lemon-tree-hotel-manesar-gurgaon,Unknown,Unknown,Unknown,Hotel
5540,hotel le meridien jaipur,18100,103,38,$0.51,44,38,https://www.zomato.com/jaipur/restaurants,Jaipur,Rajasthan,India,Restaurant
5541,hotel empire indiranagar,18100,1,5502,$0.31,11,22,https://www.zomato.com/bangalore/empire-restaurant-since-1966-indiranagar-bangalore,Bangalore,Karnataka,India,Restaurant
5542,doolally taproom thane,9900,2,5502,$0.41,6,22,https://www.zomato.com/mumbai/doolally-taproom-hiranandani-estate-thane-west-thane,Mumbai,Maharashtra,India,Unknown
5543,donuts near me,18100,6,2932,$0.19,6,20,https://www.zomato.com/donuts-restaurants-near-me,Unknown,Unknown,Unknown,Restaurant
5544,district zomato,18100,7,463,$0.29,2,38,https://www.zomato.com/ncr/district-by-champaran-tagore-garden-new-delhi,Unknown,Unknown,Unknown,Unknown
5545,delivery for chinese food,18100,7,1761,$0.42,1,40,https://www.zomato.com/mumbai/restaurants/chinese?category=1,Mumbai,Maharashtra,India,Restaurant
5546,darya ganj,18100,5,1761,$0,2,24,https://www.zomato.com/ncr/daryaganj-by-the-inventors-of-butter-chicken-and-dal-makhani-connaught-place-new-delhi,Unknown,Unknown,Unknown,Unknown
5547,chicago pizza,18100,6,1761,$0.22,1,24,https://www.zomato.com/ncr/chicago-pizza-kalkaji-new-delhi,Unknown,Unknown,Unknown,Pizza
5548,calcutta places to visit,18100,48,38,$0.06,5,26,https://www.zomato.com/kolkata,Kolkata,West Bengal,India,Unknown
5549,buffet restaurants,27100,4,5502,$0.24,2,27,https://www.zomato.com/mumbai/best-buffet,Mumbai,Maharashtra,India,Unknown
5550,brownies near me,14800,5,2932,$0.28,7,20,https://www.zomato.com/chennai/restaurants/dish-chocolate-brownie,Chennai,Tamil Nadu,India,Restaurant
5551,bonne femme,12100,3,5502,$0.19,6,46,https://www.zomato.com/kolkata/bonne-femme-hindustan-park,Kolkata,West Bengal,India,Unknown
5552,bombay cocktail bar andheri west,18100,3,5502,$0.18,4,21,https://www.zomato.com/mumbai/bombay-cocktail-bar-veera-desai-area,Mumbai,Maharashtra,India,Bar
5553,empire restaurant hsr layout,18100,1,5502,$0.24,10,19,https://www.zomato.com/bangalore/empire-restaurant-since-1966-hsr-bangalore,Bangalore,Karnataka,India,Restaurant
5554,best restaurants in mysore,22200,5,2932,$0.07,12,15,https://www.zomato.com/mysore/dine-out,Unknown,Unknown,Unknown,Unknown
5555,behram baug,18100,14,271,$0,4,25,https://www.zomato.com/mumbai/behram-baug-restaurants,Mumbai,Maharashtra,India,Restaurant
5556,basaveshwara khanavali near me,18100,5,5502,$1.21,7,13,https://www.zomato.com/bangalore/restaurants/basaveshwara-khanavali?category=2,Bangalore,Karnataka,India,Restaurant
5557,bar spirit forward,12100,3,5502,$0.40,7,28,https://www.zomato.com/bangalore/bar-spirit-forward-lavelle-road-bangalore,Bangalore,Karnataka,India,Bar
5558,banana leaf andheri,14800,3,5502,$0.13,7,19,https://www.zomato.com/mumbai/banana-leaf-7-bungalows,Mumbai,Maharashtra,India,Unknown
5559,baba's hotel,18100,9,611,$0.14,1,19,https://www.zomato.com/pune/babas-veg-non-veg-erandwane,Pune,Maharashtra,India,Unknown
5560,anand hotel,14800,16,106,$0.09,5,24,https://www.zomato.com/mumbai/hotel-anand-2-ghatkopar-west,Mumbai,Maharashtra,India,Hotel
5561,aerocity jw marriott,8100,12,204,$0.49,51,31,https://www.zomato.com/ncr/jw-lounge-jw-marriott-new-delhi-aerocity-new-delhi,Unknown,Unknown,Unknown,Unknown
5562,4th block jayanagar bengaluru karnataka,18100,24,77,$0.28,4,26,https://www.zomato.com/bangalore/jayanagar-4th-block-restaurants,Bangalore,Karnataka,India,Restaurant
5563,200 feet bypass,9900,15,135,$0.06,3,27,https://www.zomato.com/jaipur/highway-200-feet-restaurant-ajmer-highway,Jaipur,Rajasthan,India,Restaurant
5564,154 breakfast club jp nagar,18100,3,5502,$0.06,4,21,https://www.zomato.com/bangalore/154-breakfast-club-jp-nagar-bangalore,Bangalore,Karnataka,India,Unknown
5565,hotel itc windsor bangalore,18100,11,271,$0.87,30,34,https://www.zomato.com/bangalore/restaurants/in/itc-windsor,Bangalore,Karnataka,India,Restaurant
5566,hotel hilton agra,18100,12,204,$0.60,24,38,https://www.zomato.com/agra/restaurants/in/doubletree-by-hilton-hotel-agra-tajganj,Agra,Uttar Pradesh,India,Restaurant
5567,hotel green park in hyderabad,18100,5,1192,$0.47,15,22,https://www.zomato.com/hyderabad/once-upon-a-time-hotel-greenpark-1-begumpet,Hyderabad,Telangana,India,Hotel
5568,heart cup coffee gachibowli,18100,4,2932,$0.05,3,11,https://www.zomato.com/hyderabad/heart-cup-coffee-gachibowli,Hyderabad,Telangana,India,Coffee
5569,gunjan char rasta,18100,10,271,$0.06,2,19,https://www.zomato.com/vapi/gunjan-restaurant-vapi-locality,Unknown,Unknown,Unknown,Restaurant
5570,green park ameerpet,18100,4,2932,$0.53,14,21,https://www.zomato.com/hyderabad/green-park-ameerpet,Hyderabad,Telangana,India,Unknown
5571,good food near me,18100,2,5502,$0.09,14,25,https://www.zomato.com/restaurants-near-me,Unknown,Unknown,Unknown,Restaurant
5572,good cafes in delhi,18100,5,2932,$0.05,5,23,https://www.zomato.com/ncr/great-cafes,Unknown,Unknown,Unknown,Cafe
5573,goan restaurants in panjim,18100,11,463,$0.16,12,14,https://www.zomato.com/goa/best-panaji-restaurants,Goa,Goa,India,Restaurant
5574,four points vashi,20,11,271,$0.17,50,29,https://www.zomato.com/mumbai/wrapped-four-points-by-sheraton-vashi-navi-mumbai,Mumbai,Maharashtra,India,Unknown
5575,forum mall koramangala bangalore,18100,27,38,$0.02,3,19,https://www.zomato.com/bangalore/restaurants/in/nexus-koramangala,Bangalore,Karnataka,India,Restaurant
5576,foodies hub,18100,5,5502,$0.50,1,24,https://www.zomato.com/ncr/foodies-hub-delhi-cantt-new-delhi,Unknown,Unknown,Unknown,Unknown
5577,east delhi places,18100,10,848,$0.09,1,38,https://www.zomato.com/ncr/best-east-delhi-restaurants,Unknown,Unknown,Unknown,Restaurant
5578,the barbeque company,12100,6,1440,$0.10,4,18,https://www.zomato.com/ncr/the-barbeque-company-rajouri-garden-new-delhi,Unknown,Unknown,Unknown,Bar
5579,taj hotel ahmedabad,18100,16,111,$0.18,44,32,https://www.zomato.com/ahmedabad/shamiana-by-taj-skyline-bodakdev,Ahmedabad,Gujarat,India,Unknown
5580,taj hari mahal jodhpur,14800,11,291,$0.12,17,15,https://www.zomato.com/jodhpur/restaurants/in/taj-hari-mahal,Unknown,Unknown,Unknown,Restaurant
5581,table restaurant mumbai,12100,3,4499,$0.34,1,30,https://www.zomato.com/mumbai/the-table-colaba,Mumbai,Maharashtra,India,Unknown
5582,suda suda idli,14800,8,975,$0,1,32,https://www.zomato.com/chennai/suda-suda-thousand-lights/order,Chennai,Tamil Nadu,India,Unknown
5583,soy yum,12100,4,4499,$0.09,4,27,https://www.zomato.com/kolkata/soy-yum-hindustan-park,Kolkata,West Bengal,India,Unknown
5584,shree krishna veg court,12100,3,4499,$0.09,4,22,https://www.zomato.com/pune/shree-krishna-veg-court-wakad,Pune,Maharashtra,India,Unknown
5585,shree jee restaurant,12100,5,2397,$0.09,2,19,https://www.zomato.com/ncr/shree-jee-restaurant-1-govind-puram-ghaziabad,Unknown,Unknown,Unknown,Restaurant
5586,shree balaji bhavan,12100,4,4499,$0.25,5,20,https://www.zomato.com/chennai/shri-balaajee-bhavan-anna-nagar-east,Chennai,Tamil Nadu,India,Unknown
5587,shivalli restaurant,12100,4,4499,$0.07,1,22,https://www.zomato.com/bangalore/shivalli-restaurant-basavanagudi-bangalore,Bangalore,Karnataka,India,Restaurant
5588,sheraton grand pune,14800,8,631,$0.18,45,31,https://www.zomato.com/pune/restaurants/in/sheraton-grand-bund-garden-road,Pune,Maharashtra,India,Restaurant
5589,shangri la in delhi,18100,13,134,$0.77,57,37,https://www.zomato.com/ncr/restaurants/in/shangri-la-eros,Unknown,Unknown,Unknown,Restaurant
5590,savanna sky lounge & bar,9900,3,4499,$0.06,3,19,https://www.zomato.com/jaipur/savanna-sky-lounge-bar-2-narayan-singh-circle,Jaipur,Rajasthan,India,Bar
5591,sapphire mall,14800,9,694,$0,5,24,https://www.zomato.com/bangalore/restaurants/in/vaishnavi-sapphire-mall,Bangalore,Karnataka,India,Restaurant
5592,salads close to me,14800,4,4499,$0.11,10,30,https://www.zomato.com/bangalore/restaurants/salad,Bangalore,Karnataka,India,Restaurant
5593,restaurants park street,18100,4,4499,$0.03,2,24,https://www.zomato.com/kolkata/park-street-area-restaurants,Kolkata,West Bengal,India,Restaurant
5594,yuki brewhouse and kitchen koramangala,12100,3,4499,$0.23,7,19,https://www.zomato.com/bangalore/yuki-koramangala-5th-block-bangalore,Bangalore,Karnataka,India,Unknown
5595,you mee,22200,7,1440,$0.29,1,25,https://www.zomato.com/ncr/youmee-greater-kailash-gk-2-new-delhi,Unknown,Unknown,Unknown,Unknown
5596,villa maya,12100,7,1440,$1.58,1,25,https://www.zomato.com/trivandrum/villa-maya-kannanthura,Unknown,Unknown,Unknown,Unknown
5597,vasundhara palace,12100,5,975,$0.14,17,20,https://www.zomato.com/bangalore/vasundhara-palace-1-sarjapur-road-bangalore,Bangalore,Karnataka,India,Unknown
5598,vapour brewpub and diner,14800,3,4499,$0.12,6,20,https://www.zomato.com/bangalore/vapour-brewpub-and-diner-sarjapur-road-bangalore,Bangalore,Karnataka,India,Unknown
5599,vanilla miel café pali village,12100,3,4499,$0.21,8,20,https://www.zomato.com/mumbai/vanilla-miel-pali-hill-bandra-west,Mumbai,Maharashtra,India,Unknown
5600,ullal summer sands beach resort,12100,23,39,$0.15,10,22,https://www.zomato.com/mangalore/oriental-flavours-summer-sands-beach-resort-kankanady/menu,Unknown,Unknown,Unknown,Unknown
5601,madhvi dairy,9900,9,975,$0.26,2,26,https://www.zomato.com/himatnagar/madhvi-dairy-himatnagar-locality/order,Unknown,Unknown,Unknown,Unknown
5602,lulu hypermarket kochi,14800,12,167,$3.20,6,19,https://www.zomato.com/kochi/lulu-hypermarket-1-edappally,Kochi,Kerala,India,Unknown
5603,lotus park,14800,10,694,$0.18,4,19,https://www.zomato.com/chennai/lotus-the-park-nungambakkam,Chennai,Tamil Nadu,India,Unknown
5604,live music restaurants near me,12100,4,4499,$0.17,8,11,https://www.zomato.com/ncr/restaurace?event_cat_id=9&hero_searches_data=ZXZlbnRfY2F0ZWdvcnkkJDk=,Unknown,Unknown,Unknown,Unknown
5605,kunafa bytes,9900,8,1440,$0.18,3,27,https://www.zomato.com/ahmedabad/kunafa-bytes-bopal,Ahmedabad,Gujarat,India,Unknown
5606,kalyan bhel,14800,6,1440,$0.04,5,24,https://www.zomato.com/hi/pune/kalyan-bhel-since-1974-bibvewadi,Pune,Maharashtra,India,Unknown
5607,kailash parbat pure veg,12100,5,2397,$0.17,3,23,https://www.zomato.com/kolkata/kailash-parbat-sector-1-salt-lake,Kolkata,West Bengal,India,Unknown
5608,k r bakery,14800,9,694,$0.23,1,22,https://www.zomato.com/kochi/k-r-bakes-2-edappally,Kochi,Kerala,India,Unknown
5609,irani cafe baner,14800,1,4499,$0,10,21,https://www.zomato.com/pune/irani-cafe-baner,Pune,Maharashtra,India,Cafe
5610,ikea mumbai,22200,27,32,$0.90,94,53,https://www.zomato.com/mumbai/ikea-cafe-turbhe-navi-mumbai,Mumbai,Maharashtra,India,Cafe
5611,rameshwaram cafe hyderabad,14800,2,4499,$0.02,1,17,https://www.zomato.com/hyderabad/the-rameshwaram-cafe-madhapur,Hyderabad,Telangana,India,Cafe
5612,radisson blu marina hotel delhi,14800,19,75,$0.56,42,28,https://www.zomato.com/ncr/restaurants/in/radisson-blu-marina-hotel-connaught-place,Unknown,Unknown,Unknown,Restaurant
5613,queens road,170,9,500,$0,1,19,https://www.zomato.com/bangalore/delivery?delivery_subzone=809,Bangalore,Karnataka,India,Unknown
5614,pure veg restaurant,18100,4,4499,$0.17,3,19,https://www.zomato.com/hyderabad/vegetarian-restaurants,Hyderabad,Telangana,India,Restaurant
5615,paragon near me,9900,8,694,$0.03,8,18,https://www.zomato.com/kochi/paragon-edappally,Kochi,Kerala,India,Unknown
5616,paradise cafe,12100,4,4499,$0.06,1,30,https://www.zomato.com/pune/paradise-cafe-mulshi,Pune,Maharashtra,India,Cafe
5617,online app,14800,23,35,$0.14,12,26,https://www.zomato.com/,Unknown,Unknown,Unknown,Unknown
5618,non veg thali near me,14800,4,4499,$0.17,8,23,https://www.zomato.com/hyderabad/restaurants/dish-non-veg-thali,Hyderabad,Telangana,India,Restaurant
5619,nightlife in goa india,14800,24,63,$0.08,7,37,https://www.zomato.com/goa/best-drinks-and-nightlife-restaurants?night-clubs=1,Goa,Goa,India,Restaurant
5620,new sikkim house,12100,1,4499,$0,1,17,https://www.zomato.com/ncr/sikkim-house-chanakyapuri-new-delhi,Unknown,Unknown,Unknown,Unknown
5621,nehru place 2,18100,18,82,$0.11,4,20,https://www.zomato.com/ncr/thanks-beyond-nehru-place-new-delhi,Unknown,Unknown,Unknown,Unknown
5622,nearest cafe near me,14800,4,4499,$0.20,20,16,https://www.zomato.com/cafes-near-me,Unknown,Unknown,Unknown,Cafe
5623,nearest bar,14800,4,4499,$0.13,5,24,https://www.zomato.com/bars-near-me,Unknown,Unknown,Unknown,Bar
5624,moti bakery,12100,5,2397,$0.04,3,21,https://www.zomato.com/ahmedabad/restaurants/moti-bakery,Ahmedabad,Gujarat,India,Restaurant
5625,mocambo,12100,1,4499,$2.60,1,27,https://www.zomato.com/kolkata/mocambo-park-street-area,Kolkata,West Bengal,India,Unknown
5626,mister tea,14800,23,63,$0.16,2,18,https://www.zomato.com/bangalore/mr-tea-miss-coffee-4-btm-bangalore,Bangalore,Karnataka,India,Coffee
5627,miraj cinemas funfiesta,14800,10,167,$0.08,2,20,https://www.zomato.com/mumbai/cafe-by-miraj-cinemas-nalasopara,Mumbai,Maharashtra,India,Cafe
5628,sagar near me,14800,5,2397,$0.03,1,21,https://www.zomato.com/mumbai/sagar-veg-restaurant-1-near-andheri-east-station,Mumbai,Maharashtra,India,Restaurant
5629,restaurants in thiruvananthapuram,14800,10,975,$0.05,2,21,https://www.zomato.com/trivandrum,Unknown,Unknown,Unknown,Unknown
5630,restaurant in tvm,12100,7,1440,$0.07,2,25,https://www.zomato.com/trivandrum,Unknown,Unknown,Unknown,Unknown
5631,eateries in khan market,14800,5,2397,$0.01,1,21,https://www.zomato.com/ncr/restaurants/in/khan-market,Unknown,Unknown,Unknown,Restaurant
5632,imperial delhi india,14800,14,134,$0.51,55,45,https://www.zomato.com/ncr/1911-restaurant-the-imperial-janpath-new-delhi,Unknown,Unknown,Unknown,Restaurant
5633,hotels in dadar,18100,65,31,$0.19,78,42,https://www.zomato.com/mumbai/restaurants,Mumbai,Maharashtra,India,Restaurant
5634,hotel sohail,9900,2,4499,$0.17,3,20,https://www.zomato.com/hyderabad/hotel-sohail-malakpet,Hyderabad,Telangana,India,Hotel
5635,hotel oberoi gurgaon,14800,25,35,$1.04,41,30,https://www.zomato.com/ncr/restaurants/in/the-oberoi-Gurgaon,Unknown,Unknown,Unknown,Restaurant
5636,hotel o pune koregaon park,12100,22,39,$0.34,14,29,https://www.zomato.com/pune/restaurants/in/the-o-hotel,Pune,Maharashtra,India,Restaurant
5637,hotel lineage gomti nagar lucknow,14800,6,975,$0.29,27,20,https://www.zomato.com/lucknow/restaurants/in/lineage-hotels-gomti-nagar,Lucknow,Uttar Pradesh,India,Restaurant
5638,hotel karl residency mumbai,260,7,694,$0.30,56,20,https://www.zomato.com/mumbai/hotel-karl-residency-near-andheri-west-station,Mumbai,Maharashtra,India,Hotel
5639,high street,14800,17,87,$0.12,4,28,https://www.zomato.com/bangalore/hsr-high-street-hsr,Bangalore,Karnataka,India,Unknown
5640,gubbalala,9900,10,291,$0.25,14,18,https://www.zomato.com/bangalore/caf%C3%A9?zomato_place_id=101872,Bangalore,Karnataka,India,Unknown
5641,fisherman's wharf,14800,4,4499,$0.37,12,26,https://www.zomato.com/bangalore/the-fishermans-wharf-yelahanka-bangalore,Bangalore,Karnataka,India,Unknown
5642,fish in the dish,14800,4,2397,$0.18,3,21,https://www.zomato.com/pune/fish-on-dish-1-wakad,Pune,Maharashtra,India,Unknown
5643,famous dishes of delhi,14800,55,31,$0.31,1,9,https://www.zomato.com/ncr/restaurants,Unknown,Unknown,Unknown,Restaurant
5644,famous delhi food,12100,19,111,$0.13,1,32,https://www.zomato.com/ncr,Unknown,Unknown,Unknown,Unknown
5645,cafe in park street,14800,4,4499,$0,3,10,https://www.zomato.com/kolkata/park-street-area-restaurants/caf%C3%A9,Kolkata,West Bengal,India,Restaurant
5646,cafe heart cup,320,6,2397,$0.01,2,39,https://www.zomato.com/hyderabad/heart-cup-coffee-jubilee-hills,Hyderabad,Telangana,India,Coffee
5647,burger king pics,14800,7,500,$0,1,44,https://www.zomato.com/ncr/burger-king-1-saket-new-delhi/photos,Unknown,Unknown,Unknown,Unknown
5648,burger king photos,14800,7,694,$0,1,62,https://www.zomato.com/ncr/burger-king-1-rajouri-garden-new-delhi/photos,Unknown,Unknown,Unknown,Unknown
5649,bizarre asia,14800,3,4499,$0.02,1,22,https://www.zomato.com/kolkata/bizarre-asia-sector-3-salt-lake,Kolkata,West Bengal,India,Unknown
5650,bihar bhawan delhi,14800,4,1440,$0,3,18,https://www.zomato.com/hi/ncr/bihar-bhawan-canteen-chanakyapuri-new-delhi,Unknown,Unknown,Unknown,Unknown
5651,bhola ram,9900,22,63,$0.22,3,21,https://www.zomato.com/ncr/bhola-ram-amritsari-naan-rohini-new-delhi/photos,Unknown,Unknown,Unknown,Unknown
5652,best restaurants in surat,14800,4,4499,$0.24,1,9,https://www.zomato.com/surat/dine-out,Surat,Gujarat,India,Unknown
5653,best momos near me,14800,5,4499,$0.19,4,11,https://www.zomato.com/momos-restaurants-near-me,Unknown,Unknown,Unknown,Restaurant
5654,basque by breve,14800,3,4499,$0.13,3,25,https://www.zomato.com/mumbai/basque-by-brev%C3%A9-1-reclamation-bandra-west,Mumbai,Maharashtra,India,Unknown
5655,amutha surabhi hotel,14800,12,500,$0.04,1,20,https://www.zomato.com/pollachi/amutha-surabhi-pollachi-locality/order,Unknown,Unknown,Unknown,Unknown
5656,al taza kaloor,18100,3,4499,$0,3,19,https://www.zomato.com/kochi/al-taza-1-kaloor,Kochi,Kerala,India,Unknown
5657,al saba restaurant,12100,4,4499,$0.21,6,21,https://www.zomato.com/hyderabad/al-saba-restaurant-gachibowli,Hyderabad,Telangana,India,Restaurant
5658,ab absolute barbecue,14800,6,1440,$0.03,7,25,https://www.zomato.com/hyderabad/abs-absolute-barbecues-jubilee-hills,Hyderabad,Telangana,India,Bar
5659,8th main road,14800,6,975,$0.19,5,20,"https://www.zomato.com/bangalore/8th-main-road-west-of-chord-road-1st-stage-restaurants?place_name=3rd%20Stage,%20Basaveshwar%20Nagar,%20Bangalore&dishv2_id=12025&context=delivery",Bangalore,Karnataka,India,Restaurant
5660,7th heaven cake shop,14800,8,975,$0.12,2,10,https://www.zomato.com/pune/7th-heaven-cake-shop-1-kothrud,Pune,Maharashtra,India,Unknown
5661,cafe kathaa,14800,3,4499,$0,2,23,https://www.zomato.com/pune/cafe-kathaa-fc-road,Pune,Maharashtra,India,Cafe
5662,dlf club 3,9900,10,222,$1.04,21,21,https://www.zomato.com/ncr/dlf-city-club--dlf-phase-3,Unknown,Unknown,Unknown,Unknown
5663,devil burger,9900,3,4499,$0.44,4,22,https://www.zomato.com/guwahati/devils-burger-six-mile,Unknown,Unknown,Unknown,Unknown
5664,daak coffee house,9900,3,4499,$0.07,3,22,https://www.zomato.com/hyderabad/daak-coffee-house-jubilee-hills,Hyderabad,Telangana,India,Coffee
5665,copper kitchen restaurant chennai,12100,5,2397,$0.05,4,21,https://www.zomato.com/chennai/copper-kitchen-porur,Chennai,Tamil Nadu,India,Unknown
5666,coffee shops in jaipur,14800,4,4499,$0.16,5,11,https://www.zomato.com/jaipur/coffee,Jaipur,Rajasthan,India,Coffee
5667,clover greens golf course and resort,12100,47,31,$0.18,14,21,https://www.zomato.com/bangalore/clover-cafe-and-kitchen-rammurthy-nagar-bangalore/menu,Bangalore,Karnataka,India,Cafe
5668,cecconi's mumbai,9900,4,2397,$0.25,6,21,https://www.zomato.com/mumbai/cecconis-2-juhu,Mumbai,Maharashtra,India,Unknown
5669,cat cafes in mumbai,14800,9,694,$0.13,2,32,https://www.zomato.com/mumbai/cat-caf%C3%A9-studio-1-versova,Mumbai,Maharashtra,India,Unknown
5670,cat cafe studio,12100,6,1440,$0.13,4,44,https://www.zomato.com/mumbai/cat-caf%C3%A9-studio-1-versova,Mumbai,Maharashtra,India,Unknown
5671,cat cafe in mumbai,12100,5,1440,$0.09,6,10,https://www.zomato.com/mumbai/cat-caf%C3%A9-studio-1-versova,Mumbai,Maharashtra,India,Unknown
5672,cafe coffee day the square,14800,1,4499,$0.15,4,22,https://www.zomato.com/bangalore/cafe-coffee-day-2-lavelle-road-bangalore,Bangalore,Karnataka,India,Cafe
5673,zomato delivery partner app,22200,2,2397,$0.22,18,17,https://www.zomato.com/deliver-food/,Unknown,Unknown,Unknown,Unknown
5674,v7 hotel,14800,5,975,$0.17,33,32,https://www.zomato.com/chennai/flavours-v7-hotel-porur,Chennai,Tamil Nadu,India,Hotel
5675,tunga village mumbai,12100,20,63,$0.11,7,19,https://www.zomato.com/mumbai/saki-vihar-road-tunga-village-restaurants,Mumbai,Maharashtra,India,Restaurant
5676,tibet kitchen,12100,6,2397,$0,1,22,https://www.zomato.com/kochi/tibet-kitchen-3-fort-kochi,Kochi,Kerala,India,Unknown
5677,the j,14800,4,4499,$0.14,2,22,https://www.zomato.com/mumbai/the-j-churchgate,Mumbai,Maharashtra,India,Unknown
5678,the hub mall,14800,5,694,$0,3,18,https://www.zomato.com/mumbai/restaurants/in/hub,Mumbai,Maharashtra,India,Restaurant
5679,the hans new delhi,14800,29,31,$0.42,20,28,https://www.zomato.com/ncr/kaffa-the-hans-connaught-place-new-delhi,Unknown,Unknown,Unknown,Unknown
5680,the caffeine baar cafe & roastery,12100,4,2397,$0.15,4,19,https://www.zomato.com/bangalore/the-caffeine-baar-jayanagar-bangalore,Bangalore,Karnataka,India,Unknown
5681,tansen hyderabad,27100,4,2397,$0.05,1,22,https://www.zomato.com/hyderabad/tansen-gandipet,Hyderabad,Telangana,India,Unknown
5682,tall tales,12100,2,4499,$0.67,4,58,https://www.zomato.com/kolkata/tall-tales-theatre-road,Kolkata,West Bengal,India,Unknown
5683,taj tristar,14800,3,1870,$0.17,27,31,https://www.zomato.com/hyderabad/flavours-of-tmh-taj-tristar-sd-road-secunderabad,Hyderabad,Telangana,India,Unknown
5684,taj hotel varanasi,2900,22,63,$0.11,22,20,https://www.zomato.com/varanasi/restaurants/in/taj-ganges-nadesar,Varanasi,Uttar Pradesh,India,Restaurant
5685,sterling darjeeling darjeeling,12100,81,31,$0.19,37,22,https://www.zomato.com/chennai/restaurants,Chennai,Tamil Nadu,India,Restaurant
5686,special 9 restaurant,9900,3,4499,$0.19,5,36,https://www.zomato.com/hyderabad/special-9-whitefields,Hyderabad,Telangana,India,Unknown
5687,six degrees,9900,10,500,$0.21,3,88,https://www.zomato.com/raipur/six-degrees-purena,Unknown,Unknown,Unknown,Unknown
5688,white horse,14800,9,500,$0,1,23,https://www.zomato.com/bangalore/white-horse-malleshwaram,Bangalore,Karnataka,India,Unknown
5689,white field restaurant,14800,4,4499,$0.04,14,38,https://www.zomato.com/bangalore/whitefield-restaurants,Bangalore,Karnataka,India,Restaurant
5690,westin koregaon park pune,14800,42,31,$0.70,50,36,https://www.zomato.com/pune/restaurants/in/the-westin-mundhwa,Pune,Maharashtra,India,Restaurant
5691,restaurants pet friendly near me,14800,11,500,$0.04,5,28,https://www.zomato.com/jaipur/restaurantes-pet-friendly,Jaipur,Rajasthan,India,Restaurant
5692,restaurants non veg near me,14800,6,1440,$0.04,13,21,https://www.zomato.com/restaurants-near-me,Unknown,Unknown,Unknown,Restaurant
5693,restaurants in trivandrum city,12100,8,975,$0.07,2,28,https://www.zomato.com/trivandrum,Unknown,Unknown,Unknown,Unknown
5694,restaurants in mumbai andheri,14800,4,4499,$0.03,5,25,https://www.zomato.com/mumbai/andheri-west-restaurants,Mumbai,Maharashtra,India,Restaurant
5695,restaurant whitefield bangalore,14800,5,4499,$0.04,14,22,https://www.zomato.com/bangalore/whitefield-restaurants,Bangalore,Karnataka,India,Restaurant
5696,radiobar,12100,5,1440,$0.15,3,23,https://www.zomato.com/hyderabad/radio-bar-hitech-city,Hyderabad,Telangana,India,Bar
5697,purple martini goa,14800,5,2397,$0.28,1,18,https://www.zomato.com/goa/purple-martini-seaside-lounge-and-restobar-anjuna,Goa,Goa,India,Bar
5698,pride nagpur,14800,8,378,$0.34,31,22,https://www.zomato.com/nagpur/cafe-pride-1-wardha-road,Nagpur,Maharashtra,India,Cafe
5699,pepper fry near me,14800,9,694,$0.37,100,40,https://www.zomato.com/bangalore/restaurants/dish-mushroom-pepper-fry,Bangalore,Karnataka,India,Restaurant
5700,pastry near me,14800,4,4499,$0.18,18,23,https://www.zomato.com/bakeries-near-me,Unknown,Unknown,Unknown,Bakery
5701,pacific mall nsp,14800,2,2397,$0.03,2,18,https://www.zomato.com/ncr/restaurants/in/pacific-mall-nsp,Unknown,Unknown,Unknown,Restaurant
5702,nsci worli dome,14800,16,134,$0.05,1,16,https://www.zomato.com/mumbai/dome-svp-stadium-mahalaxmi,Mumbai,Maharashtra,India,Unknown
5703,nice hotel near me,14800,33,31,$0.32,70,25,https://www.zomato.com/mumbai/restaurants,Mumbai,Maharashtra,India,Restaurant
5704,near the park,14800,10,694,$0.02,2,19,https://www.zomato.com/hyderabad/restaurants/in/the-park-somajiguda,Hyderabad,Telangana,India,Restaurant
5705,near pizza store,260,6,1440,$0.23,12,29,https://www.zomato.com/pizza-restaurants-near-me,Unknown,Unknown,Unknown,Restaurant
5706,soy soi,14800,3,4499,$0,3,23,https://www.zomato.com/chennai/soy-soi-kotturpuram,Chennai,Tamil Nadu,India,Unknown
5707,shree ji restaurant,12100,5,4499,$0.08,4,20,https://www.zomato.com/indore/shree-ji-restaurant-3-mr-10-road,Indore,Madhya Pradesh,India,Restaurant
5708,savannah the garden restaurant and cafe,9900,3,4499,$0.29,3,21,https://www.zomato.com/pune/savannah-shivaji-nagar,Pune,Maharashtra,India,Unknown
5709,salt lake sector 5,12100,11,500,$0.11,2,9,https://www.zomato.com/kolkata/sector-5-salt-lake-restaurants,Kolkata,West Bengal,India,Restaurant
5710,rt nagar bengaluru karnataka,14800,49,31,$0.15,4,20,https://www.zomato.com/bangalore/rt-nagar-restaurants,Bangalore,Karnataka,India,Restaurant
5711,maratha colony,14800,17,111,$0.11,5,17,https://www.zomato.com/dharwad/maratha-colony-restaurants,Unknown,Unknown,Unknown,Restaurant
5712,mansi cross road,9900,17,75,$0.31,7,21,https://www.zomato.com/ahmedabad/best-street-food-restaurants?landmark_id=274738,Ahmedabad,Gujarat,India,Restaurant
5713,malabar hotel,12100,4,4499,$0.10,2,34,https://www.zomato.com/ncr/hotel-malabar-sector-39,Unknown,Unknown,Unknown,Bar
5714,luno lounge bar and kitchen,14800,3,4499,$0.06,3,21,https://www.zomato.com/hyderabad/luno-lounge-bar-kitchen-financial-district,Hyderabad,Telangana,India,Bar
5715,lulu hypermarket india,14800,16,111,$0.09,8,20,https://www.zomato.com/bangalore/lulu-hypermarket-rajajinagar-bangalore,Bangalore,Karnataka,India,Unknown
5716,lemon tree hotel ahmedabad,5400,31,31,$0.19,42,19,https://www.zomato.com/ahmedabad/citrus-cafe-lemon-tree-hotel-navrangpura,Ahmedabad,Gujarat,India,Cafe
5717,lake view cafe,12100,5,2397,$0.07,4,39,https://www.zomato.com/mumbai/lake-view-cafe-the-westin-mumbai-powai-lake-powai,Mumbai,Maharashtra,India,Cafe
5718,khan market restaurant,14800,4,4499,$0,1,22,https://www.zomato.com/ncr/restaurants/in/khan-market,Unknown,Unknown,Unknown,Restaurant
5719,kai manam,12100,7,2397,$0.19,3,21,https://www.zomato.com/chennai/kaimanam-gopalapuram,Chennai,Tamil Nadu,India,Unknown
5720,irctc food,14800,5,694,$0.07,56,40,https://www.zomato.com/order-food-online-in-train,Unknown,Unknown,Unknown,Unknown
5721,indore pin code vijay nagar,14800,12,167,$0.02,1,10,https://www.zomato.com/indore/pincode-by-kunal-kapur-vijay-nagar,Indore,Madhya Pradesh,India,Unknown
5722,ibaco ice cream,14800,9,975,$0.08,4,19,https://www.zomato.com/chennai/ibaco-vepery/order,Chennai,Tamil Nadu,India,Unknown
5723,minerva grand hotel secunderabad,14800,3,2397,$0.28,11,18,https://www.zomato.com/hyderabad/blue-fox-hotel-minerva-grand-sd-road-secunderabad,Hyderabad,Telangana,India,Hotel
5724,metro walk mall,22200,7,500,$0,1,19,https://www.zomato.com/ncr/restaurants/in/metro-walk-mall-rohini,Unknown,Unknown,Unknown,Restaurant
5725,elora's,14800,11,500,$0.16,1,17,https://www.zomato.com/indore/elora-3-rajendra-nagar,Indore,Madhya Pradesh,India,Unknown
5726,dr rajkumar road,12100,19,75,$0,11,20,https://www.zomato.com/bangalore/doctor-rajkumar-road-rajaji-nagar-industrial-town-restaurants,Bangalore,Karnataka,India,Restaurant
5727,dining in noida,14800,4,4499,$0.09,13,23,https://www.zomato.com/ncr/noida-restaurants?luxury-dining=1,Unknown,Unknown,Unknown,Restaurant
5728,delhi metro walk rohini,14800,12,378,$0.01,1,21,https://www.zomato.com/ncr/restaurants/in/metro-walk-mall-rohini,Unknown,Unknown,Unknown,Restaurant
5729,delhi home,9900,12,291,$0.14,10,70,https://www.zomato.com/ncr/home-vasant-kunj-new-delhi,Unknown,Unknown,Unknown,Unknown
5730,dakshin cafe,12100,6,2397,$0.11,6,22,https://www.zomato.com/chandigarh/the-dakshin-cafe-sector-19,Chandigarh,Chandigarh,India,Cafe
5731,daily special,14800,20,75,$0,1,25,https://www.zomato.com/mumbai/the-daily-all-day-mumbai-linking-road-bandra-west,Mumbai,Maharashtra,India,Unknown
5732,courtyard by marriott nashik,8100,12,167,$0.42,23,14,https://www.zomato.com/nashik/hog-courtyard-by-marriott-mumbai-naka,Unknown,Unknown,Unknown,Unknown
5733,coffee shop in newtown,14800,4,4499,$0.07,4,22,https://www.zomato.com/kolkata/coffee-house-new-town-new-town,Kolkata,West Bengal,India,Coffee
5734,closest shopping mall near me,14800,19,82,$0.04,7,37,https://www.zomato.com/hyderabad/restaurants,Hyderabad,Telangana,India,Restaurant
5735,cin cin mumbai,14800,3,4499,$0.57,3,29,https://www.zomato.com/mumbai/cincin-bandra-kurla-complex,Mumbai,Maharashtra,India,Unknown
5736,chicken biryani pics,9900,23,35,$0,1,15,https://www.zomato.com/bangalore/delivery/dish-biryani,Bangalore,Karnataka,India,Unknown
5737,cafe 1947 manali,12100,3,4499,$0.03,1,16,https://www.zomato.com/manali/cafe-1947-tibetan-colony,Unknown,Unknown,Unknown,Cafe
5738,igi airport terminal 1,12100,18,87,$0.05,1,22,https://www.zomato.com/ncr/restaurants/in/terminal-1-departures-igi-airport-aerocity,Unknown,Unknown,Unknown,Restaurant
5739,grameen kulfi,14800,7,1440,$0.19,26,30,https://www.zomato.com/ncr/grameen-kulfi-malviya-nagar-new-delhi,Unknown,Unknown,Unknown,Unknown
5740,good sweet shops near me,1300,4,4499,$0.08,12,20,https://www.zomato.com/sweet-shops-near-me,Unknown,Unknown,Unknown,Sweet Shop
5741,good restaurants gurgaon,14800,4,4499,$0.08,12,26,https://www.zomato.com/ncr/gurgaon-restaurants,Unknown,Unknown,Unknown,Restaurant
5742,golden joy restaurant,12100,3,4499,$0.19,8,28,https://www.zomato.com/kolkata/golden-joy-tangra,Kolkata,West Bengal,India,Unknown
5743,gola sizzlers,14800,5,4499,$0.15,2,23,https://www.zomato.com/ncr/gola-sizzlers-naresh-gola-group-connaught-place-new-delhi,Unknown,Unknown,Unknown,Unknown
5744,goa night club,14800,12,378,$0.11,6,20,https://www.zomato.com/goa/club,Goa,Goa,India,Unknown
5745,garden vada pav,12100,4,4499,$0.04,3,23,https://www.zomato.com/pune/garden-vada-pav-centre-camp-area,Pune,Maharashtra,India,Unknown
5746,garden by su,14800,3,4499,$0.07,3,22,https://www.zomato.com/bangalore/garden-by-su-jayanagar-bangalore,Bangalore,Karnataka,India,Unknown
5747,cafe de meet,9900,5,1440,$0.06,10,39,https://www.zomato.com/surat/cafe-de-meet-piplod,Surat,Gujarat,India,Cafe
5748,bob's bar jp nagar,14800,3,4499,$0.22,1,21,https://www.zomato.com/bangalore/bobs-bar-1-jp-nagar-bangalore,Bangalore,Karnataka,India,Bar
5749,best veg hotel near me,14800,6,1440,$0.04,10,28,https://www.zomato.com/mumbai/navi-mumbai-restaurants?veg=1,Mumbai,Maharashtra,India,Restaurant
5750,bengaluru bhavan,12100,4,2397,$0.37,4,21,https://www.zomato.com/hyderabad/bengaluru-bhavan-kondapur,Hyderabad,Telangana,India,Unknown
5751,bake n shake,12100,5,2397,$0.23,3,27,https://www.zomato.com/bhopal/bake-n-shake-arera-colony,Unknown,Unknown,Unknown,Unknown
5752,b n reddy nagar hyderabad,14800,21,63,$0.13,2,19,https://www.zomato.com/hyderabad/bn-reddy-nagar-restaurants,Hyderabad,Telangana,India,Restaurant
5753,anand restaurant,12100,8,975,$0.04,2,23,https://www.zomato.com/kolkata/anand-restaurant-chandni-chowk,Kolkata,West Bengal,India,Restaurant
5754,anand rao circle majestic,12100,26,39,$0.11,5,21,https://www.zomato.com/bangalore/purple-bar-jp-cordial-hotel-majestic-bangalore,Bangalore,Karnataka,India,Bar
5755,alanati puppalaguda,9900,7,500,$0.16,18,23,https://www.zomato.com/hyderabad/alanati-gandipet,Hyderabad,Telangana,India,Unknown
5756,cafes park street,14800,4,4499,$0.02,2,23,https://www.zomato.com/kolkata/park-street-area-restaurants/caf%C3%A9,Kolkata,West Bengal,India,Restaurant
5757,cafes in c scheme,14800,4,4499,$0,11,13,https://www.zomato.com/jaipur/c-scheme-restaurants/caf%C3%A9,Jaipur,Rajasthan,India,Restaurant
5758,yadav bhawan,14800,17,111,$0.08,1,17,https://www.zomato.com/hyderabad/hotel-yadav-bhavan-begum-bazaar,Hyderabad,Telangana,India,Hotel
5759,country inn & suites by radisson gurgaon sector 12,14800,19,63,$0.57,11,22,https://www.zomato.com/ncr/mosaic-country-inn-suites-by-carlson-sector-12-gurgaon,Unknown,Unknown,Unknown,Unknown
5760,cost in barbeque nation,14800,4,2397,$0.07,2,23,https://www.zomato.com/hyderabad/barbeque-nation-rajendra-nagar,Hyderabad,Telangana,India,Bar
5761,cities in hyderabad,14800,35,31,$0.19,1,44,https://www.zomato.com/hyderabad/restaurants,Hyderabad,Telangana,India,Restaurant
5762,chutar,1900,7,975,$0,1,27,https://www.zomato.com/chandigarh/chutar-putar-landran-road-mohali,Chandigarh,Chandigarh,India,Unknown
5763,ccd the square,14800,5,2397,$0.08,4,19,https://www.zomato.com/ncr/the-square-by-cafe-coffee-day-connaught-place-new-delhi,Unknown,Unknown,Unknown,Cafe
5764,castle bbq,14800,5,2397,$0.07,5,22,https://www.zomato.com/ncr/castles-barbeque-connaught-place-new-delhi,Unknown,Unknown,Unknown,Bar
5765,café in raipur,12100,7,2397,$0.18,1,23,https://www.zomato.com/raipur/caf%C3%A9,Unknown,Unknown,Unknown,Unknown
5766,cafe near by me,14800,4,4499,$0.15,13,13,https://www.zomato.com/cafes-near-me,Unknown,Unknown,Unknown,Cafe
5767,cafe dori,14800,6,1440,$0,5,24,https://www.zomato.com/ncr/caf%C3%A9-dori-chhatarpur-new-delhi,Unknown,Unknown,Unknown,Unknown
5768,cafe bayview,14800,3,4499,$0.04,3,29,https://www.zomato.com/mumbai/bayview-cafe-colaba,Mumbai,Maharashtra,India,Cafe
5769,beach terrace,9900,6,1440,$0.40,1,35,https://www.zomato.com/chennai/the-beach-terrace-bay-bar-kitchen-injambakkam,Chennai,Tamil Nadu,India,Bar
5770,thiruvananthapuram restaurants,12100,7,1440,$0.07,2,27,https://www.zomato.com/trivandrum,Unknown,Unknown,Unknown,Unknown
5771,the leela palace chennai,14800,8,500,$0.72,47,24,https://www.zomato.com/chennai/restaurants/in/the-leela-palace-chennai,Chennai,Tamil Nadu,India,Restaurant
5772,the boho house cocktail bar,9900,3,4499,$0.05,5,23,https://www.zomato.com/pune/the-boho-house-cocktail-bar-balewadi,Pune,Maharashtra,India,Bar
5773,taj ahmedabad,14800,14,134,$0.16,38,34,https://www.zomato.com/ahmedabad/shamiana-by-taj-skyline-bodakdev,Ahmedabad,Gujarat,India,Unknown
5774,summer sands mangalore,720,9,378,$0.12,23,21,https://www.zomato.com/mangalore/oriental-flavours-summer-sands-beach-resort-kankanady,Unknown,Unknown,Unknown,Unknown
5775,next galleria mall musarambagh,9900,13,134,$0.55,4,19,https://www.zomato.com/hyderabad/restaurants/in/the-next-galleria-mall-malakpet-hyderabad,Hyderabad,Telangana,India,Restaurant
5776,new delhi airport terminal 1,12100,16,134,$0.04,1,23,https://www.zomato.com/ncr/restaurants/in/terminal-1-departures-igi-airport-aerocity,Unknown,Unknown,Unknown,Restaurant
5777,nearest veg hotel,1900,7,1440,$0.05,6,31,https://www.zomato.com/restaurants-near-me,Unknown,Unknown,Unknown,Restaurant
5778,nearest beverage,14800,6,1440,$0.66,1,23,https://www.zomato.com/beverage-shops-near-me,Unknown,Unknown,Unknown,Unknown
5779,nearby wines near me,9900,6,1440,$0,1,38,https://www.zomato.com/bars-near-me,Unknown,Unknown,Unknown,Bar
5780,napoli jaipur,14800,3,4499,$0.08,5,22,https://www.zomato.com/jaipur/napoli-pizzeria-bistro-c-scheme,Jaipur,Rajasthan,India,Unknown
5781,mother dairy ice cream,12100,8,694,$0.21,13,12,https://www.zomato.com/ncr/mother-dairy-ice-creams-kailash-colony-new-delhi/order,Unknown,Unknown,Unknown,Ice Cream
5782,meharchand market,8100,3,4499,$0.18,1,18,https://www.zomato.com/ncr/restaurants/in/meharchand-market-lodhi-colony,Unknown,Unknown,Unknown,Restaurant
5783,mathews cake,9900,17,134,$0.27,1,32,https://www.zomato.com/chennai/mathews-bakery-and-sweets-red-hills/order,Chennai,Tamil Nadu,India,Bakery
5784,le petit four,12100,5,1440,$0.11,6,39,https://www.zomato.com/puducherry/le-petit-four-heritage-town,Unknown,Unknown,Unknown,Unknown
5785,kr bakers,12100,9,975,$0.06,4,22,https://www.zomato.com/thiruvalla/kr-bakes-thiruvalla-locality/order,Unknown,Unknown,Unknown,Unknown
5786,kapoor's cafe jayanagar,14800,3,4499,$0.31,7,23,https://www.zomato.com/bangalore/kapoors-cafe-jayanagar-bangalore,Bangalore,Karnataka,India,Cafe
5787,sandesh the prince,6600,10,500,$0.15,68,35,https://www.zomato.com/mysore/sandesh-the-prince-doora,Unknown,Unknown,Unknown,Unknown
5788,roasted beans,9900,7,1440,$0.04,6,46,https://www.zomato.com/ahmedabad/roasted-beans-chandkheda,Ahmedabad,Gujarat,India,Unknown
5789,richie rich ice cream,14800,3,4499,$0.10,2,10,https://www.zomato.com/bangalore/richie-rich-race-course-road-bangalore,Bangalore,Karnataka,India,Unknown
5790,restaurants in lower parel,14800,4,4499,$0.08,3,10,https://www.zomato.com/mumbai/lower-parel-restaurants,Mumbai,Maharashtra,India,Restaurant
5791,restaurants in andheri,14800,4,4499,$0.09,5,19,https://www.zomato.com/mumbai/andheri-west-restaurants,Mumbai,Maharashtra,India,Restaurant
5792,restaurants at cyber hub gurgaon,14800,4,4499,$0.03,4,22,https://www.zomato.com/ncr/restaurants/in/cyber-hub-dlf-cyber-city,Unknown,Unknown,Unknown,Restaurant
5793,restaurant with live music near me,14800,8,975,$0.14,10,13,https://www.zomato.com/ncr/restaurace?event_cat_id=9&hero_searches_data=ZXZlbnRfY2F0ZWdvcnkkJDk=,Unknown,Unknown,Unknown,Unknown
5794,restaurant with live entertainment near me,12100,6,4499,$0.06,9,32,https://www.zomato.com/ncr/restaurace?event_cat_id=9&hero_searches_data=ZXZlbnRfY2F0ZWdvcnkkJDk=,Unknown,Unknown,Unknown,Unknown
5795,restaurant rajkot,14800,11,500,$0.13,1,23,https://www.zomato.com/rajkot,Unknown,Unknown,Unknown,Unknown
5796,restaurant on park street,18100,5,2397,$0.03,2,24,https://www.zomato.com/kolkata/park-street-area-restaurants,Kolkata,West Bengal,India,Restaurant
5797,restaurant at park street,18100,5,2397,$0,3,11,https://www.zomato.com/kolkata/park-street-area-restaurants,Kolkata,West Bengal,India,Restaurant
5798,pvr juhu,14800,8,291,$0.06,3,23,https://www.zomato.com/mumbai/pvr-caf%C3%A9-popcorn-pizza-hot-dogs-snacks-juhu,Mumbai,Maharashtra,India,Pizza
5799,priyadarshini grand,9900,3,4499,$0.16,5,19,https://www.zomato.com/bangalore/priyadarshini-grand-basaveshwara-nagar,Bangalore,Karnataka,India,Unknown
5800,plantain leaf restaurant tirupati,12100,3,4499,$0.40,3,19,https://www.zomato.com/tirupati/plantain-leaf-pai-viceroy-tirumala/order,Unknown,Unknown,Unknown,Unknown
5801,pet friendly restaurants near me,12100,4,4499,$0.10,5,10,https://www.zomato.com/mumbai/restaurantes-pet-friendly,Mumbai,Maharashtra,India,Restaurant
5802,pco vasant vihar,12100,3,4499,$0.52,3,28,https://www.zomato.com/ncr/pco-vasant-vihar-new-delhi,Unknown,Unknown,Unknown,Unknown
5803,pco delhi,12100,3,4499,$0.19,4,28,https://www.zomato.com/ncr/pco-vasant-vihar-new-delhi,Unknown,Unknown,Unknown,Unknown
5804,orchid blues,9900,73,31,$0.06,23,20,https://www.zomato.com/aligarh/hotel-orchid-blu-aligarh-locality/order,Unknown,Unknown,Unknown,Hotel
5805,old monk coffee price,9900,40,31,$0,1,9,https://www.zomato.com/kolkata/delivery?dish=old-monk-rum,Kolkata,West Bengal,India,Unknown
5806,north indian restaurant,14800,4,4499,$0.16,2,25,https://www.zomato.com/visakhapatnam/restaurants/north-indian,Unknown,Unknown,Unknown,Restaurant
5807,north indian cuisine restaurant,22200,5,4499,$0,3,12,https://www.zomato.com/north-indian-restaurants-near-me,Unknown,Unknown,Unknown,Restaurant
5808,nik bakers near me,14800,6,2397,$0.04,3,29,https://www.zomato.com/chandigarh/nik-bakers-sector-35,Chandigarh,Chandigarh,India,Unknown
5809,nido craft kitchen & bar,12100,3,4499,$0.16,7,19,https://www.zomato.com/bangalore/nido-craft-kitchen-bar-sahakara-nagar-bangalore,Bangalore,Karnataka,India,Bar
5810,sector 64 noida,14800,8,694,$0.26,1,19,https://www.zomato.com/ncr/sector-64-noida-restaurants,Unknown,Unknown,Unknown,Restaurant
5811,garden of dreams,14800,9,694,$0.45,2,18,https://www.zomato.com/goa/garden-of-dreams-arambol,Goa,Goa,India,Unknown
5812,foodies,14800,8,975,$0,1,35,https://www.zomato.com/haldwani/foodies-restaurant-3-haldwani-locality/order,Unknown,Unknown,Unknown,Restaurant
5813,favela pune,9900,3,4499,$0.19,5,22,https://www.zomato.com/pune/favela-hinjawadi,Pune,Maharashtra,India,Unknown
5814,famous food in delhi,14800,17,167,$0.07,1,46,https://www.zomato.com/ncr,Unknown,Unknown,Unknown,Unknown
5815,delhi is famous for which food,14800,40,31,$0.07,1,32,https://www.zomato.com/ncr/restaurants,Unknown,Unknown,Unknown,Restaurant
5816,kanti sweets bellandur,12100,1,4499,$0.20,10,19,https://www.zomato.com/bangalore/kanti-sweets-since-1957-bellandur-bangalore,Bangalore,Karnataka,India,Unknown
5817,kairali restaurant,12100,4,4499,$0.08,3,22,https://www.zomato.com/bangalore/kairali-restaurant-bellandur,Bangalore,Karnataka,India,Restaurant
5818,k r bakes,12100,8,1440,$0.15,1,20,https://www.zomato.com/kochi/k-r-bakes-1-kalamassery/order,Kochi,Kerala,India,Unknown
5819,juhu cafes,14800,5,2397,$0,3,23,https://www.zomato.com/mumbai/juhu-restaurants/caf%C3%A9,Mumbai,Maharashtra,India,Restaurant
5820,jalaram khaman house,9900,4,4499,$0.34,3,19,https://www.zomato.com/ahmedabad/jalaram-khaman-house-1-naranpura,Ahmedabad,Gujarat,India,Unknown
5821,hyderabad central,14800,9,378,$0.24,4,24,https://www.zomato.com/hyderabad/restaurants/in/hyderabad-central-mall-panjagutta,Hyderabad,Telangana,India,Restaurant
5822,hotel narayana,12100,5,2397,$0.22,4,23,https://www.zomato.com/mangalore/hotel-narayana-bunder,Unknown,Unknown,Unknown,Hotel
5823,hotel damson plum,14800,12,167,$0.12,14,22,https://www.zomato.com/lucknow/clove-at-damson-plum-gomti-nagar,Lucknow,Uttar Pradesh,India,Unknown
5824,hotel combermere shimla,14800,10,378,$0.11,51,33,https://www.zomato.com/shimla/hotel-combermere-longwood,Unknown,Unknown,Unknown,Hotel
5825,gulmohar colony bhopal,14800,12,222,$0.13,5,19,https://www.zomato.com/bhopal/best-gulmohar-colony-restaurants,Unknown,Unknown,Unknown,Restaurant
5826,gullu's,12100,4,4499,$0,1,22,https://www.zomato.com/ncr/gullus-sector-28-gurgaon,Unknown,Unknown,Unknown,Unknown
5827,golden wings,14800,12,378,$0.01,1,22,https://www.zomato.com/rajkot/golden-wings-race-course,Unknown,Unknown,Unknown,Unknown
5828,goa nightlife,14800,17,87,$0.25,3,23,https://www.zomato.com/goa/best-drinks-and-nightlife-restaurants?night-clubs=1,Goa,Goa,India,Restaurant
5829,l g rock cafe,18100,6,2397,$0.18,3,32,https://www.zomato.com/ncr/lg-rock-cafe-qutab-institutional-area-new-delhi,Unknown,Unknown,Unknown,Cafe
5830,krishna kuteera,14800,4,4499,$0,3,23,https://www.zomato.com/manipal/krishna-kuteera-tiger-circle,Unknown,Unknown,Unknown,Unknown
5831,bihar bhawan new delhi,14800,27,31,$0.10,1,23,https://www.zomato.com/ncr/bihar-bhawan-canteen-chanakyapuri-new-delhi/menu,Unknown,Unknown,Unknown,Unknown
5832,bhatagaon chowk,9900,18,87,$0.10,6,19,https://www.zomato.com/raipur/marwadi-thali-bhatagaon,Unknown,Unknown,Unknown,Unknown
5833,beer bot,14800,16,111,$0.01,1,21,https://www.zomato.com/mumbai/brewbot-taproom-veera-desai-area,Mumbai,Maharashtra,India,Unknown
5834,atelier,12100,9,500,$0.20,1,66,https://www.zomato.com/indore/atelier-v-press-complex,Indore,Madhya Pradesh,India,Unknown
5835,andheri restaurants,14800,4,4499,$0.09,5,25,https://www.zomato.com/mumbai/andheri-west-restaurants,Mumbai,Maharashtra,India,Restaurant
5836,al saba restaurant gachibowli,9900,3,4499,$0.18,12,19,https://www.zomato.com/hyderabad/al-saba-restaurant-gachibowli,Hyderabad,Telangana,India,Restaurant
5837,afterhours,9900,9,694,$0.34,1,63,https://www.zomato.com/hyderabad/afterhours-banjara-hills,Hyderabad,Telangana,India,Unknown
5838,zomato district,14800,6,694,$0.19,3,23,https://www.zomato.com/,Unknown,Unknown,Unknown,Unknown
5839,west in delhi,14800,19,75,$0.14,1,31,https://www.zomato.com/ncr/west-delhi-restaurants,Unknown,Unknown,Unknown,Restaurant
5840,vijay store,14800,9,694,$0.15,3,19,https://www.zomato.com/mumbai/vijay-stores-santacruz-east,Mumbai,Maharashtra,India,Unknown
5841,vidhyadhar nagar,14800,16,111,$0.13,1,23,https://www.zomato.com/jaipur/best-vidyadhar-nagar-restaurants,Jaipur,Rajasthan,India,Restaurant
5842,top restaurants in gurgaon,14800,6,1440,$0.20,8,12,https://www.zomato.com/ncr/gurgaon-restaurants/casual-dining,Unknown,Unknown,Unknown,Restaurant
5843,tirumala andheri west,14800,24,35,$0,6,19,https://www.zomato.com/contact,Unknown,Unknown,Unknown,Unknown
5844,subbayya gari hotel pure veg restaurant in tirupati,9900,10,500,$0.35,5,21,https://www.zomato.com/tirupati/kakinada-subbbayya-gari-hotel-korramenugunta/order,Unknown,Unknown,Unknown,Hotel
5845,sterling darjeeling resort,14800,73,31,$0.25,39,21,https://www.zomato.com/chennai,Chennai,Tamil Nadu,India,Unknown
5846,sky thru rooftop restaurant,9900,4,2397,$0.02,5,27,https://www.zomato.com/chennai/sky-thru-porur,Chennai,Tamil Nadu,India,Unknown
5847,shiv niwas palace,12100,12,222,$0.22,27,25,https://www.zomato.com/udaipur/palki-khana-by-shiv-niwas-palace-chandpole/menu,Unknown,Unknown,Unknown,Unknown
5848,shantiniketan mall,12100,8,694,$0.23,2,22,https://www.zomato.com/bangalore/restaurants/in/nexus-shantiniketan-whitefield,Bangalore,Karnataka,India,Restaurant
5849,save the tigers,22200,16,111,$4.43,1,29,https://www.zomato.com/hyderabad/save-the-tigers-kukatpally,Hyderabad,Telangana,India,Unknown
5850,sarovar portico surajkund,9900,27,31,$0.21,26,21,https://www.zomato.com/ncr/panoramic-the-sarovar-portico-surajkund-suraj-kund-faridabad/menu,Unknown,Unknown,Unknown,Unknown
5851,sagar sweets restaurant,9900,4,4499,$0.36,7,19,https://www.zomato.com/nashik/sagar-sweets-college-road,Unknown,Unknown,Unknown,Unknown
5852,sagar sweet,9900,9,1440,$0.36,7,20,https://www.zomato.com/pune/sagar-sweet-centre-erandwane,Pune,Maharashtra,India,Unknown
5853,road number 7,14800,9,500,$0.13,4,21,https://www.zomato.com/hyderabad/restaurants/hyderabad-house-2?zomato_place_id=110458&category=2,Hyderabad,Telangana,India,Restaurant
5854,restaurants near me with live music,14800,7,2397,$0.06,10,38,https://www.zomato.com/hyderabad/restaurants?music=1&page=1,Hyderabad,Telangana,India,Restaurant
5855,restaurants nagpur,14800,4,4499,$0,1,22,https://www.zomato.com/nagpur/dine-out,Nagpur,Maharashtra,India,Unknown
5856,restaurants kochi,12100,4,4499,$0,6,23,https://www.zomato.com/kochi/dine-out,Kochi,Kerala,India,Unknown
5857,restaurants khan market,18100,5,2397,$0,1,18,https://www.zomato.com/ncr/restaurants/in/khan-market,Unknown,Unknown,Unknown,Restaurant
5858,restaurants in mumbai,9900,4,4499,$0.30,7,18,https://www.zomato.com/mumbai/restaurants,Mumbai,Maharashtra,India,Restaurant
5859,reset by plan b,27100,4,4499,$0,7,16,https://www.zomato.com/ncr/reset-by-plan-b-sector-43,Unknown,Unknown,Unknown,Unknown
5860,rangoli ice cream,14800,8,1440,$0,1,18,https://www.zomato.com/ahmedabad/rangoli-ice-cream-mani-nagar,Ahmedabad,Gujarat,India,Ice Cream
5861,woodside inn bandra,12100,2,2397,$0.25,4,19,https://www.zomato.com/mumbai/woodside-inn-pali-hill-bandra-west,Mumbai,Maharashtra,India,Unknown
5862,winni cakes & more,14800,8,694,$0.29,1,26,https://www.zomato.com/hisar/winni-cakes-more-1-hisar-locality/order,Unknown,Unknown,Unknown,Unknown
5863,weather in tanuku,14800,61,31,$0.03,1,24,https://www.zomato.com/contact,Unknown,Unknown,Unknown,Unknown
5864,veg dhaba near me,14800,5,4499,$0.13,6,11,https://www.zomato.com/dhabas-near-me,Unknown,Unknown,Unknown,Unknown
5865,uttar dakshin by naivedhyam,9900,5,4499,$0.23,8,20,https://www.zomato.com/nagpur/uttar-dakshin-by-naivedhyam-mohan-nagar,Nagpur,Maharashtra,India,Unknown
5866,underdoggs hyderabad,9900,3,4499,$0.15,5,19,https://www.zomato.com/hyderabad/underdoggs-hitech-city,Hyderabad,Telangana,India,Unknown
5867,tunga village,12100,19,82,$0.11,7,20,https://www.zomato.com/mumbai/saki-vihar-road-tunga-village-restaurants,Mumbai,Maharashtra,India,Restaurant
5868,truffles bangalore kalyan nagar,14800,3,4499,$0.11,5,21,https://www.zomato.com/bangalore/truffles-kalyan-nagar,Bangalore,Karnataka,India,Unknown
5869,trivandrum restaurants,12100,9,975,$0.21,2,22,https://www.zomato.com/trivandrum,Unknown,Unknown,Unknown,Unknown
5870,train food delivery,18100,5,694,$0.09,85,44,https://www.zomato.com/order-food-online-in-train,Unknown,Unknown,Unknown,Unknown
5871,tipu sultan kolkata,14800,32,31,$0.08,3,45,https://www.zomato.com/kolkata/restaurants/near/tipu-sultan-mosque,Kolkata,West Bengal,India,Restaurant
5872,tasty restaurants,14800,5,2397,$0.10,3,27,https://www.zomato.com/ncr/restaurants,Unknown,Unknown,Unknown,Restaurant
5873,tasty food,14800,14,291,$0.60,1,23,https://www.zomato.com/nagpur/tasty-food-ayodhya-nagar,Nagpur,Maharashtra,India,Unknown
5874,t1 delhi airport,9900,16,87,$0.03,1,21,https://www.zomato.com/ncr/restaurants/in/terminal-1-arrivals-igi-airport-aerocity,Unknown,Unknown,Unknown,Restaurant
5875,malabar coastal,14800,11,378,$0,1,23,https://www.zomato.com/ncr/the-malabar-coast-sector-57-gurgaon,Unknown,Unknown,Unknown,Bar
5876,lemon tree hotel sector 60 gurugram,14800,9,291,$0.25,11,20,https://www.zomato.com/ncr/citrus-cafe-lemon-tree-hotel-sector-60-gurgaon,Unknown,Unknown,Unknown,Cafe
5877,latte and coffee,14800,53,31,$0.63,1,34,https://www.zomato.com/visakhapatnam/latte-cafe-and-kitchen-mvp-colony-vizag,Unknown,Unknown,Unknown,Cafe
5878,kulhad chai,14800,14,291,$0.27,2,23,https://www.zomato.com/lucknow/kulhad-chai-indira-nagar,Lucknow,Uttar Pradesh,India,Unknown
5879,kitty su club mumbai,14800,14,222,$0.14,3,24,https://www.zomato.com/KittySuMumbai,Unknown,Unknown,Unknown,Unknown
5880,kijiji on the roof,12100,3,4499,$0.13,3,22,https://www.zomato.com/ncr/kijiji-on-the-roof-sector-47-gurgaon,Unknown,Unknown,Unknown,Unknown
5881,jewel of nizam the minar,14800,4,2397,$0.18,4,15,https://www.zomato.com/hyderabad/jewel-of-nizam-the-minar-the-golkonda-resort-gandipet,Hyderabad,Telangana,India,Unknown
5882,jaipur malviya nagar,12100,17,87,$0.26,6,21,https://www.zomato.com/jaipur/malviya-nagar-restaurants,Jaipur,Rajasthan,India,Restaurant
5883,itc hotels dwarka delhi,14800,27,32,$0.63,54,31,https://www.zomato.com/ncr/restaurants/in/welcomhotel-dwarka-sector-10-dwarka,Unknown,Unknown,Unknown,Restaurant
5884,indus flavour,14800,5,4499,$0.22,1,23,https://www.zomato.com/ncr/indus-flavour-proudly-vegetarian-delhi-university-gtb-nagar-new-delhi,Unknown,Unknown,Unknown,Unknown
5885,hotel pai viceroy jayanagar,14800,6,975,$0.17,28,18,https://www.zomato.com/bangalore/the-royal-corner-pai-viceroy-jayanagar,Bangalore,Karnataka,India,Unknown
5886,hotel elite,14800,11,222,$0.25,4,24,https://www.zomato.com/bangalore/hotel-elite-restaurant-hesaraghatta-bangalore,Bangalore,Karnataka,India,Restaurant
5887,paan shops,18100,5,4499,$0.19,1,32,https://www.zomato.com/paan-shop-near-me,Unknown,Unknown,Unknown,Unknown
5888,nirvana courtyard market,9900,2,2397,$0,1,18,https://www.zomato.com/ncr/restaurants/in/nirvana-courtyard-sector-50,Unknown,Unknown,Unknown,Restaurant
5889,night club in chandigarh,14800,11,378,$0.04,3,24,https://www.zomato.com/chandigarh/club,Chandigarh,Chandigarh,India,Unknown
5890,nesco goregaon mumbai maharashtra,14800,24,34,$0,3,15,https://www.zomato.com/mumbai/nesco-social-goregaon-east,Mumbai,Maharashtra,India,Unknown
5891,mutton near me,14800,4,4499,$0.24,11,21,https://www.zomato.com/ncr/delivery/dish-mutton,Unknown,Unknown,Unknown,Unknown
5892,mr tea cafe,12100,5,2397,$0.17,2,28,https://www.zomato.com/kota/mr-tea-cafe-uper-chawani,Unknown,Unknown,Unknown,Cafe
5893,moti bakery kalupur,9900,3,4499,$0.05,6,16,https://www.zomato.com/ahmedabad/moti-bakery-2-kalupur,Ahmedabad,Gujarat,India,Bakery
5894,mio amore cake shop,14800,11,694,$0.09,3,10,https://www.zomato.com/kolkata/mio-amore-1-barrackpore,Kolkata,West Bengal,India,Bar
5895,rashbehari more,9900,2,2397,$0.32,6,28,https://www.zomato.com/kolkata/restaurants/near/rashbehari-more,Kolkata,West Bengal,India,Restaurant
5896,dlf one horizon center gurugram,8100,2,2397,$0.11,6,21,https://www.zomato.com/ncr/restaurants/in/dlf-horizon-center,Unknown,Unknown,Unknown,Restaurant
5897,cream stone ice cream,12100,5,2397,$0.22,4,35,https://www.zomato.com/hyderabad/cream-stone-ice-cream-jubilee-hills,Hyderabad,Telangana,India,Ice Cream
5898,courtyard agra,12100,20,63,$0.40,21,35,https://www.zomato.com/agra/restaurants/in/courtyard-by-marriott-agra-tajganj,Agra,Uttar Pradesh,India,Restaurant
5899,copper kitchen porur,14800,1,4499,$0.07,4,19,https://www.zomato.com/chennai/copper-kitchen-porur,Chennai,Tamil Nadu,India,Unknown
5900,coffee shops in park street kolkata,14800,5,4499,$0.02,2,21,https://www.zomato.com/kolkata/park-street-area-restaurants/caf%C3%A9,Kolkata,West Bengal,India,Restaurant
5901,coffee shops in park street,18100,4,4499,$0.02,3,36,https://www.zomato.com/kolkata/park-street-area-restaurants/caf%C3%A9,Kolkata,West Bengal,India,Restaurant
5902,coastal,14800,7,694,$0,1,35,https://www.zomato.com/mumbai/coastal-malad-west,Mumbai,Maharashtra,India,Unknown
5903,citi centre,14800,18,63,$0.24,5,26,https://www.zomato.com/chennai/restaurants/in/chennai-citi-centre-mylapore,Chennai,Tamil Nadu,India,Restaurant
5904,chirag nagar ghatkopar west,14800,24,35,$0.12,4,18,https://www.zomato.com/mumbai/shahi-restaurant-ghatkopar-west,Mumbai,Maharashtra,India,Restaurant
5905,charcoal shack restaurant,12100,3,4499,$0,1,17,https://www.zomato.com/kochi/charcoal-shack-restaurant-kaloor,Kochi,Kerala,India,Restaurant
5906,carnatic cafe sunder nursery,18100,2,4499,$0.47,2,31,https://www.zomato.com/ncr/carnatic-cafe-sunder-nagar-new-delhi,Unknown,Unknown,Unknown,Cafe
5907,cafe undercover,14800,3,4499,$0.17,2,27,https://www.zomato.com/ncr/cafe-uncover-sector-12-dwarka-new-delhi,Unknown,Unknown,Unknown,Cafe
5908,burger king camp,12100,1,4499,$0.21,2,29,https://www.zomato.com/pune/burger-king-1-east-street,Pune,Maharashtra,India,Unknown
5909,hotel the sahil mumbai,14800,12,167,$0.38,21,21,https://www.zomato.com/mumbai/hotel-sahil-mohammad-ali-road,Mumbai,Maharashtra,India,Hotel
5910,hotel fariyas mumbai,14800,11,222,$0.23,31,27,https://www.zomato.com/mumbai/tamarind-fariyas-hotel-colaba,Mumbai,Maharashtra,India,Hotel
5911,haveli punjab jalandhar,14800,10,694,$0.02,1,25,https://www.zomato.com/jalandhar/rangla-punjab-by-haveli-rama-mandi,Unknown,Unknown,Unknown,Unknown
5912,guwahati night club,14800,10,694,$0,7,20,https://www.zomato.com/guwahati/club,Unknown,Unknown,Unknown,Unknown
5913,good morning hotel,14800,3,4499,$0.67,2,18,https://www.zomato.com/trivandrum/good-morning-hotel-karamana,Unknown,Unknown,Unknown,Hotel
5914,ginger hotel in indore,14800,61,31,$0.42,37,20,https://www.zomato.com/deliver-food/,Unknown,Unknown,Unknown,Unknown
5915,fountain restaurant,14800,4,4499,$0,1,22,https://www.zomato.com/ahmedabad/the-fountain-chandkheda,Ahmedabad,Gujarat,India,Unknown
5916,food stories bangalore,14800,7,1440,$0.19,18,22,https://www.zomato.com/bangalore/the-foodstories-cafe-st-marks-road-bangalore,Bangalore,Karnataka,India,Cafe
5917,food famous in delhi,14800,16,87,$0.07,1,29,https://www.zomato.com/ncr,Unknown,Unknown,Unknown,Unknown
5918,famous foods of delhi,14800,27,35,$0.07,1,23,https://www.zomato.com/ncr,Unknown,Unknown,Unknown,Unknown
5919,downtown mall new town,14800,5,694,$0.05,4,19,https://www.zomato.com/kolkata/restaurants/in/downtown-mall-salt-lake,Kolkata,West Bengal,India,Restaurant
5920,bharjari bhojana,9900,6,2397,$0.51,7,32,https://www.zomato.com/bangalore/bharjari-bhojana-2-malleshwaram-bangalore,Bangalore,Karnataka,India,Unknown
5921,best coffee shops in hyderabad,18100,8,694,$0,2,30,https://www.zomato.com/hyderabad/coffee,Hyderabad,Telangana,India,Coffee
5922,best bakery near me,14800,4,4499,$0.20,23,16,https://www.zomato.com/bakeries-near-me,Unknown,Unknown,Unknown,Bakery
5923,bangalore visiting places,22200,70,31,$0.10,19,30,https://www.zomato.com/bangalore/restaurants,Bangalore,Karnataka,India,Restaurant
5924,bandra reclamation,14800,14,222,$0,2,23,https://www.zomato.com/mumbai/reclamation-bandra-west-restaurants,Mumbai,Maharashtra,India,Restaurant
5925,baan phad thai,8100,4,2397,$1.05,4,22,https://www.zomato.com/bangalore/baan-phad-thai-indiranagar-bangalore,Bangalore,Karnataka,India,Unknown
5926,anantara jaipur,14800,20,82,$0.27,56,22,https://www.zomato.com/jaipur/sheesh-mahal-anantara-jewel-bagh-sitapur,Jaipur,Rajasthan,India,Unknown
5927,amritsar brothers dhaba,14800,4,4499,$0.05,1,23,https://www.zomato.com/amritsar/brothers-amritsari-dhaba-town-hall,Unknown,Unknown,Unknown,Unknown
5928,al wadi yemeni restaurant,12100,3,4499,$0.21,7,27,https://www.zomato.com/hyderabad/al-wadi-yemeni-restaurant-tolichowki,Hyderabad,Telangana,India,Restaurant
5929,adarsh gardens,12100,8,378,$0.22,12,19,https://www.zomato.com/bangalore/bar?zomato_place_id=104181,Bangalore,Karnataka,India,Bar
5930,24x7,14800,22,39,$2.07,3,28,https://www.zomato.com/ncr/24x7-kitchen-vasant-kunj-new-delhi,Unknown,Unknown,Unknown,Unknown
5931,1932 trevi,9900,5,1440,$0.17,4,20,https://www.zomato.com/jaipur/1932-trevi-narayan-singh-circle,Jaipur,Rajasthan,India,Unknown
5932,waffles house,14800,5,2397,$0.17,1,24,https://www.zomato.com/hyderabad/waffle-house-hitech-city,Hyderabad,Telangana,India,Unknown
5933,travancore court,9900,15,134,$0.33,36,19,https://www.zomato.com/kochi/feast-travancore-court-pallimukku,Kochi,Kerala,India,Unknown
5934,shangri la delhi,18100,27,31,$0.27,64,38,https://www.zomato.com/ncr/shang-palace-shangri-la-eros-new-delhi-connaught-place-new-delhi,Unknown,Unknown,Unknown,Unknown
5935,sangeeth coolbar,14800,19,82,$0.16,1,19,https://www.zomato.com/kozhikode/cool-bar-fruits-and-bakery-mankavu/order,Unknown,Unknown,Unknown,Bar
5936,sai priya beach resort vizag,14800,5,975,$0.09,18,15,https://www.zomato.com/visakhapatnam/sai-priya-beach-resort-rushikonda-vizag,Unknown,Unknown,Unknown,Unknown
5937,ruchi,14800,12,500,$0,1,35,https://www.zomato.com/mumbai/ruchi-veg-restaurant-parel,Mumbai,Maharashtra,India,Restaurant
5938,rj14 which city,12100,10,291,$0,1,16,https://www.zomato.com/jaipur/rj-14-ajmer-highway,Jaipur,Rajasthan,India,Unknown
5939,restaurants in baner,14800,4,4499,$0,6,19,https://www.zomato.com/pune/baner-restaurants,Pune,Maharashtra,India,Restaurant
5940,restaurant park street,18100,4,4499,$0.03,2,24,https://www.zomato.com/kolkata/park-street-area-restaurants,Kolkata,West Bengal,India,Restaurant
5941,restaurant at trivandrum,12100,5,2397,$0.07,2,28,https://www.zomato.com/trivandrum,Unknown,Unknown,Unknown,Unknown
5942,pvr cinemas juhu,14800,21,35,$0.07,3,20,https://www.zomato.com/mumbai/pvr-caf%C3%A9-popcorn-pizza-hot-dogs-snacks-juhu,Mumbai,Maharashtra,India,Pizza
5943,pure veg near me,14800,6,1440,$0.04,7,32,https://www.zomato.com/restaurants-near-me,Unknown,Unknown,Unknown,Restaurant
5944,mehfil restaurant near me,14800,5,2397,$0.21,12,13,https://www.zomato.com/hyderabad/mehfil-restaurant-chandrayanagutta,Hyderabad,Telangana,India,Restaurant
5945,masaledaar desi rasoi vadapalani,8100,4,2397,$0.06,1,19,https://www.zomato.com/chennai/restaurants/masaledaar-desi-rasoi,Chennai,Tamil Nadu,India,Restaurant
5946,maps indore,14800,43,31,$0.01,1,25,https://www.zomato.com/deliver-food/,Unknown,Unknown,Unknown,Unknown
5947,manna mess,9900,16,167,$0.04,1,32,https://www.zomato.com/kotagiri/manna-mess-kotagiri-locality/order,Unknown,Unknown,Unknown,Unknown
5948,maa ki rasoi,14800,4,4499,$0.05,2,21,https://www.zomato.com/hi/indore/maa-ki-rasoi-sudama-nagar,Indore,Madhya Pradesh,India,Unknown
5949,kwality restaurant,14800,5,2397,$0.12,2,23,https://www.zomato.com/ncr/kwality-connaught-place-new-delhi,Unknown,Unknown,Unknown,Unknown
5950,koramangala 8th block,14800,6,1440,$0.43,6,19,https://www.zomato.com/bangalore/koramangala-8th-block-restaurants,Bangalore,Karnataka,India,Restaurant
5951,khan market eateries,14800,5,2397,$0.01,1,23,https://www.zomato.com/ncr/restaurants/in/khan-market,Unknown,Unknown,Unknown,Restaurant
5952,kfc menu with price,12100,11,378,$0.14,1,9,https://www.zomato.com/pune/kfc-jm-road/order,Pune,Maharashtra,India,Unknown
5953,kanha sweet,12100,7,1440,$0.24,2,21,https://www.zomato.com/jaipur/kanha-malviya-nagar,Jaipur,Rajasthan,India,Unknown
5954,kadri cafe,12100,4,2397,$0.75,3,29,https://www.zomato.com/mangalore/kadri-cafe-1-kadri,Unknown,Unknown,Unknown,Cafe
5955,k r bakers,12100,13,378,$0.15,1,22,https://www.zomato.com/kochi/k-r-bakes-1-kalamassery/order,Kochi,Kerala,India,Unknown
5956,the tanjore tiffin room bandra,12100,3,4499,$0.17,12,23,https://www.zomato.com/mumbai/the-tanjore-tiffin-room-pali-hill-bandra-west,Mumbai,Maharashtra,India,Unknown
5957,the table mumbai,14800,3,4499,$0.10,1,33,https://www.zomato.com/mumbai/the-table-colaba,Mumbai,Maharashtra,India,Unknown
5958,the leela ambience convention hotel,14800,11,291,$0.36,12,13,https://www.zomato.com/ncr/restaurants/in/the-leela-ambience-convention-hotel,Unknown,Unknown,Unknown,Restaurant
5959,the good bowl,9900,6,1440,$0.13,4,19,https://www.zomato.com/hyderabad/the-good-bowl-gachibowli,Hyderabad,Telangana,India,Unknown
5960,taj varanasi,14800,26,32,$0.15,41,35,https://www.zomato.com/varanasi/restaurants/in/taj-ganges-nadesar,Varanasi,Uttar Pradesh,India,Restaurant
5961,small cakes,14800,48,31,$0.04,98,29,https://www.zomato.com/mumbai/the-mini-cake-shop-vashi-navi-mumbai,Mumbai,Maharashtra,India,Unknown
5962,mohan ji puri wale,12100,4,4499,$0,1,25,https://www.zomato.com/haridwar/mohan-ji-puri-wale-jwalapur,Unknown,Unknown,Unknown,Unknown
5963,minerva grand vijayawada,14800,8,500,$0.13,36,28,https://www.zomato.com/vijayawada/minerva-grand-eat-street-gunadala,Unknown,Unknown,Unknown,Unknown
5964,pizzeria,14800,4,4499,$0.30,2,36,https://www.zomato.com/ncr/pizzeria-janakpuri-new-delhi,Unknown,Unknown,Unknown,Unknown
5965,pakka local,14800,5,2397,$0,5,24,https://www.zomato.com/hyderabad/pakka-local-banjara-hills,Hyderabad,Telangana,India,Unknown
5966,nyati plaza,9900,11,222,$0.29,4,20,https://www.zomato.com/pune/nyati-estate-road-nyati-county-restaurants?buffet=1&cft=3,Pune,Maharashtra,India,Restaurant
5967,f'n,14800,36,31,$0,1,25,https://www.zomato.com/it/mumbai/f-n-b-kandivali-west?amp=1,Mumbai,Maharashtra,India,Unknown
5968,east 7th pizza & deli,9900,3,4499,$0.32,6,26,https://www.zomato.com/mumbai/east-7th-pizza-deli-hill-road-bandra-west,Mumbai,Maharashtra,India,Pizza
5969,cookie cartel,12100,3,1440,$0.02,26,30,https://www.zomato.com/mumbai/cookie-cartel-grant-road/order,Mumbai,Maharashtra,India,Unknown
5970,combermere shimla,14800,7,631,$0.20,54,22,https://www.zomato.com/shimla/hotel-combermere-longwood,Unknown,Unknown,Unknown,Hotel
5971,ccd square,14800,4,4499,$0.15,4,19,https://www.zomato.com/bangalore/cafe-coffee-day-2-lavelle-road-bangalore,Bangalore,Karnataka,India,Cafe
5972,canvas restaurant & pizzeria,9900,3,4499,$0.03,3,22,https://www.zomato.com/kochi/canvas-restaurant-pizzeria-1-fort-kochi,Kochi,Kerala,India,Restaurant
5973,cafe in juhu,14800,5,2397,$0,2,18,https://www.zomato.com/mumbai/restaurants/cafes?landmark_id=439,Mumbai,Maharashtra,India,Restaurant
5974,borivali banjara family restaurant and party hall,12100,3,4499,$0.12,8,22,https://www.zomato.com/mumbai/banjara-dhaba-borivali-west,Mumbai,Maharashtra,India,Unknown
5975,itc dwarka,14800,21,48,$0.33,65,42,https://www.zomato.com/ncr/restaurants/in/welcomhotel-dwarka-sector-10-dwarka,Unknown,Unknown,Unknown,Restaurant
5976,house of mg ahmedabad,14800,6,838,$0.18,40,22,https://www.zomato.com/ahmedabad/agashiye-the-house-of-mg-lal-darwaja,Ahmedabad,Gujarat,India,Unknown
5977,hotel yuvraj,12100,6,694,$0.09,13,25,https://www.zomato.com/vadodara/hotel-yuvraj-sayajigunj,Unknown,Unknown,Unknown,Hotel
5978,hotel shimla combermere,14800,9,291,$0.20,51,21,https://www.zomato.com/shimla/hotel-combermere-longwood,Unknown,Unknown,Unknown,Hotel
5979,hotel marigold jaipur,2900,9,378,$0.15,62,32,https://www.zomato.com/jaipur/all-spices-hotel-marigold-sitapur,Jaipur,Rajasthan,India,Hotel
5980,hotel kass,14800,2,4499,$0.17,8,25,https://www.zomato.com/hyderabad/hotel-kass-kompally,Hyderabad,Telangana,India,Hotel
5981,hotel chandra park,14800,7,500,$0.14,23,24,https://www.zomato.com/chennai/hotel-chandra-park-egmore,Chennai,Tamil Nadu,India,Hotel
5982,home work job mumbai,14800,95,31,$0.12,1,48,https://www.zomato.com/deliver-food/,Unknown,Unknown,Unknown,Unknown
5983,holiday resort puri,18100,31,31,$0.09,67,39,https://www.zomato.com/puri/holiday-resort-penthakata/menu,Unknown,Unknown,Unknown,Unknown
5984,highway dhaba,12100,7,2397,$0.07,1,25,https://www.zomato.com/kolkata/punjab-highway-dhaba-barasat,Kolkata,West Bengal,India,Bar
5985,have more new delhi,14800,3,4499,$0.10,2,23,https://www.zomato.com/ncr/havemore-pandara-road-new-delhi,Unknown,Unknown,Unknown,Unknown
5986,garam masala airoli,9900,3,4499,$0,5,17,https://www.zomato.com/mumbai/garam-masala-airoli-navi-mumbai,Mumbai,Maharashtra,India,Unknown
5987,g t world mall,14800,9,291,$0.03,1,24,https://www.zomato.com/bangalore/restaurants/in/gt-world-mall-magadi-road,Bangalore,Karnataka,India,Restaurant
5988,g block bandra kurla complex,14800,11,500,$0.06,4,19,https://www.zomato.com/mumbai/bandra-kurla-complex-road-g-block-bkc-restaurants,Mumbai,Maharashtra,India,Restaurant
5989,kerala hotel trivandrum,27100,3,4499,$0.34,98,51,https://www.zomato.com/trivandrum/kerala-hotel-kulathoor,Unknown,Unknown,Unknown,Hotel
5990,bowl of rice of india,18100,20,75,$0,1,24,https://www.zomato.com/hyderabad/rice-bowl-of-india-madhapur,Hyderabad,Telangana,India,Unknown
5991,bistro 57,14800,5,2397,$0.47,5,24,https://www.zomato.com/ncr/bistro-57-connaught-place-new-delhi,Unknown,Unknown,Unknown,Unknown
5992,bihari bhawan,14800,8,975,$0.10,1,17,https://www.zomato.com/hi/ncr/bihar-bhawan-canteen-chanakyapuri-new-delhi,Unknown,Unknown,Unknown,Unknown
5993,best restaurants in surat india,14800,5,2397,$0.03,2,10,https://www.zomato.com/surat/dine-out,Surat,Gujarat,India,Unknown
5994,best restaurants in indiranagar,18100,6,1440,$7.07,5,12,https://www.zomato.com/bangalore/indiranagar-restaurants,Bangalore,Karnataka,India,Restaurant
5995,backyard cafe,14800,4,4499,$0.12,3,27,https://www.zomato.com/hyderabad/backyard-cafe-sainikpuri-secunderabad,Hyderabad,Telangana,India,Cafe
5996,antera kitchen and bar indiranagar,12100,3,4499,$0.39,6,21,https://www.zomato.com/bangalore/antera-kitchen-and-bar-indiranagar-bangalore,Bangalore,Karnataka,India,Bar
5997,anand sweets sarjapur,12100,1,4499,$0.19,8,19,https://www.zomato.com/bangalore/anand-sweets-and-savouries-sarjapur-road-bangalore,Bangalore,Karnataka,India,Unknown
5998,anand niketan club,12100,20,63,$0.18,5,19,https://www.zomato.com/ncr/anand-niketan-delhi-restaurants/club,Unknown,Unknown,Unknown,Restaurant
5999,amul falooda ice cream,5400,4,975,$0.01,78,23,https://www.zomato.com/pune/amul-ice-cream-1-satara-road/order,Pune,Maharashtra,India,Ice Cream
6000,amma hotel,12100,4,4499,$0.11,4,22,https://www.zomato.com/chennai/amma-restaurant-t-nagar,Chennai,Tamil Nadu,India,Restaurant
6001,akshatha nati style,9900,4,4499,$0.10,5,21,https://www.zomato.com/bangalore/akshatha-nati-style-brookefield-bangalore,Bangalore,Karnataka,India,Unknown
6002,acai bowl,9900,4,2397,$1.01,1,31,https://www.zomato.com/ncr/acai-bowl-jasola-new-delhi/order,Unknown,Unknown,Unknown,Unknown
6003,159,14800,54,31,$0,1,20,https://www.zomato.com/bangalore/biryani-159-kalyan-nagar-bangalore,Bangalore,Karnataka,India,Unknown
6004,mehfil restaurant near me,14800,5,2397,$0.21,12,13,https://www.zomato.com/hyderabad/mehfil-restaurant-chandrayanagutta,Hyderabad,Telangana,India,Restaurant
6005,masaledaar desi rasoi vadapalani,8100,4,2397,$0.06,1,19,https://www.zomato.com/chennai/restaurants/masaledaar-desi-rasoi,Chennai,Tamil Nadu,India,Restaurant
6006,maps indore,14800,43,31,$0.01,1,25,https://www.zomato.com/deliver-food/,Unknown,Unknown,Unknown,Unknown
6007,manna mess,9900,16,167,$0.04,1,32,https://www.zomato.com/kotagiri/manna-mess-kotagiri-locality/order,Unknown,Unknown,Unknown,Unknown
6008,maa ki rasoi,14800,4,4499,$0.05,2,21,https://www.zomato.com/hi/indore/maa-ki-rasoi-sudama-nagar,Indore,Madhya Pradesh,India,Unknown
6009,kwality restaurant,14800,5,2397,$0.12,2,23,https://www.zomato.com/ncr/kwality-connaught-place-new-delhi,Unknown,Unknown,Unknown,Unknown
6010,koramangala 8th block,14800,6,1440,$0.43,6,19,https://www.zomato.com/bangalore/koramangala-8th-block-restaurants,Bangalore,Karnataka,India,Restaurant
6011,khan market eateries,14800,5,2397,$0.01,1,23,https://www.zomato.com/ncr/restaurants/in/khan-market,Unknown,Unknown,Unknown,Restaurant
6012,kfc menu with price,12100,11,378,$0.14,1,9,https://www.zomato.com/pune/kfc-jm-road/order,Pune,Maharashtra,India,Unknown
6013,kanha sweet,12100,7,1440,$0.24,2,21,https://www.zomato.com/jaipur/kanha-malviya-nagar,Jaipur,Rajasthan,India,Unknown
6014,kadri cafe,12100,4,2397,$0.75,3,29,https://www.zomato.com/mangalore/kadri-cafe-1-kadri,Unknown,Unknown,Unknown,Cafe
6015,k r bakers,12100,13,378,$0.15,1,22,https://www.zomato.com/kochi/k-r-bakes-1-kalamassery/order,Kochi,Kerala,India,Unknown
6016,yo tibet,9900,3,4499,$0.39,5,19,https://www.zomato.com/ncr/yo-tibet-safdarjung-new-delhi,Unknown,Unknown,Unknown,Unknown
6017,venu biriyani hotel dindigul,12100,8,975,$0,1,21,https://www.zomato.com/coimbatore/dindigul-venu-biryani-gandhipuram,Unknown,Unknown,Unknown,Unknown
6018,veg thali restaurants near me,12100,6,1440,$0.18,11,12,https://www.zomato.com/ambikapur/delivery/dish-veg-thali,Unknown,Unknown,Unknown,Unknown
6019,underdoggs hebbal,9900,3,4499,$0.25,9,22,https://www.zomato.com/bangalore/underdoggs-hebbal-sahakara-nagar-bangalore,Bangalore,Karnataka,India,Unknown
6020,truffles whitefield,8100,4,2397,$0.30,5,23,https://www.zomato.com/bangalore/truffles-mahadevapura-bangalore,Bangalore,Karnataka,India,Unknown
6021,top restaurants surat,14800,6,1440,$0.02,1,23,https://www.zomato.com/surat/dine-out,Surat,Gujarat,India,Unknown
6022,the green door,9900,4,4499,$0.13,3,41,https://www.zomato.com/mumbai/the-green-door-1-goregaon-west,Mumbai,Maharashtra,India,Unknown
6023,teahouse,12100,10,694,$0.22,3,36,https://www.zomato.com/teahouse,Unknown,Unknown,Unknown,Unknown
6024,tea villa cafe jayanagar,14800,1,4499,$0.04,4,11,https://www.zomato.com/bangalore/tea-villa-cafe-jayanagar-bangalore,Bangalore,Karnataka,India,Cafe
6025,solitaire mumbai hotel,12100,8,694,$0.27,24,19,https://www.zomato.com/mumbai/solitaire-kitchen-bar-hotel-solitaire-near-andheri-east-station,Mumbai,Maharashtra,India,Bar
6026,sign laban kochi,12100,9,975,$0.01,1,31,https://www.zomato.com/kochi/real-laban-kacherippady/order,Kochi,Kerala,India,Unknown
6027,shiv sagar hotel,14800,7,1440,$0.09,2,20,https://www.zomato.com/mumbai/hotel-shiv-sagar-worli,Mumbai,Maharashtra,India,Hotel
6028,saki vihar road,12100,8,500,$0.09,12,19,https://www.zomato.com/mumbai/saki-vihar-road-saki-vihar-restaurants,Mumbai,Maharashtra,India,Restaurant
6029,sahar road,14800,7,694,$0.07,5,21,https://www.zomato.com/mumbai/sahar-road-andheri-east-restaurants,Mumbai,Maharashtra,India,Restaurant
6030,rudraksh resort,14800,19,63,$0.09,8,25,https://www.zomato.com/ujjain/rudraksh-club-and-resorts-pawapuri-colony,Unknown,Unknown,Unknown,Unknown
6031,restaurants in khan market delhi,14800,5,2397,$0.01,1,22,https://www.zomato.com/ncr/restaurants/in/khan-market,Unknown,Unknown,Unknown,Restaurant
6032,naks,14800,65,31,$0.89,1,24,https://www.zomato.com/hyderabad/naks-kitchen-nallakunta/photos,Hyderabad,Telangana,India,Unknown
6033,metro walk delhi,14800,12,378,$0.01,1,21,https://www.zomato.com/ncr/restaurants/in/metro-walk-mall-rohini,Unknown,Unknown,Unknown,Restaurant
6034,merriment party plot,12100,4,975,$0,9,22,https://www.zomato.com/ahmedabad/merriment-party-plot-sarkhej,Ahmedabad,Gujarat,India,Unknown
6035,mayur pan house hyderabad,9900,3,4499,$0.27,6,20,https://www.zomato.com/hyderabad/mayur-pan-house-abids,Hyderabad,Telangana,India,Unknown
6036,mango trees restaurant,14800,6,2397,$0.06,1,21,https://www.zomato.com/hyderabad/the-mango-tree-cafe-gachibowli,Hyderabad,Telangana,India,Cafe
6037,mama miso,12100,4,2397,$0.17,3,23,https://www.zomato.com/goa/mama-miso-elevated-asian-majorda,Goa,Goa,India,Unknown
6038,le petit four sunset,14800,32,31,$0.12,3,28,https://www.zomato.com/puducherry/le-petit-four-heritage-town,Unknown,Unknown,Unknown,Unknown
6039,kavali place,14800,24,63,$0.03,1,20,https://www.zomato.com/kavali,Unknown,Unknown,Unknown,Unknown
6040,sandesh the prince hotel,14800,9,291,$0.24,32,22,https://www.zomato.com/mysore/sandesh-the-prince-doora,Unknown,Unknown,Unknown,Unknown
6041,samosa party,12100,9,975,$0.38,2,22,https://www.zomato.com/bangalore/restaurants/samosa-party,Bangalore,Karnataka,India,Restaurant
6042,royal china bandra,12100,3,4499,$0.31,4,19,https://www.zomato.com/mumbai/royal-china-hill-road-bandra-west,Mumbai,Maharashtra,India,Unknown
6043,reset by plan b sector 42,12100,3,4499,$0.17,5,23,https://www.zomato.com/ncr/reset-by-plan-b-sector-43,Unknown,Unknown,Unknown,Unknown
6044,pvr vikaspuri,14800,10,222,$0.04,3,23,https://www.zomato.com/ncr/restaurants/in/pvr-vikaspuri,Unknown,Unknown,Unknown,Restaurant
6045,pista house secunderabad,9900,4,4499,$0.11,9,19,https://www.zomato.com/hyderabad/pista-house-sd-road-secunderabad,Hyderabad,Telangana,India,Unknown
6046,pco new delhi,12100,3,4499,$0.08,2,29,https://www.zomato.com/ncr/pco-vasant-vihar-new-delhi,Unknown,Unknown,Unknown,Unknown
6047,park plaza chennai omr,18100,20,63,$0.35,19,16,https://www.zomato.com/chennai/restaurants/in/park-plaza-omr-thuraipakkam,Chennai,Tamil Nadu,India,Restaurant
6048,north indian food near me,14800,2,4499,$0.05,14,45,https://www.zomato.com/bangalore/restaurants/north-indian,Bangalore,Karnataka,India,Restaurant
6049,new punjabi dhaba hsr,14800,1,4499,$0.11,1,21,https://www.zomato.com/bangalore/punjabi-dhaba-hsr-bangalore,Bangalore,Karnataka,India,Unknown
6050,fort road,14800,51,31,$0.16,3,37,https://www.zomato.com/jaipur/fort-palms-1-vaishali-nagar,Jaipur,Rajasthan,India,Unknown
6051,food home delivery near me,14800,8,975,$0.23,16,14,https://www.zomato.com/,Unknown,Unknown,Unknown,Unknown
6052,famous food in new delhi,12100,20,87,$0.13,1,33,https://www.zomato.com/ncr,Unknown,Unknown,Unknown,Unknown
6053,delhi subhash nagar,14800,33,31,$0.14,2,20,https://www.zomato.com/ncr/subhash-nagar-delhi-restaurants,Unknown,Unknown,Unknown,Restaurant
6054,city plaza,12100,9,694,$0.30,3,37,https://www.zomato.com/pune/city-plaza-parvati,Pune,Maharashtra,India,Unknown
6055,krishna grand,14800,5,2397,$0.49,3,19,https://www.zomato.com/bangalore/the-krishna-grand-banashankari-bangalore,Bangalore,Karnataka,India,Unknown
6056,kittysu mumbai,14800,14,222,$0.12,2,28,https://www.zomato.com/KittySuMumbai,Unknown,Unknown,Unknown,Unknown
6057,kitchen sutra,14800,5,1440,$0.13,1,21,https://www.zomato.com/kolkata/kitchen-sutra-chandannagar,Kolkata,West Bengal,India,Unknown
6058,king fisher price,18100,26,35,$0.05,1,19,https://www.zomato.com/bangalore/restaurants/dish-kingfisher-beer,Bangalore,Karnataka,India,Restaurant
6059,kazan japanese ramen,9900,3,4499,$0.35,8,22,https://www.zomato.com/bangalore/kazan-japanese-ramen-church-street-bangalore,Bangalore,Karnataka,India,Unknown
6060,indian sweets house,14800,8,1440,$0.23,3,22,https://www.zomato.com/bangalore/india-sweet-house-vijay-nagar-bangalore,Bangalore,Karnataka,India,Unknown
6061,indian sweet house,14800,9,975,$0.08,6,20,https://www.zomato.com/bangalore/india-sweet-house-yelahanka-bangalore,Bangalore,Karnataka,India,Unknown
6062,india rice bowl,14800,16,291,$0,1,21,https://www.zomato.com/hyderabad/rice-bowl-of-india-madhapur,Hyderabad,Telangana,India,Unknown
6063,hyderabad central hyderabad,14800,9,291,$0.24,4,25,https://www.zomato.com/hyderabad/restaurants/in/hyderabad-central-mall-panjagutta,Hyderabad,Telangana,India,Restaurant
6064,house of mg hotel ahmedabad,12100,13,222,$0.42,23,40,https://www.zomato.com/ahmedabad/agashiye-the-house-of-mg-lal-darwaja,Ahmedabad,Gujarat,India,Unknown
6065,hotel travancore court cochin,18100,61,31,$0.51,33,18,https://www.zomato.com/kochi/feast-travancore-court-pallimukku/menu,Kochi,Kerala,India,Unknown
6066,hotel sandesh the prince,8100,10,222,$0.42,26,21,https://www.zomato.com/mysore/sandesh-the-prince-doora,Unknown,Unknown,Unknown,Unknown
6067,hotel paramount,12100,3,2397,$0.23,3,27,https://www.zomato.com/chennai/hotel-paramount-kilpauk,Chennai,Tamil Nadu,India,Hotel
6068,hotel dukes retreat lonavala,14800,26,34,$0.55,66,22,https://www.zomato.com/pune/restaurants/in/the-dukes-retreat,Pune,Maharashtra,India,Restaurant
6069,hotel annamalai international,14800,7,500,$0.15,43,30,https://www.zomato.com/puducherry/the-haveli-hotel-annamalai-international-heritage-town,Unknown,Unknown,Unknown,Hotel
6070,holiday resort hotel puri,14800,38,31,$0.17,61,22,https://www.zomato.com/puri/holiday-resort-penthakata/menu,Unknown,Unknown,Unknown,Unknown
6071,gung the palace green park,12100,3,4499,$0.16,5,19,https://www.zomato.com/ncr/gung-the-palace-green-park-new-delhi,Unknown,Unknown,Unknown,Unknown
6072,guerilla diner,14800,5,1440,$0.18,3,31,https://www.zomato.com/bangalore/guerilla-diner-ulsoor-bangalore,Bangalore,Karnataka,India,Unknown
6073,grand mercure goa candolim,12100,8,378,$0.22,13,20,https://www.zomato.com/goa/mello-grand-mercure-goa-candolim,Goa,Goa,India,Unknown
6074,black pearl barbeque restaurant,12100,3,4499,$0.68,7,23,https://www.zomato.com/bangalore/the-black-pearl-kadubeesanahalli-bangalore,Bangalore,Karnataka,India,Unknown
6075,best restaurant gurgaon,14800,6,1440,$0.08,12,25,https://www.zomato.com/ncr/gurgaon-restaurants/casual-dining,Unknown,Unknown,Unknown,Restaurant
6076,arya niwas jaipur,14800,7,500,$0.18,16,22,https://www.zomato.com/jaipur/hotel-arya-niwas-sansar-chandra-road,Jaipur,Rajasthan,India,Hotel
6077,al jawahar restaurant,12100,5,4499,$0,3,17,https://www.zomato.com/ncr/al-jawahar-jama-masjid-new-delhi,Unknown,Unknown,Unknown,Unknown
6078,a1 chips,14800,9,694,$0.11,34,33,https://www.zomato.com/bangalore/a1-chips-since-1970-jayanagar-bangalore/order,Bangalore,Karnataka,India,Unknown
6079,7th street,14800,9,378,$0.13,4,30,https://www.zomato.com/jammu/the-7th-street-transport-nagar,Unknown,Unknown,Unknown,Unknown
6080,56 bhog,12100,8,975,$0,1,22,https://www.zomato.com/ncr/chhappan-bhog-shalimar-bagh-new-delhi,Unknown,Unknown,Unknown,Unknown
6081,1oak,12100,2,2397,$0.55,7,27,https://www.zomato.com/ncr/1-oak-cafe-bar-defence-colony-new-delhi,Unknown,Unknown,Unknown,Cafe
6082,copper kitchen coimbatore,12100,1,4499,$0.04,2,32,https://www.zomato.com/coimbatore/copper-kitchen-sitra,Unknown,Unknown,Unknown,Unknown
6083,coffee shop juhu,14800,5,2397,$0.02,3,23,https://www.zomato.com/mumbai/restaurants/cafes?landmark_id=439,Mumbai,Maharashtra,India,Restaurant
6084,chiyang kochi,12100,5,2397,$0.08,2,21,https://www.zomato.com/kochi/chiyang-kacherippady,Kochi,Kerala,India,Unknown
6085,chick fil a,14800,13,167,$0,1,17,https://www.zomato.com/ncr/chic-fil-a-1-mukherjee-nagar-new-delhi,Unknown,Unknown,Unknown,Unknown
6086,café hideout,12100,5,2397,$0.06,3,23,https://www.zomato.com/patna/cafe-hideout-khajpura,Patna,Bihar,India,Cafe
6087,cafes in juhu,14800,5,2397,$0.03,3,21,https://www.zomato.com/mumbai/juhu-restaurants/caf%C3%A9,Mumbai,Maharashtra,India,Restaurant
6088,cafe raipur,12100,5,2397,$0.08,1,24,https://www.zomato.com/raipur/caf%C3%A9,Unknown,Unknown,Unknown,Unknown
6089,cafe juhu,14800,6,2397,$0.02,3,23,https://www.zomato.com/mumbai/restaurants/cafes?landmark_id=439,Mumbai,Maharashtra,India,Restaurant
6090,cafe in raipur,12100,8,1440,$0,1,23,https://www.zomato.com/raipur/caf%C3%A9,Unknown,Unknown,Unknown,Unknown
6091,cafe athyeka,14800,4,4499,$0,3,23,https://www.zomato.com/ncr/cafe-athyeka-sector-144-noida,Unknown,Unknown,Unknown,Cafe
6092,burger king pic,14800,7,694,$0.02,1,31,https://www.zomato.com/ncr/burger-king-connaught-place-new-delhi/photos,Unknown,Unknown,Unknown,Unknown
6093,burger farm near me,12100,7,1440,$0.03,2,19,https://www.zomato.com/ahmedabad/restaurants/burger-farm?landmark_id=733&category=2,Ahmedabad,Gujarat,India,Restaurant
6094,apsara ice cream near me,12100,8,1440,$0.16,4,10,https://www.zomato.com/mumbai/restaurants/apsara-ice-creams,Mumbai,Maharashtra,India,Restaurant
6095,yuvraj hotel vadodara,14800,3,2397,$0.20,7,20,https://www.zomato.com/vadodara/hotel-yuvraj-sayajigunj,Unknown,Unknown,Unknown,Hotel
6096,yogi executive hotel navi mumbai,14800,30,31,$0.29,32,20,https://www.zomato.com/mumbai/the-roof-top-yogi-executive-vashi-navi-mumbai,Mumbai,Maharashtra,India,Unknown
6097,udaipur best restaurants,18100,5,2397,$0.20,20,25,https://www.zomato.com/udaipur/restaurants?category=2,Unknown,Unknown,Unknown,Restaurant
6098,tulip chowk,18100,17,82,$0.39,12,17,https://www.zomato.com/ncr/2-states-1-sector-69-gurgaon,Unknown,Unknown,Unknown,Unknown
6099,traffic jam,14800,23,48,$0,1,22,https://www.zomato.com/bangalore/traffic-jam-nagawara,Bangalore,Karnataka,India,Unknown
6100,zaitoon restaurant tambaram,9900,3,4499,$0.11,4,21,https://www.zomato.com/chennai/zaitoon-restaurant-grill-selaiyur,Chennai,Tamil Nadu,India,Restaurant
6101,the daily all day pune,14800,3,4499,$0.09,2,21,https://www.zomato.com/pune/the-daily-all-day-1-koregaon-park,Pune,Maharashtra,India,Unknown
6102,the brew estate,12100,6,1440,$0.15,6,42,https://www.zomato.com/chandigarh/the-brew-estate-sector-26,Chandigarh,Chandigarh,India,Unknown
6103,sujata mastani sadashiv peth,14800,1,4499,$0.53,3,18,https://www.zomato.com/pune/sujata-mastani-sadashiv-peth,Pune,Maharashtra,India,Unknown
6104,soft ice cream,14800,15,222,$0.09,1,18,https://www.zomato.com/chennai/soft-serve-co-alwarpet,Chennai,Tamil Nadu,India,Unknown
6105,skydeck rooftop restaurant,14800,5,2397,$0.15,2,19,https://www.zomato.com/pune/sky-deck-chinchwad,Pune,Maharashtra,India,Unknown
6106,sindhu bhavan,12100,37,31,$0.07,4,21,https://www.zomato.com/ahmedabad/balan-dosa-1-bodakdev,Ahmedabad,Gujarat,India,Unknown
6107,shiv niwas palace hotel udaipur,12100,39,31,$0.22,27,25,https://www.zomato.com/udaipur/palki-khana-by-shiv-niwas-palace-chandpole/menu,Unknown,Unknown,Unknown,Unknown
6108,sector 98 noida,14800,9,694,$0.25,6,17,https://www.zomato.com/ncr/sector-98-restaurants,Unknown,Unknown,Unknown,Restaurant
6109,seafood food restaurant,14800,6,2397,$0.05,3,41,https://www.zomato.com/goa/seafood,Goa,Goa,India,Unknown
6110,scorpio club & resort in lucknow,12100,20,63,$0.05,17,14,https://www.zomato.com/lucknow/scorpio-club-aliganj,Lucknow,Uttar Pradesh,India,Unknown
6111,restaurants noida,14800,5,2397,$0.12,8,25,https://www.zomato.com/ncr/noida-restaurants,Unknown,Unknown,Unknown,Restaurant
6112,titos lane,14800,10,500,$0.26,1,23,https://www.zomato.com/goa/titos-restaurant-baga,Goa,Goa,India,Restaurant
6113,oia bangalore menu,18100,1,4499,$0.18,2,19,https://www.zomato.com/bangalore/oia-3-hennur-bangalore/menu,Bangalore,Karnataka,India,Unknown
6114,noida sector 80,14800,18,87,$0.16,2,18,https://www.zomato.com/ncr/sector-80-restaurants,Unknown,Unknown,Unknown,Restaurant
6115,nearby mandi restaurants,12100,4,4499,$0.04,6,23,https://www.zomato.com/mandi-restaurants-near-me,Unknown,Unknown,Unknown,Restaurant
6116,near veg hotel,12100,6,1440,$0.10,7,19,https://www.zomato.com/restaurants-near-me,Unknown,Unknown,Unknown,Restaurant
6117,near me bars,14800,5,4499,$0.15,9,22,https://www.zomato.com/bars-near-me,Unknown,Unknown,Unknown,Bar
6118,menu for pizza hut restaurant,18100,9,975,$0.13,1,40,https://www.zomato.com/hyderabad/pizza-hut-1-himayath-nagar/order,Hyderabad,Telangana,India,Pizza
6119,meharchand market delhi,8100,2,4499,$0,1,20,https://www.zomato.com/ncr/restaurants/in/meharchand-market-lodhi-colony,Unknown,Unknown,Unknown,Restaurant
6120,mayura bakery,12100,7,2397,$0.12,4,22,https://www.zomato.com/tirupati/mayura-bakery-since-1991-tata-nagar/order,Unknown,Unknown,Unknown,Bakery
6121,mandi story,9900,6,1440,$0.48,2,33,https://www.zomato.com/mangalore/mandi-stories-hampankatta,Unknown,Unknown,Unknown,Unknown
6122,madhur milan,9900,21,48,$0.17,1,29,https://www.zomato.com/kolkata/madhur-milan-bara-bazar/menu,Kolkata,West Bengal,India,Bar
6123,royal biryani,14800,5,2397,$0.42,1,23,https://www.zomato.com/chennai/the-royals-biryani-perungudi,Chennai,Tamil Nadu,India,Unknown
6124,restaurant kochi,12100,5,2397,$0,7,24,https://www.zomato.com/kochi/dine-out,Kochi,Kerala,India,Unknown
6125,resort hotels in jaipur,14800,68,31,$0.17,99,32,https://www.zomato.com/jaipur/pantheon-shakun-hotels-resorts-c-scheme,Jaipur,Rajasthan,India,Hotel
6126,ramnagar near me,14800,17,134,$0.03,1,19,https://www.zomato.com/ramnagar/restaurants,Unknown,Unknown,Unknown,Restaurant
6127,radio room,14800,5,1440,$0.15,2,46,https://www.zomato.com/chennai/radio-room-santhome,Chennai,Tamil Nadu,India,Unknown
6128,queen margherita pizzeria,12100,4,4499,$0.38,5,23,https://www.zomato.com/mumbai/queen-margheritas-pizzeria-malad-west,Mumbai,Maharashtra,India,Unknown
6129,qavalli aerocity,14800,4,2397,$0.09,2,16,https://www.zomato.com/ncr/qavalli-aerocity-new-delhi,Unknown,Unknown,Unknown,Unknown
6130,pizza point,12100,8,975,$0.15,1,22,https://www.zomato.com/jammu/pizza-point-nanak-nagar,Unknown,Unknown,Unknown,Pizza
6131,pictures of chicken biryani,12100,50,31,$0.52,1,30,https://www.zomato.com/bangalore/delivery,Bangalore,Karnataka,India,Unknown
6132,park st restaurants,18100,5,2397,$0.03,2,25,https://www.zomato.com/kolkata/park-street-area-restaurants,Kolkata,West Bengal,India,Restaurant
6133,paan shop,14800,6,4499,$0,1,23,https://www.zomato.com/paan-shop-near-me,Unknown,Unknown,Unknown,Unknown
6134,oudh 1590,12100,6,2397,$0.37,1,22,https://www.zomato.com/kolkata/oudh-1590-desapriya-park,Kolkata,West Bengal,India,Unknown
6135,hotel yuvraj vadodara,14800,2,4499,$0.12,6,19,https://www.zomato.com/vadodara/hotel-yuvraj-sayajigunj,Unknown,Unknown,Unknown,Hotel
6136,gurgaon good restaurants,14800,5,2397,$0.07,12,27,https://www.zomato.com/ncr/gurgaon-restaurants,Unknown,Unknown,Unknown,Restaurant
6137,gupta sandwich,12100,4,4499,$0.20,4,20,https://www.zomato.com/mumbai/gupta-sandwich-4-vashi-navi-mumbai,Mumbai,Maharashtra,India,Unknown
6138,grand tamanna hotel,14800,5,1440,$0.12,26,25,https://www.zomato.com/pune/around-the-world-grand-tamanna-hotel-hinjawadi,Pune,Maharashtra,India,Hotel
6139,goa india nightlife,14800,21,75,$0.13,6,34,https://www.zomato.com/goa/best-drinks-and-nightlife-restaurants?night-clubs=1,Goa,Goa,India,Restaurant
6140,ganesh mart,14800,12,378,$0.03,1,19,https://www.zomato.com/nashik/ganesh-sweet-mart-college-road,Unknown,Unknown,Unknown,Unknown
6141,kwality restaurants,14800,5,2397,$0.10,2,24,https://www.zomato.com/ncr/kwality-connaught-place-new-delhi,Unknown,Unknown,Unknown,Unknown
6142,krishna dairy,9900,12,291,$0.33,5,20,https://www.zomato.com/ncr/krishna-dairy-sweets-shahdara-new-delhi,Unknown,Unknown,Unknown,Unknown
6143,kfc prices and menu,14800,6,975,$0.23,1,22,https://www.zomato.com/pune/kfc-jm-road/order,Pune,Maharashtra,India,Unknown
6144,karnataka bhavan delhi,1600,4,2397,$0.85,1,14,https://www.zomato.com/ncr/karnataka-bhavan-chanakyapuri-new-delhi,Unknown,Unknown,Unknown,Unknown
6145,jewels of nizam gandipet,140,3,4499,$0.41,3,6,https://www.zomato.com/hyderabad/jewel-of-nizam-the-minar-the-golkonda-resort-gandipet,Hyderabad,Telangana,India,Unknown
6146,hyderabadi biryani near me,14800,6,2397,$0.25,9,12,https://www.zomato.com/bangalore/restaurants/hyderabadi,Bangalore,Karnataka,India,Restaurant
6147,hotel durga,14800,6,2397,$0.11,3,23,https://www.zomato.com/pune/hotel-durga-1-kothrud,Pune,Maharashtra,India,Hotel
6148,dhaba bollywood,14800,3,4499,$0.08,1,19,https://www.zomato.com/sonipat/dhaba-bollywood-sonipat-locality,Unknown,Unknown,Unknown,Unknown
6149,cooke town bangalore,14800,30,31,$0.34,6,19,https://www.zomato.com/bangalore/dine-out-in-cooke-town,Bangalore,Karnataka,India,Unknown
6150,coffee shop jaipur,14800,4,4499,$0.31,10,21,https://www.zomato.com/jaipur/coffee,Jaipur,Rajasthan,India,Coffee
6151,city heart,14800,16,134,$0.11,3,20,https://www.zomato.com/patiala/city-heart-hotel-restaurant-nabha,Unknown,Unknown,Unknown,Restaurant
6152,city bakery,12100,4,4499,$0.22,3,39,https://www.zomato.com/mumbai/city-bakery-worli,Mumbai,Maharashtra,India,Bakery
6153,church street restaurants,14800,4,4499,$0,2,18,https://www.zomato.com/bangalore/church-street-restaurants,Bangalore,Karnataka,India,Restaurant
6154,chennai le palace porur,14800,50,31,$0.24,10,19,https://www.zomato.com/chennai/campari-bar-porur,Chennai,Tamil Nadu,India,Bar
6155,chennai le palace,14800,66,31,$0.12,11,21,https://www.zomato.com/chennai/restaurants/in/the-leela-palace-chennai,Chennai,Tamil Nadu,India,Restaurant
6156,chaitanya paratha pune,14800,4,4499,$0.11,4,22,https://www.zomato.com/pune/chaitanya-paranthas-fc-road,Pune,Maharashtra,India,Unknown
6157,central hyderabad,14800,16,87,$0.24,4,20,https://www.zomato.com/hyderabad/restaurants/in/hyderabad-central-mall-panjagutta,Hyderabad,Telangana,India,Restaurant
6158,cappuccino blast mall avenue,22200,4,2397,$0,6,13,https://www.zomato.com/lucknow/cappuccino-blast-hazratganj,Lucknow,Uttar Pradesh,India,Unknown
6159,capella bakery,14800,4,2397,$0.18,2,22,https://www.zomato.com/mangalore/capella-patisserie-kadri,Unknown,Unknown,Unknown,Unknown
6160,cafe uncover,14800,3,4499,$0.02,3,23,https://www.zomato.com/ncr/cafe-uncover-sector-12-dwarka-new-delhi,Unknown,Unknown,Unknown,Cafe
6161,cafe at park street,14800,4,4499,$0.02,2,23,https://www.zomato.com/kolkata/park-street-area-restaurants/caf%C3%A9,Kolkata,West Bengal,India,Restaurant
6162,best sweet shop near me,12100,4,4499,$0.32,13,12,https://www.zomato.com/sweet-shops-near-me,Unknown,Unknown,Unknown,Sweet Shop
6163,foodies vegan,14800,21,63,$0.39,2,20,https://www.zomato.com/hyderabad/foodies-l-b-nagar,Hyderabad,Telangana,India,Unknown
6164,family pack ice cream,14800,4,4499,$0.23,96,38,https://www.zomato.com/pune/amul-ice-cream-parlour-dhayari/order,Pune,Maharashtra,India,Ice Cream
6165,eurasia indore,12100,3,4499,$0.17,1,32,https://www.zomato.com/indore/eurasia-by-pass-road-north,Indore,Madhya Pradesh,India,Unknown
6166,episode one powai,14800,1,4499,$0.18,1,21,https://www.zomato.com/mumbai/episode-one-powai,Mumbai,Maharashtra,India,Unknown
6167,dreams garden,14800,12,378,$0,2,23,https://www.zomato.com/kolkata/garden-of-dreams-2-ballygunge,Kolkata,West Bengal,India,Unknown
6168,domino's pizza menu,22200,9,975,$0.19,1,20,https://www.zomato.com/ncr/dominos-pizza-new-friends-colony-new-delhi/order,Unknown,Unknown,Unknown,Pizza
6169,delhi famous food,14800,27,63,$0.05,1,15,https://www.zomato.com/ncr,Unknown,Unknown,Unknown,Unknown
6170,cafe hideout,12100,4,4499,$0.30,8,20,https://www.zomato.com/patna/cafe-hideout-khajpura,Patna,Bihar,India,Cafe
6171,bowl of rice in india,18100,11,378,$0,1,10,https://www.zomato.com/hyderabad/rice-bowl-of-india-madhapur,Hyderabad,Telangana,India,Unknown
6172,bihar bhawan in delhi,14800,4,1440,$0.12,2,19,https://www.zomato.com/ncr/bihar-bhawan-canteen-chanakyapuri-new-delhi,Unknown,Unknown,Unknown,Unknown
6173,best mandi near me,12100,5,4499,$0.03,7,39,https://www.zomato.com/mandi-restaurants-near-me,Unknown,Unknown,Unknown,Restaurant
6174,bel posto the cafe,9900,3,4499,$0.35,9,23,https://www.zomato.com/hyderabad/bel-posto-the-cafe-1-jubilee-hills,Hyderabad,Telangana,India,Cafe
6175,balaji banquet kandivali,12100,25,32,$0.12,5,17,https://www.zomato.com/mumbai/shree-balaji-foods-lunch-home-kandivali-east,Mumbai,Maharashtra,India,Unknown
6176,aurum brew works,14800,3,1440,$0.39,5,19,https://www.zomato.com/bangalore/aurum-brew-works-sarjapur-road-bangalore,Bangalore,Karnataka,India,Unknown
6177,amro cafe,14800,3,4499,$0.05,3,21,https://www.zomato.com/hyderabad/amro-cafe-gachibowli,Hyderabad,Telangana,India,Cafe
6178,add a restaurant zomato,4400,1,4499,$0.25,2,30,https://www.zomato.com/addres.php,Unknown,Unknown,Unknown,Unknown
6179,yeti the himalayan kitchen connaught place,14800,3,4499,$0.22,3,20,https://www.zomato.com/ncr/yeti-the-himalayan-kitchen-connaught-place-new-delhi,Unknown,Unknown,Unknown,Unknown
6180,ruchi restaurant,12100,5,2397,$0.09,1,21,https://www.zomato.com/bharatpur/ruchi-restaurant-bharatpur-locality/order,Unknown,Unknown,Unknown,Restaurant
6181,rice bowl of india,18100,9,500,$0,1,10,https://www.zomato.com/hyderabad/rice-bowl-of-india-madhapur,Hyderabad,Telangana,India,Unknown
6182,ribbons and balloons near me,14800,5,2397,$0.19,11,13,https://www.zomato.com/mumbai/ribbons-and-balloons-the-cake-shop-thane-east-thane,Mumbai,Maharashtra,India,Unknown
6183,restaurants in tvm,14800,8,1440,$0.05,2,26,https://www.zomato.com/trivandrum,Unknown,Unknown,Unknown,Unknown
6184,restaurants in trivandrum,12100,7,975,$0.24,2,17,https://www.zomato.com/trivandrum,Unknown,Unknown,Unknown,Unknown
6185,pco bar,9900,3,4499,$0.32,4,36,https://www.zomato.com/ncr/pco-vasant-vihar-new-delhi,Unknown,Unknown,Unknown,Unknown
6186,pawan nagar,12100,58,31,$0.26,9,31,https://www.zomato.com/jaipur/pawana-rajasthani-vyanjan-adarsh-nagar/reviews,Jaipur,Rajasthan,India,Unknown
6187,onam sadhya near me,14800,13,222,$0,4,11,https://www.zomato.com/trivandrum/sadhya-catering-sreekariyam/order,Unknown,Unknown,Unknown,Unknown
6188,nonna's,18100,10,500,$0,1,35,https://www.zomato.com/ncr/si-nonnas-the-original-sourdough-pizza-saket-new-delhi,Unknown,Unknown,Unknown,Pizza
6189,noida sector 104,14800,4,2397,$0.21,3,19,https://www.zomato.com/ncr/sector-104-restaurants,Unknown,Unknown,Unknown,Restaurant
6190,near by cafe near me,14800,4,4499,$0.05,25,24,https://www.zomato.com/cafes-near-me,Unknown,Unknown,Unknown,Cafe
6191,navjivan restaurant,9900,5,2397,$0.06,3,19,https://www.zomato.com/ahmedabad/navjivan-restaurant-paldi,Ahmedabad,Gujarat,India,Restaurant
6192,mumbai coffee shops,14800,5,2397,$0.11,5,31,https://www.zomato.com/mumbai/coffee,Mumbai,Maharashtra,India,Coffee
6193,mr tea,14800,5,2397,$0.16,2,19,https://www.zomato.com/bangalore/mr-tea-1-btm-bangalore,Bangalore,Karnataka,India,Unknown
6194,masaledaar desi rasoi egmore,6600,3,4499,$0.25,1,19,https://www.zomato.com/chennai/masaledaar-desi-rasoi-egmore,Chennai,Tamil Nadu,India,Unknown
6195,mangroove taproom & kitchen,9900,3,4499,$0.20,9,22,https://www.zomato.com/bangalore/mangroove-taproom-and-kitchen-bommanahalli-bangalore,Bangalore,Karnataka,India,Unknown
6196,madhya pradesh bhawan delhi,14800,18,87,$0,2,10,https://www.zomato.com/ncr/m-p-canteen-india-gate-new-delhi,Unknown,Unknown,Unknown,Unknown
6197,krs bakery,14800,6,1440,$0.23,1,19,https://www.zomato.com/coimbatore/kovai-k-r-s-bakery-rs-puram,Unknown,Unknown,Unknown,Bakery
6198,khaira punjabi dhaba,12100,5,2397,$0.04,1,20,https://www.zomato.com/najibabad/khaira-punjabi-dhaba-adarsh-nagar-,Unknown,Unknown,Unknown,Unknown
6199,imperial hotel janpath delhi,14800,3,2397,$0.51,55,44,https://www.zomato.com/ncr/restaurants/in/the-imperial-new-delhi-janpath,Unknown,Unknown,Unknown,Restaurant
6200,hotel pushpak,14800,8,500,$0.14,33,32,https://www.zomato.com/bhubaneswar/golden-bird-hotel-pushpak-bjb-nagar-bhubaneshwar,Unknown,Unknown,Unknown,Hotel
6201,hotel paras mahal udaipur,14800,31,31,$0.09,37,21,https://www.zomato.com/udaipur/deepawali-by-paras-mahal-city-centre/menu,Unknown,Unknown,Unknown,Unknown
6202,hotel itc dwarka delhi,14800,22,48,$0.54,61,35,https://www.zomato.com/ncr/restaurants/in/welcomhotel-dwarka-sector-10-dwarka,Unknown,Unknown,Unknown,Restaurant
6203,hotel greenland,14800,15,111,$0.34,1,23,https://www.zomato.com/bangalore/hotel-greenland-1-jayanagar-bangalore,Bangalore,Karnataka,India,Hotel
6204,hotel grand jbr,14800,19,75,$0.16,25,19,https://www.zomato.com/lucknow/melange-the-grand-jbr-gomti-nagar,Lucknow,Uttar Pradesh,India,Unknown
6205,heart cup restaurant,320,4,4499,$0.01,2,39,https://www.zomato.com/hyderabad/heart-cup-coffee-jubilee-hills,Hyderabad,Telangana,India,Coffee
6206,green field,14800,11,378,$0.49,3,23,https://www.zomato.com/mumbai/green-field-restaurant-mazgaon,Mumbai,Maharashtra,India,Restaurant
6207,go native hsr,12100,3,4499,$0.33,10,24,https://www.zomato.com/bangalore/go-native-hsr-bangalore,Bangalore,Karnataka,India,Unknown
6208,biryani restaurant,22200,5,2397,$0.21,2,25,https://www.zomato.com/biryani-restaurants-near-me,Unknown,Unknown,Unknown,Restaurant
6209,birch bhubaneswar,12100,3,4499,$0,1,31,https://www.zomato.com/bhubaneswar/birch-patia-bhubaneshwar,Unknown,Unknown,Unknown,Unknown
6210,beverage outlets,14800,88,31,$0,1,19,https://www.zomato.com/mumbai/restaurants,Mumbai,Maharashtra,India,Restaurant
6211,best cafes hyderabad,18100,4,4499,$0,5,20,https://www.zomato.com/hyderabad/great-cafes,Hyderabad,Telangana,India,Cafe
6212,bastian goa,12100,4,2397,$0.67,1,20,https://www.zomato.com/goa/bastian-riviera-morjim,Goa,Goa,India,Unknown
6213,arab restaurants,14800,6,2397,$0.03,3,29,https://www.zomato.com/hyderabad/restaurants/arabian,Hyderabad,Telangana,India,Restaurant
6214,al bake delhi,14800,4,4499,$0.18,2,20,https://www.zomato.com/ncr/al-bake-new-friends-colony-new-delhi,Unknown,Unknown,Unknown,Unknown
6215,15/22,12100,9,500,$0.03,1,21,https://www.zomato.com/bangalore/1522-the-pub-malleshwaram,Bangalore,Karnataka,India,Unknown
6216,chick fillet,14800,8,694,$0.25,1,28,https://www.zomato.com/ncr/chic-fil-a-1-mukherjee-nagar-new-delhi,Unknown,Unknown,Unknown,Unknown
6217,candies at bandra reclamation,12100,3,4499,$0.14,8,22,https://www.zomato.com/mumbai/candies-reclamation-bandra-west,Mumbai,Maharashtra,India,Unknown
6218,cafe paradise,12100,6,2397,$0.06,2,30,https://www.zomato.com/pune/paradise-cafe-mulshi,Pune,Maharashtra,India,Cafe
6219,cafe jaipur,14800,7,1440,$0.19,11,26,https://www.zomato.com/jaipur/great-cafes,Jaipur,Rajasthan,India,Cafe
6220,cafe heart cup coffee,390,5,4499,$0,5,7,https://www.zomato.com/hyderabad/heart-cup-coffee-jubilee-hills,Hyderabad,Telangana,India,Coffee
6221,restaurants at church street,14800,4,4499,$0.05,9,31,https://www.zomato.com/bangalore/church-street-restaurants,Bangalore,Karnataka,India,Restaurant
6222,reserve starbucks,12100,5,975,$0.28,3,38,https://www.zomato.com/ncr/starbucks-reserve-dlf-phase-5-gurgaon,Unknown,Unknown,Unknown,Unknown
6223,rang de basanti dhaba sector v salt lake,9900,3,4499,$0.11,3,21,https://www.zomato.com/kolkata/rang-de-basanti-dhaba-sector-5-salt-lake,Kolkata,West Bengal,India,Unknown
6224,rajmahal palace,14800,4,1440,$0.14,26,30,https://www.zomato.com/jaipur/the-collonnade-rajmahal-palace-c-scheme,Jaipur,Rajasthan,India,Unknown
6225,raj bhog sweet,14800,20,134,$0.04,4,19,https://www.zomato.com/jodhpur/rajbhog-sweets-1-chopasni-housing-board/order,Unknown,Unknown,Unknown,Unknown
6226,radisson blu marina,2900,11,291,$0.52,56,31,https://www.zomato.com/ncr/restaurants/in/radisson-blu-marina-hotel-connaught-place,Unknown,Unknown,Unknown,Restaurant
6227,pvr rk cineplex,14800,6,694,$0.05,5,19,https://www.zomato.com/hyderabad/restaurants/in/pvr-rk-cineplex-banjara-hills,Hyderabad,Telangana,India,Restaurant
6228,park street restaurants,18100,4,4499,$0,3,19,https://www.zomato.com/kolkata/park-street-area-restaurants,Kolkata,West Bengal,India,Restaurant
6229,waffle house,14800,7,1440,$0,1,23,https://www.zomato.com/hyderabad/waffle-house-hitech-city,Hyderabad,Telangana,India,Unknown
6230,vijaya mall,12100,13,167,$0.04,3,22,https://www.zomato.com/chennai/restaurants/in/forum-vijaya-mall-vadapalani,Chennai,Tamil Nadu,India,Restaurant
6231,vegas mall dwarka,12100,5,975,$0,1,17,https://www.zomato.com/ncr/restaurants/in/vegas-mall-dwarka,Unknown,Unknown,Unknown,Restaurant
6232,veg food,14800,9,975,$0.24,1,26,https://www.zomato.com/bangalore/restaurants/dish-veg-meals,Bangalore,Karnataka,India,Restaurant
6233,veg buffet near me,14800,2,4499,$0.19,13,13,https://www.zomato.com/hyderabad/best-buffet,Hyderabad,Telangana,India,Unknown
6234,utsav restaurants,14800,4,4499,$0.08,3,22,https://www.zomato.com/mumbai/utsav-restaurant-panch-pakhadi-thane-west-thane,Mumbai,Maharashtra,India,Restaurant
6235,tvm restaurant,12100,7,1440,$0.07,2,34,https://www.zomato.com/trivandrum,Unknown,Unknown,Unknown,Unknown
6236,good restaurants in udaipur,14800,4,4499,$0.10,21,23,https://www.zomato.com/udaipur/restaurants?category=2,Unknown,Unknown,Unknown,Restaurant
6237,four points by sheraton nashik,14800,17,82,$0.65,24,25,https://www.zomato.com/nashik/intermezzo-four-points-by-sheraton-indira-nagar,Unknown,Unknown,Unknown,Unknown
6238,fortune select exotica navi mumbai member itc hotels group,14800,18,75,$0.26,6,22,https://www.zomato.com/mumbai/zodiac-fortune-select-exotica-vashi-navi-mumbai,Mumbai,Maharashtra,India,Unknown
6239,ecil near me,14800,6,2397,$0.03,3,18,https://www.zomato.com/hyderabad/ecil-restaurants,Hyderabad,Telangana,India,Restaurant
6240,dmart lb nagar,14800,25,34,$0.23,6,19,https://www.zomato.com/deliver-food/,Unknown,Unknown,Unknown,Unknown
6241,dlf galleria,12100,6,975,$0.30,9,18,https://www.zomato.com/ncr/restaurants/in/galleria-market-dlf-phase-4,Unknown,Unknown,Unknown,Restaurant
6242,delhi popular food,14800,15,167,$0.07,1,32,https://www.zomato.com/ncr/restaurants,Unknown,Unknown,Unknown,Restaurant
6243,cream stone concepts,12100,5,2397,$0.81,3,24,https://www.zomato.com/hyderabad/cream-stone-ice-cream-jubilee-hills,Hyderabad,Telangana,India,Ice Cream
6244,courtyard marriott siliguri,12100,17,104,$0.51,30,35,https://www.zomato.com/siliguri/siliguri-kitchen-courtyard-by-marriott-hotel-pradhan-nagar,Unknown,Unknown,Unknown,Hotel
6245,club rogue gachibowli,9900,4,2397,$0.44,3,16,https://www.zomato.com/hyderabad/club-rogue-gachibowli,Hyderabad,Telangana,India,Unknown
6246,cholan mess,14800,6,2397,$0,9,25,https://www.zomato.com/chennai/cholan-mess-parrys,Chennai,Tamil Nadu,India,Unknown
6247,wille's pet paradise,18100,11,500,$0.17,6,21,https://www.zomato.com/bangalore/willes-resto-cafe-1-sarjapur-road-bangalore,Bangalore,Karnataka,India,Cafe
6248,the board room,18100,7,1440,$0.24,5,22,https://www.zomato.com/chennai/the-board-room-mylapore,Chennai,Tamil Nadu,India,Unknown
6249,the amaya resort,12100,9,378,$0.12,13,22,https://www.zomato.com/kolkata/the-amaya-resort-kona-exp-way-howrah,Kolkata,West Bengal,India,Unknown
6250,tasty restaurant,12100,4,4499,$0,3,22,https://www.zomato.com/surat/tasty-restaurant-2-adajan-gam,Surat,Gujarat,India,Restaurant
6251,tara ji,14800,20,87,$0,1,65,https://www.zomato.com/dehradun/tara-ji-restro-rajpur,Dehradun,Uttarakhand,India,Unknown
6252,street number 8,14800,7,975,$0.11,3,28,https://www.zomato.com/hyderabad/street-number-8-habsiguda-restaurants,Hyderabad,Telangana,India,Restaurant
6253,restaurant trivandrum,12100,7,1440,$0,2,22,https://www.zomato.com/trivandrum,Unknown,Unknown,Unknown,Unknown
6254,rajanna military hotel,9900,4,4499,$0.04,3,21,https://www.zomato.com/bangalore/rajanna-military-hotel-jayanagar,Bangalore,Karnataka,India,Hotel
6255,raj park hotel chennai,14800,10,291,$0.24,25,17,https://www.zomato.com/chennai/quintessence-hotel-raj-park-chennai-alwarpet,Chennai,Tamil Nadu,India,Hotel
6256,radisson blu marina hotel connaught place,14800,48,31,$0.33,40,22,https://www.zomato.com/ncr/fifty9-radisson-blu-marina-connaught-place-new-delhi,Unknown,Unknown,Unknown,Unknown
6257,pushpak hotel bhubaneswar,14800,8,500,$0.25,33,21,https://www.zomato.com/bhubaneswar/golden-bird-hotel-pushpak-bjb-nagar-bhubaneshwar,Unknown,Unknown,Unknown,Hotel
6258,polo victory,12100,19,87,$0.12,5,24,https://www.zomato.com/jaipur/restaurants/near/polo-victory-theatre?bar=1,Jaipur,Rajasthan,India,Restaurant
6259,places dwarka,14800,46,31,$0.52,6,21,https://www.zomato.com/ncr/dwarka-restaurants,Unknown,Unknown,Unknown,Restaurant
6260,pizza price,18100,10,378,$0.10,2,24,https://www.zomato.com/ncr/pizza-price-sector-49-noida/order,Unknown,Unknown,Unknown,Pizza
6261,photos of burger king,14800,7,500,$0,1,38,https://www.zomato.com/ncr/burger-king-connaught-place-new-delhi/photos,Unknown,Unknown,Unknown,Unknown
6262,pco bar delhi vasant vihar,14800,3,4499,$0.47,2,22,https://www.zomato.com/ncr/pco-vasant-vihar-new-delhi,Unknown,Unknown,Unknown,Unknown
6263,pco bar delhi,12100,3,4499,$0.19,4,28,https://www.zomato.com/ncr/pco-vasant-vihar-new-delhi,Unknown,Unknown,Unknown,Unknown
6264,old monk 750ml price in kolkata,12100,8,694,$0,1,15,https://www.zomato.com/kolkata/restaurants/dish-old-monk-rum,Kolkata,West Bengal,India,Restaurant
6265,the tuscan table,9900,4,2397,$0.26,7,24,https://www.zomato.com/chennai/the-tuscan-table-alwarpet,Chennai,Tamil Nadu,India,Unknown
6266,tamtara nagpur,6600,9,378,$0.27,3,31,https://www.zomato.com/dehradun/tamtara-rajpur,Dehradun,Uttarakhand,India,Unknown
6267,swiss castle,14800,8,694,$0.21,6,24,https://www.zomato.com/hyderabad/swiss-castle-banjara-hills,Hyderabad,Telangana,India,Unknown
6268,summer sand resort ullal,14800,26,34,$0.13,9,20,https://www.zomato.com/mangalore/oriental-flavours-summer-sands-beach-resort-kankanady/menu,Unknown,Unknown,Unknown,Unknown
6269,spice it,12100,5,4499,$0.11,2,21,https://www.zomato.com/mumbai/spice-it-ibis-mumbai-bkc-santacruz-east,Mumbai,Maharashtra,India,Unknown
6270,south avenue jabalpur,12100,16,87,$1.17,2,21,https://www.zomato.com/jabalpur/restaurants/in/south-avenue-mall-cantt,Unknown,Unknown,Unknown,Restaurant
6271,shubh sagar restaurant,12100,4,4499,$0.07,2,19,https://www.zomato.com/mumbai/shubh-sagar-restaurant-mira-road,Mumbai,Maharashtra,India,Restaurant
6272,shott nesco,8100,15,134,$0.62,4,20,https://www.zomato.com/mumbai/shott-the-rolling-pin-4-bungalows/menu,Mumbai,Maharashtra,India,Unknown
6273,shopping centre kolkata,14800,44,31,$0.07,4,37,https://www.zomato.com/kolkata/restaurants/in/axis-mall-new-town,Kolkata,West Bengal,India,Restaurant
6274,sector 144 jp nagar,14800,3,4499,$0.05,3,20,https://www.zomato.com/bangalore/sector-144-jp-nagar-1-jp-nagar-bangalore,Bangalore,Karnataka,India,Unknown
6275,santosham satvik south indian restaurant,14800,1,4499,$0.06,3,22,https://www.zomato.com/mumbai/santosham-marine-lines,Mumbai,Maharashtra,India,Unknown
6276,sandesh the prince mysore,6600,8,500,$0.15,68,27,https://www.zomato.com/mysore/sandesh-the-prince-doora,Unknown,Unknown,Unknown,Unknown
6277,sagar juice centre,14800,5,2397,$0.13,4,21,https://www.zomato.com/sagar/sagar-juice-centre-sagar-locality/order,Unknown,Unknown,Unknown,Unknown
6278,roms pizza,14800,5,2397,$0.11,1,23,https://www.zomato.com/ncr/roms-pizza-2-raj-nagar-ghaziabad,Unknown,Unknown,Unknown,Pizza
6279,road house bluez mumbai,12100,4,2397,$0.25,4,20,https://www.zomato.com/mumbai/road-house-bluez-azad-nagar,Mumbai,Maharashtra,India,Unknown
6280,restaurants in khan market,18100,5,2397,$0,1,10,https://www.zomato.com/ncr/restaurants/in/khan-market,Unknown,Unknown,Unknown,Restaurant
6281,rave 3 mall,14800,9,378,$0,5,19,https://www.zomato.com/kanpur/restaurants/in/rave-3-tilak-nagar,Unknown,Unknown,Unknown,Restaurant
6282,karigari connaught place,9900,3,4499,$0.53,6,22,https://www.zomato.com/ncr/karigari-by-chef-harpal-singh-sokhi-connaught-place-new-delhi,Unknown,Unknown,Unknown,Unknown
6283,karafa jubilee hills,12100,3,4499,$0.25,4,19,https://www.zomato.com/hyderabad/karafa-1-jubilee-hills,Hyderabad,Telangana,India,Unknown
6284,kanha sweets,12100,5,2397,$0.05,1,25,https://www.zomato.com/amritsar/kanha-sweets-1-lawrence-road,Unknown,Unknown,Unknown,Unknown
6285,kaimanam,9900,6,2397,$0.16,8,19,https://www.zomato.com/chennai/kaimanam-gopalapuram,Chennai,Tamil Nadu,India,Unknown
6286,juice junction,9900,4,4499,$0.46,7,23,https://www.zomato.com/bangalore/juice-junction-st-marks-road,Bangalore,Karnataka,India,Unknown
6287,juhu restaurants,18100,1,4499,$0.06,3,24,https://www.zomato.com/mumbai/juhu-restaurants,Mumbai,Maharashtra,India,Restaurant
6288,ice cake,12100,25,63,$0.17,18,27,https://www.zomato.com/bangalore/restaurants/dish-ice-cream-cake,Bangalore,Karnataka,India,Restaurant
6289,hotel yuvraj baroda,12100,3,2397,$0.16,10,20,https://www.zomato.com/vadodara/hotel-yuvraj-sayajigunj,Unknown,Unknown,Unknown,Hotel
6290,hotel the hans new delhi,14800,52,31,$0.42,20,19,https://www.zomato.com/ncr/restaurants/in/the-hans-connaught-place,Unknown,Unknown,Unknown,Restaurant
6291,hotel the hans delhi,14800,31,31,$0.42,20,35,https://www.zomato.com/ncr/restaurants/in/the-hans-connaught-place,Unknown,Unknown,Unknown,Restaurant
6292,hotel shree,12100,7,500,$0.32,1,27,https://www.zomato.com/mumbai/hotel-shree-airoli-navi-mumbai,Mumbai,Maharashtra,India,Hotel
6293,hotel narayana mangalore,12100,5,2397,$0.23,2,17,https://www.zomato.com/mangalore/hotel-narayana-bunder,Unknown,Unknown,Unknown,Hotel
6294,hotel diamond,14800,15,111,$0.70,5,24,https://www.zomato.com/jaipur/hotel-diamond-restaurant-and-pavitra-bhojnalaya-vidhyadhar-nagar,Jaipur,Rajasthan,India,Restaurant
6295,hotel aureole,18100,28,32,$0.15,25,31,https://www.zomato.com/mumbai/the-indian-toss-near-andheri-east-station,Mumbai,Maharashtra,India,Unknown
6296,halli hatti,18100,1,4499,$0.06,2,32,https://www.zomato.com/mysore/halli-hatti-sakthi-nagar,Unknown,Unknown,Unknown,Unknown
6297,gunjan chowk,18100,44,31,$0,6,25,https://www.zomato.com/vadodara/gunjan-sev-usal-karelibaug,Unknown,Unknown,Unknown,Unknown
6298,leela chennai,14800,21,75,$0.72,47,37,https://www.zomato.com/chennai/restaurants/in/the-leela-palace-chennai,Chennai,Tamil Nadu,India,Restaurant
6299,laxmi palace,12100,19,82,$0.14,3,35,https://www.zomato.com/jaipur/laxmi-palace-sindhi-camp,Jaipur,Rajasthan,India,Unknown
6300,dlf porur chennai,9900,31,31,$0.48,3,17,https://www.zomato.com/chennai/restaurants/in/dlf-it-park-manapakkam,Chennai,Tamil Nadu,India,Restaurant
6301,dbc ice cream,12100,6,4499,$0.10,2,22,https://www.zomato.com/bangalore/dbc-house-rajajinagar-bangalore/order,Bangalore,Karnataka,India,Unknown
6302,darjeeling lepcha momos,14800,3,4499,$0.19,2,21,https://www.zomato.com/mumbai/darjeeling-lepcha-momo-versova,Mumbai,Maharashtra,India,Unknown
6303,dadar hotel,14800,8,378,$0.24,79,20,https://www.zomato.com/kolkata/dadar-hotel-1-hatibagan,Kolkata,West Bengal,India,Hotel
6304,cyber hub restaurants,18100,4,4499,$0.03,3,19,https://www.zomato.com/ncr/restaurants/in/cyber-hub-dlf-cyber-city,Unknown,Unknown,Unknown,Restaurant
6305,centre hyderabad,14800,19,134,$0.24,4,27,https://www.zomato.com/hyderabad/restaurants/in/city-center-mall-banjara-hills,Hyderabad,Telangana,India,Restaurant
6306,cafe peter,14800,7,2397,$0.02,3,23,https://www.zomato.com/pune/cafe-peter-jm-road,Pune,Maharashtra,India,Cafe
6307,cafe durga,14800,8,975,$0,3,23,https://www.zomato.com/pune/cafe-durga-kothrud,Pune,Maharashtra,India,Cafe
6308,by the bay,12100,5,2397,$0.69,3,17,https://www.zomato.com/hyderabad/by-the-bay-necklace-road,Hyderabad,Telangana,India,Unknown
6309,bun maska near me,9900,6,2397,$0.06,3,22,https://www.zomato.com/hyderabad/restaurants/dish-bun-maska,Hyderabad,Telangana,India,Restaurant
6310,bollywood dhaba,12100,3,4499,$0.05,1,22,https://www.zomato.com/sonipat/dhaba-bollywood-sonipat-locality,Unknown,Unknown,Unknown,Unknown
6311,big chill connaught place,14800,3,4499,$0.27,1,18,https://www.zomato.com/ncr/the-big-chill-3-connaught-place-new-delhi,Unknown,Unknown,Unknown,Unknown
6312,bharath cinemas mangalore,14800,9,222,$0.01,1,18,https://www.zomato.com/mangalore/bharath-cinema-lalbagh,Unknown,Unknown,Unknown,Unknown
6313,best restaurants in udaipur india,18100,5,2397,$0.65,6,12,https://www.zomato.com/udaipur/restaurants?category=2,Unknown,Unknown,Unknown,Restaurant
6314,best coffee,14800,41,31,$0.17,97,33,https://www.zomato.com/pune/collection/coffee,Pune,Maharashtra,India,Coffee
6315,begumpet country club,14800,5,975,$0.18,4,20,https://www.zomato.com/hyderabad/country-club-multicuisine-restaurant-begumpet,Hyderabad,Telangana,India,Restaurant
6316,basant lok delhi,12100,2,4499,$0.13,9,21,https://www.zomato.com/ncr/restaurants/in/basant-lok-market-vasant-vihar,Unknown,Unknown,Unknown,Restaurant
6317,bars near me that are open,14800,4,4499,$0.06,10,22,https://www.zomato.com/bars-near-me,Unknown,Unknown,Unknown,Bar
6318,bangalore brewing company,14800,5,2397,$0.19,4,19,https://www.zomato.com/bangalore/blr-brewing-co-1-whitefield-bangalore,Bangalore,Karnataka,India,Unknown
6319,bandra kurla complex g block,14800,14,167,$0.40,5,11,https://www.zomato.com/mumbai/bandra-kurla-complex-road-g-block-bkc-restaurants,Mumbai,Maharashtra,India,Restaurant
6320,andhra canteen,12100,5,2397,$0.07,5,23,https://www.zomato.com/ncr/andhra-canteen-connaught-place-new-delhi,Unknown,Unknown,Unknown,Unknown
6321,altair boutique hotel,12100,3,2397,$0.18,34,24,https://www.zomato.com/kolkata/capella-altair-boutique-hotel-sector-5-salt-lake,Kolkata,West Bengal,India,Hotel
6322,32nd avenue gurgaon,14800,3,4499,$0.42,1,18,https://www.zomato.com/ncr/restaurants/in/32nd-avenue-milestone,Unknown,Unknown,Unknown,Restaurant
6323,nothing before coffee near me,12100,4,4499,$0.03,10,39,https://www.zomato.com/jaipur/nothing-before-coffee-tonk-road,Jaipur,Rajasthan,India,Coffee
6324,noodles near me,14800,6,2397,$0.27,5,19,https://www.zomato.com/warangal/delivery/dish-noodles,Unknown,Unknown,Unknown,Unknown
6325,night in goa,14800,33,31,$0.13,6,37,https://www.zomato.com/goa/best-drinks-and-nightlife-restaurants?night-clubs=1,Goa,Goa,India,Restaurant
6326,nearest chicken shop,14800,27,32,$0.23,9,21,https://www.zomato.com/rajkot/delivery/dish-chicken,Unknown,Unknown,Unknown,Unknown
6327,nearby veg hotel,14800,6,1440,$0.05,8,32,https://www.zomato.com/pune/pimpri-chinchwad-area-restaurants?veg=1,Pune,Maharashtra,India,Restaurant
6328,nagaland kitchen,14800,3,4499,$0.20,3,23,https://www.zomato.com/ncr/nagalands-kitchen-green-park-new-delhi,Unknown,Unknown,Unknown,Unknown
6329,moti mahal near me,9900,5,2397,$0.03,6,23,https://www.zomato.com/ncr/moti-mahal-daryaganj-delhi,Unknown,Unknown,Unknown,Unknown
6330,mirage bangalore,12100,3,4499,$0.61,1,21,https://www.zomato.com/bangalore/mirage-st-marks-road-bangalore,Bangalore,Karnataka,India,Unknown
6331,mannat near me,9900,7,975,$0.02,1,22,https://www.zomato.com/ncr/restaurants/mannat-restaurant,Unknown,Unknown,Unknown,Restaurant
6332,mankar dosa,14800,6,2397,$0.11,1,21,https://www.zomato.com/pune/restaurants/mankar-dosa?category=8,Pune,Maharashtra,India,Restaurant
6333,mangalore pearl restaurant bangalore,14800,3,4499,$0.36,9,22,https://www.zomato.com/bangalore/mangalore-pearl-seafood-restaurant-1-ulsoor-bangalore,Bangalore,Karnataka,India,Restaurant
6334,ghar ka khana,12100,6,975,$0.28,2,30,https://www.zomato.com/hi/ncr/ghar-ka-khana-1-sector-10-dwarka-new-delhi,Unknown,Unknown,Unknown,Unknown
6335,fort paragon restaurant by calicut paragon,12100,5,1440,$0.02,4,21,https://www.zomato.com/kochi/fort-paragon-restaurant-fort-kochi,Kochi,Kerala,India,Restaurant
6336,foodie,14800,15,222,$0.37,1,36,https://www.zomato.com/lucknow/foodie-restaurant-gomti-nagar,Lucknow,Uttar Pradesh,India,Restaurant
6337,fishbowl,22200,26,31,$0.44,1,38,https://www.zomato.com/pune/fish-bowl-wakad,Pune,Maharashtra,India,Unknown
6338,vrindavan veg restaurant,14800,4,4499,$0,5,19,https://www.zomato.com/mumbai/vrindavan-veg-restaurant-near-andheri-west-station,Mumbai,Maharashtra,India,Restaurant
6339,vijayawada minerva grand hotel,14800,9,291,$0.33,28,19,https://www.zomato.com/vijayawada/minerva-grand-eat-street-gunadala,Unknown,Unknown,Unknown,Unknown
6340,udupi kitchen,12100,5,2397,$0.21,8,20,https://www.zomato.com/bangalore/udupi-kitchen-1-bellandur-bangalore,Bangalore,Karnataka,India,Unknown
6341,wyndham chandigarh mohali,14800,21,48,$0.16,16,22,https://www.zomato.com/chandigarh/w-cafe-by-wyndham-phase-11-mohali,Chandigarh,Chandigarh,India,Cafe
6342,vodka romanov,14800,14,167,$0,1,22,https://www.zomato.com/bangalore/restaurants/dish-romanov-vodka,Bangalore,Karnataka,India,Restaurant
6343,vipul square,9900,8,378,$0.14,6,12,https://www.zomato.com/ncr/restaurants/in/vipul-tech-square-sector-43,Unknown,Unknown,Unknown,Restaurant
6344,travancore court hotel,14800,49,31,$0.39,28,19,https://www.zomato.com/kochi/feast-travancore-court-pallimukku/menu,Kochi,Kerala,India,Unknown
6345,tipsy bull,18100,5,2397,$0,8,26,https://www.zomato.com/bangalore/tipsy-bull-the-bar-exchange-indiranagar-bangalore,Bangalore,Karnataka,India,Bar
6346,the zuri whitefield,14800,28,31,$0.13,21,24,https://www.zomato.com/bangalore/restaurants/in/the-zuri-hotels-whitefield,Bangalore,Karnataka,India,Restaurant
6347,restaurant red chilli,14800,4,4499,$0.04,2,23,https://www.zomato.com/ncr/red-chilli-paschim-vihar-new-delhi,Unknown,Unknown,Unknown,Unknown
6348,restaurant in thiruvananthapuram,12100,5,2397,$0.07,2,28,https://www.zomato.com/trivandrum,Unknown,Unknown,Unknown,Unknown
6349,red rooster,12100,13,167,$0.05,39,33,https://www.zomato.com/chennai/red-rooster-medavakkam,Chennai,Tamil Nadu,India,Unknown
6350,rasoi dhaba,12100,4,4499,$0.06,1,22,https://www.zomato.com/sonipat/rasoi-dhaba-1-sonipat-locality,Unknown,Unknown,Unknown,Unknown
6351,raipur cafe,12100,6,1440,$0,1,23,https://www.zomato.com/raipur/caf%C3%A9,Unknown,Unknown,Unknown,Unknown
6352,rainbow restaurant,14800,7,975,$0,2,23,https://www.zomato.com/udaipur/rainbow-restaurant-chandpole,Unknown,Unknown,Unknown,Restaurant
6353,radisson hotel mumbai goregaon,12100,13,167,$0.31,11,39,https://www.zomato.com/mumbai/restaurants/in/radisson-goregaon-west,Mumbai,Maharashtra,India,Restaurant
6354,radio bar,12100,4,4499,$0.10,4,22,https://www.zomato.com/hyderabad/radio-bar-hitech-city,Hyderabad,Telangana,India,Bar
6355,parotta near me,14800,7,2397,$0.38,5,19,https://www.zomato.com/hyderabad/restaurants/dish-parotta,Hyderabad,Telangana,India,Restaurant
6356,parle point,14800,9,378,$0,4,24,https://www.zomato.com/mumbai/parle-point-vile-parle-east,Mumbai,Maharashtra,India,Unknown
6357,paashh,9900,2,2397,$0.19,3,23,https://www.zomato.com/mumbai/paashh-pali-hill-bandra-west,Mumbai,Maharashtra,India,Unknown
6358,nightclub chandigarh,14800,11,500,$0.04,3,27,https://www.zomato.com/chandigarh/club,Chandigarh,Chandigarh,India,Unknown
6359,nfc al bake,14800,3,4499,$0.18,2,22,https://www.zomato.com/ncr/al-bake-new-friends-colony-new-delhi,Unknown,Unknown,Unknown,Unknown
6360,nandhini deluxe,9900,7,2397,$0.16,2,22,https://www.zomato.com/bangalore/nandhini-deluxe-basavanagudi,Bangalore,Karnataka,India,Unknown
6361,naivedya thali restaurant,9900,6,1440,$0.11,3,22,https://www.zomato.com/pune/naivedya-thali-restaurant-1-jm-road,Pune,Maharashtra,India,Restaurant
6362,shree mithai near me,12100,8,975,$0.11,1,9,https://www.zomato.com/chennai/shree-mithai-anna-nagar-east,Chennai,Tamil Nadu,India,Unknown
6363,sangam mess bangalore,12100,3,4499,$0.58,4,22,https://www.zomato.com/bangalore/sangam-mess-kammanahalli,Bangalore,Karnataka,India,Unknown
6364,samrat chowk,12100,29,31,$0.13,4,16,https://www.zomato.com/jaipur/samrat-adarsh-nagar/menu,Jaipur,Rajasthan,India,Unknown
6365,roman dine,12100,5,2397,$0.20,2,24,https://www.zomato.com/surat/roman-dine-nana-varachha,Surat,Gujarat,India,Unknown
6366,restaurants trivandrum,12100,6,1440,$0.23,2,22,https://www.zomato.com/trivandrum,Unknown,Unknown,Unknown,Unknown
6367,restaurants in juhu mumbai,14800,4,4499,$0.03,3,25,https://www.zomato.com/mumbai/juhu-restaurants,Mumbai,Maharashtra,India,Restaurant
6368,kumar's cafe,14800,4,4499,$0.13,1,22,https://www.zomato.com/mumbai/kumars-cafe-borivali-east,Mumbai,Maharashtra,India,Cafe
6369,kulcha land amritsar,14800,4,2397,$0,3,18,https://www.zomato.com/amritsar/the-kulcha-land-ranjit-avenue,Unknown,Unknown,Unknown,Unknown
6370,kulcha land,14800,5,2397,$0,5,24,https://www.zomato.com/amritsar/the-kulcha-land-ranjit-avenue,Unknown,Unknown,Unknown,Unknown
6371,khandala dukes retreat,18100,16,87,$0.65,59,22,https://www.zomato.com/pune/restaurants/in/the-dukes-retreat,Pune,Maharashtra,India,Restaurant
6372,kfc meal price,12100,5,1440,$0.14,1,17,https://www.zomato.com/chandigarh/kfc-sector-8/order,Chandigarh,Chandigarh,India,Unknown
6373,ideal ice cream,9900,12,500,$0.04,11,40,https://www.zomato.com/mangalore/ideals-1-hampankatta/order,Unknown,Unknown,Unknown,Unknown
6374,hotel vishwas,14800,6,694,$0.11,7,20,https://www.zomato.com/mumbai/hotel-vishwas-1-sakinaka,Mumbai,Maharashtra,India,Hotel
6375,hotel crystal crown,12100,7,975,$0.09,12,20,https://www.zomato.com/bhubaneswar/hotel-crystal-crown-patia-bhubaneshwar,Unknown,Unknown,Unknown,Hotel
6376,holiday inn mayur vihar,18100,11,222,$0.10,52,26,https://www.zomato.com/ncr/restaurants/in/holiday-inn-mayur-vihar,Unknown,Unknown,Unknown,Restaurant
6377,deck of brews,14800,4,2397,$0.20,1,18,https://www.zomato.com/bangalore/deck-of-brews-kadubeesanahalli-bangalore,Bangalore,Karnataka,India,Unknown
6378,courtyard by marriott siliguri,12100,12,167,$0.62,33,33,https://www.zomato.com/siliguri/siliguri-kitchen-courtyard-by-marriott-hotel-pradhan-nagar,Unknown,Unknown,Unknown,Hotel
6379,copper kitchen chennai,12100,5,2397,$0.05,4,21,https://www.zomato.com/chennai/copper-kitchen-porur,Chennai,Tamil Nadu,India,Unknown
6380,comal,14800,4,2397,$0.62,4,23,https://www.zomato.com/bangalore/comal-1-mg-road-bangalore,Bangalore,Karnataka,India,Unknown
6381,coffee shop park street,14800,5,2397,$0,3,10,https://www.zomato.com/kolkata/park-street-area-restaurants/caf%C3%A9,Kolkata,West Bengal,India,Restaurant
6382,chunda palace,14800,6,975,$0.12,31,32,https://www.zomato.com/udaipur/chunda-palace-hotel-restaurant-pichola,Unknown,Unknown,Unknown,Restaurant
6383,capital bakery,9900,4,4499,$0.04,2,27,https://www.zomato.com/chandigarh/capital-bakery-sector-10,Chandigarh,Chandigarh,India,Bakery
6384,cafe park street,14800,4,4499,$0.02,2,22,https://www.zomato.com/kolkata/park-street-area-restaurants/caf%C3%A9,Kolkata,West Bengal,India,Restaurant
6385,blr brewing co,14800,6,2397,$0.25,11,21,https://www.zomato.com/bangalore/blr-brewing-co-1-whitefield-bangalore,Bangalore,Karnataka,India,Unknown
6386,bihar bhawan,14800,6,1440,$0,3,23,https://www.zomato.com/hi/ncr/bihar-bhawan-canteen-chanakyapuri-new-delhi,Unknown,Unknown,Unknown,Unknown
6387,best vegetarian hotels near me,14800,4,4499,$0.03,10,32,https://www.zomato.com/restaurants-near-me,Unknown,Unknown,Unknown,Restaurant
6388,best restaurants in delhi connaught place,14800,6,1440,$0.03,5,27,https://www.zomato.com/ncr/connaught-place-delhi-restaurants,Unknown,Unknown,Unknown,Restaurant
6389,bar open near me,14800,4,4499,$0.07,8,22,https://www.zomato.com/mumbai/drinks-and-nightlife?open=now,Mumbai,Maharashtra,India,Unknown
6390,bangalore to mangalore train,14800,94,31,$0.02,24,17,https://www.zomato.com/order-food-online-in-train,Unknown,Unknown,Unknown,Unknown
6391,avani riverside mall howrah,14800,7,500,$0.07,3,33,https://www.zomato.com/kolkata/restaurants/in/avani-riverside-mall-howrah,Kolkata,West Bengal,India,Restaurant
6392,annalakshmi,14800,5,2397,$0.07,1,36,https://www.zomato.com/chennai/annalakshmi-restaurant-chetpet,Chennai,Tamil Nadu,India,Restaurant
6393,amma's kitchen,9900,7,1440,$0.13,3,25,https://www.zomato.com/mumbai/ammas-kitchen-1-vasai,Mumbai,Maharashtra,India,Unknown
6394,alibaba and 41 dishes,12100,8,1440,$0.04,1,19,https://www.zomato.com/kochi/ali-baba-41-dishes-panampilly-nagar,Kochi,Kerala,India,Unknown
6395,aditya trade center ameerpet,14800,61,31,$0.10,3,17,https://www.zomato.com/hyderabad/promenade-aditya-park-ameerpet,Hyderabad,Telangana,India,Unknown
6396,6th phase jp nagar,14800,28,31,$0.21,6,19,https://www.zomato.com/bangalore/jp-nagar-phase-6-restaurants,Bangalore,Karnataka,India,Restaurant
6397,chicken biryani pictures,14800,8,378,$0,1,17,https://www.zomato.com/ncr/super-fine-chicken-biryani-1-sector-7-dwarka/photos,Unknown,Unknown,Unknown,Unknown
6398,chaiwala,14800,4,1440,$0,1,36,https://www.zomato.com/kolkata/the-chaiwala-tollygunge,Kolkata,West Bengal,India,Unknown
6399,channapatna india,14800,106,31,$0.07,1,24,https://www.zomato.com/hyderabad/restaurants,Hyderabad,Telangana,India,Restaurant
6400,chappan bhog,14800,8,1440,$0.34,1,23,https://www.zomato.com/lucknow/chhappan-bhog-sadar-bazaar,Lucknow,Uttar Pradesh,India,Unknown
6401,xero degrees cafe,18100,5,2397,$0,1,18,https://www.zomato.com/ncr/xero-degrees-connaught-place-new-delhi,Unknown,Unknown,Unknown,Unknown
6402,tibetan delight,9900,3,4499,$0.63,1,21,https://www.zomato.com/kolkata/tibetan-delight-elgin,Kolkata,West Bengal,India,Unknown
6403,the red box,14800,8,975,$0.15,2,22,https://www.zomato.com/hyderabad/the-red-box-madhapur,Hyderabad,Telangana,India,Unknown
6404,the fish dish,14800,14,291,$0.18,3,34,https://www.zomato.com/bangalore/fish-and-dish-jp-nagar-bangalore,Bangalore,Karnataka,India,Unknown
6405,terrace bar & kitchen,12100,3,4499,$0.17,7,30,https://www.zomato.com/bangalore/terrace-by-house-of-commons-jp-nagar-bangalore,Bangalore,Karnataka,India,Unknown
6406,temple trees bangalore,14800,35,31,$0.38,7,20,https://www.zomato.com/bangalore/tree-top-wilson-garden,Bangalore,Karnataka,India,Unknown
6407,sula,14800,27,35,$0.13,2,36,https://www.zomato.com/nashik/sula-vineyards-satpur,Unknown,Unknown,Unknown,Unknown
6408,subko,14800,7,1440,$0.99,9,38,https://www.zomato.com/hyderabad/subko-specialty-coffee-roasters-jubilee-hills,Hyderabad,Telangana,India,Coffee
6409,sri krishna hotel,12100,11,500,$0.13,2,21,https://www.zomato.com/coimbatore/hotel-sri-krishna-periyanaikanpalayam,Unknown,Unknown,Unknown,Hotel
6410,sri ganapathy military hotel,12100,3,4499,$0.13,6,22,https://www.zomato.com/chennai/sri-ganapathy-military-hotel-3-vepery,Chennai,Tamil Nadu,India,Hotel
6411,mio amore cake,18100,10,694,$0.13,17,24,https://www.zomato.com/kolkata/mio-amore-topsia/order,Kolkata,West Bengal,India,Unknown
6412,miami by guwahati heights,8100,15,167,$0.91,2,27,https://www.zomato.com/guwahati/miami-uzan-bazaar/menu,Unknown,Unknown,Unknown,Unknown
6413,metro walk in rohini delhi,12100,13,378,$0.02,1,21,https://www.zomato.com/ncr/restaurants/in/metro-walk-mall-rohini,Unknown,Unknown,Unknown,Restaurant
6414,metro walk delhi rohini,14800,7,975,$0.01,1,15,https://www.zomato.com/ncr/restaurants/in/metro-walk-mall-rohini,Unknown,Unknown,Unknown,Restaurant
6415,manhattan bar & brewery,12100,3,4499,$0.35,10,25,https://www.zomato.com/ncr/manhattan-bar-brewery-golf-course-road,Unknown,Unknown,Unknown,Bar
6416,mango tree restaurant,12100,5,2397,$0.13,1,23,https://www.zomato.com/goa/mango-tree-vagator,Goa,Goa,India,Unknown
6417,laxmi narayan pune,18100,2,4499,$0.38,11,16,https://www.zomato.com/pune/laxmi-narayan-kothrud,Pune,Maharashtra,India,Unknown
6418,kr bakes,12100,10,975,$0.15,1,20,https://www.zomato.com/kochi/k-r-bakes-1-kalamassery/order,Kochi,Kerala,India,Unknown
6419,guwahati heights,9900,3,4499,$0.18,3,27,https://www.zomato.com/guwahati/guwahati-heights-uzan-bazaar,Unknown,Unknown,Unknown,Unknown
6420,greater noida radisson blu,40500,15,111,$0.64,23,40,https://www.zomato.com/ncr/cross-avenue-radisson-blu-surajpur-site-4-greater-noida,Unknown,Unknown,Unknown,Unknown
6421,good restaurants in surat,14800,4,4499,$0.24,1,9,https://www.zomato.com/surat/dine-out,Surat,Gujarat,India,Unknown
6422,geetham veg restaurant porur,14800,1,4499,$0.06,4,22,https://www.zomato.com/chennai/geetham-veg-restaurant-porur,Chennai,Tamil Nadu,India,Restaurant
6423,ganesh peth pune,12100,41,31,$0.18,10,19,https://www.zomato.com/pune/ganesh-bhel-4-sadashiv-peth,Pune,Maharashtra,India,Unknown
6424,food seafood restaurant,14800,8,1440,$0.05,3,24,https://www.zomato.com/kota/restaurants/sea-food,Unknown,Unknown,Unknown,Restaurant
6425,food delivery in train,22200,7,378,$0.09,82,36,https://www.zomato.com/order-food-online-in-train,Unknown,Unknown,Unknown,Unknown
6426,eagle motel,9900,6,694,$0.22,4,20,https://www.zomato.com/rajpura/eagle-motel-rajpura-locality/order,Unknown,Unknown,Unknown,Unknown
6427,dlf porur,9900,30,31,$0.48,3,21,https://www.zomato.com/chennai/restaurants/in/dlf-it-park-manapakkam,Chennai,Tamil Nadu,India,Restaurant
6428,dharwad peda,14800,27,34,$0.17,27,31,https://www.zomato.com/bangalore/big-mishra-pedha-rt-nagar-bangalore/order,Bangalore,Karnataka,India,Unknown
6429,devil's burger,12100,5,2397,$0.02,3,19,https://www.zomato.com/guwahati/devils-burger-six-mile,Unknown,Unknown,Unknown,Unknown
6430,cream bell,14800,17,167,$0.21,1,23,https://www.zomato.com/bangalore/cream-bell-1-basaveshwara-nagar-bangalore,Bangalore,Karnataka,India,Unknown
6431,cigarette buy online,8100,12,134,$0,1,22,https://www.zomato.com/ncr/restaurants/dish-cigarettes,Unknown,Unknown,Unknown,Restaurant
6432,chaudhary dhaba,14800,5,4499,$0.04,2,22,https://www.zomato.com/ncr/chaudhary-dhaba-surajpur-noida,Unknown,Unknown,Unknown,Unknown
6433,chai churi,9900,8,1440,$0.09,2,22,https://www.zomato.com/ncr/chai-churi-sector-52-gurgaon,Unknown,Unknown,Unknown,Unknown
6434,truffles kalyan nagar,12100,3,4499,$0.16,6,19,https://www.zomato.com/bangalore/truffles-kalyan-nagar,Bangalore,Karnataka,India,Unknown
6435,trains to mangalore from bangalore,14800,86,31,$0.03,27,34,https://www.zomato.com/order-food-online-in-train,Unknown,Unknown,Unknown,Unknown
6436,tosh e daan,12100,3,4499,$0.24,6,19,https://www.zomato.com/hyderabad/tosh-e-daan-gachibowli,Hyderabad,Telangana,India,Unknown
6437,tiramisu near me,12100,6,2397,$0.06,12,28,https://www.zomato.com/sonipat/delivery/dish-tiramisu,Unknown,Unknown,Unknown,Unknown
6438,the udupi kitchen,14800,8,694,$0.09,4,22,https://www.zomato.com/bangalore/udupi-kitchen-1-bellandur-bangalore,Bangalore,Karnataka,India,Unknown
6439,sunny trade center,14800,4,975,$0.05,2,21,https://www.zomato.com/jaipur/restaurants/in/sunny-trade-center-mansarovar,Jaipur,Rajasthan,India,Restaurant
6440,summer sands resort ullal,12100,11,167,$0.15,10,21,https://www.zomato.com/mangalore/oriental-flavours-summer-sands-beach-resort-kankanady/menu,Unknown,Unknown,Unknown,Unknown
6441,sugar factory sugar factory,14800,11,500,$0,1,26,https://www.zomato.com/pune/the-sugar-factory-1-bibvewadi,Pune,Maharashtra,India,Unknown
6442,step out cafe,14800,3,4499,$0.07,3,26,https://www.zomato.com/jaipur/stepout-cafe-c-scheme,Jaipur,Rajasthan,India,Cafe
6443,sri balaji bhavan,12100,4,4499,$0.10,1,23,https://www.zomato.com/chennai/shri-balaajee-bhavan-anna-nagar-east,Chennai,Tamil Nadu,India,Unknown
6444,somras bar & kitchen,14800,3,4499,$0.22,5,18,https://www.zomato.com/bangalore/somras-bar-and-kitchen-1-hsr-bangalore,Bangalore,Karnataka,India,Bar
6445,shree ram dhaba,12100,5,4499,$0.09,5,21,https://www.zomato.com/ncr/shri-ram-dhaba-sohna-road,Unknown,Unknown,Unknown,Unknown
6446,restaurants rajkot,14800,7,975,$0.02,1,23,https://www.zomato.com/rajkot,Unknown,Unknown,Unknown,Unknown
6447,vegetarian food,14800,33,31,$0.27,6,24,https://www.zomato.com/bangalore/vegetarian-restaurants,Bangalore,Karnataka,India,Restaurant
6448,hotel travancore court,14800,63,31,$0.41,30,19,https://www.zomato.com/kochi/feast-travancore-court-pallimukku/menu,Kochi,Kerala,India,Unknown
6449,hotel shiv vilas,14800,90,31,$0.10,8,21,https://www.zomato.com/bhopal/hotel-shiv-vilas-hoshangabad-road,Unknown,Unknown,Unknown,Hotel
6450,hotel in ranchi india,14800,5,975,$0.25,91,30,https://www.zomato.com/ranchi/india-hotel-hindpiri,Unknown,Unknown,Unknown,Hotel
6451,hotel courtyard by marriott agra,14800,26,34,$0.46,19,42,https://www.zomato.com/agra/restaurants/in/courtyard-by-marriott-agra-tajganj,Agra,Uttar Pradesh,India,Restaurant
6452,hotel 7/12,14800,5,2397,$0,2,23,https://www.zomato.com/pune/hotel-7-12-pune-pimple-nilakh,Pune,Maharashtra,India,Hotel
6453,heart cup hyderabad,320,4,4499,$0.01,2,25,https://www.zomato.com/hyderabad/heart-cup-coffee-jubilee-hills,Hyderabad,Telangana,India,Coffee
6454,heart cup coffee kondapur,14800,1,4499,$0,7,12,https://www.zomato.com/hyderabad/heart-cup-coffee-kothaguda,Hyderabad,Telangana,India,Coffee
6455,haveli punjab india,14800,33,31,$0,1,25,https://www.zomato.com/jalandhar/haveli-rama-mandi/menu,Unknown,Unknown,Unknown,Unknown
6456,haveli in punjab,14800,22,63,$0.05,1,31,https://www.zomato.com/chandigarh/punjabi-haveli-sector-67-mohali,Chandigarh,Chandigarh,India,Unknown
6457,haldiram's green park,14800,1,4499,$0.18,5,19,https://www.zomato.com/ncr/haldirams-1-green-park-new-delhi,Unknown,Unknown,Unknown,Unknown
6458,green lounge fusion,12100,63,31,$0.26,7,18,https://www.zomato.com/ncr/green-lounge-pitampura-new-delhi,Unknown,Unknown,Unknown,Unknown
6459,grandmas,14800,9,975,$0.08,1,23,https://www.zomato.com/hyderabad/grandmas-recipes-adibatla,Hyderabad,Telangana,India,Unknown
6460,ginger east delhi,18100,30,31,$0.26,39,30,https://www.zomato.com/ncr/restaurants/in/ginger-hotel-vivek-vihar,Unknown,Unknown,Unknown,Restaurant
6461,garden court restaurant,14800,5,2397,$0,4,19,https://www.zomato.com/pune/garden-court-bavdhan,Pune,Maharashtra,India,Unknown
6462,ganesh bhavan,14800,5,4499,$0.10,2,19,https://www.zomato.com/chennai/sri-ganesh-bhavan-anna-nagar-west,Chennai,Tamil Nadu,India,Unknown
6463,galaxy business park,14800,9,291,$0.17,3,14,https://www.zomato.com/ncr/restaurants/in/galaxy-business-park,Unknown,Unknown,Unknown,Restaurant
6464,g ullu,12100,16,82,$0,1,32,https://www.zomato.com/ncr/gullus-sector-28-gurgaon,Unknown,Unknown,Unknown,Unknown
6465,founders of zomato,14800,8,694,$0,1,37,https://www.zomato.com/blog/pankaj-farewell,Unknown,Unknown,Unknown,Unknown
6466,food point,14800,5,2397,$0.06,1,19,https://www.zomato.com/mumbai/food-point-bhayandar,Mumbai,Maharashtra,India,Unknown
6467,fish on dish,12100,4,2397,$0.14,3,43,https://www.zomato.com/pune/fish-on-dish-1-wakad,Pune,Maharashtra,India,Unknown
6468,factory sugar,14800,21,87,$0.04,1,30,https://www.zomato.com/pune/the-sugar-factory-1-bibvewadi,Pune,Maharashtra,India,Unknown
6469,momos games,14800,15,87,$0,1,36,https://www.zomato.com/ncr/game-of-momos-raja-garden-new-delhi,Unknown,Unknown,Unknown,Unknown
6470,metro walk in rohini,14800,10,378,$0.01,1,23,https://www.zomato.com/ncr/restaurants/in/metro-walk-mall-rohini,Unknown,Unknown,Unknown,Restaurant
6471,mehar chand market,8100,5,1440,$0.18,1,20,https://www.zomato.com/ncr/restaurants/in/meharchand-market-lodhi-colony,Unknown,Unknown,Unknown,Restaurant
6472,mayur pan house,14800,5,4499,$0.08,2,19,https://www.zomato.com/hyderabad/mayur-pan-house-abids,Hyderabad,Telangana,India,Unknown
6473,masjid banda,12100,10,500,$0.11,6,19,https://www.zomato.com/hyderabad/masjid-banda-road-masjid-banda-restaurants,Hyderabad,Telangana,India,Restaurant
6474,mandi stories,14800,10,378,$0.73,2,22,https://www.zomato.com/mangalore/mandi-stories-hampankatta,Unknown,Unknown,Unknown,Unknown
6475,lo la,14800,5,1440,$0.53,1,36,https://www.zomato.com/bangalore/lolas-nagawara-bangalore,Bangalore,Karnataka,India,Unknown
6476,kfc menu with prices,14800,7,694,$0.09,1,10,https://www.zomato.com/pune/kfc-jm-road/order,Pune,Maharashtra,India,Unknown
6477,kfc menu prices,12100,10,291,$0.17,1,17,https://www.zomato.com/pune/kfc-jm-road/order,Pune,Maharashtra,India,Unknown
6478,kegs,14800,31,31,$0.03,1,22,https://www.zomato.com/mysore/pegs-kegs-vijay-nagar,Unknown,Unknown,Unknown,Unknown
6479,johnson market,14800,19,87,$0.06,1,19,https://www.zomato.com/bangalore/khazana-food-paradise-richmond-road-bangalore,Bangalore,Karnataka,India,Unknown
6480,india sweet house,14800,9,975,$0.06,9,23,https://www.zomato.com/bangalore/india-sweet-house-jeevan-bhima-nagar-bangalore,Bangalore,Karnataka,India,Unknown
6481,imperial kitchen venpalavattom,9900,6,975,$0.18,5,22,https://www.zomato.com/trivandrum/imperial-kitchen-kumarapuram,Unknown,Unknown,Unknown,Unknown
6482,imperial hotel delhi india,14800,27,31,$0.51,55,44,https://www.zomato.com/ncr/restaurants/in/the-imperial-new-delhi-janpath,Unknown,Unknown,Unknown,Restaurant
6483,nightlife places in goa,14800,11,378,$0.11,6,25,https://www.zomato.com/goa/north-goa,Goa,Goa,India,Unknown
6484,night clubs chandigarh,14800,11,500,$0.12,4,19,https://www.zomato.com/chandigarh/drinks-and-nightlife,Chandigarh,Chandigarh,India,Unknown
6485,nahdi mandi kannur,12100,5,2397,$0.19,1,22,https://www.zomato.com/kannur/nahdi-mandi-restaurant-kannur-locality/order,Unknown,Unknown,Unknown,Restaurant
6486,nagpur restaurant,14800,4,4499,$0.88,4,24,https://www.zomato.com/nagpur/dine-out,Nagpur,Maharashtra,India,Unknown
6487,brewing untold stories,14800,5,2397,$0.28,6,19,https://www.zomato.com/bangalore/brewing-untold-stories-jayanagar-bangalore,Bangalore,Karnataka,India,Unknown
6488,bird valley lake,18100,8,1440,$0,5,20,https://www.zomato.com/pune/bird-valley-lake-view-resto-bar-banquet-chinchwad,Pune,Maharashtra,India,Bar
6489,best vegetarian hotel near me,3600,8,975,$0.03,9,22,https://www.zomato.com/pune/pimpri-chinchwad-area-restaurants?veg=1,Pune,Maharashtra,India,Restaurant
6490,best restaurants bangalore indiranagar,14800,6,1440,$0.05,10,24,https://www.zomato.com/bangalore/indiranagar-restaurants,Bangalore,Karnataka,India,Restaurant
6491,basant lok,14800,2,4499,$0.10,3,19,https://www.zomato.com/ncr/restaurants/in/basant-lok-market-vasant-vihar,Unknown,Unknown,Unknown,Restaurant
6492,barbeque nation cost,14800,4,2397,$0.03,2,18,https://www.zomato.com/pune/barbeque-nation-jm-road,Pune,Maharashtra,India,Bar
6493,bar bar,14800,7,4499,$0.06,1,26,https://www.zomato.com/varanasi/bar-bar-nadesar,Varanasi,Uttar Pradesh,India,Bar
6494,andheri mumbai restaurants,14800,4,4499,$0.03,6,22,https://www.zomato.com/mumbai/andheri-west-restaurants,Mumbai,Maharashtra,India,Restaurant
6495,anand niketan club delhi,14800,21,48,$0.33,3,16,https://www.zomato.com/ncr/anand-niketan-delhi-restaurants/club,Unknown,Unknown,Unknown,Restaurant
6496,amutha surabhi pollachi,14800,9,694,$0.04,1,22,https://www.zomato.com/pollachi/amutha-surabhi-pollachi-locality/order,Unknown,Unknown,Unknown,Unknown
6497,amoeba sports bar,14800,8,975,$0.05,5,21,https://www.zomato.com/mumbai/amoeba-sports-bar-kurla,Mumbai,Maharashtra,India,Bar
6498,amma restaurants,12100,5,2397,$0.04,1,21,https://www.zomato.com/chennai/amma-restaurants-selaiyur,Chennai,Tamil Nadu,India,Restaurant
6499,al taza,18100,5,4499,$0.30,1,24,https://www.zomato.com/kochi/al-taza-kakkanad,Kochi,Kerala,India,Unknown
6500,7 block,14800,65,31,$0.11,5,22,https://www.zomato.com/bangalore/7-grills-multicuisine-restaurant-koramangala-5th-block-bangalore,Bangalore,Karnataka,India,Restaurant
6501,32 avenue gurgaon,14800,3,4499,$0.02,1,28,https://www.zomato.com/ncr/restaurants/in/32nd-avenue-milestone,Unknown,Unknown,Unknown,Restaurant
6502,central in hyderabad,14800,10,291,$0.24,4,24,https://www.zomato.com/hyderabad/restaurants/in/hyderabad-central-mall-panjagutta,Hyderabad,Telangana,India,Restaurant
6503,capital delhi,14800,21,63,$0,1,65,https://www.zomato.com/ncr/capital-restaurant-1-delhi-cantt-new-delhi,Unknown,Unknown,Unknown,Restaurant
6504,shiv palace,12100,8,975,$0.05,3,22,https://www.zomato.com/mumbai/shiv-palace-rest-bar-matunga-west,Mumbai,Maharashtra,India,Bar
6505,seafood restaurant,18100,5,2397,$0.53,3,24,https://www.zomato.com/mumbai/restaurants/sea-food,Mumbai,Maharashtra,India,Restaurant
6506,samridhi kochi,9900,5,1440,$0.26,3,22,https://www.zomato.com/kochi/samridhi-@-kochi-kacherippady,Kochi,Kerala,India,Unknown
6507,rose cafe,14800,4,4499,$0.03,2,23,https://www.zomato.com/ncr/rose-cafe-malviya-nagar-new-delhi,Unknown,Unknown,Unknown,Cafe
6508,rominus pizza,9900,6,2397,$0.12,1,27,https://www.zomato.com/ncr/rominus-pizza-and-burger-laxmi-nagar-new-delhi,Unknown,Unknown,Unknown,Pizza
6509,restaurants opening near me,14800,4,4499,$0.04,13,22,https://www.zomato.com/restaurants-near-me,Unknown,Unknown,Unknown,Restaurant
6510,restaurants in paradise,14800,2,2397,$0.05,2,19,https://www.zomato.com/hyderabad/best-paradise-circle-restaurants,Hyderabad,Telangana,India,Restaurant
6511,rajbhog sweet,14800,34,34,$0.11,5,24,https://www.zomato.com/ncr/rajbhog-saket-new-delhi/order,Unknown,Unknown,Unknown,Unknown
