No,Keyword,Volume,Position,Estimated Visits,CPC,Paid Difficulty,SEO Difficulty,Ranking URL
1,desi tales,2740000,8,53978,$0,1,28,https://lbb.in/delhi/Desi-Tales-781354/
2,wine shop near me,2740000,29,5754,$0,1,34,https://lbb.in/delhi/wine-beer-shops-delhi/
3,indira nagar,823000,9,33800,$0.47,8,50,https://lbb.in/bangalore/100-feet-road-indiranagar-bangalore/
4,indira nagar in bangalore,823000,10,33800,$0.31,7,37,https://lbb.in/bangalore/100-feet-road-indiranagar-bangalore/
5,wine shop wine,1000000,18,7500,$0.08,1,15,https://lbb.in/hyderabad/best-wine-shops/
6,mall near me,1000000,12,25600,$0.31,5,44,https://lbb.in/bangalore/best-malls-in-bangalore/
7,library closest to me,1000000,7,97300,$0.03,2,25,https://lbb.in/delhi/public-libraries-in-delhi-membership/
8,library near me,1000000,15,11300,$0.29,2,56,https://lbb.in/delhi/public-libraries-in-delhi-membership/
9,wine wine shop,1000000,20,5600,$0.08,1,14,https://lbb.in/kolkata/shops-in-kolkata-for-wines/
10,wine and shop,1000000,13,15000,$0.05,1,17,https://lbb.in/kolkata/shops-in-kolkata-for-wines/
11,bangalore,1220000,35,2100,$0.19,1,62,https://lbb.in/bangalore/
12,south india bangalore,1000000,35,2100,$0.32,1,49,https://lbb.in/bangalore/post/south-indian/
13,bangalore south india,1000000,20,5600,$0.32,1,50,https://lbb.in/bangalore/post/south-indian/
14,wine shop wine shop,1000000,8,65900,$0.34,1,30,https://lbb.in/kolkata/shops-in-kolkata-for-wines/
15,wine shop,1000000,32,2100,$0.83,1,47,https://lbb.in/delhi/big-way-wine-beer-65f5b1/
16,shivaji nagar,823000,51,2100,$0.18,5,49,https://lbb.in/bangalore/locality/shivaji-nagar-bangalore/
17,indiranagar,823000,10,33800,$0.31,7,63,https://lbb.in/bangalore/100-feet-road-indiranagar-bangalore/
18,chandni chowk,673000,14,9299,$0.94,4,49,https://lbb.in/delhi/shop-sarees-silver-stationery-chandni-chowk-shopping-guide/
19,ambience mall,673000,59,1728,$1.07,10,51,https://lbb.in/delhi/ambience-mall-vasant-kunj-65aacb/
20,karol bagh delhi,673000,30,1728,$0.21,10,46,https://lbb.in/delhi/locality/karol-bagh-delhi/
21,tambaram chennai,550000,74,1728,$0.99,10,51,https://lbb.in/chennai/locality/tambaram-chennai/
22,karol bagh,673000,10,27817,$0.27,10,51,https://lbb.in/delhi/karol-bagh-hood-guide/
23,chandni chowk in india,823000,61,1728,$0.12,3,34,https://lbb.in/delhi/shop-sarees-silver-stationery-chandni-chowk-shopping-guide/
24,new delhi karol bagh,823000,19,4608,$0.15,4,30,https://lbb.in/delhi/karol-bagh-hood-guide/
25,ambience mall gurgaon,673000,15,6172,$1.07,10,46,https://lbb.in/delhi/bookmark-ambience-mall-gurgaon/
26,chandni chowk in new delhi,823000,26,1975,$0.12,3,26,https://lbb.in/delhi/shop-sarees-silver-stationery-chandni-chowk-shopping-guide/
27,hebbal,673000,74,1413,$0.20,7,63,https://lbb.in/bangalore/locality/hebbal-bangalore/
28,gyms,673000,28,1547,$0.51,3,61,https://lbb.in/goa/best-gyms-in-goa/
29,sadar bazaar,550000,15,6124,$0,9,50,https://lbb.in/delhi/sadar-bazaar-delhi-cant-c86299/
30,lal bagh botanical garden,673000,45,1413,$0.67,6,36,https://lbb.in/bangalore/lal-bagh-botanical-garden-bangalore/
31,just watches,673000,25,1547,$0.20,1,48,https://lbb.in/mumbai/just-watches-7a993f/
32,sadar bazar,550000,15,7604,$0,9,50,https://lbb.in/delhi/sadar-bazaar-delhi-cant-c86299/
33,gym,823000,66,1413,$0.32,2,70,https://lbb.in/kolkata/gyms-in-kolkata/
34,lal bagh,673000,63,1413,$0.67,6,49,https://lbb.in/bangalore/lalbagh-66803a/
35,dadar,450000,13,13258,$0,9,63,https://lbb.in/mumbai/things-to-do-in-dadar-west/
36,bangalore orion mall,673000,16,3970,$0.11,5,44,https://lbb.in/bangalore/orion-mall/
37,lakshmi nagar delhi,550000,88,1413,$0.32,3,43,https://lbb.in/delhi/locality/laxmi-nagar-delhi/
38,bangalore koramangala,673000,14,7604,$0.18,6,33,https://lbb.in/bangalore/food-shopping-top-things-to-do-in-koramangala/
39,swimming pool near me,550000,29,1480,$0.20,5,36,https://lbb.in/delhi/swimming-pools-delhi-ncr/
40,swimming pool closest to me,550000,10,22747,$0.06,5,41,https://lbb.in/delhi/swimming-pools-delhi-ncr/
41,swimming pools close to me,550000,9,31563,$0.05,5,28,https://lbb.in/bangalore/public-swimming-pools-bangalore/
42,sarojini market in new delhi,550000,22,2365,$0.03,1,26,https://lbb.in/delhi/sarojini-nagar-shopping-guide/
43,bangalore hsr,550000,18,3245,$0.13,7,42,https://lbb.in/bangalore/locality/hsr-bangalore/
44,borivali,368000,38,1155,$0.31,9,63,https://lbb.in/mumbai/things-to-do-borivali/
45,hsr bangalore,550000,16,3245,$0.13,9,50,https://lbb.in/bangalore/things-to-do-hsr-layout/
46,gachibowli hyd,550000,51,1155,$0.16,7,38,https://lbb.in/hyderabad/gachibowli-9db624/
47,new delhi lajpat nagar,550000,40,1155,$0.16,4,22,https://lbb.in/delhi/things-to-do-in-lajpat-nagar-in-delhi/
48,delhi sarojini nagar market,550000,24,1815,$0,1,34,https://lbb.in/delhi/sarojini-nagar-shopping-guide/
49,dad's day,550000,84,1155,$0.37,1,67,https://lbb.in/delhi/daddys-day-out-fathers-day/
50,lajpat nagar new delhi,550000,32,1155,$0.16,4,21,https://lbb.in/delhi/things-to-do-in-lajpat-nagar-in-delhi/
51,sarojini nagar market new delhi,550000,11,14080,$0.04,1,19,https://lbb.in/delhi/sarojini-nagar-shopping-guide/
52,sarojini nagar market in delhi,550000,20,2805,$0,1,34,https://lbb.in/delhi/sarojini-nagar-shopping-guide/
53,gachibowli,550000,69,1155,$0.31,8,63,https://lbb.in/hyderabad/top-things-to-do-gachibowli/
54,sarojini nagar market,550000,16,6215,$0,1,43,https://lbb.in/delhi/sarojini-nagar-shopping-guide/
55,sarojini nagar delhi market,550000,18,3245,$0.19,1,39,https://lbb.in/delhi/sarojini-nagar-shopping-guide/
56,new delhi sarojini nagar market,550000,27,1815,$0.04,1,21,https://lbb.in/delhi/sarojini-nagar-shopping-guide/
57,sarojini market of delhi,550000,22,2365,$0.09,1,30,https://lbb.in/delhi/sarojini-nagar-shopping-guide/
58,gachibowli hyderabad,550000,33,1155,$0.16,11,39,https://lbb.in/hyderabad/gachibowli-9db624/
59,lajpat nagar delhi,550000,17,4125,$0.16,4,44,https://lbb.in/delhi/things-to-do-in-lajpat-nagar-in-delhi/
60,hyderabad to golconda fort,450000,30,945,$0.07,10,34,https://lbb.in/hyderabad/golconda-fort-hyderabad/
61,bla bla,368000,15,2520,$0.19,2,48,https://lbb.in/delhi/carpool-cities-india-bla-bla-car/
62,delhi nehru place,450000,42,945,$0.13,5,24,https://lbb.in/delhi/nehru-place-674e99/
63,nehru place new delhi delhi,450000,40,945,$0.14,5,29,https://lbb.in/delhi/nehru-place-674e99/
64,victoria memorial hall kolkata,450000,36,945,$0.05,7,39,https://lbb.in/kolkata/calcutta-victoria-memorial/
65,victoria memorial,450000,41,945,$0.45,6,49,https://lbb.in/kolkata/calcutta-victoria-memorial/
66,mumbai bandra,201000,18,2655,$0.36,4,49,https://lbb.in/mumbai/things-to-do-in-bandra/
67,kolkata memorial victoria,450000,47,945,$0.03,8,29,https://lbb.in/kolkata/calcutta-victoria-memorial/
68,victoria memorial calcutta,450000,29,945,$0.10,6,34,https://lbb.in/kolkata/calcutta-victoria-memorial/
69,tilak nagar delhi,450000,54,945,$13.74,4,44,https://lbb.in/delhi/locality/tilak-nagar-delhi/
70,temple shiva,450000,50,945,$0.15,1,27,https://lbb.in/bangalore/citys-400-years-old-beautiful-7b2c20/
71,t nagar,450000,12,8865,$0.17,7,30,https://lbb.in/chennai/guide-to-fun-and-shopping-t-nagar-chennai/
72,nehru place in new delhi,450000,50,945,$0.12,4,20,https://lbb.in/delhi/locality/nehru-place-delhi/
73,nehru place in delhi,450000,64,945,$0.12,4,25,https://lbb.in/delhi/nehru-place-6a7d61/
74,bla bla car,450000,28,945,$0.17,1,43,https://lbb.in/mumbai/blabla-car-6103bc/
75,bangalore chickpet,450000,8,29655,$0.03,5,49,https://lbb.in/bangalore/chickpet-bangalore/
76,icecream,550000,33,945,$0.24,33,70,https://lbb.in/mumbai/best-iconic-ice-cream-parlours-in-mumbai/
77,dilsukhnagar,450000,27,1080,$0.44,5,62,https://lbb.in/hyderabad/top-things-to-do-dilsukhnagar/
78,bandra in india,450000,43,945,$0.19,3,29,https://lbb.in/mumbai/things-to-do-in-bandra/
79,victoria memorial kolkata,27100,34,945,$0,11,25,https://lbb.in/kolkata/calcutta-victoria-memorial/
80,andheri,368000,36,945,$0.10,11,64,https://lbb.in/mumbai/things-to-do-in-andheri-hood-guide/
81,delhi tilak nagar,450000,51,945,$0.14,5,19,https://lbb.in/delhi/locality/tilak-nagar-delhi/
82,banashankari in bangalore,450000,30,945,$0.12,5,20,https://lbb.in/bangalore/things-to-do-around-banashankari/
83,velachery in chennai,450000,70,945,$0.09,7,35,https://lbb.in/chennai/locality/velachery-chennai/
84,hair styling cut,450000,56,945,$0.51,1,25,https://lbb.in/mumbai/hair-cut-salons/
85,bangalore palace,450000,38,945,$0.51,7,50,https://lbb.in/bangalore/bangalore-palace/
86,bangalore banashankari,450000,36,945,$0.16,5,21,https://lbb.in/bangalore/locality/banashankari-bangalore/
87,bandra,450000,21,2520,$0.43,4,62,https://lbb.in/mumbai/things-to-do-in-bandra/
88,velachery chennai,450000,83,945,$0.09,6,30,https://lbb.in/chennai/locality/velachery-chennai/
89,hauz khas new delhi delhi,450000,56,945,$0.09,4,24,https://lbb.in/delhi/hauz-khas-village-guide/
90,t nagar chennai,368000,10,21105,$0.28,16,47,https://lbb.in/chennai/guide-to-fun-and-shopping-t-nagar-chennai/
91,bandra mumbai,201000,16,5085,$0.37,4,49,https://lbb.in/mumbai/things-to-do-in-bandra/
92,jayanagar,368000,12,7249,$0.50,9,63,https://lbb.in/bangalore/hood-guide-to-jayanagar-restaurants-shopping/
93,new delhi malviya nagar,368000,38,772,$0.10,3,22,https://lbb.in/delhi/locality/malviya-nagar-delhi/
94,bannerghatta national park in bangalore,368000,40,772,$0.08,4,20,https://lbb.in/bangalore/bannerghatta-biological-park/
95,kurla mumbai,368000,50,772,$0.20,4,49,https://lbb.in/mumbai/locality/kurla-mumbai/
96,chembur mumbai,368000,48,772,$0.14,5,21,https://lbb.in/mumbai/things-to-do-in-chembur-hood-guide/
97,jayanagar bangalore,368000,12,9420,$0.50,9,50,https://lbb.in/bangalore/hood-guide-to-jayanagar-restaurants-shopping/
98,hair salon near me,368000,79,772,$0.31,17,40,https://lbb.in/bangalore/best-womens-salons-in-bangalore/
99,select citywalk mall delhi,368000,22,1214,$0.11,5,24,https://lbb.in/delhi/select-city-walk-men-fashion-mall-guide/
100,resort near me,450000,18,3348,$0.19,31,52,https://lbb.in/delhi/resorts-near-delhi-ncr/
101,oberoi mall,368000,17,1876,$0.30,4,49,https://lbb.in/mumbai/oberoi-mall-guide/
102,goregaon east,368000,56,772,$0.16,3,48,https://lbb.in/mumbai/locality/goregaon-east-mumbai/
103,express avenue mall chennai,301000,41,772,$0,12,38,https://lbb.in/chennai/mall/express-avenue-mall-chennai/
104,express avenue mall,301000,35,772,$0.67,6,44,https://lbb.in/chennai/mall/express-avenue-mall-chennai/
105,bangalore u b city,368000,21,1582,$0.14,5,26,https://lbb.in/bangalore/ub-city-e232f4/
106,amb cinemas,246000,14,2760,$0,15,52,https://lbb.in/hyderabad/amb-cinemas-sarath-city-capital-mall/
107,chembur,368000,31,772,$0.30,4,62,https://lbb.in/mumbai/things-to-do-in-chembur-hood-guide/
108,sriperumbudur,368000,71,772,$0,2,61,https://lbb.in/chennai/locality/sriperumbudur-chennai/
109,majnu ka tilla delhi,368000,40,772,$0.10,3,25,https://lbb.in/delhi/majnu-ka-tila-tibetan-market/
110,ub city,301000,19,1582,$0,7,50,https://lbb.in/bangalore/ub-city-e232f4/
111,select city walk new delhi,368000,23,1582,$0.11,5,31,https://lbb.in/delhi/select-citywalk-65aad0/
112,haircut salons near me,368000,45,772,$0.15,26,20,https://lbb.in/mumbai/hair-cut-salons/
113,khan market in delhi,368000,16,3348,$0.09,1,31,https://lbb.in/delhi/khan-market-hood-guide-shop-eat-drink/
114,khan market new delhi,368000,18,2060,$0.03,1,20,https://lbb.in/delhi/khan-market-hood-guide-shop-eat-drink/
115,select citywalk new delhi delhi,368000,29,772,$0.07,4,29,https://lbb.in/delhi/mall/select-citywalk-delhi/
116,bar,368000,43,772,$0.14,2,36,https://lbb.in/delhi/budget-alcohol-bars-delhi/
117,baskin robbins,301000,22,1582,$0.04,4,49,https://lbb.in/bangalore/baskin-robbins-58b063/
118,bannerghatta zoo bangalore,368000,40,772,$0.34,7,45,https://lbb.in/bangalore/bannerghatta-biological-park/
119,majnu ka tila,301000,73,772,$0,2,43,https://lbb.in/delhi/majnu-ka-tila-68a283/
120,bannerghatta national park zoo,368000,26,883,$0.09,4,22,https://lbb.in/bangalore/bannerghatta-biological-park/
121,waterfall near me,368000,34,772,$0.61,1,42,https://lbb.in/delhi/waterfalls-around-delhi/
122,stationery shop near me,368000,9,17259,$0.34,6,36,https://lbb.in/bangalore/stationery-stores-bangalore/
123,jaya nagar bangalore,368000,10,17259,$0.19,6,23,https://lbb.in/bangalore/hood-guide-to-jayanagar-restaurants-shopping/
124,jaya nagar,368000,10,9420,$0.24,6,20,https://lbb.in/bangalore/hood-guide-to-jayanagar-restaurants-shopping/
125,malviya nagar delhi,368000,44,772,$0.16,5,25,https://lbb.in/delhi/things-to-do-in-malviya-nagar/
126,express avenue chennai,301000,48,772,$0.63,12,46,https://lbb.in/chennai/mall/express-avenue-mall-chennai/
127,delhi majnu tilla,301000,12,7249,$0.12,3,26,https://lbb.in/delhi/little-tibet-majnu-ka-tila/
128,malviya nagar new delhi delhi,368000,28,772,$0.12,4,30,https://lbb.in/delhi/things-to-do-in-malviya-nagar/
129,kurla india,368000,88,772,$0.10,4,22,https://lbb.in/mumbai/locality/kurla-mumbai/
130,khan market new delhi delhi,368000,32,772,$0.03,1,29,https://lbb.in/delhi/khan-market-hood-guide-shop-eat-drink/
131,khan market,368000,14,4158,$0.03,1,31,https://lbb.in/delhi/khan-market-hood-guide-shop-eat-drink/
132,express avenue in chennai,368000,41,772,$0.18,5,25,https://lbb.in/chennai/mall/express-avenue-mall-chennai/
133,select citywalk new delhi,368000,18,2060,$0.11,5,25,https://lbb.in/delhi/everything-new-citywalk/
134,oberoi mall in mumbai,368000,26,846,$0.10,5,31,https://lbb.in/mumbai/oberoi-mall-guide/
135,fitness clubs near me,368000,22,1214,$0.12,12,33,https://lbb.in/hyderabad/top-gyms-secunderabad/
136,bannerghatta zoo in bangalore,368000,31,772,$0.07,5,20,https://lbb.in/bangalore/bannerghatta-biological-park/
137,delhi khan market,368000,15,3348,$0.03,1,28,https://lbb.in/delhi/khan-market-hood-guide-shop-eat-drink/
138,khan market delhi,368000,15,2760,$0.03,1,30,https://lbb.in/delhi/khan-market-hood-guide-shop-eat-drink/
139,hussain sagar in hyderabad,368000,23,1582,$0.12,12,31,https://lbb.in/hyderabad/hussain-sagar-things-to-do/
140,rajouri delhi,368000,69,772,$0.14,3,25,https://lbb.in/delhi/locality/rajouri-garden-delhi/
141,swimming pool,368000,17,4158,$0.21,21,54,https://lbb.in/delhi/swimming-pools-noida/
142,select city walk,368000,26,883,$0,9,45,https://lbb.in/delhi/select-citywalk-65aad0/
143,science city,368000,27,809,$0.11,5,46,https://lbb.in/kolkata/science-city-in-kolkata/
144,khan market in new delhi,368000,17,2760,$0.09,1,29,https://lbb.in/delhi/khan-market-hood-guide-shop-eat-drink/
145,chembur in mumbai,368000,42,772,$0.13,4,22,https://lbb.in/mumbai/things-to-do-in-chembur-hood-guide/
146,delhi khan market,368000,15,3348,$0.03,1,28,https://lbb.in/delhi/khan-market-hood-guide-shop-eat-drink/
147,express avenue,301000,39,772,$0.63,12,51,https://lbb.in/chennai/mall/express-avenue-mall-chennai/
148,bannerghatta national park,368000,37,772,$0.32,4,44,https://lbb.in/bangalore/bannerghatta-biological-park/
149,grocery stores and,301000,19,1775,$0.18,1,34,https://lbb.in/delhi/grocery-stores-in-delhi/
150,film malayalam movie,301000,35,632,$0.02,1,59,https://lbb.in/all/best-malayalam-movies/
151,dance lessons near me,301000,8,19835,$0.30,5,36,https://lbb.in/delhi/dance-schools-noida/
152,badminton court near me,246000,33,632,$0.14,6,36,https://lbb.in/mumbai/badminton-courts-mumbai/
153,mantri square mall bangalore,301000,47,632,$0.08,5,28,https://lbb.in/places/Mantri-Square-malleshwaran-ea9973/
154,begumpet in hyderabad,301000,56,632,$0.11,5,27,https://lbb.in/hyderabad/locality/begumpet-hyderabad/
155,jayanagar 4th block,301000,3,91504,$0.14,7,45,https://lbb.in/bangalore/jayanagars-shopping-complex/
156,dance classes near me,301000,10,10173,$0.42,5,36,https://lbb.in/delhi/dance-classes-in-gurgaon-studios-academies/
157,city centre mall,246000,37,632,$0.04,7,45,https://lbb.in/hyderabad/mall/city-centre-mall-hyderabad/
158,pet shop near me,246000,11,5929,$0.24,14,35,https://lbb.in/delhi/pet-shops-gurgaon/
159,vasant kunj new delhi,301000,29,662,$0.09,6,25,https://lbb.in/delhi/the-kunj-vasant-kunj/
160,malayalam a films,301000,24,812,$0.49,1,64,https://lbb.in/all/best-malayalam-movies/
161,movie in malayalam,301000,25,812,$0.11,1,35,https://lbb.in/all/best-malayalam-movies/
162,crawford market mumbai,12100,10,10173,$0,1,16,https://lbb.in/mumbai/things-to-do-in-crawford-market/
163,st art,301000,54,632,$0.06,1,48,https://lbb.in/bangalore/start-india-street-art-festival-bangalore/
164,rajajinagar,301000,47,632,$0.22,5,62,https://lbb.in/bangalore/locality/rajaji-nagar-bangalore/
165,powai,246000,44,632,$0.19,11,64,https://lbb.in/mumbai/things-to-do-powai/
166,mumbai ghatkopar,301000,22,993,$0.13,4,27,https://lbb.in/mumbai/things-to-do-in-ghatkopar/
167,howrah bridge,246000,23,1294,$0.02,5,49,https://lbb.in/kolkata/iconic-howrah-bridge/
168,begumpet hyderabad,301000,60,632,$0.12,5,27,https://lbb.in/hyderabad/locality/begumpet-hyderabad/
169,delhi vasant vihar,301000,39,632,$0.11,4,23,https://lbb.in/delhi/locality/vasant-vihar-delhi/
170,nexus shantiniketan,246000,49,632,$0.90,15,52,https://lbb.in/places/Nexus-Shantiniketan-krishnaraja-puram-a51352/
171,dance course near me,301000,7,48762,$0.05,5,35,https://lbb.in/delhi/dance-schools-noida/
172,crawford market india,301000,20,1294,$0.05,1,19,https://lbb.in/mumbai/things-to-do-in-crawford-market/
173,film malayalam,1900,28,632,$0,1,18,https://lbb.in/all/best-malayalam-movies/
174,pet shops close to me,301000,9,14116,$0.18,16,33,https://lbb.in/delhi/pet-shops-gurgaon/
175,malayalam movies malayalam movies,301000,17,2739,$0.09,1,34,https://lbb.in/all/best-malayalam-movies/
176,crawford market in mumbai,12100,9,14116,$0,1,8,https://lbb.in/mumbai/things-to-do-in-crawford-market/
177,commercial street,301000,10,10173,$0.83,9,50,https://lbb.in/bangalore/shopping-at-commercial-street/
178,jp nagar,301000,22,993,$0.21,14,52,https://lbb.in/bangalore/locality/jp-nagar-bangalore/
179,ghatkopar,246000,27,722,$0.30,5,62,https://lbb.in/mumbai/things-to-do-in-ghatkopar/
180,dancing schools near me,301000,7,29287,$0.07,6,16,https://lbb.in/delhi/dance-schools-noida/
181,dance studios close to me,301000,6,48762,$0.06,7,20,https://lbb.in/delhi/dance-schools-noida/
182,crawford market,246000,12,5929,$0,1,48,https://lbb.in/mumbai/things-to-do-in-crawford-market?ref=lbbpost
183,liquor shop near me,301000,42,632,$0,1,34,https://lbb.in/delhi/wine-beer-shops-delhi/
184,las vegas mall shopping,301000,15,4515,$0.44,5,40,https://lbb.in/delhi/vegas-mall-dwarka/
185,botany garden,301000,19,2257,$0.07,4,52,https://lbb.in/mumbai/botanical-garden-colaba/
186,mal movie,301000,51,632,$0.49,1,63,https://lbb.in/all/best-malayalam-movies/
187,new delhi vasant kunj,301000,19,1685,$0.12,4,33,https://lbb.in/delhi/the-kunj-vasant-kunj/
188,mall vegas,301000,18,2739,$0.11,5,59,https://lbb.in/delhi/vegas-mall-dwarka/
189,malayalam malayalam movie,301000,25,722,$0.49,1,49,https://lbb.in/all/best-malayalam-movies/
190,kompally,301000,71,632,$0.10,6,62,https://lbb.in/hyderabad/locality/kompally-hyderabad/
191,malls,368000,10,8314,$0.42,3,61,https://lbb.in/bangalore/best-malls-in-bangalore/
192,mall,246000,18,2238,$0.25,3,61,https://lbb.in/bangalore/best-malls-in-bangalore/
193,r city,246000,41,516,$0.23,7,41,https://lbb.in/mumbai/r-city-mall/
194,bicycle rent near me,246000,41,516,$0.05,22,41,https://lbb.in/bangalore/bicycle-rental-bangalore/
195,pharmeasy,246000,25,516,$0.13,41,73,https://lbb.in/mumbai/pharmeasy-77164a/
196,janak puri delhi,246000,53,516,$0.11,4,25,https://lbb.in/delhi/locality/janakpuri-delhi/
197,south city mall of kolkata,246000,21,1057,$0.10,6,41,https://lbb.in/kolkata/mall/south-city-mall-kolkata/
198,delhi janakpuri,246000,46,516,$0.14,5,26,https://lbb.in/delhi/locality/janakpuri-delhi/
199,rohini cinema,246000,19,1845,$0.09,4,21,https://lbb.in/chennai/rohini-silver-screens-koyambedu-5ecd74/
200,yoga classes near me,246000,18,1451,$0.23,14,39,https://lbb.in/mumbai/yoga-studios-mumbai/
201,nurseries close to me,246000,6,23935,$0.08,10,23,https://lbb.in/mumbai/best-plant-nurseries/
202,sanjay gandhi national park mumbai,246000,34,516,$0.13,7,29,https://lbb.in/mumbai/beginners-guide-sanjay-gandhi-national-park/
203,punjabi bagh delhi,246000,35,516,$0.08,5,44,https://lbb.in/delhi/locality/punjabi-bagh-delhi/
204,ambience mall vasant kunj,201000,25,565,$0.62,8,37,https://lbb.in/delhi/mall/ambience-mall-delhi/
205,ambience mall delhi,246000,45,516,$0,8,45,https://lbb.in/delhi/mall/ambience-mall-delhi/
206,play tamil,246000,62,516,$0,1,47,https://lbb.in/chennai/Payanam-A-Tamil-Play-2e55bf/
207,borivali national park,201000,23,1057,$0.50,10,46,https://lbb.in/mumbai/beginners-guide-sanjay-gandhi-national-park/
208,ambience vasant kunj,246000,15,1845,$0.49,4,44,https://lbb.in/delhi/ambience-mall-vasant-kunj-65aacb/
209,cubbon park,246000,68,516,$0.47,6,49,https://lbb.in/bangalore/cubbon-park-greenery/
210,plant nursery close to me,246000,7,23935,$0.08,10,20,https://lbb.in/bangalore/best-nurseries-and-garden-centres-in-bangalore/
211,nurseries for plants near me,246000,9,16211,$0.08,9,22,https://lbb.in/hyderabad/best-nurseries-garden-stores/
212,museums museum,246000,14,4846,$0.16,1,19,https://lbb.in/pune/museums-in-pune/
213,shopping malls near me,246000,9,11537,$0.30,19,40,https://lbb.in/bangalore/best-malls-in-bangalore/
214,museum,246000,69,516,$1.27,1,61,https://lbb.in/pune/museums-in-pune/
215,ambience mall delhi vasant kunj,246000,21,811,$0.20,7,24,https://lbb.in/delhi/Vasant-kunj-malls/
216,salons near me,165000,37,516,$0.41,24,50,https://lbb.in/mumbai/best-salons-women-mumbai/
217,sanjay gandhi national parks,246000,45,516,$0.07,9,36,https://lbb.in/mumbai/beginners-guide-sanjay-gandhi-national-park/
218,plant nursery closest to me,246000,7,23935,$0.08,10,20,https://lbb.in/bangalore/best-nurseries-and-garden-centres-in-bangalore/
219,ice cream near me,201000,15,2779,$0.36,5,36,https://lbb.in/mumbai/best-iconic-ice-cream-parlours-in-mumbai/
220,hire bicycle near me,50,12,4846,$0.06,55,22,https://lbb.in/delhi/bikes-rent-delhi/
221,bangalore yeshwanthpur,246000,50,516,$0.20,4,49,https://lbb.in/bangalore/locality/yeshwantpur-bangalore/
222,sanjay gandhi national park in mumbai,246000,37,516,$0.07,9,44,https://lbb.in/mumbai/beginners-guide-sanjay-gandhi-national-park/
223,beer shop near me,246000,27,541,$0,1,34,https://lbb.in/delhi/big-way-wine-beer-65f5b1/
224,yoga clubs near me,246000,17,1845,$0.14,12,26,https://lbb.in/delhi/yoga-classes-gurgaon/
225,museum museum,246000,25,811,$0.45,1,54,https://lbb.in/delhi/museums-in-delhi/
226,kankaria lake,201000,35,516,$0.53,5,49,https://lbb.in/all/kankaria-lake-ahemdabad/
227,nursery near me,246000,15,2779,$0.10,8,45,https://lbb.in/bangalore/best-nurseries-and-garden-centres-in-bangalore/
228,bicycle rental near me,246000,47,516,$0.05,22,41,https://lbb.in/bangalore/bicycle-rental-bangalore/
229,janpath market new delhi delhi,201000,7,9426,$0.02,1,28,https://lbb.in/delhi/janpath-shopping-guide/
230,janpath market,201000,8,13245,$0,1,47,https://lbb.in/delhi/janpath-shopping-guide/
231,gurgaon sector 14,201000,49,422,$0.23,9,45,https://lbb.in/delhi/locality/sector-14-gurgaon/
232,forum mall,165000,38,422,$0.04,5,49,https://lbb.in/bangalore/mall/forum-mall-bangalore/
233,perfumes for men,201000,40,422,$0.08,100,73,https://lbb.in/all/perfumes-for-men-buy-online/
234,perfume for men fragrance,201000,11,3959,$0.08,100,24,https://lbb.in/all/perfumes-for-men-buy-online/
235,new delhi lajpat nagar market,201000,20,1025,$0.08,1,21,https://lbb.in/delhi/ethnic-wear-lajpat-nagar/
236,sarojini in delhi,201000,10,5145,$0.13,4,31,https://lbb.in/delhi/sarojini-nagar-shopping-guide/
237,nearest wine shops,201000,27,462,$0,1,12,https://lbb.in/kolkata/shops-in-kolkata-for-wines/
238,mother's day gifts,49500,44,422,$0.11,79,58,https://lbb.in/all/mothers-day-gifts/
239,men's perfume fragrance,201000,37,422,$0.08,100,42,https://lbb.in/all/perfumes-for-men-buy-online/
240,lajpat nagar delhi market,165000,15,3015,$0,2,35,https://lbb.in/delhi/ethnic-wear-lajpat-nagar/
241,lajpat market,165000,30,422,$0,2,20,https://lbb.in/delhi/things-to-do-in-lajpat-nagar-in-delhi/
242,defence colony,201000,37,422,$0.15,4,49,https://lbb.in/delhi/defence-colony-hood-guide-cheap-booze-groceries-and-an-art-gallery/
243,haircut men's,201000,54,422,$0.34,1,26,https://lbb.in/mumbai/grooming-men-salons-mumbai/
244,pub near me,246000,13,3015,$0.21,10,46,https://lbb.in/delhi/best-bars-pubs-noida/
245,perfume for male,246000,32,422,$0.07,100,34,https://lbb.in/all/perfumes-for-men-buy-online/
246,oia bangalore,201000,18,1507,$0.33,9,50,https://lbb.in/bangalore/oia-hennur-bangalore/
247,male fragrances,201000,41,422,$0.07,99,40,https://lbb.in/all/perfumes-for-men-buy-online/
248,fragrances perfume for men,201000,11,3015,$0.08,100,29,https://lbb.in/all/perfumes-for-men-buy-online/
249,delhi sarojini nagar,165000,29,442,$0,7,45,https://lbb.in/delhi/sarojni-nagar-delhis-irreplaceable-street-fashion-paradise-067cc5/
250,royal meenakshi mall bangalore,201000,20,864,$0.12,6,27,https://lbb.in/bangalore/royal-meenakshi-mall-12bfb6/
251,indo western women,201000,33,422,$0.02,100,18,https://lbb.in/all/indo-western-outfit-ideas-women/
252,sarojini new delhi,201000,17,1507,$0.13,4,20,https://lbb.in/delhi/sarojini-nagar-shopping-guide/
253,mapusa goa,22200,10,6793,$0.24,5,26,https://lbb.in/goa/mapusa-market-five-reasons/
254,lip gloss in lips,165000,33,422,$0.03,98,36,https://lbb.in/all/best-lip-gloss/
255,lajpat nagar market,165000,31,422,$0,2,29,https://lbb.in/delhi/things-to-do-in-lajpat-nagar-in-delhi/
256,jio world drive,201000,11,3015,$0.60,6,44,https://lbb.in/mumbai/jio-world-drive-fun-activities-apart-from-shopping-and-eating/
257,forum south bengaluru,165000,40,422,$0.16,13,23,https://lbb.in/places/Forum-South-Bengaluru-a5136e/
258,dulquer salmaan film,201000,36,422,$0,1,48,https://lbb.in/hyderabad/best-dulquer-salmaan-movies/
259,sarojini nagar in delhi,201000,14,3015,$0.13,4,25,https://lbb.in/delhi/sarojini-nagar-shopping-guide/
260,nilambur city,201000,30,422,$0.07,1,19,https://lbb.in/chennai/places-to-visit-in-nilambur-kerala-chennai/
261,lip gloss,135000,38,422,$0.07,97,77,https://lbb.in/all/best-lip-gloss/
262,cleaners for clothes near me,201000,12,3959,$0.25,26,19,https://lbb.in/mumbai/laundry-services-in-mumbai/
263,wine near me,201000,21,864,$0,1,42,https://lbb.in/delhi/wine-beer-shops-delhi/
264,royal meenakshi mall,201000,15,1507,$0.25,6,44,https://lbb.in/bangalore/royal-meenakshi-mall-12bfb6/
265,candolim beach goa,3600,29,442,$0.23,10,20,https://lbb.in/goa/candolim-beach-8b2dcf/
266,ashok vihar in delhi,201000,55,422,$0.10,3,23,https://lbb.in/delhi/locality/ashok-vihar-phase-1-delhi/
267,mother's day gift,49500,43,422,$0.15,31,37,https://lbb.in/all/mothers-day-gifts/
268,sector 29 gurugram,201000,60,422,$0.20,9,28,https://lbb.in/delhi/locality/sector-29-gurgaon/
269,sarojini nagar new delhi,201000,76,422,$0.13,4,23,https://lbb.in/delhi/locality/sarojini-nagar-delhi/
270,lajpat nagar market delhi,165000,22,663,$0,2,35,https://lbb.in/delhi/ethnic-wear-lajpat-nagar/
271,delhi janpath market,201000,30,442,$0.15,1,27,https://lbb.in/delhi/tibetan-market-delhi/
272,gloss on lips,165000,91,422,$0.03,98,30,https://lbb.in/all/best-lip-gloss/
273,sector 14 gurgaon,201000,57,422,$0.23,9,45,https://lbb.in/delhi/locality/sector-14-gurgaon/
274,sec29 gurgaon,201000,49,422,$0.13,4,20,https://lbb.in/delhi/locality/sector-29-gurgaon/
275,lipgloss,135000,38,422,$0.08,98,90,https://lbb.in/all/best-lip-gloss/
276,kalyan nagar,201000,15,1507,$0.39,7,50,https://lbb.in/bangalore/locality/kalyan-nagar-bangalore/
277,sector 29,201000,72,422,$0.23,4,49,https://lbb.in/delhi/restaurants-sector-29-gurgaon/
278,laundry near me,201000,11,3959,$0.26,27,51,https://lbb.in/mumbai/laundry-services-in-mumbai/
279,lajpat nagar market new delhi,201000,27,422,$0.06,1,21,https://lbb.in/delhi/things-to-do-in-lajpat-nagar-in-delhi/
280,tiffin service near me,201000,11,5145,$0.07,9,37,https://lbb.in/delhi/affordable-tiffin-services-delhi/
281,pubs close to me,201000,11,5145,$0.09,11,38,https://lbb.in/delhi/best-bars-pubs-noida/
282,market lajpat nagar,201000,31,422,$0.08,1,22,https://lbb.in/delhi/ethnic-wear-lajpat-nagar/
283,candolim beach goa india,201000,33,422,$0.17,7,25,https://lbb.in/goa/candolim-beach-8b2dcf/
284,bookstore close to me,201000,7,19557,$0.03,4,36,https://lbb.in/delhi/book-stores-gurgaon/
285,cleaner for clothes near me,201000,12,3959,$0.28,30,24,https://lbb.in/mumbai/laundry-services-in-mumbai/
286,rr nagar bangalore,246000,59,422,$0.10,5,26,https://lbb.in/bangalore/locality/rajarajeshwari-nagar-bangalore/
287,shiva temple bangalore,201000,16,1507,$0.03,5,44,https://lbb.in/bangalore/citys-400-years-old-beautiful-7b2c20/
288,meenakshi mall,201000,21,663,$0.23,7,50,https://lbb.in/bangalore/mall/royal-meenakshi-mall-bangalore/
289,lip gloss lips,201000,41,422,$0.02,97,29,https://lbb.in/all/best-lip-gloss/
290,ramamurthy nagar bangalore,201000,65,422,$0.13,6,28,https://lbb.in/bangalore/locality/ramamurthy-nagar-bangalore/
291,gurgaon 29 sector,201000,53,422,$0.13,4,20,https://lbb.in/delhi/locality/sector-29-gurgaon/
292,candolim beach in goa,201000,64,422,$0.18,6,23,https://lbb.in/goa/candolim-beach-8b2dcf/
293,cloth washing price,201000,29,462,$0.05,98,25,https://lbb.in/delhi/laundromats-in-the-city-wash-dry-clean-clothes-fold/
294,lajpat nagar market in delhi,165000,18,1125,$0,2,35,https://lbb.in/delhi/ethnic-wear-lajpat-nagar/
295,delhi kamla nagar,165000,9,5577,$0.13,4,21,https://lbb.in/delhi/kohlapur-road-kamla-nagar/
296,preet vihar delhi,135000,40,346,$0,9,45,https://lbb.in/delhi/locality/preet-vihar-delhi/
297,best perfume scent for men,165000,18,973,$0.08,99,36,https://lbb.in/all/perfumes-for-men-buy-online/
298,tailor shop near me,135000,45,346,$0.61,7,37,https://lbb.in/delhi/broken-zips-open-hems-3-markets-gurgaon-tailors-every-kind-alteration/
299,play arena,135000,15,1501,$0.12,14,52,https://lbb.in/bangalore/play-arena-sarjapur/
300,ear piercings on ear,165000,9,5577,$0.08,18,19,https://lbb.in/all/types-of-ear-piercings/
301,garuda mall bangalore,135000,21,709,$0.09,12,23,https://lbb.in/bangalore/garuda-mall-e232f7/
302,anime movie,165000,48,346,$0.15,1,47,https://lbb.in/all/best-anime-movies/
303,taj bandra lands end,165000,27,346,$0.36,28,40,https://lbb.in/mumbai/taj-lands-end-bandra-d18417/
304,standi,135000,20,841,$0.02,1,18,https://lbb.in/shop/product/standi-desk-standard/
305,shoes to run,165000,61,346,$0.02,100,50,https://lbb.in/all/top-running-shoes-men/
306,shadab hyderabad,165000,26,445,$0.06,2,35,https://lbb.in/hyderabad/shadab-130-6285ea/
307,shadab hotel restaurant,165000,25,445,$0.06,2,26,https://lbb.in/hyderabad/shadab-hotel/
308,okhla bird sanctuary delhi,165000,43,346,$0,4,36,https://lbb.in/delhi/okhla-bird-sanctuary-593709/
309,nungambakkam chennai,165000,66,346,$0.17,7,23,https://lbb.in/chennai/locality/nungambakkam-chennai/
310,mumbai lower parel,165000,32,346,$0.12,5,20,https://lbb.in/mumbai/mills-in-lower-parel/
311,mehrauli,165000,22,709,$0.25,7,63,https://lbb.in/delhi/locality/mehrauli-delhi/
312,anime movies,165000,54,346,$0.05,1,47,https://lbb.in/all/best-anime-movies/
313,best male fragrances,165000,39,346,$0.08,99,34,https://lbb.in/all/perfumes-for-men-buy-online/
314,acropolis mall,165000,12,2475,$0.39,4,49,https://lbb.in/kolkata/here-are-things-to-do-acropolis-mall-kolkata/
315,cabo de rama beach in goa,165000,20,973,$0.16,1,28,https://lbb.in/goa/cabo-de-rama-beach-7bef48/
316,nail extension,165000,28,544,$0.34,96,76,https://lbb.in/delhi/best-nail-salons-delhi-ncr/
317,okhla bird sanctuary,165000,34,346,$0,4,44,https://lbb.in/delhi/okhla-bird-sanctuary-593709/
318,spencer plaza shopping mall chennai,135000,9,3250,$0.17,6,23,https://lbb.in/chennai/spencer-plaza-chennai/
319,best scent for men,165000,29,346,$0.05,100,65,https://lbb.in/all/perfumes-for-men-buy-online/
320,taj lands end bandra,165000,16,973,$0.22,24,42,https://lbb.in/mumbai/taj-lands-end-bandra-62fdd0/
321,spencer mall chennai,165000,27,346,$0.16,6,27,https://lbb.in/chennai/spencer-plaza-73c290/
322,salons for men near me,165000,11,4224,$0.27,14,39,https://lbb.in/hyderabad/mens-salon-hyderabad/
323,cabo de rama beach,110000,23,709,$0.12,2,35,https://lbb.in/goa/cabo-de-rama-beach-7bef48/
324,lower parel,165000,23,709,$0.18,10,51,https://lbb.in/mumbai/mills-in-lower-parel/
325,toy shop near me,165000,11,3250,$0.39,19,34,https://lbb.in/hyderabad/top-toy-stores/
326,garuda mall,165000,17,973,$0.02,7,50,https://lbb.in/bangalore/garuda-mall-e232f7/
327,rt nagar bangalore,165000,56,346,$0.15,6,24,https://lbb.in/bangalore/locality/rt-nagar-bangalore/
328,sarojini market in delhi,135000,22,709,$0.04,1,22,https://lbb.in/delhi/sarojini-nagar-shopping-guide/
329,salon,246000,25,396,$0.39,3,83,https://lbb.in/mumbai/best-salons-women-mumbai/
330,kp pune,165000,8,5577,$0.23,12,51,https://lbb.in/pune/koregaon-park-pune-hood-guide/
331,earring piercing,165000,28,396,$0.22,5,25,https://lbb.in/all/types-of-ear-piercings/
332,best perfume for men,165000,34,346,$0.08,100,32,https://lbb.in/all/perfumes-for-men-buy-online/
333,toys shop near me,165000,10,4224,$0.34,21,41,https://lbb.in/chennai/best-toy-stores-in-chennai/
334,taj end bandra,165000,18,841,$0.38,31,38,https://lbb.in/mumbai/taj-lands-end-bandra-d18417/
335,spencer plaza mall chennai,135000,9,3250,$0.17,6,24,https://lbb.in/chennai/spencer-plaza-chennai/
336,good perfumes for men,165000,24,544,$0.10,100,24,https://lbb.in/all/perfumes-for-men-buy-online/
337,koregaon park,165000,10,5577,$0.25,7,50,https://lbb.in/pune/koregaon-park-pune-hood-guide/
338,best fragrance perfume for men,165000,36,346,$0.07,99,64,https://lbb.in/all/perfumes-for-men-buy-online/
339,okhla sanctuary,135000,26,445,$0,8,50,https://lbb.in/delhi/okhla-bird-sanctuary-c82b26/
340,bangkok,201000,58,346,$0.48,2,61,https://lbb.in/all/things-to-see-in-bangkok/
341,veg non veg,165000,23,709,$0.05,99,31,https://lbb.in/bangalore/vegnonveg-multi-sneaker-store/
342,nearest toy shop to me,165000,22,709,$0.10,24,32,https://lbb.in/bangalore/toy-stores-in-bangalore/
343,kp in pune,165000,7,7738,$0.17,5,23,https://lbb.in/pune/koregaon-park-pune-hood-guide/
344,esplanade,135000,41,346,$0.29,5,62,https://lbb.in/kolkata/esplanade-in-kolkata/
345,dlf promenade,165000,15,1237,$0.13,4,49,https://lbb.in/delhi/mall/dlf-promenade-delhi/
346,vegan eatery near me,135000,31,346,$0.05,5,27,https://lbb.in/mumbai/mumbai-restaurants-serving-vegan-food/
347,spencer plaza shopping mall,165000,28,346,$0.17,6,20,https://lbb.in/chennai/spencer-plaza-73c290/
348,sarojini market at delhi,165000,21,709,$0.07,1,29,https://lbb.in/delhi/sarojini-nagar-shopping-guide/
349,hotel shadab,110000,22,709,$0,8,50,https://lbb.in/hyderabad/shadab-130-6285ea/
350,borivali west,201000,43,346,$0.16,10,51,https://lbb.in/mumbai/locality/borivali-west-mumbai/
351,borivali east,135000,47,346,$0.10,9,50,https://lbb.in/mumbai/locality/borivali-east-mumbai/
352,benne heritage bangalore dosa,90500,20,841,$0.16,6,24,https://lbb.in/mumbai/benne-dosa-bandra/
353,vidyarthi bhavan,165000,29,363,$6.95,4,49,https://lbb.in/bangalore/vidyarthi-bhavan/
354,the grand venice mall,165000,27,363,$0,8,37,https://lbb.in/places/The-Grand-Venice-Mall-greater-noida-4cf7ff/
355,best fragrance men,165000,44,346,$0.08,99,28,https://lbb.in/all/perfumes-for-men-buy-online/
356,hotel shadab in hyderabad,165000,16,3250,$0.06,2,24,https://lbb.in/hyderabad/shadab-sr-nagar/
357,hair salon near me man,165000,11,5577,$0.13,21,19,https://lbb.in/hyderabad/mens-salon-hyderabad/
358,spencer plaza shopping,165000,11,2475,$0.17,6,22,https://lbb.in/chennai/spencer-plaza-chennai/
359,city center,165000,41,346,$0.14,5,38,https://lbb.in/chennai/mall/citi-center-mall-chennai/
360,k r market,165000,12,5577,$0.05,1,22,https://lbb.in/bangalore/kr-market-bangalore/
361,toli chowki,135000,40,346,$0.05,11,51,https://lbb.in/hyderabad/locality/toli-chowki-hyderabad/
362,india habitat centre delhi,135000,7,6331,$0.38,3,35,https://lbb.in/delhi/visit-india-habitat-centre/
363,grocery,135000,75,283,$0.30,6,62,https://lbb.in/bangalore/online-grocery-shopping-bangalore/
364,fashion street,110000,9,4563,$0.27,14,52,https://lbb.in/pune/fashion-street/
365,manish market mumbai,135000,6,8896,$0.07,1,20,https://lbb.in/mumbai/hallelujah-manish-market-will-get-brand-rip-offs-cheap/
366,manish market in mumbai,135000,7,21870,$0.07,1,25,https://lbb.in/mumbai/best-finds-manish-nagar-shopping-center-andheri/
367,32nd avenue,135000,16,1228,$0.51,11,51,https://lbb.in/delhi/things-to-do-32nd-avenue/
368,worli,110000,47,283,$0.46,10,64,https://lbb.in/mumbai/locality/worli-mumbai/
369,worli mumbai,110000,62,283,$0.46,10,51,https://lbb.in/mumbai/locality/worli-mumbai/
370,visiting spots in hyderabad,165000,63,283,$0.16,12,36,https://lbb.in/hyderabad/top-tourist-places-in-hyderabad/
371,infiniti mall andheri mumbai,135000,17,756,$0.71,6,24,https://lbb.in/mumbai/infiniti-andheri-things-to-do/
372,7 star movie,135000,16,756,$0,1,23,https://lbb.in/delhi/delhis-first-7-star-movie-experience/
373,tourist locations in hyderabad,135000,78,283,$0.10,17,35,https://go.lbb.in/797OTIPC60b
374,retinol cream,135000,42,283,$0.13,99,77,https://lbb.in/all/best-retinol-cream/
375,places in hyderabad to see,135000,74,283,$0.14,16,22,https://lbb.in/hyderabad/things-to-do-hyderabad/
376,go karting close to me,110000,12,3456,$0.05,10,20,https://lbb.in/pune/go-karting-places-in-pune/
377,creams containing retinol,135000,55,283,$0.06,100,44,https://lbb.in/delhi/best-retinol-cream/
378,stationery,165000,21,688,$0.12,16,65,https://lbb.in/mumbai/stationery-shops-mumbai/
379,habitat centre,135000,9,4563,$0.39,4,49,https://lbb.in/delhi/visit-india-habitat-centre/
380,places to see in hyderabad,135000,77,283,$0.14,16,26,https://lbb.in/hyderabad/places-to-visit-in-hyderabad/
381,new delhi gk,135000,39,283,$0.18,4,20,https://lbb.in/delhi/locality/greater-kailash-1-delhi/
382,india habitat centre,135000,7,6331,$0.22,6,44,https://lbb.in/delhi/visit-india-habitat-centre/
383,near barber shop to me,135000,34,283,$0.14,11,70,https://lbb.in/hyderabad/mens-salon-hyderabad/
384,nursery,165000,35,283,$0.05,2,61,https://lbb.in/bangalore/best-nurseries-and-garden-centres-in-bangalore/
385,sector 49 gurgaon,135000,34,283,$0.31,10,46,https://lbb.in/delhi/locality/sector-49-gurgaon/
386,gk new delhi,135000,34,283,$0.12,5,45,https://lbb.in/delhi/greater-kailash-gk-2-m-block-market-guide-restaurant-bakery-delivery/
387,cream containing retinol,135000,51,283,$0.07,100,39,https://lbb.in/all/best-retinol-cream/
388,saravana stores,135000,20,688,$0.05,3,48,https://lbb.in/chennai/saravana-stores-c706c8/
389,tourist point in hyderabad,165000,93,283,$0.11,14,36,https://go.lbb.in/797OTIPC60b
390,tourist places in hyderabad,135000,93,283,$0.17,20,41,https://go.lbb.in/797OTIPC60b
391,the man company,110000,24,364,$0.34,95,71,https://lbb.in/delhi/grooming-products-the-man-company/
392,national park national park,135000,44,283,$0.29,2,53,https://lbb.in/bangalore/national-parks-in-and-around-bangalore/
393,matka in delhi,135000,18,1012,$0.03,1,23,https://lbb.in/delhi/matka-market-clay-home-decor-items/
394,places at hyderabad,110000,83,283,$0.08,25,32,https://go.lbb.in/797OTIPC60b
395,habitat centre delhi,135000,6,6331,$0.39,4,44,https://lbb.in/delhi/visit-india-habitat-centre/
396,go karting near me,90500,13,2025,$0.15,7,35,https://lbb.in/pune/go-karting-places-in-pune/
397,infiniti mall in andheri,135000,16,1012,$0.71,6,27,https://lbb.in/mumbai/infiniti-andheri-things-to-do/
398,andheri west infiniti mall,135000,15,796,$0.71,6,24,https://lbb.in/mumbai/infiniti-andheri-things-to-do/
399,nails,135000,24,580,$0.17,92,88,https://lbb.in/mumbai/best-nail-spas/
400,mumbai manish market,135000,10,8896,$0.03,1,20,https://lbb.in/mumbai/hallelujah-manish-market-will-get-brand-rip-offs-cheap/
401,enjoyable places in hyderabad,165000,46,283,$0.16,12,31,https://lbb.in/hyderabad/things-to-do-in-2023-hyderabad/
402,chepauk stadium,60500,29,310,$0,4,38,https://lbb.in/chennai/chepauk-stadium-45a032/
403,tiger point lonavala,135000,28,310,$0.07,3,43,https://lbb.in/pune/please-pocket-heart-day-trip-tiger-point-lonavala-inr-800/
404,sector 49,135000,45,283,$0.13,6,19,https://lbb.in/delhi/locality/sector-49-gurgaon/
405,gurgaon sector 56,110000,49,283,$0.35,6,44,https://lbb.in/delhi/locality/sector-56-gurgaon/
406,gvk in hyderabad,135000,28,283,$0.11,5,21,https://lbb.in/hyderabad/gvk-one-mall-shopping/
407,tourist place in hyderabad,135000,78,283,$0.14,16,27,https://lbb.in/hyderabad/top-tourist-places-in-hyderabad/
408,infiniti mall andheri west mumbai,135000,19,580,$0.71,6,25,https://lbb.in/mumbai/infiniti-andheri-things-to-do/
409,shanti niketan,90500,28,364,$0.10,5,35,https://lbb.in/kolkata/things-to-do-shantiniketan/
410,places hyderabad,165000,61,283,$0.16,12,38,https://lbb.in/hyderabad/top-tourist-places-in-hyderabad/
411,basavanagudi,135000,32,283,$0.25,6,62,https://lbb.in/bangalore/things-to-do-in-basavanagudi/
412,stationery near me,110000,9,4563,$0.28,4,44,https://lbb.in/hyderabad/best-stationery-shops/
413,seeing places in hyderabad,165000,85,283,$0.11,14,33,https://go.lbb.in/797OTIPC60b
414,places to see in hyd,165000,85,283,$0.16,12,53,https://go.lbb.in/797OTIPC60b
415,mumbai ghatkopar east,135000,43,283,$0.11,5,19,https://lbb.in/mumbai/locality/ghatkopar-east-mumbai/
416,indian habitat centre,135000,6,8896,$0.39,4,44,https://lbb.in/delhi/visit-india-habitat-centre/
417,hyderabad enjoying places,135000,50,283,$0.14,16,38,https://lbb.in/hyderabad/things-to-do-in-2023-hyderabad/
418,places to go in hyderabad,135000,85,283,$0.14,16,30,https://lbb.in/hyderabad/places-to-visit-in-hyderabad/
419,k local,135000,12,1525,$0.61,1,20,https://lbb.in/kolkata/k-local-lounge-city-centre-salt-lake/
420,gurgaon sector 49,135000,37,283,$0.26,6,44,https://lbb.in/delhi/locality/sector-49-gurgaon/
421,badminton court,135000,16,2025,$0.24,2,48,https://lbb.in/mumbai/badminton-courts-mumbai/
422,clothing stores,201000,11,2659,$0.31,6,81,https://lbb.in/pune/best-clothing-stores-in-pune/
423,kolkata barrackpore,135000,37,283,$0.11,2,30,https://lbb.in/kolkata/places-to-visit-barrackpore/
424,kolkata bara bazar,110000,6,21870,$0,10,46,https://lbb.in/kolkata/hood-guide-burrabazaar/
425,zumba classes near me,135000,44,231,$0.39,11,38,https://lbb.in/mumbai/five-fitness-classes-in-mumbai/
426,santacruz east,110000,40,231,$0.19,5,49,https://lbb.in/mumbai/locality/santacruz-east-mumbai/
427,grand venice mall greater noida,110000,22,363,$0,1,35,https://lbb.in/places/The-Grand-Venice-Mall-greater-noida-4cf7ff/
428,goregaon west mumbai,110000,46,231,$0.20,5,21,https://lbb.in/mumbai/locality/goregaon-west-mumbai/
429,goa beach south,110000,37,231,$0.12,13,30,https://lbb.in/goa/best-beaches-in-south-goa/
430,ghatkopar west mumbai,110000,48,231,$0.15,4,21,https://lbb.in/mumbai/locality/ghatkopar-west-mumbai/
431,delhi chandni chowk market,110000,8,5159,$0,1,35,https://lbb.in/delhi/shop-sarees-silver-stationery-chandni-chowk-shopping-guide/
432,niacinamide,110000,69,231,$0.15,94,82,https://go.lbb.in/mVPNlxiAeKb
433,basketball court,90500,34,231,$0.88,1,46,https://lbb.in/mumbai/basketball-courts-to-go-to/
434,color for hair dye,110000,64,231,$0.04,98,49,https://lbb.in/hyderabad/types-of-hair-colour-styles/
435,santosh mitra square,33100,62,231,$0,7,25,https://go.lbb.in/CF33NvmuPSb
436,sanjay nagar in bangalore,90500,43,231,$0.12,4,17,https://lbb.in/bangalore/locality/sanjay-nagar-bangalore/
437,pvr anupam saket new delhi delhi,110000,18,473,$0.05,4,19,https://lbb.in/delhi/pvr-anupam/
438,oily skin sunscreen,110000,84,231,$0.11,100,73,https://lbb.in/all/best-spf-50-for-oily-skin/
439,netaji subhash place delhi,90500,29,231,$0.02,5,34,https://lbb.in/delhi/netaji-subhash-place-9f6359/
440,nail salons near to me,90500,11,2816,$0.25,30,22,https://lbb.in/mumbai/best-nail-spas/
441,mumbai colaba causeway,90500,74,231,$0.24,6,20,https://lbb.in/mumbai/colaba-causeway-6c0731/
442,mango mist,135000,13,1243,$0.26,2,48,https://lbb.in/bangalore/mango-mist-608a27/
443,c r park delhi,110000,15,1001,$0.20,4,36,https://lbb.in/delhi/CR-Park-shopping/
444,guindy park chennai,110000,14,1243,$0.07,4,29,https://lbb.in/chennai/guindy-national-park-chennai/
445,festival,110000,8,5159,$0.62,1,55,https://lbb.in/mumbai/worli-festival-sea-face-mumbai/
446,beach in chennai india,90500,53,231,$0.04,3,43,https://lbb.in/chennai/best-beaches-chennai/
447,aksa beach,110000,41,231,$0.14,5,49,https://lbb.in/mumbai/beaches-hit-instead-famed-aksa-beach/
448,sector 34,110000,55,231,$0.64,11,51,https://lbb.in/delhi/locality/sector-34-gurgaon/
449,santacruz east mumbai,110000,41,231,$0.19,5,44,https://lbb.in/mumbai/locality/santacruz-east-mumbai/
450,nail salon near me,90500,11,2816,$0.31,32,42,https://lbb.in/bangalore/nail-salons-bangalore/
451,mayur vihar,110000,56,231,$0.05,3,48,https://lbb.in/delhi/locality/mayur-vihar-phase-1-delhi/
452,kalyani nagar,110000,37,231,$0.15,7,50,https://lbb.in/pune/locality/kalyani-nagar-pune/
453,gandhi nagar market,110000,6,33440,$0.08,1,30,https://lbb.in/delhi/gandhi-nagar-market/
454,garden of five senses delhi,74000,29,242,$0.42,4,29,https://lbb.in/delhi/garden-of-five-senses/
455,benne dosa,49500,22,473,$0,1,32,https://lbb.in/mumbai/benne-dosa-bandra/
456,beaches chennai,90500,45,231,$0.04,3,25,https://lbb.in/chennai/best-beaches-in-chennai/
457,goregaon west,135000,49,231,$0.19,7,50,https://lbb.in/mumbai/locality/goregaon-west-mumbai/
458,delhi new friends colony,110000,31,231,$0.16,3,36,https://lbb.in/delhi/old-friends-and-new-new-friends-colony-hood-guide/
459,byculla,110000,26,297,$0,8,63,https://lbb.in/mumbai/byculla-in-a-day-heres-d4b817/
460,pilates,90500,74,231,$0.66,1,59,https://lbb.in/mumbai/types-pilates-classes-in-mumbai/
461,oily skin sunscreen cream,110000,89,231,$0.06,100,22,https://lbb.in/delhi/best-spf-50-for-oily-skin/
462,new market,110000,18,825,$0.13,2,21,https://lbb.in/kolkata/things-to-do-in-new-market-besides-shopping-food/
463,nail salon closest to me,110000,3,17820,$0.25,37,19,https://lbb.in/hyderabad/best-nail-salons-hyderabad/
464,list valentine,110000,22,363,$0,1,50,https://lbb.in/all/valentine-gift-ideas-for-her/
465,kalyani nagar pune,110000,33,231,$0.11,7,45,https://lbb.in/pune/locality/kalyani-nagar-pune/
466,near me nail salon,110000,9,5159,$0.25,37,21,https://lbb.in/mumbai/best-nail-spas/
467,mumbai colaba market,110000,10,2816,$0.20,1,24,https://lbb.in/mumbai/high-street-shopping-colaba-causeway-market/
468,zumba fitness classes near me,135000,9,5159,$0.39,11,38,https://lbb.in/mumbai/zumba-classes-post-work/
469,sunscreen lotion oily skin,110000,79,231,$0.06,100,14,https://lbb.in/delhi/best-spf-50-for-oily-skin/
470,manicure salon near me,110000,7,10703,$0.25,37,19,https://lbb.in/hyderabad/best-nail-salons-hyderabad/
471,court basket,110000,41,231,$0.13,2,53,https://lbb.in/mumbai/basketball-courts-to-go-to/
472,chandni chowk market new delhi,110000,7,5159,$0.02,1,29,https://lbb.in/delhi/shop-sarees-silver-stationery-chandni-chowk-shopping-guide/
473,chandni chowk market in delhi,110000,8,5159,$0,1,34,https://lbb.in/delhi/shop-sarees-silver-stationery-chandni-chowk-shopping-guide/
474,valentine list,165000,16,649,$2.72,1,51,https://lbb.in/delhi/valentines-day-gifting-guide/
475,urban ladder,135000,16,1243,$0.14,100,78,https://lbb.in/delhi/urban-ladder-625006/
476,trends reliance,135000,27,297,$0.03,40,60,https://lbb.in/mumbai/reliance-trends-7344e6/
477,grand venice mall,110000,24,264,$0,1,43,https://lbb.in/places/The-Grand-Venice-Mall-greater-noida-4cf7ff/
478,goa beaches south,110000,56,231,$0.10,17,28,https://lbb.in/goa/best-beaches-in-south-goa/
479,city centre 2,90500,3,17820,$0,5,42,https://lbb.in/kolkata/mall/city-centre-2-mall-kolkata/
480,key maker near by me,110000,6,10703,$0.09,23,41,https://lbb.in/pune/lost-key-call-24-hour-key-makers-pune-help/
481,santacruz in mumbai,110000,42,231,$0.21,4,23,https://lbb.in/mumbai/locality/santacruz-west-mumbai/
482,pets,110000,20,649,$0.52,2,65,https://lbb.in/pune/-2e7e8c/
483,hauz khas village,90500,49,231,$0.49,5,42,https://lbb.in/delhi/hauz-khas-village-guide/
484,automobiles and accessories,110000,44,231,$0.02,89,55,https://lbb.in/pune/car-accessories-in-pune/
485,agonda goa,90500,33,231,$0.38,4,47,https://lbb.in/goa/travel-guide-to-agonda-beach-goa/
486,chennai guindy park,110000,20,616,$0.10,3,29,https://lbb.in/chennai/guindy-national-park-chennai/
487,chandni chowk market new delhi delhi,110000,7,7249,$0.36,1,38,https://lbb.in/delhi/shop-sarees-silver-stationery-chandni-chowk-shopping-guide/
488,manicure places near me,90500,20,561,$0.23,27,23,https://lbb.in/mumbai/best-nail-spas/
489,sanjay nagar,90500,45,231,$0.10,4,47,https://lbb.in/bangalore/locality/sanjay-nagar-bangalore/
490,new friends colony,110000,13,1650,$0.27,5,44,https://lbb.in/delhi/old-friends-and-new-new-friends-colony-hood-guide/
491,delhi hauz khas village,90500,36,231,$0.24,3,27,https://lbb.in/delhi/hauz-khas-village-guide/
492,chandni chowk market,110000,10,2816,$0,1,42,https://lbb.in/delhi/shop-sarees-silver-stationery-chandni-chowk-shopping-guide/
493,zumba fitness class near me,110000,12,2167,$0.07,11,22,https://lbb.in/mumbai/zumba-classes-post-work/
494,shastri park,110000,31,231,$0,2,48,https://lbb.in/delhi/locality/shastri-park-delhi/
495,sector 27,90500,37,231,$0.18,6,47,https://lbb.in/delhi/locality/sector-27-gurgaon/
496,santacruz west,90500,38,231,$0.21,6,47,https://lbb.in/mumbai/locality/santacruz-west-mumbai/
497,salon and nails near me,110000,9,2816,$0.24,36,19,https://lbb.in/hyderabad/best-nail-salons-hyderabad/
498,garden of 5 senses,60500,41,231,$0.14,2,23,https://lbb.in/delhi/garden-of-five-senses/
499,oily skin sunblock,110000,34,231,$0.06,100,14,https://go.lbb.in/iWllo8d9SXb
500,nehru park,110000,31,242,$0,3,48,https://lbb.in/delhi/nehru-park-delhi/
501,near me zumba class,110000,10,3718,$0.09,10,32,https://lbb.in/mumbai/zumba-classes-post-work/
502,kalyani nagar pune maharashtra,110000,50,231,$0.09,5,20,https://lbb.in/pune/locality/kalyani-nagar-pune/
503,colaba causeway mumbai,90500,16,825,$0.15,7,20,https://lbb.in/mumbai/high-street-shopping-colaba-causeway-market/
504,sunblock for oily skin,110000,37,231,$0.15,100,65,https://lbb.in/delhi/best-spf-50-for-oily-skin/
505,sun protection for oily skin,110000,72,231,$0.06,100,15,https://lbb.in/all/best-spf-50-for-oily-skin/
506,santacruz west mumbai,110000,41,231,$0.18,5,20,https://lbb.in/mumbai/locality/santacruz-west-mumbai/
507,cr park delhi,110000,16,1001,$0.15,4,20,https://lbb.in/delhi/CR-Park-shopping/
508,chandni chowk delhi market,110000,8,7249,$0,1,34,https://lbb.in/delhi/shop-sarees-silver-stationery-chandni-chowk-shopping-guide/
509,loco bear the ultimate entertainment hub,90500,28,242,$0.10,7,20,https://lbb.in/bangalore/loco-bear-koramangala/
510,carnatic cafe,110000,12,2816,$0.03,4,49,https://lbb.in/delhi/best-dosas-carnatic-cafe/
511,body wash,90500,47,231,$0.54,99,50,https://lbb.in/bangalore/best-body-wash-online/
512,nail parlour near me,90500,7,7249,$0.36,28,41,https://lbb.in/hyderabad/best-nail-salons-hyderabad/
513,mayur vihar delhi,110000,52,231,$0.05,3,43,https://lbb.in/delhi/locality/mayur-vihar-phase-1-delhi/
514,beach in chennai,90500,73,231,$0.14,3,41,https://lbb.in/chennai/best-beaches-chennai/
515,chutneys,110000,21,616,$0.20,6,62,https://lbb.in/hyderabad/chutneys-south-indian-restaurants/
516,lonavala railway station,110000,35,231,$0,1,43,https://lbb.in/pune/everyones-favourite-hill-station-lonavala-02bef2/
517,sunscreen for oily skin,110000,49,231,$0.09,99,64,https://go.lbb.in/iWllo8d9SXb
518,sanjay nagar bangalore,110000,33,231,$0.11,4,19,https://lbb.in/bangalore/locality/sanjay-nagar-bangalore/
519,rmz ecoworld,110000,42,231,$1.82,7,50,https://lbb.in/bangalore/things-to-do-in-rmz-eco-world-bellandur/
520,market chandni chowk,110000,11,3718,$0.36,1,38,https://lbb.in/delhi/shop-sarees-silver-stationery-chandni-chowk-shopping-guide/
521,sights to see in mumbai,110000,30,231,$0.08,26,40,https://lbb.in/mumbai/gaming-activities-in-mumbai/
522,nsp delhi,90500,39,231,$0.02,5,47,https://lbb.in/delhi/locality/netaji-subhash-place-delhi/
523,near me key maker,110000,8,5159,$0.12,20,41,https://lbb.in/pune/lost-key-call-24-hour-key-makers-pune-help/
524,red wine,135000,27,264,$0.77,1,47,https://lbb.in/all/red-wine-brands/
525,garden of five senses,74000,28,297,$0.74,5,29,https://lbb.in/delhi/garden-of-five-senses/
526,body wash body wash,110000,54,231,$0.12,99,30,https://lbb.in/bangalore/best-body-wash-online/
527,bhandardara,110000,21,473,$0.12,1,61,https://lbb.in/all/bhandardara-places-to-see/
528,boutiques near me,110000,10,3718,$0.46,21,49,https://lbb.in/bangalore/boutiques-bangalore/
529,hauz khas village in delhi,110000,33,231,$0.22,3,40,https://lbb.in/delhi/hauz-khas-village-guide/
530,gandhinagar market,110000,7,17820,$0,1,48,https://lbb.in/delhi/gandhi-nagar-market/
531,nail salon close by me,110000,7,10703,$0.24,36,21,https://lbb.in/bangalore/nail-salons-bangalore/
532,butterfly beach,110000,28,264,$0.26,2,48,https://lbb.in/goa/butterfly-beach-7bed90/
533,ice cream parlour near me,90500,10,3718,$0.34,5,34,https://lbb.in/mumbai/best-iconic-ice-cream-parlours-in-mumbai/
534,vedic spa resort kolkata,90500,23,244,$0.16,27,26,https://lbb.in/kolkata/vedic-village-resort-a6870f/
535,queensland theme park chennai,110000,21,461,$0.15,2,28,https://lbb.in/chennai/queensland-f3bc98/
536,jail road,74000,8,3058,$0,3,41,https://lbb.in/delhi/on-the-jail-road-8-places-to-get-a-desi-food-fix-tihar-street-food-2/
537,gopalan innovation mall bangalore,90500,32,190,$0.28,7,20,https://lbb.in/bangalore/activities-at-gopalan-innovation-mall/
538,events,90500,55,190,$0.28,2,55,https://lbb.in/mumbai/events-to-attend-in-mumbai/
539,mgm dizzee,110000,21,298,$0.24,3,33,https://lbb.in/chennai/mgm-dizee-world-17cb21/
540,shilparamam in hyderabad,90500,27,244,$0,2,41,https://lbb.in/hyderabad/shilparamam-craft-village-b5906f/
541,san thome cathedral,90500,33,190,$0.09,7,36,https://lbb.in/chennai/st-thomas-cathedral-basilica-santhome-fd0d31/
542,restaurant with vegan,90500,35,190,$0.09,3,21,https://lbb.in/delhi/vegan-food-restaurants-delhi/
543,prashant corner,74000,25,298,$0.11,6,42,https://lbb.in/mumbai/prashant-corner-thane-farsan/
544,powai lake mumbai,90500,51,190,$0.42,5,42,https://lbb.in/mumbai/powai-lake/
545,photo frame shop near me,90500,13,1782,$0.18,30,42,https://lbb.in/pune/photo-framing-in-pune-kolsa-lane/
546,mumbai carter road,90500,18,533,$0.06,10,30,https://lbb.in/mumbai/carter-road-62fb18/
547,lake mall,90500,15,678,$0,3,46,https://lbb.in/kolkata/mall/lake-mall-kolkata/
548,ikea navi mumbai,90500,8,3058,$0.44,28,49,https://lbb.in/mumbai/ikea-store-navi-mumbai/
549,drinks,90500,78,190,$0.37,1,31,https://lbb.in/all/best-indian-beverage-drinks-brands/
550,dlf emporio in delhi,90500,19,389,$0.21,4,26,https://lbb.in/delhi/dlf-emporio-38395a/
551,bowling close to me,90500,10,3058,$0.09,17,24,https://lbb.in/pune/5-bowling-alleys-pune/
552,toits,90500,20,506,$0.16,5,43,https://lbb.in/bangalore/toit-bangalore/
553,sunset point,74000,17,823,$0,1,41,https://lbb.in/hyderabad/best-sunset-spots-hyderabad/
554,queensland amusement park chennai,110000,22,461,$0.07,5,36,https://lbb.in/chennai/queensland-chennai/
555,market place in mumbai,90500,22,389,$0.07,2,21,https://lbb.in/mumbai/things-to-do-in-crawford-market/
556,leopold café mumbai,90500,28,199,$0.21,4,28,https://lbb.in/mumbai/leopold-cafe/
557,carter road mumbai,90500,18,678,$0,5,42,https://lbb.in/mumbai/bandra-carter-road-social/
558,cafe leopold mumbai,74000,31,190,$0.58,4,37,https://lbb.in/mumbai/leopold-cafe/
559,best sunscreen cream oily skin,90500,50,190,$0.07,99,13,https://lbb.in/delhi/best-spf-50-for-oily-skin/
560,best sunscreen cream for oily skin,90500,33,190,$0.09,100,63,https://lbb.in/delhi/best-spf-50-for-oily-skin/
561,gaming zone near me,74000,7,5963,$0.42,7,30,https://lbb.in/delhi/gaming-arenas-Delhi-NCR/
562,billing bir,90500,59,190,$0.26,1,34,https://lbb.in/delhi/bir-billing-himachal-pradesh-6639dd/
563,dlf emporio mall delhi,74000,16,506,$0,4,29,https://lbb.in/delhi/dlf-emporio-38395a/
564,boutique,90500,19,533,$0.68,2,59,https://lbb.in/bangalore/boutiques-bangalore/
565,marketplace mumbai,90500,39,190,$0.25,1,45,https://lbb.in/mumbai/cloth-markets-in-mumbai/
566,theatre,90500,74,190,$0.22,18,64,https://lbb.in/delhi/theatres-theatre-events-theatre-groups-in-delhi/
567,park trampoline,90500,20,506,$0.08,4,30,https://lbb.in/mumbai/trampoline-parks-mumbai/
568,oily face moisturizer,90500,43,190,$0.06,100,30,https://lbb.in/delhi/best-moisturiser-oily-skin-shop-online/
569,sector 104,90500,37,190,$0.15,6,47,https://lbb.in/delhi/locality/sector-104-noida/
570,mani square in kolkata,90500,16,678,$0.09,4,22,https://lbb.in/kolkata/mani-square-mall-7d11fa/
571,lotion for oily face,90500,40,190,$0.06,100,31,https://lbb.in/delhi/best-moisturiser-oily-skin-shop-online/
572,gaffar market in delhi,74000,8,8805,$0,2,28,https://lbb.in/delhi/gaffar-market-things-to-buy/
573,tiffin near me,90500,23,298,$0.16,6,42,https://lbb.in/delhi/affordable-tiffin-services-delhi/
574,menswear shirt brands,90500,64,190,$0.04,100,18,https://lbb.in/hyderabad/types-of-shirts-for-men/
575,lake near me,60500,20,506,$0,1,32,https://lbb.in/hyderabad/lakes-near-hyderabad/
576,kolkata mani square,90500,18,461,$0.10,4,22,https://lbb.in/kolkata/mani-square-mall-7d11fa/
577,dessert near me,60500,11,2316,$0.34,8,34,https://lbb.in/delhi/best-desserts-delhi/
578,kamla nagar market in delhi,90500,8,5963,$0.05,1,25,https://lbb.in/delhi/kamla-nagar-budget-shopping-guide/
579,bandra east mumbai,74000,46,190,$0.20,6,24,https://lbb.in/mumbai/locality/bandra-east-mumbai/
580,cabo de rama fort,90500,38,190,$0.23,1,33,https://lbb.in/goa/witness-history-cabo-de-rama-fort/
581,bombay exhibition centre mumbai,74000,19,461,$0.42,7,30,https://lbb.in/mumbai/bombay-exhibition-centre-mumbai/
582,best sunscreen for oily face,90500,53,190,$0.09,100,63,https://lbb.in/delhi/best-spf-50-for-oily-skin/
583,best sun cream for oily skin,90500,45,190,$0.08,100,14,https://go.lbb.in/iWllo8d9SXb
584,best spf for oily skin,90500,52,190,$0.08,100,25,https://lbb.in/delhi/best-spf-50-for-oily-skin/
585,westend mall,49500,8,2316,$0,6,34,https://lbb.in/pune/westend-mall/
586,wellness forever,90500,17,678,$0.06,15,50,https://lbb.in/pune/wellness-forever-a05881/
587,vedic village,90500,23,298,$0.15,24,29,https://lbb.in/kolkata/vedic-village-resort-a6870f/
588,moti bagh new delhi,90500,60,190,$0.18,4,22,https://lbb.in/delhi/locality/moti-bagh-delhi/
589,metro inox cinemas marine lines,74000,25,190,$0.04,4,29,https://lbb.in/places/Metro-INOX-Cinemas-marine-lines-17fc72/
590,mapusa bus stand mapusa goa,90500,30,190,$0.08,4,17,https://lbb.in/goa/mapusa-bus-stand-83ef0b/
591,hbr layout,90500,31,190,$0.21,6,47,https://lbb.in/bangalore/locality/hbr-layout-bangalore/
592,bowling places near me,90500,9,4244,$0.05,18,20,https://lbb.in/pune/5-bowling-alleys-pune/
593,bowling closest to me,90500,10,3058,$0.09,17,23,https://lbb.in/pune/5-bowling-alleys-pune/
594,triplicane chennai,90500,62,190,$0.13,5,19,https://lbb.in/chennai/locality/triplicane-chennai/
595,pondy bazaar,74000,12,3058,$0.76,8,43,https://lbb.in/chennai/pondy-bazaar-chennai/
596,bangalore 100 feet road,90500,7,5963,$0.11,5,23,https://lbb.in/bangalore/100-feet-road-indiranagar-bangalore/
597,city centre 1 kolkata,90500,13,1357,$0.20,5,19,https://lbb.in/kolkata/mall/city-centre-1-mall-kolkata/
598,mapusa bus stand,40500,11,1357,$0.10,9,28,https://lbb.in/goa/mapusa-bus-stand-83ef0b/
599,karol bagh market new delhi delhi,90500,11,3058,$0.17,1,24,https://lbb.in/delhi/karol-bagh-hood-guide/
600,nike factory stores,90500,12,1782,$0.10,5,22,https://lbb.in/kolkata/factory-outlets-8076a4/
601,trampoline park,110000,39,190,$0.20,3,48,https://lbb.in/mumbai/trampoline-parks-mumbai/
602,mahalaxmi race course in mumbai,90500,12,1022,$0.09,2,29,https://lbb.in/mumbai/mahalaxmi-race-course-5bbd60/
603,leopold colaba mumbai,90500,29,199,$0.14,4,24,https://lbb.in/mumbai/leopold-cafe/
604,lakes near me,60500,24,298,$0,1,32,https://lbb.in/hyderabad/lakes-near-hyderabad/
605,itc royal bengal,90500,49,190,$0.25,51,56,https://lbb.in/kolkata/ITC-Royal-Bengal-Kolkata/
606,drive in beach kerala,90500,18,461,$0.35,1,23,https://lbb.in/chennai/drive-your-car-on-the-beach-kerala-thalassery/
607,movie malayalam,49500,27,190,$0,1,32,https://lbb.in/all/best-malayalam-movies/
608,blouses readymade,90500,63,190,$0.03,100,24,https://lbb.in/mumbai/ready-made-blouses/
609,factory outlet of nike,90500,12,1782,$0.10,5,22,https://lbb.in/kolkata/factory-outlets-8076a4/
610,dlf avenue saket,90500,38,190,$0,6,42,https://lbb.in/delhi/dlf-place-mall-saket/
611,besant nagar chennai,90500,50,190,$0.13,6,21,https://lbb.in/chennai/things-to-do-in-besant-nagar-chennai/
612,atlantic water world,110000,21,365,$0.37,2,50,https://lbb.in/places/Atlantic-Water-World-new-delhi-1e7251/
613,nike factory outlet store,90500,9,4244,$0.15,6,22,https://lbb.in/kolkata/factory-outlets-8076a4/
614,moisturizer and oily skin,90500,48,190,$0.06,100,20,https://lbb.in/delhi/best-moisturiser-oily-skin-shop-online/
615,dlf street food,74000,15,2316,$0,7,38,https://lbb.in/hyderabad/dlf-street-food/
616,della resorts,90500,41,190,$0.16,48,60,https://lbb.in/mumbai/della-resorts-lonavala-649641/
617,milano ice cream,60500,15,1357,$0.12,10,35,https://lbb.in/bangalore/milano-icecream-indiranagar/
618,best sunblock oily skin,90500,81,190,$0.07,100,26,https://lbb.in/delhi/best-spf-50-for-oily-skin/
619,moisturiser for oily skin,90500,44,190,$0.10,99,62,https://lbb.in/delhi/best-moisturiser-oily-skin-shop-online/
620,lulu mall bangalore,90500,14,678,$0,1,40,https://lbb.in/bangalore/lulu-hypermarket-rajajinagar-bangalore/
621,iconic place,74000,40,190,$0.05,1,44,https://lbb.in/pune/best-places-to-visit-in-pune/
622,golden rashi bhavishya,90500,3,14661,$0,1,40,https://lbb.in/users/shohan-mahabub-677500380097/
623,gaffar delhi,90500,7,14661,$0.07,2,21,https://lbb.in/delhi/gaffar-market-things-to-buy/
624,nursery near me plants,90500,8,5963,$0.08,15,37,https://lbb.in/bangalore/best-nurseries-and-garden-centres-in-bangalore/
625,carter road,90500,18,533,$0,5,47,https://lbb.in/mumbai/bandra-carter-road-social/
626,bowling near me,90500,9,4244,$0.34,8,43,https://lbb.in/pune/5-bowling-alleys-pune/
627,dlf emporio mall,90500,16,533,$0.23,3,41,https://lbb.in/delhi/dlf-emporio-38395a/
628,dlf emporio delhi,74000,15,533,$0.41,4,37,https://lbb.in/delhi/dlf-emporio-8150d0/
629,mani square kolkata,74000,30,190,$0.11,4,25,https://lbb.in/kolkata/mani-square-mall-f20eac/
630,mani square,74000,17,506,$0,8,43,https://lbb.in/kolkata/mani-square-69813e/
631,delhi gaffar market,74000,10,4244,$0,4,37,https://lbb.in/delhi/gaffar-market-things-to-buy/
632,deer park,74000,15,1022,$0,4,42,https://lbb.in/delhi/deer-park-hauz-khas/
633,water kingdom,110000,16,1022,$0.13,2,48,https://lbb.in/mumbai/water-kingdom-5ec739/
634,snooker near me,90500,9,4244,$0.17,2,41,https://lbb.in/hyderabad/snooker-hyderabad/
635,sabyasachi,90500,26,244,$0.33,16,63,https://lbb.in/places/Sabyasachi-9eaf35/
636,nike factory store,110000,19,461,$0.05,12,46,https://lbb.in/bangalore/nike-factory-outlet-hsr-layout-sports-shoes/
637,mumbai leopold cafe,90500,24,298,$0.14,4,35,https://lbb.in/mumbai/leopold-cafe/
638,besant nagar,90500,60,190,$0.19,6,47,https://lbb.in/chennai/things-to-do-in-besant-nagar-chennai/
639,world of wonderland,90500,54,190,$0.15,5,34,https://lbb.in/delhi/worlds-of-wonder-amusement-park-noida/
640,oily face moisturiser,90500,35,190,$0.06,100,24,https://lbb.in/delhi/best-moisturiser-oily-skin-shop-online/
641,mumbai market,90500,18,823,$0.07,2,22,https://lbb.in/mumbai/street-shopping-in-mumbai/
642,karol bagh market new delhi,90500,10,5963,$0.06,1,19,https://lbb.in/delhi/karol-bagh-hood-guide/
643,race course,90500,56,190,$0,3,46,https://lbb.in/hyderabad/hyderabad-race-club/
644,promenade,90500,38,190,$0.14,1,59,https://lbb.in/delhi/mall/dlf-promenade-delhi/
645,cabo de rama fort in goa,90500,21,461,$0.09,1,38,https://lbb.in/goa/witness-history-cabo-de-rama-fort/
646,bombay exhibition centre in mumbai,90500,37,190,$0.56,6,19,https://lbb.in/mumbai/bombay-exhibition-centre-mumbai/
647,bombay exhibition centre,74000,38,190,$0.38,12,39,https://lbb.in/mumbai/bombay-exhibition-centre-mumbai/
648,e c r beach,90500,42,190,$0.07,7,23,https://lbb.in/chennai/ecr-beaches-e942a2/
649,dlf emporio,74000,17,533,$0,7,43,https://lbb.in/delhi/dlf-emporio-8150d0/
650,new delhi karol bagh market,90500,6,27512,$0.06,1,19,https://lbb.in/delhi/karol-bagh-hood-guide/
651,mumbai cafe leopold,90500,28,217,$0.14,4,28,https://lbb.in/mumbai/leopold-cafe/
652,movies malayalam,90500,34,190,$0,1,45,https://lbb.in/all/best-malayalam-movies/
653,metro inox mumbai,74000,29,190,$0.17,3,21,https://lbb.in/places/Metro-INOX-Cinemas-marine-lines-17fc72/
654,man on shirt,90500,75,190,$0.04,100,45,https://lbb.in/hyderabad/types-of-shirts-for-men/
655,best sunscreen for oily skin,90500,43,190,$0.07,100,19,https://go.lbb.in/iWllo8d9SXb
656,karol bagh market in delhi,90500,8,14661,$0.39,1,25,https://lbb.in/delhi/karol-bagh-hood-guide/
657,best spf oily skin,90500,28,208,$0.08,100,21,https://lbb.in/delhi/best-spf-50-for-oily-skin/
658,100 feet road bangalore,90500,6,8805,$0.15,5,30,https://lbb.in/bangalore/100-feet-road-indiranagar-bangalore/
659,woman watch brands,74000,17,436,$0.04,99,35,https://lbb.in/all/best-watch-brands-for-women/
660,watch brand for women,74000,21,318,$0.03,99,48,https://lbb.in/all/best-watch-brands-for-women/
661,tourist attractions kolkata,74000,26,177,$0.12,20,30,https://lbb.in/kolkata/tourist-places-in-kolkata/
662,tiffin,90500,53,155,$0.02,78,82,https://lbb.in/mumbai/tiffin-services-in-mumbai/
663,the galleria shopping mall,74000,7,3470,$0.35,7,32,https://lbb.in/mumbai/galleria-powai/
664,science city kolkata west bengal,74000,20,377,$0.06,1,43,https://lbb.in/kolkata/science-city-in-kolkata/
665,sathyam cinemas,90500,24,177,$0.03,4,47,https://lbb.in/places/Sathyam-Cinemas-chennai-c8a6bb/
666,korean drama on netflix,33100,18,436,$0.02,1,14,https://lbb.in/all/romantic-korean-dramas-netflix/
667,kolkata science city,74000,15,555,$0.15,1,35,https://lbb.in/kolkata/science-city-in-kolkata/
668,kolkata places to see,74000,34,155,$0.12,20,30,https://lbb.in/kolkata/tourist-places-in-kolkata/
669,diamond water park,22200,22,414,$1.66,3,20,https://lbb.in/pune/diamond-water-park-9db291/
670,netflix korean drama,40500,25,177,$0.01,1,25,https://lbb.in/all/romantic-korean-dramas-netflix/
671,nehru park new delhi,74000,22,318,$0.13,3,18,https://lbb.in/delhi/nehru-park-delhi/
672,nagarjuna restaurant bangalore,60500,17,673,$0.38,5,33,https://lbb.in/bangalore/nagarjuna-indiranagar/
673,bandra fort,74000,25,199,$0.75,4,42,https://lbb.in/mumbai/bandra-fort/
674,ashok vada pav,74000,21,377,$0,3,36,https://lbb.in/mumbai/ashok-vada-pav-prabhadevi-eb1a0e/
675,tour place kolkata,74000,26,177,$0.12,20,26,https://lbb.in/kolkata/tourist-places-in-kolkata/
676,shivaji military hotel bangalore,74000,18,555,$0.10,3,27,https://lbb.in/bangalore/shivaji-military-hotel-943318/
677,prithvi cafe juhu,74000,28,170,$0.08,9,29,https://lbb.in/mumbai/prithvi-cafe-juhu-prithvi-theatre/
678,places to see kolkata,90500,24,177,$0.11,8,40,https://lbb.in/kolkata/tourist-places-in-kolkata/
679,place in kolkata,90500,28,162,$0.08,9,51,https://lbb.in/kolkata/tourist-places-in-kolkata/
680,pizza by the bay,60500,7,2501,$0.15,8,26,https://lbb.in/mumbai/pizza-by-the-bay-serves-best-vegetarian-pizza-town/
681,k dramas on netflix,40500,15,555,$0.01,1,17,https://lbb.in/all/romantic-korean-dramas-netflix/
682,city centre mall salt lake,74000,16,436,$0.27,4,30,https://lbb.in/kolkata/things-to-do-city-centre-salt-lake/
683,great india place,1900,37,155,$0,1,46,https://lbb.in/delhi/mall/the-great-india-place-delhi/
684,facial wash oily skin,74000,31,155,$0.06,100,30,https://lbb.in/delhi/best-face-wash-oily-skin/
685,bakasur restaurant bangalore,4400,16,673,$0.07,2,21,https://lbb.in/bangalore/bakasur-955b72/
686,bakasur bangalore,1900,18,555,$0.03,1,20,https://lbb.in/bangalore/bakasur-955b72/
687,wrist watch for ladies branded,74000,16,555,$0.03,99,54,https://lbb.in/all/best-watch-brands-for-women/
688,women's wrist watch brands,74000,20,414,$0.03,99,34,https://lbb.in/all/best-watch-brands-for-women/
689,zara fragrances,74000,47,155,$0.06,93,42,https://lbb.in/delhi/mens-zara-perfumes/
690,science city in kolkata,74000,19,555,$0.06,1,31,https://lbb.in/kolkata/science-city-in-kolkata/
691,prithvi cafe juhu mumbai,74000,21,377,$0.16,4,22,https://lbb.in/mumbai/prithvi-cafe-81ba95/
692,places of interest in kolkata,90500,34,155,$0.11,8,32,https://lbb.in/kolkata/tourist-places-in-kolkata/
693,noida mall great india place,74000,44,155,$0.11,6,25,https://lbb.in/delhi/mall/the-great-india-place-delhi/
694,k drama on netflix,40500,13,836,$0.01,1,17,https://lbb.in/all/romantic-korean-dramas-netflix/
695,great india mall,74000,35,155,$0.11,5,35,https://lbb.in/delhi/mall/the-great-india-place-delhi/
696,gardens galleria mall,74000,19,318,$0,7,38,https://lbb.in/delhi/gardens-galleria-996c82/
697,facewash for oily face,74000,49,155,$0.06,99,37,https://lbb.in/delhi/best-face-wash-oily-skin/
698,bands,60500,16,673,$0.40,1,49,https://lbb.in/delhi/bands-dj-livemusic/
699,curtain shop near me,74000,8,3470,$0.43,32,37,https://lbb.in/chennai/best-curtain-stores-chennai/
700,women wrist watches brands,74000,11,1457,$0.03,99,27,https://lbb.in/all/best-watch-brands-for-women/
701,tourist places of calcutta,74000,28,170,$0.12,20,26,https://lbb.in/kolkata/tourist-places-in-kolkata/
702,cleanser for oily skin,90500,42,155,$0.11,99,62,https://lbb.in/delhi/best-face-wash-oily-skin/
703,parrys corner,74000,28,170,$0,5,42,https://lbb.in/chennai/parrys-corner-01cda4/
704,mall the galleria,74000,25,170,$0.18,6,24,https://lbb.in/mumbai/galleria-powai/
705,lake town,60500,57,155,$0,5,38,https://lbb.in/kolkata/locality/lake-town-kolkata/
706,kolkata tourism spots,90500,24,318,$0.11,8,34,https://lbb.in/kolkata/tourist-places-in-kolkata/
707,neer waterfall,74000,36,155,$0.19,5,42,https://lbb.in/all/neer-garh-waterfall/
708,places to visit in kolkata,90500,45,155,$0.07,12,36,https://lbb.in/kolkata/tourist-places-in-kolkata/
709,science city kolkata,74000,18,436,$0.06,1,43,https://lbb.in/kolkata/science-city-in-kolkata/
710,science city calcutta,74000,18,555,$0.09,1,43,https://lbb.in/kolkata/science-city-in-kolkata/
711,r city mall ghatkopar mumbai,74000,38,155,$0.29,1,21,https://lbb.in/mumbai/r-city-mall/
712,mom's day brunch,260,20,414,$0,1,35,https://lbb.in/delhi/mothers-day-brunches-in-delhi/
713,kolkata tourist places,90500,26,244,$0.07,9,43,https://lbb.in/kolkata/tourist-places-in-kolkata/
714,janpath in delhi,74000,9,2501,$0.12,3,35,https://lbb.in/delhi/heres-guide-street-shopping-janpath-market-delhi/
715,hair salon,135000,24,244,$0.38,4,74,https://lbb.in/pune/best-luxury-salons-in-pune/
716,ghatkopar west r city mall,74000,37,155,$0.54,7,24,https://lbb.in/mumbai/r-city-mall/
717,fragrances zara,74000,29,162,$0.07,94,34,https://lbb.in/delhi/mens-zara-perfumes/
718,face cleanser for oily skin,90500,56,155,$0.18,99,40,https://lbb.in/delhi/best-face-wash-oily-skin/
719,chandni market,60500,13,1457,$0,2,37,https://lbb.in/delhi/shop-sarees-silver-stationery-chandni-chowk-shopping-guide/
720,basket,74000,31,170,$0.13,79,77,https://lbb.in/kolkata/baskets-organisers/
721,sports shop,135000,33,155,$0.25,4,49,https://lbb.in/mumbai/best-sports-shops/
722,shivaji military hotel,74000,14,1110,$0.19,4,37,https://lbb.in/bangalore/shivaji-military-hotel-943318/
723,science city kolkata india,74000,29,162,$0.06,1,24,https://lbb.in/kolkata/science-city-in-kolkata/
724,r city mall mumbai ghatkopar,74000,34,155,$1.11,1,24,https://lbb.in/mumbai/r-city-mall/
725,r city mall ghatkopar,74000,41,155,$0.26,1,28,https://lbb.in/mumbai/r-city-mall/
726,press o n nails,74000,44,155,$0.02,98,24,https://lbb.in/all/press-on-nails-brands/
727,places to visit kolkata,74000,38,155,$0.12,20,30,https://lbb.in/kolkata/tourist-places-in-kolkata/
728,kolkata rabindra sadan,74000,57,155,$0.10,3,21,https://lbb.in/kolkata/rabindra-sadan-for-theatres/
729,game cafe near me,60500,15,836,$0.38,6,25,https://lbb.in/chennai/board-game-places-chennai/
730,energy drink,74000,71,155,$0.26,93,33,https://lbb.in/all/best-energy-drinks/
731,club cabana resort,74000,24,244,$0.10,1,36,https://lbb.in/bangalore/club-cabana-resort/
732,mother's day brunch,74000,33,155,$0,1,20,https://lbb.in/kolkata/mothers-day-food-offers-restaurants-kolkata/
733,designers,74000,91,155,$0.49,2,54,https://lbb.in/all/best-fashion-designers-india/
734,hill palace,74000,35,155,$0.12,6,42,https://lbb.in/delhi/hill-palace-e50a36/
735,gip mall,74000,45,155,$0.08,5,24,https://lbb.in/delhi/mall/the-great-india-place-delhi/
736,gadgets,74000,62,155,$0.06,15,41,https://lbb.in/bangalore/best-gadgets-for-work-from-home/
737,national science centre pragati maidan,60500,40,155,$0.19,5,27,https://lbb.in/places/National-Science-Centre-new-delhi-78e904/
738,vr bengaluru,74000,18,377,$0,9,43,https://lbb.in/bangalore/vr-bengaluru-959d30/
739,swati snacks,60500,23,377,$0,8,39,https://lbb.in/mumbai/live-hype-swati-snacks-edition/
740,sport and shop,74000,23,244,$0.06,5,39,https://lbb.in/mumbai/best-sports-shops/
741,science city of kolkata,74000,20,318,$0.09,1,38,https://lbb.in/kolkata/science-city-in-kolkata/
742,sanath nagar,74000,70,155,$0,6,42,https://lbb.in/hyderabad/locality/sanath-nagar-hyderabad/
743,museum chennai egmore,74000,34,155,$0.08,3,22,https://lbb.in/chennai/government-museum-egmore-chennai/
744,parrys corner in chennai,74000,33,155,$0.18,13,23,https://lbb.in/chennai/parrys-corner-01cda4/
745,elliots beach chennai,74000,13,1110,$0.20,7,41,https://lbb.in/chennai/chennai-elliots-beach/
746,diamond plaza,74000,18,414,$0.02,4,42,https://lbb.in/kolkata/visit-diamond-plaza-mall-to-46524d/
747,bicycle rentals,74000,15,1110,$0.06,14,31,https://lbb.in/delhi/bikes-rent-delhi/
748,ashok vada pav mumbai,74000,23,318,$0.13,8,26,https://lbb.in/mumbai/ashok-vada-pav-prabhadevi-eb1a0e/
749,kumar pacific,74000,28,155,$0.13,5,21,https://lbb.in/pune/swargate-kumar-pacific-mall-activities-pune/
750,gip mall in noida,74000,42,155,$0.11,5,26,https://lbb.in/delhi/mall/the-great-india-place-delhi/
751,fashion street pune,74000,8,4876,$0.43,7,23,https://lbb.in/pune/fashion-street/
752,eyeshadow palette,74000,31,155,$0.08,100,71,https://lbb.in/all/best-eyeshadow-palette/
753,energy drinks,74000,52,155,$0.24,82,65,https://lbb.in/all/best-energy-drinks/
754,tourist spot of kolkata,74000,29,162,$0.12,20,24,https://lbb.in/kolkata/tourist-places-in-kolkata/
755,rabindra sadan kolkata,74000,20,377,$0.14,4,19,https://lbb.in/kolkata/rabindra-sadan-for-theatres/
756,greater kailash i,60500,49,155,$0,11,21,https://lbb.in/delhi/locality/greater-kailash-1-delhi/
757,furniture market kirti nagar delhi,60500,3,11988,$0.10,16,28,https://lbb.in/delhi/kirti-nagar-furniture-market-delhi?ref=lbbpost
758,nails press on,2900,11,1457,$0.02,98,35,https://lbb.in/all/press-on-nails-brands/
759,fashion street camp pune,49500,7,4876,$0,12,23,https://lbb.in/pune/fashion-street/
760,dry skin cleansing,74000,61,155,$0.05,99,22,https://lbb.in/delhi/face-wash-for-dry-skin/
761,bicycle rent,90500,16,673,$0.05,13,36,https://lbb.in/delhi/bikes-rent-delhi/
762,anna centenary library chennai,74000,15,836,$0.15,6,31,https://lbb.in/chennai/anna-centenary-library-kotturpuram-chennai/
763,hydrafacial,74000,79,155,$0.46,23,60,https://lbb.in/all/hydra-facial-benefits/
764,city centre salt lake,74000,15,555,$0,11,31,https://lbb.in/kolkata/things-to-do-city-centre-salt-lake/
765,sankey tank,74000,13,1894,$0,4,42,https://lbb.in/bangalore/third-wave-coffee-roasters-koramangala-a5f606/
766,raj nagar,74000,50,155,$0.14,4,19,https://lbb.in/delhi/locality/raj-nagar-ghaziabad/
767,ra colony mumbai,74000,21,318,$0.10,4,22,https://lbb.in/mumbai/aarey-milk-colony-616dd8/
768,places to visit in calcutta,74000,76,155,$0.12,20,30,https://lbb.in/kolkata/tourist-places-in-kolkata/
769,obera mall,74000,50,,$0.23,4,29,https://lbb.in/mumbai/mall/oberoi-mall-mumbai/
770,hauz khas social,74000,10,1894,$0.32,6,37,https://lbb.in/delhi/hauz-khas-social-delhi-collaborative-work-space/
771,gip in noida,74000,32,155,$0.11,6,25,https://lbb.in/delhi/mall/the-great-india-place-delhi/
772,female watch brands,74000,15,836,$0.04,99,36,https://lbb.in/all/best-watch-brands-for-women/
773,face wash for oily skin,90500,46,155,$0.17,98,24,https://lbb.in/delhi/best-face-wash-oily-skin/
774,cafes to visit in kolkata,90500,11,2501,$0.11,8,25,https://lbb.in/kolkata/cafes-in-kolkata-insta-feeds/
775,brunch mother's day,2400,15,836,$0,1,32,https://lbb.in/pune/mothers-day-brunch-in-pune/
776,places to see in kolkata,90500,21,244,$0.14,11,31,https://lbb.in/kolkata/tourist-places-in-kolkata/
777,mothers day brunch,2400,8,2501,$0,1,44,https://lbb.in/delhi/mothers-day-brunches-in-delhi/
778,kolkata tourist destination,74000,37,155,$0.12,20,30,https://lbb.in/kolkata/tourist-places-in-kolkata/
779,ikea bangalore,1300,19,318,$0.57,61,37,https://lbb.in/bangalore/ikea-india-website-live/
780,face wash for greasy skin,74000,60,155,$0.06,100,36,https://lbb.in/delhi/best-face-wash-oily-skin/
781,bangalore chickpet market,74000,11,2501,$0,1,36,https://lbb.in/bangalore/chickpet-bangalore/
782,1 mg lido mall,74000,7,2501,$0.77,6,29,https://lbb.in/bangalore/1MGMall-shopping/
783,toddy shop,74000,23,318,$0,1,40,https://lbb.in/delhi/kerala-village-toddy-shop/
784,sightseeing of kolkata,74000,32,155,$0.10,15,26,https://lbb.in/kolkata/tourist-places-in-kolkata/
785,shop liquor,74000,11,1457,$0,1,21,https://lbb.in/mumbai/best-alcohol-shops-mumbai/
786,sankey tank lake,60500,12,1894,$0,11,35,https://lbb.in/bangalore/third-wave-coffee-roasters-koramangala-a5f606/
787,worli sea face,33100,20,436,$0.33,10,26,https://lbb.in/mumbai/worli-sea-face-mumbai/
788,south extension,74000,28,155,$0.30,6,42,https://lbb.in/delhi/south-extension-i-ii-6a7d59/
789,sightseeing at kolkata,90500,23,318,$0.14,11,27,https://lbb.in/kolkata/tourist-places-in-kolkata/
790,r city mall,74000,29,155,$0.11,10,39,https://lbb.in/mumbai/r-city-mall/
791,priyadarshini park in mumbai,74000,23,244,$0.12,4,17,https://lbb.in/mumbai/priyadarshini-park-79dfa8/
792,parrys corner chennai,74000,29,162,$0,5,37,https://lbb.in/chennai/parrys-corner-01cda4/
793,hairdresser salon,135000,15,1457,$0.37,3,48,https://lbb.in/mumbai/hair-cut-salons/
794,laundry,90500,18,836,$0.32,5,51,https://lbb.in/delhi/laundromats-in-the-city-wash-dry-clean-clothes-fold/
795,kumar pacific mall,60500,18,377,$0,10,35,https://lbb.in/pune/:swargate-kumar-pacific-mall-premium-pune/
796,chor bazaar,60500,9,4876,$0,10,40,https://lbb.in/mumbai/hipsters-guide-chor-bazaar/
797,brows,74000,21,414,$0.49,5,55,https://lbb.in/kolkata/salons-will-get-eyebrows-perfectly-fleek/
798,bht club,110000,4,4876,$0,1,47,https://lbb.in/users/rubina-singh-402525785935/
799,dome svp stadium,14800,63,155,$0.16,11,27,https://lbb.in/mumbai/dome-for-wedding-venue/
800,dadar east,60500,54,155,$0.25,10,40,https://lbb.in/mumbai/locality/dadar-east-mumbai/
801,club cabana,74000,24,199,$0.11,2,41,https://lbb.in/bangalore/club-cabana-resort/
802,city centre kolkata,74000,15,436,$0.27,5,22,https://lbb.in/kolkata/things-to-do-city-centre-salt-lake/
803,travelling places in kolkata,90500,29,162,$0.08,9,34,https://lbb.in/kolkata/tourist-places-in-kolkata/
804,tour places in kolkata,90500,20,318,$0.14,11,28,https://lbb.in/kolkata/tourist-places-in-kolkata/
805,shagun chowk,74000,20,377,$0.11,6,22,https://lbb.in/places/Shagun-Chowk-pimpri-chinchwad-80a004/
806,pizza 4p's indiranagar,74000,22,244,$0.13,6,37,https://lbb.in/bangalore/pizza-4ps-indiranagar-bangalore/
807,noida great india place,74000,39,155,$0.11,5,35,https://lbb.in/delhi/mall/the-great-india-place-delhi/
808,namma metro in bangalore,74000,38,155,$0.02,1,27,https://lbb.in/bangalore/namma-metro-in-bangalore/
809,mother day brunch,74000,14,1110,$0,1,18,https://lbb.in/bangalore/mothers-day-lunch-brunch-bangalore/
810,kolkata sightseeing places,90500,17,414,$0.07,12,44,https://lbb.in/kolkata/tourist-places-in-kolkata/
811,rct mall in mumbai,74000,27,162,$0.29,1,25,https://lbb.in/mumbai/r-city-mall/
812,facial cleanser oily skin,74000,52,155,$0.06,100,34,https://lbb.in/delhi/best-face-wash-oily-skin/
813,hair mask,74000,53,155,$0.13,98,70,https://lbb.in/all/best-hair-masks/
814,great india place mall in noida,74000,32,155,$0.11,6,25,https://lbb.in/delhi/mall/the-great-india-place-delhi/
815,1mg mall,74000,7,2501,$0.70,5,23,https://lbb.in/bangalore/1MGMall-shopping/
816,woman watch brands,74000,17,436,$0.04,99,35,https://lbb.in/all/best-watch-brands-for-women/
817,watch brand for women,74000,21,318,$0.03,99,48,https://lbb.in/all/best-watch-brands-for-women/
818,tourist attractions kolkata,74000,26,177,$0.12,20,30,https://lbb.in/kolkata/tourist-places-in-kolkata/
819,tiffin,90500,53,155,$0.02,78,82,https://lbb.in/mumbai/tiffin-services-in-mumbai/
820,the galleria shopping mall,74000,7,3470,$0.35,7,32,https://lbb.in/mumbai/galleria-powai/
821,science city kolkata west bengal,74000,20,377,$0.06,1,43,https://lbb.in/kolkata/science-city-in-kolkata/
822,sathyam cinemas,90500,24,177,$0.03,4,47,https://lbb.in/places/Sathyam-Cinemas-chennai-c8a6bb/
823,korean drama on netflix,33100,18,436,$0.02,1,14,https://lbb.in/all/romantic-korean-dramas-netflix/
824,kolkata science city,74000,15,555,$0.15,1,35,https://lbb.in/kolkata/science-city-in-kolkata/
825,kolkata places to see,74000,34,155,$0.12,20,30,https://lbb.in/kolkata/tourist-places-in-kolkata/
826,diamond water park,22200,22,414,$1.66,3,20,https://lbb.in/pune/diamond-water-park-9db291/
827,netflix korean drama,40500,25,177,$0.01,1,25,https://lbb.in/all/romantic-korean-dramas-netflix/
828,nehru park new delhi,74000,22,318,$0.13,3,18,https://lbb.in/delhi/nehru-park-delhi/
829,nagarjuna restaurant bangalore,60500,17,673,$0.38,5,33,https://lbb.in/bangalore/nagarjuna-indiranagar/
830,bandra fort,74000,25,199,$0.75,4,42,https://lbb.in/mumbai/bandra-fort/
831,ashok vada pav,74000,21,377,$0,3,36,https://lbb.in/mumbai/ashok-vada-pav-prabhadevi-eb1a0e/
832,kumar pacific mall pune,60500,15,555,$0,10,27,https://lbb.in/pune/:swargate-kumar-pacific-mall-premium-pune/
833,kolkata travel places,90500,25,244,$0.11,8,28,https://lbb.in/kolkata/tourist-places-in-kolkata/
834,instore,74000,13,1457,$0.07,28,62,https://lbb.in/chennai/instore-clothing-store-tnagar-chennai-ca6b44/
835,the bier library brewery & kitchen sarjapur road,0,23,244,$0,1,4,https://lbb.in/bangalore/the-bier-library-one-a20d75/
836,sustainable fashion brands,27100,53,155,$0.34,1,52,https://lbb.in/hyderabad/best-slow-fashion-labels-india/
837,stationery store near me,74000,8,7200,$0.31,3,28,https://lbb.in/hyderabad/best-stationery-shops/
838,pune fashion street,74000,7,7200,$0.40,7,38,https://lbb.in/pune/fashion-street/
839,night clubs near me,74000,12,1457,$0.32,3,28,https://lbb.in/mumbai/late-night-party-spots/
840,nehru park delhi,74000,18,555,$0.07,3,26,https://lbb.in/delhi/nehru-park-delhi/
841,delhi nehru park,74000,27,199,$0.07,3,26,https://lbb.in/delhi/nehru-park-delhi/
842,ashok vada pav mumbai maharashtra,74000,20,414,$0.14,3,30,https://lbb.in/mumbai/ashok-vada-pav-prabhadevi-eb1a0e/
843,the great india place,74000,31,155,$0.11,6,26,https://lbb.in/delhi/the-great-india-place-noida-996c80/
844,dadar west,49500,7,3986,$0.16,9,35,https://lbb.in/mumbai/things-to-do-in-dadar-west/
845,course golf,60500,28,145,$0.94,5,38,https://lbb.in/delhi/golf-courses-delhi-ncr/
846,chandni chowk delhi,60500,11,2044,$0.53,3,32,https://lbb.in/delhi/shop-sarees-silver-stationery-chandni-chowk-shopping-guide/
847,burma burma restaurant,40500,13,907,$0.10,1,26,https://lbb.in/bangalore/jalpaan-9a81e3/
848,wi fi extender,49500,45,127,$0.02,83,54,https://lbb.in/delhi/best-wifi-extenders-india/
849,top fashion trends 2025,60500,39,127,$0,1,45,https://lbb.in/delhi/top-fashion-trends-2025/
850,thriller suspense movies,74000,38,127,$0.07,1,35,https://lbb.in/all/best-suspense-thriller-movies/
851,serampore hooghly,60500,10,1548,$0,2,37,https://lbb.in/kolkata/serampore-historical-place-near-kolkata/
852,exhibition,74000,70,127,$0.69,1,53,https://lbb.in/chennai/popular-exhibitions-in-chennai/
853,bastian garden city,60500,36,127,$0,7,34,https://lbb.in/bangalore/bastian-garden-city-bangalore/
854,anjuna flea market anjuna goa,60500,23,145,$0,1,21,https://lbb.in/goa/anjuna-wednesday-flea-market/
855,4ps pizza,49500,22,308,$0.30,1,27,https://lbb.in/bangalore/pizza-4ps-indiranagar-bangalore/
856,pickleball near me,49500,10,2044,$0.23,5,29,https://lbb.in/delhi/pickleball-delhi/
857,phoenix marketcity bangalore,60500,19,260,$0.14,2,32,https://lbb.in/bangalore/phoenix-marketcity-959d2f/
858,nehru science centre location,60500,18,356,$0.06,3,37,https://lbb.in/mumbai/nehru-science-center-91aff5/
859,meal delivery services comparison,60500,23,163,$0.48,5,51,https://lbb.in/mumbai/diet-tiffin-service-mumbai/
860,lakshmi road pune,60500,8,5886,$0,4,33,https://lbb.in/pune/broke-persons-guide-shopping-laxmi-road-inr-1000/
861,vipassana pagoda mumbai,60500,27,145,$0.12,9,40,https://lbb.in/mumbai/global-vipassana-pagoda-mumbai/
862,toit pub in indiranagar,74000,18,308,$0.24,1,35,https://lbb.in/bangalore/toit-bangalore/
863,shopping complex in bangalore,60500,23,260,$0.04,5,38,https://lbb.in/bangalore/best-malls-in-bangalore/
864,price of jack daniels whiskey,60500,7,2837,$0,1,19,https://lbb.in/mumbai/Jack-Daniels-Alcohol-New-Price/
865,mumbai linking road market,60500,48,127,$0.09,1,38,https://lbb.in/mumbai/hill-road-bandra/
866,masjid bandar mumbai maharashtra,60500,32,127,$0.11,4,19,https://lbb.in/mumbai/locality/masjid-bandar-mumbai/
867,eco park kolkata,60500,33,127,$0.43,1,31,https://lbb.in/kolkata/eco-park-things-to-do/
868,comparison of food delivery services,60500,60,127,$0.48,5,51,https://lbb.in/bangalore/online-food-delivery-in-bangalore/
869,flowers and decoration,60500,55,127,$0.03,81,42,https://lbb.in/delhi/flower-decoration-at-home-delhi/
870,florist flower shop,60500,32,133,$0.23,11,38,https://lbb.in/kolkata/florist-shops-flowers-bouquet-gifts-decor-kolkata/
871,cafe in bandra mumbai,60500,29,145,$0.02,2,23,https://lbb.in/mumbai/cafes-in-bandra/
872,best books to read,60500,61,127,$0.06,90,36,https://lbb.in/all/best-books-novels/
873,b b cream,60500,98,127,$0.03,98,42,https://lbb.in/delhi/best-bb-cream/
874,tourist places in kodagu,60500,38,127,$0.16,11,34,https://lbb.in/bangalore/places-to-go-coorg-kodagu/
875,thriller and suspense movies,60500,21,260,$0.03,1,40,https://lbb.in/all/best-suspense-thriller-movies/
876,roastery coffee house,40500,50,127,$0.78,8,28,https://lbb.in/places/The-Roastery-Coffee-House-hyderabad-60d8c8/
877,restaurants in indiranagar bangalore,60500,17,550,$0.06,9,28,https://lbb.in/bangalore/12th-main-restaurant-in-indranagar/
878,night clubbing,60500,40,127,$0.11,2,37,https://lbb.in/delhi/best-nightclubs-delhi/
879,nature's basket,60500,19,338,$0.69,11,40,https://lbb.in/delhi/-5b5a76/
880,meal delivery service comparison,60500,20,260,$0.48,5,43,https://lbb.in/mumbai/diet-tiffin-service-mumbai/
881,majestic near me,49500,22,260,$0.02,1,19,https://lbb.in/bangalore/locality/majestic-bangalore/
882,linking road mumbai market,60500,11,1548,$0.09,1,21,https://lbb.in/mumbai/linking-road/
883,linking market mumbai,60500,14,683,$0.04,1,23,https://lbb.in/mumbai/linking-road/
884,korea movie,60500,59,127,$0.03,1,36,https://lbb.in/all/best-korean-movies/
885,charni road,49500,41,127,$0,10,36,https://lbb.in/mumbai/locality/charni-road-mumbai/
886,brands vodka,60500,44,127,$0,1,24,https://lbb.in/all/best-vodka-brands/
887,kidzania mumbai,49500,33,127,$0.20,5,34,https://lbb.in/mumbai/kidzania-mumbai/
888,janakpuri district center delhi,40500,7,2837,$0.11,4,20,https://lbb.in/delhi/love-for-flee-markets-we-have-an-all-in-one-solution-at-district-centre-janakpuri-9a005c/
889,infant haircut,60500,50,127,$0.18,1,36,https://lbb.in/delhi/flick-delhi-first-child-speciality-salon/
890,global vipassana pagoda,60500,18,453,$0.62,7,34,https://lbb.in/mumbai/global-vipassana-pagoda-mumbai/
891,gandhi market mumbai,60500,19,453,$0.03,1,19,https://lbb.in/mumbai/gandhi-market-sion-5f8de1/
892,wonders park,60500,24,260,$0,5,38,https://lbb.in/mumbai/for-the-kids-ab95ce/
893,women gym near me,60500,7,5886,$0.21,11,27,https://lbb.in/hyderabad/best-womens-gym-in-hyderabad/
894,toit bangalore,74000,19,308,$1.23,2,41,https://lbb.in/places/Toit-indira-nagar-9f391c/
895,silver beach,40500,20,907,$0,10,34,https://lbb.in/mumbai/silver-beach-in-mumbai/
896,south indian cuisine restaurants,60500,30,133,$0.04,3,22,https://lbb.in/bangalore/post/south-indian/
897,pizza 4p,60500,16,338,$0.10,4,26,https://lbb.in/bangalore/pizza-4ps-indiranagar-bangalore/
898,meal delivery services compared,60500,20,260,$0.48,5,47,https://lbb.in/mumbai/diet-tiffin-service-mumbai/
899,lord of drinks connaught place,60500,21,260,$0.07,2,19,https://lbb.in/delhi/lord-of-the-drinks-bars-cocktails-cp/
900,linking road market mumbai,49500,11,907,$1.74,1,34,https://lbb.in/mumbai/linking-road/
901,kolkata deshapriya park,60500,9,2837,$0.07,4,19,https://lbb.in/kolkata/deshapriya-park-1f6433/
902,jack and daniels price,60500,6,3986,$0,1,16,https://lbb.in/mumbai/Jack-Daniels-Alcohol-New-Price/
903,bangalore city shopping malls,60500,19,356,$0.04,6,37,https://lbb.in/bangalore/best-malls-in-bangalore/
904,adidas outlet,33100,12,907,$2.14,6,29,https://lbb.in/pune/adidas-factory-outlet-baner-31f3a4/
905,indian restaurants connaught place,49500,12,1191,$0.13,4,21,https://lbb.in/delhi/punjabi-by-nature-cp-north-indian/
906,haircut near me,49500,40,127,$0.35,17,33,https://lbb.in/mumbai/hair-cut-salons/
907,flower shop flower shop,60500,30,133,$0.23,11,39,https://lbb.in/kolkata/florist-shops-flowers-bouquet-gifts-decor-kolkata/
908,film thriller suspense,60500,30,127,$0.03,1,38,https://lbb.in/all/best-suspense-thriller-movies/
909,dad day gift,22200,49,127,$0.10,6,50,https://lbb.in/delhi/fathers-day-gifts/
910,court for volleyball,60500,34,127,$0.08,1,27,https://lbb.in/mumbai/public-volleyball-courts/
911,connaught place delhi restaurants,49500,32,127,$0.04,4,21,https://go.lbb.in/hCi6XbXJ61b
912,brewing near me,60500,37,127,$0.05,11,43,https://lbb.in/hyderabad/microbreweries-in-hyderabad/
913,university town centre,60500,88,127,$0.05,1,30,https://lbb.in/kolkata/mall/city-centre-2-mall-kolkata/
914,truffles restaurant bangalore,49500,21,338,$0,5,29,https://lbb.in/bangalore/truffles-restaurant-bangalore/
915,sainik farm new delhi,60500,51,127,$0.15,5,19,https://lbb.in/delhi/locality/sainik-farms-delhi/
916,lip tint,49500,31,133,$0.09,99,62,https://lbb.in/all/best-lip-tints/
917,sheraton grand brigade gateway,60500,71,127,$0.24,26,31,https://lbb.in/bangalore/three-dots-and-a-dash-076514/
918,dessert places near me,60500,12,1191,$0.32,13,27,https://lbb.in/delhi/best-desserts-delhi/
919,club cabana amusement park,49500,35,127,$0.13,8,22,https://lbb.in/bangalore/club-cabana-resort/
920,jd whisky price,74000,9,2837,$1.93,1,12,https://lbb.in/mumbai/Jack-Daniels-Alcohol-New-Price/
921,jd whiskey price,74000,10,2044,$1.93,1,13,https://lbb.in/mumbai/Jack-Daniels-Alcohol-New-Price/
922,cloud kitchens,60500,22,338,$0.73,1,36,https://lbb.in/mumbai/order-food-home-from-these-cloud-kitchens-in-mumbai/
923,biggest mall in bangalore,60500,28,139,$0.01,2,24,https://lbb.in/bangalore/best-malls-in-bangalore/
924,best book to be read,60500,67,127,$0.06,90,37,https://lbb.in/all/best-books-novels/
925,wine shop nearest,60500,22,260,$0,1,19,https://lbb.in/delhi/big-way-wine-beer-65f5b1/
926,vega city mall,60500,21,199,$0.03,7,34,https://lbb.in/bangalore/mall/vega-city-mall-bangalore/
927,rmz infinity,60500,38,127,$0.39,7,39,https://lbb.in/bangalore/rmz-infinity-80f8d6/
928,places for haircuts near me,60500,33,127,$0.19,28,20,https://lbb.in/chennai/top-salons-in-chennai/
929,mall in bangalore city,60500,17,683,$0.04,5,32,https://lbb.in/bangalore/best-malls-in-bangalore/
930,the hole in the wall café,60500,30,127,$0.12,5,29,https://lbb.in/bangalore/breakfast-hole-in-the-wall-cafe/
931,sindhi colony,60500,22,260,$0,3,37,https://lbb.in/hyderabad/sindhi-colony-f55f7e/
932,serampore,60500,9,2044,$0,2,50,https://lbb.in/kolkata/serampore-historical-place-near-kolkata/
933,link road market mumbai,60500,14,453,$0.04,1,23,https://lbb.in/mumbai/linking-road/
934,big malls in bangalore,60500,19,550,$0.14,6,25,https://lbb.in/bangalore/best-malls-in-bangalore/
935,best novel to read,74000,39,127,$0.05,90,50,https://lbb.in/all/best-novels/
936,father's day gifts,22200,38,127,$0.12,6,45,https://lbb.in/delhi/fathers-day-gifts/
937,delhi east of kailash,60500,42,127,$0.14,4,19,https://lbb.in/delhi/locality/east-of-kailash-delhi/
938,design of kurtis,60500,40,127,$0.01,97,45,https://lbb.in/all/types-of-kurtis/
939,laxmi road,60500,8,5886,$0,11,40,https://lbb.in/pune/broke-persons-guide-shopping-laxmi-road-inr-1000/
940,shree baba ramdev dhaba,49500,6,3986,$0,7,22,https://lbb.in/pune/baba-ramdev-dhaba/
941,shahpur jat delhi,60500,13,1548,$0.60,10,35,https://lbb.in/delhi/21-best-stores-shahpur-jat-wedding-shopping/
942,pune laxmi road,60500,7,5886,$0.11,4,21,https://lbb.in/pune/broke-persons-guide-shopping-laxmi-road-inr-1000/
943,pratapgarh farm and resort,60500,21,260,$0.03,1,20,https://lbb.in/delhi/one-day-getaway-pratapgarh-farms-sohna-road/
944,places to visit in kodagu,60500,47,127,$0.16,11,30,https://lbb.in/bangalore/places-to-go-coorg-kodagu/
945,cafe bahar,49500,26,199,$0,3,33,https://lbb.in/hyderabad/cafe-bahar-iconic-restaurant-hyderabad/
946,jack daniels whiskey cost,60500,7,2837,$0,1,19,https://lbb.in/mumbai/Jack-Daniels-Alcohol-New-Price/
947,millennium park,49500,17,550,$0.74,10,36,https://lbb.in/kolkata/millennium-park-kolkata/
948,cafe in mumbai bandra,60500,29,127,$0.03,4,21,https://lbbstatic.lbb.in/mumbai/cafes-in-bandra/
949,branded vodka,60500,35,127,$0,1,26,https://lbb.in/all/best-vodka-brands/
950,books to read,60500,43,127,$0.56,82,36,https://lbb.in/all/best-books-novels/
951,vodka brands,60500,49,127,$0,1,36,https://lbb.in/all/best-vodka-brands/
952,suraj water park,60500,17,550,$0.33,3,32,https://lbb.in/mumbai/suraj-water-park/
953,sheraton grand in bangalore,60500,57,127,$0.86,25,38,https://lbb.in/bangalore/sheraton-hotel-bangalore/
954,rds nature,60500,23,260,$0.10,18,19,https://lbb.in/bangalore/rds-nature-retreat-608a2b/
955,motorcycle clubs,60500,21,338,$0.09,1,26,https://lbb.in/bangalore/motorbike-clubs-in-bangalore/
956,price of jack daniels,60500,8,2837,$0,1,17,https://lbb.in/mumbai/Jack-Daniels-Alcohol-New-Price/
957,cafes to visit in goa,60500,28,133,$0.14,28,27,https://lbb.in/goa/post/coffee/
958,infants haircut,60500,34,127,$0.25,1,30,https://lbb.in/delhi/flick-delhi-first-child-speciality-salon/
959,freedom park,60500,21,338,$0,6,38,https://lbb.in/bangalore/freedom-park-cbd/
960,eateries in indiranagar,60500,20,308,$0.07,11,21,https://lbb.in/bangalore/12th-main-restaurant-in-indranagar/
961,thane suraj water park,60500,24,260,$0.22,3,28,https://lbb.in/mumbai/suraj-water-park/
962,sheraton brigade gateway hotel,60500,55,127,$0.72,25,28,https://lbb.in/bangalore/three-dots-and-a-dash-076514/
963,parvati hill,74000,31,127,$0,4,42,https://lbb.in/pune/parvati-hill-3fa025/
964,nykaa luxe,60500,28,133,$0.15,19,42,https://lbb.in/delhi/nykaa-luxe-fd7ba8/
965,mumbai dadar west,60500,8,2837,$0.18,4,19,https://lbb.in/mumbai/things-to-do-in-dadar-west/
966,jayanagar shopping complex,49500,7,5886,$0.06,9,30,https://lbb.in/bangalore/jayanagars-shopping-complex/
967,jack daniels whiskey price,90500,7,3986,$0,1,13,https://lbb.in/delhi/jack-daniels-new-price/
968,cafes in bandra,60500,29,127,$0.58,2,32,https://lbb.in/mumbai/cafes-in-bandra/
969,book to read,60500,54,127,$0.53,82,71,https://lbb.in/delhi/best-books-to-read-at-home/
970,coffee shops in bandra,60500,27,133,$0.03,5,27,https://lbb.in/mumbai/cafes-in-bandra/
971,w goa,60500,56,127,$0.14,36,47,https://lbb.in/goa/w-goa-24485e/
972,indian restaurant in indiranagar,60500,16,683,$0.07,11,19,https://lbb.in/bangalore/north-indian-khana-treat-indiranagar/
973,hyperpigmentation in face,60500,86,127,$0.24,89,54,https://lbb.in/all/skin-hyperpigmentation/
974,goa anjuna flea market,74000,14,907,$0,1,21,https://lbb.in/goa/anjuna-wednesday-flea-market/
975,siolim goa,60500,64,127,$0.36,4,38,https://lbb.in/goa/locality/siolim-goa/
976,e d m mall,60500,32,127,$0.06,4,21,https://lbb.in/delhi/edm-mall-delhi/
977,della adventure park,49500,66,127,$0.15,17,33,https://lbb.in/mumbai/della-resorts-lonavala-6fcba0/
978,city center mall,49500,27,139,$0,5,29,https://lbb.in/hyderabad/mall/city-centre-mall-hyderabad/
979,siri fort sports complex,60500,16,453,$0,4,25,https://lbb.in/delhi/siri-fort-sports-complex-ec3a80/
980,pizza 4ps,40500,17,338,$0.22,1,23,https://lbb.in/bangalore/pizza-4ps-indiranagar-bangalore/
981,phoenix mall in velachery chennai,60500,22,260,$0.28,1,20,https://lbb.in/chennai/phoenix-marketcity-velachery/
982,nightlife club,110000,26,163,$0.72,1,48,https://lbb.in/delhi/best-nightclubs-delhi/
983,nail extension near me,74000,17,550,$0.36,26,35,https://lbb.in/hyderabad/best-nail-salons-hyderabad/
984,n t r stadium,60500,54,127,$0.08,4,23,https://lbb.in/places/NTR-Stadium-kavadiguda-afeae3/
985,flower decoration,74000,41,127,$0.13,93,26,https://lbb.in/delhi/flower-decoration-at-home-delhi/
986,fc road,40500,8,2837,$0,4,32,https://lbb.in/pune/FC-road-pune-hood-guide/
987,best novels to read,90500,54,127,$0.04,89,59,https://lbb.in/all/best-books-novels/
988,f c road,60500,9,2837,$0.14,2,19,https://lbb.in/pune/FC-road-pune-hood-guide/
989,price jack daniels,60500,7,2837,$0,1,17,https://lbb.in/mumbai/Jack-Daniels-Alcohol-New-Price/
990,new market area,60500,18,356,$0.05,1,22,https://lbb.in/kolkata/things-to-do-in-new-market-besides-shopping-food/
991,nearest wine store,60500,19,338,$0,1,14,https://lbb.in/delhi/wine-beer-shops-delhi/
992,murugan temple vadapalani,60500,36,127,$0,1,31,https://lbb.in/chennai/vadapalani-murugan-temple-9c494b/
993,malls in bangalore,74000,18,683,$0.02,2,36,https://lbb.in/bangalore/best-malls-in-bangalore/
994,kurti designs,60500,19,338,$0.11,97,66,https://lbb.in/all/types-of-kurtis/
995,korean movie,74000,50,127,$0.01,1,40,https://lbb.in/all/best-korean-movies/
996,indiranagar restaurants,60500,20,260,$0.11,11,40,https://lbb.in/bangalore/12th-main-restaurant-in-indranagar/
997,food delivery comparison,60500,40,127,$0,2,27,https://lbb.in/bangalore/online-food-delivery-in-bangalore/
998,father to be father's day gift,18100,46,127,$0.10,8,13,https://lbb.in/delhi/fathers-day-gifts/
999,noise cancelling earbuds,49500,42,127,$0.05,96,56,https://lbb.in/all/best-noise-cancelling-earbuds/
1000,cafe coromandel,60500,19,356,$0.14,2,26,https://lbb.in/hyderabad/coromandel-cafe-041864/
1001,bangalore malls,74000,21,308,$0.03,3,41,https://lbb.in/bangalore/best-malls-in-bangalore/
1002,appu ghar,60500,29,139,$0.50,3,37,https://lbb.in/pune/appu-ghar-pune/
1003,anjuna flea market in goa,49500,11,1548,$0,1,34,https://lbb.in/goa/flea-markets-in-goa-25b8c8/
1004,sindhi colony hyderabad,49500,31,133,$0,4,29,https://lbb.in/hyderabad/sindhi-colony-f55f7e/
1005,shopping mall bangalore,60500,18,453,$0.05,3,44,https://lbb.in/bangalore/best-malls-in-bangalore/
1006,w in goa,60500,75,127,$0.44,43,32,https://go.lbb.in/I306OqQPVXb
1007,vipassana pagoda,60500,29,139,$0.55,8,39,https://lbb.in/mumbai/global-vipassana-pagoda-mumbai/
1008,volleyball court,49500,41,127,$0.45,1,32,https://lbb.in/bangalore/volleyball-courts-bangalore/
1009,toit indiranagar,74000,26,145,$1.23,2,41,https://lbb.in/bangalore/toit-bangalore/
1010,price jack daniels whiskey,60500,9,2837,$0,1,18,https://lbb.in/mumbai/Jack-Daniels-Alcohol-New-Price/
1011,gandhi market in mumbai,60500,16,550,$0.03,1,18,https://lbb.in/mumbai/gandhi-market-sion-5f8de1/
1012,father's day present for dad,27100,24,163,$0.11,7,32,https://lbb.in/delhi/fathers-day-gifts/
1013,korean movies,60500,63,127,$0.07,1,36,https://lbb.in/all/best-korean-movies/
1014,brands of vodka,60500,27,145,$0,1,31,https://lbb.in/all/best-vodka-brands/
1015,black book,60500,58,127,$0.01,40,29,https://lbb.in/
1016,edm mall,49500,33,127,$0,7,35,https://lbb.in/delhi/edm-mall-delhi/
1017,donations,40500,47,127,$1.47,27,52,https://lbb.in/mumbai/ngos-donations-mumbai/
1018,chennai phoenix mall,60500,41,127,$0.22,1,22,https://lbb.in/chennai/mall/phoenix-market-city-chennai/
1019,cost jack daniels,60500,8,2837,$0.47,1,15,https://lbb.in/delhi/jack-daniels-new-price/
1020,city center shopping center,60500,26,133,$0.17,6,21,https://lbb.in/chennai/mall/citi-center-mall-chennai/
1021,champagne,60500,100,127,$0,1,49,https://lbb.in/mumbai/sparkling-wines-inr-2000/
1022,ntr stadium,40500,42,127,$0,10,34,https://lbb.in/places/NTR-Stadium-kavadiguda-afeae3/
1023,mlr convention centre,60500,61,127,$0.20,8,34,https://lbb.in/bangalore/mlr-convention-centre-01c98c/
1024,mall of india noida,60500,27,127,$0.77,4,25,https://lbb.in/delhi/mall-of-india-noida-65aaca/
1025,jack daniels cost,60500,8,2837,$0,1,17,https://lbb.in/mumbai/Jack-Daniels-Alcohol-New-Price/
1026,sabyasachi lehenga,60500,36,127,$0.22,97,66,https://lbb.in/all/sabyasachi-lehenga/
1027,price for jack daniels whiskey,60500,8,2837,$0,1,19,https://lbb.in/mumbai/Jack-Daniels-Alcohol-New-Price/
1028,exhibitions,60500,75,127,$0.41,1,49,https://lbb.in/chennai/popular-exhibitions-in-chennai/
1029,father's day gift for father,60500,34,127,$0.19,15,26,https://lbb.in/delhi/fathers-day-gifts/
1030,amphitheatre,40500,45,127,$0.19,4,45,https://lbb.in/delhi/amphitheatre-d6ef9f/
1031,thalassa goa restaurant,60500,28,133,$0.64,2,20,https://lbb.in/goa/thalassa-greek-restaurant-goa/
1032,shopping centre bangalore,60500,31,127,$0.04,6,38,https://lbb.in/bangalore/best-malls-in-bangalore/
1033,kailash colony,49500,32,127,$0,9,35,https://lbb.in/delhi/kailash-colony-674e98/
1034,hooghly serampore,60500,45,127,$0,3,37,https://lbb.in/kolkata/serampore-historical-place-near-kolkata/
1035,noise cancellation earbuds,40500,46,127,$0.15,100,56,https://lbb.in/all/best-noise-cancelling-earbuds/
1036,dad's day gifts,60500,46,127,$0.19,15,23,https://lbb.in/delhi/fathers-day-gifts/
1037,compare meal delivery services,22200,21,260,$0.48,1,81,https://lbb.in/mumbai/diet-tiffin-service-mumbai/
1038,lord of the drinks connaught place,60500,20,260,$0.06,2,20,https://lbb.in/delhi/lord-of-the-drinks-bars-cocktails-cp/
1039,ladies gym near me,60500,11,1548,$0.24,10,27,https://lbb.in/mumbai/ladies-get-downright-comfy-work-gyms-fitness-centre-women/
1040,indiranagar toit,74000,22,260,$0.24,1,36,https://lbbstatic.lbb.in/bangalore/toit-bangalore/
1041,indiranagar indian restaurants,60500,29,133,$0.05,10,23,https://lbb.in/bangalore/12th-main-restaurant-in-indranagar/
1042,indira nagar bangalore restaurant,60500,15,907,$0.06,9,26,https://lbb.in/bangalore/locality/indira-nagar-bangalore/
1043,indian restaurant south,590,15,907,$0.02,3,41,https://lbb.in/delhi/south-indian-restaurants-delhi/
1044,hsr layout bengaluru karnataka,60500,53,127,$0.16,6,33,https://lbb.in/bangalore/things-to-do-hsr-layout/
1045,hair reduction laser,60500,97,127,$1.13,68,35,https://lbb.in/delhi/best-laser-hair-removal-treatment-delhi/
1046,gaming zone,49500,11,1548,$0.29,2,33,https://lbb.in/delhi/gaming-arenas-Delhi-NCR/
1047,flower and decoration,60500,36,127,$0.03,73,24,https://lbb.in/delhi/flower-decoration-at-home-delhi/
1048,sector 122 noida,60500,39,127,$0.18,6,18,https://lbb.in/delhi/locality/sector-122-noida/
1049,restaurants in indiranagar,60500,19,308,$0.23,2,32,https://lbb.in/bangalore/12th-main-restaurant-in-indranagar/
1050,pickleball close to me,60500,7,2837,$0.09,6,16,https://lbb.in/delhi/pickleball-delhi/
1051,phoenix market city velachery,60500,14,550,$0.08,1,23,https://lbb.in/chennai/phoenix-marketcity-velachery/
1052,mohammedan sporting club kolkata,110000,33,127,$0,3,35,https://lbb.in/kolkata/football-academies-in-kolkata/
1053,malls of india noida,60500,39,127,$0.08,3,28,https://lbb.in/delhi/dlf-mall-of-india-noida/
1054,bombay shirt company,49500,19,453,$2.21,100,58,https://lbb.in/mumbai/bombay-shirt-company-fort/
1055,bangalore bicycle rentals,60500,23,163,$0.08,52,23,https://lbb.in/bangalore/bicycle-rental-bangalore/
1056,bandra cafe,60500,30,127,$0,3,37,https://lbbstatic.lbb.in/mumbai/cafes-in-bandra/
1057,wifi extender,49500,38,127,$0.02,90,60,https://lbb.in/delhi/best-wifi-extenders-india/
1058,vrindavan society thane,49500,27,139,$0.55,11,31,https://lbb.in/mumbai/vrindavan-society-616dd9/
1059,cycle on rent,49500,56,103,$0.05,19,48,https://lbb.in/mumbai/cycle-on-rent-mumbai/
1060,casinos in goa india,40500,62,103,$0,1,45,https://lbb.in/goa/casinos-in-goa/
1061,cafes in bangalore,49500,23,163,$0.27,7,30,https://lbb.in/bangalore/cafes-where-you-can-work-with-free-wifi/
1062,water park in delhi and ncr,49500,58,103,$0.03,8,44,https://lbb.in/delhi/water-parks-delhi/
1063,the filter coffee,40500,49,103,$0.02,8,28,https://lbb.in/places/The-Filter-Coffee-indira-nagar-09cfcf/
1064,sunblock with tint,49500,32,103,$0.10,100,24,https://lbb.in/delhi/best-tinted-sunscreens-buy-online/
1065,st mary's basilica church bangalore,49500,26,113,$0.17,4,23,https://lbb.in/bangalore/stmarys-basilica-b739c3/
1066,road no 12,49500,6,4816,$0.09,5,19,https://lbb.in/hyderabad/road-12-banjara-hills-103413/
1067,guru sweet mart,40500,16,371,$0,9,28,https://lbb.in/bangalore/mysore-pak-guru-sweets-sayyaji-rao-road-mysore/
1068,good restaurants bangalore,60500,32,103,$0.29,3,32,https://lbb.in/bangalore/iconic-eateries-bangalore/
1069,gift shop,110000,16,371,$0.16,8,78,https://lbb.in/delhi/present-perfect-gift-shops-delhi/
1070,best shoes for jogging men,49500,55,103,$0.04,100,34,https://lbb.in/all/top-running-shoes-men/
1071,best running shoes for men,40500,51,103,$0.04,100,47,https://lbb.in/delhi/top-running-shoes-men/
1072,best restaurants in hyd,60500,34,103,$0.05,6,31,https://lbb.in/hyderabad/best-restaurants/
1073,park square mall,49500,8,1267,$0,7,30,https://lbb.in/bangalore/ascendas-park-square-mall-edc2ce/
1074,paradise beach pondicherry,90500,65,103,$0.18,5,42,https://lbb.in/delhi/paradise-beach-pondicherry/
1075,next galleria mall,74000,10,975,$0,5,37,https://lbb.in/hyderabad/mall/next-galleria-mall-hyderabad/
1076,new market kolkata west bengal,49500,11,1267,$0.04,1,21,https://lbb.in/kolkata/things-to-do-in-new-market-besides-shopping-food/
1077,mandawa,49500,35,103,$0.17,1,45,https://lbb.in/mumbai/Mandawa-Rajasthan-Things-To-Do/
1078,hot air balloon,49500,62,103,$0.73,1,28,https://lbb.in/all/hot-air-balloon-rides/
1079,water theme park delhi,49500,50,103,$0.05,10,45,https://lbb.in/delhi/water-parks-delhi/
1080,urvashi movie theatre,49500,22,212,$0.18,3,22,https://lbb.in/bangalore/urvashi-theatre-43a3dc/
1081,urvashi cinemas,40500,17,277,$0.17,4,21,https://lbb.in/bangalore/urvashi-theatre-33a1ad/
1082,silverware stores near me,5400,24,212,$0.20,60,20,https://lbb.in/kolkata/shop-silverware-new-market/
1083,red wine with price,60500,17,292,$0.01,1,27,https://lbb.in/all/red-wine-brands/
1084,mahesh lunch home in mumbai,49500,24,163,$0.15,3,25,https://lbb.in/mumbai/mahesh-lunch-home/
1085,kurti designs for women,49500,18,292,$0.02,99,28,https://lbb.in/all/types-of-kurtis/
1086,karnataka chitrakala parishath,49500,42,103,$0,4,29,https://lbb.in/bangalore/karnataka-chitrakala-parishath-bangalore/
1087,idukki dam kerala,49500,22,212,$0.13,1,27,https://lbb.in/bangalore/idukki-dam-asias-highest-arch-dam/
1088,hyderabad film nagar,49500,32,103,$0.12,5,21,https://lbb.in/hyderabad/film-nagar-daiva-sannidhanam-7bb006/
1089,delhi dwarka,40500,64,103,$0.37,1,31,https://lbb.in/delhi/locality/dwarka-delhi/
1090,coffee shops bangalore,49500,13,742,$0.29,5,29,https://lbb.in/bangalore/post/coffee/
1091,coffee shop in bangalore,49500,18,371,$0.07,6,28,https://lbb.in/bangalore/post/coffee/
1092,gymkhana club delhi,2400,34,103,$0,1,25,https://lbb.in/delhi/delhi-gymkhana-club-5eb5cd/
1093,birla planetarium,49500,38,103,$1.09,2,33,https://lbb.in/kolkata/mp-birla-planetarium/
1094,best food restaurants in hyderabad,49500,21,277,$0.04,6,33,https://lbb.in/hyderabad/best-restaurants/
1095,yamuna sports complex,33100,16,371,$0,7,25,https://lbb.in/delhi/yamuna-sports-complex-b267a7/
1096,road no 12 banjara hills,40500,27,113,$0.35,7,20,https://lbb.in/hyderabad/road-12-banjara-hills-103413/
1097,richmond circle,60500,84,103,$0,7,39,https://lbb.in/bangalore/locality/richmond-town-bangalore/
1098,pisco by the beach,33100,19,292,$0,4,16,https://lbb.in/goa/pisco-by-the-beach-anjuna/
1099,mithai,49500,102,103,$0.13,24,53,https://lbb.in/mumbai/best-sweet-shops-mumbai/
1100,milkbasket,49500,43,103,$0.43,10,49,https://lbb.in/hyderabad/milk-basket-dairy-delivery/
1101,mahesh lunch home,49500,13,742,$0.11,3,28,https://lbb.in/bangalore/the-lunch-house-from-mumbai-ea99a7/
1102,film nagar hyderabad,49500,34,103,$0.09,6,18,https://lbb.in/hyderabad/film-nagar-daiva-sannidhanam-7bb006/
1103,f9 go karting,33100,23,163,$0.22,6,24,https://lbb.in/delhi/go-karting-in-gurgaon/
1104,electronic traders,49500,9,742,$0.88,1,21,https://lbb.in/delhi/electronic-markets-delhi/
1105,cafe in connaught place,60500,24,163,$0.17,3,24,https://lbb.in/delhi/best-cafes-in-cp/
1106,beach of pondicherry,49500,73,103,$0.06,8,35,https://lbb.in/delhi/beaches-in-pondicherry/
1107,atta market,60500,11,1673,$0,1,36,https://lbb.in/delhi/womens-shopping-atta-market-noida/
1108,water parks in delhi and ncr,49500,46,103,$0.05,10,34,https://lbb.in/delhi/water-parks-delhi/
1109,yamuna sports complex delhi,33100,22,212,$0,7,17,https://lbb.in/delhi/yamuna-sports-complex-15686c/
1110,urvashi theatre bangalore,40500,14,559,$0.21,4,21,https://lbb.in/bangalore/urvashi-theatre-33a1ad/
1111,tea shop,49500,15,742,$0.53,3,48,https://lbb.in/kolkata/best-teas-kolkata/
1112,taj exotica benaulim,49500,62,103,$0.19,35,38,https://lbb.in/goa/taj-exotica-benaulim-goa/
1113,mumbai restaurants bandra,49500,17,371,$0.03,4,22,https://lbb.in/mumbai/food-guide-eating-way-bandra/
1114,spa with massage,49500,16,742,$0.34,8,48,https://lbb.in/delhi/best-spas-delhi/
1115,shyamnagar,49500,12,1267,$0,2,46,https://lbb.in/kolkata/a-travel-guide-to-shyamnagar/
1116,road no 12 banjara hills hyderabad,49500,9,1673,$0.13,5,21,https://lbb.in/hyderabad/road-12-banjara-hills-103413/
1117,kurta designs for women,49500,21,277,$0.02,99,34,https://lbb.in/all/types-of-kurtis/
1118,best dining restaurants in bangalore,49500,39,103,$0.07,13,30,https://lbb.in/bangalore/best-restaurants-bengaluru/
1119,irani cafe,60500,18,371,$0,7,39,https://lbb.in/pune/the-irani-cafe-91b7c4/
1120,hotel nayaab,49500,23,163,$0,3,33,https://lbb.in/hyderabad/hotel-nayaab-280d8c/
1121,drizzling land in ghaziabad,49500,26,113,$0.11,1,19,https://lbb.in/delhi/drizzling-land-ghaziabad/
1122,district center delhi,49500,8,2321,$0.10,3,22,https://lbb.in/delhi/love-for-flee-markets-we-have-an-all-in-one-solution-at-district-centre-janakpuri-9a005c/
1123,contour,49500,75,103,$0.09,34,56,https://lbb.in/all/contouring-makeup/
1124,cafeteria bangalore,49500,31,103,$0.07,6,28,https://lbb.in/bangalore/cafes-where-you-can-work-with-free-wifi/
1125,yelahanka old town,40500,85,103,$0,6,27,https://lbb.in/bangalore/locality/yelahanka-bangalore/
1126,tourist places to visit in chennai,49500,84,103,$0.10,13,42,https://lbb.in/chennai/chennai-tourist-places/
1127,tint with spf,49500,39,103,$0.09,100,26,https://lbb.in/delhi/best-tinted-sunscreens-buy-online/
1128,nearby swimming pool,33100,16,559,$0.14,5,24,https://lbb.in/delhi/swimming-pools-delhi-ncr/
1129,majestic in bangalore,40500,58,103,$0.36,1,24,https://lbb.in/bangalore/locality/majestic-bangalore/
1130,doolally taproom khar,22200,19,292,$0.28,12,26,https://lbb.in/mumbai/cheers-to-that-doolally-is-b1db9d/
1131,delhi water park,49500,48,103,$0.14,2,28,https://lbb.in/delhi/water-parks-delhi/
1132,coolest men's running shoes,49500,72,103,$0.04,100,38,https://lbb.in/all/top-running-shoes-men/
1133,communal work space near me,49500,12,975,$0.75,43,28,https://lbb.in/delhi/co-working-spaces-delhi-ncr/
1134,indian music experience museum,49500,19,212,$0.49,4,21,https://lbb.in/bangalore/explore-the-history-mechanics-087041/
1135,best oily skin moisturizer,49500,60,103,$0.07,99,32,https://lbb.in/delhi/best-moisturiser-oily-skin-shop-online/
1136,bar palladio,40500,15,371,$0.65,3,31,https://lbb.in/delhi/drinks-and-food-in-the-most-stunning-setting-youll-find-02c944/
1137,chitra kala parishad,49500,31,103,$0.18,4,45,https://lbb.in/bangalore/karnataka-chitrakala-parishath-bangalore/
1138,cafes in connaught place,60500,15,450,$0.32,3,24,https://lbb.in/delhi/best-cafes-in-cp/
1139,volunteering,49500,49,103,$10.04,1,45,https://lbb.in/bangalore/ngos-to-volunteer-bangalore/
1140,volunteer,49500,86,103,$10.10,1,45,https://lbb.in/bangalore/ngos-to-volunteer-bangalore/
1141,sandalwood soap factory,40500,36,103,$0.18,5,32,https://lbb.in/bangalore/mysore-sandalwood-factory-3301a7/
1142,places to visit chennai,49500,92,103,$0.07,11,35,https://lbb.in/chennai/chennai-tourist-places/
1143,palladio bar jaipur,49500,23,163,$0.12,2,40,https://lbb.in/delhi/drinks-and-food-in-the-most-stunning-setting-youll-find-02c944/
1144,tourist places in chennai,49500,93,103,$0.07,8,22,https://lbb.in/chennai/chennai-tourist-places/
1145,shenoy nagar,33100,24,163,$0.20,13,31,https://lbb.in/chennai/locality/shenoy-nagar-chennai/
1146,hauz khas fort in delhi,60500,16,742,$0.12,2,35,https://lbb.in/delhi/hauz-khas-fort/
1147,best restaurants hyderabad india,49500,32,103,$0.06,8,27,https://lbb.in/hyderabad/best-restaurants/
1148,best food restaurants in bangalore,49500,23,212,$0.10,11,28,https://lbb.in/bangalore/iconic-eateries-bangalore/
1149,film nagar,60500,52,103,$0.09,6,31,https://lbb.in/hyderabad/film-nagar-daiva-sannidhanam-7bb006/
1150,chennai city tourist places,49500,82,103,$0.11,15,38,https://lbb.in/chennai/chennai-tourist-places/
1151,casinos of goa,49500,48,103,$0,1,50,https://lbb.in/goa/casinos-in-goa/
1152,burger factory,40500,15,742,$0,6,32,https://lbb.in/delhi/burger-factory-burgers-in-goa/
1153,bubbles tea,60500,37,103,$0.27,3,37,https://lbb.in/chennai/best-bubble-tea-places/
1154,martin's corner goa,49500,28,113,$0.12,3,33,https://lbb.in/goa/martinscornergoa/
1155,sultan bazar,33100,27,118,$0,11,31,https://lbb.in/hyderabad/street-shopping-sultan-bazaar-hyderabad/
1156,sandwich close to me,49500,19,277,$0.09,5,39,https://lbb.in/delhi/best-sandwiches-in-delhi/
1157,roast 24 seven,49500,26,133,$0,4,29,https://lbb.in/hyderabad/roast-24-seven-gachibowli/
1158,tulsi baug market,40500,9,3262,$0,2,26,https://lbb.in/pune/tulsibaug/
1159,ram ashraya,49500,21,252,$0,3,33,https://lbb.in/mumbai/south-indian-delight-3a8f3a/
1160,idukki dam kerala india,49500,57,103,$0.13,1,33,https://lbb.in/bangalore/idukki-dam-asias-highest-arch-dam/
1161,helmet shop,60500,106,103,$0.16,3,37,https://lbb.in/chennai/best-helmet-stores-in-chennai/
1162,noida atta market,49500,9,3262,$0,1,27,https://lbb.in/delhi/womens-shopping-atta-market-noida/
1163,new market area kolkata,49500,55,103,$0.11,1,24,https://lbb.in/kolkata/locality/new-market-kolkata/
1164,best lotion for oily skin,49500,61,103,$0.09,99,49,https://lbb.in/delhi/best-moisturiser-oily-skin-shop-online/
1165,water parks of delhi,49500,39,103,$0.05,10,26,https://lbb.in/delhi/water-parks-delhi/
1166,water park delhi,49500,69,103,$0.06,2,28,https://lbb.in/delhi/water-parks-delhi/
1167,the beatles ashram,40500,24,163,$0,8,28,https://lbb.in/all/beatles-ashram-rishikesh/
1168,st mary's basilica shivaji nagar bangalore,49500,23,212,$0.12,5,26,https://lbb.in/bangalore/stmarys-basilica-b739c3/
1169,pant and shirt,49500,18,292,$0.02,95,22,https://lbb.in/delhi/formal-pant-shirt-combination/
1170,casinos at goa,49500,70,103,$0,1,45,https://lbb.in/goa/casinos-in-goa/
1171,best moisturizer for oily skin,49500,54,103,$0.10,100,50,https://lbb.in/delhi/best-moisturiser-oily-skin-shop-online/
1172,bastian bandra,60500,53,103,$0.02,4,38,https://lbb.in/places/Bastian-bandra-west-34928e/
1173,bangalore st mary's basilica,49500,31,103,$0.11,5,17,https://lbb.in/bangalore/stmarys-basilica-b739c3/
1174,instagrammable photos,49500,14,450,$0,1,13,https://lbb.in/chennai/best-instagrammable-spots-chennai/
1175,indian atta market,49500,16,559,$0.07,1,22,https://lbb.in/delhi/womens-shopping-atta-market-noida/
1176,hyderabad top restaurants,49500,31,103,$0.04,6,33,https://lbb.in/hyderabad/best-restaurants/
1177,hauz khas fort,33100,18,371,$0,6,24,https://lbb.in/delhi/hauz-khas-fort/
1178,tourist spots in hyderabad city,49500,70,103,$0.11,21,36,https://lbb.in/hyderabad/top-tourist-places-in-hyderabad/
1179,the bridal,49500,35,103,$0.04,1,18,https://lbb.in/bangalore/the-bridal-boutique-ulsoor/
1180,shirt pant,60500,20,277,$0.19,93,64,https://lbb.in/delhi/formal-pant-shirt-combination/
1181,red wines and prices,60500,21,212,$0.01,1,16,https://lbb.in/all/red-wine-brands/
1182,guitar music store near me,49500,8,3262,$0.08,14,20,https://lbb.in/mumbai/musical-instruments-buy/
1183,good running shoe for men,49500,59,103,$0.04,100,30,https://lbb.in/all/top-running-shoes-men/
1184,good restaurant hyderabad,60500,27,118,$0.05,6,30,https://lbb.in/hyderabad/best-restaurants/
1185,famous restaurants in hyd,60500,35,103,$0.05,6,30,https://lbb.in/hyderabad/best-restaurants/
1186,pant shirt,49500,16,559,$0.17,94,61,https://lbb.in/delhi/formal-pant-shirt-combination/
1187,kurti ladies design,49500,37,103,$0.02,99,36,https://lbb.in/all/types-of-kurtis/
1188,casinos in goa,49500,53,103,$0,1,27,https://lbb.in/goa/casinos-in-goa/
1189,bubble tea,60500,37,103,$0.43,4,74,https://lbb.in/delhi/bubble-tea-places/
1190,d d hills,49500,49,103,$0.05,1,21,https://lbb.in/bangalore/devarayanadurga-hills-trek-tumkur/
1191,city market,49500,13,1267,$0.08,1,21,https://lbb.in/bangalore/city-market-92a8eb/
1192,chennai tour spots,49500,85,103,$0.07,6,39,https://lbb.in/chennai/chennai-tourist-places/
1193,bicycle for hire,49500,17,450,$0.08,17,22,https://lbb.in/delhi/bikes-rent-delhi/
1194,bastian restaurant bandra,49500,38,103,$0.12,1,23,https://lbb.in/places/Bastian-bandra-west-34928e/
1195,trident nariman point hotel,60500,60,103,$0.84,9,41,https://lbb.in/mumbai/trident-nariman-point-62fdd4/
1196,toy shops close to me,40500,19,277,$0.09,20,32,https://lbb.in/hyderabad/top-toy-stores/
1197,tourist places hyderabad,14800,104,103,$0.10,10,21,https://lbb.in/hyderabad/top-tourist-places-in-hyderabad/
1198,the beatles ashram in rishikesh,49500,61,103,$0.02,6,36,https://lbb.in/all/beatles-ashram-rishikesh/
1199,soju,40500,32,103,$3.58,1,43,https://lbb.in/delhi/best-soju-places-delhi/
1200,delhi gymkhana club,27100,46,103,$0.59,5,23,https://lbb.in/delhi/delhi-gymkhana-club-688442/
1201,dd hills,49500,52,103,$0,1,33,https://lbb.in/bangalore/devarayanadurga-hills-trek-tumkur/
1202,pilates classes near me,27100,8,3262,$0.43,13,17,https://lbb.in/mumbai/fitness-professionals-pilates-training-mumbai/
1203,famous restaurants in hyderabad,60500,46,103,$0.39,8,26,https://lbb.in/hyderabad/best-restaurants/
1204,bangalore urvashi theatre,49500,16,371,$0.16,3,22,https://lbb.in/bangalore/urvashi-theatre-33a1ad/
1205,bandra restaurants,49500,17,292,$0.25,4,34,https://lbb.in/mumbai/food-guide-eating-way-bandra/
1206,female kurta design,49500,55,103,$0.08,99,57,https://lbb.in/all/types-of-kurtis/
1207,embassy golf links,49500,58,103,$0.19,17,33,https://lbb.in/places/Embassy-Golf-Links-Business-Park-domlur-77bd4b/
1208,district centre delhi,49500,8,2321,$0.10,3,25,https://lbb.in/delhi/love-for-flee-markets-we-have-an-all-in-one-solution-at-district-centre-janakpuri-9a005c/
1209,coffee shops in bangalore,49500,13,975,$0.29,5,21,https://lbb.in/bangalore/post/coffee/
1210,city marketplace,49500,12,559,$0.08,1,19,https://lbb.in/bangalore/city-market-92a8eb/
1211,woman kurti design,49500,52,103,$0.02,99,35,https://lbb.in/all/types-of-kurtis/
1212,women's kurtis design,49500,52,103,$0.02,99,30,https://lbb.in/all/types-of-kurtis/
1213,road number 12 banjara hills,40500,9,1673,$0.35,7,20,https://lbb.in/hyderabad/road-12-banjara-hills-103413/
1214,race club hyderabad,49500,17,292,$0.03,1,40,https://lbb.in/hyderabad/hyderabad-race-club/
1215,gifts for housewarming parties,49500,17,277,$0.05,36,38,https://lbb.in/all/gifts-for-housewarming-party/
1216,gift for house warming party,49500,28,113,$0.06,100,17,https://lbb.in/all/gifts-for-housewarming-party/
1217,forts near me,49500,20,252,$0,1,28,https://lbb.in/pune/forts-near-pune-for-trekking/
1218,chor bazaar in delhi,49500,22,212,$0,6,21,https://lbb.in/delhi/chor-bazaar-delhi-bargains-sunday/
1219,catering,60500,17,450,$0.33,3,50,https://lbb.in/bangalore/catering-services-bangalore/
1220,book store,49500,24,118,$0.34,6,55,https://lbb.in/delhi/book-stores-gurgaon/
1221,tulsi baug,40500,12,1267,$0,2,31,https://lbb.in/pune/tulsibaug/
1222,tour places in chennai,49500,88,103,$0.07,11,38,https://lbb.in/chennai/chennai-tourist-places/
1223,urvashi cinemas bangalore,49500,25,118,$0.14,4,28,https://lbb.in/bangalore/urvashi-theatre-43a3dc/
1224,tank bund,33100,24,212,$0,3,28,https://lbb.in/hyderabad/tank-bund-9db628/
1225,rom com movies,49500,32,103,$0.17,1,27,https://lbb.in/all/top-bollywood-rom-coms/
1226,good running shoes for men,40500,66,103,$0.03,100,53,https://lbb.in/all/top-running-shoes-men/
1227,bicycle on rent,49500,13,975,$0.05,19,33,https://lbb.in/delhi/bikes-rent-delhi/
1228,best restaurants bangalore,49500,21,212,$0.24,11,31,https://lbb.in/bangalore/best-restaurants-bengaluru/
1229,best restaurant in hyd,49500,27,133,$0.06,8,31,https://lbb.in/hyderabad/best-restaurants/
1230,anti tarnish jewellery,27100,10,1267,$0.12,100,16,https://lbb.in/delhi/buy-non-tarnish-jewellery-online/
1231,airlines hotel,49500,35,103,$0.26,5,34,https://lbb.in/bangalore/airlines-hotel-bangalore/
1232,female kurti designs,49500,44,103,$0.02,99,29,https://lbb.in/all/types-of-kurtis/
1233,doolally taproom andheri,40500,18,212,$0,7,28,https://lbb.in/mumbai/doolally-652e36/
1234,dharmatala esplanade,9900,59,103,$0.11,15,25,https://lbb.in/kolkata/esplanade-in-kolkata/
1235,delhi chor bazaar,49500,17,450,$0,3,28,https://lbb.in/delhi/chor-bazaar-delhi-bargains-sunday/
1236,butterfly high,49500,34,103,$0.14,7,35,https://lbb.in/mumbai/butterfly-high-bkc/
1237,district centre,49500,10,1267,$0.10,3,22,https://lbb.in/delhi/love-for-flee-markets-we-have-an-all-in-one-solution-at-district-centre-janakpuri-9a005c/
1238,chor bazaar in delhi location,49500,39,103,$0.06,3,30,https://lbb.in/delhi/chor-bazaar-delhi-bargains-sunday/
1239,urvashi cinema theatre,49500,20,212,$0.12,4,25,https://lbb.in/bangalore/urvashi-theatre-33a1ad/
1240,theater,49500,87,103,$0.37,1,46,https://lbb.in/mumbai/theatre-in-mumbai-venues/
1241,sewri mumbai,40500,50,103,$0.44,4,32,https://lbb.in/mumbai/locality/sewri-mumbai/
1242,places in hyderabad to visit,49500,79,103,$0.11,21,38,https://go.lbb.in/797OTIPC60b
1243,oily skin face wash,40500,43,103,$0.12,99,47,https://lbb.in/delhi/best-face-wash-oily-skin/
1244,nehru park mumbai,49500,33,103,$0.10,5,25,https://lbb.in/mumbai/kamla-nehru-park/
1245,near swimming pool,33100,6,4816,$0.22,4,24,https://lbb.in/delhi/swimming-pools-noida/
1246,karma lakelands,60500,30,103,$0.07,34,47,https://lbb.in/delhi/karma-lakelands-a-land-d9f7f1/
1247,rental cycle,49500,10,1267,$0.08,17,22,https://lbb.in/delhi/bikes-rent-delhi/
1248,fairy lights,49500,54,103,$0.05,95,61,https://lbb.in/all/buy-trendy-string-and-fairy-lights-online/
1249,eateries in bandra,49500,20,277,$0.04,4,25,https://lbb.in/mumbai/food-guide-eating-way-bandra/
1250,bowling,60500,28,118,$0.53,1,50,https://lbb.in/mumbai/bowlings-alleys-mumbai/
1251,best restaurants hyderabad,60500,35,103,$0.39,8,34,https://lbb.in/hyderabad/best-restaurants/
1252,banjara hills road no 12,33100,25,163,$0,12,18,https://lbb.in/hyderabad/road-12-banjara-hills-103413/
1253,9th block,40500,22,212,$0.21,3,19,https://lbb.in/places/9th-Block-Market-jayanagar-c77060/
1254,water park in delhi,49500,54,103,$0.10,10,23,https://lbb.in/delhi/water-parks-delhi/
1255,trident nariman point hotel mumbai,40500,57,103,$0.69,13,42,https://lbb.in/mumbai/trident-nariman-point-62fdd4/
1256,top restaurants in hyderabad,49500,41,103,$0.06,8,31,https://lbb.in/hyderabad/best-restaurants/
1257,top restaurants in bangalore,49500,28,103,$0.07,13,32,https://lbb.in/bangalore/iconic-eateries-bangalore/
1258,top moisturizer for oily skin,49500,55,103,$0.07,99,22,https://lbb.in/delhi/best-moisturiser-oily-skin-shop-online/
1259,good restaurants hyderabad,49500,20,252,$0.04,6,33,https://lbb.in/hyderabad/best-restaurants/
1260,pondicherry beach,49500,40,103,$0.18,7,35,https://lbb.in/delhi/beaches-in-pondicherry/
1261,markets in panjim,40500,38,103,$0.01,1,19,https://lbb.in/goa/flea-markets-in-goa-25b8c8/
1262,best restaurants in bangalore,49500,33,103,$0.24,11,23,https://lbb.in/bangalore/iconic-eateries-bangalore/
1263,best moisturizer for oily face,49500,55,103,$0.07,99,26,https://lbb.in/delhi/best-moisturiser-oily-skin-shop-online/
1264,atta market noida,60500,11,1673,$0,2,32,https://lbb.in/delhi/womens-shopping-atta-market-noida/
1265,dadar mumbai,49500,17,450,$0.57,2,33,https://lbb.in/mumbai/things-to-do-in-dadar-west/
1266,chennai tourist places,49500,103,103,$0.06,5,29,https://lbb.in/chennai/chennai-tourist-places/
1267,cafe connaught place,49500,22,212,$0.03,4,20,https://lbb.in/delhi/best-cafes-in-cp/
1268,buddha jayanti park in delhi,49500,33,103,$0.24,7,21,https://lbb.in/delhi/buddha-jayanti-park-250e22/
1269,kurti design for women,49500,23,212,$0.12,98,49,https://lbb.in/all/types-of-kurtis/
1270,kurta designs ladies,10,22,212,$0,1,13,https://lbb.in/all/types-of-kurtis/
1271,football ground,49500,31,103,$1.73,2,33,https://lbb.in/delhi/football-grounds-delhi-NCR/
1272,eatery in bandra,49500,18,292,$0.04,3,19,https://lbb.in/mumbai/food-guide-eating-way-bandra/
1273,souvenirs,49500,46,103,$0.02,1,46,https://lbb.in/mumbai/souvenir-stores-markets-mumbai/
1274,rental bicycle,60500,21,212,$0.07,15,20,https://lbb.in/delhi/bikes-rent-delhi/
1275,pottery,40500,20,292,$0.41,4,45,https://lbb.in/pune/top-pottery-classes-in-pune/
1276,noida sector 63,40500,40,103,$0.64,3,26,https://lbb.in/delhi/locality/sector-63-noida/
1277,monkey bar,49500,16,742,$0.17,5,34,https://lbb.in/delhi/monkey-bar-opens-in-delhi/
1278,sexiest dress for women,49500,17,277,$0.03,96,24,https://lbb.in/delhi/types-of-dresses/
1279,dams close to me,49500,16,559,$0.03,1,23,https://lbb.in/pune/top-dams-to-visit-near-pune/
1280,breweries,49500,42,103,$0.87,1,46,https://lbb.in/pune/breweries-in-pune/
1281,best running shoe men,40500,72,103,$0.03,100,53,https://lbb.in/all/top-running-shoes-men/
1282,best restaurants in hyderabad,60500,34,103,$0.33,9,26,https://lbb.in/hyderabad/best-restaurants/
1283,best restaurant in bengaluru,49500,28,108,$0.07,13,36,https://lbb.in/bangalore/iconic-eateries-bangalore/
1284,waterpark in delhi ncr,49500,55,103,$0.03,8,37,https://lbb.in/delhi/water-parks-delhi/
1285,water theme park in delhi,40500,51,103,$0.03,18,49,https://lbb.in/delhi/water-parks-delhi/
1286,urvashi theater in bangalore,49500,15,559,$0.18,3,24,https://lbb.in/bangalore/urvashi-theatre-33a1ad/
1287,creams for dark circles under eyes,33100,43,85,$0.07,93,42,https://lbb.in/delhi/best-under-eye-creams/
1288,citi style,40500,15,797,$0.12,2,21,https://lbb.in/kolkata/citi-style-c207d0/
1289,candles brewhouse,40500,11,1368,$0,4,32,https://lbb.in/bangalore/candles-brewhouse-hebbal/
1290,best films in malayalam,40500,6,1899,$0,1,36,https://lbb.in/all/best-malayalam-movies/
1291,trousers and shirt combination,40500,10,797,$0.01,98,16,https://lbb.in/delhi/formal-pant-shirt-combination/
1292,shirt trouser combo,40500,21,206,$0.02,98,17,https://lbb.in/delhi/formal-pant-shirt-combination/
1293,restaurants hyderabad,33100,21,206,$0.17,8,30,https://lbb.in/hyderabad/best-restaurants/
1294,red tape online outlet,33100,9,2668,$0.02,4,16,https://lbb.in/delhi/redtape-721f37/
1295,flower market,40500,7,3940,$0.22,1,31,https://lbb.in/mumbai/flower-market-dadar/
1296,cafe madras matunga,40500,28,93,$0,4,27,https://lbb.in/mumbai/this-place-makes-people-repeat-225881/
1297,brahma brews,33100,17,303,$0.10,5,29,https://lbb.in/bangalore/when-brahma-brews-beer-4421f4/
1298,best malayalam movie,40500,16,368,$0,1,32,https://lbb.in/all/best-malayalam-movies/
1299,best face wash cleanser for oily skin,40500,61,85,$0.10,99,35,https://lbb.in/delhi/best-face-wash-oily-skin/
1300,azad hind restaurant kolkata,40500,15,607,$0.04,2,22,https://lbb.in/kolkata/azad-hind-dhaba-ballygunge-211dcd/
1301,23rd street pizza,12100,11,797,$0.51,9,46,https://lbb.in/bangalore/23rd-street-pizza/
1302,nandi hills sunrise view point,12100,53,85,$0,3,9,https://lbb.in/bangalore/walk-in-midst-of-clouds-6c1537/
1303,logix city center noida,33100,38,85,$0.11,4,21,https://lbb.in/places/Logix-City-Centre-Mall-noida-95de0e/
1304,jehangir art gallery,40500,16,457,$0.77,8,28,https://lbb.in/mumbai/jehangir-art-gallery/
1305,zara men fragrance,49500,29,89,$0.06,95,26,https://lbb.in/delhi/mens-zara-perfumes/
1306,zara men perfume,40500,36,85,$0.21,93,53,https://lbb.in/delhi/mens-zara-perfumes/
1307,trendy shirts for guys,33100,43,85,$0.02,100,42,https://lbb.in/hyderabad/types-of-shirts-for-men/
1308,stylish shirts for men,40500,44,85,$0.04,100,31,https://lbb.in/hyderabad/types-of-shirts-for-men/
1309,style shirt for men,40500,33,85,$0.02,100,14,https://lbb.in/hyderabad/types-of-shirts-for-men/
1310,shirt and pant combo,40500,26,109,$0.10,98,47,https://lbb.in/delhi/formal-pant-shirt-combination/
1311,satya niketan,40500,18,303,$0,3,31,https://lbb.in/delhi/best-satyaniketan-restaurants-cafes/
1312,restaurants in hyderabad,33100,35,85,$0.26,7,25,https://lbb.in/hyderabad/best-restaurants/
1313,restaurant hyderabad,40500,37,85,$0.06,6,42,https://lbb.in/hyderabad/best-restaurants/
1314,restaurant at anna nagar,49500,51,85,$0.09,5,21,https://lbb.in/chennai/best-restaurants-in-anna-nagar-chennai/
1315,ratna cafe,33100,13,797,$0,3,28,https://lbb.in/chennai/seena-bhai-1977-dosa-centre-b1e074/
1316,palm beach road,33100,22,174,$0.24,9,25,https://lbb.in/mumbai/palm-beach-road-389c13/
1317,man stylish shirt,40500,43,85,$0.02,100,30,https://lbb.in/hyderabad/types-of-shirts-for-men/
1318,liquor and wine store near me,49500,22,174,$0,1,29,https://lbb.in/delhi/wine-beer-shops-delhi/
1319,kosmo cafe,27100,11,797,$0.21,10,26,https://lbb.in/chennai/deck-up-your-personal-space-e34f40/
1320,k b r park hyderabad,40500,33,85,$0.15,2,37,https://lbb.in/hyderabad/kbr-park/
1321,dining in hyderabad,40500,20,226,$0.06,7,33,https://lbb.in/hyderabad/best-restaurants/
1322,healthy eats near me,33100,13,797,$0.37,3,15,https://lbb.in/bangalore/post-workout-healthy-restaurants-indiranagar/
1323,good face cleanser for oily skin,40500,67,85,$0.07,99,34,https://lbb.in/delhi/best-face-wash-oily-skin/
1324,cafe indiranagar bangalore,40500,14,797,$0.05,15,20,https://lbb.in/bangalore/cafes-in-indiranagar/
1325,brands of beer,49500,4,3940,$0,1,27,https://lbb.in/bangalore/homegrown-indian-beer-brands-you-need-to-try/
1326,best facial cleanser oily skin,40500,58,85,$0.07,99,40,https://lbb.in/delhi/best-face-wash-oily-skin/
1327,bengali market delhi,40500,37,85,$0,1,20,https://lbb.in/delhi/bengali-market-f843e0/
1328,bandra hill road market,33100,1,12312,$0,1,14,https://lbb.in/mumbai/hill-road-bandra/
1329,bandra bandstand,49500,52,85,$0,1,32,https://lbb.in/mumbai/bandstand-guide/
1330,veena stores,40500,13,607,$0,3,31,https://lbb.in/bangalore/veena-stores-malleswaram/
1331,trouser shirt combo,49500,21,174,$0.01,98,15,https://lbb.in/delhi/formal-pant-shirt-combination/
1332,top face wash for oily skin,40500,65,85,$0.07,99,32,https://lbb.in/delhi/best-face-wash-oily-skin/
1333,sadar bazar in gurgaon,40500,23,174,$0.16,4,18,https://lbb.in/delhi/locality/sadar-bazar-gurgaon/
1334,pandavleni caves,40500,49,85,$0,3,31,https://lbb.in/mumbai/pandavleni-caves-at-nashik-66630a/
1335,nice anime movie,40500,29,85,$0.01,1,44,https://lbb.in/all/best-anime-movies/
1336,malayalam movie best,40500,15,368,$0,1,35,https://lbb.in/all/best-malayalam-movies/
1337,lighting store near me,40500,11,1036,$0.24,27,44,https://lbb.in/pune/lighting-stores-pune/
1338,ladies purse brands,49500,54,85,$0.08,100,58,https://lbb.in/mumbai/buy-bags-mumbai-shopping/
1339,ladies hand bag brands,49500,55,85,$0.05,100,20,https://lbb.in/mumbai/buy-bags-mumbai-shopping/
1340,golf club delhi,33100,26,93,$0,5,24,https://lbb.in/delhi/golf-courses-delhi-ncr/
1341,delhi mall,40500,22,174,$0.02,2,31,https://lbb.in/delhi/best-malls-delhi-ncr/
1342,brand factory,49500,17,303,$0.09,4,34,https://lbb.in/bangalore/brand-factory-bangalore-discount-store/
1343,bollywood movies romantic,40500,40,85,$0.04,1,30,https://lbb.in/all/top-bollywood-rom-coms/
1344,80 feet road,40500,32,85,$0.14,4,28,https://lbb.in/bangalore/restaurants-80-feet-road-new-bel-road/
1345,kidzania of noida,40500,29,89,$0.18,5,24,https://lbb.in/delhi/kidzania-noida/
1346,zara perfume for man,6600,38,85,$0.06,96,29,https://lbb.in/delhi/mens-zara-perfumes/
1347,under eye cream,40500,51,85,$0.09,99,55,https://lbb.in/delhi/best-under-eye-creams/
1348,types of jeans for women,40500,6,6561,$0.15,60,36,https://lbb.in/delhi/types-of-jeans-women/
1349,trending shirts for men,33100,46,85,$0.05,99,44,https://lbb.in/hyderabad/types-of-shirts-for-men/
1350,thrilling city,40500,17,368,$0.10,2,20,https://lbb.in/hyderabad/thrill-city-hyderabad/
1351,sizzler,40500,60,85,$0.60,1,43,https://lbb.in/mumbai/sizzlers-in-mumbai/
1352,mystery rooms,40500,19,226,$0.10,20,37,https://lbb.in/pune/mystery-rooms-in-pune/
1353,perfumes for men zara,40500,33,85,$0.06,95,26,https://lbb.in/delhi/mens-zara-perfumes/
1354,sheraton grand pune bund garden hotel,33100,64,79,$0.22,12,18,https://lbb.in/pune/sheraton-grand-26cbb2/
1355,safdarjung tomb delhi,22200,41,85,$0.28,3,21,https://lbb.in/delhi/safdarjung-tomb/
1356,royal orchid resort bangalore,40500,59,85,$0.15,14,22,https://lbb.in/bangalore/royal-orchid-resort-convention-8b705a/
1357,jehangir art gallery,40500,16,457,$0.77,8,28,https://lbb.in/mumbai/jehangir-art-gallery/
1358,cafe madras matunga,40500,28,93,$0,4,27,https://lbb.in/mumbai/this-place-makes-people-repeat-225881/
1359,brahma brews,33100,17,303,$0.10,5,29,https://lbb.in/bangalore/when-brahma-brews-beer-4421f4/
1360,best malayalam movie,40500,16,368,$0,1,32,https://lbb.in/all/best-malayalam-movies/
1361,best face wash cleanser for oily skin,40500,61,85,$0.10,99,35,https://lbb.in/delhi/best-face-wash-oily-skin/
1362,azad hind restaurant kolkata,40500,15,607,$0.04,2,22,https://lbb.in/kolkata/azad-hind-dhaba-ballygunge-211dcd/
1363,23rd street pizza,12100,11,797,$0.51,9,46,https://lbb.in/bangalore/23rd-street-pizza/
1364,creams for dark circles under eyes,33100,43,85,$0.07,93,42,https://lbb.in/delhi/best-under-eye-creams/
1365,citi style,40500,15,797,$0.12,2,21,https://lbb.in/kolkata/citi-style-c207d0/
1366,candles brewhouse,40500,11,1368,$0,4,32,https://lbb.in/bangalore/candles-brewhouse-hebbal/
1367,best films in malayalam,40500,6,1899,$0,1,36,https://lbb.in/all/best-malayalam-movies/
1368,zara perfume for man,6600,38,85,$0.06,96,29,https://lbb.in/delhi/mens-zara-perfumes/
1369,under eye cream,40500,51,85,$0.09,99,55,https://lbb.in/delhi/best-under-eye-creams/
1370,types of jeans for women,40500,6,6561,$0.15,60,36,https://lbb.in/delhi/types-of-jeans-women/
1371,trending shirts for men,33100,46,85,$0.05,99,44,https://lbb.in/hyderabad/types-of-shirts-for-men/
1372,thrilling city,40500,17,368,$0.10,2,20,https://lbb.in/hyderabad/thrill-city-hyderabad/
1373,sizzler,40500,60,85,$0.60,1,43,https://lbb.in/mumbai/sizzlers-in-mumbai/
1374,perfumes for men zara,40500,33,85,$0.06,95,26,https://lbb.in/delhi/mens-zara-perfumes/
1375,sheraton grand pune bund garden hotel,33100,64,79,$0.22,12,18,https://lbb.in/pune/sheraton-grand-26cbb2/
1376,safdarjung tomb delhi,22200,41,85,$0.28,3,21,https://lbb.in/delhi/safdarjung-tomb/
1377,royal orchid resort bangalore,40500,59,85,$0.15,14,22,https://lbb.in/bangalore/royal-orchid-resort-convention-8b705a/
1378,mma classes near me,27100,12,797,$0.22,12,17,https://lbb.in/mumbai/mma-classes-mumbai/
1379,krishna kanth park hyderabad,40500,28,109,$0.12,5,20,https://lbb.in/hyderabad/krishna-kantha-park-jawahar-nagar-ccf336/
1380,mystery rooms,40500,19,226,$0.10,20,37,https://lbb.in/pune/mystery-rooms-in-pune/
1381,animated movie best,40500,26,97,$0.01,1,52,https://lbb.in/all/best-animated-movies/
1382,gt mall,33100,25,109,$0,4,29,https://lbb.in/bangalore/mall/gt-world-mall-bangalore/
1383,district gravity,40500,26,133,$0.02,3,31,https://lbb.in/hyderabad/district-gravity-hyderabad/
1384,blossom book house,33100,10,1899,$0.15,8,25,https://lbb.in/bangalore/blossom-book-house/
1385,zara fragrances for him,49500,31,85,$0.06,95,24,https://lbb.in/delhi/mens-zara-perfumes/
1386,xion mall,40500,44,85,$0,7,33,https://lbb.in/places/Xion-Mall-pune-1243ac/
1387,wine store near to me,40500,12,797,$0,1,12,https://lbb.in/kolkata/shops-in-kolkata-for-wines/
1388,best face wash for oily skin,40500,74,85,$0.16,99,47,https://lbb.in/delhi/best-face-wash-oily-skin/
1389,best bollywood comedies,40500,33,85,$0,1,29,https://lbb.in/all/best-bollywood-comedy-movies/
1390,vasant square mall,40500,16,238,$0.12,4,16,https://lbb.in/delhi/vasant-square-mall-8150ca/
1391,top rated shoes for men,40500,59,85,$0.04,100,28,https://lbb.in/bangalore/indian-shoe-brands-for-men/
1392,the white teak company premium lighting store,40500,20,226,$0.20,7,24,https://lbb.in/hyderabad/white-teak-studio-lighting-store/
1393,rock hard cafe,33100,18,303,$0.16,2,33,https://lbb.in/bangalore/hard-rock-cafe-bangalore/
1394,places in south delhi,40500,33,85,$0.11,1,23,https://lbb.in/delhi/restaurants-in-south-delhi-guide/
1395,noise cancelling headphones,33100,52,85,$0.08,91,43,https://lbb.in/delhi/noise-cancelling-headphones-buy-online/
1396,last house by the lake,33100,18,238,$0.22,4,38,https://lbb.in/hyderabad/visit-last-house-coffee/
1397,shirt and pant combinations,40500,13,607,$0.02,98,13,https://lbb.in/delhi/formal-pant-shirt-combination/
1398,sector 54 gurgaon,40500,51,85,$0.17,6,20,https://lbb.in/delhi/locality/sector-54-gurgaon/
1399,sarojini nagar market sarojini nagar new delhi delhi,49500,19,238,$0.03,1,21,https://lbb.in/delhi/sarojini-nagar-shopping-guide/
1400,good skin cleanser for oily skin,40500,62,85,$0.07,99,34,https://lbb.in/delhi/best-face-wash-oily-skin/
1401,kala ghoda cafe fort,33100,10,1036,$0.35,8,22,https://lbb.in/mumbai/kala-ghoda-cafe-f21d1c/
1402,hyd restaurants,40500,24,109,$0.06,13,31,https://lbb.in/hyderabad/best-restaurants/
1403,beer beer brand,40500,14,457,$0,1,22,https://lbb.in/bangalore/homegrown-indian-beer-brands-you-need-to-try/
1404,zara perfume men,40500,37,85,$0.16,95,54,https://lbb.in/delhi/mens-zara-perfumes/
1405,zara man perfume,40500,36,85,$0.16,95,54,https://lbb.in/delhi/mens-zara-perfumes/
1406,truffles indiranagar,40500,9,1368,$0,6,32,https://lbb.in/bangalore/lets-bon-bon-at-truffles-6e4704/
1407,cafes in indiranagar,33100,29,85,$0,11,26,https://lbb.in/bangalore/post/cafes?locality=indira-nagar-bangalore
1408,restaurant in hyderabad india,40500,28,97,$0.06,6,37,https://lbb.in/hyderabad/best-restaurants/
1409,pvr vr chennai anna nagar,40500,29,85,$0.05,6,19,https://lbb.in/places/PVR-Cinemas-anna-nagar-west-f27a7a/
1410,plaza cinema,33100,20,109,$0,10,31,https://merchant.lbb.in/merchant/business-details/Plaza-Cinema-dadar-2d8d44
1411,places to visit shimla,40500,104,85,$0.14,11,31,https://go.lbb.in/DkvZB7zO70b
1412,places to see at shimla,40500,96,85,$0.16,17,23,https://go.lbb.in/DkvZB7zO70b
1413,nearby restaurants and bars,480,23,133,$0.14,14,30,https://lbb.in/hyderabad/restaurants-kondapur/
1414,meat store near me,720,13,607,$0.19,18,36,https://lbb.in/delhi/raw-meat-shops-butchers-delhi/
1415,st paul's cathedral,40500,46,85,$0.70,8,28,https://lbb.in/kolkata/st-pauls-cathedral/
1416,skating classes near me,40500,10,1368,$0.14,2,18,https://lbb.in/hyderabad/skating-classes-hyderabad/
1417,sheraton grand pune hotel,40500,70,85,$0.76,9,32,https://lbb.in/pune/sheraton-grand-26cbb2/
1418,seafood,40500,96,85,$0.28,4,45,https://lbb.in/mumbai/seafood-restaurants-in-mumbai/
1419,habitat,49500,34,85,$0.42,1,45,https://lbb.in/mumbai/the-habitat-khar-bfc8d6/
1420,gurgaon sadar bazar,33100,19,238,$0.82,10,26,https://lbb.in/delhi/sadar-bazaar-street-food-gurgaon/
1421,go karting in bangalore,40500,26,97,$0.17,8,20,https://lbb.in/bangalore/go-karting-bangalore/
1422,godrej waterside,33100,29,85,$0.38,9,14,https://lbb.in/kolkata/godrej-waterside-2a8bba/
1423,female handbag brands,49500,70,85,$0.05,100,41,https://lbb.in/mumbai/buy-bags-mumbai-shopping/
1424,dress rental near me,40500,13,607,$0.14,12,21,https://lbb.in/chennai/best-places-to-rent-clothes-in-chennai/
1425,delhi bengali market,40500,30,85,$0,1,21,https://lbb.in/delhi/bengali-market-f843e0/
1426,best oily skin cleanser,40500,80,85,$0.10,99,36,https://lbb.in/delhi/best-face-wash-oily-skin/
1427,beer brands,49500,62,85,$0,1,32,https://lbb.in/bangalore/homegrown-indian-beer-brands-you-need-to-try/
1428,indian mall delhi,40500,31,85,$0.06,6,41,https://lbb.in/delhi/best-malls-delhi-ncr/
1429,wine shop close to me,40500,27,93,$0,1,13,https://lbb.in/kolkata/shops-in-kolkata-for-wines/
1430,vimal theater,22200,13,457,$0.17,15,22,https://lbb.in/hyderabad/vimal-616195/
1431,sarjapur,40500,20,206,$0.33,2,44,https://lbb.in/bangalore/locality/sarjapur-road-bangalore/
1432,salt lake stadium,33100,43,85,$0,3,23,https://lbb.in/kolkata/salt-lake-stadium-20-5cdd9e/
1433,restaurant bangalore,40500,21,206,$0.30,6,32,https://lbb.in/bangalore/best-restaurants-bengaluru/
1434,kala ghoda cafe mumbai,33100,22,174,$0,5,16,https://lbb.in/mumbai/kala-ghoda-cafe-f21d1c/
1435,loktak lake,40500,12,1368,$0,1,30,https://lbb.in/all/loktak-lake-india/
1436,lajpat rai market delhi,40500,18,303,$0,1,17,https://lbb.in/delhi/lajpat-rai-9d8945/
1437,cafe mondegar,40500,12,1036,$0,4,32,https://lbb.in/mumbai/oldie-goodie-cafe-mondegar-still-one-favourite-cafes-sobo/
1438,best face cleanser oily skin,40500,58,85,$0.07,99,38,https://lbb.in/delhi/best-face-wash-oily-skin/
1439,bengali market in delhi,40500,38,85,$0,1,21,https://lbb.in/delhi/bengali-market-f843e0/
1440,social church street bangalore,40500,18,206,$0.27,5,21,https://lbb.in/bangalore/church-street-social-revamp-version-2/
1441,shapewear,40500,45,85,$0.30,100,74,https://lbb.in/mumbai/shapewear-brands-in-india/
1442,seafood food,40500,23,238,$0.17,3,26,https://lbb.in/mumbai/seafood-restaurants-in-mumbai/
1443,zara perfumes for man,6600,30,93,$0.06,96,25,https://lbb.in/delhi/mens-zara-perfumes/
1444,yoga works near me,40500,18,206,$0.13,15,21,https://lbb.in/mumbai/post-work-yoga-classes/
1445,zakir nagar,33100,32,85,$0,5,29,https://lbb.in/delhi/locality/zakir-nagar-delhi/
1446,trident nariman point,90500,63,85,$1.18,32,50,https://lbb.in/mumbai/trident-nariman-point-62fdd4/
1447,top bollywood funny movies,40500,32,85,$0,1,29,https://lbb.in/all/best-bollywood-comedy-movies/
1448,styles shirt for men,40500,27,97,$0.02,100,44,https://lbb.in/hyderabad/types-of-shirts-for-men/
1449,sports complex,40500,16,457,$0,4,32,https://lbb.in/delhi/get-dose-everything-sports-complexes-around-delhi/
1450,skate classes near me,40500,10,1368,$0.03,1,18,https://lbb.in/mumbai/skating-classes-in-mumbai/
1451,sadar bazar gurgaon,33100,22,206,$1.38,11,26,https://lbb.in/delhi/locality/sadar-bazar-gurgaon/
1452,newtown calcutta,40500,28,109,$0.20,2,26,https://lbb.in/kolkata/locality/newtown-kolkata/
1453,perfume for man zara,40500,34,85,$0.06,95,23,https://lbb.in/delhi/mens-zara-perfumes/
1454,cologne for men zara,49500,28,97,$0.06,95,27,https://lbb.in/delhi/mens-zara-perfumes/
1455,cafe madras mumbai,40500,26,97,$0,8,28,https://lbb.in/mumbai/this-place-makes-people-repeat-225881/
1456,best facial cleansers for oily skin,40500,81,85,$0.10,99,43,https://lbb.in/delhi/best-face-wash-oily-skin/
1457,forum courtyard,33100,10,1036,$0,7,30,https://lbb.in/kolkata/forum-courtyard-f20eae/
1458,dresses on rent near me,40500,8,2668,$0.21,9,20,https://lbb.in/delhi/wedding-clothes-on-rent/
1459,best comedy movies bollywood,40500,34,85,$0.04,1,28,https://lbb.in/all/best-bollywood-comedy-movies/
1460,best bollywood comedy movies,40500,41,85,$0.04,1,29,https://lbb.in/all/best-bollywood-comedy-movies/
1461,bengali market new delhi,40500,22,174,$0.17,1,20,https://lbb.in/delhi/bengali-market-f843e0/
1462,band stand in mumbai,40500,54,85,$0.29,1,28,https://lbb.in/mumbai/bandstand-guide/
1463,azad hind restaurant,40500,13,607,$0.03,2,22,https://lbb.in/kolkata/azad-hind-dhaba-ballygunge-211dcd/
1464,anime movies best,40500,37,85,$0,1,77,https://lbb.in/all/best-anime-movies/
1465,animated movies good,40500,18,226,$0.01,1,62,https://lbb.in/all/best-animated-movies/
1466,aero city in delhi,40500,48,85,$0.82,6,38,https://lbb.in/delhi/aerocity-delhi-guide/
1467,lajpat rai market chandni chowk,40500,16,457,$0,1,17,https://lbb.in/delhi/lajpat-rai-9d8945/
1468,hyperpigmentation,49500,103,85,$0.38,8,48,https://lbb.in/all/skin-hyperpigmentation/
1469,women purse brands,49500,50,85,$0.04,100,32,https://lbb.in/mumbai/buy-bags-mumbai-shopping/
1470,stylish men shirts,40500,51,85,$0.02,100,28,https://lbb.in/hyderabad/types-of-shirts-for-men/
1471,hair colorist,40500,18,368,$0.21,93,58,https://lbb.in/mumbai/hair-cut-salons/
1472,evolve back hampi,49500,32,85,$0.05,66,47,https://lbb.in/bangalore/evolve-back-resorts-hampi/
1473,prashant vihar,40500,23,109,$0.16,7,33,https://lbb.in/delhi/locality/prashant-vihar-delhi/
1474,pant shirt combo,49500,17,238,$0.03,97,22,https://lbb.in/delhi/formal-pant-shirt-combination/
1475,lotion for stretch marks,40500,56,85,$0.12,99,22,https://lbb.in/all/best-stretch-mark-cream/
1476,light store near me,33100,9,1368,$0.23,41,45,https://lbb.in/pune/lighting-stores-pune/
1477,lajpat rai market,40500,16,607,$0,1,20,https://lbb.in/delhi/lajpat-rai-9d8945/
1478,kolkata bazar kolkata,40500,17,457,$0.10,4,29,https://lbb.in/kolkata/hood-guide-burrabazaar/
1479,dance class,40500,8,3940,$0.26,3,25,https://lbb.in/delhi/dance-schools-noida/
1480,best malayalam films,40500,7,1368,$0,1,36,https://lbb.in/all/best-malayalam-movies/
1481,best malayalam a movies,40500,13,1036,$0,1,30,https://lbb.in/all/best-malayalam-movies/
1482,amb mall,49500,11,1036,$0.40,18,38,https://lbb.in/hyderabad/things-to-do-sarath-city-capital-mall/
1483,trouser and shirt combination,40500,16,457,$0.01,98,15,https://lbb.in/delhi/formal-pant-shirt-combination/
1484,sunset view point,33100,20,303,$0,2,23,https://lbb.in/hyderabad/best-sunset-spots-hyderabad/
1485,shirts and pants combination,40500,20,206,$0.02,98,15,https://lbb.in/delhi/formal-pant-shirt-combination/
1486,japanese garden,40500,43,85,$1.31,3,31,https://lbb.in/hyderabad/japanese-gardens-hyderabad/
1487,opera house,40500,24,206,$0.44,7,33,https://lbb.in/mumbai/royal-opera-house-08ff08/
1488,new town kolkata,33100,30,93,$0.48,4,24,https://lbb.in/kolkata/new-town-rajarhat/
1489,matcha for tea,40500,25,109,$0.14,94,24,https://lbb.in/all/best-matcha-powder/
1490,malls in delhi,40500,22,174,$0.01,2,26,https://lbb.in/delhi/best-malls-delhi-ncr/
1491,loktak lake manipur,40500,54,85,$0,1,25,https://lbb.in/all/loktak-lake-india/
1492,lady bags brands,49500,66,85,$0.04,100,29,https://lbb.in/mumbai/buy-bags-mumbai-shopping/
1493,ladies bag brands,49500,56,85,$0.06,100,58,https://lbb.in/mumbai/buy-bags-mumbai-shopping/
1494,hal museum in bangalore,40500,49,85,$0.07,5,34,https://lbb.in/bangalore/hal-aerospace-museum-old-airport-road/
1495,good face wash for oily skin,40500,63,85,$0.13,99,47,https://lbb.in/delhi/best-face-wash-oily-skin/
1496,delhi rajouri garden market,40500,3,6561,$0.34,1,27,https://lbb.in/delhi/rajouri-garden-market-guide/
1497,cool series to watch,40500,45,85,$0,1,58,https://lbb.in/delhi/binge-watch-tv-shows/
1498,brands of ladies purse,49500,55,85,$0.05,100,31,https://lbb.in/mumbai/buy-bags-mumbai-shopping/
1499,best of protein powder,40500,19,206,$0.20,100,30,https://lbb.in/delhi/best-protein-powder/
1500,best movies in malayalam,40500,8,1036,$0,1,36,https://lbb.in/all/best-malayalam-movies/
1501,best malayalam film,40500,7,1899,$0,1,34,https://lbb.in/all/best-malayalam-movies/
1502,bangalore hal museum,40500,49,85,$0.10,4,22,https://lbb.in/bangalore/hal-aerospace-museum-old-airport-road/
1503,bandstand in bandra,40500,55,85,$0.29,1,28,https://lbb.in/mumbai/bandstand-guide/
1504,attar,40500,12,1036,$0.16,97,31,https://lbb.in/all/best-attars/
1505,vasant square mall delhi,40500,46,85,$0.18,4,17,https://lbb.in/delhi/Vasant-kunj-malls/
1506,socials church street bangalore,40500,39,85,$0.27,5,20,https://lbb.in/bangalore/church-street-social-sunday-brunch/
1507,romantic movies bollywood,8100,48,85,$0,1,15,https://lbb.in/all/top-bollywood-rom-coms/
1508,restaurant bkc,40500,28,89,$0.03,6,21,https://lbb.in/mumbai/restaurants-bkc-deserve-attention/
1509,pune tourist locations,40500,53,85,$0.09,9,34,https://lbb.in/pune/famous-tourist-places-in-pune/
1510,pagoda temple,33100,16,368,$0.42,3,28,https://lbb.in/mumbai/pagoda-temple-vipassana/
1511,metcalfe hall,40500,21,206,$0,1,31,https://lbb.in/kolkata/check-out-a-slice-of-cab87c/
1512,medicine order online,33100,46,85,$0.20,85,48,https://lbb.in/mumbai/list-of-online-pharmacies/
1513,mall delhi india,40500,22,206,$0.06,6,46,https://lbb.in/delhi/best-malls-delhi-ncr/
1514,lollapalooza,40500,56,85,$0.07,5,45,https://lbb.in/all/lollapalooza/
1515,kidzania noida,40500,20,226,$0.12,4,32,https://lbb.in/delhi/kidzania-noida/
1516,kart racing in bangalore,40500,27,109,$0.06,18,16,https://lbb.in/bangalore/go-karting-bangalore/
1517,india shopping mall delhi,40500,23,174,$0.07,5,35,https://lbb.in/delhi/best-malls-delhi-ncr/
1518,hyderabad kbr park,40500,33,85,$0.15,2,36,https://lbb.in/hyderabad/kbr-park/
1519,holiday village resort,40500,31,85,$0.11,32,35,https://lbb.in/bangalore/holiday-village-off-kanakapura-road-7d0b39/
1520,hair cuttery photos,40500,21,174,$0,1,70,https://lbb.in/mumbai/hair-cut-salons/
1521,carter road social,40500,7,1899,$0,11,29,https://lbb.in/mumbai/bandra-carter-road-social/
1522,brands beer,40500,26,97,$0,1,33,https://lbb.in/bangalore/homegrown-indian-beer-brands-you-need-to-try/
1523,body wash ladies,40500,57,85,$0.04,99,25,https://lbb.in/bangalore/best-body-wash-online/
1524,body wash for women's,40500,53,85,$0.32,99,53,https://lbb.in/bangalore/best-body-wash-online/
1525,aravali biodiversity park,40500,41,85,$0,4,27,https://lbb.in/delhi/aravali-biodiversity-park-338df7/
1526,earring piercing near me,40500,62,85,$0.24,26,12,https://lbb.in/pune/piercing-places-in-pune/
1527,cool shows to watch,40500,48,85,$0.19,1,62,https://lbb.in/delhi/binge-watch-tv-shows/
1528,combo shirt and pant,49500,28,93,$0.09,98,49,https://lbb.in/delhi/formal-pant-shirt-combination/
1529,zara perfumes for men,40500,37,85,$0.06,95,24,https://lbb.in/delhi/mens-zara-perfumes/
1530,top oily skin face wash,40500,56,85,$0.10,99,34,https://lbb.in/delhi/best-face-wash-oily-skin/
1531,types of jeans for females,40500,22,174,$0.01,97,22,https://lbb.in/delhi/types-of-jeans-women/
1532,top funny movies of bollywood,40500,34,85,$0,1,34,https://lbb.in/all/best-bollywood-comedy-movies/
1533,top facewash for oily skin,40500,73,85,$0.10,99,34,https://lbb.in/delhi/best-face-wash-oily-skin/
1534,thrift store,40500,10,1368,$0.73,1,31,https://lbb.in/bangalore/thrift-stores-in-bangalore/
1535,the bier library brewery & kitchen koramangala,74000,17,368,$0.17,7,20,https://lbb.in/bangalore/the-bier-library-one-a20d75/
1536,shop no 5,40500,54,85,$0.25,2,19,https://lbb.in/delhi/womens-clothing-nit-5-faridabad/
1537,sheraton hyderabad financial district,40500,73,85,$0.66,19,32,https://lbb.in/places/Sheraton-Hyderabad-Hotel-gachibowli-68b724/
1538,sayaji pune hotel,33100,51,85,$0.47,24,30,https://lbb.in/pune/sayaji-hotel/
1539,resort in hyderabad india,40500,32,85,$0.17,98,34,https://lbb.in/hyderabad/best-resorts-hyderabad/
1540,noida logix mall,22200,50,85,$0.31,1,20,https://lbb.in/places/Logix-City-Centre-Mall-noida-95de0e/
1541,national gallery of modern art bangalore,40500,18,303,$0.08,5,43,https://lbb.in/bangalore/ngma-bangalore/
1542,healthy eatery near me,33100,13,797,$0.13,3,23,https://lbb.in/bangalore/post-workout-healthy-restaurants-indiranagar/
1543,headphones with noise cancellation,33100,45,85,$0.14,90,42,https://lbb.in/delhi/noise-cancelling-headphones-buy-online/
1544,golf course road,33100,47,85,$0.36,11,26,https://lbb.in/delhi/locality/golf-course-road-gurgaon/
1545,golf club in delhi,33100,27,85,$0.14,4,16,https://lbb.in/delhi/golf-courses-delhi-ncr/
1546,go karting bangalore,40500,26,97,$0.17,8,28,https://lbb.in/bangalore/go-karting-bangalore/
1547,logix noida,27100,50,85,$0.81,4,28,https://lbb.in/places/Logix-City-Centre-Mall-noida-95de0e/
1548,library central,40500,36,85,$0.16,3,71,https://lbb.in/hyderabad/state-central-library-telangana/
1549,ladies handbags brands,40500,85,85,$0.06,100,56,https://lbb.in/mumbai/buy-bags-mumbai-shopping/
1550,kolkata new town,40500,24,174,$0.18,3,26,https://lbb.in/kolkata/new-town-rajarhat/
1551,brandy,40500,23,206,$0,1,43,https://lbb.in/all/brandy-brands/
1552,brand of beer,40500,14,607,$0,1,20,https://lbb.in/bangalore/homegrown-indian-beer-brands-you-need-to-try/
1553,body wash for female,40500,45,85,$0.04,99,31,https://lbb.in/bangalore/best-body-wash-online/
1554,best of protein supplements,40500,47,85,$0.21,100,54,https://lbb.in/all/best-protein-powder/
1555,best face cleanser for oily skin,40500,63,85,$0.20,99,47,https://lbb.in/delhi/best-face-wash-oily-skin/
1556,bathing gel for women,40500,48,85,$0.04,99,34,https://lbb.in/bangalore/best-body-wash-online/
1557,arabic mandi,2900,29,97,$0.03,1,19,https://lbb.in/mumbai/mandi-in-mumbai/
1558,cuffe parade,27100,51,85,$0.19,7,29,https://lbb.in/mumbai/locality/cuffe-parade-mumbai/
1559,cool movies animated,40500,15,368,$0.01,1,54,https://lbb.in/all/best-animated-movies/
1560,coffee shops in indira nagar,33100,15,797,$0.04,11,20,https://lbb.in/bangalore/cafes-in-indiranagar/
1561,church street social pub,40500,32,85,$0.23,5,19,https://lbb.in/bangalore/church-street-social-revamp-version-2/
1562,chinese town,40500,20,238,$0.12,2,22,https://lbb.in/mumbai/finding-china-town-in-mazgaon/
1563,china town,40500,12,607,$0,2,31,https://lbb.in/mumbai/finding-china-town-in-mazgaon/
1564,workshops,40500,72,85,$0.39,1,44,https://lbb.in/delhi/post/search?query=Workshops
1565,vasant square mall vasant kunj,40500,17,226,$0.18,4,17,https://lbb.in/delhi/vasant-square-mall-8150ca/
1566,sayaji hotel pune,33100,51,85,$0.47,24,30,https://lbb.in/pune/sayaji-hotel/
1567,restaurants bangalore,40500,26,133,$0.24,9,33,https://lbb.in/bangalore/best-restaurants-bengaluru/
1568,pune baner,33100,51,85,$0.24,5,29,https://lbb.in/mumbai/locality/baner-pune/
1569,pant and shirt combination,49500,15,368,$0.16,98,49,https://lbb.in/delhi/formal-pant-shirt-combination/
1570,malleswaram,33100,27,97,$0.16,4,42,https://lbb.in/bangalore/street-shopping-malleswaram-bangalore/
1571,lounge,49500,41,85,$0.23,1,45,https://lbb.in/pune/lounges-in-pune/
1572,lighting store close to me,40500,8,3940,$0.27,38,17,https://lbb.in/pune/lighting-stores-pune/
1573,itc maurya hotel,40500,29,85,$0.38,34,36,https://lbb.in/delhi/itc-maurya-a298f5/
1574,fun movies hindi,40500,48,85,$0.05,1,32,https://lbb.in/all/best-bollywood-comedy-movies/
1575,dilli haat,40500,11,607,$0.84,7,33,https://lbb.in/delhi/what-to-find-in-dilli-haat-delhi/
1576,delhi ncr mall,40500,23,109,$0.07,5,32,https://lbb.in/delhi/best-malls-delhi-ncr/
1577,bag brands for women,40500,36,85,$0.04,100,31,https://lbb.in/mumbai/buy-bags-mumbai-shopping/
1578,atria the millennium mall,40500,7,1368,$0,13,21,https://lbb.in/mumbai/shopping-brands-atria-mall-worli/
1579,church street social,40500,20,133,$0,5,27,https://lbb.in/bangalore/church-street-social-revamp-version-2/
1580,bund garden,40500,32,85,$0,5,32,https://lbb.in/pune/bund-garden-d53b2e/
1581,branded beer,40500,16,457,$0,1,26,https://lbb.in/bangalore/homegrown-indian-beer-brands-you-need-to-try/
1582,brand beer,49500,17,238,$0,1,32,https://lbb.in/bangalore/homegrown-indian-beer-brands-you-need-to-try/
1583,best face wash for oily face,40500,50,85,$0.10,99,36,https://lbb.in/delhi/best-face-wash-oily-skin/
1584,bengaluru marriott hotel whitefield,40500,51,85,$0.49,19,23,https://lbb.in/bangalore/bengaluru-marriott-hotel-whitefield-8db297/
1585,gallery of modern art bangalore,40500,15,238,$0.46,4,37,https://lbb.in/bangalore/ngma-bangalore/
1586,furniture stores,90500,27,89,$0.20,14,50,https://lbb.in/mumbai/best-furniture-shops-in-mumbai/
1587,fort of vasai,40500,20,226,$0.06,2,26,https://lbb.in/mumbai/immerse-greenery-history-vasai-fort/
1588,tourist places in pune,40500,45,85,$0.14,9,20,https://lbb.in/pune/famous-tourist-places-in-pune/
1589,shopping mall in delhi ncr,40500,25,133,$0.06,6,22,https://lbb.in/delhi/best-malls-delhi-ncr/
1590,shirt trouser combination,49500,12,607,$0.16,98,57,https://lbb.in/delhi/formal-pant-shirt-combination/
1591,krishna kanth park,40500,13,797,$0,5,27,https://lbb.in/hyderabad/krishna-kantha-park-jawahar-nagar-ccf336/
1592,korean restaurants near me,33100,10,1899,$0.34,8,17,https://lbb.in/kolkata/best-korean-food-places-kolkata/
1593,jehangir art gallery mumbai,40500,25,174,$0.17,9,28,https://lbb.in/mumbai/jehangir-art-gallery/
1594,itc maurya in delhi,40500,46,85,$0.79,30,37,https://lbb.in/delhi/itc-maurya-a298f5/
1595,indian foodies,40500,13,797,$0.16,1,34,https://lbb.in/hyderabad/indian-foodies-hub-new-menu-a35b5d/
1596,rajouri garden market delhi,40500,3,6561,$0,1,17,https://lbb.in/delhi/rajouri-garden-market-guide/
1597,oily skin face wash best,40500,42,85,$0.07,99,36,https://lbb.in/delhi/best-face-wash-oily-skin/
1598,malls in delhi india,40500,34,85,$0.11,4,38,https://lbb.in/delhi/best-malls-delhi-ncr/
1599,dining bangalore,40500,30,85,$0.08,15,33,https://lbb.in/bangalore/best-restaurants-bengaluru/
1600,charminar old city,49500,17,303,$0,13,31,https://lbb.in/hyderabad/old-city-top-things-to-do/
1601,bund garden in pune,40500,22,206,$0.16,4,21,https://lbb.in/pune/bund-garden-d53b2e/
1602,best malayalam movies,49500,7,1899,$0,1,27,https://lbb.in/all/best-malayalam-movies/
1603,bengali market,40500,30,89,$0,1,21,https://lbb.in/delhi/bengali-market-f843e0/
1604,ashwagandha benefits,49500,88,85,$0.02,12,36,https://lbb.in/all/advantages-of-ashwagandha/
1605,amba theatre delhi,40500,8,797,$0.20,1,21,https://lbb.in/delhi/amba-cinema-kamla-nagar/
1606,wine shops close to me,40500,18,238,$0,1,15,https://lbb.in/hyderabad/best-wine-shops/
1607,type of jeans for women,40500,16,457,$0.02,97,44,https://lbb.in/delhi/types-of-jeans-women/
1608,trousers and shirts combination,40500,15,457,$0.02,98,22,https://lbb.in/delhi/formal-pant-shirt-combination/
1609,hair salons near me for man,27100,16,374,$0.13,17,20,https://lbb.in/hyderabad/mens-salon-hyderabad/
1610,guwahati tourist places,33100,64,69,$0.13,10,26,https://go.lbb.in/3AAxMeoIxRb
1611,guwahati sightseeing places,33100,73,69,$0.10,13,23,https://go.lbb.in/3AAxMeoIxRb
1612,gardens and nurseries near me,33100,18,195,$0.04,9,28,https://lbb.in/bangalore/best-nurseries-and-garden-centres-in-bangalore/
1613,things to do in bangalore,40500,15,301,$0.13,37,23,https://lbb.in/bangalore/things-to-do-in-bangalore/
1614,the club mumbai,27100,23,89,$0.37,5,23,https://lbb.in/mumbai/the-club-mumbai/
1615,muro,33100,14,301,$0.14,4,21,https://lbb.in/bangalore/muro-cocktails-thai-food-museum-road/
1616,kurtis to wear with jeans,40500,9,1118,$0.03,96,46,https://lbb.in/all/kurti-jeans-outfits/
1617,koramangala pubs,33100,29,69,$0.15,11,31,https://lbb.in/bangalore/koramangala-bars-under-inr-1000/
1618,kapu beach,40500,40,69,$0.15,1,30,https://lbb.in/bangalore/kaup-beach-karnataka/
1619,restaurants in jayanagar bangalore,33100,17,301,$0.04,9,23,https://lbb.in/bangalore/hood-guide-to-jayanagar-restaurants-shopping/
1620,cafe lota,33100,20,142,$0,2,28,https://lbb.in/delhi/cafe-lota-crafts-museum-delhi/
1621,brahmaputra noida,33100,17,195,$0.11,1,22,https://lbb.in/delhi/street-food-bhramaputra-market-noida/
1622,birla technological museum,33100,26,142,$0.07,3,25,https://lbb.in/kolkata/bitm-946f07/
1623,big malls in chennai,33100,28,72,$0.06,3,41,https://lbb.in/chennai/best-shopping-malls-in-chennai/
1624,best under eye cream for dark circles,33100,57,69,$0.09,100,45,https://lbb.in/delhi/best-under-eye-creams/
1625,zero40 brewery,33100,35,69,$0.12,4,27,https://lbb.in/hyderabad/mango-ale-zero-40-brewery-hyderabad/
1626,zero 40 brewing,33100,44,69,$0,5,24,https://lbb.in/hyderabad/zero40-brewing-offers-deals/
1627,wild garden cafe,33100,26,89,$0.06,4,24,https://lbb.in/chennai/the-farm-omr-e2f191/
1628,vgp golden beach resort chennai,33100,64,69,$0.16,21,19,https://lbb.in/chennai/vgp-golden-beach-resort-for-a-staycation-chennai/
1629,the palms town and country club gurgaon,33100,18,168,$0.24,16,21,https://lbb.in/delhi/a-day-out-at-the-palms/
1630,super saravana stores,14800,22,142,$0.17,6,35,https://lbb.in/places/Saravana-Stores-tnagar-61d37f/
1631,stationery store,49500,12,847,$0.40,2,33,https://lbb.in/bangalore/stationery-stores-bangalore/
1632,south goa beaches,33100,22,168,$0.22,7,25,https://lbb.in/goa/best-beaches-in-south-goa/
1633,south city,33100,59,69,$0.18,4,25,https://lbb.in/kolkata/mall/south-city-mall-kolkata/
1634,restaurants koramangala,40500,19,185,$0.28,5,32,https://lbb.in/bangalore/locality/koramangala-bangalore/
1635,restaurants in hsr bangalore,33100,19,248,$0.05,12,23,https://lbb.in/bangalore/post/food-and-restaurants?locality=hsr-bangalore
1636,red rhino craft brewery and inspired kitchen,27100,23,142,$0.06,5,15,https://lbb.in/hyderabad/red-rhino-hyderabad/
1637,qutub minar entry time,33100,29,69,$0.06,5,26,https://lbb.in/delhi/qutub-minar-now-opens-in-a46410/
1638,pottery barn,18100,27,84,$2.74,36,72,https://lbb.in/delhi/pottery-barn-india-shop-online/
1639,pickleball court,33100,16,496,$0.41,3,28,https://lbb.in/delhi/pickleball-delhi/
1640,photo shop near me,33100,19,185,$0.22,8,17,https://lbb.in/pune/photo-framing-in-pune-kolsa-lane/
1641,parks with dinosaurs,33100,16,374,$0.11,2,23,https://lbb.in/mumbai/dinosaur-park-lonavala/
1642,monastery market,27100,1,10062,$0,1,27,https://lbb.in/delhi/tibetan-monastery-market/
1643,kanakapura road,33100,8,1552,$0.20,4,29,https://lbb.in/bangalore/things-to-do-in-kanakapura-road/
1644,jayanagar restaurants,33100,11,847,$0.05,11,31,https://lbb.in/bangalore/hood-guide-to-jayanagar-restaurants-shopping/
1645,jaya prakash narayana park,33100,35,69,$0.13,5,18,https://lbb.in/bangalore/jp-park-mathikere/
1646,infinity swimming pool,27100,35,72,$11.09,1,21,https://lbb.in/pune/infinity-pools-in-and-near-pune/
1647,hotel la cabana goa,27100,75,69,$0.18,43,22,https://lbb.in/goa/le-cabana-resort-ashvem-beautiful-beach-stay-destination-wedding/
1648,gym shoes,33100,34,69,$0.05,100,58,https://lbb.in/all/best-shoes-for-gym/
1649,film city mumbai,33100,20,168,$0.09,1,23,https://lbb.in/mumbai/guide-to-film-city-goregaon/
1650,chalukya samrat restaurant,18100,20,142,$0.15,6,22,https://lbb.in/bangalore/hotel-chalukya-samrat/
1651,curlies anjuna beach,33100,17,301,$0.17,3,23,https://lbb.in/goa/curlies-beach-shack/
1652,bombay sweet shop,18100,31,69,$0.42,97,48,https://lbb.in/mumbai/bombay-sweet-shop-byculla/
1653,basheer bagh hyderabad,33100,39,69,$0,5,24,https://lbb.in/hyderabad/locality/basheer-bagh-hyderabad/
1654,vasco da gama goa,27100,48,69,$0.23,1,14,https://lbb.in/goa/places-to-see-in-vasco-da-gama-goa/
1655,snowpark goa,27100,31,69,$0.04,5,25,https://lbb.in/goa/go-want-experience-snow-instead-sand-goa/
1656,readymade blouse shop near me,33100,6,3220,$0.18,82,39,https://lbb.in/chennai/top-places-for-ready-made-blouses-in-chennai/
1657,places in alleppey,33100,61,69,$0.41,15,21,https://lbb.in/all/places-to-see-in-alleppey/
1658,max tower,33100,40,69,$0.19,5,14,https://lbb.in/places/Max-Towers-Sector-16B-Noida-a31451/
1659,mapusa municipal market,27100,1,10062,$0,1,21,https://lbb.in/goa/mapusa-market-five-reasons/
1660,lotus pond,27100,51,69,$0.03,4,28,https://lbb.in/hyderabad/lotus-pond-film-nagar/
1661,kids dance classes near me,33100,6,5362,$0.05,6,18,https://lbb.in/bangalore/kids-dance-classes-bangalore/
1662,just chill water park,27100,20,168,$0,1,14,https://lbb.in/delhi/just-chill-water-park-delhi/
1663,just chill amusement park,27100,21,142,$0.02,2,19,https://lbb.in/delhi/just-chill-water-park-delhi/
1664,izumi bandra,22200,29,72,$0,7,27,https://lbb.in/mumbai/izumi-linking-road-a6c9de/
1665,goregaon film city,33100,13,496,$0.26,1,23,https://lbb.in/mumbai/guide-to-film-city-goregaon/
1666,food bank,33100,46,69,$0.81,1,54,https://lbb.in/mumbai/roti-bank-mumbai-dabbawalas-feeds-needy-homeless/
1667,bhartiya mall,33100,17,185,$0,1,28,https://lbb.in/bangalore/bhartiya-mall-of-bengaluru-launch/
1668,best condom,33100,59,69,$0.02,84,53,https://lbb.in/delhi/best-condom-brands-in-india/
1669,socials near me,22200,12,652,$0,3,20,https://lbb.in/mumbai/social-dancing-mumbai/
1670,skydiving skydiving,33100,63,69,$0.52,3,47,https://lbb.in/pune/skydiving-pune-amby-valley/
1671,the globe grub,33100,22,142,$0.35,12,26,https://lbb.in/hyderabad/hyderabads-grub-hub-newest-f9d466/
1672,temples in hyd,33100,54,69,$0.06,1,20,https://lbb.in/hyderabad/famous-temples-hyderabad/
1673,snow park goa,27100,33,69,$0.10,5,23,https://lbb.in/goa/go-want-experience-snow-instead-sand-goa/
1674,shopping centers in chennai,33100,43,69,$0.06,3,33,https://lbb.in/chennai/best-shopping-malls-in-chennai/
1675,restaurants hsr,33100,20,185,$0.05,16,23,https://lbb.in/bangalore/post/food-and-restaurants?locality=hsr-bangalore
1676,hottest women dress,33100,21,142,$0.02,97,39,https://lbb.in/delhi/types-of-dresses/
1677,gardening nurseries near me,33100,12,652,$0.05,8,34,https://lbb.in/hyderabad/best-nurseries-garden-stores/
1678,pratap sons jaipur,33100,30,69,$0.12,100,53,https://lbb.in/places/Pratap-Sons-jaipur-78e7eb/
1679,netaji bhawan museum,33100,30,69,$0.14,8,21,https://lbb.in/kolkata/discover-indias-past-netaji-bhavan-just-inr-10/
1680,mahakali caves mumbai,33100,30,69,$0,5,24,https://lbb.in/mumbai/buddhist-history-mahakali-caves-mumbai/
1681,leather and shoes,33100,61,69,$0.03,97,16,https://lbb.in/pune/ramesh-footwear/
1682,koramangala social,33100,23,109,$0.15,4,29,https://lbb.in/bangalore/Koramangala-Social-Turns-1-86ce1c/
1683,kk nagar in chennai,33100,49,69,$0.16,3,24,https://lbb.in/chennai/things-to-do-in-kk-nagar-chennai/
1684,jeans cloth kurtis,33100,25,89,$0.01,97,20,https://lbb.in/all/kurti-jeans-outfits/
1685,bowling alley near me,14800,11,847,$0.51,4,11,https://lbb.in/pune/5-bowling-alleys-pune/
1686,best food restaurants in delhi,33100,32,69,$0.09,7,38,https://lbb.in/delhi/restaurants-in-delhi/
1687,curlies anjuna goa,33100,33,69,$0.17,3,24,https://lbb.in/goa/curlies-beach-shack/
1688,cricket academy,49500,17,301,$0.31,2,33,https://lbb.in/hyderabad/cricket-academies-hyderabad/
1689,cox town bangalore,33100,32,69,$0.17,6,20,https://lbb.in/bangalore/locality/cox-town-bangalore/
1690,things to do bangalore india,33100,15,496,$0.15,42,20,https://lbb.in/bangalore/things-to-do-in-bangalore/
1691,spicy venue jubilee hills,33100,21,168,$0.20,4,21,https://lbb.in/hyderabad/spicy-venue-057d49/
1692,shopping malls in hyd,33100,34,69,$0.12,2,23,https://lbb.in/hyderabad/best-malls-hyderabad/
1693,shopping centres in hyderabad,33100,50,69,$0.12,2,33,https://lbb.in/hyderabad/best-malls-hyderabad/
1694,shoes for gym,33100,53,69,$0.05,100,53,https://lbb.in/all/best-shoes-for-gym/
1695,saket new delhi,33100,61,69,$0.20,2,36,https://lbb.in/delhi/locality/saket-delhi/
1696,romantic korean series,33100,26,76,$0.05,1,35,https://lbb.in/all/romantic-korean-dramas-netflix/
1697,m2m ferries private limited,18100,29,69,$0.29,8,24,https://lbb.in/places/M2M-Ferries-1769fd/
1698,kolkata birla museum,33100,46,69,$0.07,3,35,https://lbb.in/kolkata/bitm-ballygunge-for-science-museums/
1699,kdrama romantic,33100,34,69,$0.17,1,27,https://lbb.in/all/romantic-korean-dramas-netflix/
1700,just chill water and fun park,27100,16,248,$0.02,2,23,https://lbb.in/delhi/just-chill-water-park-delhi/
1701,new town city centre,33100,7,2181,$0.17,5,38,https://lbb.in/kolkata/mall/city-centre-2-mall-kolkata/
1702,bikaner house,22200,11,1118,$0,6,26,https://lbb.in/delhi/bikaner-house-delhi/
1703,basketball court near me,33100,12,652,$0.55,1,15,https://lbb.in/mumbai/basketball-courts-to-go-to/
1704,bangalore south,33100,105,69,$0,1,32,https://lbb.in/bangalore/a-day-in-the-life-of-south-bangalore/
1705,amethyst café chennai,33100,27,79,$0.11,4,20,https://lbb.in/chennai/amethyst-cafe-b4fd2d/
1706,k k nagar chennai,33100,41,69,$0.16,3,23,https://lbb.in/chennai/things-to-do-in-kk-nagar-chennai/
1707,joggers park,60500,30,72,$0,5,38,https://lbb.in/mumbai/joggers-park-5bbd62/
1708,goregaon sports club,33100,14,248,$0,6,24,https://lbb.in/mumbai/goregoan-sports-club-9cb3f0/
1709,east coast at madras square,27100,9,847,$0.03,9,16,https://lbb.in/chennai/shiraz-art-cafe-f45e3d/
1710,devanahalli fort,33100,50,69,$0,1,28,https://lbb.in/bangalore/road-trip-devanahalli-fort/
1711,curlies goa anjuna,33100,40,69,$0.14,3,21,https://lbb.in/goa/curlies-beach-shack/
1712,cafe wink,40500,16,301,$0,3,31,https://lbb.in/delhi/east-delhites-want-to-grab-75bd89/
1713,bowling lanes near me,33100,9,1552,$0.08,8,22,https://lbb.in/pune/5-bowling-alleys-pune/
1714,bowling lane near me,33100,5,3220,$0.07,3,37,https://lbb.in/pune/5-bowling-alleys-pune/
1715,best korean drama on netflix,33100,18,168,$0.01,2,15,https://lbb.in/all/romantic-korean-dramas-netflix/
1716,chocolate and bread,33100,56,69,$0.08,3,22,https://lbb.in/chennai/bread-and-chocolate-cafe-auroville-pondicherry-chennai/
1717,the palms and country club gurgaon,33100,15,248,$0.27,17,19,https://lbb.in/delhi/a-day-out-at-the-palms/
1718,reservoir for dogs,33100,77,69,$0,1,65,https://lbb.in/bangalore/top-dog-swimming-pools-in-bangalore/
1719,nana peth pune,27100,28,72,$0.19,4,19,https://lbb.in/pune/locality/nana-peth-pune/
1720,mr theatre tambaram chennai,33100,26,69,$0.22,1,20,https://lbb.in/places/MR-Theatre-tambaram-60ad7f/
1721,mansarovar park,27100,8,1552,$0,7,29,https://lbb.in/delhi/mansarovar-park-80c327/
1722,m r theatre,33100,14,195,$0.09,1,36,https://lbb.in/places/MR-Theatre-tambaram-60ad7f/
1723,kashi art cafe,33100,16,301,$0,1,23,https://lbb.in/bangalore/kashi-art-cafe-fort-kochi-kerala/
1724,kamani auditorium,33100,15,374,$0,4,29,https://lbb.in/delhi/kamani-auditorium-ad8749/
1725,spicy venue,33100,22,168,$0.73,8,30,https://lbb.in/hyderabad/spicy-venue-5a72b9/
1726,garden nursery close to me,33100,6,5362,$0.04,8,19,https://lbb.in/bangalore/best-nurseries-and-garden-centres-in-bangalore/
1727,furniture market,33100,6,3220,$0.18,10,31,https://lbb.in/delhi/furniture-market-in-delhi/
1728,dinosaur's park,33100,19,195,$0.11,2,29,https://lbb.in/mumbai/dinosaur-park-lonavala/
1729,delhi by road,33100,41,69,$0.07,1,47,https://lbb.in/delhi/monsoon-long-drive/
1730,indian skin care brands,2400,20,142,$0.28,4,42,https://lbb.in/all/best-skincare-brands/
1731,hair stylist for men near me,14800,9,1552,$0.15,17,26,https://lbb.in/hyderabad/mens-salon-hyderabad/
1732,hair salons near me man,27100,18,248,$0.13,17,23,https://lbb.in/hyderabad/mens-salon-hyderabad/
1733,best under eye dark circles cream,27100,53,69,$0.10,100,41,https://lbb.in/delhi/best-under-eye-creams/
1734,bangalore hal airport,33100,47,69,$0.17,11,26,https://lbb.in/bangalore/hal-airport-operational-soon/
1735,zaveri bazaar,33100,32,69,$0.41,6,26,https://lbb.in/mumbai/zaveri-bazaar-6c072c/
1736,water park just chill,27100,20,142,$0.01,2,41,https://lbb.in/delhi/just-chill-water-park-delhi/
1737,restaurants in koramangala bangalore,33100,15,374,$0.04,10,20,https://lbb.in/bangalore/go-here-when-craving-for-98e9c1/
1738,restaurants in koramangala,40500,18,195,$0.15,3,26,https://lbb.in/bangalore/go-here-when-craving-for-98e9c1/
1739,restaurants in hsr layout,33100,17,195,$0.53,14,19,https://lbb.in/bangalore/best-restaurants-in-hsr-layout/
1740,restaurants bangalore jayanagar,33100,13,496,$0.06,13,24,https://lbb.in/bangalore/hood-guide-to-jayanagar-restaurants-shopping/
1741,ramen near me,33100,10,1118,$0.20,9,25,https://lbb.in/mumbai/best-ramen-mumbai/
1742,raja dinkar kelkar museum,33100,13,652,$0,4,16,https://lbb.in/pune/raja-dinkar-kelkar-museum-d8b29d/
1743,polo ground,33100,41,69,$0,7,30,https://lbb.in/delhi/rambagh-polo-ground-6d24c9/
1744,music and instrument stores near me,33100,23,109,$0.08,13,20,https://lbb.in/mumbai/musical-instruments-buy/
1745,mall in chennai,40500,29,76,$0.02,2,26,https://lbb.in/chennai/best-shopping-malls-in-chennai/
1746,mahakali caves,33100,41,69,$0,5,29,https://lbb.in/mumbai/mahakali-caves-4eeb50/
1747,m r theatre tambaram,33100,19,109,$0.08,1,18,https://lbb.in/places/MR-Theatre-tambaram-60ad7f/
1748,the club mumbai andheri,27100,38,69,$0.26,4,19,https://lbb.in/places/The-Club-Mumbai-andheri-west-b959e7/
1749,thali restaurants near me,33100,12,496,$0.18,9,17,https://lbb.in/pune/authentic-veg-maharashtrian-thali-pune/
1750,siri fort auditorium in delhi,33100,31,69,$0.25,4,24,https://lbb.in/delhi/sirifort-auditorium-01e6a1/
1751,siri fort auditorium,33100,28,72,$0,4,24,https://lbb.in/delhi/Siri-fort-delhi/
1752,f c road social,33100,5,2181,$0.24,4,20,https://lbb.in/pune/piatto-dessert-studio-61a8d9/
1753,birla industrial museum,33100,30,72,$0.15,3,28,https://lbb.in/kolkata/bitm-946f07/
1754,best restaurants in delhi,40500,35,69,$0.21,8,20,https://lbb.in/all/restaurants-in-delhi/
1755,best eye cream under eye circles,33100,64,69,$0.12,100,42,https://lbb.in/delhi/best-under-eye-creams/
1756,best eye cream dark circles under eyes,33100,50,69,$0.12,100,40,https://lbb.in/delhi/best-under-eye-creams/
1757,bangalore club,33100,7,1118,$0.39,6,29,https://lbb.in/bangalore/bangalore-club/
1758,kune waterfall lonavala,27100,13,301,$0.05,3,21,https://lbb.in/pune/kune-falls/
1759,monastery in delhi,33100,17,301,$0.01,1,16,https://lbb.in/delhi/top-8-monasteries-in-north-62ff79/
1760,mehboob studio in mumbai,22200,11,652,$0.19,7,22,https://lbb.in/pune/mehboob-studios-382c7c/
1761,vitamin e tablets for hair,33100,39,69,$0.03,71,23,https://lbb.in/all/vitamin-e-capsule-for-hair/
1762,timings for qutub minar,33100,32,69,$0.19,6,29,https://lbb.in/delhi/qutub-minar-now-opens-in-a46410/
1763,temples in ujjain madhya pradesh,33100,78,69,$0.02,1,29,https://lbb.in/mumbai/-7416f7/
1764,pune juna bazar,22200,9,1552,$0,11,23,https://lbb.in/pune/juna-bazaar-shopping/
1765,fc road social,33100,8,1118,$0,6,24,https://lbb.in/pune/piatto-dessert-studio-61a8d9/
1766,cream craver,22200,10,1118,$0,4,26,https://lbb.in/pune/cream-craver-8311f8/
1767,hotel original vinayaka mylari,8100,46,69,$0.17,10,23,https://lbb.in/bangalore/mylari-dosa-at-original-hotel-vinayaka-mylari-mysore/
1768,hair salon for guys near me,33100,12,847,$0.13,24,20,https://lbb.in/hyderabad/mens-salon-hyderabad/
1769,garden plant nursery near me,33100,13,496,$0.05,8,30,https://lbb.in/bangalore/best-nurseries-and-garden-centres-in-bangalore/
1770,mainland china,590,19,185,$0,1,18,https://lbb.in/kolkata/mainland-china-chinese-food-kolkata/
1771,lonavala kune waterfalls,33100,20,185,$0.03,1,19,https://lbb.in/pune/kune-falls/
1772,kashi cafe fort kochi,33100,29,69,$0.05,1,25,https://lbb.in/bangalore/kashi-art-cafe-fort-kochi-kerala/
1773,café wink,33100,18,248,$0.12,2,25,https://lbb.in/delhi/east-delhites-want-to-grab-75bd89/
1774,cafeteria,33100,20,185,$0,1,41,https://lbb.in/delhi/cafeteria-co-f3c162/
1775,bangalore restaurants koramangala,33100,17,301,$0.05,12,28,https://lbb.in/bangalore/locality/koramangala-bangalore/
1776,alka theatre pune,33100,21,109,$0.23,5,22,https://lbb.in/pune/alka-9613e3/
1777,abc books market,33100,11,374,$0,12,26,https://lbb.in/pune/secondhand-books-from-abc-d2cee0/
1778,abc book market,33100,17,168,$0,6,24,https://lbb.in/pune/secondhand-books-from-abc-d2cee0/
1779,summer house delhi,33100,27,79,$0.10,2,23,https://lbb.in/delhi/summer-house-cafe-hauz-khas/
1780,sulabh international museum of toilets delhi,33100,89,69,$0.10,3,32,https://lbb.in/delhi/sulabh-international-toilet-museum-visit-9131aa/
1781,woman hot dress,33100,15,301,$0.02,97,24,https://lbb.in/delhi/types-of-dresses/
1782,restaurant koramangala,40500,20,168,$0.15,3,31,https://lbb.in/bangalore/locality/koramangala-bangalore/
1783,onam sadya,4400,43,69,$0,1,29,https://lbb.in/hyderabad/onam-sadya-hyderabad/
1784,kurta and jeans,40500,10,847,$0.03,96,54,https://lbb.in/all/kurti-jeans-outfits/
1785,phoenix palladium senapati bapat marg lower parel mumbai maharashtra,33100,33,69,$0.15,4,25,https://lbb.in/places/Phoenix-Palladium-lower-parel-76977a/
1786,parks in chennai,33100,40,69,$0.59,2,23,https://lbb.in/chennai/best-public-parks-chennai/
1787,boho koramangala,22200,29,72,$0,11,28,https://lbb.in/bangalore/boho-7b3d88/
1788,banashankari bda complex,33100,18,168,$0,6,24,https://lbb.in/places/Banashankari-BDA-Complex-banashankari-6294e9/
1789,anjuna beach curlies,33100,16,374,$0.23,3,21,https://lbb.in/pune/curlies-beach-shack/
1790,kurtis for jeans,40500,17,185,$0.03,96,54,https://lbb.in/all/kurti-jeans-outfits/
1791,kk nagar,33100,38,69,$0.21,3,28,https://lbb.in/chennai/things-to-do-in-kk-nagar-chennai/
1792,kdramas romantic,33100,40,69,$0.04,1,31,https://lbb.in/all/romantic-korean-dramas-netflix/
1793,k k nagar,33100,73,69,$0.11,2,30,https://lbb.in/chennai/things-to-do-in-kk-nagar-chennai/
1794,jogging park,33100,11,2181,$0,7,30,https://lbb.in/mumbai/best-running-spots-mumbai/
1795,vizag beach,33100,44,69,$0.19,3,28,https://lbb.in/hyderabad/must-visit-beaches-vizag/
1796,skin care products,33100,36,69,$0.31,97,62,https://lbb.in/all/best-skincare-brands/
1797,saket new delhi delhi,33100,60,69,$0.15,2,19,https://lbb.in/delhi/locality/saket-delhi/
1798,restaurant in jayanagar bangalore,33100,17,301,$0.04,9,23,https://lbb.in/bangalore/hood-guide-to-jayanagar-restaurants-shopping/
1799,ideas for mother's day brunch,3600,28,72,$0,1,41,https://lbb.in/bangalore/mothers-day-lunch-brunch-bangalore/
1800,hyd malls,33100,26,79,$0.05,3,24,https://lbb.in/hyderabad/best-malls-hyderabad/
1801,good restaurants delhi,33100,30,69,$0.08,6,30,https://lbb.in/all/restaurants-in-delhi/
1802,pickleball courts,33100,15,496,$0.13,4,13,https://lbb.in/delhi/pickleball-delhi/
1803,monastery market delhi,2400,1,10062,$0,1,13,https://lbb.in/delhi/tibetan-monastery-market/
1804,mehboob studios mumbai,33100,14,248,$0.11,3,29,https://lbb.in/pune/mehboob-studios-382c7c/
1805,logix mall wave city centre,74000,46,69,$0.22,9,20,https://lbb.in/places/Logix-City-Centre-Mall-noida-95de0e/
1806,la cabana goa,33100,21,109,$0.08,51,38,https://lbb.in/goa/le-cabana-resort-ashvem-beautiful-beach-stay-destination-wedding/
1807,kune falls lonavala maharashtra,33100,55,69,$0.03,1,23,https://lbb.in/pune/kune-falls/
1808,kdrama romance,33100,45,69,$0.03,1,27,https://lbb.in/all/romantic-korean-dramas-netflix/
1809,cafe tesu,33100,19,195,$0.14,2,28,https://lbb.in/delhi/cafe-tesu-essex-farms/
1810,curlies beach shack anjuna anjuna goa,33100,86,69,$0.17,3,23,https://lbb.in/places/Curlies-Beach-Shack-anjuna-cba4d5/
1811,communal work space,33100,64,69,$1.03,17,39,https://lbb.in/bangalore/best-co-working-spaces-in-bangalore/
1812,chennai k k nagar,33100,48,69,$0.13,3,21,https://lbb.in/chennai/things-to-do-in-kk-nagar-chennai/
1813,birla technological museum kolkata,33100,21,168,$0.15,3,30,https://lbb.in/kolkata/bitm-946f07/
1814,bhavani peth pune,33100,22,142,$0.10,4,20,https://lbb.in/pune/locality/bhavani-peth-pune/
1815,best restaurants new delhi,33100,34,69,$0.12,7,31,https://lbb.in/all/restaurants-in-delhi/
1816,best restaurants in delhi india,40500,41,69,$0.33,7,20,https://lbb.in/all/restaurants-in-delhi/
1817,best k drama on netflix,33100,15,301,$0.02,1,36,https://lbb.in/all/romantic-korean-dramas-netflix/
1818,baglami,33100,37,69,$0.07,1,40,https://lbb.in/places/Baglami-bandra-east-ff1a64/
1819,apparel house,27100,20,142,$0.33,7,31,https://lbb.in/delhi/epicentre-apparel-house-8d2dbb/
1820,ap beautiful homes,390,13,1118,$0.87,22,38,https://lbb.in/delhi/ap-beautiful-homes-delhi/
1821,things to do in bangalore india,33100,13,374,$0.10,48,22,https://lbb.in/bangalore/things-to-do-in-bangalore/
1822,things to do bangalore,33100,10,652,$0.15,42,29,https://lbb.in/bangalore/things-to-do-in-bangalore/
1823,to do in bangalore,33100,12,652,$0.15,42,28,https://lbb.in/bangalore/things-to-do-in-bangalore/
1824,shopping malls hyderabad,33100,44,69,$0.01,1,23,https://lbb.in/hyderabad/best-malls-hyderabad/
1825,polo grounds,33100,50,69,$0.12,5,19,https://lbb.in/delhi/rambagh-polo-ground-6d24c9/
1826,ooty toy train,33100,35,69,$0.05,3,23,https://lbb.in/bangalore/ooty-toy-train/
1827,marble palace,18100,31,72,$0,4,25,https://lbb.in/kolkata/marble-palace-b571e1/
1828,jonathan's,40500,21,142,$0,1,57,https://lbb.in/hyderabad/jonathans-kitchen-gachibowli/
1829,hal bangalore international airport,33100,78,69,$0.11,7,30,https://lbb.in/places/HAL-Airport-old-airport-road-77d9fb/
1830,formal attire for women,33100,34,69,$0.05,98,38,https://lbb.in/delhi/formal-ideas-office-wear-for-women/
1831,fish thali near me,27100,14,374,$0.20,10,17,https://lbb.in/goa/best-fish-thali-places-in-goa/
1832,bridal gown dresses,40500,38,69,$0.02,87,19,https://lbb.in/bangalore/wedding-gowns-bangalore/
1833,zero 40 brewery,33100,51,69,$0.21,4,27,https://lbb.in/hyderabad/zero40-brewing-offers-deals/
1834,vikaspuri delhi,27100,44,69,$0.07,3,27,https://lbb.in/delhi/locality/vikaspuri-delhi/
1835,vgp resort,40500,61,69,$0.14,28,20,https://lbb.in/chennai/vgp-golden-beach-resort-for-a-staycation-chennai/
1836,top waterfalls in india,33100,77,69,$0,1,14,https://lbb.in/all/best-waterfalls-in-india/
1837,timing of qutub minar,33100,28,72,$0.06,5,20,https://lbb.in/delhi/qutub-minar-now-opens-in-a46410/
1838,siri fort auditorium new delhi,33100,40,69,$0.25,4,34,https://lbb.in/delhi/Siri-fort-delhi/
1839,ramen food near me,33100,9,1552,$0.05,7,33,https://lbb.in/delhi/best-ramen-restaurants-to-try/
1840,pure home and living,33100,21,142,$0.08,100,21,https://lbb.in/delhi/pure-home-living-delhi-ncr/
1841,pratap sons in jaipur,33100,12,847,$0.12,100,45,https://lbb.in/delhi/pratap-sons-f99c04/
1842,pc chandra garden,33100,20,195,$0.25,4,15,https://lbb.in/kolkata/pc-chandra-gardens-5bef81/
1843,nail art near me,33100,12,652,$0.26,27,23,https://lbb.in/bangalore/nail-salons-bangalore/
1844,music equipment stores near me,33100,11,847,$0.08,13,23,https://lbb.in/hyderabad/music-stores-hyderabad/
1845,men salons near me,33100,10,1118,$0.12,21,19,https://lbb.in/hyderabad/mens-salon-hyderabad/
1846,lota restaurant delhi,33100,17,168,$0.19,1,30,https://lbb.in/delhi/cafe-lota-crafts-museum-delhi/
1847,kurti with jeans,40500,9,847,$0.02,92,53,https://lbb.in/all/kurti-jeans-outfits/
1848,good under eye cream for dark circles,33100,53,69,$0.12,100,38,https://lbb.in/delhi/best-under-eye-creams/
1849,birla industrial and technology museum,33100,23,142,$0.07,3,29,https://lbb.in/kolkata/bitm-946f07/
1850,alappuzha tourist attractions,33100,30,69,$0.25,12,21,https://lbb.in/all/tourist-attractions-alappuzha/
1851,fashion designers,33100,28,79,$0.44,4,29,https://lbb.in/all/best-fashion-designers-india/
1852,fashion designer,33100,62,69,$0.39,5,74,https://lbb.in/all/best-fashion-designers-india/
1853,eateries in jayanagar,33100,10,1118,$0.05,10,24,https://lbb.in/bangalore/hood-guide-to-jayanagar-restaurants-shopping/
1854,delhi monastery market,33100,1,10062,$0.01,1,19,https://lbb.in/delhi/tibetan-monastery-market/
1855,commercial street bangalore,33100,8,2181,$0.27,1,23,https://lbb.in/bangalore/shopping-at-commercial-street/
1856,tourist places in alappuzha,33100,41,69,$0.10,15,19,https://lbb.in/all/tourist-attractions-alappuzha/
1857,stationery stores,33100,29,72,$0.08,2,28,https://lbb.in/mumbai/stationery-shops-in-mumbai/
1858,raja market,33100,16,195,$0.12,1,22,https://lbb.in/bangalore/ratan-fancy-stores-raja-market-cd99c1/
1859,raja dinkar kelkar,33100,18,195,$0.18,4,26,https://lbb.in/pune/legacy-bestowed-raja-dinkar-kelkar-07a448/
1860,pc chandra garden kolkata,33100,21,168,$0.23,5,15,https://lbb.in/kolkata/pc-chandra-gardens-5bef81/
1861,monastery delhi,2400,14,496,$0,1,18,https://lbb.in/delhi/tibetan-monastery-market/
1862,military hotel near me,33100,8,1552,$0,7,17,https://lbb.in/bangalore/military-hotels-bangalore/
1863,kurti and jeans,40500,10,1118,$0.05,94,54,https://lbb.in/all/kurti-jeans-outfits/
1864,kinara village dhaba,33100,21,168,$0.08,7,25,https://lbb.in/mumbai/kinara-village-dhaba-lonavala/
1865,k drama romantic,33100,45,69,$0.04,1,30,https://lbb.in/all/romantic-korean-dramas-netflix/
1866,hair stylist men near me,33100,12,847,$0.13,24,19,https://lbb.in/hyderabad/mens-salon-hyderabad/
1867,malls in hyderabad,33100,40,69,$0.01,2,23,https://lbb.in/hyderabad/best-malls-hyderabad/
1868,majorda beach,33100,25,109,$0.24,3,28,https://lbb.in/goa/lbbtip-7bef43/
1869,lohar chawl,27100,14,652,$0,9,29,https://lbb.in/mumbai/lohar-chawl-lights-mumbai/
1870,kk nagar chennai,33100,41,69,$0.17,8,28,https://lbb.in/chennai/things-to-do-in-kk-nagar-chennai/
1871,cafe lota delhi,33100,20,142,$0,2,23,https://lbb.in/delhi/cafe-lota-crafts-museum-delhi/
1872,best restaurants delhi,40500,40,69,$0.21,8,28,https://lbb.in/all/restaurants-in-delhi/
1873,basketball courts near me,33100,9,1118,$0.55,1,15,https://lbb.in/mumbai/basketball-courts-to-go-to/
1874,woman dress hot,33100,15,374,$0.02,98,41,https://lbb.in/delhi/types-of-dresses/
1875,top restaurants in delhi,40500,35,69,$0.03,4,19,https://lbb.in/delhi/restaurants-in-delhi/
1876,south of bangalore,33100,44,69,$0,1,31,https://lbb.in/bangalore/a-day-in-the-life-of-south-bangalore/
1877,shoe store,40500,12,496,$0.22,9,33,https://lbb.in/mumbai/branded-shoe-stores-colaba/
1878,royal opera house,33100,20,142,$0.62,4,24,https://lbb.in/mumbai/royal-opera-house-08ff08/
1879,romcom,33100,46,69,$0,1,40,https://lbb.in/all/top-bollywood-rom-coms/
1880,qutub minar timing,33100,23,89,$0.39,2,23,https://lbb.in/delhi/qutub-minar-now-opens-in-a46410/
1881,places to visit in guwahati assam,33100,63,69,$0.10,13,26,https://go.lbb.in/3AAxMeoIxRb
1882,parampara flavours of india,33100,20,168,$0.09,4,21,https://lbb.in/hyderabad/parampara-flavours-of-india-e09be9/
1883,naru noodle bar,33100,30,69,$0.58,4,24,https://lbb.in/bangalore/naru-noodle-bar-order-ramen-online/
1884,la cabana hotel goa,33100,41,69,$0.13,47,21,https://lbb.in/goa/le-cabana-resort-ashvem-beautiful-beach-stay-destination-wedding/
1885,kurta with jeans,40500,17,374,$0.03,96,54,https://lbb.in/all/kurti-jeans-outfits/
1886,korean romantic drama,33100,10,847,$0.05,1,22,https://lbb.in/all/romantic-korean-dramas-netflix/
1887,koramangala pub bangalore,33100,32,69,$0.06,11,21,https://lbb.in/bangalore/koramangala-bars-under-inr-1000/
1888,kamani auditorium copernicus marg,33100,36,69,$0.09,2,20,https://lbb.in/delhi/kamani-auditorium-ad8749/
1889,dirty good,22200,27,76,$0.13,3,30,https://lbb.in/places/Dirty-Good-05b86d/
1890,dinosaur park,33100,17,248,$0.57,2,28,https://lbb.in/mumbai/dinosaur-park-lonavala/
1891,delhi saket,33100,59,69,$0.15,2,26,https://lbb.in/delhi/locality/saket-delhi/
1892,curlies in goa,33100,44,69,$0.14,3,21,https://lbb.in/goa/curlies-beach-shack/
1893,curlies beach shack anjuna goa,33100,73,69,$0.17,3,23,https://lbb.in/goa/curlies-at-anjuna-beach-4f4dbe/
1894,city center in chennai,33100,27,79,$0.20,4,27,https://lbb.in/chennai/mall/citi-center-mall-chennai/
1895,chennai shopping centres,33100,40,69,$0.06,3,36,https://lbb.in/chennai/best-shopping-malls-in-chennai/
1896,best k dramas on netflix,27100,15,301,$0.01,5,15,https://lbb.in/all/romantic-korean-dramas-netflix/
1897,hottest dress for women,33100,17,195,$0.02,97,24,https://lbb.in/delhi/types-of-dresses/
1898,hair salon for men near me,27100,10,1118,$0.12,14,35,https://lbb.in/hyderabad/mens-salon-hyderabad/
1899,guwahati tourist attractions,33100,88,69,$0.10,13,24,https://go.lbb.in/3AAxMeoIxRb
1900,guwahati attractions,33100,76,69,$0.10,13,26,https://go.lbb.in/3AAxMeoIxRb
1901,good restaurants in delhi,33100,37,69,$0.12,7,30,https://lbb.in/delhi/restaurants-in-delhi/
1902,the spicy venue,33100,16,496,$0,4,24,https://lbb.in/hyderabad/the-spicy-venue-e69441/
1903,star gazing,18100,50,69,$0.11,1,24,https://lbb.in/hyderabad/stargazing-locations-near-hyderabad/
1904,kune waterfalls lonavala,33100,17,374,$0.03,1,19,https://lbb.in/pune/kune-falls/
1905,just chill water park in delhi,27100,27,79,$0.02,2,22,https://lbb.in/delhi/just-chill-water-park-delhi/
1906,jogger park,60500,9,847,$0,4,38,https://lbb.in/mumbai/joggers-park-5bbd62/
1907,restaurants in jayanagar,33100,11,652,$0.14,7,25,https://lbb.in/bangalore/hood-guide-to-jayanagar-restaurants-shopping/
1908,near beach,33100,30,72,$0.67,2,28,https://lbb.in/bangalore/beaches-near-bangalore/
1909,marble palace kolkata,12100,51,69,$0,1,17,https://lbb.in/kolkata/marble-palace-kolkata/
1910,shoes for the gym,33100,45,69,$0.05,100,50,https://lbb.in/all/best-shoes-for-gym/
1911,e capsules for hair,33100,33,69,$0.02,97,25,https://lbb.in/all/vitamin-e-capsule-for-hair/
1912,dear donna,33100,17,248,$0.09,1,28,https://lbb.in/delhi/perfect-spot-for-dinner-date-e949f4/
1913,chennai city mall,33100,21,109,$0.06,3,39,https://lbb.in/chennai/things-to-do-at-citi-centre-mylapore-chennai/
1914,biggest mall in chennai,40500,33,69,$0.09,4,19,https://lbb.in/chennai/best-shopping-malls-in-chennai/
1915,women formal wear clothing,40500,39,69,$0.05,98,50,https://lbb.in/delhi/shop-womens-formal-wear-online/
1916,vitamin e capsule for hair,33100,42,69,$0.13,56,32,https://lbb.in/all/vitamin-e-capsule-for-hair/
1917,gk ii m block market,27100,2,4390,$0.33,1,24,https://lbb.in/delhi/greater-kailash-gk-2-m-block-market-guide-restaurant-bakery-delivery/
1918,vijaya mall vadapalani,27100,29,56,$0.13,4,25,https://lbb.in/chennai/mall/forum-vijaya-mall-chennai/
1919,tour places in amritsar,27100,71,56,$0.27,24,25,https://lbb.in/all/places-to-see-in-amritsar/
1920,tinted lip balm,22200,67,56,$0.08,99,49,https://lbb.in/all/best-tinted-lip-balms/
1921,temples in bangalore,27100,52,56,$0.14,1,22,https://lbb.in/bangalore/famous-temples-bangalore/
1922,sky diving india,22200,58,56,$0.08,7,22,https://lbb.in/pune/skydiving-pune-amby-valley/
1923,rooftop,27100,16,306,$0.51,1,40,https://lbb.in/bangalore/best-rooftop-restaurants-bangalore/
1924,wildernest goa,27100,17,203,$0.09,21,33,https://lbb.in/goa/wildernest-nature-resort-goa/
1925,world best health products,27100,87,56,$0.40,19,19,https://lbb.in/all/best-wellness-brands/
1926,namma metro station,27100,44,56,$0.02,1,37,https://lbb.in/bangalore/namma-metro-in-bangalore/
1927,mumbai chor bazaar location,22200,12,533,$0,2,12,https://lbb.in/mumbai/hipsters-guide-chor-bazaar/
1928,mount mary church bandra,9900,20,116,$0.06,3,32,https://lbb.in/mumbai/mount-mary-church/
1929,market road,27100,27,65,$0.06,1,22,https://lbb.in/delhi/jail-road-market-830ac7/
1930,maddox square park,22200,8,1785,$0.11,8,17,https://lbb.in/kolkata/maddox-square-hood-guide/
1931,laad bazaar,27100,32,56,$0.15,2,27,https://lbb.in/hyderabad/laad-bazaar-3a9e18/
1932,jwala heri main market,27100,6,1270,$0.04,1,19,https://lbb.in/delhi/jwala-heri-market-paschim-vihar-delhi/
1933,jeans type,27100,28,59,$0.28,11,30,https://lbb.in/delhi/types-of-jeans-women/
1934,j p nagar restaurants,33100,15,306,$0.04,9,24,https://lbb.in/bangalore/jp-nagar-best-restaurants/
1935,indraprastha park new delhi,27100,48,56,$0.13,2,32,https://lbb.in/delhi/millenium-indraprastha-park-8d9fa9/
1936,safdarjung tomb new delhi delhi,27100,42,56,$0.11,9,20,https://lbb.in/delhi/safdarjung-tomb/
1937,road number 12,27100,10,693,$0.16,5,19,https://lbb.in/hyderabad/road-12-banjara-hills-103413/
1938,pvr ecx chanakyapuri delhi,12100,14,203,$0.05,7,20,https://lbb.in/delhi/pvr-ecx-the-chanakya/
1939,durga pujas near me,27100,5,4390,$0.04,1,19,https://lbb.in/chennai/best-durga-puja-pandals-in-chennai/
1940,dragonfly experience mumbai,27100,14,533,$0.08,5,23,https://lbb.in/mumbai/dragonfly-experience-andheri-mumbai/
1941,best biryani in hyd,27100,49,56,$0.14,7,27,https://lbb.in/hyderabad/biriyani-in-hyderabad/
1942,aravalli hills in delhi,22200,44,56,$0.11,1,26,https://lbb.in/delhi/camp-wild-aravali-hills/
1943,amritsar places of interest,27100,63,56,$0.10,15,22,https://lbb.in/all/places-to-see-in-amritsar/
1944,amritsar places,27100,61,56,$0.27,24,18,https://lbb.in/all/places-to-see-in-amritsar/
1945,world best health product,27100,27,62,$0.37,13,17,https://lbb.in/all/best-wellness-brands/
1946,visit in amritsar,27100,62,56,$0.27,24,19,https://lbb.in/all/places-to-see-in-amritsar/
1947,top women's body wash,27100,57,56,$0.08,100,26,https://lbb.in/bangalore/best-body-wash-online/
1948,top rated power banks,27100,68,56,$0.05,100,51,https://lbb.in/all/best-power-bank/
1949,top pune restaurants,27100,30,56,$0.06,8,23,https://lbb.in/pune/iconic-restaurants-in-pune/
1950,thrift store close by me,33100,6,4390,$0.07,6,19,https://lbb.in/bangalore/thrift-stores-in-bangalore/
1951,restaurant kolkata,27100,29,59,$0.16,5,28,https://lbb.in/kolkata/10-restaurants-you-must-visit-in-kolkata/
1952,pune motorcycle club,27100,27,65,$0.18,1,26,https://lbb.in/pune/ladies-want-cool-stunts-bike-learn-professionally-women-bikers-group/
1953,places to visit in amritsar punjab,27100,62,56,$0.27,24,24,https://lbb.in/all/places-to-see-in-amritsar/
1954,marketplace delhi,27100,44,56,$0.39,1,27,https://lbb.in/delhi/best-delhi-shopping-markets/
1955,makeup artist,27100,20,159,$0.43,5,57,https://lbb.in/delhi/best-makeup-artists-in-delhi/
1956,kolkata itc sonar bangla hotel,27100,23,73,$0.75,56,40,https://lbb.in/kolkata/itc-sonar-bangla-c96df9/
1957,kirti nagar delhi,27100,15,406,$0,8,24,https://lbb.in/delhi/kirti-nagar-furniture-market-delhi?ref=lbbpost
1958,kannur tourist destinations,27100,87,56,$0.12,2,19,https://lbb.in/chennai/best-places-to-visit-in-kannur-kerala-chennai/
1959,infant stores near me,27100,29,56,$0.09,40,31,https://lbb.in/delhi/baby-clothes-stores-delhi/
1960,durga puja near me,27100,5,4390,$0,1,14,https://lbb.in/pune/pandal-hopping-durga-puja/
1961,chennai rail museum,22200,28,65,$0,7,22,https://lbb.in/chennai/railway-museum-chennai/
1962,hill stations in india near delhi,27100,40,56,$0.26,4,24,https://lbb.in/delhi/best-hill-stations-near-delhi/
1963,gokarna zostel,27100,46,56,$0.12,36,37,https://lbb.in/bangalore/zostel-gokarna-bunk-bed/
1964,go karting in hyderabad,27100,26,65,$0.08,4,15,https://lbb.in/hyderabad/go-karting-airport/
1965,go karting hyderabad,27100,31,56,$0.27,3,22,https://lbb.in/hyderabad/go-karting-airport/
1966,film of nana patekar,27100,52,56,$0,1,46,https://lbb.in/pune/best-nana-patekar-movies-to-watch-now/
1967,categories of jeans,27100,21,116,$0.03,26,16,https://lbb.in/delhi/types-of-jeans-women/
1968,best anime movies,40500,33,56,$0,1,25,https://lbb.in/all/best-anime-movies/
1969,andheri lokhandwala market,22200,3,4390,$0,3,20,https://lbb.in/mumbai/open-market-kamdhenu-lokhandwala/
1970,cafes in jayanagar,22200,32,56,$0,3,20,https://lbb.in/bangalore/cafes-and-restaurants-in-jayanagar/
1971,cafes in hauz khas,27100,23,89,$0,3,14,https://lbb.in/delhi/best-cafes-in-hauz-khas-village/
1972,cafe jayanagar,27100,27,73,$0.28,13,30,https://lbb.in/bangalore/post/cafes?locality=jayanagar-bangalore
1973,anime best movies,33100,50,56,$0,1,62,https://lbb.in/all/best-anime-movies/
1974,9th block jayanagar bangalore,27100,34,56,$0.18,6,18,https://lbb.in/places/9th-Block-Market-jayanagar-c77060/
1975,top dramas of pakistan,27100,18,159,$0,1,43,https://lbb.in/all/best-pakistani-drama-series/
1976,ten down street,27100,31,56,$0.27,3,32,https://lbb.in/chennai/10-downing-street-264526/
1977,social khar mumbai,27100,29,56,$0.11,3,22,https://lbb.in/mumbai/khar-social/
1978,discovery village kanakapura,27100,26,62,$0.16,7,24,https://lbb.in/bangalore/holiday-at-the-discovery-village-resort-kanakpura/
1979,wildernest nature resort goa,27100,23,116,$0.09,21,20,https://lbb.in/goa/wildernest-nature-resort-goa/
1980,water parks in hyd,27100,34,56,$0.15,4,33,https://lbb.in/hyderabad/best-water-parks-hyderabad/
1981,tourist spots in amritsar,27100,68,56,$0.27,24,24,https://lbb.in/all/places-to-see-in-amritsar/
1982,tomb safdarjung,27100,52,56,$0.05,7,19,https://lbb.in/delhi/safdarjung-tomb/
1983,spa in bangalore,27100,16,246,$0.28,50,37,https://lbb.in/bangalore/best-spas-in-bangalore-across-budgets/
1984,restaurants kolkata,27100,29,59,$0.36,6,28,https://lbb.in/kolkata/10-restaurants-you-must-visit-in-kolkata/
1985,hill station near delhi,27100,25,62,$0.04,6,24,https://lbb.in/delhi/best-hill-stations-near-delhi/
1986,good shirts for men,27100,52,56,$0.04,100,16,https://lbb.in/hyderabad/types-of-shirts-for-men/
1987,eye cream for under eye circles,27100,48,56,$0.09,100,41,https://lbb.in/delhi/best-under-eye-creams/
1988,places to visit in madikeri,27100,30,56,$0.23,7,16,https://lbb.in/bangalore/madikeri-coorg/
1989,places to visit in amritsar,27100,55,56,$0.26,24,21,https://lbb.in/all/places-to-see-in-amritsar/
1990,pitstop go karting,22200,11,533,$0,8,22,https://lbb.in/hyderabad/pitstop-go-karting-c8ea4c/
1991,mumbai chor market,9900,12,915,$0.16,1,32,https://lbb.in/mumbai/hipsters-guide-chor-bazaar/
1992,mangalore beach,27100,64,56,$0.18,4,28,https://lbb.in/bangalore/best-beaches-in-and-around-mangalore/
1993,lawn tennis,27100,48,56,$0.68,1,26,https://lbb.in/bangalore/tennis-classes-across-the-city/
1994,lalit spa and resort goa,27100,21,89,$0.40,69,41,https://lbb.in/goa/the-lalit-golf-resort-e45383/
1995,kebab,27100,24,116,$0,1,40,https://lbb.in/bangalore/kebabs-in-bangalore/
1996,indiranagar social,27100,23,73,$0.31,5,19,https://lbb.in/bangalore/indiranagar-social-0d05d2/
1997,best restaurants mumbai,33100,40,56,$0.36,7,25,https://lbb.in/mumbai/best-restaurants-mumbai/
1998,amritsar tourist attractions,27100,66,56,$0.27,24,24,https://lbb.in/all/places-to-see-in-amritsar/
1999,al amanah restaurant,27100,28,59,$0.70,1,27,https://lbb.in/bangalore/al-amanah-restaurant-kammanahalli-jumbo-rolls/
2000,2 bhk diner & key club,27100,17,246,$0.32,3,22,https://lbb.in/pune/2bhk-dinner-key-club-b7ea39/
2001,wildernest resort goa,27100,23,73,$0.09,21,28,https://lbb.in/goa/wildernest-nature-resort-goa/
2002,jp nagar eateries,27100,11,915,$0.04,11,23,https://lbb.in/bangalore/jp-nagar-best-restaurants/
2003,horniman circle gardens,22200,9,1270,$0.13,5,23,https://lbb.in/mumbai/horniman-circle-gardens-guide/?ref=lbbpost
2004,home furnishing shop near me,1900,52,56,$0.34,40,18,https://lbb.in/bangalore/home-decor-stores-bangalore/
2005,good restaurants pune,27100,34,56,$0.06,7,26,https://lbb.in/pune/post/food-and-restaurants/
2006,gk market m block,27100,9,915,$0.33,1,18,https://lbb.in/delhi/greater-kailash-gk-2-m-block-market-guide-restaurant-bakery-delivery/
2007,fruit and beer,27100,48,56,$0,1,36,https://lbb.in/bangalore/indie-fruit-infused-beers/
2008,defence colony main market,27100,3,2636,$0.44,1,21,https://lbb.in/delhi/defence-colony-hood-guide-cheap-booze-groceries-and-an-art-gallery/
2009,chor bazaar mumbai maharashtra,9900,8,1785,$0.16,1,32,https://lbb.in/mumbai/hipsters-guide-chor-bazaar/
2010,chinese open,27100,22,138,$0,1,21,https://lbb.in/mumbai/open-china-south-asian-cuisine-juhu/
2011,cafes in jayanagar bangalore,22200,30,56,$0.03,9,23,https://lbb.in/bangalore/cafes-and-restaurants-in-jayanagar/
2012,cafe in kolkata,22200,12,693,$0,4,21,https://lbb.in/kolkata/cafes-in-kolkata-insta-feeds/
2013,the only place,27100,12,693,$0.25,3,24,https://lbb.in/bangalore/the-only-place-museum-road/
2014,sanjay gandhi national park ticket counter,27100,50,56,$0.13,7,23,https://lbb.in/mumbai/beginners-guide-sanjay-gandhi-national-park/
2015,restaurants in kolkata,27100,27,59,$0.29,8,24,https://lbb.in/kolkata/10-restaurants-you-must-visit-in-kolkata/
2016,ravindra natya mandir mumbai,27100,53,56,$0.17,4,19,https://merchant.lbb.in/merchant/business-details/Ravindra-Natya-Mandir-prabhadevi-a7deb8
2017,ragi kana,27100,7,1270,$0.11,5,32,https://lbb.in/bangalore/ragi-kana-sunday-market-bannerghatta-road/
2018,kumartuli park,27100,8,1785,$0,1,27,https://lbb.in/kolkata/sreebhumi-20ff20/
2019,koramangala club road,9900,58,56,$0.22,14,20,https://lbb.in/bangalore/things-to-do-around-koramangala-club/
2020,ip park in delhi,27100,23,116,$0.11,2,37,https://lbb.in/delhi/indraprastha-park-525ed5/
2021,oh dough mumbai,9900,13,406,$0.42,7,22,https://lbb.in/mumbai/oh-yes-oh-dough-grab-fresh-cookies-colaba-bakery/
2022,best restaurants pune,27100,30,56,$0.40,9,24,https://lbb.in/pune/iconic-restaurants-in-pune/
2023,best body wash for female,27100,59,56,$0.62,100,44,https://lbb.in/bangalore/best-body-wash-online/
2024,beer fruit,27100,33,56,$0,1,33,https://lbb.in/bangalore/indie-fruit-infused-beers/
2025,2bhk diner & key club,27100,26,65,$0,3,14,https://lbb.in/pune/2bhk-dinner-key-club-b7ea39/
2026,superdry store near me,27100,22,116,$0.23,14,19,https://lbb.in/bangalore/superdry-whitefield-bangalore/
2027,science museum delhi,27100,66,56,$0,1,22,https://lbb.in/delhi/national-science-museum-delhi/
2028,restaurant in delhi india,22200,21,138,$0.07,4,42,https://lbb.in/all/restaurants-in-delhi/
2029,velvet bombay,27100,51,56,$0,1,35,https://lbb.in/places/Bombay-Velvet-Lounge-Bar-dombivali-1c4ab5/
2030,thrifting store near me,27100,7,4390,$0.06,6,26,https://lbb.in/delhi/thrift-stores-in-delhi/
2031,thrift stores close to me,27100,10,1270,$0.06,6,25,https://lbb.in/kolkata/used-goods-markets-kolkata-for-thrift-shops/
2032,plant nursery plants,27100,22,116,$0.05,17,39,https://lbb.in/hyderabad/best-nurseries-garden-stores/
2033,oh dough fort,18100,11,406,$0.29,4,22,https://lbb.in/mumbai/oh-yes-oh-dough-grab-fresh-cookies-colaba-bakery/
2034,near delhi hill station,27100,38,56,$0.26,4,26,https://lbb.in/delhi/best-hill-stations-near-delhi/
2035,mount mary church in mumbai,9900,28,62,$0.06,3,22,https://lbb.in/mumbai/mount-mary-church/
2036,mannat the lands end,22200,7,2636,$0.12,5,24,https://lbb.in/mumbai/mannat-bandra/
2037,madikeri places,27100,45,56,$0.10,9,27,https://lbb.in/bangalore/madikeri-coorg/
2038,lip moisturizer with tint,27100,51,56,$0.04,99,33,https://lbb.in/all/best-tinted-lip-balms/
2039,laad bazaar hyderabad,27100,84,56,$0.15,2,22,https://lbb.in/hyderabad/laad-bazaar-ff241e/
2040,gk m block market delhi,27100,8,1785,$0.04,1,24,https://lbb.in/delhi/GK-1-shopping-guide/
2041,dining in kolkata,27100,27,62,$0.06,7,22,https://lbb.in/kolkata/fine-dining-restaurants-kolkata/
2042,dining in delhi,22200,38,56,$0.20,5,21,https://lbb.in/delhi/restaurants-in-delhi/
2043,indraprastha park in delhi,27100,36,56,$0.13,1,31,https://lbb.in/delhi/millenium-indraprastha-park-8d9fa9/
2044,indira gandhi musical fountain park,18100,17,246,$0,8,13,https://lbb.in/bangalore/indira-gandhi-musical-fountain-park-25df85/
2045,ice cream shop ice cream,27100,13,693,$0.08,1,50,https://lbb.in/mumbai/best-iconic-ice-cream-parlours-in-mumbai/
2046,hill stations near delhi ncr,27100,33,56,$0.26,4,21,https://lbb.in/delhi/best-hill-stations-near-delhi/
2047,goethe institut bangalore,27100,29,56,$1.17,7,24,https://lbb.in/bangalore/goetheinstitut-indien-917361/
2048,goa marquis beach resort,27100,43,56,$0.27,44,28,https://lbb.in/goa/marquis-beach-resort-candolim/
2049,bangalore goethe,27100,36,56,$0.64,8,46,https://lbb.in/bangalore/goetheinstitut-indien-917361/
2050,chariot resort in mahabalipuram,27100,43,56,$0.17,39,20,https://lbb.in/chennai/chariot-beach-resort-mahabalipuram-66c3af/
2051,chaat near me,27100,10,915,$1.07,5,23,https://lbb.in/bangalore/best-chaat-in-bangalore/
2052,cafes jayanagar,22200,30,56,$0.04,13,22,https://lbb.in/bangalore/cafes-and-restaurants-in-jayanagar/
2053,cafes in kolkata,22200,11,533,$0.19,3,20,https://lbb.in/kolkata/cafes-in-kolkata-insta-feeds/
2054,bicycle rental pune,27100,17,159,$0.03,45,35,https://lbb.in/pune/cycles-on-rent-in-pune/
2055,clothing brands,27100,45,56,$0.23,23,81,https://lbb.in/all/best-fashion-brands/
2056,chariot resort mahabalipuram,27100,47,56,$0.15,40,23,https://lbb.in/chennai/chariot-beach-resort-mahabalipuram-66c3af/
2057,brand rum,27100,30,62,$0,1,22,https://lbb.in/all/best-white-rum-brands/
2058,prithvi theatre juhu,27100,71,56,$0.13,4,42,https://lbb.in/places/Prithvi-Theatre-juhu-52b895/
2059,pandara road,27100,5,4390,$0,2,27,https://lbb.in/delhi/pandara-road-hood-guide/
2060,pakistani drama top,27100,11,533,$0,1,31,https://lbb.in/all/best-pakistani-drama-series/
2061,near libraries,27100,15,406,$0.04,2,20,https://lbb.in/pune/best-libraries-in-pune/
2062,mumbai beach,33100,62,56,$0.17,5,29,https://lbb.in/mumbai/best-beaches-in-mumbai/
2063,marquis beach resort candolim goa,27100,33,56,$0.15,47,28,https://lbb.in/goa/marquis-beach-resort-candolim/
2064,mangalore beaches,27100,50,56,$0.14,4,28,https://lbb.in/bangalore/best-beaches-in-and-around-mangalore/
2065,make up artist makeup,27100,28,89,$0.52,3,38,https://lbb.in/delhi/best-makeup-artists-in-delhi/
2066,tourist spot in amritsar,27100,65,56,$0.10,15,29,https://lbb.in/all/places-to-see-in-amritsar/
2067,top branded handbags for ladies,27100,55,56,$0.06,100,44,https://lbb.in/mumbai/buy-bags-mumbai-shopping/
2068,thrift stores near me,27100,5,4390,$0.06,6,15,https://lbb.in/bangalore/thrift-stores-in-bangalore/
2069,the glass onion,22200,49,56,$0,7,22,https://lbb.in/places/The-Glass-Onion-gachibowli-30dcae/
2070,south indian food,27100,27,65,$0.04,1,38,https://lbb.in/bangalore/post/south-indian/
2071,sindh sweets,480,26,73,$0,1,22,https://lbb.in/shop/m/sindhisweets-189533273463/
2072,hill stations near delhi,27100,39,56,$0.13,3,14,https://lbb.in/delhi/best-hill-stations-near-delhi/
2073,good earth city center mall,22200,7,915,$0,11,15,https://lbb.in/delhi/good-earth-city-centre-gurgaon/
2074,kashi bose lane durga puja committee,27100,36,56,$0,2,23,https://lbb.in/kolkata/kasi-bose-lane-6c1608/
2075,best restaurants chennai,27100,34,56,$0.31,5,23,https://lbb.in/chennai/iconic-restaurants-of-chennai/
2076,best mumbai restaurants,33100,32,56,$0.16,8,31,https://lbb.in/all/best-restaurants-mumbai/
2077,baner hill pune,18100,14,406,$0,5,20,https://lbb.in/pune/baner-hill-0e89ff/
2078,arts gallery near me,22200,6,4390,$0.12,1,37,https://lbb.in/delhi/best-art-galleries-delhi-ncr/
2079,arcade games near me,22200,17,203,$0.20,10,15,https://lbb.in/hyderabad/arcades-hyderabad/
2080,galleria shopping mall,27100,5,2636,$0,4,23,https://lbb.in/mumbai/galleria-powai/
2081,exotica banjara hills,27100,19,151,$0.06,1,21,https://lbb.in/hyderabad/exotica-banjara-hills/
2082,yari road,22200,10,915,$0.55,9,27,https://lbb.in/mumbai/yari-road-park/
2083,water park in hyderabad india,27100,34,56,$0.16,3,31,https://lbb.in/hyderabad/best-water-parks-hyderabad/
2084,vadapalani vijaya mall,27100,27,56,$0.15,4,22,https://lbb.in/chennai/mall/forum-vijaya-mall-chennai/
2085,plant nursery,33100,15,406,$0.06,11,31,https://lbb.in/bangalore/best-nurseries-and-garden-centres-in-bangalore/
2086,places to see at amritsar,27100,59,56,$0.10,15,25,https://lbb.in/all/places-to-see-in-amritsar/
2087,pickleball courts near me,18100,9,915,$0.09,7,15,https://lbb.in/delhi/pickleball-delhi/
2088,parra road,27100,11,915,$0.28,2,29,https://lbb.in/goa/the-parra-road-04cb08/
2089,pakistan's best drama,27100,16,246,$0,1,29,https://lbb.in/all/best-pakistani-drama-series/
2090,suraj lama momos,22200,13,533,$0.02,5,21,https://lbb.in/mumbai/momo-suraj-lama-andheri-mumbai/
2091,indira gandhi musical fountain,22200,17,246,$0.14,4,21,https://lbb.in/bangalore/indira-gandhi-musical-fountain-park-61de9d/
2092,home accents store near me,27100,12,533,$0.15,63,60,https://lbb.in/hyderabad/home-decor-stores/
2093,hill stations near delhi india,27100,31,56,$0.44,4,20,https://lbb.in/delhi/best-hill-stations-near-delhi/
2094,glass onion restaurant,22200,24,73,$0,7,22,https://lbb.in/hyderabad/the-glass-onion-boulder-hills/
2095,gaming centre near me,27100,7,1785,$0.18,6,15,https://lbb.in/delhi/gaming-arenas-Delhi-NCR/
2096,main market,27100,22,138,$0.22,1,19,https://lbb.in/kolkata/best-shopping-places-kolkata/
2097,kebabs,260,17,246,$0,1,31,https://lbb.in/bangalore/kebabs-in-bangalore/
2098,japanese restaurants near me,22200,7,1785,$0.41,9,14,https://lbb.in/bangalore/best-japanese-restaurants-in-bangalore/
2099,branded rum,27100,42,56,$0,1,23,https://lbb.in/all/best-white-rum-brands/
2100,bbq,27100,27,73,$0.29,5,41,https://lbb.in/bangalore/post/barbeque/
2101,animal shelter,12100,16,306,$7.99,1,21,https://lbb.in/kolkata/animal-shelters-Kolkata/
2102,mount mary bandra,27100,26,89,$0.06,5,37,https://lbb.in/mumbai/mount-mary-church/
2103,mocha pune,27100,34,56,$0,1,27,https://lbb.in/places/Mocha-salunke-vihar-df1347/
2104,live music venue,27100,41,56,$0.10,1,18,https://lbb.in/chennai/live-music-nights/
2105,khari baoli,27100,37,56,$0,10,30,https://lbb.in/delhi/khari-baoli-81a9b5/
2106,tourist attractions in amritsar,27100,78,56,$0.10,15,22,https://lbb.in/all/places-to-see-in-amritsar/
2107,nearby delhi hill stations,27100,42,56,$0.26,4,18,https://lbb.in/delhi/best-hill-stations-near-delhi/
2108,restaurant delhi,27100,54,56,$0.07,7,31,https://lbb.in/delhi/restaurants-in-delhi/
2109,cabo,27100,21,151,$0.29,2,40,https://lbb.in/goa/goan-spirit-cabo-white-rum/
2110,glass window design,27100,16,159,$0.26,7,24,https://lbb.in/all/window-glass-design-ideas/
2111,flea market and,27100,14,406,$0,1,26,https://lbb.in/chennai/best-flea-markets-chennai/
2112,bike on rent in pune,27100,45,56,$0.04,48,28,https://go.lbb.in/EJXMBqfV70b
2113,best restaurants in chennai india,27100,64,56,$1.24,9,16,https://lbb.in/chennai/iconic-restaurants-of-chennai/
2114,bandra mount mary church,9900,28,56,$0.09,5,29,https://lbb.in/mumbai/mount-mary-church/
2115,yes minister bowling bar & kitchen,22200,21,116,$0.26,9,14,https://lbb.in/delhi/yes-minister-new-future-bowl-essex/
2116,tourist places in amritsar to visit,27100,61,56,$0.33,19,27,https://lbb.in/all/places-to-see-in-amritsar/
2117,spa delhi,9900,52,56,$0.15,37,32,https://lbb.in/delhi/best-spas-delhi/
2118,regional railway museum chennai,27100,11,533,$0.07,4,25,https://lbb.in/chennai/railway-museum-chennai/
2119,indian whisky,18100,78,56,$0.89,1,23,https://lbb.in/bangalore/best-indian-whisky-brands/
2120,indian whiskey,27100,82,56,$0,1,26,https://lbb.in/bangalore/best-indian-whisky-brands/
2121,house mannat,27100,14,306,$0.11,1,25,https://lbb.in/mumbai/mannat-bandra/
2122,grand mercure bangalore,33100,29,56,$0.23,23,29,https://lbb.in/bangalore/grand-mercure-koramangala/
2123,good restaurants in chennai,22200,42,56,$0.05,9,31,https://lbb.in/chennai/iconic-restaurants-of-chennai/
2124,good power bank,27100,52,56,$0.04,99,68,https://lbb.in/delhi/best-power-bank/
2125,gaming centres near me,27100,17,203,$0.19,5,15,https://lbb.in/delhi/gaming-arenas-Delhi-NCR/
2126,games for to play online,27100,53,56,$0.17,6,90,https://lbb.in/delhi/best-online-games/
2127,fontainhas goa,22200,21,116,$0.31,6,26,https://lbb.in/goa/places-to-see-panjim-latin-quarters/
2128,parachuting in india,27100,57,56,$0.13,1,22,https://lbb.in/pune/skydiving-pune-amby-valley/
2129,oh dough,9900,10,693,$0.42,7,31,https://lbb.in/mumbai/oh-yes-oh-dough-grab-fresh-cookies-colaba-bakery/
2130,o pedro bkc,22200,12,306,$0,4,21,https://lbb.in/mumbai/goan-food-in-mumbai-at-o-pedro-bkc/
2131,mumbai mount mary,27100,14,406,$0.06,5,22,https://lbb.in/mumbai/mount-mary-church/
2132,mumbai india beach,27100,53,56,$0.17,2,19,https://lbb.in/mumbai/best-beaches-in-mumbai/
2133,mannat lands end,22200,7,2636,$0.12,5,22,https://lbb.in/mumbai/mannat-bandra/
2134,locksmith,22200,9,1785,$0.67,1,37,https://lbb.in/mumbai/locksmiths-mumbai-trustworthy/
2135,laundromat,27100,23,116,$0.63,2,53,https://lbb.in/delhi/laundromats-in-the-city-wash-dry-clean-clothes-fold/
2136,khar social mumbai maharashtra,27100,19,116,$0.11,3,22,https://lbb.in/mumbai/khar-social/
2137,jayanagar 9th block,27100,34,56,$0.47,7,24,https://lbb.in/places/9th-Block-Market-jayanagar-c77060/
2138,j w marriott mussoorie,27100,31,56,$0.29,52,29,https://lbb.in/delhi/jw-marriot-walnut-grove-mussoorie-activities/
2139,bookstore,40500,19,138,$0.05,3,44,https://lbb.in/kolkata/unique-bookstores-in-kolkata/
2140,best restaurants in pune,27100,26,73,$0.37,9,16,https://lbb.in/pune/iconic-restaurants-in-pune/
2141,whole foods,27100,33,56,$0.47,2,27,https://lbb.in/bangalore/whole-foods-2f4de8/
2142,t nagar ranganathan street,22200,15,306,$0.75,9,14,https://lbb.in/chennai/guide-to-fun-and-shopping-t-nagar-chennai/
2143,shower body wash,27100,60,56,$0.07,97,27,https://lbb.in/bangalore/best-body-wash-online/
2144,restaurant jp nagar bangalore,27100,12,693,$0.03,10,22,https://lbb.in/bangalore/jp-nagar-best-restaurants/
2145,ramakrishna theater in hyderabad,27100,19,138,$0.13,3,21,https://lbb.in/hyderabad/ramakrishna-616194/
2146,pickleball court near me,14800,11,533,$0.07,6,19,https://lbb.in/pune/pickleball-places-in-pune/
2147,nearest hill station from delhi,27100,31,56,$0.10,6,23,https://lbb.in/delhi/best-hill-stations-near-delhi/
2148,mumbai borivali national park,22200,17,203,$0.03,1,37,https://lbb.in/mumbai/beginners-guide-sanjay-gandhi-national-park/
2149,madikeri tourist places,22200,34,56,$0.15,7,22,https://lbb.in/bangalore/madikeri-coorg/
2150,m block market gk 1,27100,9,915,$0.04,1,27,https://lbb.in/delhi/GK-1-shopping-guide/
2151,golf links,27100,65,56,$0.17,4,28,https://lbb.in/delhi/delhi-golf-club-winning-for-greens-colonial-bar-olive/
2152,go karting race hyderabad,27100,32,56,$0.14,3,8,https://lbb.in/hyderabad/go-karting-hyderabad/
2153,fruit beer,27100,16,246,$0,1,26,https://lbb.in/bangalore/indie-fruit-infused-beers/
2154,khau galli,27100,10,1270,$0,9,29,https://lbb.in/mumbai/khau-gallis-mumbai/
2155,k r puram market,27100,48,56,$0.04,2,29,https://lbb.in/bangalore/kr-flower-market-a5f60a/
2156,hyd water parks,27100,56,56,$0.15,4,32,https://lbb.in/hyderabad/best-water-parks-hyderabad/
2157,hill areas near delhi,27100,39,56,$0.26,4,32,https://lbb.in/delhi/best-hill-stations-near-delhi/
2158,brand factory near me,33100,11,915,$0.81,8,17,https://lbb.in/bangalore/best-factory-outlets-bangalore-clothes-watches-furniture-sports/
2159,bandra mount mary,22200,30,56,$0.06,6,30,https://lbb.in/mumbai/mount-mary-church/
2160,attar fragrance,27100,18,203,$0.14,96,55,https://lbb.in/all/best-attars/
2161,amritsar places to see,27100,56,56,$0.27,24,18,https://lbb.in/all/places-to-see-in-amritsar/
2162,9th block jayanagar,27100,37,56,$0.12,5,23,https://lbb.in/places/9th-Block-Market-jayanagar-c77060/
2163,10 downing street,27100,21,138,$0,3,22,https://lbb.in/kolkata/10-downing-street-6cbc58/
2164,writers building,14800,75,56,$0,8,25,https://lbb.in/kolkata/writers-building-6f2d94/
2165,top rated shirts for men,27100,58,56,$0.04,100,34,https://lbb.in/hyderabad/types-of-shirts-for-men/
2166,top rated body wash for women,33100,53,56,$0.27,99,22,https://lbb.in/bangalore/best-body-wash-online/
2167,eateries jp nagar,27100,13,406,$0.04,11,24,https://lbb.in/bangalore/jp-nagar-best-restaurants/
2168,colour corrector,18100,29,62,$0.11,95,52,https://lbb.in/all/colour-corrector-makeup/
2169,restaurant in calcutta,27100,22,138,$0.06,6,27,https://lbb.in/kolkata/10-restaurants-you-must-visit-in-kolkata/
2170,rani bagh market,22200,1,8238,$0,2,20,https://lbb.in/delhi/rani-bagh-market-pitampura/
2171,ramakrishna theatre in hyderabad,27100,27,56,$0.13,3,23,https://lbb.in/hyderabad/ramakrishna-616194/
2172,pune famous restaurant,27100,24,73,$0.08,8,25,https://lbb.in/pune/iconic-restaurants-in-pune/
2173,places of interest in amritsar,27100,63,56,$0.33,19,23,https://lbb.in/all/places-to-see-in-amritsar/
2174,pakistan best drama,27100,12,406,$0.25,1,31,https://lbb.in/all/best-pakistani-drama-series/
2175,mount mary church mumbai,9900,14,306,$0.06,3,28,https://lbb.in/mumbai/mount-mary-church/
2176,live concert venues,27100,19,138,$0.10,1,19,https://lbb.in/kolkata/live-music-gigs-2/
2177,kod gurgaon,27100,36,56,$0.36,1,38,https://lbb.in/delhi/kingdom-of-dreams-gurgaon/
2178,jai hind kolkata,27100,21,138,$0.05,4,21,https://lbb.in/kolkata/jai-hind-dhaba-sarat-bose-road/
2179,indraprastha park new delhi delhi,33100,49,56,$0.09,2,26,https://lbb.in/delhi/millenium-indraprastha-park-8d9fa9/
2180,hati bagan kolkata,27100,27,73,$0.12,4,23,https://lbb.in/kolkata/hatibagan-market-4122b5/
2181,good power banks,27100,55,56,$0.04,98,47,https://lbb.in/delhi/best-power-bank/
2182,gk m block market,27100,9,915,$0.04,1,24,https://lbb.in/delhi/GK-1-shopping-guide/
2183,formal pant shirt,40500,22,116,$0.06,96,54,https://lbb.in/delhi/formal-pant-shirt-combination/
2184,food fish restaurants near me,27100,15,306,$0.06,9,22,https://lbb.in/mumbai/seafood-restaurants-in-mumbai/
2185,chor bazaar of mumbai,9900,7,1785,$0.16,1,38,https://lbb.in/mumbai/hipsters-guide-chor-bazaar/
2186,chor bazaar in mumbai location,14800,12,533,$0.11,1,28,https://lbb.in/mumbai/hipsters-guide-chor-bazaar/
2187,brands rum,27100,37,56,$0,1,22,https://lbb.in/all/best-white-rum-brands/
2188,best of anime movie,33100,45,56,$0,1,81,https://lbb.in/all/best-anime-movies/
2189,beaches in mumbai,27100,91,56,$0.33,1,22,https://lbb.in/mumbai/best-beaches-in-mumbai/
2190,baner hills,27100,10,915,$0.13,6,23,https://lbb.in/pune/baner-hill-0e89ff/
2191,bandra church mount mary,27100,19,138,$0.06,5,27,https://lbb.in/mumbai/mount-mary-church/
2192,badminton near me,27100,11,693,$0.24,5,23,https://lbb.in/bangalore/badminton-courts-bangalore/
2193,10th downing street,27100,20,203,$0.27,3,33,https://lbb.in/mumbai/10-downing-street-is-the-new-restaurant-in-mumbai/
2194,under eye cream for dark circles,27100,55,56,$0.10,100,44,https://lbb.in/delhi/best-under-eye-creams/
2195,types of jeans,27100,19,116,$0.27,32,31,https://lbb.in/delhi/types-of-jeans-women/
2196,temple bangalore,27100,47,56,$0.14,1,23,https://lbb.in/bangalore/famous-temples-bangalore/
2197,study table design,33100,32,56,$0.21,95,51,https://lbb.in/delhi/top-study-table-designs/
2198,skywalk mall chennai,27100,24,89,$0.04,5,28,https://lbb.in/chennai/ampa-skywalk-e3759f/
2199,window glass design,27100,12,533,$0.28,96,50,https://lbb.in/all/window-glass-design-ideas/
2200,yoga classes yoga,27100,40,56,$0.80,6,20,https://lbb.in/mumbai/yoga-studios-mumbai/
2201,marquis beach resort goa,27100,32,56,$0.15,47,28,https://lbb.in/goa/marquis-beach-resort-candolim/
2202,marquis beach resort,27100,36,56,$0.15,47,36,https://lbb.in/goa/marquis-beach-resort-candolim/
2203,live music venues,27100,18,246,$0.10,1,19,https://lbb.in/hyderabad/best-live-performances-hyderabad/
2204,the lalit golf spa resort goa,27100,25,65,$0.40,69,33,https://lbb.in/goa/the-lalit-golf-resort-e45383/
2205,sport shopping near me,27100,12,533,$0.05,16,18,https://lbb.in/mumbai/best-sports-shops/
2206,social park street,27100,23,73,$0.13,2,37,https://lbb.in/kolkata/socials-finally-opened-in-the-5be4c0/
2207,skydiving in india,22200,47,56,$0.09,9,22,https://lbb.in/pune/skydiving-pune-amby-valley/
2208,sapna book house near me,22200,12,533,$0,1,12,https://lbb.in/bangalore/sapna-book-house-gandhi-nagar/
2209,regional rail museum chennai,27100,26,73,$0.15,4,27,https://lbb.in/chennai/railway-museum-chennai/
2210,recommended pakistani dramas,27100,18,159,$0.25,1,32,https://lbb.in/all/best-pakistani-drama-series/
2211,ravindra natya mandir,12100,41,56,$0.11,9,21,https://merchant.lbb.in/merchant/business-details/Ravindra-Natya-Mandir-prabhadevi-a7deb8
2212,mumbai best restaurant,33100,26,65,$0.14,5,31,https://lbb.in/all/best-restaurants-mumbai/
2213,mount mary church bandra mumbai,27100,23,73,$0.06,5,21,https://lbb.in/mumbai/mount-mary-church/
2214,metro plaza,22200,23,138,$0,4,26,https://lbb.in/kolkata/metro-plaza-5f0ab0/
2215,delhi market,27100,14,533,$0.21,1,35,https://lbb.in/delhi/lbb-market-guide/
2216,beach mumbai india,27100,70,56,$0.11,1,44,https://lbb.in/mumbai/best-beaches-in-mumbai/
2217,top restaurants chennai,27100,46,56,$0.05,8,25,https://lbb.in/chennai/best-restaurants-chennai/
2218,vijaya mall vadapalani,27100,29,56,$0.13,4,25,https://lbb.in/chennai/mall/forum-vijaya-mall-chennai/
2219,tour places in amritsar,27100,71,56,$0.27,24,25,https://lbb.in/all/places-to-see-in-amritsar/
2220,tinted lip balm,22200,67,56,$0.08,99,49,https://lbb.in/all/best-tinted-lip-balms/
2221,temples in bangalore,27100,52,56,$0.14,1,22,https://lbb.in/bangalore/famous-temples-bangalore/
2222,sky diving india,22200,58,56,$0.08,7,22,https://lbb.in/pune/skydiving-pune-amby-valley/
2223,rooftop,27100,16,306,$0.51,1,40,https://lbb.in/bangalore/best-rooftop-restaurants-bangalore/
2224,wildernest goa,27100,17,203,$0.09,21,33,https://lbb.in/goa/wildernest-nature-resort-goa/
2225,world best health products,27100,87,56,$0.40,19,19,https://lbb.in/all/best-wellness-brands/
2226,namma metro station,27100,44,56,$0.02,1,37,https://lbb.in/bangalore/namma-metro-in-bangalore/
2227,mumbai chor bazaar location,22200,12,533,$0,2,12,https://lbb.in/mumbai/hipsters-guide-chor-bazaar/
2228,mount mary church bandra,9900,20,116,$0.06,3,32,https://lbb.in/mumbai/mount-mary-church/
2229,market road,27100,27,65,$0.06,1,22,https://lbb.in/delhi/jail-road-market-830ac7/
2230,maddox square park,22200,8,1785,$0.11,8,17,https://lbb.in/kolkata/maddox-square-hood-guide/
2231,laad bazaar,27100,32,56,$0.15,2,27,https://lbb.in/hyderabad/laad-bazaar-3a9e18/
2232,jwala heri main market,27100,6,1270,$0.04,1,19,https://lbb.in/delhi/jwala-heri-market-paschim-vihar-delhi/
2233,jeans type,27100,28,59,$0.28,11,30,https://lbb.in/delhi/types-of-jeans-women/
2234,j p nagar restaurants,33100,15,306,$0.04,9,24,https://lbb.in/bangalore/jp-nagar-best-restaurants/
2235,indraprastha park new delhi,27100,48,56,$0.13,2,32,https://lbb.in/delhi/millenium-indraprastha-park-8d9fa9/
2236,safdarjung tomb new delhi delhi,27100,42,56,$0.11,9,20,https://lbb.in/delhi/safdarjung-tomb/
2237,road number 12,27100,10,693,$0.16,5,19,https://lbb.in/hyderabad/road-12-banjara-hills-103413/
2238,pvr ecx chanakyapuri delhi,12100,14,203,$0.05,7,20,https://lbb.in/delhi/pvr-ecx-the-chanakya/
2239,durga pujas near me,27100,5,4390,$0.04,1,19,https://lbb.in/chennai/best-durga-puja-pandals-in-chennai/
2240,dragonfly experience mumbai,27100,14,533,$0.08,5,23,https://lbb.in/mumbai/dragonfly-experience-andheri-mumbai/
2241,gk ii m block market,27100,2,4390,$0.33,1,24,https://lbb.in/delhi/greater-kailash-gk-2-m-block-market-guide-restaurant-bakery-delivery/
2242,best biryani in hyd,27100,49,56,$0.14,7,27,https://lbb.in/hyderabad/biriyani-in-hyderabad/
2243,aravalli hills in delhi,22200,44,56,$0.11,1,26,https://lbb.in/delhi/camp-wild-aravali-hills/
2244,amritsar places of interest,27100,63,56,$0.10,15,22,https://lbb.in/all/places-to-see-in-amritsar/
2245,amritsar places,27100,61,56,$0.27,24,18,https://lbb.in/all/places-to-see-in-amritsar/
2246,saket mall delhi,33100,37,56,$0,1,23,https://lbb.in/delhi/mall/select-citywalk-delhi/
2247,restaurants chennai,22200,45,56,$0.31,7,27,https://lbb.in/chennai/best-restaurants-chennai/
2248,rani bagh market delhi,27100,1,8238,$0.11,2,23,https://lbb.in/delhi/rani-bagh-market-pitampura/
2249,tangra,27100,16,203,$0,3,40,https://lbb.in/kolkata/locality/tangra-kolkata/
2250,m block market greater kailash,27100,13,406,$0,1,24,https://lbb.in/delhi/GK-1-shopping-guide/
2251,m block market gk,27100,13,406,$0,1,25,https://lbb.in/delhi/greater-kailash-gk-2-m-block-market-guide-restaurant-bakery-delivery/
2252,lalit goa spa,27100,42,56,$0.37,68,41,https://lbb.in/goa/the-lalit-golf-resort-e45383/
2253,kolkata coffee shops,27100,12,915,$0.04,3,26,https://lbb.in/kolkata/post/coffee/
2254,just blr,18100,20,138,$0,3,24,https://lbb.in/bangalore/just-blr-gastropub-brigade-road-bangalore/
2255,jayanagar 9th block bangalore,27100,38,56,$0.47,7,16,https://lbb.in/places/9th-Block-Market-jayanagar-c77060/
2256,hill station close to delhi,27100,38,56,$0.19,5,21,https://lbb.in/delhi/best-hill-stations-near-delhi/
2257,gyms photos,27100,9,533,$0,1,43,https://lbb.in/mumbai/indoor-gyms-bandra/
2258,grocery item,27100,60,56,$0.15,2,27,https://lbb.in/bangalore/online-grocery-shopping-bangalore/
2259,grandmama's cafe koregaon park,22200,19,159,$0.06,2,22,https://lbb.in/pune/grandmamas-cafe-koregaon-park/
2260,goethe bangalore,27100,20,116,$1.17,7,29,https://lbb.in/bangalore/goetheinstitut-indien-917361/
2261,garment brands,27100,71,56,$0.14,42,36,https://lbb.in/all/best-fashion-brands/
2262,gaffar electronics market karol bagh,22200,5,1785,$0,3,12,https://lbb.in/delhi/gaffar-market-things-to-buy/
2263,forum vijaya mall chennai,27100,30,56,$0.02,4,15,https://lbb.in/chennai/mall/forum-vijaya-mall-chennai/
2264,flea market,14800,13,693,$0,1,22,https://lbb.in/goa/flea-markets-in-goa-25b8c8/
2265,delhi nearest hill station,27100,44,56,$0.44,4,19,https://lbb.in/delhi/best-hill-stations-near-delhi/
2266,delhi aerocity,27100,27,62,$0.93,6,28,https://lbb.in/delhi/aerocity-delhi-guide/
2267,pilates near me,70,9,1270,$0.72,18,19,https://lbb.in/mumbai/fitness-professionals-pilates-training-mumbai/
2268,mumbai lokhandwala market,27100,4,2636,$0.21,2,24,https://lbb.in/mumbai/open-market-kamdhenu-lokhandwala/
2269,best restaurant in mumbai india,33100,39,56,$0.14,5,34,https://lbb.in/mumbai/best-restaurants-mumbai/
2270,best rated pakistani dramas,27100,22,89,$0.25,1,32,https://lbb.in/all/best-pakistani-drama-series/
2271,beaches in mangalore city,27100,34,56,$0.07,6,20,https://lbb.in/bangalore/best-beaches-in-and-around-mangalore/
2272,bazaar new delhi,22200,10,915,$0,1,27,https://lbb.in/delhi/old-delhi-bazaar/
2273,bannerghatta zoo,27100,38,56,$0.43,5,28,https://lbb.in/bangalore/bannerghatta-biological-park/
2274,ama cafe delhi,40500,21,116,$0,1,25,https://lbb.in/delhi/ama-cafe-perfect-place-to-57c602/
2275,borivali sanjay gandhi national park,22200,35,56,$0.03,1,30,https://lbb.in/mumbai/beginners-guide-sanjay-gandhi-national-park/
2276,bombay adda mumbai,27100,20,203,$0.19,7,24,https://lbb.in/mumbai/bombay-adda-newest-rooftop-looks-smashing/
2277,tinted lip moisturizer,27100,58,56,$0.03,99,26,https://lbb.in/all/best-tinted-lip-balms/
2278,thrift store near me,27100,7,2636,$0.06,6,19,https://lbb.in/bangalore/thrift-stores-in-bangalore/
2279,spa in bangalore city,27100,14,406,$0.43,49,34,https://lbb.in/bangalore/best-spas-in-bangalore-across-budgets/
2280,indira gandhi musical fountain park bangalore,18100,18,159,$0.11,6,18,https://lbb.in/bangalore/indira-gandhi-musical-fountain-park-25df85/
2281,rum drinks brands,27100,23,89,$0,1,21,https://lbb.in/all/best-white-rum-brands/
2282,restaurants in chennai,22200,46,56,$0.24,6,21,https://lbb.in/chennai/best-restaurants-chennai/
2283,restaurants delhi,22200,39,56,$0.23,5,26,https://lbb.in/delhi/restaurants-in-delhi/
2284,places at amritsar,27100,68,56,$0.05,17,28,https://lbb.in/all/places-to-see-in-amritsar/
2285,place to visit at amritsar,27100,63,56,$0.10,15,25,https://lbb.in/all/places-to-see-in-amritsar/
2286,park street social,27100,27,56,$0.09,2,22,https://lbb.in/kolkata/socials-finally-opened-in-the-5be4c0/
2287,nursery of plants,27100,17,306,$0.05,17,29,https://lbb.in/bangalore/best-nurseries-and-garden-centres-in-bangalore/
2288,nearby hill stations from delhi,27100,52,56,$0.26,4,20,https://lbb.in/delhi/best-hill-stations-near-delhi/
2289,delhi m block market,27100,9,915,$0.33,1,25,https://lbb.in/delhi/greater-kailash-gk-2-m-block-market-guide-restaurant-bakery-delivery/
2290,delhi india restaurants,27100,41,56,$0.07,10,31,https://lbb.in/delhi/restaurants-in-delhi/
2291,brands of rum,27100,20,116,$0,1,21,https://lbb.in/all/best-white-rum-brands/
2292,good watch brands for guys,27100,44,56,$0.05,98,48,https://lbb.in/all/best-watch-brands-for-men/
2293,fizzy goblet,27100,18,203,$15.05,100,57,https://lbb.in/places/Fizzy-Goblet-45bdd9/
2294,famous restaurants in pune,27100,20,138,$0.22,9,16,https://lbb.in/pune/iconic-restaurants-in-pune/
2295,bicycle for rent in pune,27100,16,203,$0.05,45,30,https://lbb.in/pune/cycles-on-rent-in-pune/
2296,best restaurants in pune city,27100,30,56,$0.06,8,26,https://lbb.in/pune/iconic-restaurants-in-pune/
2297,best restaurants in mumbai,33100,40,56,$0.36,6,32,https://lbb.in/mumbai/best-restaurants-mumbai/
2298,best restaurant in pune india,27100,31,59,$0.06,8,26,https://lbb.in/pune/iconic-restaurants-in-pune/
2299,best drama pakistani,40500,24,73,$0,1,46,https://lbb.in/all/best-pakistani-drama-series/
2300,best biryani in hyderabad,27100,34,56,$0.29,2,14,https://lbb.in/hyderabad/post/biryani/
2301,attractions in amritsar,27100,66,56,$0.27,24,22,https://lbb.in/all/places-to-see-in-amritsar/
2302,arcade near me,22200,10,693,$0.45,8,22,https://lbb.in/delhi/gaming-arenas-Delhi-NCR/
2303,10 downing,27100,26,116,$0.27,3,36,https://lbb.in/mumbai/10-downing-street-is-the-new-restaurant-in-mumbai/
2304,yoga classes,27100,58,56,$0.96,6,21,https://lbb.in/bangalore/yoga-classes-in-bangalore/
2305,yoga class,27100,20,159,$0.82,5,70,https://lbb.in/bangalore/yoga-classes-in-bangalore/
2306,world best healthy products,27100,22,116,$0.22,2,22,https://lbb.in/all/best-wellness-brands/
2307,variety of jeans,27100,16,306,$0.03,26,21,https://lbb.in/delhi/types-of-jeans-women/
2308,social cyber hub,18100,15,130,$0,5,20,https://lbb.in/delhi/cyber-hub-social/
2309,restaurants in pune,22200,26,53,$0.19,8,22,https://lbb.in/pune/iconic-restaurants-in-pune/
2310,men's haircut close to me,22200,16,202,$0.13,17,29,https://lbb.in/hyderabad/mens-salon-hyderabad/
2311,men's facial cream,9900,49,46,$0.10,98,45,https://lbb.in/delhi/best-face-cream-for-men/
2312,men facial cream,9900,61,46,$0.05,98,36,https://lbb.in/delhi/best-face-cream-for-men/
2313,men accessories,18100,97,46,$0.10,97,53,https://lbb.in/mumbai/mens-accessories-brand/
2314,live music venue near me,22200,21,124,$0.08,3,20,https://lbb.in/hyderabad/best-live-performances-hyderabad/
2315,khar,22200,36,46,$0,5,39,https://lbb.in/mumbai/things-to-do-khar/
2316,keri beach goa,9900,31,48,$0.07,3,32,https://lbb.in/goa/wanderlust-head-keri-beach-peace-quiet/
2317,kenilworth goa resort,22200,56,46,$0.27,46,36,https://lbb.in/goa/kenilworth-resort-spa-e4537d/
2318,kala ghoda arts festival,22200,21,95,$0.18,1,41,https://lbb.in/mumbai/kala-ghoda-arts-festival/
2319,islamic centre delhi,22200,16,130,$0.37,3,20,https://lbb.in/delhi/india-islamic-centre-e6bda5/
2320,india's best whisky,22200,62,46,$0,1,20,https://lbb.in/bangalore/best-indian-whisky-brands/
2321,durgapur puja pandal,22200,33,46,$0,1,20,https://lbb.in/pune/pandal-hopping-durga-puja/
2322,dog park near me,22200,42,46,$0.12,6,16,https://lbb.in/delhi/best-pet-parks-delhi/
2323,della adventure,22200,30,89,$0.23,43,37,https://lbb.in/mumbai/della-adventure-resort-lonavala-b52185/
2324,clubs in mumbai,22200,18,130,$0.22,2,20,https://lbb.in/mumbai/late-night-party-spots/
2325,clubs in delhi,27100,23,95,$0.32,2,22,https://lbb.in/delhi/nightclubs-in-cp/
2326,club in mumbai,22200,21,95,$0.13,2,20,https://lbb.in/mumbai/late-night-party-spots/
2327,churu rajasthan,22200,53,46,$0,1,24,https://lbb.in/bangalore/churu-rajasthan-335320/
2328,chennai parthasarathy temple,27100,64,46,$0.05,6,21,https://lbb.in/chennai/parthasarathy-temple-271cd9/
2329,carpooling,22200,37,46,$0.16,8,40,https://lbb.in/mumbai/carpooling-services-mumbai/
2330,carpool,22200,27,46,$0.17,5,39,https://lbb.in/mumbai/carpooling-services-mumbai/
2331,car pool,22200,26,46,$0.17,5,26,https://lbb.in/mumbai/carpooling-services-mumbai/
2332,hsr high street,33100,30,48,$0,7,25,https://lbb.in/bangalore/things-to-do-hsr-layout/
2333,gk 2 m block,22200,5,3596,$0.08,4,24,https://lbb.in/delhi/greater-kailash-gk-2-m-block-market-guide-restaurant-bakery-delivery/
2334,flaxseed benefits,22200,81,46,$0.03,2,25,https://lbb.in/all/advantages-of-flax-seeds/
2335,famous temple in bangalore city,22200,37,46,$0.06,2,17,https://lbb.in/bangalore/famous-temples-bangalore/
2336,face lotion men,9900,55,46,$0.05,98,49,https://lbb.in/delhi/best-face-cream-for-men/
2337,birla mandir kolkata west bengal,22200,18,166,$0.15,1,31,https://lbb.in/kolkata/birla-mandir-kolkata/
2338,best whisky india,22200,74,46,$0,1,16,https://lbb.in/bangalore/best-indian-whisky-brands/
2339,best washing machine,18100,36,46,$0.11,98,48,https://lbb.in/all/best-washing-machines/
2340,best restaurants in kolkata,22200,43,46,$0.51,6,13,https://lbb.in/kolkata/10-restaurants-you-must-visit-in-kolkata/
2341,best bollywood romantic movies,22200,42,46,$0.06,1,11,https://lbb.in/all/top-bollywood-rom-coms/
2342,benson town,22200,26,48,$0.17,7,27,https://lbb.in/bangalore/locality/benson-town-bangalore/
2343,beach resort goa,27100,41,46,$0.22,98,51,https://lbb.in/goa/beach-resorts-in-goa/
2344,beach in udupi,22200,68,46,$0.18,2,20,https://lbb.in/bangalore/beaches-in-udupi/
2345,art class,22200,16,202,$1.68,5,27,https://lbb.in/chennai/art-classes-chennai/
2346,kenilworth goa,22200,55,46,$0.11,42,37,https://lbb.in/goa/kenilworth-resort-spa-e4537d/
2347,jack daniels tennessee whisky,27100,10,750,$0.78,1,16,https://lbb.in/mumbai/Jack-Daniels-Alcohol-New-Price/
2348,indian national library kolkata,22200,46,46,$0.01,1,37,https://lbb.in/kolkata/national-library-kolkata/
2349,gym near me with fees,40500,18,130,$0.27,13,21,https://lbb.in/mumbai/get-fit-budget-gyms-hit-inr-3000/
2350,dance studio near me,18100,9,1041,$0.23,4,12,https://lbb.in/delhi/dance-classes-in-gurgaon-studios-academies/
2351,craft store near me,22200,15,250,$0.04,8,19,https://lbb.in/delhi/stationery-stores-delhi-office-supplies-croquis-clay-ink-paper/
2352,camping rishikesh,22200,73,46,$0.16,57,42,https://lbb.in/all/best-camping-places-in-rishikesh/
2353,cafe in delhi ncr,22200,19,124,$0.04,5,24,https://lbb.in/delhi/best-winter-cafes-delhi-ncr/
2354,boba tea near me,27100,8,750,$0.28,4,15,https://lbb.in/delhi/bubble-tea-places/
2355,bengal safari,22200,19,130,$0.21,4,33,https://lbb.in/kolkata/visit-bengal-safari-in-siliguri/
2356,restaurants pune,22200,19,113,$0.24,7,27,https://lbb.in/pune/iconic-restaurants-in-pune/
2357,restaurants bangalore mg road,22200,23,73,$0.05,8,23,https://lbb.in/bangalore/budget-restaurants-mg-road/
2358,ravindra bharathi,22200,41,46,$0,9,27,https://lbb.in/hyderabad/ravindra-bharathi-lakdikapul/
2359,pottery town,18100,7,2160,$0,5,25,https://lbb.in/bangalore/pottery-town-in-benson-town/
2360,piano teacher near me,22200,7,1462,$0.32,24,17,https://lbb.in/hyderabad/best-piano-classes-in-hyderabad/
2361,paintball,22200,8,1462,$0.46,1,38,https://lbb.in/chennai/paintball-arenas-activities-chennai/
2362,pacific mall subhash nagar delhi,22200,20,73,$0.04,7,28,https://lbb.in/delhi/things-to-do-pacific-mall/
2363,novotel spa and resort goa,22200,45,46,$0.23,31,28,https://lbb.in/goa/novotel-goa-resort-spa-8b3018/
2364,new year's eve events,14800,9,750,$1.49,1,9,https://lbb.in/mumbai/best-new-year-parties-mumbai/
2365,mall in pune city,22200,20,113,$0.03,7,30,https://lbb.in/pune/best-malls-pune/
2366,m block gk 2,22200,3,3596,$0.08,4,23,https://lbb.in/delhi/greater-kailash-gk-2-m-block-market-guide-restaurant-bakery-delivery/
2367,famous tourist places in hyderabad,22200,69,46,$0.12,6,25,https://lbb.in/hyderabad/top-tourist-places-in-hyderabad/
2368,famous places in hyderabad india,22200,77,46,$0.07,8,35,https://lbb.in/hyderabad/top-tourist-places-in-hyderabad/
2369,durga puja pandal,22200,19,124,$0,1,19,https://lbb.in/bangalore/durga-pujo-pandal-bangalore/
2370,anti ageing cream,22200,39,46,$0.12,100,37,https://lbb.in/hyderabad/best-anti-aeging-creams/
2371,ananda spa in the himalayas,22200,35,46,$0.22,13,41,https://lbb.in/delhi/why-ananda-is-the-only-spacation-youll-ever-need/
2372,types of pants man,22200,30,46,$0.02,96,26,https://lbb.in/hyderabad/types-of-pants-for-men/
2373,the farmstead,12100,5,1041,$0.06,1,22,https://lbb.in/pune/the-farmstead-farmstays-near-pune/
2374,swimming lessons,4400,30,48,$0.18,1,63,https://lbb.in/chennai/swimming-classes-in-chennai/
2375,dr karni singh shooting range,22200,30,46,$0,6,13,https://lbb.in/places/Dr-Karni-Singh-Shooting-Range-tughlakabad-institutional-area-0c5560/
2376,clubs in delhi ncr,22200,28,53,$0.06,4,23,https://lbb.in/delhi/nightclubs-in-cp/
2377,churu india,22200,56,46,$0,1,21,https://lbb.in/bangalore/churu-rajasthan-335320/
2378,cafes in koregaon park pune,22200,15,250,$0.03,4,24,https://lbb.in/pune/best-koregaon-park-pune-restaurants/
2379,yaakay bar and canteen,22200,22,95,$0.13,4,21,https://lbb.in/bangalore/yaakay-bar-canteen-sahakar-nagar/
2380,vijayanagar food street,18100,10,1462,$0,5,20,https://lbb.in/bangalore/vijaynagar-street-food-lane-near-vijaynagar-water-tank/
2381,veggie food restaurant,22200,20,130,$0.04,4,27,https://lbb.in/kolkata/veg-restaurants-in-kolkata/
2382,starbucks indiranagar,40500,44,46,$0.05,1,19,https://lbb.in/bangalore/cafes-in-indiranagar/
2383,st george fort museum,22200,62,46,$0.08,3,29,https://lbb.in/chennai/fort-st-george-rajaji-salai-chennai/
2384,smart bike,22200,39,46,$0.14,5,34,https://lbb.in/chennai/smartbike-bike-rental-app-chennai/
2385,shantiniketan bolpur,22200,29,51,$0.29,1,28,https://lbb.in/kolkata/things-to-do-shantiniketan/
2386,hindustan park kolkata,22200,12,437,$0.12,4,19,https://lbb.in/kolkata/locality/hindusthan-park-kolkata/
2387,high end watch brands women's,22200,27,46,$0.08,100,28,https://lbb.in/all/best-watch-brands-for-women/
2388,pets pet shop,22200,48,46,$0.32,7,68,https://lbb.in/delhi/7-pet-shops-delhi/
2389,novotel goa resort and spa,22200,52,46,$0.19,32,21,https://lbb.in/goa/novotel-goa-resort-spa-8b3018/
2390,museum in delhi,27100,52,46,$0.13,13,25,https://lbb.in/delhi/museums-in-delhi/
2391,mineral sunblock,22200,73,46,$0.10,100,17,https://lbb.in/delhi/best-mineral-sunscreens/
2392,max mueller bhavan,22200,32,46,$0.15,6,21,https://lbb.in/delhi/Goethe-Institut-max-mueller-bhavan-delhi/
2393,long lasting perfumes for men,22200,48,46,$0.07,99,41,https://lbb.in/all/perfumes-for-men-buy-online/
2394,kolkata top restaurants,22200,34,46,$0.04,6,33,https://lbb.in/kolkata/10-restaurants-you-must-visit-in-kolkata/
2395,india islamic cultural centre,18100,21,95,$0,5,12,https://lbb.in/delhi/india-islamic-centre-e6bda5/
2396,india islamic centre,22200,20,95,$0.17,3,20,https://lbb.in/delhi/india-islamic-centre-e6bda5/
2397,beaches in udupi karnataka,22200,86,46,$0.08,2,19,https://lbb.in/bangalore/beaches-in-udupi/
2398,beach resorts in goa,40500,41,46,$0.21,100,48,https://lbb.in/goa/beach-resorts-in-goa/
2399,art and gallery,22200,40,46,$2.47,3,60,https://lbb.in/delhi/best-art-galleries-delhi-ncr/
2400,almost gods,27100,49,46,$0.10,83,51,https://lbb.in/delhi/almost-gods-apparel-online/
2401,air conditioner on rent,18100,14,250,$1.18,30,20,https://lbb.in/hyderabad/ac-rentals-in-hyderabad/
2402,indian best whisky,22200,64,46,$0,1,17,https://lbb.in/bangalore/best-indian-whisky-brands/
2403,india islamic cultural centre new delhi,22200,29,46,$0.17,3,21,https://lbb.in/places/India-Islamic-Cultural-Centre-lodhi-road-322dd5/
2404,hair spa advantages,22200,51,46,$0.09,2,12,https://lbb.in/delhi/benefits-of-hair-spa/
2405,govt wine & beer shop,14800,8,1462,$0,1,21,https://lbb.in/delhi/big-way-wine-beer-65f5b1/
2406,farm marketplace near me,18100,7,2160,$0.90,1,19,https://lbb.in/pune/farmer-market-pune/
2407,factory outlet stores near me,22200,7,2160,$0.08,23,22,https://lbb.in/bangalore/best-factory-outlets-bangalore-clothes-watches-furniture-sports/
2408,equestrian horseback riding,22200,16,333,$0.37,1,21,https://lbb.in/delhi/horse-riding-classes-in-delhi-gurgaon/
2409,discovery liquor warehouse,14800,18,166,$0.39,1,13,https://lbb.in/places/Discovery-Liquor-Warehouse-sector-48-56262c/
2410,coffee shops in hyderabad,22200,19,124,$0,1,12,https://lbb.in/hyderabad/best-cafes-hyderabad/
2411,chennai lighthouse,22200,55,46,$0.43,5,26,https://lbb.in/chennai/lighthouse-marina-beach-chennai?ref=lbbpost
2412,car pooling,22200,37,46,$0.19,7,27,https://lbb.in/mumbai/carpooling-services-mumbai/
2413,branded shoe brands,22200,48,46,$0.06,90,27,https://lbb.in/bangalore/indian-shoe-brands-for-men/
2414,best suspense thriller films,22200,28,46,$0.01,1,31,https://lbb.in/all/best-suspense-thriller-movies/
2415,best face wash for dry skin,22200,73,46,$0.18,99,41,https://lbb.in/delhi/face-wash-for-dry-skin/
2416,the old house,22200,31,48,$0.04,2,22,https://lbb.in/bangalore/the-old-house-cafe-a0f47a/
2417,public library near me,22200,7,2160,$0.02,2,12,https://lbb.in/delhi/public-libraries-in-delhi-membership/
2418,packers and movers kolkata,22200,88,46,$1.40,37,23,https://lbb.in/kolkata/best-movers-packers-kolkata/
2419,shiva valley,18100,9,750,$0.51,4,25,https://lbb.in/goa/shiva-valley-trance-parties-goa/
2420,safari in bannerghatta national park,22200,29,46,$0.30,4,31,https://lbb.in/bangalore/bannerghatta-biological-park/
2421,ramkrishna restaurant,22200,11,750,$0.11,3,21,https://lbb.in/pune/40-year-old-restaurant-ram-krishna-serves-500-customers-day/
2422,print wedding invites near me,22200,28,48,$0.08,23,31,https://lbb.in/mumbai/wedding-card-stores-mumbai/
2423,piano classes near me,22200,10,750,$0.41,20,18,https://lbb.in/hyderabad/best-piano-classes-in-hyderabad/
2424,men formal shirt pant,320,43,46,$0.02,93,28,https://lbb.in/delhi/formal-pant-shirt-combination/
2425,malls in pune,3600,21,124,$0,3,15,https://lbb.in/pune/best-malls-pune/
2426,lotion for face men,22200,53,46,$0.07,99,51,https://lbb.in/delhi/best-face-cream-for-men/
2427,live music near me,22200,12,568,$0.08,8,21,https://lbb.in/kolkata/live-music-gigs-2/
2428,koramangala 6th block,22200,84,46,$0,12,23,https://lbb.in/bangalore/things-to-do-around-koramangala-club/
2429,jack daniels jack,27100,9,750,$0.78,1,36,https://lbb.in/mumbai/Jack-Daniels-Alcohol-New-Price/
2430,best whiskies in india,22200,58,46,$0,1,15,https://lbb.in/bangalore/best-indian-whisky-brands/
2431,best whiskey india,22200,43,46,$0,1,16,https://lbb.in/bangalore/best-indian-whisky-brands/
2432,best tourist spots in hyderabad,22200,95,46,$0.09,11,39,https://go.lbb.in/797OTIPC60b
2433,best movies suspense thriller,22200,28,46,$0.01,1,44,https://lbb.in/all/best-suspense-thriller-movies/
2434,best hindi romance movies,22200,55,46,$0.04,1,32,https://lbb.in/all/top-bollywood-rom-coms/
2435,best fragrance perfume,22200,22,73,$0.06,96,33,https://lbb.in/all/perfumes-for-men-buy-online/
2436,best for breakfast near me,22200,9,1041,$0.07,10,23,https://lbb.in/delhi/breakfast-places-delhi/
2437,beatles ashram rishikesh,22200,57,46,$0.44,7,22,https://lbb.in/all/beatles-ashram-rishikesh/
2438,bannerghatta national park safari,22200,28,51,$0.25,4,13,https://lbb.in/bangalore/bannerghatta-biological-park/
2439,b w club delhi,22200,14,333,$0.17,2,19,https://lbb.in/delhi/club-bw-the-suryaa-79305a/
2440,starbucks bangalore indiranagar,2900,48,46,$0.07,1,19,https://lbb.in/bangalore/cafes-in-indiranagar/
2441,toto garage,22200,22,95,$0.11,2,27,https://lbb.in/mumbai/totos-garage-bandra-demolished/
2442,top bollywood romantic movies,22200,45,46,$0.29,1,31,https://lbb.in/all/top-bollywood-rom-coms/
2443,sweets in india,22200,62,46,$0.08,6,26,https://lbb.in/all/artisanal-sweets/
2444,planners,22200,92,46,$0.15,100,68,https://lbb.in/mumbai/shop-calendars-planners-online/
2445,pandal of durga puja,22200,19,202,$0,1,26,https://lbb.in/pune/pandal-hopping-durga-puja/
2446,outlets near me,22200,12,437,$0.05,13,36,https://lbb.in/bangalore/best-factory-outlets-bangalore-clothes-watches-furniture-sports/
2447,mithai indian sweets,22200,43,46,$0.23,17,25,https://lbb.in/all/artisanal-sweets/
2448,mg road near me,12100,20,113,$0.03,6,41,https://lbb.in/bangalore/malls-in-and-around-mg-road-bangalore/
2449,mens formal shirt pant,390,25,59,$0.04,96,34,https://lbb.in/delhi/formal-pant-shirt-combination/
2450,men face cream,9900,31,46,$0.05,99,35,https://lbb.in/delhi/best-face-cream-for-men/
2451,marzorin camp pune,22200,13,333,$0.18,4,21,https://lbb.in/pune/visit-camp-always-incomplete-without-quick-grab-52-year-old-cafe/
2452,longest lasting men's perfume,22200,53,46,$0.09,100,15,https://lbb.in/all/perfumes-for-men-buy-online/
2453,long lasting men perfume,22200,51,46,$0.08,98,35,https://lbb.in/all/perfumes-for-men-buy-online/
2454,kala ghoda art,22200,35,46,$0.18,1,41,https://lbb.in/mumbai/kala-ghoda-arts-festival/
2455,good mattress in india,22200,62,46,$0.53,100,42,https://lbb.in/all/best-indian-mattress-brands/
2456,best hindi movies romance,22200,44,46,$0.29,1,32,https://lbb.in/all/top-bollywood-rom-coms/
2457,best food restaurants in kolkata,22200,24,59,$0.04,5,23,https://lbb.in/kolkata/10-restaurants-you-must-visit-in-kolkata/
2458,amour bistro delhi,22200,16,202,$0,1,20,https://lbb.in/delhi/amour-bistro-malcha-marg/
2459,ctr restaurant bangalore,22200,13,202,$0,1,24,https://lbb.in/bangalore/ctr-malleswaram/
2460,coffee shop in hyderabad,22200,26,59,$0.04,7,26,https://lbb.in/hyderabad/best-coffee-places/
2461,cafes in mysore,22200,31,46,$0,6,22,https://lbb.in/bangalore/mysore-cafes-three/
2462,cafes in delhi,22200,17,166,$0,5,21,https://lbb.in/delhi/post/cafes/
2463,burger factory goa,18100,21,113,$0.48,1,19,https://lbb.in/mumbai/burger-factory-goa/
2464,bugle rock park bangalore,22200,14,333,$0,3,12,https://lbb.in/bangalore/bugle-rock-park-in-basavangudi/
2465,bob's bar koramangala,12100,10,568,$0.15,5,21,https://lbb.in/bangalore/bobs-bar-a-bar-with-a34c9d/
2466,blr brewing co hsr layout,18100,29,46,$0.25,8,13,https://lbb.in/bangalore/the-newest-and-the-only-f00ce4/
2467,vgp theme park in chennai,22200,28,51,$0.11,15,31,https://lbb.in/chennai/vgp-universal-kingdom-f3bc9b/
2468,dance clubs in mumbai,22200,16,202,$0.28,1,12,https://lbb.in/mumbai/late-night-party-spots/
2469,cultural activities center,22200,7,568,$1.03,1,25,https://lbb.in/delhi/13-international-centres-delhi-gurgaon/
2470,coffee shop in delhi,22200,22,95,$0.03,6,23,https://lbb.in/delhi/post/coffee/
2471,churches in goa,27100,93,46,$0.05,1,22,https://lbb.in/goa/best-churches-in-goa/
2472,chaitanya food court hyderabad,12100,19,166,$0.11,2,19,https://lbb.in/hyderabad/chaitanya-food-court-kukatpally/
2473,pune city malls,22200,20,124,$0.07,4,41,https://lbb.in/pune/best-malls-pune/
2474,photography points,22200,27,51,$0.04,1,26,https://lbb.in/mumbai/7-spots-in-mumbai-photographers-should-cover/
2475,persian darbar pune,22200,27,51,$0,2,20,https://lbb.in/pune/persian-darbar-pune/
2476,perfumes long lasting men,22200,50,46,$0.09,99,22,https://lbb.in/all/perfumes-for-men-buy-online/
2477,opera house samsung,22200,20,95,$0.46,9,26,https://lbb.in/bangalore/the-iconic-opera-house-is-fda1c0/
2478,novotel spa resort goa,22200,55,46,$0.36,30,35,https://lbb.in/goa/novotel-goa-resort-spa-8b3018/
2479,near me outlets,22200,15,250,$0.08,24,17,https://lbb.in/hyderabad/factory-outlets-in-hyderabad/
2480,must watch k movies,27100,23,59,$1.01,1,34,https://lbb.in/delhi/best-korean-movies/
2481,men's accessories,33100,62,46,$0.07,96,51,https://lbb.in/mumbai/mens-accessories-brand/
2482,luxury watch brands for women,18100,32,46,$0.08,100,41,https://lbb.in/all/best-watch-brands-for-women/
2483,the black pearl,22200,16,202,$0.11,15,84,https://lbb.in/bangalore/the-black-pearl-1920f4/
2484,slink and bardot restaurant,22200,28,48,$0.12,1,24,https://lbb.in/mumbai/the-bombay-brasserie-9db79f/
2485,sivan park,22200,10,750,$0.11,6,19,https://lbb.in/chennai/walk-around-the-tree-covered-7bd43c/
2486,sanjha chulha,22200,17,202,$0.06,2,25,https://lbb.in/delhi/sanjha-chulha-delectable-north-indian-cuisine/
2487,hindustan park,22200,60,46,$0.12,4,19,https://lbb.in/kolkata/hindustan-park-area-for-cafes-and-restaurants/
2488,lakeview milk bar,18100,19,130,$0.03,5,20,https://lbb.in/bangalore/lakeview-milkbar-iconic-dessert-parlour/
2489,korea restaurant,33100,13,333,$0.29,3,28,https://lbb.in/kolkata/best-korean-food-places-kolkata/
2490,kolkata national library,22200,36,46,$0,1,19,https://lbb.in/kolkata/national-library-0e0233/
2491,jubilee hills restaurants hyderabad,22200,17,166,$0.04,5,25,https://lbb.in/hyderabad/what-to-eat-jubilee-hills/
2492,beatles ashram in rishikesh,22200,59,46,$0.10,8,29,https://lbb.in/all/beatles-ashram-rishikesh/
2493,arjun marg,22200,17,166,$0.13,4,19,https://lbb.in/delhi/shopping-mallarjun-marg-market-18d882/
2494,amour bistro chanakyapuri,18100,11,568,$0.88,3,17,https://lbb.in/delhi/amour-bistro-malcha-marg/
2495,gourmet,22200,49,46,$0.57,1,37,https://lbb.in/delhi/gourmet-store-63bdf3/
2496,games and arcade,22200,15,333,$0.24,3,12,https://lbb.in/delhi/gaming-arenas-Delhi-NCR/
2497,frame store near me,22200,18,130,$0.07,22,23,https://lbb.in/bangalore/rainbird-frames-art-shivajinagar/
2498,formal shirt and pant for men,22200,21,73,$0.02,98,44,https://lbb.in/delhi/formal-pant-shirt-combination/
2499,ecr speedway,12100,13,333,$0.08,9,20,https://lbb.in/chennai/ecr-speedway-68e2ee/
2500,dog park close to me,22200,7,1462,$0.13,1,36,https://lbb.in/mumbai/pet-parks/
2501,tilak nagar market,18100,12,333,$0,2,19,https://lbb.in/delhi/tilak-nagar-market-190273/
2502,rahul 70 mm,22200,9,437,$0.10,3,19,https://lbb.in/pune/rahul-70-mm-808448/
2503,pub hyderabad,27100,43,46,$0.16,4,28,https://lbb.in/hyderabad/post/bars-and-nightlife/
2504,state central library,22200,24,53,$0.08,3,33,https://lbb.in/bangalore/state-central-library/
2505,samsung opera house,22200,20,95,$0.39,11,23,https://lbb.in/bangalore/the-iconic-opera-house-is-fda1c0/
2506,mens hair styles near me,22200,33,46,$0.13,17,36,https://lbb.in/mumbai/grooming-men-salons-mumbai/
2507,jubilee hills restaurant,22200,24,73,$0.04,5,22,https://lbb.in/hyderabad/what-to-eat-jubilee-hills/
2508,cafes in koramangala bangalore,22200,20,124,$0.03,13,30,https://lbb.in/bangalore/kormangala-bangalore/
2509,cafe irani chai mahim,22200,24,73,$0,2,12,https://lbb.in/mumbai/akuri-chicken-cutlet-cafe-irani-chaii-pocket-friendly-grub-mahim/
2510,cabo de rama,22200,64,46,$0.21,2,20,https://lbb.in/goa/cabo-de-rama-beach-perfect-south-goa-getaway/
2511,birla mandir in kolkata,22200,15,250,$0.12,4,18,https://lbb.in/kolkata/birla-mandir-kolkata/
2512,best whisky in india,22200,44,46,$0.56,1,11,https://lbb.in/bangalore/best-indian-whisky-brands/
2513,best indian mattress,22200,51,46,$0.69,100,26,https://lbb.in/all/best-indian-mattress-brands/
2514,best conditioner for hair,27100,33,46,$0.19,99,43,https://lbb.in/all/best-hair-conditioner/
2515,beatles ashram,22200,28,51,$0.50,9,27,https://lbb.in/all/beatles-ashram-rishikesh/
2516,bannerghatta safari,22200,34,46,$0.31,4,22,https://lbb.in/bangalore/bannerghatta-biological-park/
2517,b w club,22200,13,333,$0.15,1,21,https://lbb.in/delhi/club-bw-the-suryaa-79305a/
2518,artsy cafe,22200,11,568,$0,2,25,https://lbb.in/kolkata/artsy-cafe-7b77c2/
2519,albert theatre egmore,22200,18,130,$0.09,2,26,https://lbb.in/chennai/albert-multiplex-egmore-5ecd76/
2520,145 bandra mumbai,18100,9,750,$0.18,3,21,https://lbb.in/mumbai/145-bandra-after-kalaghoda/
2521,non alcoholic beer,22200,48,46,$0,1,19,https://lbb.in/bangalore/non-alcoholic-drinks-beer-top-brands/
2522,national library of india calcutta,22200,59,46,$0.01,1,19,https://lbb.in/kolkata/national-library-0e0233/
2523,general bazar secunderabad,18100,3,6748,$0,10,22,https://lbb.in/hyderabad/budget-shopping-general-bazaar/
2524,delhi green park,22200,54,46,$0.29,2,27,https://lbb.in/delhi/green-park-hood-guide-food-spas/
2525,club bw delhi,22200,13,333,$0,3,20,https://lbb.in/delhi/club-bw-the-suryaa-79305a/
2526,campsites in rishikesh,22200,51,46,$0.25,59,29,https://lbb.in/all/best-camping-places-in-rishikesh/
2527,ladies luxury watches brands,22200,40,46,$0.07,100,21,https://lbb.in/all/best-watch-brands-for-women/
2528,irani chai mahim,22200,25,59,$0.07,2,24,https://lbb.in/mumbai/akuri-chicken-cutlet-cafe-irani-chaii-pocket-friendly-grub-mahim/
2529,india best whisky,22200,53,46,$0,1,17,https://lbb.in/bangalore/best-indian-whisky-brands/
2530,hyd cafes,22200,20,130,$0.04,5,24,https://lbb.in/hyderabad/best-cafes-hyderabad/
2531,hyd cafe,22200,19,124,$0.04,6,31,https://lbb.in/hyderabad/best-cafes-hyderabad/
2532,high spirits cafe pune,22200,23,73,$0,2,12,https://lbb.in/pune/high-spirits-cafe-ba5a79/
2533,heera panna shopping complex,22200,10,750,$0.11,5,20,https://lbb.in/mumbai/herra-panna/
2534,good mattress india,22200,56,46,$0.70,100,39,https://lbb.in/all/best-indian-mattress-brands/
2535,udupi beach,22200,35,46,$0.15,3,25,https://lbb.in/bangalore/beaches-in-udupi/
2536,types of pants for guys,22200,46,46,$0.02,96,29,https://lbb.in/hyderabad/types-of-pants-for-men/
2537,starbucks indiranagar bangalore,40500,41,46,$0.05,1,19,https://lbb.in/bangalore/cafes-in-indiranagar/
2538,sports near me,22200,9,1041,$0.07,7,32,https://lbb.in/delhi/get-dose-everything-sports-complexes-around-delhi/
2539,restaurants in ecr road,22200,15,250,$0.04,9,20,https://lbb.in/chennai/best-restaurants-in-ecr-chennai/
2540,night club in delhi ncr,22200,16,202,$0.06,4,24,https://lbb.in/delhi/night-club-in-delhi-with-free-entry/
2541,national library in kolkata,22200,39,46,$0.01,1,20,https://lbb.in/kolkata/national-library-kolkata/
2542,mannat house srk,12100,6,3596,$0,1,24,https://lbb.in/mumbai/mannat-bandra/
2543,lonavala della adventure park,22200,29,51,$0.23,37,40,https://lbb.in/mumbai/della-adventure-resort-lonavala-b52185/
2544,piano lessons near me,22200,9,1041,$0.35,20,18,https://lbb.in/hyderabad/best-piano-classes-in-hyderabad/
2545,della adventure park in lonavala,22200,32,46,$0.23,37,37,https://lbb.in/mumbai/della-adventure-resort-lonavala-b52185/
2546,coffee shops in koramangala,22200,17,166,$0,16,16,https://lbb.in/bangalore/kormangala-bangalore/
2547,coffee shops hyderabad,22200,19,124,$0.87,6,21,https://lbb.in/hyderabad/best-cafes-hyderabad/
2548,club bw,22200,14,333,$0,2,25,https://lbb.in/delhi/club-bw-the-suryaa-79305a/
2549,civil lines chole bhature,22200,26,73,$0.12,5,13,https://lbb.in/delhi/sector-15-chhole-bhature/
2550,cafe irani chai,18100,25,53,$0,3,19,https://lbb.in/mumbai/akuri-chicken-cutlet-cafe-irani-chaii-pocket-friendly-grub-mahim/
2551,bombay canteen mumbai,22200,56,46,$0.18,2,41,https://lbb.in/pune/the-bombay-canteen-382c7d/
2552,best suspense thrillers,22200,39,46,$0.01,1,32,https://lbb.in/all/best-suspense-thriller-movies/
2553,best suspense thriller,22200,32,46,$0.01,1,31,https://lbb.in/all/best-suspense-thriller-movies/
2554,good conditioner for hair,27100,58,46,$0.06,98,22,https://lbb.in/all/best-hair-conditioner/
2555,best romantic movies of bollywood,22200,42,46,$0.29,1,29,https://lbb.in/all/top-bollywood-rom-coms/
2556,best bollywood romance movie,22200,44,46,$0.04,1,32,https://lbb.in/all/top-bollywood-rom-coms/
2557,tower park,27100,35,46,$0.10,8,24,https://lbb.in/chennai/anna-nagar-tower-park-72e3a2/
2558,single malt indian whisky,12100,64,46,$0.93,1,8,https://lbb.in/bangalore/best-indian-whisky-brands/
2559,pune shopping center,22200,19,130,$0.07,4,39,https://lbb.in/pune/best-malls-pune/
2560,pune city shopping malls,22200,22,95,$0.03,7,29,https://lbb.in/pune/best-malls-pune/
2561,piano instructor near me,22200,8,1462,$0.31,20,19,https://lbb.in/hyderabad/best-piano-classes-in-hyderabad/
2562,dry shampoo,22200,38,46,$0.15,95,53,https://lbb.in/kolkata/best-dry-shampoos-online-shop-lbb/
2563,dance clubs in delhi,27100,21,124,$0.32,2,14,https://lbb.in/delhi/nightclubs-in-cp/
2564,cord,22200,19,124,$1.40,21,44,https://lbb.in/all/cord-brand-review/
2565,club b w,22200,16,250,$0.17,2,19,https://lbb.in/delhi/club-bw-the-suryaa-79305a/
2566,classical dance classes near me,27100,6,3596,$0.19,4,15,https://lbb.in/delhi/dance-indian-clasical-style-classes-delhi/
2567,horseback riding,22200,33,46,$0.62,1,25,https://lbb.in/delhi/horse-riding-classes-in-delhi-gurgaon/
2568,horseback ride,22200,40,46,$0.47,1,33,https://lbb.in/delhi/horse-riding-classes-in-delhi-gurgaon/
2569,haircut for men near me,18100,11,568,$0.37,16,15,https://lbb.in/hyderabad/mens-salon-hyderabad/
2570,guys haircut near me,22200,34,46,$0.12,24,20,https://lbb.in/mumbai/grooming-men-salons-mumbai/
2571,growth hair pills,22200,42,46,$0.18,100,30,https://lbb.in/delhi/vitamins-for-hair-growth/
2572,good conditioners,22200,20,124,$0.07,98,36,https://lbb.in/all/best-hair-conditioner/
2573,general bazar,18100,5,6748,$0,4,25,https://lbb.in/hyderabad/budget-shopping-general-bazaar/
2574,farming market near me,22200,7,2160,$1.04,1,19,https://lbb.in/pune/farmer-market-pune/
2575,night clubs in delhi,27100,13,333,$0.27,2,14,https://lbb.in/delhi/nightclubs-in-cp/
2576,mannat srk house,12100,11,437,$0,1,26,https://lbb.in/mumbai/mannat-bandra/
2577,lal quarter market,18100,8,1041,$0,7,21,https://lbb.in/delhi/lal-quarter-market-bfc692/
2578,kenilworth beach resort in goa,22200,55,46,$0.27,46,35,https://lbb.in/goa/kenilworth-resort-spa-e4537d/
2579,karni singh shooting,22200,13,437,$0.05,3,22,https://lbb.in/delhi/nirvan-singh-shooting-delhi/
2580,jack daniels is whiskey,27100,23,95,$0.78,1,32,https://lbb.in/mumbai/Jack-Daniels-Alcohol-New-Price/
2581,café 27,22200,18,202,$0.22,3,21,https://lbb.in/delhi/the-barrel-house-656cff/
2582,cafes in hyderabad,22200,20,113,$0,6,21,https://lbb.in/hyderabad/best-cafes-hyderabad/
2583,cafe 27,18100,20,124,$0,4,25,https://lbb.in/delhi/the-barrel-house-656cff/
2584,cafe in koregaon park pune,22200,16,333,$0.03,4,27,https://lbb.in/pune/best-koregaon-park-pune-restaurants/
2585,best romantic films bollywood,22200,39,46,$0,1,35,https://lbb.in/all/top-bollywood-rom-coms/
2586,best romance hindi movies,22200,50,46,$0.04,1,31,https://lbb.in/all/top-bollywood-rom-coms/
2587,baby shop,22200,39,46,$0.23,94,53,https://lbb.in/delhi/baby-clothes-stores-delhi/
2588,8th day cafe & bakery,22200,24,59,$0.10,4,23,https://lbb.in/kolkata/8th-day-cafe-delivery-coffee/
2589,van heusen factory outlet,18100,9,1462,$0.16,5,12,https://lbb.in/pune/van-heusen-factory-outlet-8dbb84/
2590,urvashi theatres,22200,17,130,$0.09,2,26,https://lbb.in/bangalore/urvashi-theatre-33a1ad/
2591,whiskey brands jack daniels,27100,18,124,$0.78,1,28,https://lbb.in/mumbai/Jack-Daniels-Alcohol-New-Price/
2592,st andrews auditorium bandra,22200,8,568,$0.19,6,19,https://lbb.in/mumbai/st-andrews-auditorium-bandra-5128fb/
2593,snow world kurla,27100,23,73,$0.03,3,22,https://lbb.in/mumbai/snow-world-mumbai/
2594,shop frames near me,22200,26,51,$0.07,22,25,https://lbb.in/bangalore/rainbird-frames-art-shivajinagar/
2595,kiran nadar museum of art,27100,53,46,$0,3,14,https://lbb.in/delhi/national-science-center-61dd98/
2596,indian whiskey single malt,22200,73,46,$4.69,1,13,https://lbb.in/bangalore/best-indian-whisky-brands/
2597,indian sweets in india,22200,96,46,$0.05,14,15,https://lbb.in/all/artisanal-sweets/
2598,hair spa benefits,22200,54,46,$0.03,2,20,https://lbb.in/delhi/benefits-of-hair-spa/
2599,shoes brands,22200,67,46,$0.16,90,52,https://lbb.in/bangalore/indian-shoe-brands-for-men/
2600,restaurant pune,22200,59,46,$0.06,8,26,https://lbb.in/pune/iconic-restaurants-in-pune/
2601,public libraries close to me,22200,7,2160,$0.02,2,18,https://lbb.in/delhi/public-libraries-in-delhi-membership/
2602,pant types for men,22200,45,46,$0.02,96,26,https://lbb.in/hyderabad/types-of-pants-for-men/
2603,outlet near me,22200,13,333,$0.07,16,38,https://lbb.in/delhi/factory-outlets-delhi-ncr/
2604,men's hairstyle near me,22200,12,437,$0.13,28,19,https://lbb.in/hyderabad/mens-salon-hyderabad/
2605,mannat home srk,22200,11,1462,$0.11,4,27,https://lbb.in/mumbai/mannat-bandra/
2606,lonavala della,22200,59,46,$0.23,37,25,https://lbb.in/mumbai/della-resorts-lonavala-649641/
2607,good bollywood romantic movies,22200,41,46,$0.04,1,29,https://lbb.in/all/top-bollywood-rom-coms/
2608,fort st george chennai museum,22200,57,46,$0.08,3,29,https://lbb.in/chennai/fort-st-george-rajaji-salai-chennai/
2609,formal shirts and pant for men,22200,29,46,$0.02,98,29,https://lbb.in/delhi/formal-pant-shirt-combination/
2610,formal shirt pant for man,22200,24,59,$0.02,98,24,https://lbb.in/delhi/formal-pant-shirt-combination/
2611,cyber hub gurgaon,22200,36,46,$0.16,1,20,https://lbb.in/delhi/cyber-hub-guide-restaurant-bar-dessert/
2612,chutney chang,22200,22,113,$0.22,8,27,https://lbb.in/bangalore/chutney-chang-indian-chinese-buffet/
2613,bugle rock park,22200,13,437,$0,3,20,https://lbb.in/bangalore/bugle-rock-park-in-basavangudi/
2614,candies mumbai bandra,22200,28,53,$0.06,3,26,https://lbb.in/mumbai/candies-bandra/
2615,bombay to barcelona library cafe,12100,19,124,$0.15,9,26,https://lbb.in/mumbai/bombay-to-barcelona-library-caf-4d9b94/
2616,birla mandir calcutta,22200,32,46,$0.15,1,39,https://lbb.in/kolkata/birla-mandir-kolkata/
2617,best indian whisky,22200,44,46,$1.13,1,19,https://go.lbb.in/DeTLHcGubqb
2618,beach resort in goa india,22200,33,46,$0.31,81,25,https://lbb.in/goa/beach-resorts-in-goa/
2619,amrutha castle hyderabad hotel,22200,51,46,$0.22,26,19,https://lbb.in/hyderabad/amrutha-castle-hyderabad/
2620,women salon near me,22200,14,202,$0.35,33,21,https://lbb.in/bangalore/best-womens-salons-in-bangalore/
2621,u b city mall,18100,16,130,$0.29,1,30,https://lbb.in/bangalore/ub-city-e232f4/
2622,top kolkata restaurants,22200,26,95,$0.04,5,21,https://lbb.in/kolkata/10-restaurants-you-must-visit-in-kolkata/
2623,wedding venues,27100,18,130,$0.47,8,29,https://lbb.in/delhi/wedding-venues-delhi/
2624,vama retreats,22200,12,333,$0.08,26,32,https://lbb.in/bangalore/alurkar-resorts-96758d/
2625,uber eats,27100,45,46,$0.31,4,28,https://lbb.in/chennai/chennai-ubereats/
2626,types of trousers for men,18100,35,46,$0.12,85,36,https://lbb.in/hyderabad/types-of-pants-for-men/
2627,siri fort,22200,10,437,$0,3,25,https://lbb.in/delhi/Siri-fort-delhi/
2628,shopping mall pune,22200,16,202,$0.02,6,21,https://lbb.in/pune/best-malls-pune/
2629,mineral sunscreen,22200,59,46,$0.11,100,55,https://lbb.in/delhi/best-mineral-sunscreens/
2630,milan juice center,12100,12,568,$0.18,5,20,https://lbb.in/hyderabad/milan-juice-centre/
2631,men's hairstyles near me,27100,34,46,$0.13,28,20,https://lbb.in/mumbai/grooming-men-salons-mumbai/
2632,men's hair styles near me,22200,12,750,$0.13,28,20,https://lbb.in/hyderabad/mens-salon-hyderabad/
2633,lights in chennai,22200,28,51,$0.12,5,23,https://lbb.in/chennai/light-stores-anna-salai-chennai/
2634,kitchen colour combination,22200,43,46,$0.22,2,17,https://lbb.in/bangalore/kitchen-colour-combinations/
2635,hotel kenilworth goa,22200,67,46,$0.11,42,32,https://lbb.in/goa/kenilworth-resort-spa-e4537d/
2636,green meadows resort chennai,22200,60,46,$0.12,28,20,https://lbb.in/chennai/green-meadows-resort-e2b800/
2637,new year's eve parties,22200,4,2160,$0,1,26,https://lbb.in/mumbai/best-new-year-parties-mumbai/
2638,chaitanya food court,12100,16,166,$0.11,2,21,https://lbb.in/hyderabad/chaitanya-food-court-kukatpally/
2639,best whisky of india,22200,74,46,$0,1,16,https://lbb.in/bangalore/best-indian-whisky-brands/
2640,best romantic movie in bollywood,22200,43,46,$0.04,1,31,https://lbb.in/all/top-bollywood-rom-coms/
2641,best indian whiskies,22200,52,46,$0,1,17,https://lbb.in/bangalore/best-indian-whisky-brands/
2642,best hair cutter,22200,17,250,$0.19,1,34,https://lbb.in/delhi/hairstylists-haircuts-delhi-men-and-women/
2643,best bollywood movies romance,22200,40,46,$0.29,1,31,https://lbb.in/all/top-bollywood-rom-coms/
2644,benefits flax seeds,22200,88,46,$0.15,2,51,https://lbb.in/all/advantages-of-flax-seeds/
2645,facial cream men,22200,49,46,$0.06,99,28,https://lbb.in/delhi/best-face-cream-for-men/
2646,dive ghat,18100,31,48,$0,5,25,https://lbb.in/pune/dive-ghat-and-bapdeo-ghat-b1bad4/
2647,coffee lounge in hyderabad,22200,26,73,$0.03,5,22,https://lbb.in/hyderabad/best-cafes-hyderabad/
2648,yoga studio,22200,31,46,$0.68,1,78,https://lbb.in/kolkata/yoga-classes-in-kolkata/
2649,mca bandra club,22200,35,46,$0,10,23,https://lbb.in/mumbai/mca-sharad-pawar-indoor-cricket-academy-bandra-kurla-complex-5cd541/
2650,long lasting male perfume,22200,56,46,$0.08,99,19,https://lbb.in/all/perfumes-for-men-buy-online/
2651,the tamarind tree,18100,14,202,$0.34,10,22,https://lbb.in/bangalore/the-tamarind-tree-wedding-venue-jp-nagar/
2652,shiva statue,49500,20,166,$0.24,45,46,https://lbb.in/bangalore/adiyogi-shiva-statue-is-a-4d41b0/
2653,salon near me best,22200,39,46,$0.17,28,19,https://lbb.in/chennai/top-salons-in-chennai/
2654,royale heritage mall,22200,13,166,$0.13,7,19,https://lbb.in/pune/activities-in-royal-heritage-mall/
2655,rental ac,18100,11,333,$0.12,30,33,https://lbb.in/hyderabad/ac-rentals-in-hyderabad/
2656,pubs in hyderabad,22200,35,46,$0.15,2,20,https://lbb.in/hyderabad/post/bars-and-nightlife/
2657,public library close to me,22200,6,3596,$0.02,2,19,https://lbb.in/delhi/public-libraries-in-delhi-membership/
2658,mulberry shades,22200,28,46,$0.11,71,46,https://lbb.in/delhi/unwind-at-mulberry-shades-bangalore/
2659,mig cricket club bandra east mumbai,22200,14,166,$0.08,4,21,https://lbb.in/mumbai/mig-cricket-club-389c5b/
2660,india islamic centre delhi,22200,20,95,$0.13,3,21,https://lbb.in/delhi/india-islamic-centre-e6bda5/
2661,horse riding,22200,22,113,$0.65,1,25,https://lbb.in/delhi/horse-riding-classes-in-delhi-gurgaon/
2662,face lotion for men,9900,62,46,$0.08,99,30,https://lbb.in/delhi/best-face-cream-for-men/
2663,facial cream for man,22200,62,46,$0.07,100,18,https://lbb.in/delhi/best-face-cream-for-men/
2664,ecr restaurants,22200,16,202,$0.03,14,29,https://lbb.in/chennai/best-restaurants-in-ecr-chennai/
2665,disco in mumbai,22200,24,59,$0.02,3,25,https://lbb.in/mumbai/late-night-party-spots/
2666,delhi disco club,27100,29,48,$0.10,2,24,https://lbb.in/delhi/nightclubs-in-cp/
2667,cafes in koramangala,22200,20,113,$0.81,12,23,https://lbb.in/bangalore/new-cafes-koramangala-to-check-out/
2668,budget friendly wireless earbuds,27100,41,46,$0.01,1,59,https://lbb.in/delhi/budget-earbuds-better-than-airpods/
2669,birla temple in kolkata,22200,21,113,$0.08,1,17,https://lbb.in/kolkata/birla-mandir-kolkata/
2670,best suspense thriller film,22200,29,48,$0.01,1,43,https://lbb.in/all/best-suspense-thriller-movies/
2671,best india whiskey,22200,54,46,$0,1,17,https://lbb.in/bangalore/best-indian-whisky-brands/
2672,art in gallery,22200,50,46,$1.62,4,55,https://lbb.in/delhi/best-art-galleries-delhi-ncr/
2673,art cafe,22200,30,48,$0,3,25,https://lbb.in/kolkata/art-cafe-kalighat/
2674,amrutha castle hyderabad,22200,50,46,$0.23,27,20,https://lbb.in/hyderabad/amrutha-castle-hyderabad/
2675,venues with live music near me,22200,6,3596,$0.09,2,19,https://lbb.in/chennai/live-music-nights/
2676,uniqlo connaught place delhi,14800,31,46,$0.29,13,23,https://lbb.in/places/Uniqlo-connaught-place-f88648/
2677,the 13th floor,22200,9,750,$0,11,23,https://lbb.in/bangalore/13-floor-bar-view-pan-asian-lounge/
2678,statue of god shiva,22200,42,46,$0.10,34,27,https://lbb.in/bangalore/adiyogi-shiva-statue-is-a-4d41b0/
2679,spice court jaipur,14800,23,59,$0,4,19,https://lbb.in/delhi/spice-court-jaipur-dzurt-opens-in-delhi/
2680,shahpur jat market,18100,10,437,$0,2,19,https://lbb.in/delhi/21-best-stores-shahpur-jat-wedding-shopping/
2681,restaurants on mg road bangalore,22200,19,124,$0.20,6,13,https://lbb.in/bangalore/budget-restaurants-mg-road/
2682,mukesh mills,12100,15,202,$1.57,2,25,https://lbb.in/mumbai/mukesh-mills-616dda/
2683,men's formal shirt pant,390,39,46,$0.03,96,32,https://lbb.in/delhi/formal-pant-shirt-combination/
2684,library near me for self study,22200,10,750,$0.15,2,31,https://lbb.in/delhi/public-libraries-in-delhi-membership/
2685,laundry service,27100,17,166,$0.25,6,47,https://lbb.in/mumbai/laundry-services-in-mumbai/
2686,korean restaurant,22200,20,113,$0.11,3,25,https://lbb.in/delhi/best-korean-restaurants-delhi/
2687,kolkata birla mandir,22200,30,48,$0.03,2,24,https://lbb.in/kolkata/birla-mandir-kolkata/
2688,jamming goat 3.0,22200,15,250,$0.09,5,22,https://lbb.in/bangalore/jamming-goat-30-indiranagar/
2689,indian mithais,22200,30,46,$0.08,6,33,https://lbb.in/all/artisanal-sweets/
2690,haircut near me man,27100,13,333,$0.13,28,19,https://lbb.in/hyderabad/mens-salon-hyderabad/
2691,gokul chat,22200,12,568,$0,7,27,https://lbb.in/hyderabad/gokul-chat-hyderabad/
2692,goa kenilworth,22200,58,46,$0.24,43,28,https://lbb.in/goa/kenilworth-resort-spa-e4537d/
2693,cafe in pune koregaon park,22200,20,166,$0,7,14,https://lbb.in/pune/best-koregaon-park-pune-restaurants/
2694,bombay store,27100,16,333,$0.13,41,39,https://lbb.in/mumbai/the-bombay-store-lower-parel-3651c8/
2695,blr brewing co kanakapura road,22200,28,48,$0.14,5,22,https://lbb.in/bangalore/whattay-place-to-hangout-on-e4ffe0/
2696,best restaurants in kolkata india,22200,34,46,$0.19,6,13,https://lbb.in/kolkata/10-restaurants-you-must-visit-in-kolkata/
2697,bakery classes near me,22200,13,333,$0.35,27,20,https://lbb.in/mumbai/baking-and-cooking-classes-in-mumbai/
2698,art gallery,27100,83,46,$0.39,3,27,https://lbb.in/delhi/best-art-galleries-delhi-ncr/
2699,air conditioning unit for rent,22200,24,59,$0.16,28,23,https://lbb.in/hyderabad/ac-rentals-in-hyderabad/
2700,della adventure lonavala,22200,39,46,$0.18,36,44,https://lbb.in/mumbai/della-resorts-lonavala-649641/
2701,delhi night club,22200,63,46,$0.05,6,24,https://lbb.in/delhi/best-nightclubs-delhi/
2702,cycle track,22200,27,59,$0.05,9,36,https://lbb.in/mumbai/cycling-routes-mumbai/
2703,cubbon park bangalore,12100,31,46,$0.08,4,40,https://lbb.in/bangalore/cubbon-park-greenery/
2704,swimming near me,22200,11,568,$0.18,8,22,https://lbb.in/delhi/swimming-pools-noida/
2705,swim lessons,14800,32,46,$0.20,1,54,https://lbb.in/delhi/swimming-classes-in-delhi/
2706,science park,22200,35,46,$0,3,25,https://lbb.in/pune/pimpri-chinchwad-science-park/
2707,restaurants in jubilee hills hyderabad,22200,17,130,$0.03,5,25,https://lbb.in/hyderabad/what-to-eat-jubilee-hills/
2708,triveni terrace cafe delhi,22200,10,568,$0.09,1,26,https://lbb.in/delhi/triveni-terrace-cafe-will-become-your-go-to-place-this-winter/
2709,the kitchenette,14800,16,250,$0.18,4,29,https://lbb.in/kolkata/kitchenette-cooking-studio-rawdon-street/
2710,the fine art society,22200,49,46,$0.06,5,20,https://lbb.in/mumbai/fine-arts-society-chembur/
2711,srk house mannat,12100,8,2160,$0,1,22,https://lbb.in/mumbai/mannat-bandra/
2712,long lasting fragrance men,22200,49,46,$0.09,100,18,https://lbb.in/all/perfumes-for-men-buy-online/
2713,live music venues near me,14800,20,166,$0,1,10,https://lbb.in/hyderabad/best-live-performances-hyderabad/
2714,kolkata book,18100,24,53,$0.54,1,25,https://lbb.in/kolkata/unique-bookstores-in-kolkata/
2715,kalakshetra,22200,41,46,$0,2,38,https://lbb.in/chennai/kalakshetra-foundation-performing-arts-institute-thiruvanmiyur-chennai/
2716,indian islamic cultural centre delhi,22200,23,73,$0.17,3,17,https://lbb.in/delhi/india-islamic-centre-e6bda5/
2717,hyderabad cafes,22200,24,73,$0.04,6,26,https://lbb.in/hyderabad/post/cafes/
2718,hyderabad cafe,22200,21,113,$0,1,25,https://lbb.in/hyderabad/best-cafes-hyderabad/
2719,hotel peninsula grand,22200,31,46,$0.17,21,26,https://lbb.in/mumbai/peninsula-peninshula-grand-hotel-1046fb/
2720,high spirits cafe pune maharashtra,22200,31,46,$0.14,3,22,https://lbb.in/pune/high-spirits-cafe-ba5a79/
2721,east patel nagar delhi,22200,55,46,$0.20,3,20,https://lbb.in/delhi/east-patel-nagar-674e8f/
2722,pune india shopping malls,22200,44,46,$0.07,4,34,https://lbb.in/pune/best-malls-pune/
2723,novotel goa resort and spa candolim,22200,53,46,$0.18,33,21,https://lbb.in/goa/novotel-goa-resort-spa-8b3018/
2724,national library of india kolkata,22200,37,46,$0.01,1,20,https://lbb.in/kolkata/national-library-kolkata/
2725,national library calcutta,22200,35,46,$0.01,1,22,https://lbb.in/kolkata/national-library-kolkata/
2726,moisturizer combo skin,22200,54,46,$0.07,100,18,https://lbb.in/delhi/moisturisers-for-combination-skin/
2727,best mattress in india,22200,60,46,$0.52,100,42,https://lbb.in/all/best-indian-mattress-brands/
2728,best bollywood movies romantic,22200,37,46,$0.29,1,31,https://lbb.in/all/top-bollywood-rom-coms/
2729,ajc bose botanical garden,22200,25,59,$0.16,3,24,https://lbb.in/kolkata/acharya-jagadish-chandra-bose-indian-botanical-garden-34d458/
2730,cuero,22200,8,750,$0.04,11,40,https://lbb.in/pune/cuero-a91fee/
2731,craft shop near me,22200,21,113,$0.04,8,20,https://lbb.in/delhi/stationery-stores-delhi-office-supplies-croquis-clay-ink-paper/
2732,chennai fort,18100,52,46,$0,1,24,https://lbb.in/chennai/fort-st-george-rajaji-salai-chennai/
2733,camping in rishikesh,27100,64,46,$0.15,41,34,https://lbb.in/all/best-camping-places-in-rishikesh/
2734,camera rental near me,22200,62,46,$0.28,47,26,https://lbb.in/mumbai/photographers-recommend-camera-rentals/
2735,cafe 145 bandra,18100,10,750,$0.18,3,25,https://lbb.in/mumbai/145-bandra-after-kalaghoda/
2736,blue nile restaurant,18100,26,48,$0,4,20,https://lbb.in/pune/blue-nile-bund-garden/
2737,best laundry machine,18100,62,46,$0.08,99,64,https://lbb.in/all/best-washing-machines/
2738,volley ball ground,22200,46,46,$0.11,1,24,https://lbb.in/bangalore/volleyball-courts-bangalore/
2739,types of guy pants,22200,71,46,$0.02,96,23,https://lbb.in/hyderabad/types-of-pants-for-men/
2740,top face washes for dry skin,22200,74,46,$0.06,100,36,https://lbb.in/delhi/face-wash-for-dry-skin/
2741,zoey,12100,23,95,$1.07,1,51,https://lbb.in/delhi/zoey-baby-bedding-toys/
2742,grt jewellers coats road t nagar,22200,19,95,$0.25,9,18,https://lbb.in/places/GRT-Jewellers-tnagar-2ff1d3/
2743,good romantic bollywood movies,22200,41,46,$0,1,32,https://lbb.in/all/top-bollywood-rom-coms/
2744,factory outlet,22200,8,1462,$0.09,4,26,https://lbb.in/pune/best-factory-outlets-in-pune/
2745,ecr speedway chennai,12100,12,568,$0.11,9,20,https://lbb.in/chennai/gokarting-at-ecr-speedway-2de19d/
2746,st andrews auditorium bandra west,22200,7,750,$0.19,6,16,https://lbb.in/mumbai/st-andrews-auditorium-bandra-5128fb/
2747,shopping malls in pune city,22200,19,202,$0.03,8,27,https://lbb.in/pune/best-malls-pune/
2748,shahpur jat market delhi,22200,5,1462,$0,6,13,https://lbb.in/delhi/21-best-stores-shahpur-jat-wedding-shopping/
2749,maheshwari chaat,18100,16,333,$0.18,6,22,https://lbb.in/hyderabad/maheshwari-chaat-sanath-nagar-1af4a3/
2750,keri beach,9900,35,46,$0.07,3,29,https://lbb.in/goa/wanderlust-head-keri-beach-peace-quiet/
2751,jollygunj jp nagar,22200,24,73,$0.16,4,22,https://lbb.in/bangalore/jollygunj-jp-nagar-bar/
2752,irani cafe mahim,14800,24,73,$0.26,7,23,https://lbb.in/mumbai/akuri-chicken-cutlet-cafe-irani-chaii-pocket-friendly-grub-mahim/
2753,restaurants in pune city,22200,23,59,$0.08,8,24,https://lbb.in/pune/iconic-restaurants-in-pune/
2754,restaurants in jubilee hills,22200,19,113,$0.22,7,14,https://lbb.in/hyderabad/what-to-eat-jubilee-hills/
2755,pune city mall,22200,33,46,$0.03,7,31,https://lbb.in/pune/best-malls-pune/
2756,pacific mall delhi subhash nagar,22200,17,113,$0.06,9,21,https://lbb.in/delhi/things-to-do-pacific-mall/
2757,national library of kolkata,22200,38,46,$0.01,1,34,https://lbb.in/kolkata/national-library-kolkata/
2758,nandan theatre,22200,15,124,$0.14,1,23,https://lbb.in/kolkata/nandan-theatre-maidan/
2759,della adventure park lonavala,22200,38,46,$0.27,49,39,https://lbb.in/mumbai/della-adventure-resort-lonavala-b52185/
2760,conditioner best,22200,39,46,$0.07,98,32,https://lbb.in/all/best-hair-conditioner/
2761,coffee shop hyderabad,22200,21,95,$0.04,6,24,https://lbb.in/hyderabad/best-cafes-hyderabad/
2762,clubbing,22200,48,46,$0,1,37,https://lbb.in/bangalore/best-places-to-go-clubbing-in-bangalore/
2763,chaitanya food court kukatpally,14800,21,113,$0.19,3,19,https://go.lbb.in/pVonEeulTXb
2764,butterfly beach goa,22200,44,46,$0.29,1,20,https://lbb.in/goa/butterfly-beach-7bed90/
2765,bombay canteen,22200,31,46,$0.20,2,25,https://lbb.in/mumbai/talaiva-for-desi-khana-9462bb/
2766,birla mandir kolkata,22200,20,124,$0,1,20,https://lbb.in/kolkata/birla-mandir-kolkata/
2767,best romantic movies bollywood,22200,44,46,$0,1,11,https://lbb.in/all/top-bollywood-rom-coms/
2768,best romantic movie bollywood,22200,40,46,$0.29,1,32,https://lbb.in/all/top-bollywood-rom-coms/
2769,best romance movies hindi,22200,42,46,$0.12,1,47,https://lbb.in/all/top-bollywood-rom-coms/
2770,best perfume fragrance,22200,41,46,$0.06,96,24,https://lbb.in/all/top-perfume-brands/
2771,best bollywood romantic films,22200,41,46,$0.04,1,29,https://lbb.in/all/top-bollywood-rom-coms/
2772,baking lessons near me,22200,12,250,$0.55,31,20,https://lbb.in/mumbai/baking-and-cooking-classes-in-mumbai/
2773,workout classes,2400,17,164,$0.55,1,18,https://lbb.in/hyderabad/workout-studios-hyderabad/
2774,victory theatre,14800,6,1192,$0,3,23,https://lbb.in/pune/victory-theatre-camp-pune/
2775,top dating apps in india,18100,49,38,$0.82,46,28,https://lbb.in/bangalore/dating-apps-to-download/
2776,toner for oily skin,18100,57,38,$0.08,99,40,https://lbb.in/delhi/best-toners-for-oily-skin/
2777,thrift,18100,20,92,$2.43,1,36,https://lbb.in/delhi/thrift-stores-in-delhi/
2778,sunder nagri delhi,18100,78,38,$0.10,4,18,https://lbb.in/delhi/sunder-nagar-hood-guide/
2779,spanish cafe kolkata,12100,25,48,$0.08,3,27,https://lbb.in/kolkata/for-the-love-of-pizzas-and-murals-rajs-spanish-cafe-waits-for-you-kolkata-peeps-cc9692/
2780,ubereats,6600,12,164,$0.61,1,32,https://lbb.in/chennai/chennai-ubereats/
2781,volunteer opportunities,4400,64,38,$26.60,1,72,https://lbb.in/pune/volunteer-organisations-pune/
2782,places to see in dubai,22200,59,38,$0.35,32,39,https://lbb.in/all/places-to-see-in-dubai/
2783,patel nagar new delhi delhi,18100,45,38,$0.14,3,19,https://lbb.in/delhi/locality/east-patel-nagar-delhi/
2784,pakistani all drama list,18100,31,38,$0,1,44,https://lbb.in/all/best-pakistani-drama-series/
2785,nearest tennis court to me,18100,8,611,$0.10,3,16,https://lbb.in/pune/tennis-court-pune/
2786,spa hyderabad,18100,52,38,$0.37,45,37,https://lbb.in/hyderabad/best-spas-hyderabad/
2787,shivaji nagar pune,18100,56,38,$0.42,1,21,https://lbb.in/pune/locality/shivajinagar-pune/
2788,santa cruz basilica fort kochi,18100,62,38,$0.05,9,37,https://lbb.in/bangalore/soak-in-the-history-at-672c40/
2789,rnr biryani jayanagar,18100,12,463,$0.44,5,18,https://lbb.in/bangalore/rnr-donne-biryani-jayanagar/
2790,modern quests,14800,15,135,$14.50,100,53,https://lbb.in/delhi/modern-quests-online-gifting/
2791,mecca masjid mosque,18100,68,38,$0.16,1,44,https://lbb.in/hyderabad/mecca-masjid/
2792,ladies tailor,18100,9,1192,$0.24,1,24,https://lbb.in/kolkata/popular-ladies-tailors-kolkata/
2793,koramangala food street,18100,8,1192,$0,12,22,https://lbb.in/bangalore/take-food-walk-koramangala/
2794,jindal nature care,18100,8,463,$0.34,12,22,https://lbb.in/delhi/jindal-naturecare-institution-bangalore-e5a801/
2795,nearest farmers market to me,18100,8,1192,$0,1,32,https://lbb.in/pune/farmer-market-pune/
2796,near bangalore resort,27100,20,77,$0.22,94,34,https://lbb.in/bangalore/resorts-near-bangalore-within-50-kilometres/
2797,bike rental in delhi ncr,18100,25,43,$0.08,42,31,https://lbb.in/delhi/bikes-rent-delhi/
2798,bike rental delhi,18100,26,41,$0.05,45,32,https://lbb.in/delhi/bikes-rent-delhi/
2799,best skin care products,18100,24,48,$0.16,95,36,https://lbb.in/all/best-skincare-brands/
2800,best headphones sound cancelling,18100,62,38,$0.07,60,56,https://lbb.in/delhi/noise-cancelling-headphones-buy-online/
2801,best brand watch for ladies,18100,10,356,$0.05,100,53,https://lbb.in/all/best-watch-brands-for-women/
2802,best beer in the india,18100,31,38,$0,1,10,https://lbb.in/bangalore/homegrown-indian-beer-brands-you-need-to-try/
2803,7 star rating hotels in india,22200,51,38,$0.34,7,21,https://lbb.in/delhi/7-star-hotels-in-delhi/
2804,haiku the asian kitchen,18100,44,38,$0.21,5,12,https://lbb.in/hyderabad/haiku-banjara-hills/
2805,go karting in pune,18100,18,135,$0.36,1,11,https://lbb.in/pune/go-karting-places-in-pune/
2806,garage and yard sales,18100,29,38,$0,1,31,https://lbb.in/bangalore/great-indian-garage-sale/
2807,formal pants shirt combination,18100,18,106,$0.06,32,20,https://lbb.in/delhi/formal-pant-shirt-combination/
2808,facial toners for oily skin,18100,36,38,$0.05,99,25,https://lbb.in/delhi/best-toners-for-oily-skin/
2809,f c road pune,14800,10,611,$0.12,1,27,https://lbb.in/pune/FC-road-pune-hood-guide/
2810,earth cafe juhu,14800,19,106,$0.10,3,22,https://lbb.in/mumbai/earth-cafe-waterfield-052ed7/
2811,double road,18100,11,463,$0.13,4,41,https://lbb.in/bangalore/double-road-flyover-78ed94/
2812,complex near me,14800,15,164,$0.47,1,18,https://lbb.in/delhi/get-dose-everything-sports-complexes-around-delhi/
2813,community service,18100,62,38,$1.50,1,46,https://lbb.in/bangalore/ngos-to-volunteer-bangalore/
2814,coles park,18100,8,1761,$0.04,4,20,https://lbb.in/bangalore/coles-park-25bdf7/
2815,civil lines wala,18100,29,38,$0.11,4,26,https://lbb.in/places/Civil-Lines-Wala-gurgaon-252399/
2816,chennai weather by weatherman,18100,15,164,$0,1,37,https://lbb.in/chennai/tamil-nadu-weather-man-chennai/
2817,cafe hyd,14800,9,356,$0.04,6,25,https://lbb.in/hyderabad/best-cafes-hyderabad/
2818,cafe de piccolo,18100,29,39,$0,3,19,https://lbb.in/places/Cafe-De-Piccolo-dehradun-56e627/
2819,bicycle on rent delhi,18100,4,1192,$0.04,41,23,https://lbb.in/delhi/bikes-rent-delhi/
2820,best lipstick companies,18100,21,77,$0.07,99,15,https://lbb.in/all/organic-lipstick-brands/
2821,water theme park pune,22200,36,38,$0.06,15,29,https://lbb.in/pune/water-parks-near-pune/
2822,wines white,18100,27,43,$0,1,35,https://lbb.in/all/best-white-wine/
2823,women's best watch brands,390,19,92,$0.04,99,43,https://lbb.in/all/best-watch-brands-for-women/
2824,unisex unisex,18100,79,38,$0.15,1,31,https://lbb.in/delhi/unisex-clothing-brands-online/
2825,the gt road restaurant,18100,19,101,$0.21,3,22,https://lbb.in/delhi/gt-road-cp/
2826,thai food delivery,12100,9,611,$0.33,1,47,https://lbb.in/mumbai/order-thai-cuisine-online-in-mumbai/
2827,sugar free ice cream,14800,79,38,$0.17,95,38,https://lbb.in/delhi/now-enjoy-ice-creams-guilt-31b877/
2828,shirt pants color combinations,18100,19,101,$0.03,24,25,https://lbb.in/delhi/formal-pant-shirt-combination/
2829,shyam bazar,18100,16,204,$0.20,2,20,https://lbb.in/kolkata/shopping-guide-at-shyambazar-kolkata/
2830,romantic funny films,27100,49,38,$0.06,1,66,https://lbb.in/all/top-bollywood-rom-coms/
2831,pritam da dhaba dadar east,18100,28,38,$0.53,3,19,https://lbb.in/places/Pritam-Da-Dhaba-dadar-18a69e/
2832,pratap the dhaba,12100,8,848,$0.26,8,22,https://lbb.in/mumbai/GNHoTiq/
2833,places to visit in dubai,27100,61,38,$0.30,68,34,https://lbb.in/all/places-to-see-in-dubai/
2834,nehru place delhi market,18100,33,38,$0.05,1,18,https://lbb.in/delhi/nehru-place-674e99/
2835,men's fragrances,18100,33,38,$0.08,5,26,https://lbb.in/all/perfumes-for-men-buy-online/
2836,matcha powder,18100,13,271,$0.14,96,28,https://lbb.in/all/best-matcha-powder/
2837,lokhandwala,22200,16,164,$0.27,3,31,https://lbb.in/mumbai/open-market-kamdhenu-lokhandwala?ref=lbbpost
2838,lemon tree manesar,18100,46,38,$0.07,28,27,https://lbb.in/delhi/lemon-tree-hotel-tarudhan-valley-manesar/
2839,korean movies best,18100,32,38,$0.01,1,64,https://lbb.in/all/best-korean-movies/
2840,kolkata fort william,18100,47,38,$0.14,1,25,https://lbb.in/kolkata/fort-william-kolkata/
2841,kipling cafe in chennai,22200,18,101,$0.05,1,23,https://lbb.in/chennai/kipling-caf-77c893/
2842,kalyan nagar bengaluru karnataka,18100,55,38,$0.21,5,22,https://lbb.in/bangalore/locality/kalyan-nagar-bangalore/
2843,jog falls in shimoga,18100,21,101,$0,1,10,https://lbb.in/bangalore/jog-falls-waterfalls-shimoga/
2844,jayanagar market bangalore,12100,9,611,$0.16,2,23,https://lbb.in/bangalore/jayanagars-shopping-complex/
2845,jamun goa,18100,21,101,$0,4,25,https://lbb.in/goa/jamun-north-indian-goan-fine-dine/
2846,inner circle ground whitefield,12100,43,38,$0.12,9,32,https://lbb.in/places/Inner-Circle-Park-whitefield-32955a/
2847,infantry road bangalore,18100,104,38,$0.19,5,21,https://lbb.in/bangalore/shivaji-nagar-infantry-road-oph-01498b/
2848,cycle rent mumbai,18100,16,135,$0.03,35,29,https://lbb.in/mumbai/cycle-on-rent-mumbai/
2849,cycle on rent in mumbai,18100,17,135,$0.03,33,20,https://lbb.in/mumbai/cycle-on-rent-mumbai/
2850,connemara public library madras,18100,34,38,$0.15,3,33,https://lbb.in/chennai/connemara-public-library-egmore-chennai/
2851,chocolate names,18100,27,43,$0.16,1,24,https://lbb.in/all/types-of-chocolate/
2852,chocolate laboratory chennai,14800,13,356,$0.17,4,21,https://lbb.in/chennai/sandys-chocolate-laboratory-chennai/
2853,chandni chowk kinari bazar,18100,6,1761,$0,2,11,https://lbb.in/delhi/Kinari-bazaar-chandni-chowk/
2854,cha bar,14800,30,38,$0,7,25,https://lbb.in/delhi/did-you-hear-cha-bar-30d4fe/
2855,house of boho,12100,104,38,$0,2,17,https://lbb.in/delhi/head-to-this-boho-cafe-ff7ac8/
2856,gujrals,18100,20,101,$0,1,25,https://lbb.in/delhi/bharat-gujral-974f09/
2857,gujarat bhawan,18100,10,271,$0,4,25,https://lbb.in/delhi/gujarat-bhawan-657b2b/
2858,good skin product,18100,18,135,$0.16,96,41,https://lbb.in/all/best-skincare-brands/
2859,good shoe for running,18100,69,38,$0.03,94,44,https://lbb.in/all/top-running-shoes-men/
2860,good face product,18100,13,271,$0.16,96,42,https://lbb.in/all/best-skincare-brands/
2861,fragrance brands men,18100,49,38,$0.08,98,34,https://lbb.in/all/perfumes-for-men-buy-online/
2862,five star hotels in bangalore,18100,64,38,$0.48,97,38,https://lbb.in/bangalore/best-five-star-hotels-in-bangalore/
2863,farmers market close to me,18100,6,2932,$0,1,19,https://lbb.in/mumbai/farmer-markets-in-mumbai/
2864,bkc dive mumbai,18100,18,106,$0.22,2,23,https://lbb.in/mumbai/drink-eat-for-inr-49-till-april-30-at-the-newly-opened-bar-bkc-dive/
2865,best korean movies,22200,28,38,$0,1,19,https://lbb.in/delhi/best-korean-movies/
2866,bangalore hill stations nearby,18100,39,38,$0.31,5,17,https://lbb.in/bangalore/hill-stations-near-bangalore/
2867,the fisherman's wharf hyderabad,12100,42,38,$0.18,5,18,https://lbb.in/places/The-Fishermans-Wharf-hyderabad-9ef443/
2868,thai food for delivery,18100,11,463,$0.01,1,22,https://lbb.in/mumbai/order-thai-cuisine-online-in-mumbai/
2869,t d i mall,18100,16,164,$0.16,3,19,https://lbb.in/delhi/tdi-mall-66d048/
2870,sun ray village resort,18100,51,38,$0.15,33,21,https://lbb.in/hyderabad/sunray-village-resort-vizag/
2871,spf lip moisturizer,18100,60,38,$0.04,100,25,https://lbb.in/delhi/Best-spf-lip-balms-to-buy-online/
2872,sony signal koramangala,9900,9,463,$0.08,7,19,https://lbb.in/bangalore/things-to-do-sony-world-junction-koramangala/
2873,smash guys burger kitchen indiranagar,22200,18,101,$0.15,6,20,https://lbb.in/bangalore/smash-guys-indiranagar-burgers/
2874,shirt and pant colour combination,18100,19,135,$0.02,53,15,https://lbb.in/delhi/formal-pant-shirt-combination/
2875,saree shop,22200,12,356,$0.27,23,31,https://lbb.in/bangalore/saree-shops-in-bangalore/
2876,santa cruz basilica church,12100,30,39,$0.04,9,20,https://lbb.in/bangalore/soak-in-the-history-at-672c40/
2877,romance comedy movies,9900,28,38,$0,1,15,https://lbb.in/all/top-bollywood-rom-coms/
2878,raj spanish cafe,12100,25,59,$0.08,3,25,https://lbb.in/kolkata/for-the-love-of-pizzas-and-murals-rajs-spanish-cafe-waits-for-you-kolkata-peeps-cc9692/
2879,prism club & kitchen,22200,40,38,$0,5,13,https://go.lbb.in/FWB8XvDNJ2b
2880,perfume for men branded,320,55,38,$0.06,99,23,https://lbb.in/all/perfumes-for-men-buy-online/
2881,nipha winery,18100,21,101,$0.02,1,31,https://lbb.in/places/Nipha-Winery-2f378e/
2882,nehru place market delhi,18100,28,41,$0.05,1,22,https://lbb.in/delhi/nehru-place-674e99/
2883,mumbai alibaug ferry,12100,26,38,$0.10,19,22,https://lbb.in/mumbai/car-ferry-service-mumbai-alibaug/
2884,mother's wax museum,18100,26,77,$0,5,20,https://lbb.in/kolkata/mothers-wax-museum-b571ec/
2885,marina lighthouse chennai,9900,17,164,$0.16,4,19,https://lbb.in/chennai/lighthouse-marina-beach-chennai/
2886,kazé bar & kitchen,18100,18,106,$0.26,5,23,https://lbb.in/bangalore/kaze-rooftop-resto-bar-residency-road/
2887,jodhpur park kolkata,18100,16,135,$0,5,20,https://lbb.in/kolkata/jodhpur-park-1f9579/
2888,italian restaurant restaurant,18100,22,77,$0.08,3,41,https://lbb.in/delhi/best-italian-restaurants-delhi/
2889,india 7 star hotel,27100,19,77,$0.28,30,23,https://lbb.in/delhi/7-star-hotels-in-delhi?ref=lbbpost
2890,hill station near bangalore karnataka,18100,37,38,$0.19,4,20,https://lbb.in/bangalore/hill-stations-near-bangalore/
2891,hi tea,18100,41,38,$0.06,1,17,https://lbb.in/hyderabad/best-high-tea-places-hyderabad/
2892,good watch brands for women,18100,18,106,$0.05,100,29,https://lbb.in/all/best-watch-brands-for-women/
2893,good skincare line,18100,20,101,$0.16,95,38,https://lbb.in/all/best-skincare-brands/
2894,good skin products,18100,14,204,$0.15,94,62,https://lbb.in/all/best-skincare-brands/
2895,garden in powai,18100,5,1761,$0.08,3,21,https://lbb.in/mumbai/stop-for-a-second-and-admire-the-slowness-of-life-at-powai-gardens/
2896,delhi club house,18100,11,356,$0.07,3,29,https://lbb.in/delhi/kick-it-old-school-at-the-delhi-club-house/
2897,big pitcher sarjapur,8100,25,48,$0.06,8,24,https://lbb.in/bangalore/best-barbeque-buffet-in-sarjapur-2ee29a/
2898,best noise cancelling headphones,18100,65,38,$0.07,60,39,https://lbb.in/delhi/noise-cancelling-headphones-buy-online/
2899,bandra linking road mumbai,14800,15,204,$0.13,2,23,https://lbb.in/mumbai/linking-road/
2900,bandra link road mumbai,18100,22,59,$0.12,1,20,https://lbb.in/mumbai/linking-road/
2901,anand sagar resort & water park,18100,19,106,$0.21,2,11,https://lbb.in/mumbai/anand-sagar-water-resort-5ec733/
2902,vada pav of mumbai,18100,29,48,$0.07,1,24,https://lbb.in/mumbai/best-vada-pav-mumbai/
2903,thekkady places to see,18100,23,59,$0.25,11,17,https://lbb.in/all/places-to-visit-in-thekkady/
2904,delivery thai food,12100,9,848,$0.33,1,42,https://lbb.in/mumbai/order-thai-cuisine-online-in-mumbai/
2905,chennai weather weatherman,18100,9,356,$0,1,32,https://lbb.in/chennai/tamil-nadu-weather-man-chennai/
2906,centro mall,18100,30,38,$0,4,25,https://lbb.in/bangalore/shop-at-central-mall-bangalore/
2907,cafe for friends,14800,7,611,$0,1,18,https://lbb.in/delhi/best-cafes-in-cp/
2908,bridesmaid dresses,18100,8,611,$0.18,96,52,https://lbb.in/all/indian-bridesmaid-dresses/
2909,best wrist watch brands for ladies,18100,17,204,$0.05,100,30,https://lbb.in/all/best-watch-brands-for-women/
2910,best brand for ladies wrist watch,18100,15,204,$0.05,99,32,https://lbb.in/all/best-watch-brands-for-women/
2911,pyc gymkhana pune,18100,18,77,$0.10,4,22,https://lbb.in/pune/pyc-gymkhana-c5e847/
2912,personal training,18100,39,38,$0.26,1,18,https://lbb.in/bangalore/bangaloreans-recommend-personal-trainers/
2913,pads in periods,18100,31,39,$0.02,97,33,https://lbb.in/all/types-of-menstrual-pads/
2914,nair mess chepauk,12100,23,77,$0.32,5,28,https://lbb.in/chennai/nair-mess-9daedb/
2915,mixed martial arts near me,18100,15,204,$0.23,11,14,https://lbb.in/mumbai/mma-classes-mumbai/
2916,manesar lemon tree,18100,50,38,$0.19,36,26,https://lbb.in/delhi/lemon-tree-hotel-tarudhan-valley-manesar/
2917,mall of india,22200,19,77,$1.10,2,20,https://lbb.in/delhi/mall-of-india-noida-65aaca/
2918,malaysia tourist places,22200,61,38,$0.11,28,28,https://lbb.in/all/malaysia-tourist-places/
2919,lulu hypermarket bengaluru,27100,8,463,$0.12,5,21,https://lbb.in/bangalore/lulu-hypermarket-rajajinagar-bangalore/
2920,kolkata places to visit,18100,22,59,$0.06,5,12,https://lbb.in/kolkata/tourist-places-in-kolkata/
2921,interior decor bangalore,18100,56,38,$6.31,54,47,https://lbb.in/bangalore/home-decor-stores-bangalore/
2922,wine and beer shop inox eros one complex,14800,2,5502,$0,1,15,https://lbb.in/places/Wine-Beer-Shop-jungpura-562737/
2923,the vortex bar,18100,16,101,$0.01,1,47,https://lbb.in/mumbai/vortex-bandra/
2924,spa in hyderabad,18100,45,38,$0.30,36,37,https://lbb.in/hyderabad/best-spas-hyderabad/
2925,skin toner oily skin,18100,42,38,$0.05,99,22,https://lbb.in/delhi/best-toners-for-oily-skin/
2926,shuttle badminton court near me,18100,13,271,$0.34,5,12,https://lbb.in/chennai/best-badminton-courts-chennai/
2927,running ground near me,18100,31,38,$0.05,1,19,https://lbb.in/mumbai/best-running-spots-mumbai/
2928,restaurants in powai mumbai,18100,13,356,$0.03,4,22,https://lbb.in/mumbai/best-restaurants-in-powai/
2929,restaurants in powai,22200,13,271,$0.35,1,20,https://lbb.in/mumbai/best-restaurants-in-powai/
2930,hair oil best,22200,99,38,$0.29,100,49,https://lbb.in/all/best-hair-oil/
2931,gluten free foods at restaurants,18100,5,1761,$0.37,1,20,https://lbb.in/delhi/coeliacs-healthy-eaters-places-gluten-free-food/
2932,forum rangoli mall,18100,17,101,$0,2,19,https://lbb.in/kolkata/mall/forum-rangoli-mall-kolkata/
2933,foo brigade road,18100,20,92,$0.36,5,22,https://lbb.in/bangalore/foo-brigade-road/
2934,film comedy romance,27100,42,38,$0.06,1,66,https://lbb.in/all/top-bollywood-rom-coms/
2935,fc road pune,14800,10,848,$0,1,18,https://lbb.in/pune/FC-road-pune-hood-guide/
2936,fat fish goa,14800,17,164,$0.23,2,18,https://lbb.in/goa/fat-fish-goa-enormous-fish-thalis-sausage-pulao-bira-tap/
2937,fashion street mumbai,14800,7,848,$0.55,1,18,https://lbb.in/mumbai/our-picks-from-mumbais-iconic-fashion-street/
2938,farmers markets close to me,18100,7,2932,$0,1,19,https://lbb.in/pune/farmer-market-pune/
2939,face toner for oily skin,22200,46,38,$0.11,99,41,https://lbb.in/delhi/best-toners-for-oily-skin/
2940,face mask for glowing skin,18100,53,38,$0.11,98,40,https://lbb.in/delhi/face-masks-for-glowing-skin/
2941,borivali indraprastha shopping centre,18100,22,43,$0.30,4,21,https://lbb.in/mumbai/an-underground-mobile-market-sounds-6c7882/
2942,biryani kolkata,18100,46,38,$0.13,1,19,https://lbb.in/kolkata/best-biryani/
2943,birthday decor stores near me,18100,13,356,$0.13,44,18,https://lbb.in/chennai/best-party-supply-stores-chennai/
2944,bicycle rent delhi,18100,4,1192,$0.05,44,32,https://lbb.in/delhi/bikes-rent-delhi/
2945,best creatine,18100,35,38,$0.16,100,54,https://lbb.in/delhi/best-creatine/
2946,congress bhavan,18100,10,463,$0.20,4,18,https://lbb.in/pune/congress-bhawan-puja-d5d4ec/
2947,comedy clubs near me,18100,10,611,$0.01,1,28,https://lbb.in/mumbai/stand-up-comedy-venues-mumbai/
2948,chor bazar of delhi,18100,13,463,$0.07,1,24,https://lbb.in/delhi/chor-bazaar-delhi-bargains-sunday/
2949,caterer,18100,30,38,$0.35,4,38,https://lbb.in/mumbai/best-caterers-in-mumbai/
2950,cafes hyderabad,22200,23,59,$0,6,26,https://lbb.in/hyderabad/best-cafes-hyderabad/
2951,brands in watches in india,18100,21,92,$0.14,87,71,https://lbb.in/all/best-watch-brands-for-women/
2952,best lipstick brand,22200,19,101,$0.14,100,50,https://lbb.in/all/organic-lipstick-brands/
2953,weather in chennai weatherman,18100,17,101,$0,1,37,https://lbb.in/chennai/tamil-nadu-weather-man-chennai/
2954,sony signal bangalore,14800,7,1192,$0.15,6,21,https://lbb.in/bangalore/things-to-do-sony-world-junction-koramangala/
2955,soda bottle opener wala,22200,23,77,$0,6,13,https://lbb.in/mumbai/the-soda-bottle-opener-wala-0b93f7/
2956,shopping st,12100,12,204,$0,11,25,https://lbb.in/chennai/best-street-shopping-places-in-chennai/
2957,seven star hotel in india,18100,50,38,$0.17,8,13,https://lbb.in/delhi/7-star-hotels-in-delhi/
2958,sandy's chocolate lab,18100,18,101,$0.46,3,19,https://lbb.in/chennai/sandys-chocolate-laboratory-chennai/
2959,restaurants mumbai,18100,37,38,$0.29,7,26,https://lbb.in/mumbai/best-restaurants-mumbai/
2960,restaurants in koregaon park,18100,24,48,$0.11,6,12,https://lbb.in/pune/6-restaurants-koregaon-park-must-check/
2961,restaurants in kammanahalli,18100,23,59,$0.05,11,22,https://lbb.in/bangalore/food-restaurants-in-kammanahalli/
2962,udupi sri krishna bhavan bangalore,9900,15,164,$0.45,6,21,https://lbb.in/bangalore/udupi-sri-krishna-bhavan-84095a/
2963,trampoline park mumbai,18100,14,271,$0.04,18,24,https://lbb.in/mumbai/trampoline-parks-mumbai/
2964,the gt road,14800,20,92,$0.40,8,47,https://lbb.in/delhi/gt-road-cp/
2965,mumbai mall shopping,18100,20,101,$0.03,17,32,https://lbb.in/mumbai/shopping-brands-atria-mall-worli/
2966,momos point kamla nagar,14800,59,38,$0,2,10,https://lbb.in/delhi/the-best-momos-in-town-9c1257/
2967,light house in chennai,18100,29,41,$0.10,4,18,https://lbb.in/chennai/lighthouse-marina-beach-chennai/
2968,kolkata visiting places,22200,19,101,$0.07,4,21,https://lbb.in/kolkata/tourist-places-in-kolkata/
2969,fc road in pune,14800,9,1192,$0.40,2,16,https://lbb.in/pune/FC-road-pune-hood-guide/
2970,fashion street market mumbai,18100,15,204,$1.05,4,24,https://lbb.in/mumbai/street-shopping-in-mumbai/
2971,eco urban village,14800,14,271,$0.13,3,19,https://lbb.in/kolkata/eco-urban-village-7a27cf/
2972,durga puja photos,22200,23,43,$0,1,19,https://lbb.in/delhi/pandal-hopping-gurgaon/
2973,dresses and bridesmaid,18100,8,611,$0.03,97,25,https://lbb.in/all/indian-bridesmaid-dresses/
2974,dlf phase 4,18100,40,38,$0.15,6,20,https://lbb.in/delhi/locality/dlf-phase-4-gurgaon?utm_campaign=shareFromApp&utm_medium=shareProduct
2975,comedy club near me,18100,10,611,$0.01,1,40,https://lbb.in/mumbai/stand-up-comedy-venues-mumbai/
2976,karnataka food centre,18100,21,92,$0.09,2,22,https://lbb.in/delhi/karnataka-food-centre-rk-puram/
2977,hotel royal orchid central pune,18100,59,38,$0.24,37,22,https://lbb.in/pune/royal-orchid-pune/
2978,gurugram restaurant,18100,43,38,$0.24,9,26,https://lbb.in/delhi/best-restaurants-gurgaon/
2979,bike rent in delhi,18100,20,77,$0.04,43,23,https://lbb.in/delhi/bikes-rent-delhi/
2980,best bakery,14800,13,463,$0.28,2,55,https://lbb.in/delhi/delhi-gurgaons-best-bakeries/
2981,beatles cafe cafe delmar,18100,51,38,$0.07,2,22,https://lbb.in/delhi/this-cafe-dedicated-to-the-4554e4/
2982,bastian bangalore,18100,28,43,$0.24,1,24,https://lbb.in/bangalore/bastian-garden-city-bangalore/
2983,amethyst chennai,18100,25,59,$0.93,1,23,https://lbb.in/chennai/amethyst-5d7c8e/
2984,5 star hotels in bangalore india,18100,61,38,$0.60,89,41,https://lbb.in/bangalore/best-five-star-hotels-in-bangalore/
2985,bicycle on rent in goa,18100,21,77,$0.04,13,14,https://lbb.in/goa/rent-a-cycle-cyclingzens-goa/
2986,best pizza near me,14800,13,271,$0.25,9,12,https://lbb.in/delhi/best-pizzas-delhi-gurgaon-pepperoni-thin-crust-wood-fire/
2987,william fort,22200,43,38,$0,1,24,https://lbb.in/kolkata/fort-william-kolkata/
2988,variety of sarees,18100,55,38,$0.02,31,13,https://lbb.in/delhi/types-of-sarees/
2989,us cinemas,12100,20,92,$0.28,5,26,https://lbb.in/places/U-S-Cinemas-indirapuram-7c4c78/
2990,saree types,18100,56,38,$0.07,24,31,https://lbb.in/delhi/types-of-sarees/
2991,romantic and comedy movies,27100,28,39,$0.06,1,62,https://lbb.in/all/top-bollywood-rom-coms/
2992,resorts close to bangalore,18100,27,43,$0.20,95,29,https://lbb.in/bangalore/resorts-near-bangalore-within-50-kilometres/
2993,raj spanish cafe kolkata,12100,27,48,$0.08,3,21,https://lbb.in/kolkata/for-the-love-of-pizzas-and-murals-rajs-spanish-cafe-waits-for-you-kolkata-peeps-cc9692/
2994,probiotic pills,18100,29,38,$0.34,97,53,https://lbb.in/delhi/probiotic-supplements-for-gut/
2995,oil free moisturizer,18100,51,38,$0.11,98,48,https://lbb.in/delhi/3orlesschallenge-3-oilfree-moisturiser-good-275bfa/
2996,names of beers,18100,60,38,$0,1,38,https://lbb.in/bangalore/homegrown-indian-beer-brands-you-need-to-try/
2997,museum at bangalore,18100,35,38,$0.52,2,32,https://lbb.in/bangalore/museums-in-bangalore/
2998,march tee,14800,19,101,$0.01,93,50,https://lbb.in/bangalore/march-tee-cotton-supima-t-shirts/
2999,lip moisturizer spf,18100,30,38,$0.04,99,22,https://lbb.in/delhi/Best-spf-lip-balms-to-buy-online/
3000,farm market close to me,18100,6,2932,$0,1,19,https://lbb.in/pune/farmer-market-pune/
3001,gopi nath market,18100,20,101,$0,1,19,https://lbb.in/delhi/sadar-bazaar-dilli-cantt/
3002,gopi nath bazar,9900,35,38,$0.08,4,19,https://lbb.in/delhi/sadar-bazaar-delhi-cant-c86299/
3003,go karting mumbai,12100,23,59,$0.06,8,12,https://lbb.in/mumbai/learn-go-karting/
3004,lemon tree hotel manesar,18100,40,38,$0.13,16,21,https://lbb.in/delhi/lemon-tree-hotel-tarudhan-valley-manesar/
3005,korean movies good,18100,24,48,$0.03,1,35,https://lbb.in/all/best-korean-movies/
3006,jojoba oil for hair,18100,56,38,$0.16,98,40,https://lbb.in/all/benefits-jojoba-oil-hair/
3007,cafe hyderabad,14800,20,135,$0,7,25,https://lbb.in/hyderabad/best-cafes-hyderabad/
3008,bicycle rental in goa,18100,49,38,$0.05,13,14,https://lbb.in/goa/rent-a-cycle-cyclingzens-goa/
3009,best photoshoot,18100,51,38,$0.47,1,23,https://lbb.in/pune/top-places-for-photoshoot-in-pune/
3010,best coffee shop in delhi,22200,15,204,$0.32,4,13,https://lbb.in/delhi/post/coffee/
3011,best brand for watches,18100,18,101,$0.07,74,38,https://lbb.in/all/best-watch-brands-for-women/
3012,bandra linking road,12100,9,611,$0,2,17,https://lbb.in/mumbai/linking-road/
3013,bandra linking,14800,15,164,$0.14,1,20,https://lbb.in/mumbai/linking-road/
3014,animal shelter for dogs near me,18100,7,1761,$0.72,5,32,https://lbb.in/delhi/animal-shelters-in-delhi/
3015,amethyst cafe,18100,23,77,$0.15,1,23,https://lbb.in/chennai/amethyst-cafe-b4fd2d/
3016,altair capella,18100,23,77,$0.10,3,24,https://lbb.in/kolkata/altair/
3017,customized cake,18100,31,38,$0.24,98,53,https://lbb.in/pune/customised-cakes-in-pune/
3018,chennai marina beach lighthouse,18100,55,38,$0.10,4,21,https://lbb.in/chennai/marina-lighthouse-45a033/
3019,brands in alcohol,18100,28,39,$0,1,40,https://lbb.in/delhi/homegrown-alcohol-brands-india/
3020,things to do weekend,18100,17,106,$0.22,1,20,https://lbb.in/delhi/long-weekend-staying-in-guide/
3021,thai kitchen delivery,18100,19,77,$0.01,1,21,https://lbb.in/mumbai/order-thai-cuisine-online-in-mumbai/
3022,thai cuisine delivery,12100,14,271,$0.33,1,20,https://lbb.in/mumbai/order-thai-cuisine-online-in-mumbai/
3023,temples in delhi,18100,113,38,$0.04,3,40,https://lbb.in/delhi/best-temples-in-delhi/
3024,shirt and trouser colour combination,18100,15,204,$0.02,42,14,https://lbb.in/delhi/formal-pant-shirt-combination/
3025,seed cycling,22200,66,38,$0.09,1,24,https://lbb.in/all/seed-cycling-women/
3026,malls in mumbai,18100,48,38,$0.05,13,22,https://lbb.in/mumbai/malls-in-mumbai-to-visit/
3027,mallikarjuna theater,18100,13,204,$0.23,1,21,https://lbb.in/hyderabad/mallikarjuna-bhramaramba-616196/
3028,liquor mart,14800,7,1192,$0,1,22,https://lbb.in/bangalore/liquor-mart-dc72d8/
3029,linking road bandra west mumbai maharashtra,14800,16,135,$0.14,1,26,https://lbb.in/mumbai/linking-road/
3030,linking road bandra west mumbai,14800,17,135,$0.14,1,19,https://lbb.in/mumbai/bandra-shopping-spots/
3031,light house chennai,18100,33,38,$0,4,20,https://lbb.in/chennai/lighthouse-marina-beach-chennai/
3032,kolkata visiting place,18100,23,77,$0.06,7,48,https://lbb.in/kolkata/tourist-places-in-kolkata/
3033,khan market khan market rabindra nagar new delhi delhi,22200,34,38,$0.12,1,28,https://lbb.in/delhi/khan-market-hood-guide-shop-eat-drink/
3034,jaipur market place,18100,51,38,$0.08,1,20,https://lbb.in/delhi/jaipur-shopping-guide/
3035,volunteering opportunities,18100,70,38,$10.86,2,37,https://lbb.in/chennai/ngos-to-volunteer-for-in-chennai/
3036,victoria public hall,12100,43,38,$0.09,2,46,https://lbb.in/chennai/victoria-public-hall-07211a/
3037,garage sale,18100,19,92,$0,1,30,https://lbb.in/mumbai/garage-sale-the-local-thrift-mumbai/
3038,gaiety galaxy mumbai,18100,20,59,$0.22,2,21,https://lbb.in/places/Gaiety-Galaxy-bandra-west-84f6f7/
3039,farmers market near to me,18100,7,1761,$0,1,19,https://lbb.in/pune/farmers-markets-in-pune/
3040,family movies in malayalam,14800,53,38,$0,1,28,https://lbb.in/all/best-malayalam-movies/
3041,dress shirt pant color combinations,18100,19,101,$0.02,42,18,https://lbb.in/delhi/formal-pant-shirt-combination/
3042,delhi public library in delhi,18100,6,2932,$0.03,1,25,https://lbb.in/delhi/public-libraries-in-delhi-membership/
3043,death by chocolate,18100,23,77,$0.19,4,20,https://lbb.in/bangalore/death-by-chocolate-corner-9a3a3a/
3044,cuero shoes,18100,12,356,$0.05,88,11,https://lbb.in/pune/cuero-a91fee/
3045,cooking classes,5400,11,848,$0.61,1,35,https://lbb.in/delhi/cooking-baking-classes-delhi/
3046,connemara public library egmore,18100,16,135,$0.09,3,28,https://lbb.in/chennai/connemara-public-library-6f6d74/
3047,comedy romance movies,14800,37,38,$0.15,1,52,https://lbb.in/all/top-bollywood-rom-coms/
3048,places in east delhi,18100,56,38,$0.06,1,22,https://lbb.in/delhi/best-cafes-east-delhi/
3049,japanese food,18100,59,38,$0.23,1,24,https://lbb.in/mumbai/bombays-best-japanese-food/
3050,india best beer,18100,41,38,$0,1,20,https://lbb.in/bangalore/homegrown-indian-beer-brands-you-need-to-try/
3051,haji ali juice centre,18100,11,611,$0,4,12,https://lbb.in/mumbai/amar-juice-centre-ca5578/
3052,gopinath market,14800,8,463,$0,1,20,https://lbb.in/delhi/sadar-bazaar-dilli-cantt/
3053,near me happy hour,18100,5,1192,$0.07,3,20,https://lbb.in/hyderabad/top-happy-hours/
3054,nassaa uth hub besant nagar,9900,11,463,$0.07,7,19,https://lbb.in/chennai/nassaa-uth-entertainment-hub-besant-nagar-chennai/
3055,names of hair,18100,23,77,$0.15,1,30,https://lbb.in/all/types-of-hair-clips/
3056,name of beer,18100,19,101,$0,1,25,https://lbb.in/bangalore/homegrown-indian-beer-brands-you-need-to-try/
3057,centre for sports excellence,9900,12,271,$0.19,5,37,https://lbb.in/bangalore/padukone-dravid-centre-for-sports-excellence/
3058,cafes for friends,18100,13,356,$0.08,1,23,https://lbb.in/delhi/best-cafes-in-cp/
3059,branded perfume for men,18100,53,38,$0.08,100,41,https://lbb.in/all/perfumes-for-men-buy-online/
3060,bike rent delhi,18100,18,101,$0.04,41,31,https://lbb.in/delhi/bikes-rent-delhi/
3061,bike on rent delhi,18100,24,43,$0.04,51,26,https://lbb.in/delhi/bikes-rent-delhi/
3062,bike in taxi,18100,16,164,$0.37,8,34,https://lbb.in/delhi/bike-taxi-services-delhi-ncr/
3063,bicycle rental chennai,18100,38,38,$0.03,36,29,https://lbb.in/chennai/smartbike-bike-rental-app-chennai/
3064,best wrist watch brand for ladies,18100,11,356,$0.05,100,47,https://lbb.in/all/best-watch-brands-for-women/
3065,best women watch brands,18100,15,164,$0.05,100,46,https://lbb.in/all/best-watch-brands-for-women/
3066,best protein supplement in india,18100,19,101,$0.34,100,41,https://lbb.in/all/best-protein-powder/
3067,best k movies,18100,26,43,$0.03,1,42,https://lbb.in/all/best-korean-movies/
3068,best indian beer,18100,31,38,$0,1,18,https://lbb.in/bangalore/homegrown-indian-beer-brands-you-need-to-try/
3069,best anc headphones,14800,63,38,$0.07,77,40,https://lbb.in/delhi/noise-cancelling-headphones-buy-online/
3070,bandstand,18100,49,38,$0,3,37,https://lbb.in/mumbai/bandstand-guide/
3071,b v k iyengar road,18100,7,1192,$0.13,3,22,https://lbb.in/bangalore/budget-light-shops-bangalore/
3072,anand sagar resort & waterpark,18100,16,164,$0.13,2,14,https://lbb.in/mumbai/anand-sagar-water-resort-5ec733/
3073,alley bowling alley,18100,34,38,$0.08,2,19,https://lbb.in/mumbai/bowlings-alleys-mumbai/
3074,soma vine village,14800,17,106,$0.07,30,27,https://lbb.in/mumbai/soma-vine-village-nashik-b0e3ef/
3075,sir puttanna chetty town hall,18100,47,38,$0.10,5,27,https://merchant.lbb.in/merchant/business-details/Town-Hall-bengaluru-8454e3
3076,sakura matcha bar,14800,12,463,$0.22,4,26,https://lbb.in/bangalore/matcha-dessert-drinks/
3077,recommended podcasts,18100,43,38,$0,1,63,https://lbb.in/delhi/best-podcasts-online/
3078,thrifted,18100,22,59,$0.48,1,36,https://lbb.in/bangalore/thrift-stores-in-bangalore/
3079,the vortex restaurant,18100,7,611,$0.01,1,23,https://lbb.in/mumbai/vortex-south-a13cf2/
3080,tennis court near me,18100,17,106,$0.11,3,16,https://lbb.in/mumbai/tennis-courts-mumbai/
3081,wholesale market,22200,46,38,$0.26,1,25,https://lbb.in/pune/wholesale-markets-in-pune/
3082,volunteer work opportunities,18100,14,204,$43.03,1,42,https://lbb.in/bangalore/ngos-to-volunteer-bangalore/
3083,udupi sri krishna bhavan,9900,19,106,$0.45,6,19,https://lbb.in/bangalore/udupi-sri-krishna-bhavan-84095a/
3084,shirt and pants color combinations,18100,20,77,$0.02,43,15,https://lbb.in/delhi/formal-pant-shirt-combination/
3085,shankar's international dolls museum delhi,18100,30,39,$0.07,2,23,https://lbb.in/delhi/never-a-doll-moment-at-shankars-international-dolls-museum/
3086,sanjay lake delhi,14800,25,59,$0,2,18,https://lbb.in/delhi/sanjay-lake-a61678/
3087,sangam courtyard,18100,11,271,$0,7,26,https://lbb.in/delhi/sangam-delhi-clubhouse-pvr-fatty-bao/
3088,recommend running shoes,18100,76,38,$0.03,94,43,https://lbb.in/all/top-running-shoes-men/
3089,okhla phase 2,14800,16,164,$0.05,2,18,https://lbb.in/delhi/locality/okhla-phase-2-delhi/
3090,nails nail salon,18100,10,611,$0.28,11,17,https://lbb.in/delhi/best-nail-salons-delhi-ncr/
3091,mallikarjuna theatre hyderabad,14800,10,271,$0.26,7,19,https://lbb.in/hyderabad/mallikarjuna-bhramaramba-616196/
3092,rangoli mall belur,18100,20,92,$0,2,19,https://lbb.in/kolkata/mall/forum-rangoli-mall-kolkata/
3093,raj's spanish cafe,12100,20,92,$0.08,3,26,https://lbb.in/kolkata/for-the-love-of-pizzas-and-murals-rajs-spanish-cafe-waits-for-you-kolkata-peeps-cc9692/
3094,pvr cinema edm mall,14800,22,48,$0.04,2,22,https://lbb.in/delhi/pvr-edm-ghaziabad-99c361/
3095,pune fc road,14800,9,1192,$0,1,18,https://lbb.in/pune/FC-road-pune-hood-guide/
3096,pratap da dhaba,12100,10,463,$0.24,8,23,https://lbb.in/mumbai/GNHoTiq/
3097,novels to read,18100,32,38,$0.22,28,27,https://lbb.in/all/best-novels/
3098,date night ideas,18100,21,92,$0.30,1,44,https://lbb.in/delhi/offbeat-date-ideas-delhi/
3099,dali and gala cocktail bar,14800,20,101,$0.65,5,21,https://lbb.in/bangalore/dali-and-gala-cocktail-bar/
3100,customised cake,18100,51,38,$0.21,100,54,https://lbb.in/pune/customised-cakes-in-pune/
3101,comedy romantic films,14800,45,38,$0.15,1,63,https://lbb.in/all/top-bollywood-rom-coms/
3102,liquor shop near,18100,26,41,$0,1,13,https://lbb.in/goa/best-liquor-stores-in-goa/
3103,kuai kitchen,12100,22,77,$0.18,4,20,https://lbb.in/mumbai/kuai-kitchen-now-serving-in-3bbf57/
3104,kipling restaurant chennai,22200,16,135,$0.05,1,24,https://lbb.in/chennai/kipling-caf-77c893/
3105,indian pune,14800,52,38,$1.07,1,62,https://lbb.in/pune/north-indian-restaurants-in-pune/
3106,hyderabad chef,18100,43,38,$0.07,3,21,https://lbb.in/hyderabad/famous-chef-restaurants-hyderabad/
3107,hyderabad botanical garden,18100,27,48,$0,1,18,https://lbb.in/hyderabad/botanical-gardens-gachibowli-hyderabad/
3108,grill 9 restaurant,14800,33,38,$0.06,3,18,https://lbb.in/hyderabad/grill-9-b29b60/
3109,bowling alley,18100,10,611,$0.26,3,24,https://lbb.in/pune/5-bowling-alleys-pune/
3110,best running shoes,14800,62,38,$0.04,99,47,https://lbb.in/all/top-running-shoes-men/
3111,best of creatine,18100,65,38,$0.16,100,34,https://lbbstatic.lbb.in/all/best-creatine/
3112,best cafe in delhi,22200,19,101,$0.49,5,13,https://lbb.in/delhi/post/cafes/
3113,best body moisturizer,18100,29,38,$0.13,100,49,https://lbb.in/all/best-body-lotion/
3114,beer name,18100,23,59,$0,1,23,https://lbb.in/bangalore/homegrown-indian-beer-brands-you-need-to-try/
3115,bangalore nearest resort,22200,18,106,$0.20,94,32,https://lbb.in/bangalore/kid-friendly-resorts-within-300kms-from-bangalore-for-a-weekend-getaway/
3116,animal shelters near me for dogs,18100,9,1192,$0.44,7,17,https://lbb.in/kolkata/animal-shelters-Kolkata/
3117,amusement park in chennai,22200,50,38,$0.06,5,13,https://lbb.in/chennai/best-theme-parks-in-chennai/
3118,alipore zoo location,33100,78,38,$0,9,25,https://lbb.in/kolkata/alipore-zoo-kolkata/
3119,1522 bar & kitchen mumbai,33100,18,106,$0,8,17,https://lbb.in/mumbai/midc-gets-a-new-hotspot-ee29cf/
3120,hauz khas market,14800,42,38,$0,1,17,https://lbb.in/delhi/hauz-khas-village-guide/
3121,gardens in powai,18100,11,848,$0.53,7,21,https://lbb.in/mumbai/stop-for-a-second-and-admire-the-slowness-of-life-at-powai-gardens/
3122,garage sale yard sale,18100,27,41,$0,1,36,https://lbb.in/bangalore/great-indian-garage-sale/
3123,formal pant shirt combination,18100,17,135,$0.09,98,40,https://lbb.in/delhi/formal-pant-shirt-combination/
3124,food in fast food restaurants,18100,13,356,$0.05,2,22,https://lbb.in/hyderabad/post/fast-food/
3125,yard sale garage sale,18100,71,38,$0,1,34,https://lbb.in/bangalore/great-indian-garage-sale/
3126,white wine,18100,23,77,$0,1,23,https://lbb.in/all/best-white-wine/
3127,water sports,18100,38,38,$0.07,5,25,https://lbb.in/bangalore/water-sports-around-bangalore/
3128,top body moisturizers,18100,68,38,$0.09,99,40,https://lbb.in/all/best-body-lotion/
3129,thai delivery,12100,8,848,$0.33,1,45,https://lbb.in/mumbai/order-thai-cuisine-online-in-mumbai/
3130,super saravana stores t nagar,18100,16,164,$0.26,13,20,https://lbb.in/chennai/super-saravana-stores-retail-showroom-tnagar-chennai/
3131,south indian saree look,18100,20,92,$0.05,98,40,https://lbb.in/all/south-indian-bridal-saree-looks/
3132,shopping street,14800,18,164,$0,4,24,https://lbb.in/chennai/best-street-shopping-places-in-chennai/
3133,shirts and trousers color combination,18100,14,271,$0.02,42,13,https://lbb.in/delhi/formal-pant-shirt-combination/
3134,running track near me,18100,28,38,$0.09,2,19,https://lbb.in/hyderabad/top-places-for-running/
3135,running grounds near me,14800,16,135,$0.06,1,18,https://lbb.in/bangalore/open-air-places-go-running-bangalore/
3136,restaurants in gachibowli hyderabad,14800,16,204,$0.04,9,21,https://lbb.in/hyderabad/where-to-eat-gachibowli/
3137,recording room,14800,43,38,$0,1,53,https://lbb.in/chennai/recording-studios-chennai/
3138,ramen bowls restaurant,18100,3,2932,$0.06,80,20,https://lbb.in/delhi/best-ramen-restaurants-to-try/
3139,how can i volunteer,18100,18,106,$0,1,52,https://lbb.in/bangalore/ngos-to-volunteer-bangalore/
3140,hill stations near bangalore karnataka,18100,31,38,$0.19,4,21,https://lbb.in/bangalore/hill-stations-near-bangalore/
3141,glow mask for face,18100,42,38,$0.04,98,30,https://lbb.in/delhi/face-masks-for-glowing-skin/
3142,galaxy gaiety,18100,15,106,$0.22,2,21,https://lbb.in/places/Gaiety-Galaxy-bandra-west-84f6f7/
3143,places to see in thekkady,18100,20,77,$0.31,10,20,https://lbb.in/all/places-to-visit-in-thekkady/
3144,perfume brands for male,18100,38,38,$0.07,99,40,https://lbb.in/all/perfumes-for-men-buy-online/
3145,perfume brand for men,18100,53,38,$0.07,98,31,https://lbb.in/all/perfumes-for-men-buy-online/
3146,pariwar dhaba,18100,30,39,$0.23,5,22,https://lbb.in/places/Pariwar-Dhaba-katedan-a28ce0/
3147,oil-free moisturiser,18100,60,38,$0.12,100,54,https://lbb.in/delhi/3orlesschallenge-3-oilfree-moisturiser-good-275bfa/
3148,near bangalore hill station,18100,29,38,$0.31,5,15,https://lbb.in/bangalore/hill-stations-near-bangalore/
3149,nair mess chennai,12100,19,106,$0.34,5,23,https://lbb.in/chennai/nair-mess-9daedb/
3150,model town india,18100,19,101,$0.14,2,45,https://lbb.in/delhi/model-town-shopping-guide/
3151,men company,18100,34,38,$0.06,96,23,https://lbb.in/delhi/grooming-products-the-man-company/
3152,man company,18100,43,38,$0.98,96,52,https://lbb.in/delhi/grooming-products-the-man-company/
3153,malaysia travel places,18100,71,38,$0.26,41,39,https://lbb.in/all/malaysia-tourist-places/
3154,makerspace,14800,58,38,$0.01,1,31,https://lbb.in/bangalore/makerspaces-bangalore/
3155,leela ambience,22200,39,38,$0.45,54,41,https://lbb.in/delhi/leela-ambience-199168/
3156,leadership development camp,18100,43,38,$0,1,28,https://lbb.in/bangalore/leadership-development-program-62b8a9/
3157,lahari resorts in hyderabad,18100,21,59,$0.11,2,20,https://lbb.in/hyderabad/lahari-resorts-patancheru/
3158,indian airforce museum,18100,27,38,$0.01,1,39,https://lbb.in/delhi/national-police-museum-61dd9c/
3159,indian 7 star hotel,22200,40,38,$0.34,7,22,https://lbb.in/delhi/7-star-hotels-in-delhi/
3160,cat rescue shelter near me,18100,11,463,$0.39,6,21,https://lbb.in/kolkata/animal-shelters-Kolkata/
3161,branded alcohol,18100,54,38,$1.49,1,47,https://lbb.in/delhi/homegrown-alcohol-brands-india/
3162,bounce inc mumbai,18100,21,77,$0.04,12,21,https://lbb.in/mumbai/bounceINC-mumbai/
3163,best female watch brands,18100,12,356,$0.05,100,32,https://lbb.in/all/best-watch-brands-for-women/
3164,ferris wheel,18100,32,38,$0.41,1,23,https://lbb.in/delhi/delhi-eye-opens-up-for-the-public-okhla-kalindi-kunj-ferris-wheel-in-delhi/
3165,english breakfast near me,18100,16,106,$0.17,13,14,https://lbb.in/mumbai/english-breakfast-mumbai/
3166,elephant and co kalyani nagar,18100,36,38,$1.43,4,21,https://lbb.in/pune/elephant-and-co-5b17b8/
3167,connemara library in chennai,18100,36,38,$0.09,3,24,https://lbb.in/chennai/connemara-public-library-6f6d74/
3168,brunches,18100,17,204,$0.09,1,21,https://lbb.in/bangalore/cafes-for-brunch-bangalore/
3169,book club,14800,94,38,$1.07,1,87,https://lbb.in/mumbai/book-clubs-mumbai/
3170,best skin care line,18100,8,611,$0.15,94,60,https://lbb.in/all/best-skincare-brands/
3171,best indian protein powder,18100,19,135,$0.35,100,13,https://lbb.in/all/best-protein-powder/
3172,best dating apps in india,18100,41,38,$0.61,62,51,https://lbb.in/bangalore/dating-apps-to-download/
3173,best dating app in india,18100,59,38,$0.66,60,29,https://lbb.in/delhi/tinder-dating-apps-india/
3174,best biryani in bangalore,18100,16,164,$0.70,7,13,https://lbb.in/bangalore/best-biryanis-bangalore/
3175,bam books,3600,8,611,$0.02,1,50,https://lbb.in/bangalore/bam-books-on-instagram/
3176,attar shop near me,22200,13,356,$0.22,43,29,https://lbb.in/delhi/best-attar-shops-delhi/
3177,art museum galleries,18100,35,38,$0.07,1,24,https://lbb.in/kolkata/art-galleries-in-kolkata/
3178,adiyogi shiva statue,18100,29,41,$0.40,10,22,https://lbb.in/bangalore/adiyogi-shiva-statue-is-a-4d41b0/
3179,shooting range near me,14800,8,1192,$0.40,2,10,https://lbb.in/delhi/best-shooting-ranges-delhi/
3180,kemp fort,18100,22,59,$0.30,5,21,https://lbb.in/bangalore/kemp-fort-mall-mens-shopping/
3181,karnataka food centre delhi,18100,12,356,$0.13,2,25,https://lbb.in/delhi/head-to-karnataka-food-centre-b418ad/
3182,indian air force museum,14800,26,59,$0.12,5,26,https://lbb.in/delhi/national-police-museum-61dd9c/
3183,how to be volunteer,18100,80,38,$0,1,43,https://lbb.in/kolkata/volunteering-places/
3184,high tea,18100,29,59,$0.06,1,18,https://lbb.in/chennai/best-high-tea-places-in-chennai/
3185,goa clubs,18100,29,39,$0.19,4,25,https://lbb.in/goa/best-night-clubs-in-goa/
3186,running shoes best,18100,70,38,$0.03,94,30,https://lbb.in/all/top-running-shoes-men/
3187,restaurants in gurgaon,18100,30,38,$0.20,13,22,https://lbb.in/delhi/best-restaurants-gurgaon/
3188,restaurants in gachibowli,18100,16,164,$0.34,9,22,https://lbb.in/hyderabad/where-to-eat-gachibowli/
3189,probiotic tablets,14800,27,39,$0.18,96,51,https://lbb.in/delhi/probiotic-supplements-for-gut/
3190,picnic garden,18100,28,41,$0,5,25,https://lbb.in/kolkata/unique-picnic-garden-d87bf5/
3191,pant & shirt color combinations,18100,15,135,$0.02,42,23,https://lbb.in/delhi/formal-pant-shirt-combination/
3192,oil free moisturiser,18100,50,38,$0.10,99,48,https://lbb.in/delhi/3orlesschallenge-3-oilfree-moisturiser-good-275bfa/
3193,netaji stadium kolkata,18100,41,38,$0.18,2,39,https://lbb.in/kolkata/tazaa-dandiyaa-netaji-indoor-98defd/
3194,nehru place market in delhi,18100,23,77,$0.05,1,16,https://lbb.in/delhi/nehru-place-674e99/
3195,mysore circle,18100,41,38,$0,4,25,https://lbb.in/bangalore/kr-circle-krishna-raja-a0efef/
3196,mother's wax museum kolkata,18100,25,48,$0.11,3,28,https://lbb.in/kolkata/mothers-wax-museum-b571ec/
3197,model town in delhi,18100,42,38,$0.14,2,44,https://lbb.in/delhi/model-town-shopping-guide/
3198,mela near me,14800,11,463,$0,1,17,https://lbb.in/bangalore/bangalore-arts-and-crafts-mela/
3199,malayalam films,22200,38,38,$0,1,55,https://lbb.in/all/best-malayalam-movies/
3200,lahari resorts hyderabad,22200,23,59,$0.07,4,21,https://lbb.in/hyderabad/lahari-resorts-patancheru/
3201,hook lounge,22200,31,38,$0,1,25,https://lbb.in/chennai/best-hookah-places-in-chennai/
3202,haji ali juice centre mumbai,18100,14,356,$0,4,12,https://lbb.in/mumbai/haji-ali-juice-centre-bst-roadside-food-in-mumbai/
3203,go karting in delhi,12100,32,38,$0.13,1,11,https://lbb.in/delhi/go-karting-tracks-delhi-ncr/
3204,farmers market near me,18100,10,463,$0,1,36,https://lbb.in/pune/farmers-markets-in-pune/
3205,eye kajal,22200,43,38,$0.11,97,54,https://lbb.in/delhi/best-kajal-sticks-to-shop-online-for-sensitive-eyes/
3206,edm pvr,12100,10,271,$0.05,4,19,https://lbb.in/delhi/pvr-edm-ghaziabad-e604f3/
3207,elco veg restaurant,9900,17,92,$0.14,8,21,https://lbb.in/mumbai/elco/
3208,diwali outfit for women,18100,20,101,$0.02,100,18,https://lbb.in/all/diwali-outfit-ideas/
3209,date ideas night time,18100,21,77,$0.25,1,50,https://lbb.in/delhi/offbeat-date-ideas-delhi/
3210,comedy and romance movies,14800,29,38,$0.15,1,62,https://lbb.in/all/top-bollywood-rom-coms/
3211,chennai marina lighthouse,14800,30,41,$0.08,4,21,https://lbb.in/chennai/lighthouse-marina-beach-chennai/
3212,bombay gym,18100,20,101,$0.14,3,24,https://lbb.in/mumbai/best-gyms-mumbai/
3213,chennai marina lighthouse,14800,30,41,$0.08,4,21,https://lbb.in/chennai/lighthouse-marina-beach-chennai/
3214,bombay gym,18100,20,101,$0.14,3,24,https://lbb.in/mumbai/best-gyms-mumbai/
3215,bombay cocktail bar,18100,16,164,$0,3,19,https://lbb.in/mumbai/bombay-cocktail-bar-andheri/
3216,body best lotion,18100,59,38,$0.09,99,47,https://lbb.in/all/best-body-lotion/
3217,bikes for hire in mumbai,18100,34,38,$0.04,39,14,https://lbb.in/mumbai/cycle-on-rent-mumbai/
3218,bike taxi,18100,30,39,$0.34,7,30,https://lbb.in/hyderabad/rapido-bike-taxi/
3219,best lip balm dark lips,18100,49,38,$0.06,98,13,https://lbb.in/all/lip-pigmentation/
3220,best face care products,18100,31,38,$0.15,100,56,https://lbb.in/all/best-skincare-brands/
3221,best body lotion,18100,50,38,$0.16,99,48,https://lbb.in/all/best-body-lotion/
3222,best beer in india,18100,34,38,$0,1,31,https://lbb.in/bangalore/homegrown-indian-beer-brands-you-need-to-try/
3223,basanti,18100,24,92,$0.25,17,42,https://lbb.in/delhi/basanti-753dc2/
3224,u s cinemas,14800,28,38,$0.13,2,30,https://lbb.in/places/U-S-Cinemas-indirapuram-7c4c78/
3225,types of sarees,18100,55,38,$0.02,40,31,https://lbb.in/delhi/types-of-sarees/
3226,toners for oily face,18100,46,38,$0.05,99,17,https://lbb.in/delhi/best-toners-for-oily-skin/
3227,sangam wadi,18100,37,38,$0.14,2,19,https://lbb.in/pune/hood-guide-sangamvadi/
3228,sale garage,18100,24,59,$0,1,26,https://lbb.in/mumbai/garage-sale-the-local-thrift-mumbai/
3229,rohini sector 7,14800,7,1761,$0.06,2,18,https://lbb.in/delhi/rohini-sector-7-shopping-guide/
3230,places to see malaysia,18100,64,38,$0.26,41,32,https://lbb.in/all/malaysia-tourist-places/
3231,pant shirt colour combination,14800,15,164,$0.16,8,12,https://lbb.in/delhi/formal-pant-shirt-combination/
3232,nearest comedy club to me,18100,9,1761,$0.49,1,23,https://lbb.in/mumbai/stand-up-comedy-venues-mumbai/
3233,nair mess triplicane,12100,19,106,$0.34,5,19,https://lbb.in/chennai/nair-mess-9daedb/
3234,mma close to me,18100,11,463,$0.06,10,35,https://lbb.in/mumbai/mma-classes-mumbai/
3235,malayalam a movies,18100,31,38,$0.02,1,55,https://lbb.in/all/best-malayalam-movies/
3236,makerspaces,14800,20,101,$0.01,1,37,https://lbb.in/bangalore/makerspaces-bangalore/
3237,linking road in bandra,14800,18,106,$0.13,1,21,https://lbb.in/mumbai/linking-road/
3238,lake city fl mall,18100,43,38,$0.13,5,14,https://lbb.in/mumbai/lake-city-mall-f4e322/
3239,ladies watch best brand,18100,15,204,$0.05,100,29,https://lbb.in/all/best-watch-brands-for-women/
3240,houseparty games,18100,45,38,$0.11,8,57,https://lbb.in/delhi/host-right-5-party-games-will-definitely-house-party-game/
3241,hotel doubletree by hilton pune,14800,49,38,$0.62,19,26,https://lbb.in/pune/doubletree-by-hilton/
3242,historic site,18100,73,38,$0.35,1,35,https://lbb.in/mumbai/mumbais-historical-places/
3243,goa bicycle rental,18100,44,38,$0.07,10,20,https://lbb.in/goa/rent-a-cycle-cyclingzens-goa/
3244,gaming parlour near me,18100,10,848,$0.32,5,12,https://lbb.in/delhi/gaming-arenas-Delhi-NCR/
3245,game parlour near me,18100,10,611,$0.32,5,12,https://lbb.in/delhi/gaming-arenas-Delhi-NCR/
3246,five gardens,14800,11,356,$0.50,5,24,https://lbb.in/mumbai/guide-five-gardens/
3247,birthday decor store near me,14800,11,463,$0.11,49,30,https://lbb.in/chennai/best-party-supply-stores-chennai/
3248,bike for rent mumbai,18100,27,41,$0.05,33,22,https://lbb.in/mumbai/cycle-on-rent-mumbai/
3249,best skin products,18100,14,271,$0.16,96,37,https://lbb.in/all/best-skincare-brands/
3250,best lipstick brands,22200,15,164,$0.14,100,50,https://lbb.in/all/organic-lipstick-brands/
3251,best dating apps for indians,18100,50,38,$0.84,45,28,https://lbb.in/bangalore/dating-apps-to-download/
3252,best body moisturizers,18100,82,38,$0.09,99,37,https://lbb.in/all/best-body-lotion/
3253,best beers india,18100,27,43,$0,1,21,https://lbb.in/bangalore/homegrown-indian-beer-brands-you-need-to-try/
3254,balm with spf,18100,56,38,$0.04,99,19,https://lbb.in/delhi/Best-spf-lip-balms-to-buy-online/
3255,durga puja pandal near me,18100,7,1761,$0,1,10,https://lbb.in/pune/pandal-hopping-durga-puja/
3256,dive bkc mumbai,18100,22,77,$0.10,2,19,https://lbb.in/mumbai/expertly-assembled-cocktails-live-music-3f3d89/
3257,design for kitchen cupboards,22200,22,77,$0.06,95,59,https://lbb.in/all/kitchen-cupboard-design-ideas/
3258,delhi best coffee shop,18100,17,135,$0.04,5,27,https://lbb.in/delhi/post/coffee/
3259,date ideas night,12100,17,106,$0.55,1,47,https://lbb.in/mumbai/unique-date-night-ideas/
3260,corner house jayanagar 9th block,12100,30,38,$0.41,14,20,https://lbb.in/places/Corner-House-jayanagar-eef6b2/
3261,connemara public library in chennai,18100,23,59,$0.09,3,32,https://lbb.in/chennai/connemara-public-library-egmore-chennai/
3262,evergreen sweets green park delhi,18100,40,38,$0.10,4,22,https://lbb.in/places/Evergreen-Sweet-House-green-park-dcf57e/
3263,essex farms banquets,18100,29,38,$0.14,5,20,https://lbb.in/delhi/essex-farms-hauz-khas/
3264,elephant and co baner,12100,15,106,$0.21,8,22,https://lbb.in/pune/elephant-co-d33aff/
3265,water park in pune,22200,30,38,$0.17,21,18,https://lbb.in/pune/water-parks-near-pune/
3266,true black speciality coffee jubilee hills,18100,28,41,$0.47,5,19,https://lbb.in/places/True-Black-Speciality-Coffee-jubilee-hills-42d612/
3267,top moisturizers for combination skin,18100,67,38,$0.08,100,21,https://lbb.in/delhi/moisturisers-for-combination-skin/
3268,thai foodie,18100,24,59,$0.08,1,52,https://lbb.in/mumbai/order-thai-cuisine-online-in-mumbai/
3269,tattoo artist near me,14800,12,356,$0.29,18,15,https://lbb.in/hyderabad/best-tattoo-artists/
3270,sony signal,14800,13,356,$0.15,6,34,https://lbb.in/bangalore/things-to-do-sony-world-junction-koramangala/
3271,snake park chennai,14800,27,59,$0,8,20,https://lbb.in/chennai/guindy-national-park-the-ca50cf/
3272,seashell museum mahabalipuram,14800,32,38,$0,2,18,https://lbb.in/chennai/india-sea-shell-museum/
3273,retreats,18100,89,38,$0.24,3,79,https://lbb.in/mumbai/luxury-retreats-around-mumbai/
3274,restaurants gurgaon,18100,27,41,$0.21,11,27,https://lbb.in/delhi/best-restaurants-gurgaon/
3275,pune f c road,18100,39,38,$0.07,1,21,https://lbb.in/pune/shopping-fergusson-college-road/
3276,places to see at thekkady,18100,33,38,$0.12,13,18,https://lbb.in/all/places-to-visit-in-thekkady/
3277,pants and shirt color combination,18100,19,92,$0.02,43,20,https://lbb.in/delhi/formal-pant-shirt-combination/
3278,outlet,14800,16,204,$0.18,1,36,https://lbb.in/bangalore/best-factory-outlets-bangalore-clothes-watches-furniture-sports/
3279,olive oil for hair,22200,74,38,$0.15,97,41,https://lbb.in/delhi/olive-oil-benefits-for-hair/
3280,night date ideas,18100,24,59,$0.16,1,29,https://lbb.in/pune/post/date-night/
3281,nav chaitanya,18100,11,463,$0,3,24,https://lbb.in/mumbai/20-congratulations-to-nav-633b53/
3282,nail salon,27100,61,38,$0.42,8,29,https://lbb.in/delhi/best-nail-salons-delhi-ncr/
3283,museum gallery art,18100,51,38,$0.09,1,69,https://lbb.in/kolkata/art-galleries-in-kolkata/
3284,india's best beer,18100,36,38,$0,1,17,https://lbb.in/bangalore/homegrown-indian-beer-brands-you-need-to-try/
3285,how to volunteer,18100,38,38,$0,1,42,https://lbb.in/bangalore/ngos-to-volunteer-bangalore/
3286,go karting pune,18100,13,271,$0.14,2,19,https://lbb.in/pune/go-karting-places-in-pune/
3287,go karting delhi ncr,14800,31,38,$0.03,14,9,https://lbb.in/delhi/go-karting-tracks-delhi-ncr/
3288,garage yard sales,18100,29,38,$0,1,31,https://lbb.in/mumbai/garage-sale-the-local-thrift-mumbai/
3289,fd block,18100,9,611,$0,5,25,https://lbb.in/kolkata/fd-block-c8e7e5/
3290,mehrauli archaeological park,14800,34,38,$0.29,13,21,https://lbb.in/delhi/mehrauli-archaeological-park-delhi/
3291,lip balm sunscreen,18100,75,38,$0.04,100,27,https://lbb.in/delhi/Best-spf-lip-balms-to-buy-online/
3292,lavanya the label,22200,26,56,$0.14,100,50,https://lbb.in/shop/m/lavanya-the-label-1394721308161/
3293,koramangala sony signal,14800,6,1761,$0.15,6,21,https://lbb.in/bangalore/things-to-do-sony-world-junction-koramangala/
3294,kitchen cabinet design,22200,31,38,$0.29,51,35,https://lbb.in/all/kitchen-cupboard-design-ideas/
3295,jaya nagar market,14800,11,611,$1.79,2,29,https://lbb.in/bangalore/jayanagars-shopping-complex/
3296,bombay vada pav,14800,30,39,$0,3,18,https://lbb.in/mumbai/best-vada-pav-mumbai/
3297,bombay brasserie,22200,12,356,$0.31,3,25,https://lbb.in/bangalore/bombay-brasserie-bangalore/
3298,bike rental delhi ncr,18100,24,43,$0.07,44,22,https://lbb.in/delhi/bikes-rent-delhi/
3299,bicycle on rent in mumbai,18100,11,463,$0.02,30,20,https://lbb.in/mumbai/cycle-on-rent-mumbai/
3300,bangalore nearest hill station,18100,23,43,$0.31,5,19,https://lbb.in/bangalore/hill-stations-near-bangalore/
3301,bangalore 5 star hotels,4400,86,38,$0.22,100,37,https://lbb.in/bangalore/best-five-star-hotels-in-bangalore/
3302,asola wildlife sanctuary delhi,18100,26,43,$0,2,11,https://lbb.in/delhi/asola-bird-wildlife-sanctuary-delhi/
3303,alcohol brands,18100,33,38,$0,1,23,https://lbb.in/delhi/homegrown-alcohol-brands-india/
3304,waterpark in mumbai,18100,84,38,$0.07,12,36,https://lbb.in/mumbai/water-parks-mumbai/
3305,water park in mumbai,22200,58,38,$0.07,13,15,https://lbb.in/mumbai/water-parks-mumbai/
3306,watch shop,27100,31,38,$0.15,17,32,https://lbb.in/pune/watch-stores-in-pune/
3307,thai cuisine food,18100,53,38,$0.08,1,54,https://lbb.in/bangalore/thai-food-trail/
3308,taj group of hotels delhi,18100,49,38,$0.22,18,29,https://lbb.in/delhi/taj-hotel/
3309,shuttle court near me,18100,11,356,$0.17,5,12,https://lbb.in/mumbai/badminton-courts-mumbai/
3310,shopping malls in mumbai,0,51,38,$0,1,4,https://lbb.in/mumbai/shopping-malls-mumbai/
3311,shankar road,18100,6,1761,$0.29,2,22,https://lbb.in/delhi/shankar-road-market-everything-sneakers-gadgets-biryani-kulfis/
3312,winemaking near me,18100,10,611,$0,1,23,https://lbb.in/pune/vineyards-near-pune/
3313,wines red,18100,25,59,$0.05,1,27,https://lbb.in/all/red-wine-brands/
3314,places near me for lunch,18100,12,356,$0.06,18,32,https://lbb.in/bangalore/cbd-lunch-spots-listicle-bangalore/
3315,pimpri chinchwad science park pune,6600,17,106,$0.24,6,21,https://lbb.in/pune/pimpri-chinchwad-science-park/
3316,pantheon street chennai,18100,7,848,$0.14,3,25,https://lbb.in/chennai/pantheon-road-fabric-market-egmore-chennai/
3317,nearby hill station from bangalore,18100,44,38,$0.17,3,17,https://lbb.in/bangalore/hill-stations-near-bangalore/
3318,moore market,14800,15,204,$0.08,1,19,https://lbb.in/chennai/Moore-market-concept-store-velachery-Chennai/
3319,marina beach lighthouse,18100,28,48,$0.10,4,25,https://lbb.in/chennai/lighthouse-marina-beach-chennai?ref=lbbpost
3320,malayalam film,22200,46,38,$0,1,24,https://lbb.in/all/best-malayalam-movies/
3321,las olas bollywood beach club,18100,46,38,$0.11,2,22,https://lbb.in/goa/las-olas-late-night-beach-shack-baga-beach?ref=lbbpost
3322,jayanagar market,12100,11,848,$0.17,4,26,https://lbb.in/bangalore/jayanagars-shopping-complex/
3323,inox hiland park location,12100,37,38,$0,1,19,https://lbb.in/kolkata/metropolis-mall-guide-complex-hiland-park/
3324,indian restaurants in mumbai,18100,37,38,$0.07,7,27,https://lbb.in/mumbai/modern-indian-restaurants/
3325,restaurant mumbai,18100,50,38,$0.06,10,34,https://lbb.in/mumbai/best-restaurants-mumbai/
3326,rental bikes chennai,18100,41,38,$0.04,37,14,https://lbb.in/chennai/best-online-bike-rental-sites-chennai/
3327,regus regus,18100,27,48,$0.98,16,37,https://lbb.in/pune/regus-7b6098/
3328,fashion street market in mumbai,18100,5,1761,$0.29,1,22,https://lbb.in/mumbai/street-shopping-in-mumbai/
3329,dutch palace,18100,53,38,$0.19,8,36,https://lbb.in/bangalore/visit-the-dutch-palace-mattancherry/
3330,ice skating,18100,22,106,$0.21,1,24,https://lbb.in/kolkata/ice-skating/
3331,go karting delhi,12100,29,38,$0.15,7,16,https://lbb.in/delhi/go-karting-tracks-delhi-ncr/
3332,garage sales,12100,49,38,$0.56,1,47,https://lbb.in/bangalore/great-indian-garage-sale/
3333,forum mall koramangala,22200,29,38,$0.12,5,21,https://lbb.in/bangalore/mall/forum-mall-bangalore/
3334,body cream best,18100,60,38,$0.09,99,36,https://lbb.in/all/best-body-lotion/
3335,bicycle rental in mumbai,18100,18,135,$0.04,39,18,https://lbb.in/mumbai/cycle-on-rent-mumbai/
3336,best for skin care,18100,15,271,$0.16,96,38,https://lbb.in/all/best-skincare-brands/
3337,best combination skin moisturiser,18100,46,38,$0.08,100,23,https://lbb.in/all/moisturisers-for-combination-skin/
3338,best beer india,18100,29,38,$0,1,30,https://lbb.in/bangalore/homegrown-indian-beer-brands-you-need-to-try/
3339,5 star hotels in bangalore,27100,71,38,$0.25,99,43,https://lbb.in/bangalore/best-five-star-hotels-in-bangalore/
3340,delhi nehru place market,18100,20,92,$0.05,1,18,https://lbb.in/delhi/nehru-place-674e99/
3341,chocolate brownie near me,18100,31,38,$0.21,9,29,https://lbb.in/bangalore/best-brownies-bangalore/
3342,chennai weatherman,22200,14,164,$0,1,24,https://lbb.in/chennai/tamil-nadu-weather-man-chennai/
3343,cafe azzure,18100,12,356,$0.86,6,25,https://lbb.in/bangalore/cafe-azzure-mg-road/
3344,wine white,18100,21,92,$0,1,32,https://lbb.in/all/best-white-wine/
3345,waterpark in pune,22200,33,38,$0.06,15,23,https://lbb.in/pune/water-parks-near-pune/
3346,trampoline parks pune,18100,19,135,$0.02,1,28,https://lbb.in/pune/trampoline-park-pune/
3347,the tanjore tiffin room andheri,12100,17,135,$0.31,9,20,https://lbb.in/mumbai/the-tanjore-tiffin-room-af3b92/
3348,thai food with delivery,18100,10,611,$0.01,1,22,https://lbb.in/mumbai/order-thai-cuisine-online-in-mumbai/
3349,skating ice,18100,33,38,$0.02,1,52,https://lbb.in/kolkata/ice-skating/
3350,sector 18 noida uttar pradesh,18100,34,38,$0.13,4,24,https://lbb.in/delhi/hood-guide-noida-sector-18/
3351,secret santa gift,22200,34,38,$0.08,74,42,https://lbb.in/delhi/secret-santa-gifting-ideas/
3352,salt and mango tree,18100,42,38,$0.22,3,38,https://lbb.in/bangalore/kerala-meals-biryani-salt-mango-tree/
3353,royal orchid central pune,18100,51,38,$0.26,24,18,https://lbb.in/pune/royal-orchid-pune/
3354,restaurants in india mumbai,18100,44,38,$0.08,8,30,https://lbb.in/mumbai/best-restaurants-mumbai/
3355,little goa goa,18100,11,356,$0,1,19,https://lbb.in/delhi/little-goa-55f1ad/
3356,lighthouse marina beach chennai,14800,25,77,$0.08,4,21,https://lbb.in/chennai/lighthouse-marina-beach-chennai/
3357,koregaon park restaurants pune,18100,22,77,$0.03,5,26,https://lbb.in/pune/6-restaurants-koregaon-park-must-check/
3358,korean best films,18100,22,48,$0.03,1,45,https://lbb.in/all/best-korean-movies/
3359,hotel sonar bangla taki,14800,31,38,$0.13,28,18,https://lbb.in/kolkata/hotel-sonar-bangla-taki/
3360,hill stations close to bangalore,18100,17,106,$0.19,4,18,https://lbb.in/bangalore/hill-stations-near-bangalore/
3361,gsb seva mandal ganpati entry gate,18100,7,611,$0,1,27,https://lbb.in/mumbai/gsb-seva-mandal-6fa6c7/
3362,ground near me for running,14800,13,356,$0.06,1,18,https://lbb.in/hyderabad/top-places-for-running/
3363,fort restaurants,14800,20,77,$0.17,3,38,https://lbb.in/mumbai/post/food-and-restaurants?locality=fort-mumbai
3364,food truck,22200,15,271,$0.32,2,25,https://lbb.in/delhi/food-trucks-delhi-ncr/
3365,florist,480,42,38,$0.71,8,34,https://lbb.in/delhi/flower-delivery-services-delhi-ncr/
3366,famous ice cream,14800,7,848,$0,5,19,https://lbb.in/mumbai/best-iconic-ice-cream-parlours-in-mumbai/
3367,dog and cat shelters near me,18100,10,611,$0.72,5,33,https://lbb.in/delhi/animal-shelters-in-delhi/
3368,discount sports goods,135000,41,38,$0,1,33,https://lbb.in/mumbai/best-sports-shops/
3369,delhi daryaganj,18100,51,38,$0.12,2,39,https://lbb.in/delhi/locality/daryaganj-delhi/
3370,connemara library egmore,18100,25,43,$0.13,3,21,https://lbb.in/chennai/connemara-public-library-egmore-chennai/
3371,r adda mumbai,14800,25,48,$0,5,19,https://lbb.in/mumbai/r-adda-marks-as-a-97337e/
3372,oxford bookstore,18100,25,48,$0.06,6,25,https://lbb.in/kolkata/oxford-bookstore-park-street-for-books-and-stationery/
3373,nike factory outlet,18100,10,611,$0.12,5,20,https://lbb.in/kolkata/factory-outlets-8076a4/
3374,music lessons,390,18,135,$1.22,5,78,https://lbb.in/pune/5-music-classes/
3375,museums in bangalore,18100,29,39,$0.13,3,19,https://lbb.in/bangalore/museums-in-bangalore/
3376,mullick bazar,18100,14,204,$0.15,7,19,https://lbb.in/kolkata/mullick-bazar-507467/
3377,mother wax museum,18100,20,101,$0,2,19,https://lbb.in/kolkata/mothers-wax-museum-b571ec/
3378,black shirt and trousers combination,18100,31,38,$0.01,86,17,https://lbb.in/delhi/formal-pant-shirt-combination/
3379,bike on rent in delhi ncr,18100,30,38,$0.06,43,19,https://lbb.in/delhi/bikes-rent-delhi/
3380,bike on rent in delhi,18100,18,106,$0.04,47,25,https://lbb.in/delhi/bikes-rent-delhi/
3381,bike hire in delhi,18100,23,59,$0.06,43,26,https://lbb.in/delhi/bikes-rent-delhi/
3382,best protein powder in india,18100,40,38,$0.35,100,55,https://lbb.in/all/best-protein-powder/
3383,bangalore koramangala forum mall,18100,18,135,$0.03,2,21,https://lbb.in/bangalore/mall/forum-mall-bangalore/
3384,amethyst restaurant chennai,18100,23,77,$0,1,18,https://lbb.in/chennai/amethyst-cafe-b4fd2d/
3385,7 star hotel in india,33100,39,38,$0.41,4,16,https://lbb.in/delhi/7-star-hotels-in-delhi/
3386,delivery thai,18100,24,77,$0.01,1,20,https://lbb.in/delhi/lbbpicks-thai-restaurants-gurgaon/
3387,cafes in hsr,18100,12,271,$0.04,21,26,https://lbb.in/bangalore/cafes-in-hsr-layout/
3388,brown hairdressers,14800,76,38,$0.01,19,42,https://lbb.in/mumbai/hair-cut-salons/
3389,bombay brasserie indiranagar,18100,8,463,$0.30,4,19,https://lbb.in/bangalore/bombay-brasserrie-indiranagar/
3390,bicycle rental in delhi,18100,6,848,$0.04,41,23,https://lbb.in/delhi/bikes-rent-delhi/
3391,bicycle rent in chennai,18100,41,38,$0.04,37,15,https://lbb.in/chennai/smartbike-bike-rental-app-chennai/
3392,wholesale wholesale market,18100,59,38,$0.20,2,20,https://lbb.in/chennai/best-wholesale-markets-chennai/
3393,water park pune,22200,48,38,$0.96,15,24,https://lbb.in/pune/water-parks-near-pune/
3394,hill top goa,18100,42,38,$0.12,4,20,https://lbb.in/goa/hilltop-parties-goa/
3395,hair mask for frizzy hair,18100,61,38,$0.11,99,40,https://lbb.in/all/best-hair-masks/
3396,green park ameerpet,18100,26,43,$0.53,14,21,https://lbb.in/hyderabad/green-park-hotel-9d8dd5/
3397,good cafes in delhi,18100,23,59,$0.05,5,23,https://lbb.in/delhi/best-winter-cafes-delhi-ncr/
3398,forum mall koramangala bangalore,18100,17,101,$0.02,3,19,https://lbb.in/bangalore/mall/forum-mall-bangalore/
3399,top 10 perfume for male in world,12100,29,38,$0.09,98,48,https://lbb.in/all/perfumes-for-men-buy-online/
3400,t nagar market,18100,12,463,$0.06,2,20,https://lbb.in/chennai/guide-to-fun-and-shopping-t-nagar-chennai/
3401,shopping mall chennai,22200,20,101,$0.03,4,21,https://lbb.in/chennai/best-shopping-malls-in-chennai/
3402,shopping centre mumbai,18100,36,38,$0.05,11,35,https://lbb.in/mumbai/shopping-malls-mumbai/
3403,santa cruz cathedral,18100,31,38,$0.05,9,28,https://lbb.in/bangalore/soak-in-the-history-at-672c40/
3404,sangam courtyard delhi,18100,8,611,$0.51,3,29,https://lbb.in/delhi/sangam-delhi-clubhouse-pvr-fatty-bao/
3405,sage farm cafe,12100,17,135,$0.26,3,25,https://lbb.in/hyderabad/sage-farm-cafe-jubilee-hills/
3406,restaurants koregaon park,18100,23,59,$0.03,5,24,https://lbb.in/pune/6-restaurants-koregaon-park-must-check/
3407,pratap da dhaba andheri,18100,9,848,$0.43,3,21,https://lbb.in/mumbai/GNHoTiq/
3408,places to visit in malaysia,22200,68,38,$0.12,33,21,https://lbb.in/all/malaysia-tourist-places/
3409,oily skin toner,18100,62,38,$0.05,99,19,https://lbb.in/delhi/best-toners-for-oily-skin/
3410,near me farmers market,18100,7,1761,$0,1,19,https://lbb.in/pune/farmers-markets-in-pune/
3411,name of chocolate,18100,19,101,$0.02,3,55,https://lbb.in/all/types-of-chocolate/
3412,mumbai to alibaug ferry,18100,29,38,$0.08,15,15,https://lbb.in/mumbai/car-ferry-service-mumbai-alibaug/
3413,magnolia bakery gurgaon,6600,22,77,$0.25,2,28,https://lbb.in/delhi/magnolia-bakery-gurgaon/
3414,list of pakistani serials,18100,18,135,$0,1,45,https://lbb.in/all/best-pakistani-drama-series/
3415,dubai tourist spot,22200,47,38,$0.48,30,40,https://lbb.in/all/places-to-see-in-dubai/
3416,dog shelter near me,18100,10,611,$0.44,7,14,https://lbb.in/mumbai/animal-shelters-mumbai/
3417,cooking cooking classes,18100,11,611,$0.63,8,25,https://lbb.in/delhi/cooking-baking-classes-delhi/
3418,chocolate shops near me,18100,13,356,$0.69,18,16,https://lbb.in/mumbai/chocolate-stores-mumbai/
3419,bombay cocktail bar andheri west,18100,19,101,$0.18,4,21,https://lbb.in/mumbai/bombay-cocktail-bar-andheri/
3420,best indian protein supplement,18100,25,48,$0.32,100,19,https://lbb.in/delhi/best-protein-powder/
3421,best india beer,18100,20,92,$0,1,31,https://lbb.in/bangalore/homegrown-indian-beer-brands-you-need-to-try/
3422,behram baug,18100,30,38,$0,4,25,https://lbb.in/mumbai/behram-baug-khao-galli/
3423,beer names,18100,20,101,$0,1,23,https://lbb.in/bangalore/homegrown-indian-beer-brands-you-need-to-try/
3424,bar spirit forward,12100,63,38,$0.40,7,28,https://lbb.in/bangalore/best-cocktails-in-bangalore/
3425,banana leaf andheri,14800,18,106,$0.13,7,19,https://lbb.in/mumbai/just-kerala-food-a29f37/
3426,art museum gallery,18100,49,38,$0.07,1,29,https://lbb.in/bangalore/art-galleries-bangalore/
3427,4th block jayanagar bengaluru karnataka,18100,11,611,$0.28,4,26,https://lbb.in/bangalore/jayanagars-shopping-complex/
3428,kbr park jogging track,12100,30,38,$0.16,7,20,https://lbb.in/hyderabad/top-places-for-running/
3429,kanakapura town,18100,65,38,$0.07,1,16,https://lbb.in/bangalore/things-to-do-in-kanakapura-road/
3430,indraprastha shopping center borivali,18100,21,48,$0.53,6,21,https://lbb.in/places/Indraprastha-Shopping-Center-borivali-west-11b514/
3431,in pune water park,22200,33,38,$0.06,15,27,https://lbb.in/pune/water-parks-near-pune/
3432,hotel lemon tree manesar,18100,58,38,$0.17,28,20,https://lbb.in/delhi/lemon-tree-hotel-tarudhan-valley-manesar/
3433,yogi executive hotel navi mumbai,14800,40,31,$0.29,32,20,https://lbb.in/mumbai/the-rooftop-by-yogi-executive-057778/
3434,wine brands,14800,16,134,$0,1,22,https://lbb.in/all/red-wine-brands/
3435,whiskey india brands,14800,39,31,$0,1,26,https://go.lbb.in/DeTLHcGubqb
3436,v v puram bangalore,14800,12,378,$0,5,11,https://lbb.in/bangalore/what-to-eat-at-vv-puram-food-street/
3437,trampoline parks hyderabad,14800,23,63,$0.04,10,19,https://lbb.in/hyderabad/skyzone-trampoline-park/
3438,saree in chennai,12100,45,31,$0.02,97,64,https://lbb.in/chennai/best-saree-shopping-boutiques-in-chennai/
3439,rahul theater,14800,11,167,$0.22,1,20,https://lbb.in/pune/rahul-70-mm-808448/
3440,rahul shivaji nagar,14800,9,222,$0.22,1,20,https://lbb.in/pune/rahul-70-mm-808448/
3441,queen margherita pizzeria,12100,17,111,$0.38,5,23,https://lbb.in/mumbai/head-here-for-authenticatic-wood-8a28ae/
3442,piercers near me,14800,15,167,$0.20,30,17,https://lbb.in/delhi/tattoos-piercings-in-the-city-delhi-artists/
3443,new movies in amazon prime,14800,38,31,$0.93,2,36,https://lbb.in/pune/new-movies-to-watch-on-amazon-prime/
3444,mehendi designers,12100,21,82,$0.15,1,42,https://lbb.in/mumbai/top-mehendi-artists-mumbai/
3445,meharchand market delhi,8100,6,1440,$0,1,20,https://lbb.in/delhi/meharchand-market-shopping/
3446,lip fillers,12100,53,31,$0.59,19,25,https://lbb.in/all/lip-fillers-dermatologist-tips/
3447,the daily all day pune,14800,12,291,$0.09,2,21,https://lbb.in/pune/the-daily-all-day-97b12d/
3448,temples pune,14800,34,31,$0.02,1,37,https://lbb.in/pune/best-temples-to-visit-in-pune/
3449,spa chennai,14800,18,134,$0.16,35,33,https://lbb.in/chennai/best-spas-in-chennai/
3450,shotgun gun range,14800,26,32,$0.03,1,25,https://lbb.in/kolkata/shooting-ranges-academy-in-kolkata/
3451,shopping in parrys corner chennai,14800,32,31,$0.22,6,24,https://lbb.in/chennai/parrys-corner-01dcd5/
3452,samantha movie,14800,50,31,$0,1,22,https://lbb.in/hyderabad/best-samantha-movies-online/
3453,sad film,14800,25,48,$1.40,1,43,https://lbb.in/all/sad-bollywood-movies/
3454,restaurants noida,14800,13,222,$0.12,8,25,https://lbb.in/delhi/best-restaurants-noida/
3455,gurgaon good restaurants,14800,28,34,$0.07,12,27,https://lbb.in/delhi/best-restaurants-gurgaon/
3456,gsb seva mandal ganpati,14800,25,35,$0.03,1,32,https://lbb.in/mumbai/gsb-seva-mandal-6fa6c7/
3457,gsb mandal ganpati,14800,19,111,$0,1,25,https://lbb.in/mumbai/gsb-seva-mandal-6fa6c7/
3458,goa india nightlife,14800,19,87,$0.13,6,34,https://lbb.in/goa/best-beaches-for-nightlife/
3459,kannur mascot beach resort,14800,54,31,$0.22,40,19,https://lbb.in/bangalore/kannur-mascot-beach-resort/
3460,kalki flagship store santacruz,14800,30,31,$0.56,9,20,https://lbb.in/places/Kalki-Fashion-santacruz-west-18f47e/
3461,jewels of nizam gandipet,140,15,134,$0.41,3,6,https://lbb.in/hyderabad/jewel-of-nizam-hyderabad/
3462,birla planetarium calcutta,14800,19,87,$0.21,1,25,https://lbb.in/kolkata/mp-birla-planetarium/
3463,best mandi near me,12100,13,291,$0.03,7,39,https://lbb.in/hyderabad/top-mandi-places/
3464,best books,14800,49,31,$0.06,63,46,https://lbb.in/all/best-books-novels/
3465,beach outfits for women,14800,17,111,$0.05,99,39,https://lbb.in/all/beach-outfits-women/
3466,badlapur resort rainy resort,9900,11,291,$0.15,1,21,https://lbb.in/mumbai/rainy-resort-badlapur/
3467,aurum brew works,14800,8,378,$0.39,5,19,https://lbb.in/bangalore/aurum-brew-works-banagalore/
3468,dhaba bollywood,14800,21,63,$0.08,1,19,https://lbb.in/delhi/bollywood-dhaba-e57b3e/
3469,dadar market,12100,6,1440,$0.06,1,28,https://lbb.in/mumbai/flower-market-dadar/
3470,cultural festival,8100,55,31,$1.92,1,63,https://lbb.in/delhi/Arth_The_Cultural_Fest/
3471,cst in mumbai,14800,11,291,$0.03,3,32,https://lbb.in/mumbai/things-to-do-around-CST/
3472,cooking lessons near me,14800,21,63,$0.51,19,17,https://lbb.in/hyderabad/top-cooking-classes/
3473,cooke town bangalore,14800,48,31,$0.34,6,19,https://lbb.in/bangalore/cooke-town-hood-guide/
3474,city bakery,12100,9,694,$0.22,3,39,https://lbb.in/pune/city-bakery-ec0a6c/
3475,central hyderabad,14800,27,32,$0.24,4,20,https://lbb.in/hyderabad/hyderabad-central-mall-3aa185/
3476,cafe uncover,14800,19,82,$0.02,3,23,https://lbb.in/delhi/cafe-uncover-83676e/
3477,cafe at park street,14800,17,111,$0.02,2,23,https://lbb.in/kolkata/post/cafes?locality=park-street-area-kolkata
3478,brand whisky in india,14800,55,31,$0,1,20,https://lbb.in/bangalore/best-indian-whisky-brands/
3479,brand of wine,14800,34,31,$0,1,30,https://lbb.in/all/red-wine-brands/
3480,famous places in calcutta,14800,32,31,$0.04,7,30,https://lbb.in/kolkata/tourist-places-in-kolkata/
3481,episode one powai,14800,29,31,$0.18,1,21,https://lbb.in/mumbai/episode-one-at-powai-is-76686e/
3482,delhi famous food,14800,67,31,$0.05,1,15,https://lbb.in/delhi/iconic-places-to-visit-in-delhi-to-eat/
3483,cv raman nagar bangalore,14800,54,31,$0.15,2,19,https://lbb.in/bangalore/locality/c-v-raman-nagar-bangalore/
3484,zenith falls,12100,13,291,$0.02,1,24,https://lbb.in/pune/zenith-waterfalls-22fb50/
3485,whiskey indian brands,14800,36,31,$0,1,19,https://go.lbb.in/DeTLHcGubqb
3486,water theme park bangalore,14800,35,31,$0.11,36,34,https://lbb.in/bangalore/water-parks-in-and-around-bangalore/
3487,toy train shimla,14800,49,31,$0.06,2,34,https://lbb.in/delhi/Kalka-shimla-toy-train/
3488,top foundation for dry skin,14800,43,31,$0.06,100,26,https://lbb.in/delhi/foundations-for-dry-skin/
3489,top 10 bollywood romantic movies,14800,39,31,$0.39,1,29,https://lbb.in/all/top-bollywood-rom-coms/
3490,thrift wear,14800,11,378,$0.20,14,20,https://lbb.in/bangalore/thrift-stores-in-bangalore/
3491,theme park in mumbai,18100,59,31,$0.16,4,12,https://lbb.in/mumbai/amusement-parks-in-mumbai/
3492,the caffeine baar cafe & roastery,12100,18,75,$0.15,4,19,https://lbb.in/bangalore/the-caffeine-baar-newbie-in-88803d/
3493,temples in pune city,14800,34,31,$0.02,1,21,https://lbb.in/pune/best-temples-to-visit-in-pune/
3494,swimming pool near me near me,14800,22,75,$0.03,5,19,https://lbb.in/delhi/swimming-pools-noida/
3495,sunrise view point,12100,82,31,$0,1,17,https://lbb.in/pune/best-sunset-spots-in-pune/
3496,mascot beach resort,14800,47,31,$0.08,38,29,https://lbb.in/bangalore/kannur-mascot-beach-resort/
3497,laser tagging,14800,23,63,$0.14,7,12,https://lbb.in/bangalore/laser-tag-in-bangalore/
3498,kuntala waterfalls,14800,33,31,$0,1,23,https://lbb.in/hyderabad/kuntala-falls-adilabad/
3499,indian clothing brands,14800,28,34,$0.22,52,33,https://lbb.in/all/best-clothing-brands-india/
3500,exhibition near me,18100,18,87,$0.16,2,19,https://lbb.in/chennai/popular-exhibitions-in-chennai/
3501,emerald lake,14800,29,35,$0.42,4,24,https://lbb.in/bangalore/emerald-lake-the-serene-90ede7/
3502,dining in noida,14800,18,82,$0.09,13,23,https://lbb.in/delhi/best-restaurants-noida/
3503,good restaurants gurgaon,14800,20,75,$0.08,12,26,https://lbb.in/delhi/best-restaurants-gurgaon/
3504,golf courses in hyderabad,14800,45,31,$0.14,4,19,https://lbb.in/hyderabad/best-golf-courses/
3505,golden joy restaurant,12100,20,75,$0.19,8,28,https://lbb.in/kolkata/golden-joy-5de8cf/
3506,goa night club,14800,33,31,$0.11,6,20,https://lbb.in/goa/best-night-clubs-in-goa/
3507,go kart racing in chennai,14800,45,31,$0.10,1,18,https://lbb.in/chennai/best-go-karting-places-in-chennai/
3508,garden vada pav,12100,16,134,$0.04,3,23,https://lbb.in/pune/j-j-garden-vada-pav/
3509,faqir chand bookstore,9900,9,500,$0,1,29,https://lbb.in/all/faqir-chand-bookstore/
3510,famous tourist places in kolkata,14800,24,39,$0.04,7,30,https://lbb.in/kolkata/tourist-places-in-kolkata/
3511,famous places in kolkata,14800,32,31,$0.05,3,36,https://lbb.in/kolkata/tourist-places-in-kolkata/
3512,eyelash extensions,14800,42,31,$0.40,74,32,https://lbb.in/kolkata/lash-extentions-salons-kolkata/
3513,cafes park street,14800,12,291,$0.02,2,23,https://lbb.in/kolkata/post/cafes?locality=park-street-area-kolkata
3514,cabo de rama beach canaguinim goa,9900,16,134,$0.10,1,22,https://lbb.in/goa/cabo-de-rama-beach-perfect-south-goa-getaway/
3515,brand shoes name,14800,49,31,$0.07,35,28,https://lbb.in/bangalore/indian-shoe-brands-for-men/
3516,brand of whisky in india,14800,55,31,$0,1,23,https://lbb.in/bangalore/best-indian-whisky-brands/
3517,book fair,14800,29,31,$0.78,3,29,https://lbb.in/pune/book-fairs-in-pune-b6b852/
3518,best wine india,14800,24,39,$0,1,15,https://lbb.in/all/red-wine-brands/
3519,best foundation makeup for dry skin,14800,61,31,$0.06,100,34,https://lbb.in/delhi/foundations-for-dry-skin/
3520,barsha durga puja ground,14800,8,694,$0.03,2,32,https://lbb.in/bangalore/barsha-durga-puja-05239b/
3521,alliance française de bangalore,14800,15,167,$0.38,8,32,https://lbb.in/bangalore/french-classes-in-bangalore/
3522,sp road computer market,14800,8,500,$0.30,3,19,https://lbb.in/bangalore/electronics-market-sp-road-nagarathpete-bangalore/
3523,soy soi,14800,27,32,$0,3,23,https://lbb.in/chennai/soy-soi-asian-restaurant-kotturpuram-chennai/
3524,south ex delhi,12100,12,291,$0.26,1,18,https://lbb.in/delhi/south-ex-hood-guide/
3525,restaurants pet friendly near me,14800,7,1440,$0.04,5,28,https://lbb.in/bangalore/pet-friendly-cafes-bangalore?ref=lbbpost
3526,restaurants in mumbai andheri,14800,20,75,$0.03,5,25,https://lbb.in/mumbai/restaurants-in-andheri-west/
3527,restaurant and live music near me,14800,6,1440,$0.07,10,20,https://lbb.in/bangalore/live-music-venues-in-bangalore/
3528,rainy resort and waterpark,9900,9,500,$0.07,1,20,https://lbb.in/mumbai/rainy-resort-badlapur/
3529,radiobar,12100,28,32,$0.15,3,23,https://lbb.in/mumbai/can-you-hear-it-radio-d750be/
3530,purple martini goa,14800,19,87,$0.28,1,18,https://lbb.in/goa/head-to-this-greek-theme-ad7bb4/
3531,panchgani resorts ravine,14800,22,63,$0.17,36,21,https://lbb.in/pune/hotel-ravine/
3532,palm grove beach resort,14800,21,63,$0.18,51,21,https://lbb.in/goa/palm-grove-beach-resort-all-year-resort-ashwem-beach/
3533,outdoor indoor game,14800,29,35,$0.05,1,32,https://lbb.in/mumbai/gaming-activities-in-mumbai/
3534,nsci worli dome,14800,27,35,$0.05,1,16,https://lbb.in/mumbai/dome-for-wedding-venue/
3535,nilgiris supermarket,14800,12,291,$0.40,2,23,https://lbb.in/chennai/nilgiris-supermarket-12fb6f/
3536,new me store near me,14800,30,31,$0.13,25,20,https://lbb.in/places/Newme-33e96e/
3537,v v puram,14800,11,500,$0.18,2,22,https://lbb.in/bangalore/what-to-eat-at-vv-puram-food-street/
3538,the boho house cocktail bar,9900,29,32,$0.05,5,23,https://lbb.in/pune/this-boho-inspired-place-serves-e69e35/
3539,tender cuts,14800,22,63,$0.45,20,29,https://lbb.in/chennai/tender-cuts-67788b/
3540,temples in pune india,14800,44,31,$0.02,1,38,https://lbb.in/pune/best-temples-to-visit-in-pune/
3541,temple in pune,14800,32,31,$0.02,1,19,https://lbb.in/pune/best-temples-to-visit-in-pune/
3542,skin wrinkle cream,18100,56,31,$0.10,11,30,https://lbb.in/hyderabad/best-anti-aeging-creams/
3543,sapphire toys,14800,28,35,$0.11,11,26,https://lbb.in/bangalore/buy-a-fidget-spinner-from-sapphire-toys-95f956/
3544,richie rich ice cream,14800,11,378,$0.10,2,10,https://lbb.in/bangalore/richie-rich-ice-cream-parlour-race-course-road/
3545,restaurants in andheri,14800,28,34,$0.09,5,19,https://lbb.in/mumbai/restaurants-in-andheri-west/
3546,restaurants at cyber hub gurgaon,14800,22,63,$0.03,4,22,https://lbb.in/delhi/cyber-hub-guide-restaurant-bar-dessert/
3547,restaurant with live music near me,14800,10,500,$0.14,10,13,https://lbb.in/hyderabad/best-live-performances-hyderabad/
3548,restaurant at park street,18100,16,134,$0,3,11,https://lbb.in/kolkata/10-must-visit-restaurants-park-street?ref=lbbpost
3549,rahul cinema,14800,26,31,$0.22,1,21,https://lbb.in/pune/rahul-70-mm-808448/
3550,places of visit in ajmer,14800,37,31,$0.04,17,33,https://lbb.in/all/places-to-see-in-ajmer/
3551,pet friendly restaurants near me,12100,7,975,$0.10,5,10,https://lbb.in/bangalore/pet-friendly-cafes-bangalore?ref=lbbpost
3552,pco vasant vihar,12100,9,500,$0.52,3,28,https://lbb.in/delhi/pco-vasant-vihar-delhi/
3553,pco delhi,12100,18,87,$0.19,4,28,https://lbb.in/delhi/pco-vasant-vihar-delhi/
3554,mysore to krs dam,12100,13,134,$0.63,1,9,https://lbb.in/bangalore/krs-dam-mandya/
3555,men's wear for a wedding,14800,49,31,$0.03,99,31,https://lbb.in/delhi/best-man-wedding-outfits/
3556,meharchand market,8100,8,975,$0.18,1,18,https://lbb.in/delhi/meharchand-market-shopping/
3557,madhavan park jayanagar,14800,6,1440,$0.70,6,23,https://lbb.in/bangalore/madhavan-park-96db91/
3558,lumbini gardens in bangalore,14800,25,39,$0.10,3,17,https://lbb.in/bangalore/lumbini-gardens-6c4cc2/
3559,lumbini gardens bangalore,14800,24,63,$0,3,18,https://lbb.in/bangalore/lumbini-gardens-6c4cc2/
3560,kapoor's cafe jayanagar,14800,24,39,$0.31,7,23,https://lbb.in/bangalore/kapoors-cafe-is-a-haven-4f842f/
3561,government library near me,14800,13,222,$0.03,2,18,https://lbb.in/delhi/public-libraries-in-delhi-membership/
3562,good shower gel,12100,52,31,$0.25,100,39,https://lbb.in/bangalore/best-body-wash-online/
3563,flower market near me,14800,6,2397,$0.41,4,11,https://lbb.in/hyderabad/best-flower-market/
3564,famous food in delhi,14800,74,31,$0.07,1,46,https://lbb.in/delhi/iconic-places-to-visit-in-delhi-to-eat/
3565,entertainment park in delhi,14800,44,31,$0.06,4,15,https://lbb.in/delhi/amusement-parks-in-delhi/
3566,bekal beach,12100,32,32,$0.18,1,19,https://lbb.in/bangalore/things-to-do-around-bekal-beach/
3567,atelier,12100,45,31,$0.20,1,66,https://lbb.in/pune/atelier/
3568,andheri restaurants,14800,26,35,$0.09,5,25,https://lbb.in/mumbai/restaurants-in-andheri-west/
3569,dadar plaza cinema,14800,13,134,$0.08,1,19,https://lbb.in/mumbai/plaza-cinema-dadar/
3570,cosmetics the balm,14800,43,31,$0.07,42,27,https://lbb.in/delhi/the-balm-beauty-products-lbb/
3571,ccd the square,14800,42,31,$0.08,4,19,https://lbb.in/delhi/cafe-coffee-day-cp/
3572,cafe dori,14800,12,378,$0,5,24,https://lbb.in/delhi/stop-what-youre-doing-47bc39/
3573,cafe bayview,14800,15,134,$0.04,3,29,https://lbb.in/mumbai/bayview-cafe-in-colaba/
3574,best wine in india,14800,25,39,$0,1,9,https://lbb.in/all/red-wine-brands/
3575,best places to see in chennai,14800,77,31,$0.11,7,42,https://lbb.in/chennai/chennai-tourist-places/
3576,laser tag,14800,17,111,$0.22,6,24,https://lbb.in/mumbai/laser-tag-arena-what-the-fun-ghatkopar/
3577,kay the fashion bay,9900,29,31,$0.20,9,33,https://lbb.in/places/Kay-The-Fashion-Bay-purasawalkam-9c1587/
3578,juhu cafes,14800,20,82,$0,3,23,https://lbb.in/mumbai/go-for-a-lazy-lunch-8a2e0a/
3579,joshi museum,9900,24,39,$0.29,6,32,https://lbb.in/pune/joshis-museum-miniature-railways/
3580,india best wine,14800,27,34,$0,1,14,https://lbb.in/all/red-wine-brands/
3581,hyderabad central,14800,19,75,$0.24,4,24,https://lbb.in/hyderabad/hyderabad-central-mall-3aa185/
3582,hussain sagar hyderabad telangana,14800,37,31,$0.13,4,31,https://lbb.in/hyderabad/hussain-sagar-things-to-do/
3583,hotel narayana,12100,34,31,$0.22,4,23,https://lbb.in/delhi/hotel-narayana-e75845/
3584,home for animals,14800,25,48,$0.12,1,22,https://lbb.in/chennai/best-animal-shelters-chennai/
3585,goa nightlife,14800,18,82,$0.25,3,23,https://lbb.in/goa/best-beaches-for-nightlife/
3586,wines brands,14800,18,75,$0,1,18,https://lbb.in/all/red-wine-brands/
3587,which sunscreen lotion is best for oily skin,14800,72,31,$0.07,99,22,https://lbb.in/delhi/best-sunscreen-oily-skin-shop-online/
3588,vijay store,14800,14,222,$0.15,3,19,https://lbb.in/delhi/vijay-store-cf4c2d/
3589,top restaurants in gurgaon,14800,35,31,$0.20,8,12,https://lbb.in/delhi/best-restaurants-gurgaon/
3590,tirumala andheri west,14800,5,694,$0,6,19,https://lbb.in/mumbai/tirumala-shopping-center-andheri/
3591,woodside inn bandra,12100,7,694,$0.25,4,19,https://lbb.in/mumbai/woodside-inn-bandra/
3592,tipu sultan kolkata,14800,59,31,$0.08,3,45,https://lbb.in/places/Tipu-Sultan-Masjid-kolkata-36ceb6/
3593,thrift clothes,9900,48,31,$0.52,4,30,https://lbb.in/hyderabad/the-thrifted-closet/
3594,the balm cosmetics,14800,37,31,$0.07,30,30,https://lbb.in/delhi/the-balm-beauty-products-lbb/
3595,tasty restaurants,14800,20,75,$0.10,3,27,https://lbb.in/delhi/best-restaurants-noida/
3596,tasmac shop,14800,23,48,$0,1,18,https://lbb.in/places/Liquor-Shop-chennai-10d186/
3597,summer camps for preschoolers near me,12100,7,975,$0.51,13,12,https://lbb.in/mumbai/summer-camps-in-mumbai/
3598,spas chennai,14800,10,500,$0.14,33,30,https://lbb.in/chennai/best-spas-in-chennai/
3599,sentosa resort,14800,26,35,$0.39,12,26,https://lbb.in/pune/sentosa-resorts-and-water-park-9db290/
3600,samantha's movie,14800,33,31,$0,1,30,https://lbb.in/hyderabad/best-samantha-movies-online/
3601,restaurants khan market,18100,11,500,$0,1,18,https://lbb.in/delhi/khan-market-hood-guide-shop-eat-drink/
3602,restaurants in mumbai,9900,41,31,$0.30,7,18,https://lbb.in/mumbai/best-restaurants-mumbai/
3603,goethe institut max mueller bhavan pune,14800,30,31,$0.52,6,30,https://lbb.in/pune/goetheinstitut-max-mueller-bhavan-c11bf0/
3604,go kart in chennai,12100,32,31,$0.25,1,9,https://lbb.in/chennai/gokarting-at-ecr-speedway-2de19d/
3605,food famous in delhi,14800,84,31,$0.07,1,29,https://lbb.in/delhi/iconic-places-to-visit-in-delhi-to-eat/
3606,escape room near me,9900,25,39,$0.13,26,43,https://lbb.in/bangalore/live-escape-rooms-bangalore/
3607,rahul theatre,14800,10,378,$0,1,22,https://lbb.in/pune/rahul-70-mm-808448/
3608,puppy cuddles dog café,14800,62,31,$0,5,11,https://lbb.in/mumbai/top-dog-cafes-in-mumbai/
3609,popular places in kolkata,14800,27,34,$0.03,5,28,https://lbb.in/kolkata/tourist-places-in-kolkata/
3610,places to visit bangkok city,14800,55,31,$0.17,74,39,https://lbb.in/all/things-to-see-in-bangkok/
3611,orion malls bangalore,14800,25,34,$0.04,1,39,https://lbb.in/bangalore/mall/orion-mall-malleswaram-bangalore/
3612,nirvana courtyard market,9900,4,1440,$0,1,18,https://lbb.in/delhi/nirvana-courtyard-gurgaon-shopping-guide/
3613,nearest hiking trail to me,14800,23,63,$0.25,2,26,https://lbb.in/kolkata/trekking-near-kolkata/
3614,mulshi resorts,14800,20,75,$0.09,55,39,https://lbb.in/pune/resorts-in-and-around-Mulshi/
3615,maharashtra nature park,12100,14,291,$0.09,4,26,https://lbb.in/mumbai/maharashtra-nature-park/
3616,library city centre,14800,77,31,$0.10,4,21,https://lbb.in/bangalore/city-central-library-95a575/
3617,kitty su club mumbai,14800,20,75,$0.14,3,24,https://lbb.in/mumbai/the-studs-sports-bar-61f8d1/
3618,jewel of nizam the minar,14800,19,87,$0.18,4,15,https://lbb.in/hyderabad/jewel-of-nizamthe-minar-98b019/
3619,house of mg hotel,12100,31,31,$0.42,23,38,https://lbb.in/delhi/ahmedabad-calling-stay-house-mg-art-architecture-al-fresco-dining/
3620,best wines india,14800,26,32,$0,1,19,https://lbb.in/all/red-wine-brands/
3621,best indian wines,18100,27,32,$0,1,13,https://lbb.in/bangalore/best-indian-wine-brands/
3622,best coffee shops in hyderabad,18100,21,63,$0,2,30,https://lbb.in/hyderabad/best-cafes-hyderabad/
3623,apparel brands in india,14800,60,31,$0.17,80,26,https://lbb.in/all/best-clothing-brands-india/
3624,accessories for laptop,18100,50,31,$0.02,79,42,https://lbb.in/hyderabad/best-laptop-accessories/
3625,elephant's head point mahabaleshwar,9900,18,167,$0.01,1,19,https://lbb.in/pune/elephants-head-point-c0adf9/
3626,deer park hauz khas,12100,17,134,$0.15,2,19,https://lbb.in/delhi/deer-park-hauz-khas/
3627,coffee shops in park street,18100,10,694,$0.02,3,36,https://lbb.in/kolkata/post/cafes?locality=park-street-area-kolkata
3628,citi centre,14800,14,111,$0.24,5,26,https://lbb.in/chennai/chennai-citi-centre-e3759d/
3629,brands of whiskey in india,14800,44,31,$0,1,27,https://lbb.in/bangalore/best-indian-whisky-brands/
3630,yo tibet,9900,24,48,$0.39,5,19,https://lbb.in/delhi/yo-tibet-190c9a/
3631,the tanjore tiffin room bandra,12100,12,291,$0.17,12,23,https://lbb.in/mumbai/tanjore-tiffin-room-makes-it-1b34d5/
3632,sophia bhabha auditorium mumbai,14800,18,75,$0.23,8,15,https://lbb.in/places/Sophia-Bhabha-Auditorium-mumbai-caa361/
3633,shower gel best,14800,40,31,$0.08,100,27,https://lbb.in/bangalore/best-body-wash-online/
3634,music shop near me,18100,10,378,$0.19,9,13,https://lbb.in/mumbai/musical-instruments-buy/
3635,summer camp,22200,20,87,$0.37,6,26,https://lbb.in/mumbai/summer-camps-in-mumbai/
3636,sightseeing places in ajmer,14800,33,31,$0.03,5,35,https://lbb.in/all/places-to-see-in-ajmer/
3637,shirt design male,18100,78,31,$0.02,97,42,https://lbb.in/hyderabad/types-of-shirts-for-men/
3638,rahul shivaji nagar pune,14800,8,291,$0.22,1,20,https://lbb.in/pune/rahul-70-mm-808448/
3639,pune camp shivaji market,14800,8,975,$0.09,1,19,https://lbb.in/pune/shivaji-market-0b89b1/
3640,masaledaar desi rasoi vadapalani,8100,31,31,$0.06,1,19,https://lbb.in/chennai/masaledaar-desi-rasoi-39d08d/
3641,lakshmi gardens,12100,5,2397,$0.11,6,19,https://lbb.in/chennai/lakshmi-gardens-d67656/
3642,khan market eateries,14800,10,500,$0.01,1,23,https://lbb.in/delhi/khan-market-hood-guide-shop-eat-drink/
3643,joshi museum pune,12100,18,82,$0.57,2,21,https://lbb.in/pune/joshis-museum-miniature-railways/
3644,new films on amazon prime,14800,41,31,$0.93,2,52,https://lbb.in/pune/new-movies-to-watch-on-amazon-prime/
3645,botanical garden in kolkata,14800,37,31,$0,1,9,https://lbb.in/kolkata/botanical-garden-shibpur-for-largest-banyan-tree-in-the-world/
3646,botanical garden calcutta,14800,48,31,$0.02,1,28,https://lbb.in/kolkata/botanical-garden-shibpur-for-largest-banyan-tree-in-the-world/
3647,best restaurants in indiranagar,18100,20,75,$7.07,5,12,https://lbb.in/bangalore/12th-main-restaurant-in-indranagar/
3648,best noise cancelling earbuds,14800,49,31,$0.04,100,40,https://lbb.in/all/best-noise-cancelling-earbuds/
3649,anand sweets sarjapur,12100,32,31,$0.19,8,19,https://lbb.in/places/Anand-Sweets-Savouries-sarjapur-road-c29818/
3650,amusement park in delhi and ncr,14800,88,31,$0.05,8,24,https://lbb.in/delhi/amusement-parks-in-delhi/
3651,acai bowl,9900,56,31,$1.01,1,31,https://lbb.in/hyderabad/acai-bowls-d4d69d/
3652,indian whisky brands,14800,64,31,$0.29,1,17,https://go.lbb.in/DeTLHcGubqb
3653,hyd golf club,14800,40,31,$0.14,4,23,https://lbb.in/hyderabad/hyderabad-golf-club-5f9ba8/
3654,house of mg ahmedabad,14800,20,70,$0.18,40,22,https://lbb.in/delhi/ahmedabad-calling-stay-house-mg-art-architecture-al-fresco-dining/
3655,hair diffuser for curly hair,12100,55,31,$0.07,96,23,https://lbb.in/all/diffusers-for-curly-hair/
3656,good indian wines,14800,33,31,$0,1,15,https://lbb.in/bangalore/best-indian-wine-brands/
3657,gokart chennai,14800,35,31,$0.04,1,16,https://lbb.in/chennai/gokarting-at-ecr-speedway-2de19d/
3658,g t world mall,14800,25,35,$0.03,1,24,https://lbb.in/bangalore/mall/gt-world-mall-bangalore/
3659,diffuser for curly hair,9900,33,31,$0.06,95,32,https://lbb.in/all/diffusers-for-curly-hair/
3660,curtains and designs,14800,21,82,$0.02,95,46,https://lbb.in/all/curtain-design-for-living-room/
3661,chappal shops near me,14800,19,75,$0.05,17,17,https://lbb.in/delhi/shoes-market-in-delhi/
3662,ccd square,14800,22,75,$0.15,4,19,https://lbb.in/mumbai/enjoy-an-immersive-gourmet-9d68a2/
3663,cafe in juhu,14800,18,111,$0,2,18,https://lbb.in/mumbai/go-for-a-lazy-lunch-8a2e0a/
3664,waste of wonder,14800,43,31,$0,1,17,https://lbb.in/delhi/the-waste-to-wonder-park-delhi/
3665,underdoggs hebbal,9900,29,31,$0.25,9,22,https://lbb.in/places/Underdoggs-Hebbal-hebbal-82496d/
3666,tipu sultan mosque,12100,28,39,$0.24,4,24,https://lbb.in/kolkata/tipu-sultan-mosque-9b44d3/
3667,tea villa cafe jayanagar,14800,26,35,$0.04,4,11,https://lbb.in/bangalore/tea-villa-cafe-hsr-layout-tea-varities/
3668,plaza theatre dadar,14800,15,87,$0.27,1,18,https://lbb.in/mumbai/plaza-cinema-dadar/
3669,places to go in bangkok thailand,12100,63,31,$0.15,78,34,https://lbb.in/all/things-to-see-in-bangkok/
3670,places to go bangkok,12100,72,31,$0.15,78,36,https://lbb.in/all/things-to-see-in-bangkok/
3671,parrys corner shopping,14800,22,35,$0.16,6,22,https://lbb.in/chennai/parrys-corner-01cda4/
3672,new punjabi dhaba hsr,14800,8,291,$0.11,1,21,https://lbb.in/bangalore/dont-miss-this-authentic-punjabi-32f165/
3673,mango trees restaurant,14800,19,82,$0.06,1,21,https://lbb.in/mumbai/mango-tree-juhu/
3674,lingerie shop near me,14800,15,134,$0.11,71,23,https://lbb.in/delhi/lingerie-stores-in-delhi/
3675,kolkata shopping centre,14800,38,31,$0.07,2,31,https://lbb.in/kolkata/mall/city-centre-2-mall-kolkata/
3676,shoe brands for women,18100,27,34,$0.03,99,40,https://lbb.in/bangalore/best-indian-shoe-brands/
3677,sarees near me,12100,45,31,$0.22,47,31,https://lbb.in/pune/saree-stores-in-pcmc-pune/
3678,saree near me,12100,57,31,$0.26,52,32,https://lbb.in/hyderabad/saree-shopping-kukatpally/
3679,good wine india,14800,30,31,$0,1,13,https://lbb.in/all/red-wine-brands/
3680,floral decoration for home,18100,35,31,$0.17,97,40,https://lbb.in/delhi/flower-decoration-at-home-delhi/
3681,famous food of delhi,14800,80,31,$0.07,1,28,https://lbb.in/delhi/iconic-places-to-visit-in-delhi-to-eat/
3682,famous food in new delhi,12100,74,31,$0.13,1,33,https://lbb.in/all/restaurants-in-delhi/
3683,dino world dinosaur park hyderabad,12100,10,500,$0.07,3,32,https://lbb.in/hyderabad/dino-world/
3684,diffuser to curl hair,18100,37,31,$0.07,99,21,https://lbb.in/all/diffusers-for-curly-hair/
3685,cultural festivals,14800,51,31,$0,1,51,https://lbb.in/delhi/Arth_The_Cultural_Fest/
3686,kittysu mumbai,14800,22,63,$0.12,2,28,https://lbb.in/mumbai/the-studs-sports-bar-61f8d1/
3687,indian brand garments,14800,53,31,$0.15,79,64,https://lbb.in/all/best-clothing-brands-india/
3688,indian apparel brands,14800,52,31,$0.23,78,41,https://lbb.in/all/best-clothing-brands-india/
3689,hyderabad central hyderabad,14800,66,31,$0.24,4,25,https://lbb.in/hyderabad/mall/city-centre-mall-hyderabad/
3690,house of mg hotel ahmedabad,12100,29,31,$0.42,23,40,https://lbb.in/delhi/ahmedabad-calling-stay-house-mg-art-architecture-al-fresco-dining/
3691,gung the palace green park,12100,20,82,$0.16,5,19,https://lbb.in/delhi/gung-the-palace-9f10ca/
3692,grover's vineyard,12100,41,31,$0.07,2,22,https://lbb.in/bangalore/grover-zampa-winery/
3693,birla planetarium kolkata west bengal,14800,26,35,$0.21,1,24,https://lbb.in/kolkata/mp-birla-planetarium/
3694,birdlife sanctuary,14800,15,222,$0.06,1,21,https://lbb.in/bangalore/soar-high-ten-bird-sanctuaries-india/
3695,best restaurant gurgaon,14800,32,31,$0.08,12,25,https://lbb.in/delhi/best-restaurants-gurgaon/
3696,al jawahar restaurant,12100,21,75,$0,3,17,https://lbb.in/delhi/dine-like-the-mughals-at-al-jawahar-old-delhi/
3697,coffee shop juhu,14800,17,134,$0.02,3,23,https://lbb.in/mumbai/go-for-a-lazy-lunch-8a2e0a/
3698,clay mask,14800,52,31,$0.12,97,52,https://lbb.in/all/best-clay-mask/
3699,camera rental,14800,55,31,$0.21,78,46,https://lbb.in/mumbai/photographers-recommend-camera-rentals/
3700,cafes in juhu,14800,15,167,$0.03,3,21,https://lbb.in/mumbai/go-for-a-lazy-lunch-8a2e0a/
3701,cafe juhu,14800,20,82,$0.02,3,23,https://lbb.in/mumbai/go-for-a-lazy-lunch-8a2e0a/
3702,c v raman nagar bangalore,14800,58,31,$0.16,2,19,https://lbb.in/bangalore/locality/c-v-raman-nagar-bangalore/
3703,best wines of india,14800,29,31,$0,1,17,https://lbb.in/all/red-wine-brands/
3704,best wines in india,18100,26,34,$0,1,10,https://lbb.in/all/red-wine-brands/
3705,best sound cancelling earbuds,14800,28,35,$0.06,99,39,https://lbb.in/all/best-noise-cancelling-earbuds/
3706,bengre beach,9900,22,75,$0.16,4,20,https://lbb.in/bangalore/bengre-beach-karnataka-7931e1/
3707,westside gachibowli hyderabad,14800,25,32,$0.29,7,18,https://lbb.in/hyderabad/shopping-in-gachibowli/
3708,pco bar,9900,29,31,$0.32,4,36,https://lbb.in/delhi/pco-vasant-vihar-delhi/
3709,onam sadhya near me,14800,4,4499,$0,4,11,https://lbb.in/pune/list-of-places-to-eat-onam-sadhya-in-pune/
3710,noida sector 104,14800,35,31,$0.21,3,19,https://lbb.in/delhi/locality/sector-104-noida/
3711,national park close to me,14800,29,32,$0.02,3,19,https://lbb.in/delhi/get-city-jungle-5-tiger-reserves-country-cant-miss/
3712,narsingh kukatpally,14800,20,63,$0.33,10,20,https://lbb.in/places/Sri-Narsingh-Cloth-Emporium-hyderabad-78793d/
3713,mumbai coffee shops,14800,20,75,$0.11,5,31,https://lbb.in/mumbai/post/coffee/
3714,wedding dresses and bridal gowns,14800,47,31,$0.03,97,19,https://lbb.in/bangalore/wedding-gowns-bangalore/
3715,vijaya mall,12100,24,39,$0.04,3,22,https://lbb.in/chennai/mall/forum-vijaya-mall-chennai/
3716,vegas mall dwarka,12100,15,111,$0,1,17,https://lbb.in/delhi/vegas-mall-dwarka-72a3f0/
3717,tourist spots in ajmer,14800,32,31,$0.03,5,33,https://lbb.in/all/places-to-see-in-ajmer/
3718,top 10 romantic movies in bollywood,14800,32,31,$0,1,32,https://lbb.in/all/top-bollywood-rom-coms/
3719,sunblock korean,12100,32,31,$0.08,100,28,https://lbb.in/all/best-korean-sunscreens/
3720,resorts in mumbai,14800,47,31,$0.11,78,41,https://lbb.in/mumbai/escape-5-luxury-resorts-near-mumbai-getaway/
3721,reserve starbucks,12100,22,63,$0.28,3,38,https://lbb.in/places/Starbucks-fort-4973f8/
3722,rang de basanti dhaba sector v salt lake,9900,29,31,$0.11,3,21,https://lbb.in/kolkata/rang-de-basanti-dhaba-ac482c/
3723,park street restaurants,18100,15,134,$0,3,19,https://lbb.in/kolkata/10-must-visit-restaurants-park-street?ref=lbbpost
3724,mascot beach resort kannur,14800,45,31,$0.09,36,20,https://lbb.in/bangalore/kannur-mascot-beach-resort/
3725,masaledaar desi rasoi egmore,6600,19,82,$0.25,1,19,https://lbb.in/chennai/masaledaar-desi-rasoi-39d08d/
3726,lip pigmentation,14800,81,31,$0.27,41,35,https://go.lbb.in/jkHgXKP4SXb
3727,lakshyan academy of sports,9900,17,111,$0.15,13,18,https://lbb.in/bangalore/sports-academies-bangalore/
3728,korean sunscreen,14800,43,31,$0.15,100,53,https://lbb.in/all/best-korean-sunscreens/
3729,joshi museum in pune,14800,20,75,$0.06,2,20,https://lbb.in/pune/joshis-museum-miniature-railways/
3730,india habitat centre gate no 1,12100,33,31,$0.16,7,14,https://lbb.in/delhi/visit-india-habitat-centre/
3731,hebbal lake bangalore,18100,11,500,$0,8,21,https://lbb.in/bangalore/hebbal-lake-bangalore/
3732,good hair salon near me for men,14800,9,975,$0.13,22,20,https://lbb.in/hyderabad/mens-salon-hyderabad/
3733,go native hsr,12100,13,291,$0.33,10,24,https://lbb.in/bangalore/returning-to-our-roots-gonative-a0a586/
3734,central shopping mall in hyderabad,14800,42,31,$0.33,3,22,https://lbb.in/hyderabad/mall/city-centre-mall-hyderabad/
3735,candies at bandra reclamation,12100,32,31,$0.14,8,22,https://lbb.in/places/Candies-bandra-west-4acd38/
3736,cafe heart cup coffee,390,18,134,$0,5,7,https://lbb.in/hyderabad/heart-cup-coffee-831922/
3737,brands of wine,14800,23,63,$0,1,17,https://lbb.in/all/red-wine-brands/
3738,best hair salons for guys near me,14800,9,975,$0.14,21,19,https://lbb.in/hyderabad/mens-salon-hyderabad/
3739,best cafes hyderabad,18100,20,82,$0,5,20,https://lbb.in/hyderabad/best-cafes-hyderabad/
3740,best body shower gel,12100,48,31,$0.10,99,44,https://lbb.in/bangalore/best-body-wash-online/
3741,best bluetooth speaker,14800,64,31,$0.03,99,47,https://lbb.in/all/best-bluetooth-speaker/
3742,1 no market,14800,10,500,$0.27,3,19,https://lbb.in/delhi/nit-faridabad-shopping-guide/
3743,dlf galleria,12100,18,87,$0.30,9,18,https://lbb.in/kolkata/dlf-galleria-19997c/
3744,destiny farmstay,9900,54,31,$0.10,44,34,https://lbb.in/bangalore/destiny-the-farm-resort-nilgiris/
3745,delhi popular food,14800,74,31,$0.07,1,32,https://lbb.in/all/restaurants-in-delhi/
3746,culinary classes near me,18100,11,500,$0.40,17,16,https://lbb.in/delhi/cooking-baking-classes-delhi/
3747,club rogue gachibowli,9900,12,291,$0.44,3,16,https://lbb.in/hyderabad/club-rogue-87ab13/
3748,clothes indian brands,14800,52,31,$0.17,80,57,https://lbb.in/all/best-clothing-brands-india/
3749,chennai parrys corner shopping,14800,29,31,$0.16,5,27,https://lbb.in/chennai/parrys-corner-01dcd5/
3750,theme parks in delhi ncr,14800,68,31,$0.05,8,26,https://lbb.in/delhi/amusement-parks-in-delhi/
3751,theme park in bangalore,18100,57,31,$0.20,9,13,https://lbb.in/bangalore/amusement-parks-around-bangalore/
3752,sri bhavani kangan store,9900,12,222,$0.70,14,22,https://lbb.in/bangalore/lbb-insider-bhavani-kangan-stores/
3753,sliding cupboard design,18100,29,31,$0.25,53,34,https://lbb.in/all/sliding-wardrobe-designs/
3754,zara sale,14800,9,378,$0.22,22,29,https://lbb.in/delhi/zara-is-having-a-sale-81b738/
3755,yeti the himalayan kitchen connaught place,14800,29,32,$0.22,3,20,https://lbb.in/delhi/the-best-tibetan-nepalese-e30fd1/
3756,white rum,14800,7,694,$0,1,22,https://lbb.in/all/best-white-rum-brands/
3757,westside camac street kolkata,12100,17,82,$0.29,15,16,https://lbb.in/kolkata/westside-fd063a/
3758,water park in bangalore,14800,32,31,$0.16,13,13,https://lbb.in/bangalore/water-parks-in-and-around-bangalore/
3759,toy store,27100,12,222,$0.12,11,30,https://lbb.in/hyderabad/top-toy-stores/
3760,thane creek,33100,63,31,$0,2,28,https://lbb.in/mumbai/thane-creek-1b123f/
3761,st thomas mount church,27100,21,63,$0,1,13,https://lbb.in/chennai/st-thomas-mount-church-cec211/
3762,south ex,14800,10,378,$0.20,2,19,https://lbb.in/delhi/south-ex-hood-guide/
3763,shopping centre kolkata,14800,28,34,$0.07,4,37,https://lbb.in/kolkata/mall/city-centre-2-mall-kolkata/
3764,road house bluez mumbai,12100,12,378,$0.25,4,20,https://lbb.in/mumbai/road-house-bluez-da69a2/
3765,restaurants in khan market,18100,8,975,$0,1,10,https://lbb.in/delhi/khan-market-hood-guide-shop-eat-drink/
3766,trench coat for men,18100,46,31,$0.05,100,30,https://lbb.in/kolkata/shop-mens-trench-coats-online/
3767,trainers for gym,14800,41,31,$0.46,7,46,https://lbb.in/all/best-shoes-for-gym/
3768,thrifted clothes,14800,17,87,$0.12,22,22,https://lbb.in/bangalore/thrift-stores-in-bangalore/
3769,the board room,18100,36,31,$0.24,5,22,https://lbb.in/chennai/board-game-places-chennai/
3770,night in goa,14800,29,31,$0.13,6,37,https://lbb.in/goa/best-beaches-for-nightlife/
3771,m cinema,14800,9,378,$0.11,1,21,https://lbb.in/delhi/M-cinemas-delhi/
3772,lipstick brands,14800,16,134,$0.08,96,51,https://lbb.in/all/organic-lipstick-brands/
3773,entertainment park in mumbai,14800,45,31,$0.05,12,27,https://lbb.in/mumbai/amusement-parks-in-mumbai/
3774,darjeeling lepcha momos,14800,40,31,$0.19,2,21,https://lbb.in/mumbai/taste-of-darjeeling-is-the-ce9a33/
3775,cyber hub restaurants,18100,23,63,$0.03,3,19,https://lbb.in/delhi/cyber-hub-guide-restaurant-bar-dessert/
3776,centre hyderabad,14800,20,111,$0.24,4,27,https://lbb.in/hyderabad/mall/city-centre-mall-hyderabad/
3777,camera rent,14800,75,31,$0.13,12,26,https://lbb.in/mumbai/photographers-recommend-camera-rentals/
3778,cafe durga,14800,21,75,$0,3,23,https://lbb.in/pune/cafe-durga-pune/
3779,by the bay,12100,32,31,$0.69,3,17,https://lbb.in/places/By-The-Bay-gtb-nagar-7ea8f6/
3780,bollywood dhaba,12100,12,291,$0.05,1,22,https://lbb.in/delhi/bollywood-dhaba-e57b3e/
3781,biswa bangla,12100,25,34,$0.03,1,22,https://lbb.in/kolkata/biswa-bangla-1b8c20/
3782,best coffee,14800,25,39,$0.17,97,33,https://lbb.in/bangalore/order-coffee-powder-online/
3783,best body gel,14800,43,31,$0.08,100,30,https://lbb.in/bangalore/best-body-wash-online/
3784,basant lok delhi,12100,6,1440,$0.13,9,21,https://lbb.in/delhi/hood-guide-basant-lok-market/
3785,bangkok tourist places,14800,66,31,$0.12,70,39,https://lbb.in/all/things-to-see-in-bangkok/
3786,bag brands,14800,26,39,$0.12,96,51,https://lbb.in/mumbai/buy-bags-mumbai-shopping/
3787,altair boutique hotel,12100,29,31,$0.18,34,24,https://lbb.in/kolkata/altair-880c3b/
3788,airbnb kolkata,12100,5,838,$0.20,56,18,https://lbb.in/kolkata/luxury-airbnbs-in-kolkata/
3789,32nd avenue gurgaon,14800,12,222,$0.42,1,18,https://lbb.in/delhi/things-to-do-32nd-avenue/
3790,l b nagar metro station,14800,34,31,$0.01,1,23,https://lbb.in/hyderabad/hyderabad-metro-ameerpet-lbnagar/
3791,kart racing chennai,9900,40,31,$0.19,1,16,https://lbb.in/chennai/gokarting-at-ecr-speedway-2de19d/
3792,juhu restaurants,18100,21,48,$0.06,3,24,https://lbb.in/mumbai/best-restaurants-juhu/
3793,hotel ravine panchgani,12100,18,82,$0.15,38,21,https://lbb.in/pune/hotel-ravine/
3794,hotel aureole,18100,40,31,$0.15,25,31,https://lbb.in/mumbai/relax-by-the-hammock-or-d470c4/
3795,planet of fashion,14800,20,87,$0.50,8,22,https://lbb.in/delhi/planet-fashion-8ad67b/
3796,pco bar delhi vasant vihar,14800,10,378,$0.47,2,22,https://lbb.in/delhi/pco-vasant-vihar-delhi/
3797,pco bar delhi,12100,21,63,$0.19,4,28,https://lbb.in/delhi/pco-vasant-vihar-delhi/
3798,palm grove goa,14800,26,34,$0.18,51,21,https://lbb.in/goa/palm-grove-beach-resort-all-year-resort-ashwem-beach/
3799,osman sagar lake view park,12100,22,75,$0.09,8,22,https://lbb.in/hyderabad/osman-sagar-lake-a3e3af/
3800,worli promenade,12100,23,75,$0.06,1,23,https://lbb.in/mumbai/worli-seaface-promenade/
3801,which vitamin good for hair,12100,64,31,$0.24,38,27,https://lbb.in/delhi/vitamins-for-hair-growth/
3802,tourist spots in bangkok,14800,59,31,$0.15,71,41,https://lbb.in/all/things-to-see-in-bangkok/
3803,tourist places bangkok,14800,51,31,$0.13,62,43,https://lbb.in/all/things-to-see-in-bangkok/
3804,top body wash,14800,51,31,$0.08,100,32,https://lbb.in/bangalore/best-body-wash-online/
3805,tea house,14800,27,48,$0.08,1,22,https://lbb.in/hyderabad/tea-rooms-hyderabad/
3806,summer program near me,14800,7,694,$0.45,18,13,https://lbb.in/mumbai/summer-camps-in-mumbai/
3807,st paul church,12100,22,63,$0.26,2,44,https://lbb.in/pune/st-pauls-church-f3296c/
3808,sardar patel marg new delhi delhi,14800,30,31,$0.13,4,21,https://lbb.in/delhi/locality/sardar-patel-marg-delhi/
3809,rum white,14800,9,500,$0,1,30,https://lbb.in/all/best-white-rum-brands/
3810,restaurants at park street,18100,19,87,$0.03,2,25,https://lbb.in/kolkata/10-must-visit-restaurants-park-street/
3811,rahul theater pune,14800,8,291,$0.22,1,19,https://lbb.in/pune/rahul-70-mm-808448/
3812,pune temple,14800,51,31,$0.02,1,31,https://lbb.in/pune/best-temples-to-visit-in-pune/
3813,vivanta taj begumpet,14800,50,31,$0.38,48,33,https://lbb.in/hyderabad/taj-vivanta-begumpet/
3814,hotel le meridien mahabaleshwar,14800,26,34,$0.44,32,36,https://lbb.in/mumbai/meridien-mahabaleshwar-hotel-resort-spa/
3815,gym trainer,14800,30,34,$0.28,7,25,https://lbb.in/bangalore/bangaloreans-recommend-personal-trainers/
3816,gurgaon top restaurants,14800,18,87,$0.08,12,24,https://lbb.in/delhi/best-restaurants-gurgaon/
3817,grover vineyard bangalore,12100,61,31,$0.07,2,25,https://lbb.in/bangalore/grover-zampa-winery/
3818,good coffee shops in hyderabad,14800,20,82,$0.03,6,26,https://lbb.in/hyderabad/best-cafes-hyderabad/
3819,golf club,14800,66,31,$0.20,9,25,https://lbb.in/bangalore/golf-courses-across-bangalore/
3820,go kart chennai,12100,32,31,$0.25,1,15,https://lbb.in/chennai/gokarting-at-ecr-speedway-2de19d/
3821,frisbees bandra,9900,22,63,$0.47,6,23,https://lbb.in/mumbai/frisbees/
3822,farm house hyd,14800,30,31,$0.14,84,10,https://lbb.in/hyderabad/top-farmhouses-new-year-parties/
3823,famous food delhi,14800,33,31,$0.07,1,35,https://lbb.in/delhi/iconic-places-to-visit-in-delhi-to-eat/
3824,popular food in new delhi,14800,59,31,$0.07,1,54,https://lbb.in/all/restaurants-in-delhi/
3825,places to see in bangkok,14800,69,31,$0.17,74,39,https://lbb.in/all/things-to-see-in-bangkok/
3826,pco delhi vasant vihar,9900,54,31,$0.32,4,30,https://lbb.in/delhi/master-cocktails-trulymadly-pco/
3827,oota whitefield bangalore,14800,15,87,$0.06,3,23,https://lbb.in/bangalore/oota-whitefield/
3828,oota bangalore,12100,21,75,$0.20,7,31,https://lbb.in/bangalore/oota-whitefield/
3829,near me library,14800,22,48,$0.09,2,18,https://lbb.in/delhi/public-libraries-in-delhi-membership/
3830,mysore krs,14800,17,134,$0,1,23,https://lbb.in/bangalore/krs-dam-mandya/
3831,mumbai cha raja,12100,36,31,$0,1,16,https://lbb.in/mumbai/mumbaicha-raja-ganesh-galli-6fa6cf/
3832,max mueller bhavan pune,14800,17,111,$0.23,4,11,https://lbb.in/pune/5-german-classes/
3833,lifestyle stores malleshwaram,20,24,34,$0,2,14,https://lbb.in/bangalore/street-shopping-malleswaram-bangalore/
3834,krs in mysore,12100,40,31,$0.13,1,17,https://lbb.in/bangalore/krs-dam-mandya/
3835,kolkata metro time,18100,57,31,$0,1,28,https://go.lbb.in/xzP16GAmVXb
3836,kolkata famous places,14800,23,63,$0.03,5,27,https://lbb.in/kolkata/tourist-places-in-kolkata/
3837,khan market restaurants,18100,8,694,$0,1,18,https://lbb.in/delhi/khan-market-hood-guide-shop-eat-drink/
3838,kayaking goa,14800,40,31,$0.21,25,30,https://lbb.in/goa/best-kayaking-in-goa/
3839,kashmir house,14800,24,63,$0.18,2,23,https://lbb.in/delhi/jammu-kashmir-house-657b22/
3840,karwar beach,12100,18,87,$0.14,1,22,https://lbb.in/mumbai/karwar-beach-for-a-1a4524/
3841,jus jumpin trampoline park,14800,12,378,$0.24,4,23,https://lbb.in/kolkata/jus-jumping-kolkata/
3842,jogeshwari caves mumbai,14800,13,291,$0.14,4,25,https://lbb.in/mumbai/jogeshwari-caves-mumbai/
3843,is today a dry day in mumbai,6600,17,75,$0,1,26,https://lbb.in/mumbai/bars-open-dry-days/
3844,camps near me for summer,14800,6,1440,$0.45,18,24,https://lbb.in/mumbai/summer-camps-in-mumbai/
3845,brands of whisky in india,14800,64,31,$0,1,15,https://lbb.in/bangalore/best-indian-whisky-brands/
3846,decathlon chennai,14800,13,291,$0.03,3,23,https://lbb.in/chennai/decathlon-sports-store-chennai/
3847,botanical gardens of kolkata,14800,43,31,$0.02,1,20,https://lbb.in/kolkata/botanical-garden-shibpur-for-largest-banyan-tree-in-the-world/
3848,best restaurants gurugram,14800,33,31,$0.07,12,25,https://lbb.in/delhi/best-restaurants-gurgaon/
3849,best male hair salon near me,14800,9,975,$0.14,21,19,https://lbb.in/hyderabad/mens-salon-hyderabad/
3850,best indian wine,14800,29,31,$0,1,17,https://lbb.in/bangalore/best-indian-wine-brands/
3851,best earbuds with noise cancellation,14800,53,31,$0.06,99,38,https://lbb.in/all/best-noise-cancelling-earbuds/
3852,best cafe hyderabad,14800,17,111,$0.03,6,31,https://lbb.in/hyderabad/best-cafes-hyderabad/
3853,best bluetooth wireless speakers,14800,72,31,$0.04,98,82,https://lbb.in/all/best-bluetooth-speaker/
3854,alterations,3600,43,31,$0,1,33,https://lbb.in/chennai/just-alterations-clothes-design-studio-t-nagar-chennai/
3855,air live jubilee hills,14800,20,75,$0.18,3,22,https://lbb.in/hyderabad/air-live-752848/
3856,wax museum lonavala,5400,16,167,$0.02,5,16,https://lbb.in/pune/just-laughs-wax-museum-lonavala/
3857,vv puram bangalore,14800,12,378,$0,3,18,https://lbb.in/bangalore/what-to-eat-at-vv-puram-food-street/
3858,trails and hikes near me,14800,14,222,$0.25,2,20,https://lbb.in/kolkata/trekking-near-kolkata/
3859,temples in pune,14800,33,31,$0.02,1,39,https://lbb.in/pune/best-temples-to-visit-in-pune/
3860,trench coat men,14800,49,31,$0.09,98,47,https://lbb.in/kolkata/shop-mens-trench-coats-online/
3861,tibetan delight,9900,11,500,$0.63,1,21,https://lbb.in/kolkata/tibetan-delight-52e044/
3862,shooting firing range,14800,15,291,$0.05,1,21,https://lbb.in/delhi/best-shooting-ranges-delhi/
3863,indian whiskey brands,14800,69,31,$0.77,1,17,https://lbb.in/bangalore/best-indian-whisky-brands/
3864,hyderabad golf club,12100,38,31,$0.24,5,22,https://lbb.in/hyderabad/hyderabad-golf-club-5f9ba8/
3865,shoes and shop,14800,85,31,$0.07,13,48,https://lbb.in/hyderabad/top-shoe-stores/
3866,restaurants in juhu mumbai,14800,23,63,$0.03,3,25,https://lbb.in/mumbai/best-restaurants-juhu/
3867,restaurants in juhu mumbai,14800,23,63,$0.03,3,25,https://lbb.in/mumbai/best-restaurants-juhu/
3868,resin art near me,12100,11,500,$0.09,7,23,https://lbb.in/mumbai/resin-art-workshop-in-mumbai/
3869,raftaar theme park,14800,10,378,$0.06,4,20,https://lbb.in/pune/go-karting-places-in-pune/
3870,radio bar,12100,27,35,$0.10,4,22,https://lbb.in/mumbai/can-you-hear-it-radio-d750be/
3871,paashh,9900,35,31,$0.19,3,23,https://lbb.in/pune/paashh-super-food-enjoy-dishes-f1ff5d/
3872,nfc al bake,14800,27,34,$0.18,2,22,https://lbb.in/delhi/3-other-things-to-order-at-al-bake/
3873,new movies on amazon prime,14800,39,31,$0.90,3,10,https://lbb.in/pune/new-movies-to-watch-on-amazon-prime/
3874,new udaan bhawan,14800,38,31,$0.11,3,19,https://merchant.lbb.in/merchant/business-details/New-Udaan-Bhawan-60966a
3875,manhattan bar & brewery,12100,11,378,$0.35,10,25,https://lbb.in/delhi/manhattan-brewery-just-got-seriously-cool-upgrade/
3876,kolkata botanical garden,14800,48,31,$0,1,17,https://lbb.in/kolkata/botanical-garden-shibpur-for-largest-banyan-tree-in-the-world/
3877,indian whiskey brands,14800,69,31,$0.77,1,17,https://lbb.in/bangalore/best-indian-whisky-brands/
3878,hyderabad golf club,12100,38,31,$0.24,5,22,https://lbb.in/hyderabad/hyderabad-golf-club-5f9ba8/
3879,go karting in chennai,12100,32,31,$0.25,1,9,https://lbb.in/chennai/gokarting-at-ecr-speedway-2de19d/
3880,go karting chennai,12100,32,31,$0.25,1,10,https://lbb.in/chennai/gokarting-at-ecr-speedway-2de19d/
3881,ganesh peth pune,12100,34,31,$0.18,10,19,https://lbb.in/pune/manache-ganpati-in-pune/
3882,fun park in delhi,18100,50,31,$0.05,5,33,https://lbb.in/delhi/amusement-parks-in-delhi/
3883,dump yard,12100,29,35,$0.04,1,27,https://lbb.in/bangalore/daily-dump/
3884,chakala metro station,8100,17,75,$0.13,6,13,https://lbb.in/places/Chakala-Metro-Station-andheri-east-7bd912/
3885,camera for rent,14800,66,31,$0.21,78,41,https://lbb.in/mumbai/photographers-recommend-camera-rentals/
3886,cai store,14800,25,48,$0.39,100,53,https://lbb.in/places/The-CAI-Store-35a494/
3887,cafe park street,14800,18,111,$0.02,2,22,https://lbb.in/kolkata/post/cafes?locality=park-street-area-kolkata
3888,branded wine,14800,37,31,$0,1,15,https://lbb.in/all/red-wine-brands/
3889,bookish shops,14800,65,31,$0.60,3,23,https://lbb.in/delhi/book-stores-gurgaon/
3890,best chocolate,14800,62,31,$0.25,94,51,https://lbb.in/all/best-homegrown-chocolate-brands/
3891,best body wash,12100,49,31,$0.16,100,40,https://lbb.in/bangalore/best-body-wash-online/
3892,avani riverside mall howrah,14800,25,34,$0.07,3,33,https://lbb.in/kolkata/things-to-do-avani-mall/
3893,vegetarian food,14800,42,31,$0.27,6,24,https://lbb.in/bangalore/post/vegetarian/
3894,truffles kalyan nagar,12100,18,82,$0.16,6,19,https://lbb.in/bangalore/truffles-kalyan-nagar/
3895,top bluetooth speaker,14800,74,31,$0.04,100,44,https://lbb.in/all/best-bluetooth-speaker/
3896,top 10 romantic movies bollywood,14800,42,31,$0,1,31,https://lbb.in/all/top-bollywood-rom-coms/
3897,the royal opera house mumbai,18100,22,63,$0.21,5,40,https://lbb.in/mumbai/royal-opera-house-08ff08/
3898,spa in chennai,14800,15,167,$0.17,27,26,https://lbb.in/chennai/best-spas-in-chennai/
3899,shopping mall at kolkata,14800,39,31,$0.07,4,26,https://lbb.in/kolkata/mall-hopping-heres-our-list-f20ea5/
3900,rose cafe,14800,15,222,$0.03,2,23,https://lbb.in/delhi/rose-cafe-new-dining-room-menu/
3901,places to see at ajmer,14800,37,31,$0.04,17,32,https://lbb.in/all/places-to-see-in-ajmer/
3902,orion mall bangalore,14800,28,31,$0.35,1,18,https://lbb.in/bangalore/mall/orion-mall-malleswaram-bangalore/
3903,mehar chand market,8100,7,694,$0.18,1,20,https://lbb.in/delhi/meharchand-market-shopping/
3904,le meridien mahabaleshwar resort and spa,14800,19,63,$0.30,34,29,https://lbb.in/mumbai/meridien-mahabaleshwar-hotel-resort-spa/
3905,kolkata popular places,14800,33,31,$0.05,3,28,https://lbb.in/kolkata/tourist-places-in-kolkata/
3906,johnson market,14800,7,2397,$0.06,1,19,https://lbb.in/bangalore/the-street-food-at-johnson-market/
3907,immaculate conception church,40500,43,31,$0,4,27,https://lbb.in/mumbai/church-of-immaculate-conception-borivali-e9775d/
3908,himalaya book world,9900,5,2397,$0.34,5,24,https://lbb.in/hyderabad/himalaya-book-world-bcc81c/
3909,heart cup hyderabad,320,22,63,$0.01,2,25,https://lbb.in/hyderabad/heart-cup-coffee-831922/
3910,haldiram's green park,14800,22,39,$0.18,5,19,https://lbb.in/places/Haldirams-green-park-75ae87/
3911,golf course hyderabad,12100,44,31,$0.22,5,19,https://lbb.in/hyderabad/hyderabad-golf-club-5f9ba8/
3912,furniture market ulhasnagar,12100,30,34,$0.02,3,17,https://lbb.in/mumbai/wooden-furniture-from-ulhas-nagar/
3913,famous places to visit in kolkata,12100,37,31,$0.06,10,22,https://lbb.in/kolkata/tourist-places-in-kolkata/
3914,nilgiris 1905,14800,9,291,$0.40,2,23,https://lbb.in/chennai/nilgiris-supermarket-12fb6f/
3915,nightlife places in goa,14800,15,167,$0.11,6,25,https://lbb.in/goa/best-beaches-for-nightlife/
3916,central in hyderabad,14800,16,87,$0.24,4,24,https://lbb.in/hyderabad/hyderabad-central-mall-3aa185/
3917,bird sanctuary,22200,37,31,$0,2,25,https://lbb.in/bangalore/soar-high-ten-bird-sanctuaries-india/
3918,best restaurants bangalore indiranagar,14800,15,167,$0.05,10,24,https://lbb.in/bangalore/locality/indira-nagar-bangalore/
3919,best makeup foundation dry skin,14800,25,39,$0.07,99,32,https://lbb.in/delhi/foundations-for-dry-skin/
3920,basant lok,14800,6,1440,$0.10,3,19,https://lbb.in/delhi/hood-guide-basant-lok-market/
3921,andheri mumbai restaurants,14800,26,39,$0.03,6,22,https://lbb.in/mumbai/restaurants-in-andheri-west/
3922,amusement park bangalore,14800,47,31,$0.09,11,29,https://lbb.in/bangalore/amusement-parks-around-bangalore/
3923,amoeba sports bar,14800,22,75,$0.05,5,21,https://lbb.in/mumbai/bowling-at-amoeba-6d988b/
3924,amma restaurants,12100,18,111,$0.04,1,21,https://lbb.in/chennai/amma-chettinad-restaurant-chennai/
3925,32 avenue gurgaon,14800,21,75,$0.02,1,28,https://lbb.in/delhi/things-to-do-32nd-avenue/
3926,dharmaraya swamy temple,14800,14,291,$0.12,4,25,https://lbb.in/bangalore/dharmaraya-swamy-temple-3e1848/
3927,deer park in hauz khas,12100,9,500,$0.06,2,21,https://lbb.in/delhi/deer-park-hauz-khas/
3928,city central library,14800,8,694,$0.16,5,19,https://lbb.in/bangalore/city-central-library-95a575/
3929,mangalore pearl,14800,20,75,$0.01,4,24,https://lbb.in/bangalore/mangalore-pearl-seafood-restaurant-bangalore/
3930,mall in kolkata,14800,39,31,$0,1,18,https://lbb.in/kolkata/mall-hopping-heres-our-list-f20ea5/
3931,mahakali caves road,9900,37,31,$0.14,11,19,https://lbb.in/mumbai/mahakali-caves-4eeb50/
3932,veer savarkar garden borivali west,12100,38,31,$0,7,11,https://lbb.in/mumbai/veer-savarkar-garden-881ec6/
3933,theory patisserie & cafe,12100,28,31,$0.37,9,20,https://lbb.in/hyderabad/theory-cafe-jubilee-hills-087aee/
3934,the brand factory,12100,33,31,$0.23,6,52,https://lbb.in/pune/brand-factory-ad8c0b/
3935,t begur,14800,51,31,$0.08,2,15,https://lbb.in/bangalore/begur-fort-temple-near-bangalore/
3936,sushant shopping arcade,12100,62,31,$0.24,4,18,https://lbb.in/delhi/locality/sushant-lok-gurgaon/
3937,surve pune,14800,22,63,$0.14,4,22,https://lbb.in/pune/surve/
3938,surf turf,12100,22,48,$0.09,7,29,https://lbb.in/chennai/surf-turf-kovalam/
3939,streetwear,6600,9,378,$0.18,81,37,https://lbb.in/hyderabad/best-indian-streetwear-labels/
3940,stepout cafe,9900,25,39,$0.05,8,30,https://lbb.in/delhi/jaipurs-first-book-lounge-cafe-library-garden/
3941,running track,14800,13,291,$0.05,6,31,https://lbb.in/bangalore/open-air-places-go-running-bangalore/
3942,road house bluez,14800,11,378,$0.22,3,23,https://lbb.in/mumbai/road-house-bluez-da69a2/
3943,rent jewellery near me,14800,20,75,$0.25,14,19,https://lbb.in/delhi/bridal-jewellery-on-rent/
3944,ram maruti road thane,14800,38,31,$0,5,11,https://lbb.in/mumbai/ram-maruti-road-saaris-thane/
3945,rahul talkies pune,14800,12,167,$0.22,1,20,https://lbb.in/pune/rahul-70-mm-808448/
3946,kerala movies,14800,20,63,$0.15,1,54,https://lbb.in/all/best-malayalam-movies/
3947,hollywood movies suspense,14800,15,111,$0.71,6,31,https://lbb.in/all/best-suspense-thriller-movies/
3948,himalaya book world branches in hyderabad,14800,6,1440,$0.19,4,19,https://lbb.in/hyderabad/himalaya-book-world-bcc81c/
3949,hebbal lake,18100,13,291,$0,8,26,https://lbb.in/bangalore/hebbal-lake-bangalore/
3950,good noise cancelling earbuds,14800,48,31,$0.05,99,36,https://lbb.in/all/best-noise-cancelling-earbuds/
3951,golf club hyderabad,12100,42,31,$0.22,5,22,https://lbb.in/hyderabad/hyderabad-golf-club-5f9ba8/
3952,german bakery lonavala,12100,14,291,$0.04,2,19,https://lbb.in/mumbai/german-bakery-lonavala-79195a/
3953,fun parks in delhi,14800,50,31,$0.03,10,18,https://lbb.in/delhi/amusement-parks-in-delhi/
3954,food mexican,14800,29,35,$0.07,1,27,https://lbb.in/bangalore/eat-mexican-food-in-bangalore/
3955,english breakfast,18100,34,31,$0.58,1,24,https://lbb.in/mumbai/english-breakfast-mumbai/
3956,dharmaraya temple,14800,10,378,$0.12,4,19,https://lbb.in/bangalore/dharmaraya-swamy-temple-3e1848/
3957,dandiya night near me,14800,3,1440,$0,1,22,https://lbb.in/delhi/dandiya-nights-delhi-ncr/
3958,community center new friends colony,12100,21,75,$0.18,8,20,https://lbb.in/delhi/old-friends-and-new-new-friends-colony-hood-guide/
3959,closest gift shops,14800,6,2397,$0.15,20,24,https://lbb.in/delhi/present-perfect-gift-shops-delhi/
3960,close water park,14800,19,111,$0.04,6,18,https://lbb.in/bangalore/water-parks-in-and-around-bangalore/
3961,chanakya bnr hotel puri,12100,49,31,$0.11,42,21,https://lbb.in/kolkata/chanakya-bnr-puri-review/
3962,calamari bathe and binge,12100,13,291,$0.08,6,23,https://lbb.in/goa/calamari-beach-shack-candolim/
3963,cafe heart cup coffee hyderabad,320,19,82,$0.01,2,22,https://lbb.in/hyderabad/heart-cup-coffee-831922/
3964,breakfast english,14800,76,31,$0.07,1,46,https://lbb.in/mumbai/english-breakfast-mumbai/
3965,brand of ladies shoes,14800,45,31,$0.03,99,68,https://lbb.in/bangalore/best-indian-shoe-brands/
3966,botanical garden kolkata,14800,38,31,$0,1,17,https://lbb.in/kolkata/acharya-jagadish-chandra-bose-indian-botanical-garden-34d458/
3967,best hair salon for guys near me,14800,10,694,$0.12,19,35,https://lbb.in/hyderabad/mens-salon-hyderabad/
3968,best foundation for dry skin,18100,63,31,$0.09,100,41,https://lbb.in/delhi/foundations-for-dry-skin/
3969,best cafes in hyderabad,18100,21,75,$0,5,12,https://lbb.in/hyderabad/best-cafes-hyderabad/
3970,amusement park in mumbai,18100,60,31,$0.11,5,12,https://lbb.in/mumbai/amusement-parks-in-mumbai/
3971,al bek,14800,39,31,$0,5,24,https://lbb.in/bangalore/albek-c89cc7/
3972,abdul rehman street in mumbai,14800,12,378,$0.27,3,31,https://lbb.in/mumbai/stationery-lovers-abdul-rehman/
3973,which sunblock is best for oily skin,14800,44,31,$0.07,99,15,https://go.lbb.in/iWllo8d9SXb
3974,veer savarkar park borivali west,12100,34,31,$0.36,5,18,https://lbb.in/mumbai/veer-savarkar-garden-881ec6/
3975,vapour brewpub and diner,14800,10,291,$0.12,6,20,https://lbb.in/bangalore/vapour-brewpub-and-diner-sarjapur/
3976,the souled store indiranagar bangalore,14800,40,31,$0.20,8,25,https://lbb.in/bangalore/souled-store-online-shopping/
3977,temple tree leisure,12100,33,31,$0.18,8,19,https://lbb.in/bangalore/temple-tree-leisure-79789c/
3978,temple in pune city,14800,34,31,$0.02,1,21,https://lbb.in/pune/best-temples-to-visit-in-pune/
3979,tasmac shops,9900,22,48,$0,1,17,https://lbb.in/chennai/tasmac-liquor-shop-express-avenue-mall-royapettah-chennai/
3980,sun block korea,14800,62,31,$0.05,100,24,https://lbb.in/all/best-korean-sunscreens/
3981,summer camp for preschool near me,14800,15,222,$0.55,12,19,https://lbb.in/mumbai/summer-camps-in-mumbai/
3982,sulabh toilet,9900,53,31,$0.20,2,32,https://lbb.in/delhi/sulabh-international-toilet-museum-visit-9131aa/
3983,shoes brands for ladies,18100,51,31,$0.03,100,40,https://lbb.in/bangalore/best-indian-shoe-brands/
3984,shirt design for men,14800,33,31,$0.10,97,39,https://lbb.in/hyderabad/types-of-shirts-for-men/
3985,sheraton grand pune,14800,54,29,$0.18,45,31,https://lbb.in/pune/sheraton-grand-26cbb2/
3986,sardar patel marg new delhi,14800,36,31,$0.22,3,19,https://lbb.in/delhi/locality/sardar-patel-marg-delhi/
3987,salads close to me,14800,8,975,$0.11,10,30,https://lbb.in/delhi/best-salads-delhi/
3988,which sunscreen is best for oily skin,14800,84,31,$0.13,98,39,https://lbb.in/all/best-spf-50-for-oily-skin/
3989,place in bangkok,14800,66,31,$0.17,74,40,https://lbb.in/all/things-to-see-in-bangkok/
3990,panchgani ravine hotel,14800,21,75,$0.17,36,22,https://lbb.in/pune/hotel-ravine/
3991,novels romance,14800,58,31,$0.03,17,34,https://lbb.in/all/romantic-novels/
3992,nightlife in goa india,14800,25,48,$0.08,7,37,https://lbb.in/goa/best-beaches-for-nightlife/
3993,nehru place 2,18100,64,31,$0.11,4,20,https://lbb.in/delhi/nehru-place-6a7d61/
3994,lotus park,14800,44,31,$0.18,4,19,https://lbb.in/hyderabad/lotus-pond-film-nagar/
3995,live music restaurants near me,12100,9,500,$0.17,8,11,https://lbb.in/pune/live-music-venues-in-pune/
3996,lip filler,14800,56,31,$0.71,15,34,https://lbb.in/all/lip-fillers-dermatologist-tips/
3997,kolhapur pune distance,14800,75,31,$0.57,2,19,https://lbb.in/pune/road-tripping-pune-kolhapur-visit-wax-museum-dig-local-cuisine-way/
3998,kart racing in chennai,14800,41,31,$0.10,1,17,https://lbb.in/chennai/gokarting-at-ecr-speedway-2de19d/
3999,kalyan bhel,14800,33,31,$0.04,5,24,https://lbb.in/pune/the-best-bhel-puri-and-kulfi-237e52/
4000,joshi's museum of miniature railway,9900,32,31,$0.29,6,32,https://lbb.in/pune/joshis-museum-miniature-railways/
4001,irani cafe baner,14800,18,82,$0,10,21,https://lbb.in/pune/not-just-an-caf-but-9a9977/
4002,indian botanical garden in kolkata,14800,40,31,$0.02,1,24,https://lbb.in/kolkata/acharya-jagadish-chandra-bose-indian-botanical-garden-34d458/
4003,ikea mumbai,22200,15,134,$0.90,94,53,https://lbb.in/mumbai/ikea-store-navi-mumbai/
4004,pune kartdrome,14800,10,378,$0.08,7,25,https://lbb.in/pune/go-karting-places-in-pune/
4005,eateries in khan market,14800,9,694,$0.01,1,21,https://lbb.in/delhi/khan-market-hood-guide-shop-eat-drink/
4006,hotel sonar bangla,12100,20,63,$0.28,6,21,https://lbb.in/kolkata/hotel-sonar-bangla-taki/
4007,hotel o pune koregaon park,12100,49,31,$0.34,14,29,https://lbb.in/pune/o-hotel-pune/
4008,good indian wine,14800,31,31,$0,1,17,https://lbb.in/bangalore/best-indian-wine-brands/
4009,good hair salons near me for men,14800,29,31,$0.12,19,23,https://lbb.in/hyderabad/mens-salon-hyderabad/
4010,golf course in hyderabad,14800,27,35,$0.09,3,18,https://lbb.in/hyderabad/best-golf-courses/
4011,golf club in hyderabad,12100,44,31,$0.22,5,19,https://lbb.in/hyderabad/hyderabad-golf-club-5f9ba8/
4012,goa state museum,14800,39,31,$0.06,3,18,https://lbb.in/goa/goa-state-museum-f61c7d/
4013,famous delhi food,12100,67,31,$0.13,1,32,https://lbb.in/delhi/iconic-places-to-visit-in-delhi-to-eat/
4014,cafe kathaa,14800,9,500,$0,2,23,https://lbb.in/pune/instaworthy-book-cafes-on-fc-road-in-pune-cafe-kathaa/
4015,cafe in park street,14800,15,134,$0,3,10,https://lbb.in/kolkata/post/cafes?locality=park-street-area-kolkata
4016,cafe heart cup,320,20,82,$0.01,2,39,https://lbb.in/hyderabad/heart-cup-coffee-831922/
4017,botany garden kolkata,14800,44,31,$0.02,1,29,https://lbb.in/kolkata/botanical-garden-shibpur-for-largest-banyan-tree-in-the-world/
4018,botanical gardens in kolkata,14800,44,31,$0.02,1,22,https://lbb.in/kolkata/botanical-garden-shibpur-for-largest-banyan-tree-in-the-world/
4019,best momos near me,14800,11,378,$0.19,4,11,https://lbb.in/delhi/best-momos-in-gurgaon/
4020,best men's haircut salon near me,14800,9,694,$0.14,21,19,https://lbb.in/hyderabad/mens-salon-hyderabad/
4021,best bluetooth speakers,14800,42,31,$0.04,98,47,https://lbb.in/delhi/best-bluetooth-speakers-under-inr-3000/
4022,a square mall,9900,71,31,$0.15,8,40,https://lbb.in/bangalore/mall/park-square-mall-bangalore/
4023,cecconi's mumbai,9900,29,31,$0.25,6,21,https://lbb.in/mumbai/cecconi-08d53b/
4024,cat cafes in mumbai,14800,23,48,$0.13,2,32,https://lbb.in/mumbai/felines-cat-cafe-studio-need-help-fund-bigger-better-studio/
4025,cat cafe studio,12100,20,82,$0.13,4,44,https://lbb.in/mumbai/not-just-feline-love-cat-cafe-studio-also-serves-delish-homebaked-goodies-bagels/
4026,cat cafe in mumbai,12100,22,63,$0.09,6,10,https://lbb.in/mumbai/felines-cat-cafe-studio-need-help-fund-bigger-better-studio/
4027,cafe coffee day the square,14800,6,500,$0.15,4,22,https://lbb.in/mumbai/enjoy-an-immersive-gourmet-9d68a2/
4028,soul fry mumbai,12100,20,82,$0.09,3,23,https://lbb.in/mumbai/new-menu-soul-fry/
4029,soul fry,12100,17,111,$0.22,6,26,https://lbb.in/mumbai/soul-fry/
4030,sector 16 faridabad,12100,53,31,$0.18,3,22,https://lbb.in/delhi/locality/sector-16-faridabad/
4031,sardar patel marg delhi,14800,25,35,$0.22,3,20,https://lbb.in/delhi/locality/sardar-patel-marg-delhi/
4032,restaurants in noida,14800,13,222,$0.14,7,21,https://lbb.in/delhi/best-restaurants-noida/
4033,waterpark bangalore,14800,50,31,$0.11,36,29,https://lbb.in/bangalore/water-parks-in-and-around-bangalore/
4034,veer savarkar garden borivali,12100,36,31,$0,7,11,https://lbb.in/mumbai/veer-savarkar-garden-881ec6/
4035,upper lake bhopal,9900,42,31,$0.26,8,20,https://lbb.in/mumbai/upper-lake-3cb4c1/
4036,top 10 bollywood romance movies,14800,37,31,$0.39,1,30,https://lbb.in/all/top-bollywood-rom-coms/
4037,thrifting clothes,14800,11,378,$0.16,7,28,https://lbb.in/bangalore/thrift-stores-in-bangalore/
4038,theme park mumbai,18100,52,31,$0.16,4,20,https://lbb.in/mumbai/amusement-parks-in-mumbai/
4039,the pet cafe hyderabad,12100,13,222,$0.14,8,28,https://lbb.in/hyderabad/pet-friendly-cafes-hyderabad/
4040,the dhan mill,12100,18,82,$0.27,6,28,https://lbb.in/delhi/dhan-mill-hood-guide/
4041,matcha near me,12100,10,500,$0.08,8,39,https://lbb.in/hyderabad/matcha-spots-in-hyderabad/
4042,krs dam mysore,14800,39,31,$0.05,1,19,https://lbb.in/bangalore/krs-dam-mandya/
4043,indian best wine,14800,35,31,$0,1,14,https://lbb.in/bangalore/best-indian-wine-brands/
4044,ikea worli,14800,17,82,$0.09,100,53,https://lbb.in/mumbai/project-blue-juhu-a0b367/
4045,ikea restaurant navi mumbai,14800,32,31,$0.11,6,28,https://lbb.in/mumbai/ikea-store-navi-mumbai/
4046,i c church,18100,18,63,$0.10,4,24,https://lbb.in/mumbai/church-of-immaculate-conception-borivali-9f3406/
4047,grand sheraton pune,14800,54,31,$0.18,45,31,https://lbb.in/pune/sheraton-grand-26cbb2/
4048,foundation good for dry skin,14800,50,31,$0.07,99,24,https://lbb.in/delhi/foundations-for-dry-skin/
4049,father's day gift,18100,54,31,$0.25,90,30,https://lbb.in/delhi/fathers-day-gifts/
4050,fashion in mumbai,14800,32,31,$0.10,6,26,https://lbb.in/mumbai/mumbai-boutiques-shopping/
4051,eating circles,14800,12,378,$0,9,25,https://lbb.in/chennai/eating-circles-restaurant-kilpauk-chennai/
4052,dumpster yard,12100,19,111,$0.12,1,24,https://lbb.in/bangalore/daily-dump/
4053,republic day sale,14800,26,32,$0.04,2,25,https://lbb.in/pune/republic-day-sales-pune/
4054,prokick sports studio hyderabad,12100,13,167,$0.08,3,18,https://lbb.in/places/Prokick-Sports-Studio-hi-tech-city-c57009/
4055,popular beach in goa,14800,69,31,$0.32,8,32,https://lbb.in/goa/best-beaches-in-goa/
4056,plaza dadar cinema,14800,11,167,$0.19,1,20,https://lbb.in/mumbai/plaza-cinema-dadar/
4057,places of interest bangkok,12100,100,31,$0.15,78,39,https://lbb.in/all/things-to-see-in-bangkok/
4058,place to go bangkok,14800,50,31,$0.18,57,53,https://lbb.in/all/things-to-see-in-bangkok/
4059,patara restaurant,14800,28,31,$0.10,1,24,https://lbb.in/delhi/best-restaurants-pandara-road/
4060,organic shop near me,14800,16,134,$0.43,12,13,https://lbb.in/delhi/organic-stores-delhi-ncr/
4061,best tourist places in chennai,14800,87,31,$0.11,7,31,https://lbb.in/chennai/chennai-tourist-places/
4062,banyan tree cafe,12100,40,31,$0.10,4,18,https://lbb.in/mumbai/under-the-stars-under-the-c55dcd/
4063,alsa mall chennai,14800,8,500,$0.21,3,21,https://lbb.in/chennai/-c7bc45/
4064,7 star hotels,12100,15,134,$0.53,5,18,https://lbb.in/delhi/7-star-hotels-in-delhi?ref=lbbpost
4065,5 star hotels in goa,33100,34,31,$0.22,100,45,https://lbb.in/bangalore/best-five-star-hotels-in-goa/
4066,1 oak,14800,6,975,$0.68,3,42,https://lbb.in/delhi/1-oak-cafe-bar-809ca0/
4067,cooke town,14800,46,31,$0.25,7,25,https://lbb.in/bangalore/cooke-town-hood-guide/
4068,castle's barbeque,14800,20,82,$0.16,5,19,https://lbb.in/delhi/castles-barbeque-0cd89a/
4069,camera rentals,14800,64,31,$0.16,49,13,https://lbb.in/mumbai/photographers-recommend-camera-rentals/
4070,cafes in mumbai,14800,17,87,$0.15,4,19,https://lbb.in/mumbai/post/cafes/
4071,brahmins tiffins and coffee,14800,38,31,$0.32,4,21,https://lbb.in/bangalore/brahmins-coffee-bar/
4072,mandi 36,14800,19,134,$0,2,23,https://lbb.in/hyderabad/mandi-831a44/
4073,khan market restaurants delhi,14800,9,975,$0.01,1,22,https://lbb.in/delhi/khan-market-hood-guide-shop-eat-drink/
4074,kayaking in goa,14800,38,31,$0.21,25,25,https://lbb.in/goa/kayaking-in-goa-mangrove-forest/
4075,joshi railway museum,12100,48,31,$0.27,5,19,https://lbb.in/pune/joshis-museum-miniature-railways/
4076,indian brands clothing,14800,35,31,$0.16,78,41,https://lbb.in/all/best-clothing-brands-india/
4077,india whiskey brands,14800,38,31,$0,1,22,https://go.lbb.in/DeTLHcGubqb
4078,hotel o pune in koregaon park,12100,43,31,$0.34,14,30,https://lbb.in/pune/o-hotel-pune/
4079,top 10 hindi romance movies,14800,43,31,$0.39,1,30,https://lbb.in/all/top-bollywood-rom-coms/
4080,time for wine,14800,28,34,$0,1,16,https://lbb.in/mumbai/say-hello-to-the-worlds-ec51d1/
4081,talli bar & kitchen,12100,17,222,$0.17,12,27,https://lbb.in/pune/talli-bar-kitchen-6fca4f/
4082,shimla toy train,14800,48,31,$0.06,2,18,https://lbb.in/delhi/Kalka-shimla-toy-train/
4083,houses of goa museum,12100,35,31,$0,5,10,https://lbb.in/goa/ship-like-houses-goa-museum-introduces-architecture-state/
4084,hiking trail close to me,14800,19,82,$0.18,1,19,https://lbb.in/kolkata/trekking-near-kolkata/
4085,hiking spots near me,14800,35,31,$0.37,1,27,https://lbb.in/kolkata/trekking-near-kolkata/
4086,hebbal lake in bangalore,14800,9,694,$0.11,6,28,https://lbb.in/bangalore/hebbal-lake-bangalore/
4087,good wines in india,14800,23,63,$0,1,15,https://lbb.in/all/red-wine-brands/
4088,gents shirt design,14800,40,31,$0.02,97,23,https://lbb.in/hyderabad/types-of-shirts-for-men/
4089,flechazo gold madhapur,9900,37,31,$0.26,5,19,https://lbb.in/hyderabad/jalpaan-4189c3/
4090,fenny lounge bangalore,14800,10,378,$0.17,3,19,https://lbb.in/bangalore/fennys-lounge-bar-a79bad/
4091,evoo delhi,14800,25,39,$0.14,3,26,https://lbb.in/delhi/evoo-eatery-pizzeria/
4092,sanctuary bird,22200,36,31,$0,2,25,https://lbb.in/bangalore/soar-high-ten-bird-sanctuaries-india/
4093,rent camera,14800,84,31,$0.13,12,26,https://lbb.in/mumbai/photographers-recommend-camera-rentals/
4094,ramoji film city near me,14800,29,34,$0.02,4,27,https://lbb.in/hyderabad/ramoji-film-city/
4095,platform 65 the train restaurant,8100,21,75,$0.11,4,9,https://lbb.in/hyderabad/platform-65-kukatpally-eb4c0a/
4096,pigmented lips,14800,58,31,$0.27,41,35,https://lbb.in/all/lip-pigmentation/
4097,picture of howrah bridge kolkata,14800,24,35,$0,1,29,https://lbb.in/kolkata/iconic-howrah-bridge/
4098,pco bar vasant vihar,12100,10,378,$0.16,2,28,https://lbb.in/delhi/pco-vasant-vihar-delhi/
4099,nightlife goa,14800,19,134,$0.13,6,25,https://lbb.in/goa/best-beaches-for-nightlife/
4100,mumbai fun park,14800,53,31,$0.06,7,27,https://lbb.in/mumbai/amusement-parks-in-mumbai/
4101,shoe brand for women's,14800,29,31,$0.03,99,69,https://lbb.in/bangalore/best-indian-shoe-brands/
4102,sarojini nagar market sarojini nagar new delhi delhi 110023,14800,34,31,$0.13,1,25,https://lbb.in/delhi/sarojni-nagar-delhis-irreplaceable-street-fashion-paradise-067cc5/
4103,dadar plaza theatre,14800,14,87,$0.10,1,21,https://lbb.in/mumbai/plaza-cinema-dadar/
4104,cooking workshops near me,14800,12,378,$0.51,19,20,https://lbb.in/delhi/cooking-baking-classes-delhi/
4105,cooking classes near me,18100,17,111,$0.41,17,16,https://lbb.in/bangalore/cooking-classes-bangalore/
4106,clothing brands in india,14800,31,31,$0.24,39,77,https://lbb.in/all/best-clothing-brands-india/
4107,champagne price,14800,16,134,$0,1,22,https://lbb.in/mumbai/sparkling-wines-inr-2000/
4108,brand wine,14800,40,31,$0,1,30,https://lbb.in/all/red-wine-brands/
4109,bopdev ghat hill station,14800,16,134,$0.10,6,20,https://lbb.in/pune/dive-ghat-and-bapdeo-ghat-b1bad4/
4110,bombay shiv sagar restaurant,12100,17,111,$0.36,7,22,https://lbb.in/kolkata/bombay-shiv-sagar-camac-street-kolkata/
4111,best wireless speakers with bluetooth,14800,71,31,$0.04,98,81,https://lbb.in/all/best-bluetooth-speaker/
4112,best wine of india,14800,23,48,$0,1,16,https://lbb.in/all/red-wine-brands/
4113,best restaurants indiranagar bangalore,14800,23,48,$0.05,10,26,https://lbb.in/bangalore/12th-main-restaurant-in-indranagar/
4114,best book,14800,54,31,$0.06,39,39,https://lbb.in/all/best-books-novels/
4115,ateliers,8100,56,31,$0.12,2,63,https://lbb.in/bangalore/the-atelier-sarjapur-road/
4116,antarvedi,9900,38,31,$0,1,27,https://lbb.in/hyderabad/antarvedi/
4117,7 star hotel,12100,16,134,$0.55,9,19,https://lbb.in/delhi/7-star-hotels-in-delhi/
4118,vr mall stop,22200,21,63,$0.28,7,22,https://lbb.in/chennai/best-stores-for-shopping-vr-mall-anna-nagar-chennai/
4119,vineyard,14800,21,75,$1.24,1,35,https://lbb.in/pune/vineyards-near-pune/
4120,veer savarkar park borivali,12100,33,31,$0,7,11,https://lbb.in/mumbai/veer-savarkar-garden-881ec6/
4121,tipu sultan masjid,12100,23,63,$0.24,4,26,https://lbb.in/kolkata/tipu-sultan-mosque-9b44d3/
4122,victoria in kolkata,12100,31,25,$0.19,2,38,https://lbb.in/kolkata/calcutta-victoria-memorial/
4123,ustaadi,12100,19,67,$0.17,1,23,https://lbb.in/mumbai/zaffran-cst-now-ustaadi/
4124,tibetan camp mundgod,9900,19,71,$0.09,1,25,https://lbb.in/bangalore/mundgod-tibetan-settlement-near-hubli/
4125,temple in malleswaram,14800,5,3678,$0,1,17,https://lbb.in/bangalore/citys-400-years-old-beautiful-7b2c20/
4126,tanjore tiffin room,9900,22,61,$0.03,1,24,https://lbb.in/mumbai/this-door-to-tanjore-will-9f2f00/
4127,soro the village pub,12100,19,61,$0,3,9,https://lbb.in/goa/cavala-462e47/
4128,soro goa,12100,20,67,$0,3,22,https://lbb.in/goa/soro-4dafa0/
4129,rescue shelter for cats near me,12100,13,181,$0.60,6,34,https://lbb.in/kolkata/animal-shelters-Kolkata/
4130,red wines in india with price,12100,9,309,$0,1,11,https://lbb.in/all/red-wine-brands/
4131,randha waterfall,9900,22,61,$0,1,20,https://lbb.in/pune/randha-falls-d54371/
4132,plant shop near me,12100,8,797,$0.14,57,26,https://lbb.in/bangalore/best-nurseries-and-garden-centres-in-bangalore/
4133,pets daycare near me,12100,17,90,$0.27,31,18,https://lbb.in/mumbai/pet-boarding-in-mumbai/
4134,online alcohol delivery,12100,36,25,$0,1,16,https://lbb.in/delhi/alcohol-home-delivery-gurgaon/
4135,naivedyam near me,9900,18,67,$0.02,4,19,https://lbb.in/delhi/south-indian-food-naivedyam/
4136,most expensive perfume in the world,12100,47,25,$0.12,6,25,https://lbb.in/all/expensive-perfume-in-the-world/
4137,luxury perfume for men,12100,18,61,$0.10,99,17,https://lbb.in/all/perfumes-for-men-buy-online/
4138,lord of the drinks powai,9900,19,61,$0.16,5,23,https://lbb.in/mumbai/lord-of-the-drinks-powai-1ea7f9/
4139,lightweight moisturizer,9900,46,25,$0.06,59,19,https://lbb.in/all/best-lightweight-moisturisers/
4140,korean skin care lines,12100,54,25,$0.09,100,34,https://lbb.in/all/best-korean-beauty-brands/
4141,korean cleansers,12100,49,25,$0.06,100,15,https://lbb.in/all/korean-facial-cleansers/
4142,kapila resort kharadi,12100,19,67,$0.48,5,21,https://lbb.in/pune/kapila-resorts-268129/
4143,crushed coffee,12100,92,25,$0.09,4,37,https://lbb.in/shop/product/caramel-crush-beaten-coffee/
4144,clear skin cream,12100,39,25,$0.02,98,35,https://lbb.in/shop/product/clear-skin-cream/
4145,christmas trees decorated,12100,18,67,$0.01,70,30,https://lbb.in/all/christmas-tree-decorations/
4146,chota kashmir in mumbai,12100,20,71,$0.09,3,23,https://lbb.in/mumbai/chhota-kashmir-d4b12d/
4147,chandra metro,12100,9,238,$0.11,4,20,https://lbb.in/chennai/chandra-metro-mall-c7bc4a/
4148,celebration club lokhandwala,12100,15,90,$0.17,6,18,https://lbb.in/mumbai/celebration-sports-club-8cda64/
4149,caffe tonino,12100,18,90,$0,3,22,https://lbb.in/delhi/caffe-tonino-italian-restaurant/
4150,brand coffee,590,18,71,$0.03,94,27,https://lbb.in/bangalore/order-coffee-powder-online/
4151,good romantic korean drama,12100,19,67,$0.03,1,46,https://lbb.in/all/romantic-korean-dramas-netflix/
4152,doolally khar,12100,21,52,$0.99,1,24,https://lbb.in/mumbai/cheers-to-that-doolally-is-b1db9d/
4153,k rustom,12100,11,408,$0.03,1,24,https://lbb.in/mumbai/k-rustom-ice-cream/
4154,jamali kamali delhi,12100,44,25,$0.06,3,21,https://lbb.in/delhi/mirza-ghalib-ki-haveli-5d5ffa/
4155,interior designer in kolkata,14800,59,23,$2.19,45,31,https://lbb.in/kolkata/interior-designer-kolkata/
4156,indian ethnic co,12100,16,71,$0.19,100,47,https://lbb.in/all/indian-ethnic-co-brand/
4157,good dark chocolate,12100,38,25,$0.03,97,42,https://lbb.in/goa/post/dark-chocolate/
4158,goa best disco,12100,23,52,$0.17,4,17,https://lbb.in/goa/best-night-clubs-in-goa/
4159,blah blah car india,12100,21,39,$0.24,1,45,https://lbb.in/mumbai/blabla-car-6103bc/
4160,best shopping malls in delhi ncr,12100,8,797,$0.02,4,10,https://lbb.in/delhi/best-malls-delhi-ncr/
4161,best shampoo frizzy dry hair,12100,18,90,$0.14,100,20,https://lbb.in/delhi/best-sulphate-free-shampoos-for-dry-frizzy-hair/
4162,bawarchi biryani,9900,33,25,$0.07,3,30,https://lbb.in/hyderabad/bawarchi-restaurant-hyderabad/
4163,barton center mg road,12100,33,25,$0.57,5,23,https://lbb.in/bangalore/13th-floor-bar-mg-road-back/
4164,bangalore parks,12100,38,25,$0.30,9,24,https://lbb.in/bangalore/parks-in-bangalore/
4165,baker's super mart,12100,19,67,$0.10,5,25,https://lbb.in/hyderabad/bakers-mart-hyderabad/
4166,badam oil for face,4400,44,25,$0.05,97,17,https://lbb.in/all/almond-oil-for-face/
4167,animals for adoption near me,12100,19,39,$0.34,7,16,https://lbb.in/delhi/animal-shelters-in-delhi/
4168,shooting academy near me,12100,10,408,$0.41,2,9,https://lbb.in/delhi/best-shooting-ranges-delhi/
4169,sanpada india,9900,44,25,$0.09,3,19,https://lbb.in/mumbai/locality/sanpada-mumbai/
4170,restaurants in ub city mall,12100,9,408,$0.05,6,21,https://lbb.in/bangalore/restaurants-in-ub-city/
4171,restaurants in chennai nungambakkam,12100,22,52,$0.05,5,22,https://lbb.in/chennai/best-restaurants-in-nungambakkam-chennai/
4172,resorts near kolkata west bengal,14800,27,27,$0.11,93,25,https://lbb.in/kolkata/beach-tents-zamindari-houses-resort-fun-weekend-around-kolkata/
4173,rental dress shop near me,12100,15,110,$0.07,7,32,https://lbb.in/chennai/best-places-to-rent-clothes-in-chennai/
4174,red wine list and price,12100,22,39,$0,1,10,https://lbb.in/all/red-wine-brands/
4175,perfume store,18100,11,309,$0.15,10,27,https://lbb.in/hyderabad/perfume-shops-hyderabad/
4176,pavillion mall pune,9900,10,181,$0.15,4,21,https://lbb.in/pune/5-new-things-we-discovered-in-pavillion-mall/
4177,one day picnic spot near pune,12100,19,90,$0.12,30,18,https://lbb.in/pune/picnic-spots-near-pune/
4178,nearby stationery shop,12100,18,67,$0.09,8,32,https://lbb.in/delhi/stationery-heres-list-places-get-stationery-fix/
4179,volunteer local,12100,35,25,$0,1,48,https://lbb.in/bangalore/ngos-to-volunteer-bangalore/
4180,veg restaurants in bangalore jayanagar,12100,29,25,$0.06,8,11,https://lbb.in/bangalore/best-vegetarian-restaurants-jayanagar/
4181,veg restaurants bangalore,14800,27,26,$0.28,15,22,https://lbb.in/bangalore/post/vegetarian/
4182,top night creams,12100,71,25,$0.10,100,33,https://lbb.in/hyderabad/best-night-creams/
4183,top night cream,12100,64,25,$0.12,100,20,https://lbb.in/hyderabad/best-night-creams/
4184,top facial kit,12100,32,25,$0.05,100,16,https://go.lbb.in/vJfVaSdcTXb
4185,the soundtrack cafe,9900,10,238,$0.50,8,30,https://lbb.in/pune/explore-this-cafe-in-pimple-65af4f/
4186,sunset point near me,12100,22,52,$0.03,2,21,https://lbb.in/hyderabad/best-sunset-spots-hyderabad/
4187,sks veterinary hospital,12100,10,309,$0.12,6,31,https://lbb.in/chennai/sks-veterinary-hospital-68691c/
4188,nakshatra mall dadar,9900,9,238,$0.17,5,20,https://lbb.in/mumbai/shopping-at-nakshatra-mall-dadar/
4189,murphys,12100,27,25,$0.13,10,51,https://lbb.in/places/Murphys-Brewhouse-domlur-98c825/
4190,liquor and wine shop,9900,16,110,$0,1,29,https://lbb.in/mumbai/best-alcohol-shops-mumbai/
4191,korean facial cleanser,12100,42,25,$0.06,100,12,https://lbb.in/all/korean-facial-cleansers/
4192,koramangala spa bangalore,9900,47,25,$0.46,62,22,https://lbb.in/bangalore/spas-in-koramangala/
4193,jungle camp resort coorg,12100,52,25,$0.12,43,21,https://lbb.in/bangalore/coorg-jungle-camp/
4194,jungle backwater resort coorg,12100,42,25,$0.17,45,18,https://lbb.in/bangalore/coorg-jungle-camp/
4195,humming tree bangalore,14800,18,61,$0.13,4,20,https://lbb.in/bangalore/the-humming-tree-indiranagar/
4196,dylan cafe,9900,12,309,$0,1,28,https://lbb.in/kolkata/dylans-cafe-love-lock-story-603a04/
4197,drinks name,12100,73,25,$0,1,21,https://lbb.in/bangalore/best-indian-beverage-drinks-brands/
4198,deliver alcohol online,12100,21,29,$0,1,21,https://lbb.in/delhi/alcohol-home-delivery-gurgaon/
4199,dance classes for adults near me,12100,8,797,$0.46,8,11,https://lbb.in/bangalore/dance-schools-bangalore/
4200,coorg jungle camp,12100,32,25,$0.12,43,29,https://lbb.in/bangalore/coorg-jungle-camp/
4201,coffee brands,12100,7,567,$0.38,89,48,https://lbb.in/bangalore/order-coffee-powder-online/
4202,broadway bar & restaurant,9900,44,25,$0.06,3,26,https://lbb.in/kolkata/hotel-broadway-dbe24e/
4203,central market delhi lajpat nagar,12100,9,567,$0.01,1,17,https://lbb.in/delhi/central-market-65f4af/
4204,cafe rajouri garden,14800,32,25,$0,3,18,https://lbb.in/delhi/restaurants-in-rajouri/
4205,cafe noir indiranagar,12100,51,25,$0.31,10,19,https://lbb.in/bangalore/cafes-in-indiranagar/
4206,cafe khan market,12100,12,408,$0.01,1,23,https://lbb.in/delhi/khan-market-cafes-coffee-places/
4207,boat club thergaon,12100,15,110,$0.14,3,32,https://lbb.in/pune/thergaon-boat-club-b16969/
4208,bla bla car india,12100,24,27,$0.24,3,48,https://lbb.in/mumbai/blabla-car-6103bc/
4209,big yellow door satya niketan,14800,21,52,$1.77,3,10,https://lbb.in/delhi/big-yellow-door-delhi/
4210,best veg restaurants bangalore,14800,20,52,$0.21,18,15,https://lbb.in/bangalore/post/vegetarian/
4211,best shopping mall in delhi ncr,12100,11,181,$0.06,4,32,https://lbb.in/delhi/best-malls-delhi-ncr/
4212,best nightclubs in goa,12100,27,27,$0.17,5,30,https://lbb.in/goa/best-night-clubs-in-goa/
4213,best long lasting perfume for man,12100,46,25,$0.10,100,20,https://lbb.in/all/perfumes-for-men-buy-online/
4214,best body lotion for dry skin,12100,84,25,$0.12,100,39,https://lbb.in/all/best-body-lotion/
4215,bengali sweet centre,12100,10,309,$0.51,4,20,https://lbb.in/delhi/bengali-sweets-south-ex/
4216,bengal sweet centre,12100,17,90,$0.51,4,19,https://lbb.in/delhi/bengali-sweets-south-ex/
4217,baba ji dhaba,12100,20,67,$0.07,1,21,https://lbb.in/bangalore/baba-da-dhaba-koramangala-punjabi-food/
4218,almond oil for face,18100,68,25,$0.25,97,40,https://lbb.in/all/almond-oil-for-face/
4219,4dx,12100,29,25,$0.57,1,45,https://lbb.in/delhi/delhis-first-4dx-movie-theatre/
4220,horse riding near me,9900,15,136,$0.13,2,35,https://lbb.in/delhi/horse-riding-classes-in-delhi-gurgaon/
4221,hindustan trading company royapettah,9900,14,110,$0.01,1,36,https://lbb.in/chennai/hindustan-trading-company-stationery-products/
4222,hair cutting salon,9900,33,25,$0.28,5,17,https://lbb.in/mumbai/hair-cut-salons/
4223,gym near me within 800m,12100,19,71,$0.24,27,17,https://lbb.in/bangalore/best-gyms-fitness-centres-bangalore/
4224,gwalior tourist attractions,12100,45,25,$0.10,5,21,https://lbb.in/all/gwalior-tourist-attraction/
4225,good nightclubs in mumbai,12100,21,61,$0.07,3,23,https://lbb.in/mumbai/late-night-party-spots/
4226,good mall in bangalore,12100,15,238,$0.02,5,24,https://lbb.in/bangalore/best-malls-in-bangalore/
4227,good foundation oily skin,12100,81,25,$0.06,99,18,https://lbb.in/all/best-makeup-foundation-for-oily-skin/
4228,ghatkopar khau galli,12100,11,408,$0.09,4,32,https://lbb.in/mumbai/ghatkopar-khau-galli-vegetarian-street-food/
4229,ganpati in mumbai,12100,39,25,$0.03,1,28,https://lbb.in/mumbai/best-pandals-mumbai-ganeshotsav/
4230,gandhinagar cloth market,12100,8,1960,$0.02,2,20,https://lbb.in/delhi/gandhi-nagar-market/
4231,formal shirt and pant combo,12100,12,181,$0.09,98,38,https://lbb.in/delhi/formal-pant-shirt-combination/
4232,weavers colony,9900,48,25,$0.17,4,18,https://lbb.in/bangalore/we-discovered-a-weavers-lane-0a76ad/
4233,warehouse bar and kitchen,12100,22,61,$0.13,3,27,https://lbb.in/mumbai/with-3-different-levels-warehouse-e69309/
4234,vattakanal altaf cafe,9900,18,90,$0.01,1,25,https://lbb.in/bangalore/places-near-kodaikanal-vattakanal/
4235,tourist places near bangalore within 100 kms,18100,55,25,$0.16,6,12,https://lbb.in/bangalore/places-to-visit-near-bangalore-that-are-within-100-kilometres/
4236,top pubs in bangalore,14800,48,25,$0.33,8,12,https://lbb.in/bangalore/best-bars-in-bangalore/
4237,top foundations for oily skin,12100,14,181,$0.06,99,23,https://lbb.in/delhi/best-makeup-foundation-for-oily-skin/
4238,the rogue elephant basavanagudi,9900,12,309,$0.23,3,23,https://lbb.in/bangalore/the-rogue-elephant-a-pretty-b8c8cb/
4239,the indian ethnic co,12100,15,110,$0.10,100,43,https://lbb.in/all/indian-ethnic-co-brand/
4240,the humming tree,14800,13,136,$0.13,4,19,https://lbb.in/bangalore/the-humming-tree-indiranagar/
4241,straightener good for hair,12100,36,25,$0.06,99,38,https://lbb.in/all/best-hair-straightener/
4242,spa at kolkata,14800,59,25,$0.11,28,35,https://lbb.in/kolkata/best-massages-spas-kolkata/
4243,snow kingdom chennai,9900,23,52,$0.08,5,17,https://lbb.in/chennai/vgp-snow-kingdom-ecr-chennai/
4244,sita ram stationery,9900,8,797,$0.26,5,20,https://lbb.in/delhi/sitaram-stationers-lajpat-nagar-types-stationery/
4245,seven wonders dream park,12100,39,25,$0,12,12,https://lbb.in/pune/seven-wonders-park-pune/
4246,restaurants banjara hills hyderabad,12100,19,71,$0.03,6,22,https://lbb.in/hyderabad/best-restaurants-banjara-hills/
4247,rental cars in kolkata india,12100,70,25,$0.20,53,25,https://lbb.in/kolkata/drive-rent-car-day-reliable-services/
4248,hotel grand dragon ladakh,12100,71,25,$0.26,44,35,https://lbb.in/delhi/the-grand-dragon-hotel-ladakh/
4249,greater kailash ii m block market,12100,5,1177,$0.03,1,23,https://lbb.in/delhi/gk-i-ii-m-block-market-6a7d64/
4250,grand palace hotel and spa yercaud,12100,46,25,$0.11,71,30,https://lbb.in/bangalore/grand-palace-hotel-spa-e8c943/
4251,good women's watches,12100,31,25,$0.05,100,53,https://lbb.in/all/best-watch-brands-for-women/
4252,good body lotion for dry skin,12100,68,25,$0.09,100,30,https://lbb.in/all/best-body-lotion/
4253,goa waterfalls,14800,68,25,$0.33,1,23,https://lbb.in/goa/goa-waterfalls-visit-during-monsoon/
4254,goa chitra museum,12100,46,25,$0.03,2,14,https://lbb.in/goa/guide-goa-chitra-museum/
4255,ghazipur mandi,12100,18,90,$0,1,21,https://lbb.in/delhi/ghazipur-mandi-f7c820/
4256,football jersey store near me,12100,17,71,$0.06,10,40,https://lbb.in/bangalore/football-jerseys-in-bangalore/
4257,raceway gokarting,12100,21,61,$0.12,4,22,https://lbb.in/bangalore/go-karting-bangalore/
4258,pune ganesha,12100,14,238,$0.01,3,39,https://lbb.in/pune/manache-ganpati-in-pune/
4259,pune ganapati,12100,28,39,$0.01,3,41,https://lbb.in/pune/manache-ganpati-in-pune/
4260,press club of india,12100,35,25,$0.11,2,24,https://lbb.in/delhi/press-club-5eb455/
4261,pre wedding shoot outfits,12100,22,39,$0.04,42,23,https://lbb.in/all/pre-wedding-photoshoot-outfits/
4262,popular pakistani drama,12100,19,67,$0,1,31,https://lbb.in/all/best-pakistani-drama-series/
4263,places near pune for one day picnic,12100,25,52,$0.10,30,12,https://lbb.in/pune/picnic-spots-near-pune/
4264,pet daycare near me,12100,8,1177,$0.25,22,15,https://lbb.in/mumbai/pet-boarding-in-mumbai/
4265,pan asian,12100,20,67,$0.14,2,19,https://lbb.in/delhi/post/pan-asian/
4266,online pharmacy,8100,41,25,$0.23,74,43,https://lbb.in/mumbai/list-of-online-pharmacies/
4267,office chair store near me,12100,20,52,$0.20,100,19,https://lbb.in/delhi/best-office-chairs-delhi/
4268,mysore dasara,12100,23,52,$0,1,21,https://lbb.in/bangalore/mysore-dasara/
4269,lovechild by masaba,14800,10,309,$0.37,100,48,https://lbb.in/delhi/lovechild-by-masaba-tried-and-tested-products-by-lbb-crew-review/
4270,litti chokha corner jai matadi food zone,12100,10,309,$0.13,5,19,https://lbb.in/bangalore/craving-for-some-litti-chokha-f268d6/
4271,lazy suzy,14800,10,408,$0.13,7,25,https://lbb.in/bangalore/lazy-suzy-cafe-indiranagar/
4272,lajpat nagar central market delhi,12100,15,136,$0,1,20,https://lbb.in/delhi/things-to-do-in-lajpat-nagar-in-delhi/
4273,ladakh grand dragon hotel,12100,47,25,$0.26,44,36,https://lbb.in/delhi/the-grand-dragon-hotel-ladakh/
4274,jubilee hills hyderabad telangana,12100,13,181,$0.10,3,21,https://lbb.in/hyderabad/jubilee-hills-hood-guide/
4275,humming tree,9900,33,25,$0.23,4,19,https://lbb.in/bangalore/the-humming-tree-indiranagar/
4276,horizon plaza,9900,36,25,$0.18,3,18,https://lbb.in/places/Horizon-Plaza-sector-43-c84362/
4277,big chill cafe,9900,21,52,$0.27,3,16,https://lbb.in/delhi/best-dishes-big-chill/
4278,best tour places in kolkata,12100,32,26,$0.16,16,21,https://lbb.in/kolkata/tourist-places-in-kolkata/
4279,best shopping malls in bangalore,12100,15,136,$0.01,5,10,https://lbb.in/bangalore/best-malls-in-bangalore/
4280,best shopping mall delhi,12100,20,67,$0.03,4,21,https://lbb.in/delhi/best-malls-delhi-ncr/
4281,best restaurants in goa,12100,49,25,$0.20,16,13,https://lbb.in/goa/must-visit-restaurants-in-goa/
4282,best oily face foundation,12100,25,32,$0.06,99,24,https://lbb.in/all/best-makeup-foundation-for-oily-skin/
4283,best long lasting perfumes for men,12100,44,25,$0.10,100,18,https://lbb.in/all/perfumes-for-men-buy-online/
4284,best body moisturiser for dry skin,12100,70,25,$0.09,99,36,https://lbb.in/all/best-body-lotion/
4285,begur in bangalore,9900,14,136,$0.14,3,21,https://lbb.in/bangalore/begur-fort-temple-near-bangalore/
4286,bean me up,12100,56,25,$0.06,4,46,https://lbb.in/places/Bean-Me-Up-anjuna-d697ed/
4287,arts and crafts store near me,12100,10,567,$0.07,8,17,https://lbb.in/bangalore/arts-crafts-hobby-stores-in-bangalore/
4288,anand dosa stall,12100,27,32,$0.14,3,25,https://lbb.in/mumbai/have-you-tried-the-pizza-dosa-in-ville-parle-yet/
4289,almond oil face oil,4400,42,25,$0.04,96,21,https://lbb.in/all/almond-oil-for-face/
4290,5 star hotels in chennai india,12100,64,25,$0.63,82,33,https://lbb.in/chennai/five-star-hotels-chennai/
4291,echoes of earth,9900,31,25,$0.03,6,30,https://lbb.in/bangalore/eco-friendly-music-festival/
4292,delhi premium outlet,9900,16,71,$0.34,8,20,https://lbb.in/delhi/factory-outlets-delhi-ncr/
4293,decathlon bangalore,12100,11,309,$0.07,3,22,https://lbb.in/bangalore/decathlon-sport-gear-shopping/
4294,cute stationery,14800,19,61,$0.07,97,52,https://lbb.in/bangalore/online-stationery-stores/
4295,cosiq,14800,29,25,$0.12,94,64,https://lbb.in/bangalore/cosiq-potent-everyday-skincare-products/
4296,connaught place market,14800,13,238,$0,1,17,https://lbb.in/delhi/shopping-brands-connaught-place/
4297,connaught place delhi market,12100,31,26,$0.15,1,29,https://lbb.in/delhi/shopping-brands-connaught-place/
4298,christmas tree decor,14800,20,67,$0.06,85,43,https://lbb.in/all/christmas-tree-decorations/
4299,camera lenses for mobile,12100,25,39,$0.01,95,45,https://lbb.in/delhi/smartphone-camera-lenses-to-buy-online/
4300,cafes in j p nagar,12100,16,110,$0.04,11,21,https://lbb.in/bangalore/the-kind-jp-nagar/
4301,branded coffee,12100,11,309,$0.06,89,35,https://lbb.in/bangalore/order-coffee-powder-online/
4302,bmc nirvana park,9900,11,309,$0,1,20,https://lbb.in/mumbai/get-some-nirvana-park-powai-walk-stone-path/
4303,watson's ulsoor,9900,10,238,$0.42,5,22,https://lbb.in/bangalore/watsons-ulsoor-9b718a/
4304,tungareshwar wildlife sanctuary,9900,36,25,$0.05,1,15,https://lbb.in/mumbai/tungareshwar-wildlife-sanctuary-2267aa/
4305,top facial kits,12100,29,27,$0.05,100,18,https://go.lbb.in/vJfVaSdcTXb
4306,sports in delhi,12100,12,408,$0.33,2,20,https://lbb.in/delhi/get-dose-everything-sports-complexes-around-delhi/
4307,places to see in gwalior,12100,29,25,$0.01,6,22,https://lbb.in/all/gwalior-tourist-attraction/
4308,pant shirt combination for men,12100,15,110,$0.02,98,34,https://lbb.in/delhi/formal-pant-shirt-combination/
4309,music store,12100,20,61,$0.11,5,38,https://lbb.in/mumbai/musical-instruments-buy/
4310,spa koramangala bangalore,12100,41,25,$0.44,57,21,https://lbb.in/bangalore/spas-in-koramangala/
4311,spa in kolkata,14800,33,25,$0.16,32,27,https://lbb.in/kolkata/best-massages-spas-kolkata/
4312,sitaram stationery,12100,7,797,$0.19,7,13,https://lbb.in/delhi/sitaram-stationers-lajpat-nagar-types-stationery/
4313,shiva market,12100,5,1960,$0.02,1,19,https://lbb.in/delhi/light-shopping-shiva-market-pitampura/
4314,shalimar market,9900,9,797,$0,1,21,https://lbb.in/delhi/shalimar-bagh-shopping/
4315,restaurants in ub city mall bangalore,12100,10,408,$0.05,6,18,https://lbb.in/bangalore/restaurants-in-ub-city/
4316,miss ginko,12100,7,797,$0.70,1,23,https://lbb.in/kolkata/miss-ginko-restaurant-gariahat-kolkata/
4317,mini punjab restaurant bandra,12100,18,71,$0.12,5,20,https://lbb.in/mumbai/mini-punjab-bandra-west-5dc387/
4318,men moisturizer,12100,55,25,$0.06,99,23,https://lbb.in/delhi/best-face-cream-for-men/
4319,luxury spa,12100,32,25,$0.32,13,64,https://lbb.in/mumbai/best-spas-in-mumbai/
4320,luxurious spas,12100,17,136,$0.34,13,26,https://lbb.in/chennai/best-spas-in-chennai/
4321,mundgod tibetan camp,9900,17,136,$0.09,1,31,https://lbb.in/bangalore/mundgod-tibetan-settlement-near-hubli/
4322,best shopping malls delhi,12100,19,110,$0.06,4,25,https://lbb.in/delhi/best-malls-delhi-ncr/
4323,best restaurants in noida,12100,17,90,$0.13,10,12,https://lbb.in/delhi/best-restaurants-noida/
4324,best perfume for men that last long,14800,47,25,$0.09,100,16,https://lbb.in/all/perfumes-for-men-buy-online/
4325,best moisturizing body lotion for dry skin,12100,69,25,$0.09,99,29,https://lbb.in/all/best-body-lotion/
4326,best footwear brand,12100,39,25,$0.07,96,46,https://lbb.in/bangalore/indian-shoe-brands-for-men/
4327,bengali bride look,12100,5,797,$0,1,16,https://lbb.in/all/bengali-bridal-look/
4328,bengali bridal look,12100,20,61,$0,1,16,https://lbb.in/all/bengali-bridal-look/
4329,begur fort,9900,5,1960,$0.16,5,24,https://lbb.in/bangalore/begur-fort-temple-near-bangalore/
4330,bangalore near waterfalls,12100,30,27,$0.03,4,21,https://lbb.in/bangalore/waterfalls-near-bangalore/
4331,art craft shop near me,12100,20,67,$0.06,10,21,https://lbb.in/bangalore/arts-crafts-hobby-stores-in-bangalore/
4332,aerial yoga,12100,16,181,$0.20,3,37,https://lbb.in/chennai/aerial-yoga-chennai/
4333,1131 bar kitchen,12100,9,408,$0.14,6,19,https://lbb.in/bangalore/1131-resto-bar-indiranagar/
4334,k gudi,12100,51,25,$0.15,15,16,https://lbb.in/bangalore/k-gudi-wilderness-camp-br-hills/
4335,historical site near me,12100,30,26,$0.04,1,24,https://lbb.in/mumbai/mumbais-historical-places/
4336,good restaurants in goa,12100,41,25,$0.09,16,22,https://lbb.in/goa/must-visit-restaurants-in-goa/
4337,gokul bite,12100,22,61,$0.23,4,24,https://lbb.in/places/Gokul-Bites-colaba-e85a42/
4338,goa chitra museum benaulim,12100,24,39,$0.03,2,19,https://lbb.in/goa/guide-goa-chitra-museum/
4339,glen's bakehouse whitefield,12100,13,110,$0.18,7,19,https://lbb.in/bangalore/glens-bakehouse-whitefield/
4340,gelato near me,9900,10,408,$0.10,5,36,https://lbb.in/mumbai/best-gelato-mumbai/
4341,gariahat kolkata,9900,22,52,$0.29,3,26,https://lbb.in/kolkata/locality/gariahat-kolkata/
4342,gandhi nagar delhi,12100,7,1177,$0.19,1,19,https://lbb.in/delhi/gandhi-nagar-market/
4343,gaffar karol bagh,12100,6,567,$0.02,1,30,https://lbb.in/delhi/gaffar-market-things-to-buy/
4344,facial kits best,12100,27,29,$0.04,99,35,https://lbb.in/all/best-facial-kits/
4345,eco world,8100,33,25,$0.12,9,32,https://lbb.in/bangalore/things-to-do-in-rmz-eco-world-bellandur/
4346,dussehra mysore,12100,39,25,$0.02,1,28,https://lbb.in/bangalore/mysore-dasara/
4347,dry skin makeup foundation,12100,38,25,$0.05,99,19,https://lbb.in/delhi/foundations-for-dry-skin/
4348,dasara at mysore,12100,37,25,$0,1,33,https://lbb.in/bangalore/mysore-dasara/
4349,dance club hyderabad,12100,35,25,$0.05,2,27,https://lbb.in/hyderabad/best-dance-studios-hyderabad/
4350,cycling near me,12100,7,1960,$0.08,11,36,https://lbb.in/mumbai/cycling-routes-mumbai/
4351,cream choc gelato,12100,13,309,$0.06,3,22,https://lbb.in/goa/cream-choc-goa/
4352,cost of red wine in india,12100,12,136,$0,1,16,https://lbb.in/all/red-wine-brands/
4353,car rent kolkata,12100,65,25,$0.21,63,25,https://lbb.in/kolkata/drive-rent-car-day-reliable-services/
4354,cafes in jp nagar,12100,16,90,$0,9,11,https://lbb.in/bangalore/the-kind-jp-nagar/
4355,book market in delhi,12100,35,25,$0.02,8,20,https://lbb.in/delhi/best-bookstores-delhi/
4356,waterfalls in karnataka near to bangalore,14800,57,25,$0.09,1,30,https://lbb.in/bangalore/best-waterfalls-in-karnataka/
4357,kmovies,9900,21,32,$0,1,29,https://lbb.in/all/best-korean-movies/
4358,karol bagh gaffar market delhi,12100,8,797,$0.04,1,25,https://lbb.in/delhi/gaffar-market-things-to-buy/
4359,jamali kamali masjid,12100,40,25,$0.14,3,19,https://lbb.in/delhi/mirza-ghalib-ki-haveli-5d5ffa/
4360,jamali kamali,12100,29,26,$0.08,3,23,https://lbb.in/delhi/mirza-ghalib-ki-haveli-5d5ffa/
4361,interior decorators kolkata,14800,36,25,$2.71,41,28,https://lbb.in/kolkata/interior-designer-kolkata/
4362,indian brands in footwear,12100,23,32,$0.21,100,24,https://lbb.in/bangalore/best-indian-shoe-brands/
4363,haircut in salon,12100,31,27,$0.20,4,16,https://lbb.in/delhi/best-hair-stylists-salons-in-delhi/
4364,gwalior places,12100,50,25,$0.02,16,18,https://lbb.in/all/gwalior-tourist-attraction/
4365,guide for house,12100,30,25,$0.08,1,19,https://lbb.in/bangalore/guide-on-how-to-set-up-a-new-house/
4366,good face cream for men,12100,52,25,$0.11,100,19,https://lbb.in/delhi/best-face-cream-for-men/
4367,goa chitra,12100,50,25,$0.03,2,19,https://lbb.in/goa/guide-goa-chitra-museum/
4368,ganesha mumbai,12100,49,25,$0.03,1,25,https://lbb.in/mumbai/best-pandals-mumbai-ganeshotsav/
4369,vegetarian hotel in bangalore,12100,35,25,$0.04,10,22,https://lbb.in/bangalore/post/vegetarian/
4370,top face cream for men,9900,40,25,$0.10,100,39,https://lbb.in/delhi/best-face-cream-for-men/
4371,the pizza bakery indiranagar,9900,21,61,$0.24,7,18,https://lbb.in/bangalore/the-pizza-bakery-indiranagar/
4372,rama krishna jewellers,18100,18,61,$0.13,51,34,https://lbb.in/delhi/ramakrishna-jewellers-bc0e5a/
4373,rage room,12100,13,181,$0.18,2,43,https://lbb.in/chennai/moonbow-cafe-rage-room-chennai/
4374,radhakrishna theatre bangalore,12100,7,309,$0.05,1,21,https://lbb.in/bangalore/radhakrishna-theatre-e754bd/
4375,picnic spots nearby,12100,11,309,$0.10,2,17,https://lbb.in/pune/picnic-spots-near-pune/
4376,nicco super bowl,12100,10,408,$0.44,3,22,https://lbb.in/kolkata/nicco-super-bowl-618dc7/
4377,nicco bowl,9900,8,567,$0.11,4,19,https://lbb.in/kolkata/nicco-super-bowl-618dc7/
4378,nehru place delhi computer market,12100,11,309,$0.13,7,19,https://lbb.in/delhi/5-shops-nehru-place-computer-market/
4379,naval aviation museum,9900,22,52,$0.08,4,26,https://lbb.in/goa/indian-naval-aviation-museum-f69c7c/
4380,most happening pubs in bangalore,12100,33,25,$0.09,10,31,https://lbb.in/bangalore/famous-pubs-in-bangalore/
4381,mini punjab bandra,12100,9,567,$0.30,5,19,https://lbb.in/mumbai/mini-punjab-bandra-west-5d63d2/
4382,mezze,9900,23,52,$0.18,4,35,https://lbb.in/chennai/mezze-mediterranean-cafe-alwarpet-chennai/
4383,metro gali,12100,6,1177,$0,6,23,https://lbb.in/kolkata/metro-gali-a742a2/
4384,manache 5 ganpati,6600,69,25,$0,1,26,https://lbb.in/pune/manache-ganpati-in-pune/
4385,leaping windows mumbai,9900,16,110,$0.18,3,21,https://lbb.in/mumbai/leaping-windows-versova/
4386,jewelry brands india,8100,11,181,$0.26,76,74,https://lbb.in/all/top-indian-jewellery-brands/
4387,supreme corner,12100,16,110,$0.71,2,19,https://lbb.in/pune/supreme-snacks-d5a0d8/
4388,st john church,12100,53,25,$1.01,3,35,https://lbb.in/bangalore/stjohns-church-b739c6/
4389,st andrew's church,12100,52,25,$0,3,17,https://lbb.in/bangalore/st-andrews-church-629d72/
4390,spot 18,12100,6,567,$0.16,5,22,https://lbb.in/pune/things-to-do-at-spot-18-pune/
4391,spaced out cafe,12100,17,71,$0.07,2,20,https://lbb.in/delhi/spaced-out-cafe-coworking-shahpur-jat/
4392,soju drink,9900,30,25,$0,1,24,https://lbb.in/delhi/best-soju-places-delhi/
4393,social vikhroli,12100,7,408,$0,3,22,https://lbb.in/mumbai/vikhroli-social/
4394,snow lion tibet,12100,17,71,$0.06,1,22,https://lbb.in/bangalore/snow-lion-flavors-of-tibet-e4bfae/
4395,skin clear cream,12100,55,25,$0.02,98,36,https://lbb.in/shop/product/clear-skin-cream/
4396,sardar pav bhaji tardeo mumbai,12100,11,238,$0.03,1,25,https://lbb.in/mumbai/sardar-pav-bhaji-tardeo-2652e2/
4397,rapido chennai office,9900,28,25,$0.14,3,19,https://lbb.in/chennai/rapido-bike-taxi-service-chennai/
4398,galleria market gurgaon,12100,15,136,$1.39,1,23,https://lbb.in/delhi/galleria-market-gurgaon-shopping/
4399,foundation with dry skin,12100,60,25,$0.04,99,38,https://lbb.in/delhi/foundations-for-dry-skin/
4400,foundation for oily skin best,14800,51,25,$0.05,99,23,https://lbb.in/all/best-makeup-foundation-for-oily-skin/
4401,fitness gym,12100,21,61,$0.48,2,22,https://lbb.in/bangalore/best-gyms-fitness-centres-bangalore/
4402,face oil almond,12100,55,25,$0.05,98,15,https://lbb.in/all/almond-oil-for-face/
4403,eros city square gurgaon,12100,7,408,$0.26,9,19,https://lbb.in/delhi/eros-city-square-food-guide/
4404,dogs rescue center near me,12100,12,309,$1.14,5,23,https://lbb.in/delhi/animal-shelters-in-delhi/
4405,connaught place market new delhi,12100,8,567,$0.15,1,32,https://lbb.in/delhi/shopping-brands-connaught-place/
4406,connaught market delhi,14800,27,29,$2.66,1,24,https://lbb.in/delhi/shopping-brands-connaught-place/
4407,bharat natya mandir,12100,8,408,$0.20,5,20,https://lbb.in/pune/bharat-natya-mandir-72e17f/
4408,bhansaghar,12100,9,408,$0.26,2,19,https://lbb.in/delhi/authentic-nepalese-food-at-pocket-76dfbd/
4409,best shoes brands,12100,34,25,$0.11,95,45,https://lbb.in/bangalore/indian-shoe-brands-for-men/
4410,best mall delhi ncr,12100,14,181,$0.06,4,34,https://lbb.in/delhi/best-malls-delhi-ncr/
4411,best foundation for oily skin,14800,32,25,$0.09,99,39,https://lbb.in/delhi/best-makeup-foundation-for-oily-skin/
4412,bastian at the top photos,12100,18,110,$8.43,1,24,https://lbb.in/mumbai/bastian-at-the-top-mumbai/
4413,altaf's cafe,9900,24,32,$0.01,1,27,https://lbb.in/bangalore/altafs-caf-7fed7d/
4414,10 downing street pub chennai,12100,17,67,$0.46,3,22,https://lbb.in/chennai/10-downing-street-e3293d/
4415,dasara mysore,12100,28,27,$0.06,1,26,https://lbb.in/bangalore/mysore-dasara/
4416,corner house jayanagar 5th block,12100,27,25,$0.38,8,21,https://lbb.in/places/Corner-House-jayanagar-eef6ae/
4417,combination skin,12100,30,27,$0.12,7,24,https://lbb.in/all/skin-routine-for-combination-skin/
4418,clubs in hyderabad,12100,20,67,$0.05,1,25,https://lbb.in/hyderabad/awesome-clubs-communities-hyderabad/
4419,chennai famous tourist places,9900,87,25,$0.05,11,38,https://lbb.in/chennai/chennai-tourist-places/
4420,cat shelter near me,12100,9,797,$0.25,5,10,https://lbb.in/kolkata/animal-shelters-Kolkata/
4421,car value carwale,12100,55,25,$0.25,3,58,https://go.lbb.in/KuXPi9Vba1b
4422,calcutta spa,14800,88,25,$0.11,28,30,https://lbb.in/kolkata/best-massages-spas-kolkata/
4423,cafe in khan market,12100,10,309,$0,1,8,https://lbb.in/delhi/khan-market-cafes-coffee-places/
4424,britannia and company,12100,17,67,$0.10,5,42,https://lbb.in/mumbai/guide-eating-britannia-co/
4425,bosepukur sitala mandir,6600,22,39,$0.19,11,20,https://lbb.in/places/Bosepukur-Sitala-Mandir-kasba-2c1eaa/
4426,best disco in goa,12100,27,27,$0.11,4,24,https://lbb.in/goa/best-night-clubs-in-goa/
4427,bamboo house,12100,19,110,$3.02,11,25,https://lbb.in/hyderabad/bamboo-house-india-uppal/
4428,arogya ahaara hsr,12100,12,181,$0.09,5,20,https://lbb.in/bangalore/enjoy-a-hearty-pocket-d19fb1/
4429,woman with pants,12100,22,39,$0.02,100,33,https://lbb.in/all/types-of-pants-women/
4430,watson's chennai,12100,29,26,$0.20,3,22,https://lbb.in/chennai/watsons-sunday-brunch/
4431,desi lane restaurant,14800,19,71,$0.03,1,22,https://lbb.in/kolkata/desi-lane-cheap-alcohol-alipore-kolkata/
4432,customized cake near me,12100,15,136,$0.20,100,22,https://lbb.in/pune/customised-cakes-in-pune/
4433,cumballa hill,12100,27,27,$0.10,3,26,https://lbb.in/mumbai/cumbala-hill-4554ea/
4434,copa villa,12100,10,309,$0.28,3,18,https://lbb.in/pune/copa-villa-restaurants-in-pcmc-pune/
4435,coorg jungle camp coorg,12100,49,25,$0.17,39,20,https://lbb.in/bangalore/coorg-jungle-camp/
4436,contour stick,9900,49,25,$0.07,100,27,https://lbb.in/all/best-contour-stick/
4437,christmas tree decorations,14800,28,32,$0.18,96,46,https://lbb.in/all/christmas-tree-decorations/
4438,chai break kolkata,14800,32,25,$0,1,18,https://lbb.in/kolkata/chai-break-camac-street-for-tea-and-cafe/
4439,cafes in rajouri garden,14800,19,61,$0,3,10,https://lbb.in/delhi/restaurants-in-rajouri/
4440,brands gin,12100,44,25,$0,1,19,https://lbb.in/bangalore/best-indian-gin-brands/
4441,vegan restaurants bangalore,14800,32,25,$0.18,12,21,https://lbb.in/bangalore/vegan-restaurants-bangalore/
4442,veg restaurants in jayanagar bangalore,12100,28,27,$0.05,12,21,https://lbb.in/bangalore/best-vegetarian-restaurants-jayanagar/
4443,ub city mall restaurants,12100,11,408,$0.06,6,22,https://lbb.in/bangalore/restaurants-in-ub-city/
4444,rustomjee ice cream churchgate,12100,6,797,$0.03,1,23,https://lbb.in/mumbai/k-rustom-ice-cream-churchgate-86ce75/
4445,red wines in india price,12100,10,238,$0,1,14,https://lbb.in/all/red-wine-brands/
4446,rajouri garden cafe,18100,30,25,$0,1,19,https://lbb.in/delhi/restaurants-in-rajouri/
4447,place to visit gwalior,12100,30,25,$0.10,5,20,https://lbb.in/all/gwalior-tourist-attraction/
4448,perfume brands,12100,35,25,$0.08,89,68,https://lbb.in/all/top-perfume-brands/
4449,nukkad cafe and bar,9900,18,71,$0.10,4,23,https://lbb.in/delhi/nukkad-cafe-and-bar-1c3f5d/
4450,men's pant shirt combination,2400,27,29,$0.02,93,24,https://lbb.in/delhi/formal-pant-shirt-combination/
4451,leaping windows andheri,9900,8,567,$0.18,3,23,https://lbb.in/mumbai/leaping-windows-versova/
4452,the machan a treehouse resort lonavala,12100,19,61,$0.11,30,40,https://lbb.in/mumbai/machan-treehouse-lonavala/
4453,tenzin kitchen tibetan restaurant,9900,9,567,$0.17,5,22,https://lbb.in/bangalore/tenzin-kitchen-tibetan-food-koramangala/
4454,street shopping near me,9900,18,90,$0.08,7,49,https://lbb.in/mumbai/street-shopping-in-mumbai/
4455,sri sathya sai auditorium,12100,40,25,$0.16,5,14,https://lbb.in/places/Shri-Satya-Sai-Auditorium-lodhi-road-491748/
4456,soam,12100,29,25,$0.17,3,25,https://lbb.in/mumbai/-1d8d65/
4457,shiv kailash dairy pune,12100,19,71,$0.29,3,23,https://lbb.in/pune/shiv-kailash-serving-yum-lassis-since-65/
4458,sanjeevaiah park,9900,16,110,$0,2,21,https://lbb.in/hyderabad/sanjeeviah-park-tank-bund/
4459,restaurant nungambakkam,12100,23,52,$0.04,5,23,https://lbb.in/chennai/best-restaurants-in-nungambakkam-chennai/
4460,hideaway café and bar,9900,12,181,$0.09,3,22,https://lbbstatic.lbb.in/goa/hideaway-bar-goa-vagator-anjuna/
4461,haircut best,12100,38,25,$0.53,1,50,https://lbb.in/mumbai/hair-cut-salons/
4462,good company laptop,12100,106,25,$0.28,78,45,https://lbb.in/all/best-work-laptops/
4463,goa top restaurants,12100,37,25,$0.05,17,21,https://lbb.in/goa/must-visit-restaurants-in-goa/
4464,gaffar market karol bagh delhi,12100,8,1177,$0.01,1,25,https://lbb.in/delhi/gaffar-market-things-to-buy/
4465,korlai alibaug,9900,40,25,$0.05,1,13,https://lbb.in/mumbai/ferry-day-go-fishermens-w/
4466,interior designing firms in kolkata,12100,38,25,$4.09,41,29,https://lbb.in/kolkata/interior-designer-kolkata/
4467,interior companies in kolkata,12100,67,25,$3.64,38,20,https://lbb.in/kolkata/interior-designer-kolkata/
4468,indian brands for shoes,12100,34,25,$0.18,100,13,https://lbb.in/bangalore/indian-shoe-brands-for-men/
4469,cafe ekante,12100,29,26,$0.03,3,22,https://lbb.in/places/Cafe-Ekante-kolkata-1db439/
4470,best makeup foundation for oily skin,14800,20,61,$0.05,99,22,https://lbb.in/delhi/best-makeup-foundation-for-oily-skin/
4471,bakeries in india,12100,72,25,$0.04,1,26,https://lbb.in/delhi/delhi-gurgaons-best-bakeries/
4472,arts crafts store near me,14800,26,32,$0.07,12,20,https://lbb.in/bangalore/arts-crafts-hobby-stores-in-bangalore/
4473,appa balwant,14800,9,408,$0.21,4,25,https://lbb.in/pune/appa-balwant-chowk-de1501/
4474,anti ageing products,3600,62,25,$0.14,2,38,https://lbb.in/hyderabad/best-anti-aeging-creams/
4475,akhtar samosa,12100,13,238,$0.22,5,22,https://lbb.in/pune/akhtar-samosa/
4476,5 star hotels in pune india,12100,31,25,$0.46,94,27,https://lbb.in/pune/best-5-star-hotels-in-pune/
4477,ganpati mumbai,9900,41,25,$0.02,1,31,https://lbb.in/mumbai/best-pandals-mumbai-ganeshotsav/
4478,film city in bangalore,12100,50,25,$0.04,2,19,https://lbb.in/bangalore/innovative-film-city-bangalore/
4479,swami vivekananda park,12100,40,25,$0.09,2,17,https://lbb.in/kolkata/vivekananda-park-1f6435/
4480,sunil's celebrity wax museum,12100,30,26,$0.02,2,19,https://lbb.in/pune/just-laughs-wax-museum-lonavala/
4481,straightener best,12100,30,27,$0.07,100,35,https://lbb.in/all/best-hair-straightener/
4482,spp gardens,14800,28,26,$0.09,7,25,https://lbb.in/chennai/spp-gardens-d8181e/
4483,soju soju,12100,37,25,$0,1,28,https://lbb.in/bangalore/soju-in-bangalore/
4484,sitaram stationers,9900,9,797,$0.57,5,28,https://lbb.in/delhi/sitaram-stationers-lajpat-nagar-types-stationery/
4485,siddiq kabab center,12100,19,71,$0.21,4,23,https://lbb.in/bangalore/siddique-kebab-centre/
4486,shanti mohalla,12100,3,3678,$0.19,3,21,https://lbb.in/delhi/shanti-mohalla-seelampur/
4487,series similar to stranger things,12100,21,39,$0,1,47,https://lbb.in/all/shows-like-stranger-things/
4488,roastery coffee house dwarka,9900,25,27,$0.30,3,22,https://lbb.in/places/Roastery-Coffee-House-dwarka-afc111/
4489,restaurants in ub city bangalore,12100,11,408,$0.05,6,20,https://lbb.in/bangalore/restaurants-in-ub-city/
4490,wb tourism,12100,37,25,$0.20,4,37,https://lbb.in/kolkata/west-bengal-tourism-development-corporation-ltd-43b101/
4491,velas beach,12100,52,25,$0.23,1,22,https://lbb.in/mumbai/velas-beach-78b3c2/
4492,veg restaurants in jayanagar,12100,28,26,$0.09,9,11,https://lbb.in/bangalore/best-vegetarian-restaurants-jayanagar/
4493,the little easy,12100,31,25,$0.33,10,38,https://lbb.in/mumbai/philadelphia-cheesecake-99fda2/
4494,the chennai silks velachery,12100,11,136,$0.19,8,18,https://lbb.in/places/The-Chennai-Silks-velachery-18da58/
4495,restaurants in nungambakkam,14800,21,52,$0,4,19,https://lbb.in/chennai/best-restaurants-in-nungambakkam-chennai/
4496,restaurants in colaba,12100,20,67,$0.11,3,17,https://lbb.in/mumbai/locality/colaba-mumbai/
4497,r mall,12100,29,25,$0,4,23,https://lbb.in/mumbai/r-mall-f4e320/
4498,puma factory outlet,12100,14,181,$0.15,10,20,https://lbb.in/bangalore/puma-factory-outlet-hsr-layout/
4499,places to visit near bangalore around 100 kms,14800,66,25,$0.11,9,36,https://lbb.in/bangalore/places-to-visit-near-bangalore-that-are-within-100-kilometres/
4500,ping's cafe orient,12100,36,25,$0.08,3,22,https://lbb.in/delhi/pings-by-pco-lodhi-colony/
4501,pet boarding near me,12100,10,408,$0.31,30,18,https://lbb.in/mumbai/pet-boarding-in-mumbai/
4502,online website for shopping,12100,54,25,$0.14,83,84,https://lbb.in/delhi/best-online-shopping-websites/
4503,nice books to read,12100,57,25,$0.05,87,70,https://lbb.in/all/best-books-novels/
4504,new andhra meals hotel chennai,9900,13,136,$0.13,4,22,https://lbb.in/chennai/new-andhra-meals-hotel-chennai/
4505,nehru place computer market delhi,12100,14,181,$0.12,3,24,https://lbb.in/delhi/5-shops-nehru-place-computer-market/
4506,museum at hyderabad,12100,25,39,$0.02,7,23,https://lbb.in/hyderabad/museums-to-visit/
4507,mumbai ganesh,12100,37,25,$0.07,1,33,https://lbb.in/mumbai/best-pandals-mumbai-ganeshotsav/
4508,mexican,12100,25,52,$0.20,1,48,https://lbb.in/bangalore/post/mexican/
4509,men's haircut salons near me,12100,11,309,$0.11,16,20,https://lbb.in/hyderabad/mens-salon-hyderabad/
4510,k rustom ice cream mumbai,12100,10,408,$0.23,1,25,https://lbb.in/mumbai/k-rustom-ice-cream/
4511,joey's pizza malad,12100,21,52,$0.31,1,21,https://lbb.in/mumbai/joeys-pizza-malad/
4512,japanese food sashimi,12100,54,25,$0,1,39,https://lbb.in/hyderabad/japanese-restaurants-hyderabad/
4513,india red wine price,12100,12,136,$0,1,15,https://lbb.in/all/red-wine-brands/
4514,hindustan trading company chennai,9900,11,238,$0.01,1,29,https://lbb.in/chennai/hindustan-trading-company-stationery-products/
4515,hill fort kesroli,9900,17,71,$0.08,54,32,https://lbb.in/bangalore/hill-fort-kesroli/
4516,haunted places in delhi,14800,44,25,$0.15,2,10,https://lbb.in/delhi/haunted-spots-delhi/
4517,good women watches,12100,19,67,$0.05,100,35,https://lbb.in/all/best-watch-brands-for-women/
4518,mens moisturiser,12100,57,25,$0.06,99,37,https://lbb.in/delhi/best-face-cream-for-men/
4519,meditation workshops near me,12100,12,238,$0.36,18,19,https://lbb.in/mumbai/best-meditation-classes-mumbai/
4520,marina swimming pool,9900,8,567,$0.10,2,22,https://lbb.in/chennai/marina-swimming-pool-ce2cf8/
4521,magic shop,9900,39,25,$0.09,10,39,https://lbb.in/hyderabad/prakash-magic-shop-himayathnagar-809af5/
4522,lip balm with spf,12100,63,25,$0.07,100,39,https://lbb.in/delhi/Best-spf-lip-balms-to-buy-online/
4523,lajpat nagar central market,9900,9,567,$0,1,21,https://lbb.in/delhi/central-market-65f4af/
4524,korean comedy romance series,12100,45,25,$0.07,1,31,https://lbb.in/all/romantic-korean-dramas-netflix/
4525,karma chalets,12100,25,37,$0.10,60,40,https://lbb.in/delhi/karma-chalets-weekend-getaway-boutique-hotel/
4526,eros city square,12100,10,181,$0.44,11,19,https://lbb.in/delhi/eros-mall-shopping-guide/
4527,echoes of the earth,590,69,25,$0,1,37,https://lbb.in/goa/echoes-of-earth/
4528,dance club in hyderabad,12100,30,25,$0.02,2,24,https://lbb.in/hyderabad/ladies-night-hyderabad/
4529,coorg jungle camp backwater resort,12100,39,25,$0.10,47,23,https://lbb.in/bangalore/coorg-jungle-camp/
4530,cafe stone,12100,22,67,$0.20,2,22,https://lbb.in/delhi/cafe-stone-mehrauli/
4531,cafe in rajouri,14800,31,25,$0.02,2,21,https://lbb.in/delhi/restaurants-in-rajouri/
4532,cafe hawkers,12100,27,27,$0,3,22,https://lbb.in/delhi/cart-to-alacarte-cafe-hawkers/
4533,broadway bar restaurant,9900,50,25,$0.15,3,28,https://lbb.in/kolkata/hotel-broadway-dbe24e/
4534,brands of gin,12100,55,25,$0,1,16,https://lbb.in/bangalore/best-indian-gin-brands/
4535,botanical garden kondapur,9900,31,25,$0.02,1,20,https://lbb.in/hyderabad/botanical-gardens-gachibowli-hyderabad/
4536,big chill cafe delhi,9900,24,32,$0.27,3,8,https://lbb.in/delhi/best-dishes-big-chill/
4537,best with beer,12100,57,25,$0.03,1,27,https://lbb.in/delhi/beer-food-pairing-got-try-now-with-happy-thirsty/
4538,best restaurants goa india,12100,29,25,$0.05,15,23,https://lbb.in/goa/must-visit-restaurants-in-goa/
4539,best restaurant in noida,12100,16,110,$0.08,8,11,https://lbb.in/delhi/best-restaurants-noida/
4540,best places to visit in july in india,12100,83,25,$0.15,5,10,https://lbb.in/all/places-to-visit-in-july/
4541,best face lotion for men,12100,52,25,$0.05,100,39,https://lbb.in/delhi/best-face-cream-for-men/
4542,begur bangalore,12100,46,25,$0.09,3,19,https://lbb.in/bangalore/begur-fort-temple-near-bangalore/
4543,beaches in north goa,14800,21,67,$0.21,19,15,https://lbb.in/goa/best-beaches-north-goa/
4544,bandra hill road mumbai,12100,5,1960,$0.28,1,22,https://lbb.in/mumbai/hill-road-bandra/
4545,bambolim beach,12100,61,25,$0.28,3,22,https://lbb.in/goa/bambolim-beach-8b737b/
4546,arena brewhouse bangalore,12100,21,52,$0.15,4,22,https://lbb.in/bangalore/arena-artisanal-brew-kitchen-indiranagar/
4547,animal shelters near me,14800,8,797,$0.92,5,11,https://lbb.in/mumbai/animal-shelters-mumbai/
4548,amarsons garden mumbai,9900,9,797,$0.74,4,21,https://lbb.in/mumbai/amarsons-garden-998677/
4549,airport authority of india officers institute,12100,18,67,$0.14,3,25,https://lbb.in/places/Airports-Authority-Of-India-Officers-new-delhi-4f8448/
4550,5th avenue,12100,39,25,$0.36,10,68,https://lbb.in/bangalore/5th-avenue-mall-e232f5/
4551,18 spot,12100,3,1960,$0.16,5,19,https://lbb.in/pune/things-to-do-at-spot-18-pune/
4552,10 downing street t nagar,12100,25,29,$0.26,4,23,https://lbb.in/chennai/10-downing-street-264526/
4553,wine shop g town,9900,28,25,$0,1,19,https://lbb.in/places/G-Town-Wines-sector-21-562516/
4554,zoey's good vibes only,12100,43,25,$0.17,4,32,https://lbb.in/bangalore/zoeys-a-happy-place-2a4eb0/
4555,waste to wonder park,12100,31,25,$0,1,8,https://lbb.in/delhi/the-waste-to-wonder-park-delhi/
4556,u b city mall restaurants,12100,11,408,$0.06,6,22,https://lbb.in/bangalore/restaurants-in-ub-city/
4557,top restaurants noida,12100,17,110,$0.16,10,22,https://lbb.in/delhi/best-restaurants-noida/
4558,toni daa dhaba,12100,10,238,$0.17,1,18,https://lbb.in/pune/toni-daa-dhaba/
4559,lord of the drinks chennai,12100,16,90,$0.29,7,21,https://lbb.in/chennai/lord-of-the-drinks-bar-48eac6/
4560,khan market coffee shops,12100,7,797,$0,1,22,https://lbb.in/delhi/khan-market-cafes-coffee-places/
4561,kapila resorts,9900,16,110,$0.14,6,36,https://lbb.in/pune/kapila-resorts-268129/
4562,kamali jamali,12100,45,25,$0.06,3,22,https://lbb.in/delhi/mirza-ghalib-ki-haveli-5d5ffa/
4563,jewelry brands in india,12100,28,25,$0.33,11,55,https://lbb.in/all/top-indian-jewellery-brands/
4564,ispahani center chennai,12100,10,181,$0.36,6,19,https://lbb.in/chennai/ispahani-center-73c28d/
4565,indian jewellery brands,9900,10,309,$0.31,52,50,https://lbb.in/all/top-indian-jewellery-brands/
4566,gurgaon galleria market,12100,14,181,$0,1,26,https://lbb.in/delhi/hood-guide-galleria-market-gurgaon/
4567,great india mall noida,14800,29,25,$0,1,25,https://lbb.in/delhi/mall/the-great-india-place-delhi/
4568,good malls in bangalore,12100,13,309,$0.02,4,29,https://lbb.in/bangalore/best-malls-in-bangalore/
4569,goa north beaches,12100,22,52,$0.50,9,13,https://lbb.in/goa/best-beaches-north-goa/
4570,goa good restaurants,12100,29,25,$0.05,17,30,https://lbb.in/goa/must-visit-restaurants-in-goa/
4571,goa famous restaurants,12100,43,25,$0.05,17,24,https://lbb.in/goa/must-visit-restaurants-in-goa/
4572,the barkhana,9900,15,110,$0.32,10,18,https://lbb.in/pune/the-barkhana-9a37da/
4573,sunset in pune,14800,39,25,$0,1,17,https://lbb.in/pune/best-sunset-spots-in-pune/
4574,spa in koramangala bangalore,12100,41,25,$0.43,63,18,https://lbb.in/bangalore/spas-in-koramangala/
4575,sp road,9900,4,1960,$0.04,1,27,https://lbb.in/bangalore/electronics-market-sp-road-nagarathpete-bangalore/
4576,secret garden cafe,9900,21,67,$0.05,1,32,https://lbb.in/bangalore/secret-garden-cafe-bangalore/
4577,restaurants nungambakkam,12100,22,52,$0.04,5,24,https://lbb.in/chennai/best-restaurants-in-nungambakkam-chennai/
4578,nungambakkam restaurants chennai,12100,22,52,$0.05,5,22,https://lbb.in/chennai/best-restaurants-in-nungambakkam-chennai/
4579,national library,12100,44,25,$0,1,22,https://lbb.in/kolkata/national-library-kolkata/
4580,mudumalai wildlife sanctuary and national park,12100,99,25,$0.09,2,38,https://go.lbb.in/5abnT75dN0b
4581,momo's corrner,9900,7,567,$0.16,4,22,https://lbb.in/pune/momos-corner/
4582,millers 46 steak house & bar,12100,9,309,$0.31,4,22,https://lbb.in/bangalore/millers-46-legendary-steakhouse-meat-lovers-favourite/
4583,military hotel,12100,9,1177,$0,2,22,https://lbb.in/bangalore/military-hotels-bangalore/
4584,nungambakkam restaurants chennai,12100,22,52,$0.05,5,22,https://lbb.in/chennai/best-restaurants-in-nungambakkam-chennai/
4585,national library,12100,44,25,$0,1,22,https://lbb.in/kolkata/national-library-kolkata/
4586,mudumalai wildlife sanctuary and national park,12100,99,25,$0.09,2,38,https://go.lbb.in/5abnT75dN0b
4587,momo's corrner,9900,7,567,$0.16,4,22,https://lbb.in/pune/momos-corner/
4588,millers 46 steak house & bar,12100,9,309,$0.31,4,22,https://lbb.in/bangalore/millers-46-legendary-steakhouse-meat-lovers-favourite/
4589,military hotel,12100,9,1177,$0,2,22,https://lbb.in/bangalore/military-hotels-bangalore/
4590,local volunteers,12100,11,408,$0,1,37,https://lbb.in/bangalore/ngos-to-volunteer-bangalore/
4591,roopkala,9900,13,238,$0.13,24,35,https://lbb.in/mumbai/roopkala-5d600e/
4592,roop kala,9900,21,52,$0.10,27,34,https://lbb.in/mumbai/roopkala-5d600e/
4593,rim naam,12100,17,90,$0.17,4,23,https://lbb.in/bangalore/rim-naam-at-the-oberoi-73062c/
4594,restaurants at nungambakkam,12100,24,52,$0.04,5,24,https://lbb.in/chennai/best-restaurants-in-nungambakkam-chennai/
4595,readymade blouses near me,12100,10,408,$0.06,99,19,https://lbb.in/chennai/top-places-for-ready-made-blouses-in-chennai/
4596,pune spas,12100,26,32,$0.13,30,32,https://lbb.in/pune/best-spas-in-pune/
4597,pakistani dramas popular,12100,22,52,$0,1,27,https://lbb.in/all/best-pakistani-drama-series/
4598,pakistani dramas famous,12100,17,71,$0,1,39,https://lbb.in/all/best-pakistani-drama-series/
4599,delhi's most haunted places,14800,45,25,$0.12,1,18,https://lbb.in/delhi/haunted-spots-delhi/
4600,delhi inderlok,9900,15,181,$0.09,4,19,https://lbb.in/delhi/inderlok-thursday-street-market/
4601,dance lessons near me for adults,12100,7,1960,$0.09,8,20,https://lbb.in/chennai/best-dance-classes-chennai/
4602,connaught market new delhi,14800,12,309,$0,1,35,https://lbb.in/delhi/shopping-brands-connaught-place/
4603,christmas celebration,14800,49,25,$0.77,1,22,https://lbb.in/mumbai/christmas-celebrations-in-mumbai/
4604,chota kashmir goregaon,12100,38,25,$0.09,3,20,https://lbb.in/mumbai/chhota-kashmir-d4b12d/
4605,britannia & company,12100,18,61,$0.10,5,42,https://lbb.in/mumbai/guide-eating-britannia-co/
4606,bombay lassi chennai,12100,17,110,$0.15,2,24,https://lbb.in/chennai/bombay-lassi/
4607,best places to visit in kolkata,14800,23,32,$0.16,7,24,https://lbb.in/kolkata/tourist-places-in-kolkata/
4608,best watches for female,14800,11,238,$0.06,100,40,https://lbb.in/all/best-watch-brands-for-women/
4609,best protein bars,12100,59,25,$0.12,97,28,https://lbb.in/all/best-protein-bars/
4610,best long lasting cologne men,14800,54,25,$0.09,100,15,https://lbb.in/all/perfumes-for-men-buy-online/
4611,best foundation oily skin,14800,50,25,$0.05,99,23,https://lbb.in/all/best-makeup-foundation-for-oily-skin/
4612,best beers,12100,18,67,$0.03,1,22,https://lbb.in/delhi/best-beer-brands?ref=lbbpost
4613,animal rescue shelters near me,12100,12,238,$0.49,6,26,https://lbb.in/delhi/animal-shelters-in-delhi/
4614,anand stall dosa,9900,21,67,$0.35,5,29,https://lbb.in/mumbai/have-you-tried-the-pizza-dosa-in-ville-parle-yet/
4615,aai officers institute,12100,30,25,$0.14,2,19,https://lbb.in/places/Airports-Authority-Of-India-Officers-new-delhi-4f8448/
4616,11 point club,12100,26,27,$0.15,6,16,https://lbb.in/bangalore/pickleball-bangalore/
4617,10 downing street chennai tamil nadu,12100,25,27,$0.18,3,23,https://lbb.in/chennai/10-downing-street-264526/
4618,xmas celebrations,12100,63,25,$0,1,38,https://lbb.in/mumbai/christmas-celebrations-in-mumbai/
4619,working cafes near me,12100,29,25,$0.15,11,27,https://lbb.in/delhi/free-wifi-cafes-delhi-ncr/
4620,wines bars near me,14800,30,25,$0.06,1,20,https://lbb.in/mumbai/restaurants-serving-great-wine-mumbai/
4621,westside karol bagh,12100,18,61,$0.04,6,17,https://lbb.in/delhi/westside-7ac4ee/
4622,tea time near me,12100,13,181,$0,3,9,https://lbb.in/mumbai/afternoon-tea-mumbai/
4623,taftoon,9900,28,27,$0.08,6,20,https://lbb.in/mumbai/taftoon-a-rich-and-nostalgic-14084e/
4624,sujana mall,1900,6,1960,$0.24,4,22,https://lbb.in/hyderabad/mall/forum-sujana-mall-hyderabad/
4625,sudhir bhai saree wala,12100,6,567,$0.25,11,20,https://lbb.in/delhi/sudhir-bhai-678458/
4626,stories bookstore,12100,35,25,$0.11,3,70,https://lbb.in/delhi/best-bookstores-delhi/
4627,staycation,12100,17,71,$0.29,5,36,https://lbb.in/delhi/staycation-spots-delhi/
4628,spice terrace,14800,13,181,$0.23,5,24,https://lbb.in/bangalore/head-for-a-spicy-twist-16517c/
4629,siridao beach goa,9900,42,25,$0.07,3,16,https://lbb.in/goa/siridao-beach-8b2dcd/
4630,shubh sweets savouries chaats,14800,18,71,$0.17,7,22,https://lbb.in/bangalore/shubh-sweets-hsr-layout/
4631,shows like stranger things,12100,20,67,$0,1,47,https://lbb.in/all/shows-like-stranger-things?ref=lbbpost
4632,series like stranger things,8100,17,71,$0,1,45,https://lbb.in/all/shows-like-stranger-things/
4633,satya niketan big yellow door,12100,25,39,$0.74,2,19,https://lbb.in/delhi/best-satyaniketan-restaurants-cafes/
4634,sathya sai auditorium delhi,12100,33,25,$0.16,3,14,https://lbb.in/places/Shri-Satya-Sai-Auditorium-lodhi-road-491748/
4635,roast the caffeine capital,12100,14,181,$0,1,19,https://lbb.in/hyderabad/roast-the-caffeine-capital-hitech-city-hyderabad/
4636,rashtrapati bhavan ticket,12100,22,32,$0.14,10,24,https://lbb.in/delhi/rashtrapati-bhavan-online-ticket/
4637,pilates academy,9900,21,67,$0.68,1,24,https://lbb.in/mumbai/fitness-professionals-pilates-training-mumbai/
4638,top ten pakistani dramas,12100,20,52,$0,1,29,https://lbb.in/all/best-pakistani-drama-series/
4639,tomatoes beachside restaurant,12100,36,25,$0.04,3,22,https://lbb.in/goa/best-beach-facing-restaurant-in-853226/
4640,thekkady kumily,12100,39,25,$0.84,1,19,https://lbb.in/all/places-to-visit-in-thekkady/
4641,house of sl,9900,8,408,$0.23,8,37,https://lbb.in/kolkata/sreeleathers-a1981d/
4642,hindustan trading company,9900,18,110,$0,1,33,https://lbb.in/chennai/hindustan-trading-company-stationery-products/
4643,hasta shilpa heritage village museum,9900,29,27,$0.08,2,20,https://lbb.in/bangalore/hastashilpa-heritage-museum-manipal/
4644,goregaon chota kashmir,9900,18,71,$0.08,4,22,https://lbb.in/mumbai/chhota-kashmir-d4b12d/
4645,good restaurant in goa,720,31,25,$0.10,14,26,https://lbb.in/goa/must-visit-restaurants-in-goa/
4646,gin brands,12100,17,71,$0,1,23,https://lbb.in/bangalore/best-indian-gin-brands/
4647,ganesh in mumbai,12100,45,25,$0.03,1,23,https://lbb.in/mumbai/best-pandals-mumbai-ganeshotsav/
4648,gandhinagar in delhi,12100,8,567,$0.19,1,18,https://lbb.in/delhi/gandhi-nagar-market/
4649,fisherman's hook,12100,10,238,$0.01,88,22,https://lbb.in/mumbai/satisfy-your-fish-cravings-at-ef54df/
4650,popular pakistani serials,12100,11,238,$0,1,37,https://lbb.in/all/best-pakistani-drama-series/
4651,pet adoption shelters near me,12100,12,181,$0.34,7,18,https://lbb.in/delhi/animal-shelters-in-delhi/
4652,pebble bangalore,14800,10,408,$0.09,4,24,https://lbb.in/bangalore/raisingthebar-at-pebble/
4653,online shopping sites,18100,49,25,$0.08,51,89,https://lbb.in/delhi/best-online-shopping-websites/
4654,one day picnic places near pune,12100,15,238,$0.12,30,26,https://lbb.in/pune/picnic-spots-near-pune/
4655,office chair near me,12100,27,26,$0.71,95,37,https://lbb.in/delhi/best-office-chairs-delhi/
4656,nearby swimming pool near me,9900,7,1177,$0.03,11,27,https://lbb.in/delhi/swimming-pools-noida/
4657,mosque of jamali kamali,12100,43,25,$0.06,3,27,https://lbb.in/delhi/mirza-ghalib-ki-haveli-5d5ffa/
4658,mosque of jamali,12100,29,26,$0.06,3,24,https://lbb.in/delhi/mirza-ghalib-ki-haveli-5d5ffa/
4659,monuments in delhi india,9900,53,25,$0.12,3,27,https://lbb.in/all/delhi-historical-monument/
4660,moisturizer for men,12100,57,25,$0.06,99,38,https://lbb.in/delhi/best-face-cream-for-men/
4661,manjeera mall kukatpally,9900,4,1960,$0.26,11,19,https://lbb.in/hyderabad/mall/manjeer-mall-hyderabad/
4662,mango near me,12100,20,61,$0.10,42,44,https://lbb.in/delhi/online-mango-delivery-places-delhi-ncr/
4663,lower parel mumbai maharashtra,12100,73,25,$0.11,3,20,https://lbb.in/mumbai/locality/lower-parel-mumbai/
4664,leaping windows versova,9900,10,567,$0.18,3,23,https://lbb.in/mumbai/leaping-windows-versova/
4665,korean mart,12100,64,25,$0.15,1,37,https://lbb.in/hyderabad/top-korean-stores/
4666,korean face wash,12100,52,25,$0.06,100,17,https://lbb.in/all/korean-facial-cleansers/
4667,kerala beach,12100,76,25,$0.17,3,22,https://lbb.in/bangalore/kerala-best-beaches/
4668,kalyan nagar restaurants,12100,20,52,$0.08,11,21,https://lbb.in/bangalore/best-restaurants-kalyan-nagar/
4669,café stone,12100,16,181,$0.14,2,21,https://lbb.in/delhi/cafe-stone-mehrauli/
4670,brandy brands,12100,9,567,$0,1,21,https://lbb.in/all/brandy-brands/
4671,bombay ganesha,12100,31,25,$0,1,22,https://lbb.in/mumbai/best-pandals-mumbai-ganeshotsav/
4672,eros city square mall gurgaon,12100,11,238,$0.27,5,19,https://lbb.in/delhi/eros-mall-shopping-guide/
4673,delhi gandhi nagar cloth market,12100,7,1960,$0.02,2,24,https://lbb.in/delhi/gandhi-nagar-market/
4674,decathlon kolkata,14800,8,567,$0.03,1,23,https://lbb.in/kolkata/decathlon-2c9fd3/
4675,dance studio near me for adults,14800,8,797,$0.14,7,30,https://lbb.in/bangalore/dance-schools-bangalore/
4676,dadar nakshatra mall,12100,16,71,$0.13,2,17,https://lbb.in/mumbai/shopping-at-nakshatra-mall-dadar/
4677,coffee shops in khan market,12100,8,797,$0,1,8,https://lbb.in/delhi/khan-market-cafes-coffee-places/
4678,best massage oil for infants,12100,103,25,$0.11,99,30,https://lbb.in/all/best-infant-massage-oil/
4679,best long lasting perfume for men,9900,50,25,$0.10,100,41,https://lbb.in/all/perfumes-for-men-buy-online/
4680,best infant massage oil,12100,35,25,$0.09,99,30,https://lbb.in/all/best-infant-massage-oil/
4681,bengali bridal looks,12100,11,238,$0.05,1,30,https://lbb.in/all/bengali-bridal-look/
4682,bandra west hill road,9900,4,3678,$0,1,8,https://lbb.in/mumbai/hill-road-bandra/
4683,1135 ad,12100,28,26,$0.06,1,24,https://lbb.in/delhi/1135-ad-amer-road-6d24cd/
4684,wine name,12100,60,25,$0,1,21,https://lbb.in/all/red-wine-brands/
4685,what to do,12100,19,110,$0.47,3,31,https://lbb.in/bangalore/things-to-do-in-bangalore/
4686,khan market cafe,12100,12,181,$0.01,1,24,https://lbb.in/delhi/khan-market-cafes-coffee-places/
4687,karol bagh gaffar market,12100,11,567,$0,1,8,https://lbb.in/delhi/gaffar-market-things-to-buy/
4688,k movie,12100,32,25,$0,1,61,https://lbb.in/all/best-korean-movies/
4689,jimis burger vashi,12100,30,26,$0.21,4,22,https://lbb.in/mumbai/jimi's-burger-thali-vashi/
4690,jamali mosque,12100,37,25,$0.06,3,18,https://lbb.in/delhi/mirza-ghalib-ki-haveli-5d5ffa/
4691,interior kolkata,14800,67,23,$2.06,44,36,https://lbb.in/kolkata/interior-designer-kolkata/
4692,indian jewelry brands,9900,6,567,$0.31,52,45,https://lbb.in/all/top-indian-jewellery-brands/
4693,hotel maris,14800,17,71,$0.21,11,26,https://lbb.in/chennai/hotel-maris-anandam-chennai-meals-cathedral-road-chennai/
4694,horror places in delhi,14800,57,25,$0.23,1,9,https://lbb.in/delhi/haunted-spots-delhi/
4695,heart shaped lake,12100,20,90,$0.03,1,19,https://lbb.in/goa/heart-shaped-lagoons-sunset-spots-chicolna-near-bogmalo/
4696,good hair straightener,12100,30,25,$0.05,99,46,https://lbb.in/all/best-hair-straightener/
4697,taiki,12100,15,181,$0.17,3,37,https://lbb.in/bangalore/taiki-is-the-go-to-7e1da0/
4698,suta kolkata,12100,12,181,$0.07,10,24,https://lbb.in/kolkata/suta-bombay-kolkata-store/
4699,spot 18 mall,14800,7,309,$0,12,21,https://lbb.in/pune/things-to-do-at-spot-18-pune/
4700,spa koramangala,12100,31,25,$0.33,61,40,https://lbb.in/bangalore/spas-in-koramangala/
4701,sobremesa,12100,33,25,$0,1,21,https://lbb.in/places/Sobremesa-Bakehouse-Cafe-Kitchen-jubilee-hills-3e2a7c/
4702,short getaways from bangalore,12100,27,25,$0.23,39,18,https://lbb.in/bangalore/road-trips-from-bangalore?ref=lbbpost
4703,shoes brands in india,12100,37,25,$0.15,100,39,https://lbb.in/bangalore/indian-shoe-brands-for-men/
4704,shiv kailash pune,12100,12,309,$0.29,3,30,https://lbb.in/pune/shiv-kailash-serving-yum-lassis-since-65/
4705,sattvam whitefield,9900,14,181,$0.40,5,18,https://lbb.in/bangalore/head-out-to-sattvam-whitefield-89d38c/
4706,ri kynjai,12100,16,90,$0.19,28,39,https://lbb.in/bangalore/rikynjai-shillong/
4707,resort at alibaug beach,12100,45,25,$0.15,49,40,https://lbb.in/mumbai/alibaug-beach-resorts/
4708,powai rude lounge,12100,20,67,$0.14,3,21,https://lbb.in/mumbai/rude-lounge-651047/
4709,palazzo in chennai,12100,18,61,$0.03,1,23,https://lbb.in/chennai/budget-palazzo-shops-tnagar-chennai/
4710,office chair furniture near me,12100,29,25,$0.23,100,21,https://lbb.in/delhi/best-office-chairs-delhi/
4711,nehru place computer market,12100,15,136,$0.15,3,24,https://lbb.in/delhi/5-shops-nehru-place-computer-market/
4712,nearby dhabas near me,12100,10,567,$0.04,7,26,https://lbb.in/hyderabad/dhabas-hyderabad/
4713,nakshatra dadar,12100,15,71,$0.11,3,20,https://lbb.in/mumbai/shopping-at-nakshatra-mall-dadar/
4714,metropolitan durga bari,9900,50,25,$0.11,9,32,https://lbb.in/kolkata/durga-bari-ada398/
4715,men hair salon near me,12100,15,136,$0.32,11,12,https://lbb.in/hyderabad/mens-salon-hyderabad/
4716,gardening nearby,12100,34,25,$0.03,2,25,https://lbb.in/bangalore/best-nurseries-and-garden-centres-in-bangalore/
4717,ganesh mumbai,12100,45,25,$0.03,1,32,https://lbb.in/mumbai/best-pandals-mumbai-ganeshotsav/
4718,galeries lafayette india mumbai store,9900,30,25,$0.28,6,29,https://lbb.in/places/Galeries-Lafayette-India-fort-9b8266/
4719,foundations good for oily skin,14800,40,25,$0.05,99,17,https://lbb.in/all/best-makeup-foundation-for-oily-skin/
4720,footwear brands in india,12100,20,61,$0.14,92,36,https://lbb.in/bangalore/indian-shoe-brands-for-men/
4721,film city bangalore,12100,45,25,$0.04,2,22,https://lbb.in/bangalore/innovative-film-city-bangalore/
4722,dollar store,14800,37,25,$0,1,22,https://lbb.in/bangalore/super-99-store-bangalore/
4723,brandy drink brands,12100,6,797,$0,1,17,https://lbb.in/all/brandy-brands/
4724,bombay lassi,12100,18,90,$0.11,3,24,https://lbb.in/chennai/bombay-lassi/
4725,boba drink near me,12100,9,567,$0.20,4,10,https://lbb.in/delhi/bubble-tea-places/
4726,best veg hotel in bangalore,12100,27,29,$0.04,12,31,https://lbb.in/bangalore/veg-restaurants-bangalore/
4727,best reading books,12100,52,25,$0.05,87,66,https://lbb.in/all/best-books-novels/
4728,best oil to massage newborn,12100,50,25,$0.10,100,30,https://lbb.in/all/best-infant-massage-oil/
4729,best oil for newborn massage,12100,38,25,$0.09,99,31,https://lbb.in/all/best-infant-massage-oil/
4730,best facial kit,12100,29,26,$0.07,99,46,https://lbb.in/all/best-facial-kits/
4731,benne dosa bandra,9900,25,39,$0,1,24,https://lbb.in/mumbai/benne-bombay-worth-the-hype/
4732,begur karnataka,9900,88,25,$0.14,3,25,https://lbb.in/bangalore/begur-fort-temple-near-bangalore/
4733,bangalore markets,12100,11,567,$0.16,1,33,https://lbb.in/bangalore/post/markets/
4734,animal homes near me,12100,9,567,$0.49,6,13,https://lbb.in/mumbai/animal-shelters-mumbai/
4735,amanvana resort coorg,12100,29,25,$0.14,46,30,https://lbb.in/bangalore/amanvana-coorg/
4736,altaf cafe,9900,24,32,$0.01,1,25,https://lbb.in/places/Altafs-Cafe-kodaikanal-d74756/
4737,10th downing street chennai,12100,20,52,$0.18,3,21,https://lbb.in/chennai/10-downing-street-264526/
4738,delhi book market,12100,35,25,$0.02,7,23,https://lbb.in/delhi/buy-secondhand-books-delhi/
4739,dashamakan,9900,11,309,$0.13,1,27,https://lbb.in/chennai/dashamakan-chennai/
4740,cream centre chowpatty,12100,15,90,$0.20,4,19,https://lbb.in/mumbai/mumbais-iconic-cream-center-in-119131/
4741,china pearl,12100,18,71,$0.07,4,20,https://lbb.in/bangalore/china-pearl-koramangala/
4742,chilla sports complex,9900,11,309,$0.08,4,17,https://lbb.in/delhi/gulmohar-park-club-b267a9/
4743,cat cafe,12100,22,52,$0.25,1,62,https://lbb.in/delhi/delhi-opens-its-first-ever-66849b/
4744,weatherman,12100,20,61,$0,1,53,https://lbb.in/chennai/tamil-nadu-weather-man-chennai/
4745,waterfalls in goa,14800,53,25,$0.17,1,18,https://lbb.in/goa/goa-waterfalls-visit-during-monsoon/
4746,vr mall food court,9900,19,61,$0.16,5,17,https://lbb.in/chennai/dine-in-restaurants-at-vr-mall-anna-nagar-chennai/
4747,venna lake boating,9900,31,25,$0.05,1,22,https://lbb.in/mumbai/boating-in-mahabaleshwar-92f732/
4748,ub city restaurants,12100,11,309,$0.04,5,19,https://lbb.in/bangalore/restaurants-in-ub-city/
4749,tv shows like stranger things,12100,19,61,$0,1,30,https://lbb.in/all/shows-like-stranger-things?ref=lbbpost
4750,toys near me,12100,23,39,$0.40,11,20,https://lbb.in/hyderabad/top-toy-stores/
4751,the rogue elephant,9900,10,408,$0.23,3,24,https://lbb.in/bangalore/the-rogue-elephant-cafe-basavanagudi/
4752,the country house,14800,13,136,$0.22,3,22,https://lbb.in/kolkata/country-house-elgin/
4753,the asiatic society,14800,43,25,$0.20,1,53,https://lbb.in/kolkata/asiatic-society-dd861d/
4754,texas tower,12100,12,309,$0.08,4,21,https://lbb.in/pune/texas-tower-9216fb/
4755,short kurti with baggy jeans,12100,13,309,$0.01,40,26,https://lbb.in/all/kurti-jeans-outfits/
4756,s p road,9900,4,1960,$0.04,1,25,https://lbb.in/bangalore/electronics-market-sp-road-nagarathpete-bangalore/
4757,westside trillium avenue gurgaon,9900,15,71,$0.28,6,15,https://lbb.in/places/Westside-424e3f/
4758,restaurants in kalyan nagar bangalore,12100,23,52,$0.04,11,21,https://lbb.in/bangalore/best-restaurants-kalyan-nagar/
4759,ready made blouses near me,12100,13,309,$0.06,100,21,https://lbb.in/kolkata/Readymade-blouses-in-Kolkata/
4760,places in kodagu,14800,47,25,$0.25,4,27,https://lbb.in/bangalore/places-to-go-coorg-kodagu/
4761,new andhra meals,9900,18,67,$0.13,4,23,https://lbb.in/chennai/new-andhra-meals-2d4e17/
4762,nearest waterfalls to bangalore,12100,31,25,$0.03,4,40,https://lbb.in/bangalore/waterfalls-near-bangalore/
4763,near winery,12100,21,52,$0,1,18,https://lbb.in/mumbai/wineries-maharashtra-travel/
4764,nanking chinese restaurant,9900,18,71,$0.21,3,25,https://lbb.in/hyderabad/nanking-chinese-restaurant/
4765,mysore dasara mysore,12100,16,110,$0.09,1,39,https://lbb.in/bangalore/mysore-dasara/
4766,mumbai vinayaka,12100,59,25,$0.03,1,36,https://lbb.in/mumbai/best-pandals-mumbai-ganeshotsav/
4767,mumbai sunset point,9900,44,25,$0,1,24,https://lbb.in/mumbai/best-sunset-spots-mumbai/
4768,mister chai,12100,10,238,$0.11,1,20,https://lbb.in/delhi/mister-chai-tea-lounge-shangrila/
4769,market places in bangalore,12100,37,25,$0.04,1,24,https://lbb.in/bangalore/shopping-at-commercial-street/
4770,leaping windows cafe,9900,17,110,$0.18,3,21,https://lbb.in/mumbai/leaping-windows-versova/
4771,leaping windows andheri west,9900,9,408,$0.18,3,22,https://lbb.in/mumbai/leaping-windows-versova/
4772,ladies best watches,12100,35,25,$0.05,100,58,https://lbb.in/all/best-watch-brands-for-women/
4773,krabi krabi thailand,12100,51,25,$0.60,5,32,https://lbb.in/delhi/krabi-thailand-662195/
4774,kodagu places,12100,36,25,$0.14,6,23,https://lbb.in/bangalore/places-to-go-coorg-kodagu/
4775,kapila resort,9900,17,90,$0.14,6,28,https://lbb.in/pune/kapila-resorts-268129/
4776,jimmy's cocktails,12100,22,52,$0.20,36,32,https://lbb.in/delhi/jimmys-cocktails-shop-online/
4777,jewellery brands in india,12100,17,90,$0.33,11,46,https://lbb.in/all/top-indian-jewellery-brands/
4778,jamali kamali mosque,12100,42,25,$0.06,3,20,https://lbb.in/delhi/mirza-ghalib-ki-haveli-5d5ffa/
4779,ispahani center,12100,11,238,$0.14,5,17,https://lbb.in/chennai/ispahani-center-73c28d/
4780,hindustan trading co,12100,21,61,$0,1,25,https://lbb.in/chennai/hindustan-trading-company-stationery-products/
4781,hakkasan,12100,25,27,$0.39,5,42,https://lbb.in/mumbai/treat-yourself-with-some-amazing-cec7ad/
4782,hair styler best,12100,41,25,$0.53,1,26,https://lbb.in/bangalore/best-hair-styling-tools-buy-online/
4783,gandhi nagar east delhi,12100,22,39,$0.19,1,19,https://lbb.in/delhi/gandhi-nagar-market/
4784,gandhi nagar cloth market,9900,9,797,$0.03,1,33,https://lbb.in/delhi/gandhi-nagar-market/
4785,formal shirt pant combination,12100,18,71,$0.08,98,38,https://lbb.in/delhi/formal-pant-shirt-combination/
4786,football jersey shop near me,9900,26,27,$0.07,8,29,https://lbb.in/bangalore/football-jerseys-in-bangalore/
4787,face cleanser korean,9900,21,61,$0.07,100,22,https://lbb.in/delhi/korean-facial-cleansers/
4788,pacific mall delhi,9900,41,25,$0.03,5,17,https://lbb.in/delhi/mall/pacific-mall-delhi/
4789,central market in delhi,12100,19,67,$0,1,23,https://lbb.in/delhi/central-market-65f4af/
4790,bookstores near me,9900,7,1177,$0.10,4,17,https://lbb.in/bangalore/bookstores-in-bangalore/
4791,boba near me,12100,11,309,$0.32,4,18,https://lbb.in/delhi/bubble-tea-places/
4792,best watch for ladies,12100,32,25,$0.05,100,35,https://lbb.in/all/best-watch-brands-for-women/
4793,best night club goa,12100,28,27,$0.17,4,30,https://lbb.in/goa/best-night-clubs-in-goa/
4794,best men's lotion for face,9900,42,25,$0.10,100,40,https://lbb.in/delhi/best-face-cream-for-men/
4795,best malls in new delhi,12100,19,71,$0.09,3,20,https://lbb.in/delhi/best-malls-delhi-ncr/
4796,best k drama romantic,12100,21,52,$0.03,1,47,https://lbb.in/all/romantic-korean-dramas-netflix/
4797,best face cream for man,12100,54,25,$0.10,100,37,https://lbb.in/delhi/best-face-cream-for-men/
4798,barton centre mg road,12100,29,25,$0.16,4,23,https://lbb.in/bangalore/13th-floor-bar-mg-road-back/
4799,bangalore nearest waterfalls,12100,23,52,$0.03,4,32,https://lbb.in/bangalore/waterfalls-near-bangalore/
4800,bandra hill road,12100,5,3678,$0,1,16,https://lbb.in/mumbai/hill-road-bandra/
4801,arts and crafts stores near me,14800,18,71,$0.07,12,19,https://lbb.in/bangalore/arts-crafts-hobby-stores-in-bangalore/
4802,art and crafts shop near me,12100,22,52,$0.26,6,10,https://lbb.in/delhi/stationery-stores-delhi-office-supplies-croquis-clay-ink-paper/
4803,art & craft store near me,12100,16,136,$0.04,7,36,https://lbb.in/bangalore/bangalores-best-art-craft-stores/
4804,arife lamoulde,9900,14,181,$0.35,3,22,https://lbb.in/places/Arife-Lamoulde-andheri-west-c96b1b/
4805,82 e,12100,8,408,$0.25,91,26,https://lbb.in/all/deepika-padukone-skincare-brand-82e/
4806,expensive perfumes in the world,12100,33,25,$0.07,8,22,https://lbb.in/all/expensive-perfume-in-the-world/
4807,dussehra in mysore,12100,31,25,$0.08,1,25,https://lbb.in/bangalore/mysore-dasara/
4808,dog rescue groups near me,14800,20,61,$0.25,5,11,https://lbb.in/mumbai/animal-shelters-mumbai/
4809,divis beach,9900,19,90,$0.51,1,29,https://lbb.in/hyderabad/must-visit-beaches-vizag/
4810,desi lane alipore,14800,20,61,$0.03,1,22,https://lbb.in/kolkata/desi-lane-cheap-alcohol-alipore-kolkata/
4811,coorg jungle camp resort,12100,48,25,$0.12,43,21,https://lbb.in/bangalore/coorg-jungle-camp/
4812,coffee shops in chennai,12100,29,26,$0,2,9,https://lbb.in/chennai/best-coffee-places-in-chennai/
4813,marriage function dress for male,18100,41,25,$0.08,97,40,https://lbb.in/delhi/best-man-wedding-outfits/
4814,mangoes near me,12100,23,39,$0.11,13,24,https://lbb.in/delhi/online-mango-delivery-places-delhi-ncr/
4815,maharashtrian look,14800,13,181,$0,1,22,https://lbb.in/all/maharashtrian-bride-look/
4816,local volunteering,12100,13,181,$0,1,20,https://lbb.in/delhi/ngos-volunteer-delhi/
4817,lip plumper lips,12100,54,25,$0.07,96,24,https://lbb.in/all/best-lip-plumper/
4818,kuuraku brigade road bangalore,12100,31,25,$0,3,23,https://lbb.in/bangalore/kuuraku-brigade-road/
4819,korean skin products,18100,44,25,$0.16,100,49,https://lbb.in/all/best-korean-beauty-brands/
4820,khan market cafes,12100,11,309,$0,1,16,https://lbb.in/delhi/khan-market-cafes-coffee-places/
4821,jewellery brand india,8100,22,61,$0.26,76,60,https://lbb.in/all/top-indian-jewellery-brands/
4822,world most expensive perfume,12100,28,29,$0.11,11,33,https://lbb.in/all/expensive-perfume-in-the-world/
4823,yumma swami,8100,12,136,$0.11,4,23,https://lbb.in/pune/yumma-swami-806437/
4824,working cafe near me,12100,16,110,$0.84,13,12,https://lbb.in/delhi/free-wifi-cafes-delhi-ncr/
4825,vodka flavours,12100,60,25,$0,1,19,https://lbb.in/all/best-vodka-brands/
4826,top restaurants in goa,12100,43,25,$0.09,16,23,https://lbb.in/goa/must-visit-restaurants-in-goa/
4827,veg hotel in bangalore,12100,33,25,$0.04,10,32,https://lbb.in/bangalore/post/vegetarian/
4828,the shop,12100,85,25,$0.18,77,57,https://lbb.in/delhi/handcrafted-home-linen-clothing-ceramics-the-shop/
4829,the sassy spoon,9900,21,52,$0.13,5,38,https://lbb.in/pune/the-sassy-spoon-pune-c7ef27/
4830,the rogue elephant bangalore,12100,10,408,$0.25,2,22,https://lbb.in/bangalore/the-rogue-elephant-a-pretty-b8c8cb/
4831,sweet lake,9900,13,309,$0.07,2,38,https://lbb.in/goa/sweet-water-lake-arambol/
4832,spas koramangala,12100,40,25,$0.42,61,19,https://lbb.in/bangalore/spas-in-koramangala/
4833,sightseeing places in gwalior,12100,45,25,$0.02,16,19,https://lbb.in/all/gwalior-tourist-attraction/
4834,shoe brands in india,12100,39,25,$0.16,89,35,https://lbb.in/bangalore/indian-shoe-brands-for-men/
4835,sandoz restaurant lajpat nagar,12100,21,52,$0.30,6,17,https://lbb.in/delhi/finally-south-delhi-opens-door-bac078/
4836,saldanha bakery,8100,17,90,$0.38,2,24,https://lbb.in/kolkata/saldanha-bakery-a740bc/
4837,roastery coffee house hyderabad,5400,18,71,$0,1,6,https://lbb.in/hyderabad/best-cafe-for-coffee-4ee1de/
4838,restaurants in hyderabad banjara hills,12100,23,39,$0.03,9,25,https://lbb.in/hyderabad/best-restaurants-banjara-hills/
4839,restaurant in ub city bangalore,12100,11,309,$0.04,6,17,https://lbb.in/bangalore/restaurants-in-ub-city/
4840,rare love fashion,12100,34,25,$0.17,5,32,https://lbb.in/chennai/my-love-fashion-westernwear-store-velachery-chennai/
4841,pulla reddy sweets,12100,27,29,$0.15,10,20,https://lbb.in/hyderabad/g-pulla-reddy-sweets/
4842,pre wedding shoot outfit,12100,31,25,$0.04,57,23,https://lbb.in/all/pre-wedding-photoshoot-outfits/
4843,nicco super bowl kolkata,9900,9,567,$0.04,4,18,https://lbb.in/kolkata/nicco-super-bowl-618dc7/
4844,nail extension price,12100,22,52,$0.25,38,28,https://lbb.in/delhi/best-nail-salons-delhi-ncr/
4845,mumbai restaurants colaba,12100,29,26,$0.05,4,22,https://lbb.in/mumbai/locality/colaba-mumbai/
4846,kimono dress,12100,18,71,$0.16,43,34,https://lbb.in/all/kimono-dresses-best-brands/
4847,iris cafe hsr,9900,20,61,$0.08,5,20,https://lbb.in/bangalore/perfect-cafe-for-group-outings-8db30a/
4848,india snack,12100,41,25,$0.22,8,34,https://lbb.in/delhi/indian-snacks-shop-online/
4849,in store fashion,12100,17,71,$0.02,93,25,https://lbb.in/chennai/instore-clothing-store-tnagar-chennai-ca6b44/
4850,high street mall thane west,12100,10,181,$0,1,20,https://lbb.in/mumbai/high-street-mall-f4e324/
4851,hebbal social,9900,8,408,$0.21,5,20,https://lbb.in/bangalore/hebbal-social/
4852,good books to read,12100,63,25,$0.05,87,57,https://lbb.in/all/best-books-novels/
4853,galleria market in gurgaon,12100,12,181,$0.04,1,25,https://lbb.in/delhi/galleria-market-gurgaon-shopping/
4854,formal pants and shirts combination,12100,15,136,$0.02,98,16,https://lbb.in/delhi/formal-pant-shirt-combination/
4855,chicane circuit,12100,23,52,$0.28,4,18,https://lbb.in/hyderabad/chicane-circuit-secunderabad/
4856,champa gali saket,9900,10,567,$0.03,6,21,https://lbb.in/delhi/champa-gali-hood-guide/
4857,cafe in j p nagar,12100,21,52,$0.04,14,22,https://lbb.in/bangalore/the-kind-jp-nagar/
4858,brands brandy,12100,5,1177,$0,1,19,https://lbb.in/all/brandy-brands/
4859,brand gin,12100,27,29,$0,1,27,https://lbb.in/bangalore/best-indian-gin-brands/
4860,bombay trooper,18100,22,52,$0.04,90,51,https://lbb.in/mumbai/bombay-trooper/
4861,bombay lassi triplicane,12100,18,90,$0.15,2,22,https://lbb.in/chennai/bombay-lassi/
4862,big yellow door,14800,19,71,$3.48,2,18,https://lbb.in/delhi/big-yellow-door-delhi/
4863,best protein bar,2400,76,25,$0.20,97,43,https://lbb.in/all/best-protein-bars/
4864,best oil for infant massage,12100,54,25,$0.09,99,33,https://lbb.in/all/best-infant-massage-oil/
4865,best footwear brands,14800,33,25,$0.08,95,46,https://lbb.in/bangalore/indian-shoe-brands-for-men/
4866,best body moisturizer for dry skin,12100,68,25,$0.12,100,39,https://lbb.in/all/best-body-lotion/
4867,beauty barn,14800,13,181,$0.20,96,51,https://lbb.in/delhi/Korean-skin-care-Beauty-Barn-India/
4868,bars and pubs,12100,26,29,$0.12,2,24,https://lbb.in/delhi/post/bars-and-nightlife/
4869,bangalore vegan restaurants,14800,39,25,$0.04,9,25,https://lbb.in/bangalore/vegan-restaurants-bangalore/
4870,amarsons garden,9900,10,567,$0.74,4,22,https://lbb.in/mumbai/amarsons-garden-998677/
4871,abc chowk pune,9900,7,1177,$0,1,16,https://lbb.in/pune/appa-balwant-chowk-de1501/
4872,abc chowk,9900,12,238,$0,2,21,https://lbb.in/pune/abc-chowk-b53447/
4873,5 star hotels in pune,12100,33,25,$0.30,95,37,https://lbb.in/pune/best-5-star-hotels-in-pune/
4874,145 kala ghoda,12100,11,238,$0.28,3,22,https://lbb.in/mumbai/145-kala-ghoda-bandra-ad5f0e/
4875,10 downing street chennai,12100,19,52,$0.15,3,24,https://lbb.in/chennai/10-downing-street-264526/
4876,dhaba food,9900,12,238,$0.11,5,27,https://lbb.in/hyderabad/dhabas-hyderabad/
4877,desk chair stores near me,12100,12,181,$0.20,100,19,https://lbb.in/delhi/best-office-chairs-delhi/
4878,delivery alcohol online,12100,26,25,$0,1,24,https://lbb.in/delhi/alcohol-home-delivery-gurgaon/
4879,dance classes near me for adults,12100,12,238,$0.25,7,11,https://lbb.in/hyderabad/best-dance-studios-hyderabad/
4880,customisable cake near me,12100,14,136,$0.21,98,21,https://lbb.in/pune/customised-cakes-in-pune/
4881,coronation bridge,12100,26,39,$0.28,3,26,https://lbb.in/kolkata/coronation-bridge-siliguri/
4882,copper chimney worli,9900,14,110,$0.08,6,20,https://lbb.in/mumbai/copper-chimney-c9b173/
4883,connaught place market in delhi,14800,14,238,$2.66,1,33,https://lbb.in/delhi/shopping-brands-connaught-place/
4884,christmas movies movies,12100,16,90,$0,1,63,https://lbb.in/mumbai/christmas-movies-to-watch-this-year/
4885,china pearl chinese,12100,24,32,$0.06,4,18,https://lbb.in/bangalore/china-pearl-koramangala/
4886,chhatarpur near me,14800,50,25,$0,1,21,https://lbb.in/delhi/locality/chhattarpur-delhi/
4887,warehouse kitchen & bar,12100,7,797,$0.15,5,32,https://lbb.in/mumbai/with-3-different-levels-warehouse-e69309/
4888,toy room delhi,12100,12,238,$0,2,17,https://lbb.in/delhi/toy-room-159228/
4889,top pakistani dramas,12100,10,309,$0,1,16,https://lbb.in/all/best-pakistani-drama-series/
4890,top pak drama,12100,17,90,$0,1,41,https://lbb.in/all/best-pakistani-drama-series/
4891,top body lotions for dry skin,12100,79,25,$0.09,99,37,https://lbb.in/all/best-body-lotion/
4892,thergaon boat club,9900,34,25,$0.11,3,29,https://lbb.in/places/Thergaon-Boat-Club-pimpri-chinchwad-b1c901/
4893,the serra rooftop cafe,12100,37,25,$0.03,3,20,https://lbb.in/places/The-Serra-Rooftop-Cafe-bidhan-nagar-806f11/
4894,the bougainvillea hyderabad,12100,29,26,$0.16,4,22,https://lbb.in/places/The-BougainVillea-jubilee-hills-42da7b/
4895,sumatra wedding venue,12100,37,25,$0.52,6,18,https://lbb.in/bangalore/wedding-venues-bangalore/
4896,sports goods,14800,39,25,$0.15,3,23,https://lbb.in/mumbai/best-sports-shops/
4897,spa in pune,12100,32,25,$0.18,39,28,https://lbb.in/pune/best-spas-in-pune/
4898,spa in calcutta,12100,55,25,$0.10,32,26,https://lbb.in/kolkata/best-massages-spas-kolkata/
4899,pets day care near me,12100,10,408,$0.34,35,18,https://lbb.in/mumbai/pet-boarding-in-mumbai/
4900,pant shirt combo for men,12100,19,61,$0.02,96,20,https://lbb.in/delhi/formal-pant-shirt-combination/
4901,north goa beaches,14800,19,71,$0.17,22,24,https://lbb.in/goa/best-beaches-north-goa/
4902,new andhra meals valasaravakkam,9900,22,52,$0.13,4,24,https://lbb.in/chennai/new-andhra-meals-hotel-chennai/
4903,nasi and mee,9900,16,181,$0.02,6,38,https://lbb.in/bangalore/pan-asian-at-nasi-and-mee/
4904,mrp bar near me,9900,16,110,$0.07,8,31,https://lbb.in/mumbai/monsoon-gloom-drink-bar-shivaji-park-mrp/
4905,lucknow chikan kurti,14800,67,25,$0.11,100,48,https://lbb.in/mumbai/lucknow-chikan-kurtas-mumbai/
4906,lady entrepreneur,12100,57,25,$5.77,1,77,https://lbb.in/bangalore/women-entrepreneurs-bangalore/
4907,kotpally reservoir,12100,21,71,$0,1,19,https://lbb.in/hyderabad/vikarabad-9db627/
4908,khau galli ghatkopar,9900,18,71,$0.07,3,21,https://lbb.in/mumbai/ghatkopar-khau-galli/
4909,kesarval spring verna waterfall,9900,55,25,$0.09,2,17,https://lbb.in/goa/keserval-springs-d80820/
4910,kerala beaches,12100,36,25,$0.20,2,22,https://lbb.in/bangalore/kerala-best-beaches/
4911,jeans types ladies,12100,5,1960,$0.02,97,32,https://lbb.in/delhi/types-of-jeans-women/
4912,jamali kamali tomb and mosque,12100,39,25,$0.06,3,20,https://lbb.in/delhi/mirza-ghalib-ki-haveli-5d5ffa/
4913,indian brand jewelry,8100,5,1177,$0.26,76,63,https://lbb.in/all/top-indian-jewellery-brands/
4914,rustom ice cream mumbai,12100,11,408,$0,1,8,https://lbb.in/mumbai/k-rustom-ice-cream/
4915,rhythm lonavala an all suite resort,9900,64,25,$0.20,20,29,https://lbb.in/pune/rhythm-resort-lonavala/
4916,rent dress shop near me,12100,12,181,$0.13,7,11,https://lbb.in/chennai/best-places-to-rent-clothes-in-chennai/
4917,pune ganpati,12100,22,71,$0,3,22,https://lbb.in/pune/manache-ganpati-in-pune/
4918,pre wedding shoot clothes,12100,28,29,$0.04,42,25,https://lbb.in/all/pre-wedding-photoshoot-outfits/
4919,flower market dadar,12100,4,3678,$0,1,24,https://lbb.in/mumbai/flower-market-dadar/
4920,fitness & gym,12100,23,32,$0.28,2,26,https://lbb.in/mumbai/indoor-gyms-bandra/
4921,horamavu signal,9900,11,309,$0.13,8,21,https://lbb.in/places/Horamavu-Signal-Park-kalyan-nagar-45eb55/
4922,hair growth supplements,9900,46,25,$0.24,50,39,https://go.lbb.in/lr2e5wQoYXb
4923,godavari west,12100,26,32,$0,1,28,https://lbb.in/hyderabad/things-to-do-west-godavari/
4924,gifts for mothers,12100,63,25,$0.09,100,30,https://lbb.in/delhi/mothers-day-gifts/
4925,gelato ice cream,9900,27,32,$0.28,1,62,https://lbb.in/mumbai/best-gelato-mumbai/
4926,foundation for dry skin,12100,50,25,$0.05,99,38,https://lbb.in/delhi/foundations-for-dry-skin/
4927,forum mall hyd,12100,8,797,$0.10,5,24,https://lbb.in/hyderabad/mall/forum-sujana-mall-hyderabad/
4928,central market delhi,12100,6,1177,$0.22,1,19,https://lbb.in/delhi/central-market-65f4af/
4929,cafe in rajouri garden,14800,29,25,$0,3,10,https://lbb.in/delhi/restaurants-in-rajouri/
4930,blue sea tea & snacks,12100,5,1177,$0.20,7,21,https://lbb.in/hyderabad/blue-sea-tea-snacks-f1f202/
4931,best tourist places in india in july,12100,87,25,$0.11,9,11,https://lbb.in/all/places-to-visit-in-july/
4932,best shopping centre in bangalore,9900,16,181,$0.03,6,20,https://lbb.in/bangalore/best-malls-in-bangalore/
4933,best newborn massage oil,12100,43,25,$0.09,99,29,https://lbb.in/all/best-infant-massage-oil/
4934,best men face cream,9900,47,25,$0.11,100,18,https://lbb.in/delhi/best-face-cream-for-men/
4935,best hair straightening,12100,42,25,$0.06,99,36,https://lbb.in/all/best-hair-straightener/
4936,best dark chocolate,12100,18,71,$0.05,97,47,https://lbb.in/pune/post/dark-chocolate/
4937,best body cream for dry skin,12100,76,25,$0.12,100,39,https://lbb.in/all/best-body-lotion/
4938,barton centre mg road bangalore,12100,30,25,$0.51,7,23,https://lbb.in/bangalore/13th-floor-bar-mg-road-back/
4939,barbeque nation vadapalani,12100,25,29,$0.14,4,20,https://lbb.in/chennai/barbeque-nation-restaurant-chennai/
4940,ballygunge phari kolkata,12100,42,25,$0.07,5,21,https://lbb.in/kolkata/things-to-do-in-ballygunge-kolkata/
4941,art craft shops near me,12100,18,71,$0.04,7,28,https://lbb.in/bangalore/arts-crafts-hobby-stores-in-bangalore/
4942,art and craft shop near me,12100,21,61,$0.06,10,20,https://lbb.in/bangalore/arts-crafts-hobby-stores-in-bangalore/
4943,anti aging cream products,12100,54,25,$0.21,2,26,https://lbb.in/hyderabad/best-anti-aeging-creams/
4944,andhra meals hotel valasaravakkam,12100,30,25,$0.14,3,21,https://merchant.lbb.in/merchant/business-details/New-Andhra-Meals-Hotel-chennai-2ab5cc
4945,alibaug beach resort,22200,42,25,$0.08,61,38,https://lbb.in/mumbai/alibaug-beach-resorts/
4946,5 star hotels in chennai,22200,64,25,$0.38,98,41,https://lbb.in/chennai/five-star-hotels-chennai/
4947,dog rescue homes near me,12100,10,408,$1.16,4,39,https://lbb.in/mumbai/animal-shelters-mumbai/
4948,coorg jungle camp backwater resort coorg,12100,37,25,$0.17,42,20,https://lbb.in/bangalore/coorg-jungle-camp/
4949,coffee shops in banjara hills,12100,17,110,$0,6,10,https://lbb.in/hyderabad/best-coffee-shops-banjara-hills/
4950,coffee shop chennai,12100,33,25,$0.06,2,29,https://lbb.in/chennai/best-coffee-places-in-chennai/
4951,sports academy and outdoors near me,12100,9,567,$0.14,7,25,https://lbb.in/bangalore/sports-academies-bangalore/
4952,sdat aquatic complex,9900,42,25,$0.27,5,23,https://lbb.in/chennai/shenoy-nagar-swimming-pool-59d118/
4953,sardar restaurant tardeo,12100,9,408,$0.03,1,19,https://lbb.in/mumbai/sardar-pav-bhaji-tardeo-2652e2/
4954,sardar pav bhaji in mumbai,12100,25,39,$0.02,1,21,https://lbb.in/mumbai/earned-label-of-best-pao-bhaji-in-town-sardar-pao-bhaji-63e013/
4955,sammy sosa,9900,20,61,$0.21,9,61,https://lbb.in/mumbai/sammy-sosa-an-expert-in-e2e38a/
4956,wine bar near me,12100,16,110,$0,1,8,https://lbb.in/mumbai/restaurants-serving-great-wine-mumbai/
4957,vodka flavors,12100,90,25,$0,1,30,https://lbb.in/all/best-vodka-brands/
4958,use of almond oil on face,4400,99,25,$0.04,96,25,https://go.lbb.in/JIOfxOzYpZb
4959,thekkady kumily kerala,12100,35,25,$0.35,1,16,https://lbb.in/all/places-to-visit-in-thekkady/
4960,tattoo artist tattooing,12100,15,238,$0.48,7,36,https://lbb.in/hyderabad/best-tattoo-artists/
4961,tattoo artist,9900,8,1177,$0.46,3,54,https://lbb.in/mumbai/favourite-tattoo-artists-mumbai/
4962,meditation classes near me,12100,10,408,$0.30,16,13,https://lbb.in/mumbai/best-meditation-classes-mumbai/
4963,lips balm with spf,12100,69,25,$0.04,97,16,https://lbb.in/delhi/Best-spf-lip-balms-to-buy-online/
4964,leaping windows,9900,13,181,$0.18,3,22,https://lbb.in/mumbai/leaping-windows-versova/
4965,korean market,12100,20,61,$0.15,1,51,https://lbb.in/hyderabad/top-korean-stores/
4966,jamali kamali mosque and tomb,12100,21,61,$0.08,3,40,https://lbb.in/delhi/mirza-ghalib-ki-haveli-5d5ffa/
4967,interior architects in kolkata,12100,37,25,$3.95,36,22,https://lbb.in/kolkata/interior-designer-kolkata/
4968,house of fett,12100,18,90,$0.16,100,47,https://lbb.in/delhi/house-of-fett-753dc6/
4969,hostels in goa india,12100,56,23,$0.27,63,26,https://lbb.in/goa/best-hostels-in-goa/
4970,hindustan trading company art store,9900,7,309,$0,1,31,https://lbb.in/chennai/hindustan-trading-company-stationery-products/
4971,hills view point,12100,52,25,$0.08,3,20,https://lbb.in/pune/viewing-points-in-pune/
4972,golconda near me,12100,43,25,$0,1,21,https://lbb.in/hyderabad/places-to-eat-near-golkonda-fort/
4973,goa's best restaurants,12100,35,25,$0.09,16,31,https://lbb.in/goa/must-visit-restaurants-in-goa/
4974,goa hostels,12100,74,25,$0.20,78,45,https://lbb.in/goa/best-hostels-in-goa/
4975,gk 1,12100,27,27,$0.15,3,19,https://lbb.in/delhi/gk-1-d53568/
4976,ganpati of mumbai,12100,20,90,$0.03,1,43,https://lbb.in/mumbai/best-pandals-mumbai-ganeshotsav/
4977,gandhi nagar cloth market in delhi,12100,7,1960,$0.02,1,23,https://lbb.in/delhi/gandhi-nagar-market/
4978,g pulla reddy sweets,22200,20,67,$0.22,13,15,https://lbb.in/hyderabad/g-pulla-reddy-sweets/
4979,forum mall in kukatpally,12100,8,797,$0.11,3,19,https://lbb.in/hyderabad/mall/forum-sujana-mall-hyderabad/
4980,formal pants and shirt combo,12100,22,52,$0.02,98,13,https://lbb.in/delhi/formal-pant-shirt-combination/
4981,famous veg restaurants in bangalore,14800,28,27,$0.04,10,25,https://lbb.in/bangalore/post/vegetarian/
4982,expensive perfume in the world,12100,39,25,$0.13,9,17,https://lbb.in/all/expensive-perfume-in-the-world/
4983,dylan's cafe,12100,12,238,$0.19,1,21,https://lbb.in/kolkata/dylans-cafe-love-lock-story-603a04/
4984,coorg jungle backwater resort,12100,49,25,$0.17,42,21,https://lbb.in/bangalore/coorg-jungle-camp/
4985,rasika ranjani sabha,12100,32,25,$0.10,5,16,https://lbb.in/chennai/rasika-ranjani-sabha-f8d497/
4986,prem dhaba karol bagh,12100,11,309,$0.05,2,21,https://lbb.in/delhi/north-indian-delicacies-cheap-prem-dhaba/
4987,places to visit near bangalore within 100 kms,14800,51,25,$0.15,5,11,https://lbb.in/bangalore/places-to-visit-near-bangalore-that-are-within-100-kilometres/
4988,pancakes near me,12100,10,181,$0.08,10,37,https://lbb.in/mumbai/indulgent-pancakes-mumbai/
4989,office chairs furniture near me,12100,22,52,$0.30,100,68,https://lbb.in/delhi/best-office-chairs-delhi/
4990,new andhra meals hotel valasaravakkam,9900,26,32,$0.13,4,24,https://lbb.in/chennai/new-andhra-meals-hotel-chennai/
4991,mysore dasara karnataka,12100,45,25,$0.08,1,39,https://lbb.in/bangalore/mysore-dasara/
4992,men best face cream,12100,50,25,$0.10,100,39,https://lbb.in/delhi/best-face-cream-for-men/
4993,mayor ramanathan centre,12100,9,238,$0.16,8,14,https://lbb.in/chennai/mayor-ramanathan-chettiar-hall-b34bdd/
4994,manjeera mall kukatpally hyderabad,9900,3,1960,$0.26,11,19,https://lbb.in/hyderabad/mall/manjeer-mall-hyderabad/
4995,block 22,12100,7,309,$0.11,3,22,https://lbb.in/hyderabad/block-22-nightclub/
4996,best shoe brands,14800,30,25,$0.10,98,47,https://lbb.in/bangalore/indian-shoe-brands-for-men/
4997,best hair straightener,12100,28,32,$0.17,99,46,https://lbb.in/all/best-hair-straightener/
4998,best destinations to visit in july in india,12100,75,25,$0.26,11,15,https://lbb.in/all/places-to-visit-in-july/
4999,best clubs in goa,12100,27,29,$0.17,5,10,https://lbb.in/goa/best-night-clubs-in-goa/
5000,backpackers cafe,12100,31,25,$0.31,2,25,https://lbb.in/delhi/have-a-delicious-breakfast-at-5643c9/
5001,animal rescue center near me,18100,14,181,$0.47,2,11,https://lbb.in/kolkata/animal-shelters-Kolkata/
5002,activities for kids,12100,52,25,$0.16,30,32,https://lbb.in/bangalore/kids-entertaining-day-out-fun-learning-activities-bangalore/
5003,10 downing street bar chennai,9900,17,67,$0.32,4,23,https://lbb.in/chennai/10-downing-street-264526/
5004,chhota kashmir goregaon,9900,20,67,$0.08,4,26,https://lbb.in/mumbai/chhota-kashmir-d4b12d/
5005,chai days,12100,24,39,$0.13,12,35,https://lbb.in/places/Chai-Days-indira-nagar-87c7aa/
5006,central market lajpat nagar,9900,9,567,$0,1,20,https://lbb.in/delhi/central-market-65f4af/
5007,cafes in khan market,12100,10,309,$0,1,8,https://lbb.in/delhi/khan-market-cafes-coffee-places/
5008,breakfast spots near me,12100,11,238,$0.05,12,23,https://lbb.in/delhi/breakfast-places-delhi/
5009,best wrist watch women,12100,21,61,$0.05,100,36,https://lbb.in/all/best-watch-brands-for-women/
5010,best facial cream for men,9900,51,25,$0.11,100,18,https://lbb.in/delhi/best-face-cream-for-men/
5011,hindustan trading,9900,22,67,$0.01,1,33,https://lbb.in/chennai/hindustan-trading-company-stationery-products/
5012,hair straightener top rated,12100,26,29,$0.08,100,40,https://lbb.in/all/best-hair-straightener/
5013,gwalior tourist spots,12100,25,32,$0.01,6,21,https://lbb.in/all/gwalior-tourist-attraction/
5014,grand palace hotel spa yercaud,9900,48,25,$0.21,64,22,https://lbb.in/bangalore/grand-palace-hotel-spa-e8c943/
5015,glocal worli,12100,17,67,$0.04,4,19,https://lbb.in/mumbai/glocal-junction-worli-andheri-880195/
5016,gk1,12100,23,52,$0.11,3,21,https://lbb.in/delhi/gk-i-ii-m-block-market-6a7d64/
5017,gandhinagar delhi cloth market,12100,6,1177,$0.04,2,21,https://lbb.in/delhi/gandhi-nagar-market/
5018,gaffar market karol bagh new delhi,12100,10,567,$0.02,1,24,https://lbb.in/delhi/gaffar-market-things-to-buy/
5019,furniture shop near me near me,12100,12,238,$0.23,57,21,https://lbb.in/delhi/furniture-market-in-delhi/
5020,formal shirts and pants combination,12100,13,181,$0.02,98,21,https://lbb.in/delhi/formal-pant-shirt-combination/
5021,footwear brands india,12100,31,25,$0.18,100,29,https://lbb.in/bangalore/indian-shoe-brands-for-men/
5022,fitness first,12100,19,67,$0.64,6,27,https://lbb.in/mumbai/fitness-first/
5023,tiger point,12100,41,25,$0.02,4,22,https://lbb.in/pune/please-pocket-heart-day-trip-tiger-point-lonavala-inr-800/
5024,thergaon boating club,12100,35,25,$0.14,3,23,https://lbb.in/places/Thergaon-Boat-Club-pimpri-chinchwad-b1c901/
5025,story bookstore,12100,21,52,$0,3,22,https://lbb.in/kolkata/unique-bookstores-in-kolkata/
5026,spiceklub,9900,17,90,$0.14,6,20,https://lbb.in/bangalore/spiceklub-modern-indian-cuisine-76c52f/
5027,spas gurgaon,12100,54,25,$0.26,52,26,https://lbb.in/delhi/best-spas-in-gurgaon/
5028,spa in koramangala,9900,51,25,$0.43,62,34,https://lbb.in/bangalore/spas-in-koramangala/
5029,live near me,12100,5,1177,$0.06,1,20,https://lbb.in/bangalore/live-music-venues-in-bangalore/
5030,lajpat nagar central market new delhi,12100,9,567,$0,1,23,https://lbb.in/delhi/central-market-65f4af/
5031,korean face cleanser,260,48,25,$0.13,94,19,https://lbb.in/all/korean-facial-cleansers/
5032,khotachiwadi,12100,13,309,$0.07,1,20,https://lbb.in/mumbai/khotachiwadi-your-friendly-neighbourhood/
5033,kasba ganpati,9900,33,25,$0,1,36,https://lbb.in/pune/kasba-ganpati-1ee777/
5034,kartainment go karting track,12100,33,25,$0.51,1,16,https://lbb.in/hyderabad/go-karting-hyderabad/
5035,k rustom ice cream,12100,11,309,$0.04,1,8,https://lbb.in/mumbai/k-rustom-ice-cream/
5036,jamali kamali tomb,9900,36,25,$0.10,3,29,https://lbb.in/delhi/mirza-ghalib-ki-haveli-5d5ffa/
5037,interior design firms in kolkata,12100,71,25,$3.64,38,30,https://lbb.in/kolkata/interior-designer-kolkata/
5038,hyderabad forum mall,12100,9,797,$0.10,5,19,https://lbb.in/hyderabad/mall/forum-sujana-mall-hyderabad/
5039,restaurants in banjara hills,12100,23,39,$0.11,8,11,https://lbb.in/hyderabad/best-restaurants-banjara-hills/
5040,resorts near kolkata,27100,30,25,$0.13,97,51,https://lbb.in/kolkata/beach-tents-zamindari-houses-resort-fun-weekend-around-kolkata/
5041,popular places in chennai,12100,77,25,$0.02,4,48,https://lbb.in/chennai/chennai-tourist-places/
5042,palazzo vadapalani,12100,26,27,$0.04,7,24,https://lbb.in/chennai/palazzo-de2930/
5043,oodles hotel chhattarpur,12100,49,25,$0.11,5,18,https://lbb.in/delhi/oodles-hotel-705a3c/
5044,online pharmacies,12100,31,25,$0.18,49,36,https://lbb.in/mumbai/list-of-online-pharmacies/
5045,one8 commune lower parel,12100,51,25,$0.20,4,19,https://lbb.in/mumbai/one8-commune-juhu/
5046,olympia coffee house,12100,12,238,$0.11,4,24,https://lbb.in/mumbai/olympia-coffee-house-e92272/
5047,nexus westend mall,40500,25,29,$0.05,2,21,https://lbb.in/pune/mall/westend-mall-pune/
5048,new andhra meals hotel,9900,17,90,$0.13,4,22,https://lbb.in/chennai/new-andhra-meals-hotel-chennai/
5049,nasi and mee bangalore,9900,18,71,$0.13,8,24,https://lbb.in/bangalore/pan-asian-at-nasi-and-mee/
5050,nakshatra mall dadar west,12100,14,90,$0.11,3,19,https://lbb.in/mumbai/shopping-at-nakshatra-mall-dadar/
5051,mumbai ganpati,14800,35,25,$0.28,1,22,https://lbb.in/mumbai/best-pandals-mumbai-ganeshotsav/
5052,moisturiser for men,12100,53,25,$0.07,99,21,https://lbb.in/delhi/best-face-cream-for-men/
5053,men's haircut salon near me,12100,8,797,$0.13,22,21,https://lbb.in/hyderabad/mens-salon-hyderabad/
5054,delhi gandhi nagar,12100,6,1177,$0.19,1,19,https://lbb.in/delhi/gandhi-nagar-market/
5055,dance schools near me for adults,12100,6,1960,$0.09,8,22,https://lbb.in/delhi/dance-classes-delhi/
5056,club fenicia,9900,11,238,$0,2,21,https://lbb.in/kolkata/club-fenicia-sectorv-salt-lake/
5057,chhota kashmir park,12100,34,25,$0.09,3,26,https://lbb.in/mumbai/chhota-kashmir-d4b12d/
5058,chennai coffee shops,12100,13,238,$0.05,5,25,https://lbb.in/chennai/filter-kaapi-places-chennai/
5059,central market lajpat nagar new delhi,12100,8,797,$0.22,1,18,https://lbb.in/delhi/central-market-65f4af/
5060,brandy alcohol brands,12100,3,1960,$0,1,16,https://lbb.in/all/brandy-brands/
5061,bronzer,12100,50,25,$0.10,96,63,https://lbb.in/all/best-bronzer-makeup/
5062,biergarten brewery & kitchen manyata,9900,29,25,$0.13,6,22,https://lbb.in/bangalore/beer-crafting-at-a-different-0ab94b/
5063,bff 2.0,12100,3,1960,$0,1,30,https://lbb.in/chennai/bff-20-fec4bd/
5064,best shampoo for frizzy dry hair,12100,36,25,$0.14,100,39,https://lbb.in/delhi/best-sulphate-free-shampoos-for-dry-frizzy-hair/
5065,best night cream,14800,105,25,$0.13,100,24,https://lbb.in/hyderabad/best-night-creams/
5066,best men's facial cream,9900,63,25,$0.10,100,40,https://lbb.in/delhi/best-face-cream-for-men/
5067,best mall in delhi,12100,19,71,$0.04,5,10,https://lbb.in/delhi/best-malls-delhi-ncr/
5068,bayroute powai,9900,24,52,$0.26,4,23,https://lbb.in/mumbai/bharathali-hummus-prawns-steak-mocktails-7d13ed/
5069,barbeque ville,12100,32,25,$0.10,4,24,https://lbb.in/pune/barbeque-ville/
5070,aquatica ground,12100,39,25,$0.04,6,20,https://lbb.in/kolkata/aquatica-water-park-kolkata/
5071,anna centenary auditorium,12100,52,25,$0.08,5,20,https://lbb.in/chennai/anna-centenary-library-kotturpuram-chennai/
5072,animal shelter near me,14800,9,567,$1.07,4,11,https://lbb.in/mumbai/animal-shelters-mumbai/
5073,andhikkadai,12100,13,181,$0.16,3,18,https://lbb.in/chennai/andhikkadai-43d238/
5074,akina,12100,24,39,$0.09,1,22,https://lbb.in/mumbai/akina-japanese-restaurants-bars-mumbai/
5075,vegetarian hotels in bangalore,12100,46,25,$0.05,14,26,https://lbb.in/bangalore/veg-restaurants-bangalore/
5076,tv series like stranger things,12100,21,52,$0,1,30,https://lbb.in/all/shows-like-stranger-things?ref=lbbpost
5077,top restaurants in noida,12100,12,238,$0.16,6,10,https://lbb.in/delhi/best-restaurants-noida/
5078,the raintree,12100,46,25,$0.06,1,24,https://lbb.in/chennai/raintree-hotel-chennai/
5079,garden and lights,9900,30,20,$0.03,100,35,https://lbb.in/mumbai/garden-lighting-ideas/
5080,furniture on rent in pune,9900,41,20,$0.35,69,26,https://lbb.in/pune/rent-furniture-in-pune/
5081,fountain sizzlers,9900,19,74,$0.18,3,21,https://lbb.in/mumbai/fountain-sizzlers-9e15d6/
5082,fort grand,12100,9,253,$0.09,3,37,https://lbb.in/delhi/fort-grand-hyderabad-5d4e0c/
5083,flying panda theme park tathawade,9900,12,195,$0.32,5,20,https://lbb.in/pune/flying-panda-trampoline-park-pune/
5084,fashion street new marine lines churchgate mumbai maharashtra,9900,4,963,$1.37,3,27,https://lbb.in/mumbai/our-picks-from-mumbais-iconic-fashion-street/
5085,durga puja in calcutta,9900,19,58,$0,1,35,https://lbb.in/kolkata/9-best-pujo-pandals-south-kolkata/
5086,woodside inn,8100,21,50,$0.11,3,38,https://lbb.in/mumbai/woodside-inn-bandra/
5087,westside kolkata,9900,14,195,$0.02,43,25,https://lbb.in/kolkata/westside-fd063a/
5088,vrindavan society in thane,9900,18,50,$0.11,3,19,https://lbb.in/mumbai/vrindavan-society-616dd9/
5089,villivakkam chennai,9900,56,20,$0.11,4,28,https://lbb.in/chennai/locality/villivakkam-chennai/
5090,tushita meditation centre,9900,26,22,$1.12,1,43,https://lbb.in/delhi/tushita-mahayana-meditation-centre-e596bd/
5091,tung fong restaurant kolkata west bengal,9900,19,55,$0.11,3,21,https://lbb.in/kolkata/tung-fong-chinese-par-street/
5092,tipsy turtle poolside lounge cafe,9900,11,253,$0.13,2,22,https://lbb.in/pune/a-cabana-for-2-plz-3afab2/
5093,restaurant ambience mall gurgaon,9900,20,50,$0.02,4,20,https://lbb.in/delhi/ambience-mall-restaurants/
5094,rent furniture pune,9900,44,20,$0.35,69,28,https://lbb.in/pune/rent-furniture-in-pune/
5095,puliyogare point bangalore,9900,17,90,$0.05,3,23,https://lbb.in/bangalore/puliyogare-point-basavanagudi/
5096,popsicle shop near me,9900,7,963,$0.12,4,20,https://lbb.in/bangalore/pop-hop-popsicle-shop-bellandur/
5097,playboy club,9900,34,20,$0,1,52,https://lbb.in/delhi/playboy-club-opens-samrat-hotel/
5098,place to visit in amritsar,9900,59,20,$0.28,20,18,https://lbb.in/all/places-to-see-in-amritsar/
5099,pizza hut offers unlimited,9900,22,32,$0.78,1,28,https://lbb.in/bangalore/pizza-hut-bangalore/
5100,pista house sanath nagar,9900,21,26,$0.08,3,21,https://lbb.in/hyderabad/pista-house-sanath-nagar/
5101,pet boarding for dogs near me,9900,8,464,$0.34,33,15,https://lbb.in/mumbai/pet-boarding-in-mumbai/
5102,non alcoholic beverages,9900,39,20,$0.02,23,40,https://lbb.in/bangalore/non-alcoholic-drinks-beer-top-brands/
5103,non alcoholic,9900,41,20,$0.02,23,41,https://lbb.in/bangalore/non-alcoholic-drinks-beer-top-brands/
5104,nmsa sports club vashi,9900,16,55,$0.09,4,19,https://lbb.in/mumbai/navi-mumbai-sports-association-vashi-7fe793/
5105,night skin care routine,12100,54,20,$0.13,42,21,https://lbb.in/all/nighttime-skincare-routine/
5106,nearby libraries near me,9900,9,464,$0.03,4,17,https://lbb.in/delhi/public-libraries-in-delhi-membership/
5107,national park bannerghatta timings,12100,22,42,$0,1,14,https://lbb.in/bangalore/bannerghatta-biological-park/
5108,momo king,9900,11,334,$0.13,2,21,https://lbb.in/delhi/this-popular-malaysian-momo-chain-28b1cb/
5109,mockingbird cafe bar,9900,17,74,$0.11,2,24,https://lbb.in/mumbai/mockingbird-cafe-bar-d6c817/
5110,mirya beach,9900,18,74,$0.03,2,25,https://lbb.in/mumbai/vengurla-rocks-3589a0/
5111,mannat bungalow shahrukh khan,9900,8,963,$0,1,25,https://lbb.in/mumbai/mannat-bandra/
5112,malleswaram restaurant,9900,32,20,$0.04,8,23,https://lbb.in/bangalore/best-restaurants-malleswaram-bangalore/
5113,maha lakshmi tiffin room,9900,20,55,$0.09,2,22,https://lbb.in/bangalore/mahalakshmi-tiffin-room/
5114,local produce markets near me,9900,6,1603,$0.14,1,36,https://lbb.in/pune/farmers-markets-in-pune/
5115,local produce market near me,9900,7,1603,$0.12,1,19,https://lbb.in/pune/farmer-market-pune/
5116,lil flea mumbai,9900,13,111,$0,1,19,https://lbb.in/mumbai/lil-flea-ten-reasons-weekend/
5117,trendy watches for women,9900,34,20,$0.02,99,30,https://lbb.in/all/best-watch-brands-for-women/
5118,top 10 perfume brands for ladies,9900,47,20,$0.06,99,44,https://lbb.in/all/top-perfume-brands/
5119,top 10 ladies perfume brands,9900,53,20,$0.06,99,29,https://lbb.in/all/top-perfume-brands/
5120,top 10 branded perfumes for women,9900,44,20,$0.06,99,36,https://lbb.in/all/top-perfume-brands/
5121,the finch mumbai,9900,12,195,$0.11,4,21,https://lbb.in/mumbai/the-finch-powai-383c83/
5122,thane mall,9900,38,20,$0.03,9,20,https://lbb.in/mumbai/malls-in-thane/
5123,surmay seafood restaurant pune,9900,9,464,$0.04,1,19,https://lbb.in/pune/surmay-heaven-for-sea-972694/
5124,st joseph's cathedral,9900,34,20,$0.05,4,33,https://lbb.in/hyderabad/st-josephs-cathedral-b1a455/
5125,sports complex near me,9900,8,652,$0.22,8,10,https://lbb.in/delhi/get-dose-everything-sports-complexes-around-delhi/
5126,shahrukh khan mannat bungalow,9900,8,963,$0,1,22,https://lbb.in/mumbai/mannat-bandra/
5127,runway 27 taproom and kitchen,9900,25,26,$0.21,14,23,https://lbb.in/places/Runway-27-Taproom-Kitchen-marathahalli-caf396/
5128,restaurants on rooftop,9900,12,148,$0.07,3,34,https://lbb.in/pune/rooftop-restaurants-pune/
5129,restaurant on rooftop,12100,12,195,$0.06,3,38,https://lbb.in/hyderabad/best-rooftop-restaurants-hyderabad-2023/
5130,harihara kala bhavan secunderabad,9900,9,195,$0.19,3,19,https://lbb.in/hyderabad/hari-hara-kala-bhavan/
5131,hard rock cafe kolkata,9900,15,74,$0,1,23,https://lbb.in/kolkata/first-look-hard-rock-cafe-got-peek-whats-inside/
5132,happy hour hours,9900,7,464,$0.08,1,37,https://lbb.in/kolkata/happy-hour-deals-kolkata-check-now/
5133,half moon beach,9900,51,20,$0.16,1,22,https://lbb.in/bangalore/half-moon-beach-27e1cf/
5134,good libraries near me,9900,2,1603,$0.03,3,22,https://lbb.in/delhi/public-libraries-in-delhi-membership/
5135,glass set,9900,55,20,$0.03,99,17,https://lbb.in/bangalore/best-glass-sets-glassware-for-home/
5136,gandhinagar bangalore,9900,30,20,$0.29,2,21,https://lbb.in/bangalore/locality/gandhi-nagar-bangalore/
5137,le palais royal and crown villa gardens,9900,6,652,$0.07,4,19,https://go.lbb.in/6biexAl7nNb
5138,kitty su club delhi,9900,34,20,$0.07,1,23,https://lbb.in/delhi/kitty-su-club/
5139,keyboard lessons near me,12100,15,148,$0.31,17,14,https://lbb.in/hyderabad/best-piano-classes-in-hyderabad/
5140,jonathans kitchen,9900,22,32,$0.19,3,23,https://lbb.in/hyderabad/jonathans-kitchen-gachibowli/
5141,jonathan kitchen,9900,29,21,$0.19,3,22,https://lbb.in/hyderabad/jonathans-kitchen-gachibowli/
5142,jetlag bar and grill,9900,32,20,$0.14,2,23,https://lbb.in/places/Jetlag-Bar-Grill-rajaji-nagar-44c9f9/
5143,jagriti theatre,9900,14,90,$0.11,6,20,https://lbb.in/bangalore/jagriti-theatre-whitefield/
5144,india best rum,9900,16,148,$0,1,16,https://lbb.in/bangalore/best-rum-brands-india/
5145,hyderabad best pub,9900,30,20,$0.02,1,24,https://lbb.in/hyderabad/post/bars-and-nightlife/
5146,cafe gurgaon,9900,33,20,$0.08,12,25,https://lbb.in/delhi/best-cafes-gurgaon/
5147,biggest shopping malls in hyderabad,9900,30,20,$0.06,1,28,https://lbb.in/hyderabad/best-malls-hyderabad/
5148,best winery,9900,12,195,$0,1,23,https://lbb.in/pune/vineyards-near-pune/
5149,best website for online shopping,9900,42,20,$0.11,56,72,https://lbb.in/delhi/best-online-shopping-websites/
5150,best running shoes for flat feet,9900,52,20,$0.05,8,23,https://lbb.in/all/best-shoes-flat-feet/
5151,best restaurants in mumbai bandra,9900,23,42,$0.13,3,8,https://lbb.in/mumbai/food-guide-eating-way-bandra/
5152,best online shopping sites,9900,41,20,$0.11,56,69,https://lbb.in/delhi/best-online-shopping-websites/
5153,best electronic shopping sites,9900,39,20,$0.21,32,35,https://lbb.in/delhi/electronic-markets-delhi/
5154,best buffet in hyderabad,12100,21,42,$0.30,10,12,https://lbb.in/hyderabad/best-buffets/
5155,ber sarai market delhi,9900,21,32,$0.01,1,19,https://lbb.in/places/Ber-Sarai-Market-munirka-7dd98a/
5156,beer to order online,9900,50,20,$0,1,17,https://lbb.in/bangalore/buy-beer-growlers-from-these-places-bangalore/
5157,beer craft,9900,63,20,$0,1,25,https://lbb.in/mumbai/24different-craft-beers-on-4a735a/
5158,basil with twist,9900,16,90,$0.15,3,22,https://lbb.in/chennai/basil-with-a-twist-european-restaurant-tnagar-chennai/
5159,bannerghatta national park timings,12100,26,26,$0,1,8,https://lbb.in/bangalore/bannerghatta-biological-park/
5160,ayurvedic skincare products,9900,73,20,$0.29,26,44,https://lbb.in/delhi/6-ayurvedic-skin-care-products-to-stock-up-on-this-summer/
5161,ayurvedic skin care line,12100,89,20,$0.31,27,57,https://lbb.in/delhi/6-ayurvedic-skin-care-products-to-stock-up-on-this-summer/
5162,amritsari kulcha land,9900,24,23,$0.06,3,23,https://lbb.in/bangalore/amritsari-kulcha-as-authentic-in-b07377/
5163,alcohol names,9900,58,20,$0,1,36,https://lbb.in/delhi/homegrown-alcohol-brands-india/
5164,alcohol bar near me,9900,8,253,$0,1,21,https://lbb.in/delhi/budget-alcohol-bars-delhi/
5165,al amanah,9900,30,20,$0.10,1,27,https://lbb.in/bangalore/al-amanah-cafe-34ab0e/
5166,360 degree revolving restaurant,9900,11,253,$0.13,2,23,https://lbb.in/pune/dine-at-punes-first-revolving-9e94aa/
5167,1000 oaks,9900,16,90,$0.14,3,21,https://lbb.in/pune/-d1c5c5/
5168,deepak theater,9900,15,90,$0.17,4,21,https://lbb.in/mumbai/a-revamped-deepak-talkies-50c638/
5169,dastkar,9900,35,20,$0.10,2,39,https://lbb.in/bangalore/bangalore-dastkar-bazaar-indian-handicrafts/
5170,condom brands best,9900,35,20,$0.04,88,26,https://lbb.in/delhi/best-condom-brands-in-india/
5171,coffee shops in pune,9900,13,253,$0.03,4,24,https://lbb.in/pune/post/coffee/
5172,coffee house kolkata,9900,39,20,$0.05,3,26,https://lbb.in/kolkata/indian-coffee-house-for-oldest-cafe-kolkata/
5173,champagne in india with price,9900,10,195,$0,1,13,https://lbb.in/mumbai/sparkling-wines-inr-2000/
5174,champadali more,9900,40,20,$0.18,4,19,https://merchant.lbb.in/merchant/business-details/Champadali-More-kolkata-cf2ca9
5175,bridal gowns,12100,24,32,$0.17,64,41,https://lbb.in/bangalore/wedding-gowns-bangalore/
5176,best facial kit for women,12100,32,20,$0.06,100,42,https://lbb.in/all/best-facial-kits/
5177,holiday club,9900,24,26,$0.50,4,20,https://lbb.in/delhi/holiday-club-e5dbf3/
5178,highway gomantak,9900,15,90,$0.17,2,21,https://lbb.in/mumbai/highway-gomantak-6e6cb0/
5179,happy hour happy,9900,19,58,$0.05,1,46,https://lbb.in/hyderabad/top-happy-hours/+919701923210/
5180,handbags category,9900,73,20,$0.03,50,34,https://lbb.in/bangalore/types-of-bags-every-woman-must-own/
5181,hameedi confectioners,9900,18,74,$0.05,3,19,https://lbb.in/hyderabad/hameedi-confectioners/
5182,h&m black friday sale,9900,21,26,$0.06,98,25,https://lbb.in/delhi/50-off-la-senza-hnm-nykaa-black-friday-sale/
5183,good running shoes for flat feet,9900,29,20,$0.12,11,35,https://lbb.in/all/best-shoes-flat-feet/
5184,good kdramas on netflix,9900,41,20,$0.03,1,45,https://lbb.in/all/romantic-korean-dramas-netflix/
5185,go karting at smaaash,9900,31,20,$0.24,12,20,https://lbb.in/delhi/wonder-speedway-9972e0/
5186,escape room koramangala previously mystery junkies,8100,17,58,$0.19,8,15,https://lbb.in/bangalore/mystery-junkies-new-bel-road/
5187,escape room bangalore,9900,27,22,$0.18,46,17,https://lbb.in/bangalore/live-escape-rooms-bangalore/
5188,vellanki foods near me,9900,29,21,$0.07,13,16,https://lbb.in/hyderabad/vellanki-foods/
5189,types of dresses for ladies,9900,9,464,$0.01,89,30,https://lbb.in/delhi/types-of-dresses/
5190,tung fong restaurant kolkata,9900,11,253,$0.17,3,19,https://lbb.in/kolkata/tung-fong-chinese-par-street/
5191,top toner for face,9900,20,50,$0.09,100,29,https://go.lbb.in/pvSG0vMmXPb
5192,top pubs in hyderabad,9900,31,20,$0,3,8,https://lbb.in/hyderabad/post/bars-and-nightlife/
5193,top 10 perfume brands for woman,9900,41,20,$0.06,99,43,https://lbb.in/all/top-perfume-brands/
5194,timings of bannerghatta national park,12100,22,50,$0,1,19,https://lbb.in/bangalore/bannerghatta-biological-park/
5195,thane shopping mall,9900,34,20,$0.04,9,18,https://lbb.in/mumbai/malls-in-thane/
5196,sps biryani house,9900,11,253,$0.07,1,21,https://lbb.in/pune/sps-biryani-house-c36e47/
5197,rustom ice cream,9900,13,195,$0,1,15,https://lbb.in/mumbai/k-rustom-ice-cream/
5198,romantic films of bollywood,9900,55,20,$0.03,1,31,https://lbb.in/all/top-bollywood-rom-coms/
5199,rohini near me,12100,43,20,$0.02,1,19,https://lbb.in/delhi/locality/rohini-delhi/
5200,rent a dress,9900,17,111,$0.16,11,23,https://lbb.in/delhi/wedding-clothes-on-rent/
5201,reception looks,9900,8,334,$0.30,3,35,https://lbb.in/all/reception-look-bride/
5202,reception bride look,9900,9,334,$0.03,19,26,https://lbb.in/all/reception-look-bride/
5203,photography course,9900,22,55,$0.62,40,33,https://lbb.in/delhi/top-photography-classes-delhi/
5204,pashan pune maharashtra,9900,82,20,$0.08,3,19,https://lbb.in/pune/locality/pashan-pune/
5205,pali village cafe,12100,20,42,$0.07,3,19,https://lbb.in/mumbai/pali-village-cafe-bandra/
5206,ozora restaurant kolkata,9900,22,42,$0.58,1,25,https://lbb.in/kolkata/kenilworth-gardenia-e0cbd5/
5207,ovenfresh shivaji park,9900,10,195,$0.09,4,20,https://lbb.in/mumbai/head-ovenfresh-mouth-watering-desserts-delicious-veg-food/
5208,ooty restaurants,9900,29,20,$0.04,11,19,https://lbb.in/bangalore/best-restaurants-ooty/
5209,near me karaoke,8100,9,652,$0.06,3,31,https://lbb.in/hyderabad/karaoke-nights-hyderabad/
5210,mulki surfing,9900,25,26,$0.19,6,15,https://lbb.in/bangalore/surf-schools-karnataka/
5211,monday market,9900,15,111,$0.51,1,26,https://lbb.in/delhi/lbb-market-guide/
5212,momentz,9900,14,148,$0.40,22,20,https://lbb.in/mumbai/momentz-by-dhanraj-3518b7/
5213,mannat shahrukh khan home,9900,5,1603,$0,1,22,https://lbb.in/mumbai/mannat-bandra/
5214,mall in thane,9900,41,20,$0.02,6,22,https://lbb.in/mumbai/malls-in-thane/
5215,malai temple in delhi,9900,49,20,$0.04,1,19,https://lbb.in/delhi/malai-mandir-fcc41e/
5216,magnus caverns resort,9900,21,42,$0.09,26,17,https://lbb.in/pune/magnus-caverns-resort-wai/
5217,macofa chocolate factory,12100,43,20,$0.01,1,27,https://lbb.in/places/Macofa-Chocolates-e0d26a/
5218,luxury bag brands,9900,60,20,$0.06,94,24,https://lbb.in/mumbai/buy-bags-mumbai-shopping/
5219,local food markets near me,9900,6,1603,$0.12,1,19,https://lbb.in/pune/farmer-market-pune/
5220,little llama cafe,8100,12,148,$0,1,21,https://lbb.in/delhi/little-llama-cafe-b2696a/
5221,large breast bras support,6600,18,55,$0.09,1,30,https://lbb.in/all/best-bras-heavy-breasts/
5222,la cabana rooftop bar & grill,9900,30,20,$0.13,2,16,https://lbb.in/chennai/la-cabana-park-elanza-chennai-d6589e/
5223,kitty su new delhi delhi,9900,22,32,$0.07,1,23,https://lbb.in/delhi/kitty-su-delhi/
5224,jump and joy trampoline park,9900,20,55,$0.13,5,4,https://lbb.in/pune/trampoline-park-pune/
5225,jss auditorium bangalore,9900,9,253,$0.74,5,19,https://lbb.in/bangalore/jss-auditorium-90fcd9/
5226,indira market road,9900,55,20,$0,1,19,https://go.lbb.in/isZYI4XNeY
5227,indian best rum,9900,18,74,$0,1,16,https://lbb.in/all/best-white-rum-brands/
5228,india beer brands,9900,25,23,$0,1,17,https://lbb.in/bangalore/homegrown-indian-beer-brands-you-need-to-try/
5229,hyderabad best pubs,9900,32,20,$0.02,1,23,https://lbb.in/hyderabad/post/bars-and-nightlife/
5230,dog ngo near me,9900,21,50,$0.26,3,35,https://lbb.in/delhi/animal-shelters-in-delhi/
5231,dhaula kuan in delhi,9900,50,20,$0.05,1,31,https://lbb.in/delhi/locality/dhaula-kuan-delhi/
5232,computer parts store near me,12100,67,20,$1.02,18,14,https://lbb.in/delhi/5-shops-nehru-place-computer-market/
5233,clothes laundry near me,9900,20,50,$0.33,38,29,https://lbb.in/mumbai/laundry-services-in-mumbai/
5234,chunchanakatte falls,9900,23,42,$0.01,1,21,https://lbb.in/bangalore/check-out-chunchanakatte-falls/
5235,chinatown kolkata,9900,32,20,$0.14,1,23,https://lbb.in/kolkata/five-unforgettable-experiences-chinatown/
5236,champagne in india price,9900,9,253,$0,1,12,https://lbb.in/mumbai/sparkling-wines-inr-2000/
5237,camp pune maharashtra,9900,19,58,$0.22,4,23,https://lbb.in/pune/locality/camp-pune/
5238,boulder hampi,8100,31,20,$0.17,25,34,https://lbb.in/bangalore/bouldering-in-hampi/
5239,boarding for puppies near me,9900,30,20,$0.35,32,19,https://lbb.in/delhi/in-the-dog-house-8-boarding-facilities-pets-dogs-cats-delhi/
5240,birla sabhaghar,9900,29,21,$0.04,4,17,"https://lbb.in/kolkata/mesmerising-ceremony-of-indian-classical-music-and-dance-gd-birla-sabhaghar-kolkata,/"
5241,best veg restaurants in hyderabad,9900,34,20,$0.11,9,10,https://lbb.in/hyderabad/vegetarian-restaurants-hyderabad/
5242,best restaurants in bandra,9900,20,50,$0.05,4,9,https://lbb.in/mumbai/food-guide-eating-way-bandra/
5243,best biryani in chennai,12100,31,20,$0.51,3,9,https://lbb.in/chennai/best-biryani-places-in-chennai/
5244,best air purifiers home,9900,49,20,$0.27,92,50,https://lbb.in/all/top-air-purifiers-to-buy-online/
5245,beer from india,9900,31,20,$0,1,21,https://lbb.in/bangalore/homegrown-indian-beer-brands-you-need-to-try/
5246,bangalore fort,9900,20,55,$0,10,24,https://lbb.in/bangalore/bangalore-fort/
5247,bakery bangalore,9900,43,20,$0.26,6,37,https://lbb.in/bangalore/best-cakes-across-bangalore/
5248,andheri sports complex,9900,16,58,$0.23,2,28,https://lbb.in/mumbai/andheri-sports-complex/
5249,amp vaisaakkhi mall,9900,10,195,$0.11,7,19,https://lbb.in/kolkata/amp-vaisakkhi-mall-41a73d/
5250,amelie's,12100,9,253,$0,1,24,https://lbb.in/chennai/amelies-cafe-and-creamery-alwarpet-chennai/
5251,amb mall hyderabad,12100,10,253,$0.09,1,17,https://lbb.in/hyderabad/things-to-do-sarath-city-capital-mall/
5252,alamparai fort,9900,58,20,$0.04,1,26,https://lbb.in/chennai/alamparai-fort-ecr-chennai/
5253,zumba classes,9900,12,253,$0.09,2,26,https://lbb.in/kolkata/zumba-classes-in-kolkata/
5254,dariba kalan,9900,5,1603,$0.33,3,21,https://lbb.in/delhi/dariba-kalan-silver-old-delhi-baubles/
5255,coffee shop pune,9900,26,26,$0.03,4,24,https://lbb.in/pune/best-coffee-places-pune/
5256,carter road bandra,9900,19,58,$0,1,16,https://lbb.in/mumbai/bandra-carter-road-social/
5257,cafes near me within 800m,9900,34,20,$0.04,28,24,https://lbb.in/bangalore/cafes-where-you-can-work-with-free-wifi/
5258,cafes in andheri,9900,23,32,$0.03,6,22,https://lbb.in/mumbai/post/cafes?locality=andheri-west-mumbai&utm_campaign=shareFromApp&utm_medium=shareProduct/
5259,cafe de paris club,9900,62,20,$0.35,3,31,https://lbb.in/chennai/caf-de-paris-6f6825/
5260,cafe dali,9900,18,58,$0.08,1,22,https://lbb.in/delhi/ristorante-by-dali-review/
5261,branded bags brand,9900,37,20,$0.04,98,31,https://lbb.in/mumbai/buy-bags-mumbai-shopping/
5262,blue lagoon inn resort,9900,48,20,$0.18,10,22,https://lbb.in/bangalore/blue-lagoon-island-mysore/
5263,top 10 perfume brands for women,9900,65,20,$0.07,99,41,https://lbb.in/all/top-perfume-brands/
5264,summer house,9900,32,20,$0.44,20,45,https://lbb.in/delhi/summer-house-cafe-hauz-khas/
5265,spesso restaurant,9900,18,50,$0.15,2,21,https://lbb.in/mumbai/spesso-gourmet-kitchen-64ff14/
5266,silver plaza,9900,31,20,$0.33,5,20,https://lbb.in/bangalore/silver-plaza-commercial-street/
5267,shanmukha temple,9900,47,20,$0.13,4,19,https://lbb.in/bangalore/shrungagiri-shanmukha-3e7fb5/
5268,sector 29 gurgaon pubs and bars,9900,40,20,$0.11,5,21,https://lbb.in/delhi/post/bars-and-nightlife?locality=sector-29-gurgaon
5269,sector 15 market faridabad haryana,9900,42,20,$0.04,1,19,https://lbb.in/delhi/locality/sector-15-faridabad/
5270,royal calcutta golf club kolkata,9900,58,20,$0.14,3,25,https://lbb.in/kolkata/cup-tee-ace-backswing-golf-courses-kolkata/
5271,roastery,8100,28,26,$2.04,2,34,https://lbb.in/places/The-Roastery-Coffee-House-hyderabad-60d8c8/
5272,rick's,9900,67,20,$0,1,44,https://lbb.in/places/Ricks-india-gate-4be326/
5273,restaurants rooftop,12100,8,464,$0.06,3,28,https://lbb.in/hyderabad/best-rooftop-restaurants-hyderabad-2023/
5274,restaurants in park street,12100,17,58,$0,1,9,https://lbb.in/kolkata/10-must-visit-restaurants-park-street/
5275,pubs mg road,9900,12,195,$0.04,9,38,https://lbb.in/bangalore/pubs-mg-road-bangalore/
5276,palmwoods retreat,9900,23,26,$0.13,13,25,https://lbb.in/pune/palmwoods-retreat-b538bd/
5277,pali bhavan restaurant,12100,11,195,$0.52,2,19,https://lbb.in/mumbai/the-most-stunning-setting-for-indian-food-and-local-wines-in-pali-bc8424/
5278,paharganj market location,9900,7,334,$0,1,19,https://lbb.in/delhi/where-to-shop-in-paharganj-on-a-budget/
5279,oven fresh restaurant dadar,9900,19,50,$0.09,4,21,https://lbb.in/mumbai/head-ovenfresh-mouth-watering-desserts-delicious-veg-food/
5280,om collection unit 5,8100,23,26,$0.41,5,12,https://lbb.in/bangalore/om-collections-om-branded-4d20dc/
5281,non alcoholic drinks,9900,32,20,$0.02,23,42,https://lbb.in/bangalore/non-alcoholic-drinks-beer-top-brands/
5282,nearest beach to hyderabad,9900,40,20,$0.12,1,26,https://lbb.in/hyderabad/beaches-around-hyderabad/
5283,nearest beach from hyderabad,9900,44,20,$0.12,1,21,https://lbb.in/hyderabad/beaches-around-hyderabad/
5284,nearby tourist places from hyderabad,9900,45,20,$0.13,23,24,https://lbb.in/hyderabad/weekend-getaways-hyderabad/
5285,nearby delhi resorts,12100,19,74,$0.24,96,22,https://lbb.in/delhi/resorts-near-delhi-ncr/
5286,names of malayalam movies,9900,29,21,$0,1,30,https://lbb.in/all/best-malayalam-movies/
5287,millennium park kolkata west bengal,9900,18,74,$0.05,1,23,https://lbb.in/kolkata/millennium-park-kolkata/
5288,men shoes near me,1000,15,111,$0.06,46,26,https://lbb.in/bangalore/best-mens-shoes-footwear-stores-bangalore/
5289,mannat house of shahrukh khan,9900,7,1603,$0,1,26,https://lbb.in/mumbai/mannat-bandra/
5290,mandapeshwar caves,9900,44,20,$0.10,3,23,https://lbb.in/mumbai/mandapeshwar-caves-4eeb52/
5291,lil flea market bkc,9900,18,50,$0,1,22,https://lbb.in/mumbai/lil-flea-bandra-october/
5292,kolkata water park,12100,34,20,$0.07,1,17,https://lbbstatic.lbb.in/kolkata/water-parks-in-kolkata/
5293,kapila hotel pune,9900,74,20,$0.26,14,20,https://lbb.in/pune/kapila-resorts-92618b/
5294,kalyani courtyard,8100,37,20,$0.11,6,26,https://lbb.in/bangalore/wedding-venues-bangalore/
5295,elco arcade,9900,9,464,$0.18,8,17,https://lbb.in/mumbai/elco-arcade-ca5573/
5296,dress shoe for men near me,1000,13,195,$0.06,46,30,https://lbb.in/chennai/shoe-stores-for-men-chennai/
5297,diwali outfits,9900,17,58,$0.10,97,50,https://lbb.in/all/diwali-outfit-ideas/
5298,discovery village,9900,12,195,$0.18,8,23,https://lbb.in/bangalore/holiday-at-the-discovery-village-resort-kanakpura/
5299,different types of bags,9900,25,32,$0.03,54,30,https://lbb.in/bangalore/types-of-bags-every-woman-must-own/
5300,kaka nagar,9900,9,334,$0.08,3,20,https://lbb.in/delhi/kaka-nagar-dargah-3e85af/
5301,juice adventures,9900,16,74,$0.30,10,26,https://lbb.in/mumbai/juice-adventures-f3e683/
5302,iskate by roseate,9900,50,20,$0.18,5,20,https://lbb.in/delhi/iskate-gurgaon-7a5cc5/
5303,happy happy hours,9900,36,20,$0.05,1,45,https://lbb.in/mumbai/late-happy-hours/
5304,gucci women's fragrance,9900,29,20,$0.07,97,32,https://lbb.in/all/best-gucci-perfume-for-women/
5305,good men's shoes brands,9900,23,26,$0.06,100,23,https://lbb.in/bangalore/indian-shoe-brands-for-men/
5306,black friday sale h and m,9900,33,20,$0.04,92,34,https://lbb.in/delhi/50-off-la-senza-hnm-nykaa-black-friday-sale/
5307,best veg restaurants hyderabad,9900,34,20,$0.10,10,11,https://lbb.in/hyderabad/vegetarian-restaurants-hyderabad/
5308,best misal near me,9900,15,111,$0.02,3,22,https://lbb.in/mumbai/misal-pav-in-mumbai/
5309,best athletic shoe for flat feet,9900,38,20,$0.05,8,24,https://lbb.in/all/best-shoes-flat-feet/
5310,best air cleaner for home,9900,62,20,$0.25,98,37,https://lbb.in/all/top-air-purifiers-to-buy-online/
5311,arulmigu kapaleeswarar temple,9900,26,22,$0.11,10,32,https://lbb.in/chennai/arulmigu-kapaleeshwarar-temple-7e56bb/
5312,145 the mill,9900,21,42,$0.10,3,21,https://lbb.in/mumbai/145-now-in-the-mills-e5ec95/
5313,west bengal tourist places,9900,91,20,$0.09,2,8,https://go.lbb.in/12DodMKle1b
5314,walk in street indiranagar,9900,9,253,$0.13,5,31,https://lbb.in/bangalore/100-feet-road-indiranagar-bangalore/
5315,valluvar kottam high road,9900,41,20,$0.22,6,29,https://lbb.in/chennai/valluvar-kottam-monument-nungambakkam-chennai/
5316,tumble house,9900,19,74,$0.46,3,18,https://lbb.in/delhi/tumble-house-defence-colony/
5317,zing rooftop,9900,23,32,$0.07,2,21,https://lbb.in/hyderabad/zing-sky-bar-and-lounge-cda740/
5318,waari book cafe pune,9900,9,334,$0.07,3,21,https://lbb.in/pune/waari-cafe-kothrud/
5319,vritta,9900,32,20,$0,1,24,https://lbb.in/shop/m/vritta-76402350454/
5320,types of pants for women,12100,14,148,$0.14,85,34,https://lbb.in/all/types-of-pants-women/
5321,tung nam eating house,9900,19,55,$0.23,2,23,https://lbb.in/kolkata/chinese-by-the-chinese-for-1898cf/
5322,trishna restaurant mumbai,8100,20,50,$0.80,1,25,https://lbb.in/mumbai/trishna-6e6cb3/
5323,top 10 mumbai ganesh murti,9900,17,74,$0.05,1,22,https://lbb.in/mumbai/best-pandals-mumbai-ganeshotsav/
5324,top 10 brand perfume for women,9900,33,20,$0.07,99,24,https://lbb.in/all/top-perfume-brands/
5325,toit mumbai,27100,17,55,$0,8,29,https://lbb.in/mumbai/toit-taproom-kitchen-first-look/
5326,thyme & whisk whitefield vegetarian restaurant in whitefield,8100,43,20,$0.15,5,21,https://lbb.in/bangalore/thyme-and-whisk-vegetarian-restaurant-jayanagar-bangalore/
5327,three kings chapel,9900,6,963,$0.11,2,24,https://lbb.in/goa/wander-haunted-spirits-3-kings-chapel/
5328,tangerine arts studio mumbai,9900,17,90,$0.18,4,19,https://lbb.in/mumbai/tangerine-arts-studio-9aff44/
5329,support bras for large breast,6600,21,58,$0.09,1,21,https://lbb.in/all/best-bras-heavy-breasts/
5330,store 24/7,9900,9,464,$0.12,2,22,https://lbb.in/delhi/bunbutterchai-6706f6/
5331,spas in goa india,9900,25,26,$0.50,56,34,https://lbb.in/goa/relax-take-time-xxx-spas-need-visit-north-goa/
5332,sp biryani,18100,11,195,$0.19,5,25,https://lbb.in/pune/sps-biryani-house-c36e47/
5333,south kolkata durga puja,9900,10,464,$0,1,7,https://lbb.in/kolkata/9-best-pujo-pandals-south-kolkata/
5334,so the sky kitchen,9900,10,253,$0.17,2,21,https://lbb.in/hyderabad/flat-50-off-on-food-49c820/
5335,snooker club near me,9900,12,195,$0.02,1,20,https://lbb.in/hyderabad/snooker-hyderabad/
5336,smokey eye makeup,9900,22,42,$0.11,5,17,https://lbb.in/all/smokey-eye-makeup/
5337,shampoo for greasy scalp,9900,61,20,$0.07,99,25,https://lbb.in/delhi/shampoos-for-oily-scalp/
5338,sector 43 gurgaon,9900,51,20,$0.13,2,19,https://lbb.in/delhi/locality/sector-43-gurgaon/
5339,saroornagar lake,9900,17,90,$0.08,5,26,https://lbb.in/hyderabad/saroornagar-lake-hyderabad/
5340,sante spa cuisine bkc,9900,12,195,$0.20,3,34,https://lbb.in/mumbai/sante-spa-cuisine-BKC/
5341,rustomjee ice cream,9900,11,334,$0.04,1,24,https://lbb.in/mumbai/k-rustom-ice-cream/
5342,hungry hippie,9900,19,58,$0.14,3,15,https://lbb.in/bangalore/hungry-hippie-koramangala/
5343,home bakes near me,9900,8,652,$0.08,57,22,https://lbb.in/delhi/home-bakers-delhi/
5344,hashboosh,9900,17,74,$0.74,100,64,https://lbb.in/bangalore/hashboosh-crowd-designed-brand-online/
5345,hard rock cafe in kolkata,9900,14,111,$0,1,21,https://lbb.in/kolkata/first-look-hard-rock-cafe-got-peek-whats-inside/
5346,gucci ladies perfume,9900,26,23,$0.07,98,29,https://lbb.in/all/best-gucci-perfume-for-women/
5347,gucci fragrances women,9900,26,26,$0.07,97,30,https://lbb.in/all/best-gucci-perfume-for-women/
5348,gucci female perfume,9900,29,21,$0.07,98,37,https://lbb.in/all/best-gucci-perfume-for-women/
5349,grand mall velachery,9900,14,74,$0.03,1,22,https://lbb.in/chennai/grand-square-velachery-top-things-to-do-chennai/
5350,good perfumes for men in india,9900,47,20,$0.14,100,12,https://lbb.in/all/perfumes-for-men-buy-online/
5351,good online shopping websites,9900,53,20,$0.11,56,67,https://lbb.in/delhi/best-online-shopping-websites/
5352,golconda fort hyderabad timings,9900,50,20,$0,1,19,https://lbb.in/hyderabad/golconda-fort-hyderabad/
5353,francis xavier cathedral,9900,30,21,$0.13,4,41,https://lbb.in/bangalore/st-francis-xaviers-cathedral-0c0e90/
5354,forum mall bangalore,9900,43,20,$0,1,16,https://lbb.in/bangalore/mall/forum-mall-bangalore/
5355,fisherman's village resort,9900,19,50,$0.37,2,24,https://lbb.in/mumbai/an-amazing-weekend-getaway-resort-eefc50/
5356,film names malayalam,9900,27,20,$0,1,15,https://lbb.in/all/best-malayalam-movies/
5357,expensive perfume for men,9900,57,20,$0.06,97,19,https://lbb.in/all/perfumes-for-men-buy-online/
5358,dress rental,9900,19,58,$0.12,9,23,https://lbb.in/delhi/wedding-clothes-on-rent/
5359,rajgad fort base 2,8100,16,90,$0.25,4,17,https://lbb.in/pune/69838/
5360,rajabai clock tower,9900,38,20,$0.10,8,30,https://lbb.in/mumbai/rajabhai-tower-9918d1/
5361,purse brands,12100,71,20,$0.08,99,51,https://lbb.in/mumbai/buy-bags-mumbai-shopping/
5362,pune cafe,9900,24,42,$0.03,4,23,https://lbb.in/pune/best-cafes-in-pune/
5363,play mania sports lounge,9900,26,22,$0.09,4,18,https://lbb.in/bangalore/play-mania-db7e50?masterRef=true
5364,planetarium in bangalore,9900,26,23,$0.46,1,16,https://lbb.in/bangalore/planetarium-bangalore-star-gazing/
5365,pashan in pune,9900,53,20,$0.08,3,20,https://lbb.in/pune/locality/pashan-pune/
5366,paranormal investigation,9900,35,20,$0,1,41,https://lbb.in/bangalore/paranormal-investigators/
5367,pali village cafe bandra west,9900,21,32,$0.08,1,23,https://lbb.in/mumbai/pali-village-cafe-bandra/
5368,paharganj market,9900,3,1603,$0,1,21,https://lbb.in/delhi/where-to-shop-in-paharganj-on-a-budget/
5369,oval maidan,9900,11,253,$0.12,3,23,https://lbb.in/mumbai/oval-maidan-c4443f/
5370,oota company bangalore,9900,16,90,$0.27,3,21,https://lbb.in/bangalore/bengaluru-oota-company/
5371,noida spa,9900,20,50,$0.12,37,17,https://lbb.in/delhi/best-spas-noida/
5372,new movie on prime,9900,54,20,$1,2,50,https://lbb.in/pune/new-movies-to-watch-on-amazon-prime/
5373,nalban park,9900,21,55,$0.25,4,20,https://lbb.in/kolkata/nalban-fishery-complex-34d456/
5374,mylari hotel agrahara,8100,54,20,$0.76,3,23,https://lbb.in/bangalore/mylari-dosa-at-original-hotel-vinayaka-mylari-mysore/
5375,motherland cafe,9900,24,42,$0.09,2,22,https://lbb.in/kolkata/motherland-5d8a51/
5376,mapusa goa market,9900,5,3009,$0,1,12,https://lbb.in/goa/mapusa-market-five-reasons/
5377,manam chocolate delhi,9900,30,20,$0.13,14,21,https://lbb.in/places/Manam-Chocolate-malviya-nagar-7895d2/
5378,mall thane,9900,28,22,$0.02,6,22,https://lbb.in/mumbai/malls-in-thane/
5379,mahavir harina vanasthali national park,9900,18,58,$0.10,3,23,https://lbb.in/hyderabad/mahavir-harina-vanasthali-national-park-1bd438/
5380,mahatma phule sanskrutik bhavan,9900,18,55,$0.20,6,20,https://merchant.lbb.in/merchant/business-details/Mahatma-Phule-Sanskrutik-Bhavan-pune-25fc92
5381,largest shopping mall in hyderabad,9900,35,20,$0.06,1,27,https://lbb.in/hyderabad/best-malls-hyderabad/
5382,largest malls in hyderabad,9900,29,20,$0.06,1,32,https://lbb.in/hyderabad/best-malls-hyderabad/
5383,large breast support bra,6600,30,20,$0.09,1,30,https://lbb.in/all/best-bras-heavy-breasts/
5384,hashboosh,9900,17,74,$0.74,100,64,https://lbb.in/bangalore/hashboosh-crowd-designed-brand-online/
5385,hard rock cafe in kolkata,9900,14,111,$0,1,21,https://lbb.in/kolkata/first-look-hard-rock-cafe-got-peek-whats-inside/
5386,gucci ladies perfume,9900,26,23,$0.07,98,29,https://lbb.in/all/best-gucci-perfume-for-women/
5387,gucci fragrances women,9900,26,26,$0.07,97,30,https://lbb.in/all/best-gucci-perfume-for-women/
5388,gucci female perfume,9900,29,21,$0.07,98,37,https://lbb.in/all/best-gucci-perfume-for-women/
5389,grand mall velachery,9900,14,74,$0.03,1,22,https://lbb.in/chennai/grand-square-velachery-top-things-to-do-chennai/
5390,good perfumes for men in india,9900,47,20,$0.14,100,12,https://lbb.in/all/perfumes-for-men-buy-online/
5391,good online shopping websites,9900,53,20,$0.11,56,67,https://lbb.in/delhi/best-online-shopping-websites/
5392,golconda fort hyderabad timings,9900,50,20,$0,1,19,https://lbb.in/hyderabad/golconda-fort-hyderabad/
5393,francis xavier cathedral,9900,30,21,$0.13,4,41,https://lbb.in/bangalore/st-francis-xaviers-cathedral-0c0e90/
5394,forum mall bangalore,9900,43,20,$0,1,16,https://lbb.in/bangalore/mall/forum-mall-bangalore/
5395,fisherman's village resort,9900,19,50,$0.37,2,24,https://lbb.in/mumbai/an-amazing-weekend-getaway-resort-eefc50/
5396,film names malayalam,9900,27,20,$0,1,15,https://lbb.in/all/best-malayalam-movies/
5397,expensive perfume for men,9900,57,20,$0.06,97,19,https://lbb.in/all/perfumes-for-men-buy-online/
5398,dress rental,9900,19,58,$0.12,9,23,https://lbb.in/delhi/wedding-clothes-on-rent/
5399,breweries online ordering,9900,33,20,$0,1,24,https://lbb.in/bangalore/buy-beer-growlers-from-these-places-bangalore/
5400,biggest mall in hyderabad,9900,27,21,$0.06,1,29,https://lbb.in/hyderabad/best-malls-hyderabad/
5401,bhima jewellers chennai,9900,19,42,$0.26,28,28,https://lbb.in/places/Bhima-Jewellers-tnagar-0e2fb0/
5402,best shoe brands for men,9900,22,32,$0.07,100,15,https://lbb.in/bangalore/indian-shoe-brands-for-men/
5403,best rosemary oil for hair growth,9900,30,20,$0.18,100,38,https://lbb.in/all/rosemary-oil-best-brand/
5404,best pubs in hyd,9900,35,20,$0.02,1,31,https://lbb.in/hyderabad/post/bars-and-nightlife/
5405,best pub in hyderabad,9900,86,20,$0.03,1,8,https://go.lbb.in/6xQLMXAz60b
5406,best coffee brand,12100,14,111,$0.06,97,27,https://lbb.in/bangalore/order-coffee-powder-online/
5407,ber sarai market,9900,20,42,$0.02,1,19,https://lbb.in/places/Ber-Sarai-Market-munirka-7dd98a/
5408,august kranti maidan,9900,9,464,$0.20,4,25,https://lbb.in/mumbai/august-kranti-maidan-9918d5/
5409,10 niacinamide serum,9900,44,20,$0.11,100,28,https://lbb.in/shop/product/10-niacinamide-face-serum-for-acne-marks-blemishes-and-open-pores/
5410,utsav chowk,8100,71,20,$0.21,4,21,https://lbb.in/mumbai/utsav-dhaba-kharghar/
5411,vegetarian hotels in hyderabad,9900,38,20,$0.03,10,24,https://lbb.in/hyderabad/vegetarian-restaurants-hyderabad/
5412,wine store open near me,9900,8,652,$0,1,15,https://lbb.in/kolkata/shops-in-kolkata-for-wines/
5413,washing clothes near me,8100,11,253,$0.30,30,50,https://lbb.in/delhi/laundromats-in-the-city-wash-dry-clean-clothes-fold/
5414,wine and liquor store,9900,21,42,$0,1,14,https://lbb.in/hyderabad/best-wine-shops/
5415,yousufguda hyderabad telangana,9900,75,20,$0.11,5,37,https://lbb.in/hyderabad/locality/yousufguda-hyderabad/
5416,top condom brands,9900,72,20,$0.03,46,27,https://lbb.in/delhi/best-condom-brands-in-india/
5417,tk falls road,9900,19,58,$0.08,4,28,https://lbb.in/bangalore/thottikallu-falls-off-kanakpura-road-near-bangalore/
5418,the spice town,12100,26,26,$0.18,3,35,https://lbb.in/bangalore/the-spice-town-first-536607/
5419,taste of lebanese,9900,27,23,$0.15,2,21,https://lbb.in/mumbai/bringing-you-the-lebanese-experience-408886/
5420,surathkal lighthouse beach,9900,17,90,$0.12,1,36,https://lbb.in/all/surathkal-beach-mangalore/
5421,sunset bangalore,9900,23,32,$0,1,26,https://lbb.in/bangalore/best-spots-sunset-bangalore/
5422,sports complex in dwarka delhi,9900,23,42,$0.11,4,16,https://lbb.in/delhi/5-dwarka-sports-complex-6c1909/
5423,water park in kolkata,12100,36,20,$0.06,3,9,https://lbbstatic.lbb.in/kolkata/water-parks-in-kolkata/
5424,wash clothes near me,8100,18,58,$0.30,34,39,https://lbb.in/mumbai/laundry-services-in-mumbai/
5425,puppy boarding near me,9900,9,464,$0.26,27,16,https://lbb.in/mumbai/pet-boarding-in-mumbai/
5426,places for couples near me,12100,29,20,$0.32,2,9,https://lbb.in/delhi/romantic-weekend-getaways-delhi/
5427,parel mumbai,9900,52,20,$0.18,2,19,https://lbb.in/mumbai/locality/parel-mumbai/
5428,pali village cafe bandra,12100,16,58,$0.14,4,19,https://lbb.in/mumbai/pali-village-cafe-bandra/
5429,opa bar mumbai,9900,18,55,$0.09,2,30,https://lbb.in/mumbai/opa-bar-and-cafe-andheri-east-650291/
5430,online read comics,8100,74,20,$1.34,1,40,https://lbb.in/all/read-comics-online-free/
5431,spa in noida,9900,17,74,$0.12,40,20,https://lbb.in/delhi/best-spas-noida/
5432,sly granny restaurant indiranagar,9900,24,23,$0.11,1,31,https://lbb.in/bangalore/sly-granny-restaurant-indiranagar/
5433,shri renuukamba thatte idli,9900,34,20,$0.05,1,27,https://lbb.in/bangalore/thatte-idli-at-bidadi-7db4ab/
5434,restaurants ambience mall,9900,17,74,$0.03,4,21,https://lbb.in/delhi/ambience-mall-restaurants/
5435,restaurant andheri west,9900,24,26,$0.04,7,24,https://lbb.in/mumbai/restaurants-in-andheri-west/
5436,resorts near delhi ncr,18100,17,58,$0.12,99,40,https://lbb.in/delhi/resorts-near-delhi-ncr/
5437,ratnagiri tourist attractions,9900,47,20,$0.17,1,16,https://lbb.in/all/ratnagiri-places-to-see/
5438,pubs in m g road bangalore,9900,13,148,$0.06,19,22,https://lbb.in/bangalore/pubs-mg-road-bangalore/
5439,pubs in jp nagar,12100,18,74,$0,6,10,https://lbb.in/bangalore/daruwala-99-jp-nagar/
5440,pizza 4p's indiranagar menu,9900,19,50,$0.08,1,21,https://lbb.in/bangalore/pizza-4ps-indiranagar-bangalore/
5441,nakshatra mall,9900,16,74,$0.19,3,20,https://lbb.in/mumbai/shopping-at-nakshatra-mall-dadar/
5442,matanga hill,9900,28,26,$0,1,22,https://lbb.in/bangalore/matanga-hill-trek-hampi/
5443,mastani lake,9900,20,55,$0.11,4,21,https://lbb.in/pune/mastani-talav-6ccb6f/
5444,makeup best brands,320,18,90,$0.03,96,31,https://lbb.in/delhi/best-beauty-brands/
5445,maffei kitchen,9900,15,90,$0.12,3,20,https://lbb.in/bangalore/maffei-kitchen-lebanese-food-bangalore/
5446,lil flea bkc,9900,17,58,$0,1,15,https://lbb.in/mumbai/food-music-shopping-fun-lil-flea-weekend/
5447,language bangalore,9900,70,20,$0,1,36,https://go.lbb.in/X97mLoj580b
5448,keiba x all saints,9900,41,20,$0.17,3,22,https://lbb.in/mumbai/keiba-2e05fe/
5449,kaka nagar delhi,9900,9,253,$0.13,3,19,https://lbb.in/delhi/kaka-nagar-dargah-3e85af/
5450,blades of glory cricket museum,9900,27,26,$0.14,4,26,https://lbb.in/pune/blades-of-glory-did-you-3dceec/
5451,best rum in india,9900,11,195,$0,1,7,https://lbb.in/all/best-white-rum-brands/
5452,best restaurants in bandra mumbai,9900,17,55,$0.03,4,19,https://lbb.in/mumbai/food-guide-eating-way-bandra/
5453,best cafes bangalore,9900,22,42,$0.04,9,25,https://lbb.in/bangalore/cafes-where-you-can-work-with-free-wifi/
5454,beach near hyderabad,9900,40,20,$0.12,1,21,https://lbb.in/hyderabad/beaches-around-hyderabad/
5455,abids chetpet,9900,23,42,$0.12,3,23,https://lbb.in/chennai/abids-61db9a/
5456,irla market,8100,12,253,$0.10,2,20,https://lbb.in/mumbai/alfa-stores/
5457,irani cafe kalyani nagar,9900,32,20,$0.21,4,22,https://lbb.in/pune/the-irani-cafe-91b7c4/
5458,indian dhabas,9900,26,32,$0.05,1,29,https://lbb.in/hyderabad/dhabas-hyderabad/
5459,ice house,12100,93,20,$0,4,23,https://lbb.in/delhi/snow-world-dlf-mall-of-india/
5460,higginbothams,9900,39,20,$0.14,3,36,https://lbb.in/bangalore/higginbothams-bookstore-bangalore/
5461,happy hour happy hour,9900,16,195,$0.08,1,45,https://lbb.in/delhi/happy-hour-deals-bars-cocktails-alcohol/
5462,handbags brands,12100,47,20,$0.08,99,51,https://lbb.in/mumbai/buy-bags-mumbai-shopping/
5463,hameedi sweets hyderabad,8100,26,26,$0.03,2,22,https://lbb.in/hyderabad/hameedi-confectioners/
5464,halli mane,9900,21,50,$0,2,21,https://lbb.in/bangalore/eat-at-halli-mane-malleswaram/
5465,gucci perfume ladies,9900,24,42,$0.07,97,34,https://lbb.in/all/best-gucci-perfume-for-women/
5466,good jeans for men,9900,62,20,$0.06,100,54,https://lbb.in/bangalore/best-jeans-for-men/
5467,gaming paradise,9900,37,20,$0.06,4,31,https://lbb.in/kolkata/gamers-paradise-lake-market/
5468,durga near me,9900,9,464,$0.03,1,20,https://lbb.in/bangalore/durga-pujo-pandal-bangalore/
5469,dadar station west,18100,52,20,$0,1,18,https://lbb.in/mumbai/things-to-do-in-dadar-west/
5470,courtyard aravali resort,27100,43,20,$0.25,45,35,https://lbb.in/delhi/courtyard-by-marriott-aravali/
5471,cirque circus,9900,20,50,$0.70,1,60,https://lbb.in/kolkata/book-tickets-now-cirque-de-b3f3d2/
5472,chennai ashtalakshmi temple,9900,52,20,$0.05,1,30,https://lbb.in/chennai/ashtalakshmi-temple-9c494c/
5473,camp dreamscape,9900,8,334,$0.47,2,21,https://lbb.in/mumbai/camp-dreamscape-mumbai/
5474,buy beer online,9900,54,20,$0,1,18,https://lbb.in/bangalore/buy-beer-growlers-from-these-places-bangalore/
5475,business formal attire women,9900,64,20,$0.04,94,33,https://lbb.in/delhi/formal-ideas-office-wear-for-women/
5476,bridal look for reception,9900,9,334,$0.09,16,19,https://lbb.in/all/reception-look-bride/
5477,bridal gowns wedding dresses,9900,25,26,$0.03,95,31,https://lbb.in/bangalore/wedding-gowns-bangalore/
5478,blue blazer combination,12100,10,253,$0.47,36,27,https://lbb.in/delhi/blue-blazer-combination-outfits/
5479,best facial toners,9900,53,20,$0.09,100,28,https://lbb.in/all/best-face-toners/
5480,novotel in vijayawada,9900,53,20,$0.40,59,23,https://lbb.in/hyderabad/novotel-vijayawada-varun-hotel/
5481,new empire cinema,9900,16,50,$0,1,38,https://lbb.in/kolkata/new-empire-cinema-7a9cba/
5482,museum air force,12100,41,20,$0.03,1,48,https://lbb.in/delhi/air-force-museum-delhi/
5483,wilderness retreat,12100,26,22,$0.08,26,29,https://lbb.in/hyderabad/the-wilderness-retreat/
5484,white wedding gown,12100,35,20,$0.17,56,33,https://lbb.in/delhi/white-wedding-gowns-delhi/
5485,waterpark in kolkata,9900,39,20,$0.32,5,22,https://lbb.in/kolkata/water-parks-in-kolkata/
5486,unlimited balloons,9900,22,50,$0.34,18,26,https://lbb.in/kolkata/balloons-unlimited-0e854b/
5487,the game ranch powai,9900,35,20,$0.09,4,19,https://lbb.in/mumbai/bowlings-alleys-mumbai/
5488,the chavni,9900,14,74,$0.08,11,22,https://lbb.in/pune/chhavani-heritage-velhe/
5489,the academy of fine arts,14800,55,20,$0.12,1,22,https://lbb.in/kolkata/academy-of-fine-arts-for-art-and-culture/
5490,tangerine arts studio,9900,12,195,$0.18,4,21,https://lbb.in/mumbai/tangerine-arts-studio-9aff44/
5491,the hoppery,9900,10,253,$0.12,3,17,https://lbb.in/hyderabad/the-hoppery-c20ab4/
5492,the coffee cup,9900,27,22,$0.06,4,25,https://lbb.in/hyderabad/our-favourite-coffee-shop-in-b2bdd1/
5493,station near goa,9900,43,20,$0.03,1,25,https://lbb.in/goa/hill-stations-near-goa/
5494,state gallery of art,9900,11,253,$0.08,5,30,https://lbb.in/hyderabad/state-gallery-of-fine-art-2e7b21/
5495,sports complex mumbai,9900,29,20,$0.19,2,26,https://lbb.in/mumbai/andheri-sports-complex/
5496,sports bars close to me,8100,11,253,$0.06,5,37,https://lbb.in/bangalore/sports-bars-bangalore/
5497,spas goa,9900,28,21,$0.53,51,34,https://lbb.in/goa/relax-take-time-xxx-spas-need-visit-north-goa/
5498,south park street cemetery kolkata,9900,30,20,$0.25,5,25,https://lbb.in/kolkata/looking-for-an-unusual-spot-1ab4e0/
5499,south park street cemetery,12100,28,20,$0,11,12,https://lbb.in/kolkata/looking-for-an-unusual-spot-1ab4e0/
5500,smokey eyeshadow,9900,27,23,$0.12,5,45,https://lbb.in/all/smokey-eye-makeup/
5501,sikanderpur furniture market,9900,2,1603,$0.12,7,22,https://lbb.in/delhi/sikanderpur-wood-furniture-market-gurgaon/
5502,shamiana,9900,15,195,$0.17,2,23,https://lbb.in/mumbai/shamiana-taj-mahal-palace/
5503,shahrukh khan home mannat,9900,8,963,$0.06,1,22,https://lbb.in/mumbai/mannat-bandra/
5504,serum for oily skin,12100,62,20,$0.13,100,39,https://lbb.in/delhi/best-serum-for-oily-skin/
5505,saravana stores chennai t nagar,9900,20,50,$0.34,7,20,https://lbb.in/chennai/super-saravana-stores-retail-showroom-tnagar-chennai/
5506,retinol a serum benefits,9900,75,20,$0.14,66,17,https://lbb.in/all/retinol-serum-benefits/
5507,refinery 091,9900,18,58,$0,2,21,https://lbb.in/kolkata/refinery-091-pub-salt-lake/
5508,qutub minar closing time,9900,30,20,$0.27,1,26,https://lbb.in/delhi/qutub-minar-now-opens-in-a46410/
5509,pvr irrum manzil,9900,17,50,$0.06,3,21,https://lbb.in/hyderabad/pvr-cinemas-4dx/
5510,putul bari,9900,20,50,$0.22,1,31,https://lbb.in/kolkata/putul-baari-3b9ff9/
5511,puliyogare point,9900,20,58,$0.05,3,21,https://lbb.in/bangalore/puliyogare-point-basavanagudi/
5512,pubs on mg road,9900,11,253,$0.05,10,29,https://lbb.in/bangalore/pubs-mg-road-bangalore/
5513,pali bhavan mumbai,12100,28,22,$0.52,2,19,https://lbb.in/mumbai/the-most-stunning-setting-for-indian-food-and-local-wines-in-pali-bc8424/
5514,orion mall photos,12100,44,20,$0,1,16,https://lbb.in/bangalore/mall/orion-mall-malleswaram-bangalore/
5515,online games best,9900,52,20,$0.90,26,89,https://lbb.in/delhi/best-online-games/
5516,navi mumbai sports association vashi,9900,13,90,$0.13,5,19,https://lbb.in/mumbai/navi-mumbai-sports-association-vashi-7fe793/
5517,mgf megacity mall shops,9900,6,464,$0.21,4,19,https://lbb.in/delhi/things-to-do-mgf-metropolitan-mall/
5518,mgf megacity,9900,22,26,$0.24,4,19,https://lbb.in/delhi/things-to-do-mgf-metropolitan-mall/
5519,malayalam films names,9900,27,22,$0,1,28,https://lbb.in/all/best-malayalam-movies/
5520,language in bangalore,9900,20,42,$0,1,31,https://lbb.in/bangalore/foreign-language-courses-in-bangalore/
5521,kapoor's cafe hsr branch,9900,13,111,$0.30,5,19,https://lbb.in/bangalore/kapoors-cafe-458730/
5522,kitty su in delhi,9900,17,55,$0.07,1,25,https://lbb.in/delhi/kitty-su-delhi/
5523,irla market mumbai,9900,21,55,$0,1,27,https://lbb.in/mumbai/irla-the-onestop-shopping-junction-b3f273/
5524,irani cafe in mumbai,9900,46,20,$0.07,4,23,https://lbb.in/mumbai/irani-cafes-in-mumbai/
5525,hotel janatha bangalore,9900,8,195,$0.12,2,23,https://lbb.in/bangalore/hotel-janatha/
5526,horamavu bengaluru karnataka,9900,110,20,$0.16,5,37,https://lbb.in/bangalore/locality/horamavu-bangalore?utm_campaign=shareFromApp&utm_medium=shareProduct
5527,hoots,9900,16,58,$0,1,35,https://lbb.in/bangalore/brand-new-cocktail-menu-launch-a43a8d/
5528,home stop,12100,29,20,$0.22,72,39,https://lbb.in/pune/-c70fc0/
5529,hermes sandals,9900,21,50,$0.06,96,25,https://lbb.in/all/hermes-oran-sandals-dupe/
5530,happy hours,9900,10,464,$0,1,21,https://lbb.in/hyderabad/top-happy-hours/
5531,good makeup brands,9900,31,20,$0.07,95,39,https://lbb.in/bangalore/indian-makeup-brands/
5532,good hair mask,9900,32,20,$0.09,99,29,https://lbb.in/all/best-hair-masks/
5533,good brand for makeup,9900,19,58,$0.07,95,36,https://lbb.in/delhi/best-beauty-brands/
5534,guitar classes,9900,13,148,$0.54,10,27,https://lbb.in/delhi/guitar-classes-in-delhi/
5535,good perfume for men in india,9900,41,20,$0.12,100,24,https://lbb.in/all/perfumes-for-men-buy-online/
5536,fontainhas old quarter,9900,52,20,$0,1,29,https://lbb.in/goa/places-to-see-panjim-latin-quarters/
5537,fazlani natures nest,9900,26,22,$0.36,75,26,https://lbb.in/mumbai/FazlaniNaturesNest/
5538,eros city square mall,9900,9,195,$0.07,3,18,https://lbb.in/delhi/eros-city-square-food-guide/
5539,dog boarding near me,9900,9,464,$0.25,30,17,https://lbb.in/mumbai/pet-boarding-in-mumbai/
5540,dighi hills,9900,7,1603,$0.08,5,22,https://lbb.in/pune/dighi-hills-96e538/
5541,delhi paharganj market,9900,3,1603,$0,1,36,https://lbb.in/delhi/where-to-shop-in-paharganj-on-a-budget/
5542,best shopping malls near me,9900,10,464,$0.06,8,35,https://lbb.in/bangalore/best-malls-in-bangalore/
5543,best cafes in bangalore,9900,33,20,$0.29,10,11,https://lbb.in/bangalore/cafes-where-you-can-work-with-free-wifi/
5544,beer brands list in india,9900,13,148,$0,1,18,https://lbb.in/bangalore/homegrown-indian-beer-brands-you-need-to-try/
5545,bandra carter road,9900,19,58,$0,1,15,https://lbb.in/mumbai/bandra-carter-road-social/
5546,ambience mall restaurant,9900,15,111,$0.03,4,20,https://lbb.in/delhi/ambience-mall-restaurants/
5547,ajabs,9900,18,50,$0,1,21,https://lbb.in/places/Ajabs-Ajnabi-Mithai-Ghar-1cd6ef/
5548,aeropostale,9900,24,26,$0.04,26,41,https://lbb.in/delhi/aeropostale-75b178/
5549,academy of fine arts,12100,44,20,$0.07,2,28,https://lbb.in/kolkata/academy-of-fine-arts-for-art-and-culture/
5550,abid's chetpet,9900,22,42,$0.14,3,19,https://lbb.in/chennai/abids-61db9a/
5551,154 breakfast club rr nagar,12100,43,20,$0.04,5,21,https://lbb.in/bangalore/154-breakfast-club-koramanagala-home-delivery/
5552,craft breweries,9900,35,20,$0,1,18,https://lbb.in/mumbai/best-craft-beers-microbreweries-mumbai/
5553,champagne india price,9900,5,963,$0,1,11,https://lbb.in/mumbai/sparkling-wines-inr-2000/
5554,breakfast breakfast restaurant,12100,12,195,$0.12,1,23,https://lbb.in/delhi/post/breakfast/
5555,boyfriend jeans for women,12100,16,90,$0.04,98,38,https://lbb.in/all/boyfriend-jeans-outfit/
5556,bicycle rent in kolkata,9900,9,464,$0.05,45,18,https://lbb.in/kolkata/now-can-rent-cycles-new-town/
5557,bengaluru oota company,9900,21,42,$0.77,2,21,https://lbb.in/bangalore/bengaluru-oota-company/
5558,bayroute juhu,8100,28,20,$0.32,3,21,https://lbb.in/places/Bayroute-Juhu-juhu-d222e8/
5559,aromas of dakshin,9900,27,22,$0.12,3,21,https://lbb.in/places/Aroma-Of-Dakshin-nanakramguda-0c7802/
5560,writing table,9900,48,20,$0.03,99,50,https://lbb.in/hyderabad/best-writing-tables-buy-online/
5561,wardrobe with dressing table,12100,25,22,$0.10,97,38,https://lbb.in/all/wardrobe-design-with-dressing-table/
5562,waari book cafe,9900,11,195,$0.27,3,20,https://lbb.in/pune/waari-cafe-kothrud/
5563,underdoggs aerocity,9900,26,23,$0,1,21,https://lbb.in/delhi/underdoggs-c516cb/
5564,types of female dresses,9900,26,23,$0.01,75,20,https://lbb.in/delhi/types-of-dresses/
5565,type of female trouser,9900,17,90,$0.02,96,19,https://lbb.in/all/types-of-pants-women/
5566,tung fong bar and restaurant,9900,11,253,$0.17,3,21,https://lbb.in/kolkata/tung-fong-chinese-par-street/
5567,title waves,9900,12,195,$0.10,5,23,https://lbb.in/mumbai/title-waves-71aa5f/
5568,the lazy goose,9900,19,58,$0.10,4,27,https://lbb.in/goa/the-lazy-goose-6a6f27/
5569,romantic books to read,9900,61,20,$0.06,49,41,https://lbb.in/all/romantic-novels/
5570,restaurants in kompally,9900,13,148,$0.04,14,22,https://lbb.in/hyderabad/best-restaurants-kompally/
5571,reis magos,9900,42,20,$0.54,5,37,https://lbb.in/bangalore/reis-magos-fort/
5572,pune fort,12100,44,20,$0.08,1,42,https://lbb.in/pune/forts-near-pune-for-trekking/
5573,prainha resort by the sea goa,9900,39,20,$0.32,41,20,https://lbb.in/goa/prainha-resort-by-the-sea-dona-paula/
5574,pantaloons camac street kolkata,9900,15,58,$0.11,8,16,https://lbb.in/kolkata/pantaloons-174dd4/
5575,pali village cafe mumbai,9900,22,26,$0.08,1,23,https://lbb.in/mumbai/pali-village-cafe-bandra/
5576,opa bar and cafe mumbai,9900,17,74,$0.09,2,25,https://lbb.in/mumbai/opa-bar-and-cafe-andheri-east-650291/
5577,museum in mumbai,9900,33,20,$0.21,17,21,https://lbb.in/mumbai/best-museums-in-mumbai/
5578,monetary museum of rbi,9900,11,195,$0,1,19,https://lbb.in/mumbai/rbi-monetary-museum-91aff6/
5579,monastery buddhist,9900,65,20,$0.09,2,29,https://lbb.in/kolkata/buddhist-monasteries-to-visit-west-bengal/
5580,mia cucina,9900,11,334,$0.09,3,19,https://lbb.in/mumbai/specially-for-italian-food-bef76c/
5581,j p nagar pubs,9900,15,90,$0.03,12,21,https://lbb.in/bangalore/jp-nagar-pub-crawl/
5582,interior decorators in delhi,9900,38,20,$0.98,27,43,https://lbb.in/delhi/best-interior-designers-delhi/
5583,interior decoration in delhi,9900,55,20,$0.80,28,34,https://lbb.in/delhi/home-decor-store-directory-delhi/
5584,highway gomantak bandra east,9900,12,195,$0.09,2,21,https://lbb.in/mumbai/highway-gomantak-6e6cb0/
5585,highway gomantak bandra,9900,16,90,$0.09,2,22,https://lbb.in/mumbai/highway-gomantak-6e6cb0/
5586,hay clothing,9900,24,42,$0.04,100,25,https://lbb.in/bangalore/everysay-casual-womens-wear-from-hay/
5587,good cafes in bangalore,9900,34,20,$0.05,12,21,https://lbb.in/bangalore/cafes-where-you-can-work-with-free-wifi/
5588,gokhale nagar,9900,33,20,$0.25,2,19,https://lbb.in/pune/locality/gokhale-nagar-pune/
5589,globe grub,9900,25,32,$0.08,1,21,https://lbb.in/hyderabad/hyderabads-grub-hub-newest-f9d466/
5590,mgf mega city mall gurgaon,9900,9,195,$0.48,5,20,https://lbb.in/delhi/things-to-do-mgf-metropolitan-mall/
5591,mapusa friday market,9900,3,1603,$0,1,26,https://lbb.in/goa/mapusa-market-five-reasons/
5592,makeup primer for oily skin,9900,49,20,$0.03,99,24,https://lbb.in/all/primer-for-oily-skin/
5593,mahim beach,9900,15,148,$0.15,2,21,https://lbb.in/mumbai/mahim-beach-clean-up/
5594,lord shiva statue,9900,26,26,$0.14,15,20,https://lbb.in/bangalore/adiyogi-shiva-statue-is-a-4d41b0/
5595,live free hostel rishikesh,9900,18,42,$0.57,22,22,https://lbb.in/delhi/budget-hostel-rishikesh-inr-399/
5596,laxmi nagar near me,8100,51,20,$0.02,1,21,https://lbb.in/delhi/locality/laxmi-nagar-delhi/
5597,lansdowne road kolkata,9900,39,20,$0.15,4,19,https://lbb.in/kolkata/the-lansdowne-cafe/
5598,kora kendra ground,8100,20,50,$0.06,2,21,https://lbb.in/mumbai/korakendra-navratri-60cbf6/
5599,kolkata bagri market,9900,12,253,$0.12,2,27,https://lbb.in/kolkata/hood-guide-burrabazaar/
5600,kiro beauty,9900,16,58,$0.16,99,23,https://lbb.in/delhi/kiro-beauty-buy-online/
5601,cafes in gurgaon,9900,30,20,$0.07,12,24,https://lbb.in/delhi/best-cafes-gurgaon/
5602,bombay salad.co,9900,26,21,$0.36,4,22,https://lbb.in/mumbai/keep-your-health-in-check-and-satiate-your-hunger-at-the-bombay-salad-co-6fcea9/
5603,bombay brasserie colaba,9900,29,20,$0.39,3,19,https://lbb.in/places/Bombay-Brasserie-Colaba-colaba-059ad5/
5604,bollywood romance movies,12100,48,20,$0,1,16,https://lbb.in/all/top-bollywood-rom-coms/
5605,blouse shop near me,12100,11,464,$0.08,68,32,https://lbb.in/mumbai/ready-made-blouses/
5606,biggest mall of hyderabad,9900,32,20,$0.06,1,20,https://lbb.in/hyderabad/best-malls-hyderabad/
5607,bharatiya mall of bengaluru,8100,8,253,$0.02,1,20,https://lbb.in/bangalore/bhartiya-mall-of-bengaluru-launch/
5608,best wines,9900,33,20,$0,1,18,https://lbb.in/all/red-wine-brands/
5609,best hoodies for men,12100,54,20,$0.07,100,29,https://lbb.in/bangalore/best-sweatshirt-and-hoodies-for-men/
5610,best fragrance for men in india,9900,44,20,$0.14,100,13,https://lbb.in/all/perfumes-for-men-buy-online/
5611,best coffee brands,9900,50,20,$0.09,97,33,https://lbb.in/chennai/post/coffee-beans/
5612,best air purifier in india,9900,64,20,$0.20,86,26,https://lbb.in/all/top-air-purifiers-to-buy-online/
5613,bannerghatta national park in bangalore timings,12100,26,23,$0,1,19,https://lbb.in/bangalore/bannerghatta-biological-park/
5614,atta market noida sector 18,12100,9,464,$0.42,1,19,https://lbb.in/delhi/womens-shopping-atta-market-noida/
5615,anna library,9900,19,42,$0.05,1,26,https://lbb.in/chennai/anna-centenary-library-kotturpuram-chennai/
5616,amritsar attractions,8100,73,20,$0.45,12,23,https://lbb.in/all/places-to-see-in-amritsar/
5617,dry skin serums,9900,87,20,$0.06,99,17,https://lbb.in/all/best-serums-for-dry-skin/
5618,dress washing near me,8100,22,42,$0.30,34,33,https://lbb.in/mumbai/laundry-services-in-mumbai/
5619,different types of women dress,9900,19,55,$0.01,85,19,https://lbb.in/delhi/types-of-dresses/
5620,deccan gymkhana pune maharashtra,9900,85,20,$0.07,3,19,https://lbb.in/pune/explore-deccan-gymkhana-813cc2/
5621,cuisine india,9900,48,20,$0.43,1,21,https://lbb.in/delhi/exploring-indian-cuisines-7fb67a/
5622,cocoon hotels,9900,65,20,$0.54,11,17,https://lbb.in/pune/cocoon-hotel/
5623,club cafe de paris,9900,44,20,$0.11,3,32,https://lbb.in/chennai/cafe-de-paris-teynampet-chennai/
5624,church of mae de deus,9900,38,20,$0.19,4,18,https://lbb.in/goa/mae-de-deus-church-ea0288/
5625,champagne drink price in india,9900,6,652,$0,1,7,https://lbb.in/mumbai/sparkling-wines-inr-2000/
5626,swimming classes,9900,16,111,$0.23,4,22,https://lbb.in/chennai/swimming-classes-in-chennai/
5627,sports complex andheri,9900,8,195,$0.19,2,36,https://lbb.in/mumbai/andheri-sports-complex/
5628,shampoo for oily scalp,12100,61,20,$0.15,99,25,https://lbb.in/all/shampoos-for-oily-scalp/
5629,shahrukh khan mannat home,9900,7,963,$0,1,23,https://lbb.in/mumbai/mannat-bandra/
5630,shahrukh khan house mannat,18100,7,1603,$0,1,10,https://lbb.in/mumbai/mannat-bandra/
5631,retinol serum benefits,8100,71,20,$0.15,78,18,https://lbb.in/all/retinol-serum-benefits/
5632,y2k fashion,8100,35,20,$0.06,16,43,https://lbb.in/delhi/Y2K-fashion-trend-outifts/
5633,wax of museum,9900,54,20,$0.02,1,21,https://lbb.in/bangalore/wax-museum-innovative-film-city/
5634,w va bien,9900,9,334,$0,2,16,https://lbb.in/delhi/cuisines-from-across-the-globe-at-w-va-bien/
5635,vgp snow kingdom chennai,9900,24,32,$0.27,15,23,https://lbb.in/chennai/vgp-snow-kingdom-ecr-chennai/
5636,umesh refreshments,12100,32,20,$0.15,7,26,https://lbb.in/bangalore/go-to-umesh-dosa-point-b9be61/
5637,theatre museum,12100,17,74,$0.18,8,36,https://lbb.in/bangalore/museum-theatre-261ad0/
5638,things to do in lonavala,12100,46,20,$0.17,17,14,https://lbb.in/mumbai/things-to-do-in-lonavala/
5639,sutra the gastropub,9900,26,23,$0.09,3,20,https://lbb.in/delhi/sutra-gastropub-417661/
5640,st francis xavier's cathedral,9900,13,148,$0.13,4,38,https://lbb.in/bangalore/st-francis-xaviers-cathedral-0c0e90/
5641,sports complex andheri west,9900,9,148,$2.84,2,34,https://lbb.in/mumbai/andheri-sports-complex/
5642,spesso gourmet kitchen,9900,18,50,$0.15,2,18,https://lbb.in/mumbai/spesso-gourmet-kitchen-64ff14/
5643,sissu lake,9900,11,253,$0,1,20,https://lbb.in/delhi/sissu-valley-manali/
5644,shri bhimashankar jyotirlinga wildlife reserve,9900,16,90,$0,1,20,https://lbb.in/pune/shri-bhimashankar-jyotirlinga-wildlife-reserve-d5c9c4/
5645,shahrukh khan mannat house,18100,8,963,$0,1,10,https://lbb.in/mumbai/mannat-bandra/
5646,hindmata dadar,9900,8,464,$0.39,3,27,https://lbb.in/mumbai/hind-mata-market-in-dadar-5f8dda/
5647,handbag stores near me,9900,27,22,$0.07,36,28,https://lbb.in/pune/bags-shopping-on-fc-road-pune/
5648,golconda fort in hyderabad timings,9900,56,20,$0,1,19,https://lbb.in/hyderabad/golconda-fort-hyderabad/
5649,ghazipur flower market delhi,9900,16,90,$0,1,16,https://lbb.in/delhi/ghazipur-flower-mandi/
5650,ghazipur flower market,9900,22,50,$0.10,1,21,https://lbb.in/delhi/ghazipur-flower-mandi/
5651,gd birla sabhaghar kolkata,12100,10,334,$0.11,5,18,https://lbb.in/kolkata/get-high-culture-weekend-sabhagar-theatre-festival/
5652,galleria,9900,28,21,$0.24,1,34,https://lbb.in/delhi/galleria-market-gurgaon-shopping/
5653,durga puja calcutta,9900,14,111,$0,1,25,https://lbb.in/kolkata/9-best-pujo-pandals-south-kolkata/
5654,different types of bag,9900,51,20,$0.03,50,19,https://lbb.in/bangalore/types-of-bags-every-woman-must-own/
5655,opa sakinaka,9900,12,195,$0.09,2,21,https://lbb.in/mumbai/opa-bar-kitchen-sakinaka-e8dab8/
5656,museo camera centre for the photographic arts,9900,15,74,$0.08,5,20,https://lbb.in/delhi/museo-camera-gurgaons-stunning-vintage-camera-museum/
5657,mulki surf,9900,30,20,$0.09,6,19,https://lbb.in/bangalore/surf-schools-karnataka/
5658,meat shop,9900,10,464,$0.39,4,22,https://lbb.in/delhi/raw-meat-shops-butchers-delhi/
5659,matanga hills,9900,29,23,$0.02,1,16,https://lbb.in/bangalore/matanga-hill-trek-hampi/
5660,malls in thane,9900,19,55,$0.02,6,19,https://lbb.in/mumbai/malls-in-thane/
5661,mall of asia restaurants,9900,18,58,$0.02,5,15,https://lbb.in/bangalore/eight-restaurant-review-bangalore/
5662,roxie bengaluru,9900,29,21,$0.10,1,23,https://lbb.in/places/Roxie-hsr-af0177/
5663,romantic novels to read,12100,61,20,$0.08,8,11,https://lbb.in/all/romantic-novels/
5664,resorts near delhi,18100,13,111,$0.12,99,48,https://lbb.in/delhi/resorts-near-delhi-ncr/
5665,race course in pune,9900,52,20,$0.05,2,22,https://lbb.in/pune/time-gallop-around-five-equestrian-riding-schools-can-join-starting-inr-1000/
5666,pune pashan,9900,51,20,$0.08,3,20,https://lbb.in/pune/locality/pashan-pune/
5667,pune kali bari,14800,5,652,$0.39,8,32,https://lbb.in/pune/khadki-kali-bari-samiti-12a25b/
5668,pune cafes,9900,25,32,$0.03,4,25,https://lbb.in/pune/best-cafes-in-pune/
5669,pub in pune,9900,59,20,$0.20,8,18,https://go.lbb.in/Ggi0M2c9a1b
5670,pub in j p nagar,9900,33,20,$0.04,16,19,https://lbb.in/bangalore/daruwala-99-jp-nagar/
5671,pratap lunch home fort,9900,18,74,$0.11,2,21,https://lbb.in/mumbai/oldiebutagoodie-pratap-lunch-home-best-bet-manglorean-seafood/?ref=lbbpost
5672,places to visit in ratnagiri,9900,38,20,$0.17,1,16,https://lbb.in/pune/ratnagiri-places-to-see/
5673,pizza hut unlimited offer,9900,22,42,$0.09,1,25,https://lbb.in/bangalore/pizza-hut-bangalore/
5674,pandhal cafe & deli,8100,15,148,$0.07,2,21,https://lbb.in/bangalore/pandhal-cafe-deli-fort-kochi/
5675,paharganj market delhi,9900,5,1603,$0,1,28,https://lbb.in/delhi/where-to-shop-in-paharganj-on-a-budget/
5676,dune eco resort,9900,35,20,$0.17,46,21,https://lbb.in/chennai/the-dune-eco-village-9c4764/
5677,dhan mill,8100,16,74,$0.04,6,17,https://lbb.in/delhi/dhan-mill-hood-guide/
5678,delhi nehru market,9900,15,111,$0.06,1,22,https://lbb.in/delhi/nehru-place-674e99/
5679,deepak talkies mumbai,9900,7,963,$0.17,4,20,https://lbb.in/mumbai/deepak-cinema-oldie-but-a-goodie/
5680,crystal restaurant chowpatty,9900,13,148,$0.04,2,21,https://lbb.in/mumbai/crystal-restaurant-chowpatty-5a47c4/
5681,comedians in india,9900,45,20,$0,1,21,https://lbb.in/mumbai/best-standup-comedians/
5682,coffee shop in gurgaon,9900,15,111,$0.07,12,23,https://lbb.in/delhi/best-cafes-gurgaon/
5683,cocoon hotel,9900,51,20,$0.43,13,21,https://lbb.in/pune/cocoon-hotel/
5684,club rogue,9900,18,90,$0.10,2,22,https://lbb.in/hyderabad/club-rogue-87ab13/
5685,chennai best biryani,9900,28,22,$0.13,5,23,https://lbb.in/chennai/best-biryani-places-in-chennai/
5686,candle light dinner,12100,23,50,$0.18,6,18,https://lbb.in/mumbai/candle-light-dinners-mumbai-date-night/
5687,calangute market,9900,14,195,$0,1,22,https://lbb.in/goa/saturdaynightlive-flock-calangute-market-square-art-accessories/
5688,cafe in gurugram,9900,31,20,$0.09,11,28,https://lbb.in/delhi/best-cafes-gurgaon/
5689,cafe in andheri,9900,48,20,$0.03,6,23,https://lbb.in/mumbai/locality/andheri-west-mumbai/
5690,board 4 bored a board game cafe,9900,51,20,$0.11,3,21,https://lbb.in/chennai/board-game-places-chennai/
5691,ladies dress types,9900,8,464,$0.01,75,18,https://lbb.in/delhi/types-of-dresses/
5692,koilkonda,9900,13,195,$0,1,28,https://lbb.in/hyderabad/koilkonda-fort-mahbubnagar/
5693,karaoke near me,9900,5,652,$0.06,3,23,https://lbb.in/delhi/karaoke-nights-in-delhi/
5694,kapila business hotel pune,9900,53,20,$0.27,14,18,https://lbb.in/pune/kapila-resorts-92618b/
5695,kannu ki chai near me,9900,20,55,$0.08,2,21,https://lbb.in/pune/kannu-ki-chai-baner-pune/
5696,jss auditorium jayanagar,9900,8,253,$0.74,5,19,https://lbb.in/bangalore/jss-auditorium-90fcd9/
5697,jonathan's kitchen,8100,22,42,$0.11,3,22,https://lbb.in/hyderabad/jonathans-kitchen-4702b6/
5698,janatha hotel bangalore,9900,11,195,$0.10,1,23,https://lbb.in/bangalore/hotel-janatha/
5699,interior designer delhi,9900,22,42,$0.84,33,39,https://lbb.in/delhi/best-interior-designers-delhi/
5700,indian beer brands,9900,27,22,$0,1,15,https://lbb.in/bangalore/homegrown-indian-beer-brands-you-need-to-try/
5701,indian beer,9900,32,20,$0,1,15,https://lbb.in/bangalore/homegrown-indian-beer-brands-you-need-to-try/
5702,gudgudee restaurant,9900,9,464,$0.08,4,23,https://lbb.in/hyderabad/a-pure-veg-delight-to-531cda/
5703,goa mapusa market,9900,4,3009,$0,1,28,https://lbb.in/goa/mapusa-market-five-reasons/
5704,best women haircut,9900,27,23,$0.12,15,36,https://lbb.in/pune/best-women-salons-pune/
5705,best whiskey in india,12100,47,20,$0,1,8,https://lbb.in/bangalore/best-indian-whisky-brands/
5706,best online games,9900,56,20,$0.76,26,23,https://lbb.in/delhi/best-online-games/
5707,best cooler,8100,33,20,$0.03,100,51,https://lbb.in/all/best-cooler-brands/
5708,best biryani hotel in chennai,9900,17,74,$0.11,4,26,https://lbb.in/chennai/best-biryani-places-in-chennai/
5709,best attar for men,9900,40,20,$0.10,100,38,https://lbb.in/all/best-attars/
5710,best aloe vera gel,9900,48,20,$0.04,99,37,https://lbb.in/delhi/aloe-vera-gels-buy-online/
5711,beer online for sale,9900,49,20,$0,1,17,https://lbb.in/bangalore/buy-beer-growlers-from-these-places-bangalore/
5712,beaches near by pune,9900,64,20,$0.15,1,22,https://lbb.in/pune/beaches-to-visit-near-pune/
5713,bawarchi rtc x roads,8100,37,20,$0.20,1,23,https://lbb.in/hyderabad/bawarchi-restaurant-hyderabad/
5714,ayurvedic skin care products,12100,79,20,$0.31,27,43,https://lbb.in/delhi/6-ayurvedic-skin-care-products-to-stock-up-on-this-summer/
5715,ashtalakshmi temple chennai,9900,36,20,$0.05,1,30,https://lbb.in/chennai/ashtalakshmi-temple-9c494c/
5716,aquarius resort & lawns,12100,77,20,$0.15,14,21,https://merchant.lbb.in/merchant/business-details/Aquarius-Resort-pune-165c8a
5717,ambience mall vasant kunj photos,9900,21,42,$0,1,25,https://lbb.in/delhi/ambience-mall-vasant-kunj-65aacb/
5718,al fresco,8100,30,22,$2.24,1,29,https://lbb.in/kolkata/alfresco-168858/
5719,top 10 women perfume brands,9900,20,55,$0.06,99,37,https://lbb.in/all/top-perfume-brands/
5720,veg restaurants in hyd,1300,39,20,$0.03,7,41,https://lbb.in/hyderabad/vegetarian-restaurants-hyderabad/
5721,uddo beach,9900,38,20,$0.07,3,23,https://lbb.in/goa/cocktails-sea-breeze-this-b2591e/
5722,types of purses,9900,73,20,$0.03,54,19,https://lbb.in/bangalore/types-of-bags-every-woman-must-own/
5723,tung fong kolkata,9900,10,334,$0.11,3,19,https://lbb.in/kolkata/tung-fong-chinese-par-street/
5724,the roseate,18100,25,22,$0.11,31,33,https://lbb.in/delhi/the-roseate-a298f7/
5725,workout facility near me,9900,18,58,$0.14,13,55,https://lbb.in/mumbai/best-gyms-mumbai/
5726,wood fired pizza,9900,17,90,$0.05,2,20,https://lbb.in/mumbai/best-place-for-pizza-lovers-9e0655/
5727,wonder mall,12100,21,32,$0.31,7,29,https://lbb.in/mumbai/wonder-mall-f4e326/
5728,wine shop near me open,9900,17,74,$0,1,15,https://lbb.in/kolkata/shops-in-kolkata-for-wines/
5729,westside home,9900,12,148,$0.05,100,19,https://lbb.in/mumbai/westside-home-decor-29e765/
5730,watches brand name,9900,21,42,$0.10,14,34,https://lbb.in/all/best-watch-brands-for-women/
5731,unlimited pizza hut offer,9900,22,42,$0,1,24,https://lbb.in/mumbai/pizza-hut-offer/
5732,unicontinental hotel khar,8100,31,20,$0.24,14,19,https://lbb.in/mumbai/the-habitat-khar-bfc8d6/
5733,top 10 branded perfume for women,9900,41,20,$0.06,98,17,https://lbb.in/all/top-perfume-brands/
5734,the urban foundry,9900,18,58,$0.09,3,21,https://lbb.in/pune/urban-foundry-everyones-favourite/
5735,the national library,9900,41,20,$0.05,4,31,https://lbb.in/kolkata/national-library-kolkata/
5736,the kunj,9900,3,963,$0.08,3,24,https://lbb.in/delhi/the-kunj-vasant-kunj/
5737,the galleria,12100,18,90,$0.25,5,34,https://lbb.in/delhi/hood-guide-galleria-market-gurgaon/
5738,shift lounge hsr layout,9900,31,21,$0.28,4,22,https://lbb.in/bangalore/shift-acca06/
5739,shahberi furniture market greater noida sector 4,9900,14,74,$0.04,2,19,https://lbb.in/places/Shahberi-Furniture-Market-greater-noida-4f23e0/
5740,scooty rent in bangalore,9900,46,20,$0.10,53,27,https://lbb.in/bangalore/rent-scooters-metro-rides-namma-metro/
5741,romance movies in bollywood,9900,52,20,$0.04,1,32,https://lbb.in/all/top-bollywood-rom-coms/
5742,ricos,9900,16,90,$0.04,1,23,https://lbb.in/delhi/ricos-kamla-nagar/
5743,restaurants in mumbai andheri west,9900,25,26,$0.08,7,23,https://lbb.in/mumbai/restaurants-in-andheri-west/
5744,rental furniture in pune,9900,64,20,$0.44,74,30,https://lbb.in/pune/rent-furniture-in-pune/
5745,irani cafe mumbai,9900,64,20,$0.07,4,23,https://lbb.in/mumbai/irani-cafes-in-mumbai/
5746,interiors in delhi,9900,57,20,$0.80,28,38,https://lbb.in/delhi/best-interior-designers-delhi/
5747,infants store,9900,42,20,$0.12,20,51,https://lbb.in/delhi/baby-clothes-stores-delhi/
5748,hyderabad veg restaurants,9900,38,20,$0.03,7,26,https://lbb.in/hyderabad/vegetarian-restaurants-hyderabad/
5749,hyderabad top pubs,9900,34,20,$0.02,1,26,https://lbb.in/hyderabad/top-happy-hours/
5750,hermes slippers,9900,20,50,$0.06,97,25,https://lbb.in/all/hermes-oran-sandals-dupe/
5751,hauz rani,9900,5,3009,$0.08,3,19,https://lbb.in/delhi/hauz-rani-crockery-stunning-prices/
5752,hard rock near me,9900,20,50,$0.04,3,23,https://lbb.in/mumbai/hard-rock-cafe-mumbai/
5753,hard rock cafe whitefield,9900,37,20,$0.21,4,22,https://merchant.lbb.in/merchant/business-details/Hard-rock-cafe-park-square-1884dc
5754,h&m sale black friday,9900,15,90,$0.06,91,28,https://lbb.in/kolkata/black-friday-hm-sale/
5755,glook the sky lounge,8100,10,253,$0.21,2,18,https://lbb.in/kolkata/glook-new-town-for-sky-lounge/
5756,garden with lights,9900,31,20,$0.03,100,24,https://lbb.in/mumbai/garden-lighting-ideas/
5757,gameistry,9900,13,195,$0.63,1,25,https://lbb.in/chennai/gameistry-board-game-lounge-egmore-chennai/
5758,g d birla sabhaghar,9900,29,20,$0.04,4,18,https://lbb.in/kolkata/get-high-culture-weekend-sabhagar-theatre-festival/
5759,pratap lunch home mumbai,9900,21,50,$0.11,2,21,https://lbb.in/mumbai/oldiebutagoodie-pratap-lunch-home-best-bet-manglorean-seafood/?ref=lbbpost
5760,pratap lunch home,9900,11,253,$0.11,2,21,https://lbb.in/mumbai/oldiebutagoodie-pratap-lunch-home-best-bet-manglorean-seafood/?ref=lbbpost
5761,pashan pune,9900,49,20,$0.10,4,19,https://lbb.in/pune/locality/pashan-pune/
5762,pandals near me,9900,8,963,$0,1,20,https://lbb.in/pune/pandal-hopping-durga-puja/
5763,pali bhavan,9900,23,42,$0.15,3,19,https://lbb.in/mumbai/the-most-stunning-setting-for-indian-food-and-local-wines-in-pali-bc8424/
5764,opa club,9900,19,55,$0.09,2,31,https://lbb.in/mumbai/opa-bar-kitchen-sakinaka-e8dab8/
5765,oily scalp shampoo,9900,69,20,$0.12,99,45,https://lbb.in/all/shampoos-for-oily-scalp/
5766,nit faridabad haryana,9900,15,74,$0.11,2,19,https://lbb.in/delhi/nit-faridabad-shopping-guide/
5767,night skin routine,9900,45,20,$0.14,50,19,https://lbb.in/all/nighttime-skincare-routine/
5768,nfc market,9900,20,42,$0.03,1,21,https://lbb.in/delhi/old-friends-and-new-new-friends-colony-hood-guide/
5769,nehru place social,9900,7,334,$0.22,3,19,https://lbb.in/delhi/social-nehru-place-epicuria-first-look/
5770,nature cafe,12100,26,42,$0.21,3,22,https://lbb.in/bangalore/al-fresco-restaurants-bangalore/
5771,monasteries buddhism,9900,80,20,$0.09,2,31,https://lbb.in/kolkata/buddhist-monasteries-to-visit-west-bengal/
5772,mercy electronics near me,9900,9,334,$0.21,19,20,https://lbb.in/chennai/mercy-electronics-store-chennai/
5773,matanga hill hampi karnataka,9900,40,20,$0,1,23,https://lbb.in/bangalore/matanga-hill-trek-hampi/
5774,mapusa market,9900,1,3009,$0,1,17,https://lbb.in/goa/mapusa-market-five-reasons/
5775,mae de deus church,9900,25,32,$0.11,4,19,https://lbb.in/goa/mae-de-deus-church-ea0288/
5776,lodhi,9900,19,50,$0.55,4,40,https://lbb.in/delhi/things-to-do-in-lodhi-colony/
5777,lil flea,9900,13,111,$0.01,11,36,https://lbb.in/mumbai/The-Lil-Flea-4d34b5/
5778,level 5 bistro & bar,9900,9,464,$0.11,3,19,https://lbb.in/pune/level-5-bistro-bar-fba11f/
5779,kitty su india,12100,51,20,$0.10,2,34,https://lbb.in/delhi/kitty-su-delhi/
5780,kirobeauty,9900,15,74,$0.16,99,25,https://lbb.in/delhi/kiro-beauty-buy-online/
5781,khadakwasla lake view point,9900,46,20,$0.05,5,19,https://lbb.in/pune/khadakwasla/
5782,juliet 1mg mall,14800,22,42,$0.52,5,22,https://lbb.in/bangalore/juliet-ulsoor/
5783,jss auditorium,9900,9,253,$0.49,4,20,https://lbb.in/bangalore/jss-auditorium-90fcd9/
5784,church of st john the baptist,8100,61,20,$0.12,3,36,https://lbb.in/mumbai/st-johns-baptist-church-andheri-616dd7/
5785,carter road bandra mumbai,9900,32,20,$0.01,1,22,https://lbb.in/mumbai/bandra-carter-road-social/
5786,café dali,9900,10,253,$0.46,1,19,https://lbb.in/delhi/ristorante-by-dali-review/
5787,flower market ghazipur,9900,12,195,$0.10,1,17,https://lbb.in/delhi/ghazipur-flower-mandi/
5788,durga puja in south kolkata,9900,5,1603,$0,1,17,https://lbb.in/kolkata/9-best-pujo-pandals-south-kolkata/
5789,couverture chocolate,9900,72,20,$0.04,96,9,https://lbb.in/shop/product/dark-45-artisanal-couverture-chocolate/
5790,corner house yelahanka,9900,44,20,$0.51,4,21,https://lbb.in/places/Corner-House-Ice-Cream-indira-nagar-cf37e6/
5791,chikhaldara hill station,9900,33,20,$0.04,1,38,https://lbb.in/mumbai/chikhaldara-hill-station-camping/
5792,bollywood romantic movies,12100,45,20,$0,1,16,https://lbb.in/all/top-bollywood-rom-coms/
5793,bike rental kolkata,9900,77,20,$0.05,47,15,https://lbb.in/kolkata/rent-bike-kolkata/
5794,bhartiya city mall,9900,10,148,$0,3,16,https://lbb.in/bangalore/bhartiya-mall-of-bengaluru-launch/
5795,best raksha bandhan gift for sister,9900,14,195,$0.05,94,22,https://lbb.in/all/raksha-bandhan-gift-ideas/
5796,best pub hyderabad,9900,35,20,$0.02,1,33,https://lbb.in/hyderabad/post/bars-and-nightlife/
5797,best marathi movie,9900,26,26,$0.01,1,30,https://lbb.in/pune/best-marathi-movies/
5798,best indian perfume for men,9900,57,20,$0.14,100,16,https://lbb.in/all/perfumes-for-men-buy-online/
5799,best green tea,9900,10,253,$0.11,98,27,https://lbb.in/all/best-green-tea-brands/
5800,beaches near to hyderabad,9900,28,22,$0.12,1,21,https://lbb.in/hyderabad/beaches-around-hyderabad/
5801,bannerghatta timings,12100,21,42,$0,1,15,https://lbb.in/bangalore/bannerghatta-biological-park/
5802,bandra top restaurants,9900,18,58,$0.05,4,20,https://lbb.in/mumbai/food-guide-eating-way-bandra/
5803,bamanbudo waterfalls,9900,13,148,$0.04,1,19,https://lbb.in/goa/bamanbudo-waterfalls-d8081e/
5804,baggy jeans with kurti,9900,9,464,$0.01,31,30,https://lbb.in/all/kurti-jeans-outfits/
5805,baby store,12100,40,20,$0.14,20,57,https://lbb.in/delhi/baby-clothes-stores-delhi/
5806,zhilmil dhaba,9900,26,23,$0.17,1,20,https://lbb.in/delhi/jhilmil-dhaba-e57b3c/
5807,zumba fitness classes,9900,17,90,$0.12,2,20,https://lbb.in/mumbai/zumba-classes-post-work/
5808,kidzania mumbai tickets,8100,64,20,$0.09,7,24,https://lbb.in/mumbai/kidzania-mumbai/
5809,khel gaon,9900,26,32,$0.20,4,23,https://lbb.in/delhi/locality/khel-gaon-marg-delhi/
5810,karnala sports academy panvel,8100,26,22,$0.07,3,17,https://lbb.in/mumbai/karnala-sports-academy-7ff813/
5811,janata bar and restaurant,8100,27,22,$0.17,4,24,https://lbb.in/mumbai/janata-bar-and-restaurant-bandra-a47b9c/
5812,ice cream and sundae,9900,49,20,$0.03,1,33,https://lbb.in/mumbai/kandivali-has-got-a-crazy-45b7b4/
5813,honey jd,9900,34,20,$0,1,21,https://lbb.in/delhi/jack-daniels-new-price/
5814,heart cup pub hyderabad,9900,17,58,$0.04,5,25,https://lbb.in/hyderabad/heart-cup-coffee-831922/
5815,hair masks best,9900,39,20,$0.09,100,61,https://lbb.in/all/best-hair-masks/
5816,goa spa,12100,44,20,$0.47,54,38,https://lbb.in/goa/relax-take-time-xxx-spas-need-visit-north-goa/
5817,the wilderness retreat,12100,29,20,$0.07,20,23,https://lbb.in/hyderabad/the-wilderness-retreat/
5818,the urban foundry pune,9900,12,148,$0.14,3,22,https://lbb.in/pune/urban-foundry-everyones-favourite/
5819,the urban foundry baner,9900,16,90,$0.14,3,19,https://lbb.in/pune/urban-foundry-everyones-favourite/
5820,the library,8100,20,55,$0.09,2,18,https://lbb.in/delhi/public-libraries-in-delhi-membership/
5821,swimming pool near me with fees,9900,21,42,$0.05,6,22,https://lbb.in/delhi/swimming-pools-delhi-ncr/
5822,stand up comedians india,9900,60,20,$0.02,1,21,https://lbb.in/mumbai/best-standup-comedians/
5823,sp biryani house pune,9900,18,58,$0.07,1,22,https://lbb.in/pune/sps-biryani-house-c36e47/
5824,shirts pants for men,12100,30,20,$0.02,96,42,https://lbb.in/delhi/formal-pant-shirt-combination/
5825,shirt pant combination for men,9900,19,55,$0.02,98,18,https://lbb.in/delhi/formal-pant-shirt-combination/
5826,sissu waterfall,8100,45,20,$0,1,24,https://lbb.in/delhi/sissu-valley-manali/
5827,rent a suit near me,9900,8,652,$0.13,21,11,https://lbb.in/delhi/men-suit-rentals-Delhi/
5828,rbi monetary museum,9900,18,74,$0.03,1,22,https://lbb.in/mumbai/freshly-minted-currency/
5829,ratnagiri places,9900,34,20,$0.40,1,19,https://lbb.in/all/ratnagiri-places-to-see/
5830,pratap lunch home fort mumbai,9900,38,20,$0.11,2,21,https://lbb.in/mumbai/this-iconic-place-in-fort-1b2a49/
5831,plus size women clothing,9900,63,20,$0.14,96,44,https://lbb.in/delhi/plus-size-stores/
5832,places to visit warangal,9900,39,20,$0.01,2,23,https://lbb.in/hyderabad/tourist-places-warangal/
5833,phantom cigarettes,9900,37,20,$0.01,1,31,https://lbb.in/delhi/phantom-sweet-cigarettes-delivery-delhi/
5834,pantaloons camac street,9900,15,58,$0.11,8,16,https://lbb.in/kolkata/pantaloons-174dd4/
5835,pali village bandra,12100,28,26,$0.14,4,20,https://lbb.in/mumbai/pali-village-cafe-bandra/
5836,opa bar,9900,17,74,$0.30,1,28,https://lbb.in/mumbai/opa-bar-and-cafe-andheri-east-650291/
5837,nearby libraries,9900,7,963,$0.03,2,26,https://lbb.in/pune/best-libraries-in-pune/
5838,namma filter coffee jayanagar,9900,44,20,$0.79,6,26,https://lbb.in/bangalore/traditional-filter-coffee-is-not-b81679/
5839,ear piercing jewelry,9900,51,20,$0.05,55,15,https://lbb.in/all/types-of-ear-piercings/
5840,cr2 shopping mall,9900,17,50,$0.14,4,20,https://lbb.in/mumbai/eleven-kitchens/
5841,conversation room,9900,17,90,$0.08,2,21,https://lbb.in/kolkata/hong-kong-bistro-8f4417/
5842,coffee shop in pune,9900,10,464,$0.03,4,27,https://lbb.in/pune/post/coffee/
5843,coffee by di bella,9900,24,32,$0,3,8,https://lbb.in/places/Coffee-by-Di-Bella-bandra-west-4acd3e/
5844,clothes washing near me,8100,15,111,$0.30,34,38,https://lbb.in/mumbai/laundry-services-in-mumbai/
5845,china town kolkata,9900,27,26,$0.14,1,24,https://lbb.in/kolkata/five-unforgettable-experiences-chinatown/
5846,chennai city places to visit,9900,94,20,$0.19,15,39,https://lbb.in/chennai/chennai-tourist-places/
5847,brims,9900,18,74,$0,1,26,https://lbb.in/delhi/brims-defence-colony-delhi/
5848,mannat shahrukh khan,9900,7,1603,$0.14,4,27,https://lbb.in/mumbai/mannat-bandra/
5849,malls in thane city,9900,21,42,$0.02,6,20,https://lbb.in/mumbai/malls-in-thane/
5850,malleshwaram restaurants,9900,17,74,$0.05,10,24,https://lbb.in/bangalore/9-insanely-popular-street-side-eateries-in-malleshwaram/
5851,malayalam movie names,9900,27,23,$0,1,15,https://lbb.in/all/best-malayalam-movies/
5852,malakpet hyderabad telangana,9900,71,20,$0.07,4,35,https://lbb.in/hyderabad/locality/malakpet-hyderabad/
5853,lakdikapul hyderabad,9900,26,26,$0.48,2,28,https://lbb.in/hyderabad/lbb-hoodguide-lakdi-ka-pul/
5854,kolkata bike rental,9900,58,20,$0.06,49,23,https://lbb.in/kolkata/rent-bike-kolkata/
5855,kay beauty cushion foundation,9900,17,90,$0.11,100,26,https://lbb.in/all/kay-beauty-hydra-cloud-cushion-foundation-review/
5856,grand heritage hotel greater noida,9900,22,32,$0.21,5,21,https://lbb.in/delhi/grand-heritage-resort-the-e6314c/
5857,flower market ghazipur delhi,9900,19,74,$0,1,21,https://lbb.in/delhi/ghazipur-flower-mandi/
5858,fisherman's wharf goa,9900,30,20,$0.08,7,17,https://lbb.in/goa/eat-here-in-south-goa-c45637/
5859,cheap and best salon,9900,26,23,$0.22,9,19,https://lbb.in/chennai/top-salons-in-chennai/
5860,cafe de paris cafe,9900,29,20,$0.35,3,20,https://lbb.in/chennai/cafe-de-paris-teynampet-chennai/
5861,byculla mumbai,9900,28,26,$0.16,2,34,https://lbb.in/mumbai/byculla-in-a-day-heres-d4b817/
5862,breweries in india,9900,58,20,$0,1,24,https://lbb.in/bangalore/homegrown-indian-beer-brands-you-need-to-try/
5863,boulder hills golf & country club,8100,20,55,$0.12,3,18,https://lbb.in/hyderabad/boulder-hills-golf-club-5f9c94/
5864,bombay salad co,9900,32,20,$0.20,4,26,https://lbb.in/mumbai/keep-your-health-in-check-and-satiate-your-hunger-at-the-bombay-salad-co-6fcea9/
5865,bollywood theme dress,9900,20,42,$0.14,15,20,https://lbb.in/delhi/most-iconic-bollywood-looks-recreated/
5866,boating,9900,47,20,$0.42,2,34,https://lbb.in/pune/boating-clubs-in-pune/
5867,bike on rent kolkata,9900,56,20,$0.05,45,13,https://lbb.in/kolkata/rent-bike-kolkata/
5868,best shopping sites online,9900,44,20,$0.41,72,85,https://lbb.in/delhi/best-online-shopping-websites/
5869,best shoe brand for men,9900,16,74,$0.06,100,15,https://lbb.in/bangalore/indian-shoe-brands-for-men/
5870,best pubs hyderabad,9900,39,20,$0.02,1,24,https://lbb.in/hyderabad/post/bars-and-nightlife/
5871,best pillow for sleep,9900,15,148,$0.14,100,47,https://lbb.in/delhi/best-brands-pillows-online/
5872,best games for online play,9900,58,20,$0.93,26,44,https://lbb.in/delhi/best-online-games/
5873,best facial toner,12100,64,20,$0.13,100,47,https://go.lbb.in/pvSG0vMmXPb
5874,basil with a twist t nagar,9900,11,253,$0.23,3,22,https://lbb.in/chennai/basil-with-a-twist-european-restaurant-tnagar-chennai/
5875,baked house cafe,12100,21,50,$0.11,3,22,https://lbb.in/mumbai/bake-house-cafe-kala-ghoda/
5876,babylon bar,9900,33,20,$0.01,1,23,https://lbb.in/places/Babylon-Kitchen-Bar-jubilee-hills-e181e5/
5877,ashta lakshmi temple chennai,9900,51,20,$0.05,1,39,https://lbb.in/chennai/ashtalakshmi-temple-9c494c/
5878,amaanta,9900,7,334,$0.21,3,19,https://lbb.in/delhi/amaanta-d3dd3a/
5879,alteration tailor near me,12100,10,334,$0.19,9,19,https://lbb.in/delhi/broken-zips-open-hems-3-markets-gurgaon-tailors-every-kind-alteration/
5880,alley 91 bowling bar,8100,36,20,$0.17,4,22,https://lbb.in/hyderabad/best-bowling-alleys/
5881,aesthetic cafeteria,9900,12,195,$0.04,3,30,https://lbb.in/kolkata/cafes-in-kolkata-insta-feeds/
5882,address home,9900,16,111,$0.20,85,23,https://lbb.in/delhi/address-home-b2170b/
5883,a1 samosa,9900,17,90,$0.10,3,21,https://lbb.in/mumbai/a1-samosa/
5884,worli new sea face,9900,29,20,$0.21,6,26,https://lbb.in/mumbai/worli-seaface-promenade/
5885,vinay health home,9900,18,55,$0.09,1,31,https://lbb.in/mumbai/vinay-health-home-charni-road-e47984/
5886,venus traders,9900,13,148,$0.28,1,21,https://lbb.in/pune/buy-stationery-from-venus-194966/
5887,waxworks museum,9900,62,20,$0.02,1,46,https://lbb.in/bangalore/wax-museum-innovative-film-city/
5888,wall accent ideas,9900,26,23,$0.07,63,43,https://lbb.in/all/accent-wall-ideas/
5889,veg restaurants hyderabad,12100,33,20,$0.10,9,19,https://lbb.in/hyderabad/vegetarian-restaurants-hyderabad/
5890,veg non veg shoes,9900,21,58,$0.08,96,36,https://lbb.in/mumbai/veg-non-veg-sneakers/
5891,v g p snow kingdom,9900,28,22,$0.27,15,21,https://lbb.in/chennai/vgp-snow-kingdom-ecr-chennai/
5892,trending kurti for women,12100,45,20,$0.01,99,43,https://lbb.in/all/types-of-kurtis/
5893,the stables,9900,10,253,$0.20,4,22,https://lbb.in/mumbai/the-stables-andheri-383c82/
5894,sutra gastropub gurgaon,9900,40,20,$0.07,3,23,https://lbb.in/delhi/sutra-gastropub-417661/
5895,sunset view,9900,32,20,$0.28,1,32,https://lbb.in/hyderabad/best-sunset-spots-hyderabad/
5896,sunset in bangalore,12100,15,90,$0,1,16,https://lbb.in/bangalore/best-spots-sunset-bangalore/
5897,sports complex in dwarka,9900,24,32,$0.11,4,17,https://lbb.in/delhi/5-dwarka-sports-complex-6c1909/
5898,sports bar near me,8100,3,963,$0.07,5,26,https://lbb.in/bangalore/sports-bars-bangalore/
5899,splash the water park new delhi,9900,34,20,$0.01,2,30,https://lbb.in/delhi/splash-water-park/
5900,social nehru place,9900,23,26,$0.14,2,19,https://lbb.in/delhi/social-nehru-place-epicuria-first-look/
5901,shopping malls in thane,9900,19,55,$0.02,6,19,https://lbb.in/mumbai/malls-in-thane/
5902,shirts pants combination for men,9900,18,74,$0.02,98,18,https://lbb.in/delhi/formal-pant-shirt-combination/
5903,shapewear women,8100,43,20,$0.22,100,51,https://lbb.in/mumbai/shapewear-brands-in-india/
5904,serum for dry skin,12100,72,20,$0.14,100,35,https://go.lbb.in/MAgcdweTRWb
5905,sehgal pastry shop,9900,12,148,$0.14,2,19,https://lbb.in/delhi/sehgal-pastry-shop-f41415/
5906,rooftop near me,8100,9,334,$0.05,10,20,https://lbb.in/bangalore/best-rooftop-restaurants-bangalore/
5907,restaurants in ambience mall gurgaon,9900,10,253,$0.02,4,21,https://lbb.in/delhi/ambience-mall-restaurants/
5908,resort hotels near delhi,70,24,42,$0.14,82,30,https://lbb.in/delhi/resorts-near-delhi-ncr/
5909,rental clothes near me,12100,16,90,$0.12,10,12,https://lbb.in/chennai/best-places-to-rent-clothes-in-chennai/
5910,recommended green tea,9900,28,20,$0.15,100,34,https://lbb.in/delhi/best-green-tea-brands/
5911,read comics online,8100,52,20,$0.75,1,15,https://lbb.in/all/read-comics-online-free/
5912,rcgc kolkata,9900,37,20,$0.14,3,20,https://lbb.in/kolkata/cup-tee-ace-backswing-golf-courses-kolkata/
5913,rajabai tower,9900,27,26,$0.10,8,35,https://lbb.in/mumbai/rajabhai-tower-9918d1/
5914,raghuvanshi mills,9900,8,334,$0.77,6,21,https://lbb.in/mumbai/raghuvanshi-mills-63501a/
5915,qutub minar opening time,9900,36,20,$0.03,2,35,https://lbb.in/delhi/qutub-minar-now-opens-in-a46410/
5916,pet boarding near me for dogs,9900,10,334,$0.37,37,15,https://lbb.in/mumbai/pet-boarding-in-mumbai/
5917,perfume for women gucci,9900,22,42,$0.08,98,24,https://lbb.in/all/best-gucci-perfume-for-women/
5918,new prime movies,9900,50,20,$1,2,55,https://lbb.in/pune/new-movies-to-watch-on-amazon-prime/
5919,new movies on prime,9900,33,20,$0.37,2,39,https://lbb.in/pune/new-movies-to-watch-on-amazon-prime/
5920,new modern hotel,9900,19,42,$0.14,3,22,https://lbb.in/bangalore/new-modern-hotel-bangalore/
5921,navi mumbai sports association,9900,21,32,$0.09,4,22,https://lbb.in/mumbai/navi-mumbai-sports-association-vashi-7fe793/
5922,museum theatre,12100,16,58,$0.19,12,42,https://lbb.in/bangalore/museum-theatre-261ad0/
5923,movie in car,9900,26,26,$0,1,17,https://lbb.in/delhi/drive-in-cinema-gurgaon-bollywood-special/
5924,monasteries near me,9900,10,334,$0.04,1,19,https://lbb.in/delhi/top-8-monasteries-in-north-62ff79/
5925,men's dress shoes near me,1000,10,464,$0.06,46,39,https://lbb.in/bangalore/places-to-shop-for-mens-formal-footwear/
5926,madras diaries,9900,14,90,$0.15,3,20,https://lbb.in/mumbai/breakfast-sorted-bandra/
5927,lotus farms,9900,21,42,$0.09,5,20,https://lbb.in/pune/lotus-farms-mahabaleshwar-eba5a3/
5928,lotus convention centre,9900,18,50,$0.12,6,18,https://lbb.in/places/Lotus-Convention-Centre-krishnaraja-puram-cb40b8/
5929,kora kendra borivali,9900,25,23,$0.07,2,21,https://lbb.in/mumbai/korakendra-navratri-60cbf6/
5930,kerala house samridhi canteen,8100,38,20,$0.08,2,28,https://lbb.in/delhi/samridhi-kerala-house-657b27/
5931,hylo kala ghoda,8100,45,20,$0.12,3,22,https://lbb.in/mumbai/things-to-do-in-kala-ghoda/
5932,hyderabad nearest beach,9900,40,20,$0.12,1,26,https://lbb.in/hyderabad/beaches-around-hyderabad/
5933,hyderabad lakdi ka pul,9900,22,50,$0.48,2,23,https://lbb.in/hyderabad/lbb-hoodguide-lakdi-ka-pul/
5934,horse riding classes near me,9900,10,334,$0.24,2,26,https://lbb.in/pune/time-gallop-around-five-equestrian-riding-schools-can-join-starting-inr-1000/
5935,hauz rani delhi,9900,5,963,$0.08,4,19,https://lbb.in/delhi/hauz-rani-crockery-stunning-prices/
5936,handmade love,9900,33,20,$0.02,2,23,https://lbb.in/shop/m/handmadelove/
5937,hamilton cocktail bar,9900,24,32,$0.74,4,19,https://lbb.in/places/Hamilton-Cocktail-Bar-Jazz-hoodi-0f0e3d/
5938,green markets,9900,33,20,$0.37,2,20,https://lbb.in/mumbai/farmer-markets-in-mumbai/
5939,garden with light,9900,25,42,$0.03,100,21,https://lbb.in/mumbai/garden-lighting-ideas/
5940,gameistry entertainment board game cafe,9900,13,195,$0.16,4,23,https://lbb.in/chennai/gameistry-board-game-lounge-egmore-chennai/
5941,galeries lafayette mumbai,9900,60,20,$0.56,20,27,https://merchant.lbb.in/merchant/business-details/Galeries-Lafayette-India-fort-9b8266
5942,furniture rent pune,9900,50,20,$0.40,64,29,https://lbb.in/pune/rent-furniture-in-pune/
5943,essel world amusement park mumbai,9900,16,148,$0.10,3,36,https://lbb.in/mumbai/essel-world-amusement-theme-park/
5944,pandan club,9900,33,20,$0.22,4,22,https://lbb.in/chennai/pandan-club-t-nagar/
5945,pandal near me,9900,8,652,$0,1,20,https://lbb.in/pune/pandal-hopping-durga-puja/
5946,online best shopping sites,9900,58,20,$0.41,72,84,https://lbb.in/delhi/best-online-shopping-websites/
5947,nowhere terrace brewpub cafe,9900,6,464,$0.17,4,21,https://lbb.in/delhi/nowhere-gurgaon-pub-coworking-space/
5948,champion sports,9900,25,26,$0.07,4,22,https://lbb.in/pune/champion-sports-d26fa3/
5949,champagne price in india,9900,7,464,$0,1,7,https://lbb.in/mumbai/sparkling-wines-inr-2000/
5950,cgs veterinary hospital,9900,13,148,$0.40,3,27,https://lbb.in/delhi/cgs-hospital-a199cf/
5951,calcutta club ltd,9900,38,20,$0.07,3,19,https://lbb.in/kolkata/calcutta-club-bhowanipore-for-heritage/
5952,cafes in pune,9900,24,32,$0.03,5,22,https://lbb.in/pune/best-cafes-in-pune/
5953,brands of beer in india,9900,17,74,$0,1,17,https://lbb.in/bangalore/homegrown-indian-beer-brands-you-need-to-try/
5954,blackbrick cafe,9900,7,652,$0.65,1,21,https://lbb.in/kolkata/eat-at-black-brick-cafe-bhowanipore/
5955,black brick cafe,9900,7,652,$0.65,1,19,https://lbb.in/kolkata/eat-at-black-brick-cafe-bhowanipore/
5956,best pubs in hyderabad,9900,38,20,$0,3,8,https://lbb.in/hyderabad/post/bars-and-nightlife/
5957,best man wedding clothes,9900,19,58,$0.03,98,34,https://lbb.in/delhi/best-man-wedding-outfits/
5958,best korean dramas netflix,9900,15,148,$0.03,1,40,https://lbb.in/all/romantic-korean-dramas-netflix/
5959,besant nagar ashtalakshmi temple,9900,27,26,$0.05,1,35,https://lbb.in/chennai/ashtalakshmi-temple-9c494c/
5960,bagbazar,9900,29,21,$0.13,2,19,https://lbb.in/kolkata/baghbazar-ghat/
5961,babylon craft brewery,9900,20,55,$0.15,3,21,https://lbb.in/pune/kothruds-first-brewery-and-some-d093ba/
5962,ashoka waterfall,9900,13,253,$0,1,28,https://lbb.in/mumbai/love-waterfalls-head-to-ashoka-c8e60c/
5963,art of delight,9900,17,90,$0.15,5,19,https://lbb.in/bangalore/art-of-delight-ice-cream-cafe-residency-road/
5964,alcove resort,12100,38,20,$0.24,31,22,https://lbb.in/goa/alcove-bar-restaurant-resort-vagator/
5965,alcohol name,9900,63,20,$0,1,34,https://lbb.in/delhi/homegrown-alcohol-brands-india/
5966,9th street,9900,50,20,$0.11,4,19,https://lbb.in/pune/ninth-avenue-712db7/
5967,downtown jaipur,9900,55,20,$0.06,5,22,https://lbb.in/event/guides/jaipur-guides/
5968,dlf hyderabad,9900,50,20,$0.52,11,24,https://lbb.in/places/DLF-Cyber-City-Hyderabad-eba762/
5969,diamond bakery,9900,20,42,$0.08,4,22,https://lbb.in/pune/diamond-bakery-9db58c/
5970,delhi interior designers,9900,19,55,$0.86,24,48,https://lbb.in/delhi/best-interior-designers-delhi/
5971,coffee shops pune,9900,9,464,$0.03,4,25,https://lbb.in/pune/post/coffee/
5972,chinatown in kolkata,9900,29,22,$0.14,1,23,https://lbb.in/kolkata/five-unforgettable-experiences-chinatown/
5973,chinatown in calcutta,9900,28,22,$0.14,1,27,https://lbb.in/kolkata/five-unforgettable-experiences-chinatown/
5974,chinatown calcutta,9900,30,20,$0.14,1,20,https://lbb.in/kolkata/five-unforgettable-experiences-chinatown/
5975,chhab chhaba chhab water fun park,9900,35,20,$0.07,5,25,https://lbb.in/hyderabad/visit-escape-water-park/
5976,women haircut salon near me,9900,32,20,$0.16,28,20,https://lbb.in/mumbai/hair-cut-salons/
5977,yum yum cha khan market,9900,28,20,$0,1,19,https://lbb.in/delhi/yum-yum-in-my-tum-f94670/
5978,wine best wine,9900,26,26,$0,1,15,https://lbb.in/all/red-wine-brands/
5979,wild waters hyderabad,9900,21,55,$0.22,12,21,https://lbb.in/hyderabad/wild-waters-amusement-park/
5980,water parks in kolkata,12100,46,20,$0.03,1,21,https://lbb.in/kolkata/water-parks-in-kolkata/
5981,w hotels in goa,9900,78,20,$0.39,56,36,https://go.lbb.in/I306OqQPVXb
5982,tung fong restaurant,9900,12,195,$0.11,3,21,https://lbb.in/kolkata/tung-fong-chinese-par-street/
5983,tirumala borivali,9900,15,74,$0.42,4,32,https://lbb.in/places/Tirumala-borivali-east-e4334e/
5984,types of ladies pant,9900,14,148,$0.02,96,29,https://lbb.in/all/types-of-pants-women/
5985,the ghetto,9900,10,334,$0.34,4,23,https://lbb.in/mumbai/the-ghetto-life/
5986,teesta himalayan kitchen,9900,14,148,$0.23,3,22,https://lbb.in/bangalore/teesta-tea-room-indiranagar/
5987,teak museum,9900,54,20,$0.10,1,25,https://lbb.in/bangalore/nilambur-teak-museum/
5988,suvidha the complete family shop,9900,11,148,$0.24,5,22,https://lbb.in/mumbai/suvidha-dee82f/
5989,sunset viewing,9900,34,20,$0.06,1,18,https://lbb.in/kolkata/sunset-spots-kolkata/
5990,spa in goa,12100,34,20,$0.40,68,37,https://lbb.in/goa/relax-take-time-xxx-spas-need-visit-north-goa/
5991,sling spirits,9900,8,652,$0.53,5,25,https://lbb.in/bangalore/la-cave-fine-wines-dc72ca/
5992,sissu waterfalls,8100,45,20,$0,1,25,https://lbb.in/delhi/sissu-valley-manali/
5993,shivaji nagar shopping complex,9900,14,90,$0.20,5,32,https://lbb.in/bangalore/locality/shivaji-nagar-bangalore/
5994,shiraz golden restaurant kolkata,9900,34,20,$0.05,4,23,https://lbb.in/kolkata/shiraz-golden-restaurant-mullick-bazaar-park-circus/
5995,shahrukh khan in mannat,12100,7,963,$0,1,31,https://lbb.in/mumbai/mannat-bandra/
5996,self drive car for rent in bangalore,9900,39,20,$0.19,72,34,https://lbb.in/bangalore/self-drive-cars-in-bangalore/
5997,romance novels to read,9900,64,20,$0.12,49,22,https://lbb.in/all/romantic-novels/
5998,restaurants malleshwaram,9900,18,58,$0.04,8,24,https://lbb.in/bangalore/9-insanely-popular-street-side-eateries-in-malleshwaram/
5999,resort near delhi,18100,11,111,$0.12,98,48,https://lbb.in/delhi/resorts-near-delhi-ncr/
6000,pune famous places,9900,66,20,$0.06,5,25,https://lbb.in/pune/famous-tourist-places-in-pune/
6001,platinum cinemas,9900,22,26,$0.24,6,21,https://lbb.in/places/Platinum-Cinemas-By-MovieTime-gachibowli-077471/
6002,places to see in warangal,9900,30,20,$0.08,4,27,https://lbb.in/hyderabad/tourist-places-warangal/
6003,pepper house,9900,21,50,$0.05,1,20,https://lbb.in/bangalore/pepper-house-ca2514/
6004,online beer for sale,9900,44,20,$0,1,17,https://lbb.in/bangalore/buy-beer-growlers-from-these-places-bangalore/
6005,om collections unit 5,8100,20,42,$0.41,5,19,https://lbb.in/bangalore/om-collections-om-branded-4d20dc/
6006,non alcoholic beverage,9900,32,20,$0.02,27,39,https://lbb.in/bangalore/non-alcoholic-drinks-beer-top-brands/
6007,next galleria mall punjagutta,9900,16,55,$0.24,7,22,https://lbb.in/hyderabad/next-galleria-mall/
6008,neergarh waterfall road,12100,31,20,$0.03,4,23,https://lbb.in/all/neer-garh-waterfall/
6009,market in paharganj,9900,4,1603,$0,1,19,https://lbb.in/delhi/where-to-shop-in-paharganj-on-a-budget/
6010,east point mall,9900,47,20,$0.12,4,26,https://lbb.in/bangalore/orion-east-mall/
6011,dress for rent,9900,19,50,$0.09,9,46,https://lbb.in/delhi/wedding-clothes-on-rent/
6012,dlf company in hyderabad,9900,68,20,$0.56,8,19,https://lbb.in/places/DLF-Cyber-City-Hyderabad-eba762/
6013,dialogues cafe koramangala,12100,12,195,$0.09,6,22,https://lbb.in/bangalore/dialogues-where-all-the-54ef2d/
6014,cst near me,9900,26,21,$0.02,1,21,https://lbb.in/mumbai/things-to-do-around-CST/
6015,crafters beer,9900,42,20,$0,1,27,https://lbb.in/mumbai/24different-craft-beers-on-4a735a/
6016,course for photography,9900,75,20,$0.62,40,28,https://lbb.in/bangalore/dslr-photography-classes-workshops-in-bangalore/
6017,chinchoti falls,9900,25,42,$0.06,2,17,https://lbb.in/mumbai/chinchoti-waterfalls-69cf55/
6018,chikhaldara hill station maharashtra,9900,32,20,$0.06,1,38,https://lbb.in/mumbai/chikhaldara-hill-station-camping/
6019,klm fashion mall near me,9900,16,90,$0.20,11,18,https://lbb.in/bangalore/klm-mall-marathahalli/
6020,jimi's,9900,7,464,$0.22,2,18,https://lbb.in/bangalore/jimis-beer-cafe-8cdad4/
6021,jagriti whitefield,9900,18,58,$0.11,6,18,https://lbb.in/bangalore/jagriti-theatre-whitefield/
6022,jagriti theatre whitefield,9900,15,90,$0.11,6,19,https://lbb.in/bangalore/jagriti-theatre-whitefield/
6023,jagriti theatre bangalore,9900,10,253,$0.18,6,20,https://lbb.in/bangalore/jagriti-theatre-whitefield/
6024,ironhill kanakapura road,9900,40,20,$0.16,7,24,https://lbb.in/bangalore/whattay-place-to-hangout-on-e4ffe0/
6025,indian beer brand,9900,27,23,$0,1,15,https://lbb.in/bangalore/homegrown-indian-beer-brands-you-need-to-try/
6026,indian accent restaurant,9900,24,26,$0.17,4,17,https://lbb.in/delhi/indian-accent-the-lodhi-hotel/
6027,hotel janatha bengaluru karnataka,9900,15,111,$0.10,1,23,https://lbb.in/bangalore/hotel-janatha/
6028,home interior designers in delhi,9900,29,20,$0.80,28,37,https://lbb.in/delhi/best-interior-designers-delhi/
6029,harihara kala bhavan,9900,11,148,$0.19,3,17,https://lbb.in/hyderabad/hari-hara-kala-bhavan/
6030,hari hara kala bhavan,9900,9,253,$0.18,4,19,https://lbb.in/hyderabad/hari-hara-kala-bhavan/
6031,hameedi confectioners hyderabad,8100,24,26,$0.03,2,22,https://lbb.in/hyderabad/hameedi-confectioners/
6032,gamers paradise,9900,14,195,$0.06,4,24,https://lbb.in/kolkata/entertainment-spots-gamers-paradise-c0aff0/
6033,furniture market chowk,9900,10,253,$0.02,1,19,https://lbb.in/delhi/furniture-market-in-delhi/
6034,meenkunnu beach,9900,30,22,$0.07,1,19,https://lbb.in/bangalore/meenkunnu-beach-eb11cf/
6035,matkatus,9900,28,20,$0.08,100,14,https://lbb.in/chennai/matkatus-fabric-store-valasaravakkam-chennai/
6036,matcha for lattes,12100,35,20,$0.23,27,45,https://lbb.in/all/best-matcha-powder/
6037,mapusa market goa,9900,5,3009,$0,1,13,https://lbb.in/goa/mapusa-market-five-reasons/
6038,malayalam movies name,9900,17,58,$0,1,15,https://lbb.in/all/best-malayalam-movies/
6039,malayalam films name,9900,23,32,$0,1,45,https://lbb.in/all/best-malayalam-movies/
6040,kolkata millennium park,9900,13,253,$0,1,23,https://lbb.in/kolkata/millennium-park-kolkata/
6041,karnataka famous food,9900,56,20,$0,1,30,https://lbb.in/bangalore/uttara-karnataka-oota-a-heaven-19cd31/
6042,karnala sports academy,9900,13,111,$0.07,2,11,https://lbb.in/mumbai/karnal-sports-academy-and-swimming-1248ec/
6043,calangute market goa,9900,10,334,$0,1,20,https://lbb.in/goa/saturdaynightlive-flock-calangute-market-square-art-accessories/
6044,cafe in indiranagar,9900,23,32,$0,15,20,https://lbb.in/bangalore/cafes-in-indiranagar/
6045,cafe de paris,9900,36,20,$0,4,17,https://lbb.in/chennai/cafe-de-paris-teynampet-chennai/
6046,cabo de rama goa,9900,24,32,$0.14,9,23,https://lbb.in/goa/cabo-de-rama-beach-perfect-south-goa-getaway/
6047,breakfast restaurants,22200,7,334,$0.44,2,25,https://lbb.in/delhi/breakfast-places-delhi/
6048,brand factory sale,9900,26,26,$0.15,3,24,https://lbb.in/bangalore/brand-factory-bangalore-discount-store/
6049,boulder hills golf club,9900,11,195,$0.09,3,18,https://lbb.in/hyderabad/boulder-hills-golf-club-5f9c94/
6050,bombay pav bhaji,9900,38,20,$0.12,2,35,https://lbb.in/mumbai/best-pav-bhajis-in-mumbai/
6051,best wine,9900,26,21,$0,1,14,https://lbb.in/all/red-wine-brands/
6052,best veg hotel in hyderabad,9900,31,20,$0.03,10,31,https://lbb.in/hyderabad/vegetarian-restaurants-hyderabad/
6053,best skin toner for face,9900,46,20,$0.09,100,30,https://lbb.in/all/best-face-toners/
6054,best shirt brands for men,9900,55,20,$0.07,100,21,https://lbb.in/hyderabad/types-of-shirts-for-men/
6055,best makeup cosmetics brands,9900,23,42,$0.09,95,23,https://lbb.in/delhi/best-beauty-brands/
6056,best korean series on netflix,9900,15,74,$0.13,1,34,https://lbb.in/all/romantic-korean-dramas-netflix/
6057,best cosmetic brand,9900,53,20,$0.09,95,21,https://lbb.in/delhi/best-beauty-brands/
6058,best condom brands,9900,57,20,$0.03,46,27,https://lbb.in/delhi/best-condom-brands-in-india/
6059,beer indian,9900,28,23,$0,1,15,https://lbb.in/bangalore/homegrown-indian-beer-brands-you-need-to-try/
6060,beer brands in india,12100,23,26,$0,1,8,https://lbb.in/bangalore/homegrown-indian-beer-brands-you-need-to-try/
6061,bannerghatta park timings,12100,24,32,$0,1,13,https://lbb.in/bangalore/bannerghatta-biological-park/
6062,bangalore gandhinagar,9900,31,20,$0.38,1,25,https://lbb.in/bangalore/locality/gandhi-nagar-bangalore/
6063,ambience mall restaurants,9900,19,50,$0.02,4,23,https://lbb.in/delhi/ambience-mall-restaurants/
6064,ab's absolute barbecues marathahalli bangalore,9900,32,20,$0.26,8,19,https://lbb.in/places/Absolute-Barbecue-marathahalli-b6f806/
6065,west side home,9900,13,148,$0.06,100,22,https://lbb.in/mumbai/westside-home-decor-29e765/
6066,warangal places to see,9900,48,20,$0.01,2,21,https://lbb.in/hyderabad/tourist-places-warangal/
6067,waari book cafe kothrud,9900,9,334,$0.07,3,21,https://lbb.in/pune/waari-cafe-kothrud/
6068,types of woman dresses,9900,22,50,$0.01,89,26,https://lbb.in/delhi/types-of-dresses/
6069,types of pants,9900,20,42,$0.02,24,18,https://lbb.in/hyderabad/types-of-pants-for-men/
6070,the westin hyderabad hitec city,9900,60,20,$0.17,5,29,https://lbb.in/hyderabad/westin-mindspace-hitech-city/
6071,the sky high,9900,17,148,$0.08,1,22,https://lbb.in/delhi/the-sky-high-ansal-plaza/
6072,svaram experience sound garden,9900,23,32,$0.09,4,18,https://lbb.in/chennai/svaram-musical-instruments-and-research-centre-auroville-chennai/
6073,sutra gastropub,9900,19,55,$0.11,3,25,https://lbb.in/delhi/sutra-gastropub-great-place-to-unwind-9db9c9/
6074,sundaes ice cream,9900,23,50,$0.03,1,35,https://lbb.in/mumbai/kandivali-has-got-a-crazy-45b7b4/
6075,st mary's basilica,9900,11,253,$0.10,3,21,https://lbb.in/bangalore/stmarys-basilica-b739c3/
6076,st mary basilica,9900,28,23,$0.12,3,25,https://lbb.in/bangalore/stmarys-basilica-b739c3/
6077,st joseph cathedral,9900,16,148,$0.05,4,30,https://lbb.in/hyderabad/st-josephs-cathedral-b1a455/
6078,spa in mumbai,9900,19,58,$0.47,74,38,https://lbb.in/mumbai/best-spas-in-mumbai/
6079,smoor lounge indiranagar,9900,9,195,$0.31,6,19,https://lbb.in/bangalore/smoor-indiranagar-chocolate-cafe/
6080,smaaash go karting,9900,29,20,$0.17,10,20,https://lbb.in/delhi/wonder-speedway-9972e0/
6081,shraddha extension,9900,10,253,$0.11,4,20,https://lbb.in/hyderabad/-3d10fd/
6082,shivaji museum,9900,48,20,$0.16,16,43,https://lbb.in/mumbai/chhatrapati-shivaji-maharaj-museum/
6083,poona guest house,9900,21,42,$0.19,5,22,https://lbb.in/pune/poona-guest-house-0cfe4f/
6084,paul bakery cafe,9900,35,20,$0.07,2,35,https://lbb.in/delhi/lunch-scenes-sorted-0e198b/
6085,pant shirt for men,9900,26,26,$0.04,96,36,https://lbb.in/delhi/formal-pant-shirt-combination/
6086,pali bhavan restaurant mumbai,12100,19,55,$0.17,4,22,https://lbb.in/mumbai/the-most-stunning-setting-for-indian-food-and-local-wines-in-pali-bc8424/
6087,ozora kolkata,12100,21,50,$0.48,1,24,https://lbb.in/kolkata/kenilworth-gardenia-e0cbd5/
6088,over coffee,12100,12,253,$0.10,4,22,https://lbb.in/bangalore/over-coffee-wine-coffee-bar-lavelle-road/
6089,oota company,9900,21,42,$0.27,3,23,https://lbb.in/bangalore/bengaluru-oota-company/
6090,online comics read,8100,105,20,$1.34,1,81,https://lbb.in/mumbai/read-comics-online-free/
6091,online beer purchase,9900,46,20,$0,1,19,https://lbb.in/bangalore/buy-beer-growlers-from-these-places-bangalore/
6092,online beer order,9900,48,20,$0,1,15,https://lbb.in/pune/alcohol-home-delivery-in-pune/
6093,oily skin makeup primer,9900,52,20,$0.03,99,29,https://lbb.in/all/primer-for-oily-skin/
6094,nude brown lipstick,9900,39,20,$0.03,99,16,https://lbb.in/all/nude-lipsticks-for-brown-skin/
6095,noida sector 18 atta market,12100,16,111,$0.42,1,20,https://lbb.in/delhi/womens-shopping-atta-market-noida/
6096,nighttime skincare routine,9900,34,20,$0.11,60,34,https://lbb.in/all/nighttime-skincare-routine/
6097,nehru market delhi,9900,32,20,$0,1,26,https://lbb.in/delhi/5-shops-nehru-place-computer-market/
6098,neeti bagh club,9900,7,334,$0.28,4,19,https://lbb.in/delhi/neeti-bagh-club-650f5c/
6099,mia cuccinna,9900,8,334,$0.09,3,20,https://lbb.in/mumbai/specially-for-italian-food-bef76c/
6100,mgf megacity mall gurgaon,9900,15,74,$0.21,4,20,https://lbb.in/delhi/things-to-do-mgf-metropolitan-mall/
6101,men dress shoes near me,9900,12,195,$0.09,35,27,https://lbb.in/bangalore/places-to-shop-for-mens-formal-footwear/
6102,mannat shahrukh khan house,18100,7,1603,$0,1,32,https://lbb.in/mumbai/mannat-bandra/
6103,mandi food,9900,19,55,$0.02,1,31,https://lbb.in/hyderabad/mandi-a-traditional-dish-originated-fd93f6/
6104,mahalakshmi tiffin room,9900,49,20,$0.09,2,23,https://lbb.in/places/Mahalaxmi-Tiffin-Room-basavanagudi-734a0e/
6105,mae de deus church goa,9900,33,20,$0.11,4,20,https://lbb.in/goa/mae-de-deus-church-ea0288/
6106,lakdi ka pul hyderabad,9900,29,23,$0.48,2,23,https://lbb.in/hyderabad/lbb-hoodguide-lakdi-ka-pul/
6107,lakaki lake,9900,10,464,$0.12,3,27,https://lbb.in/pune/lakes-in-pune-56be81/
6108,kwality dhaba delhi,9900,31,20,$0.12,1,21,https://lbb.in/places/Kwality-Dhaba-subhash-nagar-187f9a/
6109,kora kendra,9900,22,32,$0.07,2,22,https://lbb.in/mumbai/korakendra-navratri-60cbf6/
6110,journal bombay,9900,27,21,$0.27,4,23,https://lbb.in/places/Journal-Bombay-68d68f/
6111,jack daniels honey,9900,26,20,$0,1,19,https://lbb.in/delhi/jack-daniels-new-price/
6112,indoor badminton court near me,9900,12,148,$0.08,8,19,https://lbb.in/mumbai/badminton-courts-mumbai/
6113,indian accent delhi restaurant,9900,27,22,$1.06,2,43,https://lbb.in/delhi/indian-accent-the-lodhi-hotel/
6114,india beer,9900,19,55,$0.77,1,18,https://lbb.in/bangalore/homegrown-indian-beer-brands-you-need-to-try/
6115,santushti complex,9900,3,1603,$0.28,2,22,https://lbb.in/delhi/santushti-shopping-complex-guide/
6116,rental scooty in bangalore,9900,43,20,$0.04,49,22,https://lbb.in/bangalore/rent-scooters-metro-rides-namma-metro/
6117,reception look for bride,9900,4,963,$0.09,16,30,https://lbb.in/all/reception-look-bride/
6118,rangsharda auditorium,9900,28,20,$0.17,4,20,https://lbb.in/places/Rangsharda-Natyamandir-Auditorium-bandra-west-50ab13/
6119,rage room bangalore,9900,20,50,$0.03,1,21,https://lbb.in/bangalore/rage-room-jayanagar/
6120,promenade worli,12100,16,148,$0.10,5,20,https://lbb.in/mumbai/worli-seaface-promenade/
6121,prince anwar shah road,9900,41,20,$0.09,4,24,https://lbb.in/places/Prince-Anwar-Shah-Road-2b4051/
6122,farm stay,12100,61,20,$0.17,8,17,https://lbb.in/hyderabad/farm-stay-karimnagar/
6123,durga pandal near me,9900,5,1603,$0.03,1,20,https://lbb.in/pune/pandal-hopping-durga-puja/
6124,hotel janatha,9900,22,32,$0.12,2,21,https://lbb.in/bangalore/hotel-janatha/
6125,high life mall,9900,30,20,$0.26,5,19,https://lbb.in/bangalore/histreet-mall-and-mahaveer-mall-aa66eb/
6126,happy hour,9900,17,74,$0.29,1,51,https://lbb.in/pune/happy-hours-in-pune/
6127,happy happy hour,9900,16,74,$0.08,1,63,https://lbb.in/hyderabad/post/happy-hours/
6128,good toner for face,9900,75,20,$0.09,100,33,https://go.lbb.in/pvSG0vMmXPb
6129,good shirt brands men,9900,52,20,$0.07,100,35,https://lbb.in/hyderabad/types-of-shirts-for-men/
6130,good cafe in bangalore,9900,27,23,$0.05,10,28,https://lbb.in/bangalore/cafes-where-you-can-work-with-free-wifi/
6131,golconda fort visit timings,9900,57,20,$0,1,20,https://lbb.in/hyderabad/golconda-fort-hyderabad/
6132,forum mall near me,9900,46,20,$0,14,12,https://lbb.in/bangalore/mall/forum-neighbourhood-mall-bangalore/
6133,fisherman's wharf cavelossim,390,20,50,$0,1,20,https://lbb.in/goa/eat-here-in-south-goa-c45637/
6134,charminar market,9900,1,3009,$0.03,1,25,https://lbb.in/hyderabad/budget-shopping-charminar-sunday-market-hyderabad/
6135,calcutta club,9900,20,50,$0.05,3,23,https://lbb.in/kolkata/calcutta-club-bhowanipore-for-heritage/
6136,cafes kochi,9900,48,20,$0.04,5,26,https://lbb.in/bangalore/must-visit-cafes-in-kochi/
6137,cafe in kochi,9900,43,20,$0.04,5,23,https://lbb.in/bangalore/must-visit-cafes-in-kochi/
6138,best perfume for men india,9900,47,20,$0.14,100,14,https://lbb.in/all/perfumes-for-men-buy-online/
6139,beer india,9900,26,26,$0,1,13,https://lbb.in/bangalore/homegrown-indian-beer-brands-you-need-to-try/
6140,beer brand in india,9900,21,42,$0,1,21,https://lbb.in/bangalore/homegrown-indian-beer-brands-you-need-to-try/
6141,beachside resort in chennai,9900,50,20,$0.18,68,28,https://lbb.in/chennai/beach-resorts-chennai/
6142,basil with a twist chennai,9900,20,50,$0.15,3,22,https://lbb.in/chennai/basil-with-a-twist-european-restaurant-tnagar-chennai/
6143,bannerghatta zoo park timings,12100,21,50,$0,1,28,https://lbb.in/bangalore/bannerghatta-biological-park/
6144,baking shop,9900,23,26,$0.16,3,21,https://lbb.in/kolkata/buy-baking-supplies-kolkata/
6145,bachan's dhaba,12100,16,74,$0.08,1,22,https://lbb.in/kolkata/bachans-dhaba-5cc72e/
6146,athleisure,9900,53,20,$0.30,70,32,https://lbb.in/goa/post/athleisure/
6147,amusement parks in hyderabad,12100,51,20,$0.36,5,10,https://lbb.in/hyderabad/amusement-parks-hyderabad/
6148,amusement park in hyd,12100,63,20,$0.07,6,32,https://lbb.in/hyderabad/amusement-parks-hyderabad/
6149,10th floor,9900,43,20,$0.14,3,19,https://lbb.in/places/TTF-The-Tenth-Floor-baner-2ce911/
6150,earth cafe waterfield,9900,10,334,$0.26,4,19,https://lbb.in/mumbai/earth-cafe-waterfield-305e71/
6151,dune eco village,9900,26,23,$0.17,46,23,https://lbb.in/chennai/the-dune-eco-village-9c4764/
6152,dream valley,9900,19,74,$0.15,5,22,https://lbb.in/hyderabad/dream-valley-resort/
6153,deluxe restaurant,9900,27,23,$0.07,3,23,https://lbb.in/mumbai/deluxe-in-bkc/
6154,closest beach near me,9900,62,20,$0.06,3,21,https://lbb.in/bangalore/beaches-near-bangalore/
6155,butterfly high nesco,9900,48,20,$0.45,2,23,https://lbb.in/mumbai/butterfly-high-bkc/
6156,china town in kolkata,9900,28,23,$0.14,1,23,https://lbb.in/kolkata/five-unforgettable-experiences-chinatown/
6157,champagne cost in india,9900,7,464,$0,1,12,https://lbb.in/mumbai/sparkling-wines-inr-2000/
6158,catlee momos,9900,67,20,$0.51,4,29,https://lbb.in/delhi/chalte-firte-momos-and-special-foods-e55e38/
6159,cafes delhi,9900,19,55,$0.04,4,22,https://lbb.in/delhi/post/cafes/
6160,butterfly trampoline park sinhgad road pune,9900,40,20,$0.23,3,21,https://lbb.in/pune/trampoline-park-pune/
6161,best k drama netflix,9900,43,20,$0.03,1,45,https://lbb.in/all/romantic-korean-dramas-netflix/
6162,zumba near me,9900,10,334,$0.08,14,22,https://lbb.in/mumbai/zumba-classes-post-work/
6163,suspense thriller movie hindi,9900,37,20,$0,1,28,https://lbb.in/all/best-suspense-thriller-movies/
6164,st francis xavier cathedral,9900,31,20,$0.16,5,35,https://lbb.in/bangalore/st-francis-xaviers-cathedral-0c0e90/
6165,smaaash dwarka,9900,71,20,$0.14,6,16,https://lbb.in/delhi/smaaash-fc67fa/
6166,shankaraa foundation,9900,25,32,$0.19,6,16,https://lbb.in/bangalore/shankaraa-79789a/
6167,shahrukh khan bungalow mannat,9900,8,963,$0,1,27,https://lbb.in/mumbai/mannat-bandra/
6168,sagar restaurant rajajinagar,9900,11,195,$0.14,1,19,https://lbb.in/bangalore/mango-milkshake-sagar-hotel-rajajinagar/
6169,project karjat,9900,18,58,$0.08,18,26,https://lbb.in/pune/project-karjat/
6170,prainha resort by the sea,12100,42,20,$0.24,59,21,https://lbb.in/goa/prainha-resort-by-the-sea-dona-paula/
6171,places to see sri lanka,9900,44,20,$0.33,25,47,https://lbb.in/all/places-to-see-sri-lanka/
6172,places to see in ratnagiri,9900,20,42,$0.40,1,19,https://lbb.in/all/ratnagiri-places-to-see/
6173,phantom cigarette,9900,32,20,$0.01,1,27,https://lbb.in/delhi/phantom-sweet-cigarettes-delivery-delhi/
6174,pet boarding near me dogs,9900,9,464,$0.34,33,18,https://lbb.in/mumbai/pet-boarding-in-mumbai/
6175,pali village bandra west,9900,18,55,$0.08,1,19,https://lbb.in/mumbai/pali-village-cafe-bandra/
6176,ordering beer online,9900,69,20,$0,1,14,https://lbb.in/delhi/alcohol-home-delivery-gurgaon/
6177,online comics reader,9900,68,20,$0.95,1,65,https://lbb.in/mumbai/read-comics-online-free/
6178,oily skin serum,9900,64,20,$0.06,99,15,https://lbb.in/all/best-serum-for-oily-skin/
6179,oil cleanser,14800,59,20,$0.14,100,53,https://lbb.in/all/best-cleansing-oil/
6180,near me sports bar,8100,8,464,$0.06,5,20,https://lbb.in/bangalore/sports-bars-bangalore/
6181,megacity mall gurgaon,9900,25,22,$0.24,4,19,https://lbb.in/delhi/things-to-do-mgf-metropolitan-mall/
6182,mannat of shahrukh khan,9900,7,1603,$0.14,4,24,https://lbb.in/mumbai/mannat-bandra/
6183,mannat home of shahrukh khan,9900,8,963,$0,1,23,https://lbb.in/mumbai/mannat-bandra/
6184,marine drive near me,9900,31,20,$0.04,1,35,https://lbb.in/mumbai/restaurants-marine-drive/
6185,mall at thane,9900,40,20,$0.02,6,21,https://lbb.in/mumbai/malls-in-thane/
6186,lake park,9900,50,20,$0.22,1,20,https://lbb.in/bangalore/rachenahalli-lake-park-north-bangalore/
6187,laa unico,9900,21,50,$0.18,2,19,https://lbb.in/pune/laa-unico-vegetarian-italian-restaurant-pune/
6188,kolkata chinatown,9900,17,90,$0.14,1,23,https://lbb.in/kolkata/five-unforgettable-experiences-chinatown/
6189,kochi cafe,9900,38,20,$0.04,4,23,https://lbb.in/bangalore/must-visit-cafes-in-kochi/
6190,kitty su club,12100,16,90,$0.06,2,38,https://lbb.in/mumbai/the-studs-sports-bar-61f8d1/
6191,kalpana bridal studio,9900,29,20,$0.49,2,32,https://lbb.in/bangalore/kalpana-studio-sanctuary/
6192,j d honey,9900,37,20,$0,1,16,https://lbb.in/delhi/jack-daniels-new-price/
6193,ironhill cafe madhapur,8100,13,195,$0.15,5,19,https://lbb.in/hyderabad/spend-a-lovely-evening-in-9915db/
6194,home bakers near me,9900,7,652,$0.10,49,21,https://lbb.in/chennai/best-home-bakers-chennai/
6195,hari hara kala bhavan secunderabad,9900,9,195,$0.22,3,17,https://lbb.in/hyderabad/hari-hara-kala-bhavan/
6196,handmadelove,9900,15,74,$0.02,2,24,https://lbb.in/shop/m/handmadelove/
6197,good shirt brands for men,9900,61,20,$0.08,100,16,https://lbb.in/hyderabad/types-of-shirts-for-men/
6198,good online shopping sites,9900,23,26,$0.11,56,67,https://lbb.in/delhi/best-online-shopping-websites/
6199,good marathi movies,9900,24,23,$0.14,1,59,https://lbb.in/pune/best-marathi-movies/
6200,ganesh ghat,8100,13,253,$0.07,3,19,https://lbb.in/mumbai/ganesh-ghat-eb1f35/
6201,famous temple in delhi,9900,112,20,$0.04,1,40,https://lbb.in/delhi/best-temples-in-delhi/
6202,famous food karnataka,9900,65,20,$0,1,27,https://lbb.in/bangalore/uttara-karnataka-oota-a-heaven-19cd31/
6203,e readers,9900,51,20,$0.03,39,46,https://lbb.in/all/best-ereaders/
6204,dwarka sports complex,9900,13,90,$0.11,4,17,https://lbb.in/delhi/5-dwarka-sports-complex-6c1909/
6205,dune eco village and spa,9900,21,42,$0.17,46,23,https://lbb.in/chennai/the-dune-eco-village-9c4764/
6206,delhi kitty su,9900,17,74,$0.05,1,24,https://lbb.in/delhi/kitty-su-delhi/
6207,connaught club house,9900,7,464,$0.24,2,19,https://lbb.in/delhi/enjoy-at-the-new-clubhouse-3c8c34/
6208,bike rent kolkata,9900,55,20,$0.05,47,17,https://lbb.in/kolkata/rent-bike-kolkata/
6209,best site for shopping,9900,39,20,$0.11,56,67,https://lbb.in/delhi/best-online-shopping-websites/
6210,best shoe companies for men,9900,18,55,$0.06,100,15,https://lbb.in/bangalore/indian-shoe-brands-for-men/
6211,best men's footwear brands,9900,42,20,$0.06,100,25,https://lbb.in/bangalore/indian-shoe-brands-for-men/
6212,best home purifier,9900,102,20,$0.25,98,39,https://lbb.in/all/top-air-purifiers-to-buy-online/
6213,beer in india brands,9900,26,23,$0,1,16,https://lbb.in/bangalore/homegrown-indian-beer-brands-you-need-to-try/
6214,balwant singh kolkata,22200,9,334,$0.18,10,24,https://lbb.in/kolkata/balwant-singhs-eating-house-5bf96a/
6215,bagri market,9900,17,74,$0.11,1,32,https://lbb.in/places/Bagri-Market-kolkata-6c95f1/
6216,ayurveda products for skin care,9900,84,20,$0.29,26,31,https://lbb.in/delhi/6-ayurvedic-skin-care-products-to-stock-up-on-this-summer/
6217,alcove resort goa,12100,48,20,$0.24,31,21,https://lbb.in/goa/alcove-bar-restaurant-resort-vagator/
6218,ahilyadevi thali,9900,16,58,$0.11,1,23,https://lbb.in/pune/ahilyadevis-thali-restaurants-in-pune/
6219,adidas factory outlet,14800,8,652,$1.68,14,22,https://lbb.in/pune/adidas-factory-outlet-baner-31f3a4/
6220,7 tombs park,9900,83,20,$0.08,5,25,https://lbb.in/hyderabad/qutb-shahi-tombs/
6221,woman pants types,9900,25,23,$0.02,96,20,https://lbb.in/all/types-of-pants-women/
6222,wines rose,9900,28,22,$0,1,20,https://lbb.in/all/best-homegrown-rose-wine/
6223,waterproof bag,12100,33,20,$0.03,98,51,https://lbb.in/mumbai/best-water-repellent-waterproof-backpacks/
6224,waari cafe,9900,8,334,$0.07,3,18,https://lbb.in/pune/waari-cafe-kothrud/
6225,veg hotels hyderabad,9900,40,20,$0.03,10,22,https://lbb.in/hyderabad/vegetarian-restaurants-hyderabad/
6226,uttara swami malai temple,14800,41,20,$0.01,1,21,https://lbb.in/delhi/uttara-swami-malai-temple-3ee90a/
6227,unlimited offer in pizza hut,9900,22,32,$0,1,24,https://lbb.in/mumbai/pizza-hut-offer/
6228,umesh dosa point seshadripuram,9900,9,464,$0.17,3,19,https://lbb.in/bangalore/go-to-umesh-dosa-point-b9be61/
6229,trouser types,9900,37,20,$0.02,28,21,https://lbb.in/hyderabad/types-of-pants-for-men/
6230,the druid garden bangalore karnataka,8100,25,22,$0.03,3,22,https://lbb.in/bangalore/sahakar-nagar-restaurants-druid-garden/
6231,tapola mahabaleshwar,8100,26,26,$0.09,9,14,https://lbb.in/pune/lake-tapola/
6232,surfing in mulki,9900,27,22,$0.19,6,14,https://lbb.in/bangalore/surf-schools-karnataka/
6233,stores 24/7,9900,10,334,$0.12,2,33,https://lbb.in/delhi/bunbutterchai-6706f6/
6234,hauz rani malviya nagar,9900,7,464,$0.08,3,19,https://lbb.in/delhi/hauz-rani-crockery-stunning-prices/
6235,green park market,9900,4,652,$0.08,1,22,https://lbb.in/delhi/green-park-hood-guide-food-spas/
6236,fisherman wharf cavelossim goa,9900,16,90,$0.10,7,24,https://lbb.in/goa/eat-here-in-south-goa-c45637/
6237,fisherman village resort,9900,18,58,$0.34,2,23,https://lbb.in/mumbai/an-amazing-weekend-getaway-resort-eefc50/
6238,ferns and petals pune,9900,22,42,$0.17,100,20,https://lbb.in/pune/ferns-n-petals-84ecd3/
6239,elahi luxury dining,9900,18,90,$0.09,2,21,https://lbb.in/kolkata/elahi-luxury-dining-park-circus/
6240,the glasshouse,9900,20,55,$0.76,1,23,https://lbb.in/hyderabad/the-glasshouse-on-the-ganges-996f97/
6241,tabula rasa jubilee hills,12100,34,20,$0.30,4,26,https://lbb.in/hyderabad/tabula-rasa-bfa1f2/
6242,suvidha complete family shop,9900,11,148,$0.24,5,25,https://lbb.in/mumbai/suvidha-dee82f/
6243,sutra gurgaon,9900,30,20,$0.11,3,22,https://lbb.in/delhi/sutra-gastropub-great-place-to-unwind-9db9c9/
6244,supreme trampoline park,12100,17,74,$0.06,4,26,https://lbb.in/hyderabad/supreme-sports-studio-c8ea4a/
6245,suit rental near me,9900,7,963,$0.13,21,17,https://lbb.in/bangalore/suits-for-rent-bangalore-for-men/
6246,sport lounge near me,8100,9,334,$0.07,5,20,https://lbb.in/bangalore/sports-bars-bangalore/
6247,spas in mumbai,9900,19,55,$0.50,78,39,https://lbb.in/mumbai/best-spas-in-mumbai/
6248,south park street cemetery location,12100,26,22,$0,11,12,https://lbb.in/kolkata/looking-for-an-unusual-spot-1ab4e0/
6249,ladies dress type,9900,13,148,$0.02,91,48,https://lbb.in/delhi/types-of-dresses/
6250,kondura beach,9900,13,253,$0.63,1,28,https://lbb.in/mumbai/peace-out-rocky-beach-lovers-head-to-kondura-beach/
6251,kinds of bags,9900,34,20,$0.03,40,27,https://lbb.in/bangalore/types-of-bags-every-woman-must-own/
6252,khaugalli near me,9900,11,253,$0.05,4,25,https://lbb.in/mumbai/khau-gallis-mumbai/
6253,kesari wada,9900,22,42,$0.06,3,18,https://lbb.in/pune/kesariwada-ganpati-1ee783/
6254,interior designers in delhi,9900,25,26,$0.66,33,17,https://lbb.in/delhi/best-interior-designers-delhi/
6255,intercontinental mumbai,9900,52,20,$0.13,52,36,https://lbb.in/mumbai/intercontinental-hotel-marine-drive-9d438a/
6256,south park street cemetery location,12100,26,22,$0,11,12,https://lbb.in/kolkata/looking-for-an-unusual-spot-1ab4e0/
6257,hauz rani malviya nagar,9900,7,464,$0.08,3,19,https://lbb.in/delhi/hauz-rani-crockery-stunning-prices/
6258,green park market,9900,4,652,$0.08,1,22,https://lbb.in/delhi/green-park-hood-guide-food-spas/
6259,fisherman wharf cavelossim goa,9900,16,90,$0.10,7,24,https://lbb.in/goa/eat-here-in-south-goa-c45637/
6260,fisherman village resort,9900,18,58,$0.34,2,23,https://lbb.in/mumbai/an-amazing-weekend-getaway-resort-eefc50/
6261,ferns and petals pune,9900,22,42,$0.17,100,20,https://lbb.in/pune/ferns-n-petals-84ecd3/
6262,elahi luxury dining,9900,18,90,$0.09,2,21,https://lbb.in/kolkata/elahi-luxury-dining-park-circus/
6263,royal calcutta golf club,9900,64,20,$0.11,3,33,https://lbb.in/places/Royal-Calcutta-Golf-Club-tollygunge-50399d/
6264,restaurant thailand near me,9900,12,253,$0.09,8,33,https://lbb.in/bangalore/thai-food-trail/
6265,resorts close to delhi,9900,10,195,$0.22,76,19,https://lbb.in/delhi/resorts-near-delhi-ncr/
6266,reception look,12100,9,652,$0.50,3,22,https://lbb.in/all/reception-look-bride/
6267,rbi monetary museum mumbai,9900,17,90,$0,1,23,https://lbb.in/mumbai/freshly-minted-currency/
6268,queensland ticket rate,9900,35,20,$0.45,1,16,https://lbb.in/chennai/queensland-f3bc98/
6269,primer for oily skin,9900,78,20,$0.03,99,39,https://lbb.in/all/primer-for-oily-skin/
6270,parel in mumbai,9900,77,20,$0.16,2,20,https://lbb.in/mumbai/locality/lower-parel-mumbai/
6271,opa bar and cafe sakinaka,9900,11,195,$0.09,2,19,https://lbb.in/mumbai/opa-bar-kitchen-sakinaka-63dfd5/
6272,neeti bagh club delhi,9900,11,148,$0.21,4,19,https://lbb.in/delhi/neeti-bagh-club-650f5c/
6273,national gallery of modern art mumbai,9900,65,20,$0.39,15,40,https://lbb.in/mumbai/national-gallery-of-modern-art/
6274,mizo diner,9900,11,195,$0.06,1,23,https://lbb.in/delhi/mizo-diners/
6275,mi restaurant,9900,12,195,$0.04,2,21,https://lbb.in/delhi/devour-dilli-style-mi-food-centre/
6276,mapusa market mapusa goa,9900,4,3009,$0,1,19,https://lbb.in/goa/mapusa-market-five-reasons/
6277,mapusa market in goa,9900,5,3009,$0,1,12,https://lbb.in/goa/mapusa-market-five-reasons/
6278,mannat home shahrukh khan,9900,9,652,$0,1,22,https://lbb.in/mumbai/mannat-bandra/
6279,list of movies of allu arjun,9900,52,20,$0,1,38,https://lbb.in/hyderabad/top-allu-arjun-movies/
6280,sarathi socio cultural trust bangalore,9900,7,253,$0,2,31,https://lbb.in/bangalore/sarathi-koramangala-durga-puja-95f5d7?utm_source=twitter&utm_campaign=shareFromWeb&utm_medium=share
6281,deepak talkies,9900,5,652,$0.19,3,21,https://lbb.in/mumbai/deepak-cinema-oldie-but-a-goodie/
6282,deepak cinema,9900,5,1603,$0.17,4,22,https://lbb.in/mumbai/deepak-cinema-oldie-but-a-goodie/
6283,craft beer,9900,55,20,$0.04,1,37,https://lbb.in/hyderabad/craft-beers-which-should-not-ed261f/
6284,cafe trofima,8100,11,253,$0.09,3,19,https://lbb.in/mumbai/hungry-and-lost-in-shivaji-park-try-cafe-trofima-out/
6285,cafe 555,8100,17,74,$0,1,25,https://lbb.in/hyderabad/cafe-555-haleem-masab-tank/
6286,bubble tea near me,12100,10,334,$0.31,4,10,https://lbb.in/delhi/bubble-tea-places/
6287,boardwalk by flamboyante,9900,13,195,$0.08,1,20,https://lbb.in/mumbai/boardwalk-by-flamboyante-83fb54/
6288,cafe di milano,9900,9,334,$0.10,2,21,https://lbb.in/delhi/dwarka-just-got-a-dreamy-4bc021/
6289,best shoes company for men,9900,37,20,$0.06,100,43,https://lbb.in/bangalore/indian-shoe-brands-for-men/
6290,best hair mask,9900,85,20,$0.09,99,30,https://lbb.in/all/best-hair-masks/
6291,best coffee shops in bangalore,9900,65,20,$0.05,12,26,https://lbb.in/bangalore/cafes-where-you-can-work-with-free-wifi/
6292,best biryani places in chennai,9900,15,90,$0.06,4,25,https://lbb.in/chennai/best-biryani-places-in-chennai/
6293,best air purifier for home,9900,71,20,$0.25,98,39,https://lbb.in/delhi/top-air-purifiers-to-buy-online/
6294,beeyoung brewgarden,8100,19,50,$0.15,3,20,https://lbb.in/places/BeeYoung-Brewgarden-malviya-nagar-3f3946/
6295,bee young brew garden,9900,39,20,$0.11,3,22,https://lbb.in/places/BeeYoung-Brewgarden-malviya-nagar-3f3946/
6296,beaches near hyderabad,9900,28,22,$0.12,1,20,https://lbb.in/hyderabad/beaches-around-hyderabad/
6297,bannerghatta national park bangalore timings,12100,33,20,$0,1,15,https://lbb.in/bangalore/bannerghatta-biological-park/
6298,bamboo bazar,9900,10,464,$0.29,5,18,https://lbb.in/bangalore/bamboo-bazaar-6a4539/
6299,bamanbudo waterfall,9900,21,55,$0.04,1,21,https://lbb.in/goa/bamanbudo-waterfalls-d8081e/
6300,bake house cafe,9900,17,74,$0.11,3,21,https://lbb.in/mumbai/the-bake-house-cafe-a-4d298f/
6301,bagri market kolkata,9900,21,50,$0.11,1,32,https://lbb.in/places/Bagri-Market-kolkata-6c95f1/
6302,ayurvedic skincare product,6600,76,20,$0.35,11,62,https://lbb.in/delhi/6-ayurvedic-skin-care-products-to-stock-up-on-this-summer/
6303,ayurvedic skin care lines,9900,63,20,$0.29,26,48,https://lbb.in/delhi/6-ayurvedic-skin-care-products-to-stock-up-on-this-summer/
6304,august kranti maidan mumbai,9900,10,464,$0.20,4,21,https://lbb.in/mumbai/august-kranti-maidan-9918d5/
6305,anand lok,9900,23,42,$0.09,4,10,https://lbb.in/delhi/locality/anand-lok-delhi/
6306,24 x 7 petrol pump near me,9900,8,652,$0.01,1,24,https://lbb.in/pune/24-7-petrol-pumps-in-pune/
6307,types of dresses,8100,15,159,$0.02,8,33,https://lbb.in/delhi/types-of-dresses/
6308,tourist places hubli,8100,21,26,$0.03,3,16,https://lbb.in/bangalore/places-to-visit-around-hubli/
6309,tiles for stairs,8100,45,17,$0.22,16,20,https://lbb.in/all/stair-tiles-design/
6310,tennis instructor near me,8100,6,788,$0.19,4,14,https://lbb.in/chennai/tennis-classes-in-chennai/
6311,stylish kurti designs,14800,20,45,$0.05,98,47,https://lbb.in/all/types-of-kurtis/
6312,zoo in chennai city,8100,18,60,$0.12,1,21,https://lbb.in/chennai/list-of-zoos-in-chennai/
6313,yak kitchen,8100,21,41,$0.13,6,22,https://lbb.in/bangalore/yak-kitchen-brigade-road/
6314,saddest bollywood movies,8100,19,41,$0,1,40,https://lbb.in/all/sad-bollywood-movies/
6315,resorts near mumbai maharashtra,8100,63,17,$0.22,91,24,https://lbb.in/mumbai/escape-5-luxury-resorts-near-mumbai-getaway/
6316,renting lehenga near me,8100,16,73,$0.09,18,21,https://lbb.in/delhi/wedding-clothes-on-rent/
6317,rang roop,8100,16,45,$0.18,18,16,https://lbb.in/chennai/rang-roop-ethnic-wear-store-anna-nagar-chennai/
6318,pune fc road restaurants,8100,15,159,$0.06,8,24,https://lbb.in/pune/the-vegetable/
6319,pubs in kolkata,8100,21,34,$0.05,1,25,https://lbb.in/kolkata/post/bars-and-nightlife/
6320,places to see in india in july,8100,60,17,$0.19,11,17,https://lbb.in/all/places-to-visit-in-july/
6321,park for dogs,8100,16,207,$0.20,2,34,https://lbb.in/kolkata/dog-friendly-parks-south-kolkata/
6322,paper shop,8100,14,159,$0.02,13,19,https://lbb.in/bangalore/rajasthan-paper-agencies-bangalore/
6323,panache the rental boutique,6600,26,18,$0.59,3,28,https://lbb.in/pune/panache-cbf8b1/
6324,orion mall shops,8100,16,45,$0.36,1,16,https://lbb.in/bangalore/top-stores-in-shop-orion-mall/
6325,noor mohammadi hotel,8100,26,21,$0.03,2,21,https://lbb.in/mumbai/noor-mohammadi-hotel-a42ebb/
6326,new year eve movies,8100,22,26,$0,1,54,https://lbb.in/delhi/new-years-movies/
6327,neora valley national park,8100,22,34,$0,1,29,https://lbb.in/kolkata/neora-valley-national-park-red-panda-rhododendrons-lava-kalimpong-darjeeling/
6328,neelankarai chennai tamil nadu,6600,56,17,$0.19,5,21,https://lbb.in/chennai/neelankarai-beach/
6329,naru,8100,23,26,$0,1,29,https://lbb.in/bangalore/naru-noodle-bar-order-ramen-online/
6330,nagarbhavi bengaluru karnataka,6600,54,17,$0.11,5,24,https://lbb.in/bangalore/locality/nagarbhavi-bangalore/
6331,mysore auditorium,8100,24,26,$0.14,4,19,https://lbb.in/places/Mysore-Association-Auditorium-matunga-6177be/
6332,moti nagar in delhi,8100,69,17,$0.29,2,20,https://lbb.in/delhi/locality/moti-nagar-delhi/
6333,malgudi farms,8100,28,17,$0.22,28,21,https://lbb.in/bangalore/malgudi-farm-resort/
6334,malayalam a film list,8100,15,91,$0,1,27,https://lbb.in/all/best-malayalam-movies/
6335,makalidurga trekking,8100,51,17,$0.03,1,34,https://lbb.in/bangalore/a-makalidurga-trek-19bad5/
6336,maa tara restaurant new delhi delhi,5400,11,159,$0.22,2,19,https://lbb.in/delhi/maa-tara-cr-park/
6337,long kurti on jeans,8100,7,533,$0.01,97,28,https://lbb.in/all/kurti-jeans-outfits/
6338,lip balm for pigmented lips,8100,41,17,$0.06,100,25,https://lbb.in/all/lip-pigmentation/
6339,kalkaji mandir timings,8100,73,17,$0,1,14,https://lbb.in/delhi/kalkaji-mandir-fcc419/
6340,kalkaji mandir delhi timings,8100,79,17,$0,1,12,https://lbb.in/delhi/kalkaji-mandir-fcc419/
6341,the bay view,8100,17,60,$0.25,2,21,https://lbb.in/mumbai/the-bayview-hotel-marine-83fb57/
6342,tap resto bar sakinaka,8100,37,17,$0.08,3,22,https://lbb.in/mumbai/tap-resto-bar-bandra-andheri-eae0c8/
6343,statement earrings,8100,34,17,$0.05,98,18,https://lbb.in/all/statement-earrings-guide/
6344,sports bra for heavy breast,8100,26,26,$0.09,100,19,https://lbb.in/all/best-sports-bra-for-heavy-breast/
6345,spas in bandra mumbai,8100,17,73,$0.66,70,25,https://lbb.in/mumbai/best-spas-in-mumbai/
6346,south indian bridal wedding sarees,8100,21,34,$0.01,98,19,https://lbb.in/all/south-indian-bridal-saree-looks/
6347,snowing in india,8100,22,34,$0.01,1,19,https://lbb.in/mumbai/best-places-for-snowfall-india/
6348,skateboarding rink,8100,16,121,$0.14,2,10,https://lbb.in/bangalore/best-skate-parks-bangalore/
6349,shoe world,8100,11,207,$0.06,3,19,https://lbb.in/pune/shoe-world-b359a7/
6350,rooftop restaurants pune,8100,18,60,$0.05,13,27,https://lbb.in/pune/rooftop-restaurants-pune/
6351,restaurants in pune fc road,8100,16,91,$0.07,6,22,https://lbb.in/pune/the-vegetable/
6352,restaurants in fc road pune,8100,17,73,$0.07,6,23,https://lbb.in/pune/the-vegetable/
6353,restaurant in rajouri garden delhi,8100,20,41,$0.02,3,20,https://lbb.in/delhi/restaurants-in-rajouri/
6354,handbags good brands,8100,29,17,$0.07,99,25,https://lbb.in/mumbai/buy-bags-mumbai-shopping/
6355,grape winery,9900,81,17,$0,1,34,https://lbb.in/pune/vineyards-near-pune/
6356,gold souk,9900,50,17,$1.24,21,27,https://lbb.in/places/Dubai-Gold-Souk-a08878/
6357,fortune cookies,8100,56,17,$0.03,5,44,https://lbb.in/mumbai/customized-fortune-cookies/
6358,fortune cookie,8100,58,17,$0.04,12,48,https://lbb.in/mumbai/customized-fortune-cookies/
6359,females only gym near me,8100,7,788,$0.07,10,36,https://lbb.in/kolkata/ladies-gyms-kolkata/
6360,female dress names,6600,20,34,$0.01,23,37,https://lbb.in/delhi/types-of-dresses/
6361,farid seekh kabab center,9900,10,273,$0.07,3,22,https://lbb.in/mumbai/farid-seekh-kabab-centre-behram-6d73b1/
6362,espresso coffee martini,8100,97,17,$0,1,66,https://lbb.in/delhi/coffee-cocktail-espresso-martini-recipe/
6363,durga puja pandal kolkata,9900,12,273,$0,1,7,https://lbb.in/kolkata/9-best-pujo-pandals-south-kolkata/
6364,dresses names for ladies,6600,19,47,$0.01,23,20,https://lbb.in/delhi/types-of-dresses/
6365,downtown south point mall,8100,39,17,$0.10,4,28,https://lbb.in/delhi/south-point-mall-shopping-guide/
6366,delhi lansdowne distance,8100,81,17,$0,1,18,https://lbb.in/delhi/delhi-to-landsdowne/
6367,delhi best chole bhature,8100,65,17,$0.03,3,22,https://lbb.in/delhi/best-chole-bhature-delhi/
6368,dance club in kolkata,8100,8,533,$0.01,1,25,https://lbb.in/kolkata/best-discos-in-kolkata/
6369,craving junction,6600,28,18,$0.48,2,22,https://lbb.in/places/Crave-Junction-kandivali-east-e409d7/
6370,community parties,6600,18,47,$0,1,49,https://lbb.in/mumbai/post/community-groups/
6371,krishna's dosa kadai,8100,37,17,$0.07,4,19,https://lbb.in/chennai/eight-feet-dosa-annachi-dosa-kadai/
6372,katra neel chandni chowk delhi,8100,10,207,$0.14,3,26,https://lbb.in/delhi/katra-neel-65fd18/
6373,kasturba road,8100,15,73,$0.22,5,20,https://lbb.in/bangalore/locality/kasturba-road-bangalore/
6374,just dogs,12100,17,73,$0.49,99,51,https://lbb.in/pune/just-dogs/
6375,jio world drive bandra kurla complex bandra east mumbai maharashtra,8100,18,41,$1.15,2,24,https://lbb.in/mumbai/shopping-jio-world-drive-mall-guide/
6376,jd whisky price in delhi,8100,6,533,$0,1,15,https://lbb.in/delhi/jack-daniels-new-price/
6377,itc classic golf and country club,8100,18,45,$0.12,4,25,https://lbb.in/delhi/K3vj339/
6378,indian chocolate brands,8100,31,17,$0.16,36,21,https://lbb.in/all/best-homegrown-chocolate-brands/
6379,imli sarai,8100,42,17,$0.16,3,31,https://merchant.lbb.in/merchant/business-details/Imli-Sarai-banjara-hills-a37fb0
6380,hotel mahadeshwara mylari original famous mysore mylari dosa,8100,53,17,$0.18,3,28,https://lbb.in/bangalore/mylari-dosa-at-original-hotel-vinayaka-mylari-mysore/
6381,hotel abode mumbai,8100,46,17,$0.44,41,22,https://lbb.in/mumbai/abode-hotel-in-fort/
6382,himalaya book store,8100,7,788,$0.02,2,19,https://lbb.in/hyderabad/himalaya-book-world-bcc81c/
6383,hair perfume,8100,55,17,$0.11,100,22,https://lbb.in/all/best-hair-perfumes/
6384,good eye cream for dark circles,8100,56,17,$0.09,100,41,https://lbb.in/delhi/best-under-eye-creams/
6385,goa feni drink,8100,16,91,$0.21,1,11,https://lbb.in/goa/best-feni-brands/
6386,best man salon near me,14800,8,533,$0.12,19,37,https://lbb.in/hyderabad/mens-salon-hyderabad/
6387,bbq nation buffet price,8100,20,34,$0.11,1,34,https://lbb.in/mumbai/barbeque-nation-buffet/
6388,bars in mumbai bandra,8100,36,17,$0.03,1,20,https://lbb.in/mumbai/post/bars-and-nightlife?locality=bandra-west-mumbai
6389,barbeque nation hebbal,6600,39,17,$0.26,5,16,https://lbb.in/bangalore/barbeque-nation/
6390,backpacker hostel,8100,36,17,$0.46,12,27,https://lbb.in/delhi/backpacker-hostels-in-delhi/
6391,assam bhawan chanakyapuri,8100,9,207,$0.18,3,19,https://lbb.in/delhi/assam-bhavan-e9e789/
6392,artistry cafe,8100,23,26,$0.14,1,22,https://lbb.in/mumbai/this-cafe-in-khar-is-3cb6f8/
6393,art painting classes near me,9900,7,788,$0.08,10,32,https://lbb.in/chennai/art-classes-chennai/
6394,army and navy stores near me,6600,12,159,$0.03,3,35,https://lbb.in/bangalore/army-surplus-stores-in-shivajinagar/
6395,amoeba church street,4400,21,41,$0.27,1,28,https://lbb.in/bangalore/amoeba-bowling-alley-arcade-centre-church-street/
6396,amir mahal,8100,39,17,$0.08,4,20,https://go.lbb.in/J4XkZjooPSb
6397,8th day cafe,8100,20,41,$0.04,2,23,https://lbb.in/kolkata/8th-day-cafe-delivery-coffee/
6398,dabba mumbai,8100,19,45,$0.44,1,34,https://lbb.in/mumbai/diet-tiffin-service-mumbai/
6399,clubs bangalore,8100,22,34,$0.05,3,37,https://lbb.in/bangalore/best-places-to-go-clubbing-in-bangalore/
6400,chichabas taj,6600,10,273,$0.18,3,21,https://lbb.in/bangalore/chichabas-taj-is-now-rebranded-c9a7fe/
6401,cheap bars near me,8100,5,533,$0.05,6,23,https://lbb.in/delhi/budget-alcohol-bars-delhi/
6402,calcutta temple,8100,32,17,$0.08,1,16,https://lbb.in/kolkata/temples-in-kolkata-to-visit/
6403,broken bridge cafe indian restaurant,8100,16,73,$0.18,3,21,https://lbb.in/chennai/broken-bridge-cafe/
6404,branded t shirt brands,8100,47,17,$0.04,100,33,https://lbb.in/delhi/shop-graphic-slogan-tshirts-online/
6405,brand of vodka in india,8100,32,17,$0,1,12,https://lbb.in/all/best-vodka-brands/
6406,bombay coffee house,8100,12,207,$0.06,4,19,https://lbb.in/mumbai/bombay-coffee-house-eng-breakfast/
6407,biggest mall in delhi,8100,15,60,$0.03,2,27,https://lbb.in/delhi/best-malls-delhi-ncr/
6408,best speaker,8100,68,17,$0.03,93,61,https://lbb.in/all/best-bluetooth-speaker/
6409,best period pads,8100,49,17,$0.04,99,20,https://lbb.in/all/types-of-menstrual-pads/
6410,best eye cream for dark circles,8100,100,17,$0.09,100,31,https://lbb.in/delhi/best-under-eye-creams/
6411,best exfoliating scrub for face,8100,60,17,$0.08,99,44,https://lbb.in/all/best-exfoliating-scrub/
6412,bengali restaurants in south kolkata,8100,27,21,$0.03,7,20,https://lbb.in/kolkata/bengali-restaurant-in-kolkata/
6413,bengal durga puja pandal,8100,20,34,$0,1,27,https://lbb.in/bangalore/durga-pujo-pandal-bangalore/
6414,beach near bangalore,8100,66,17,$0.04,1,16,https://lbb.in/bangalore/beaches-near-bangalore/
6415,august cafe khar,8100,29,17,$0.25,4,21,https://lbb.in/mumbai/visit-august-anytime-during-the-fb52b7/
6416,women's dresses names,6600,20,34,$0.01,23,28,https://lbb.in/delhi/types-of-dresses/
6417,wines bar,8100,18,73,$0,1,19,https://lbb.in/mumbai/the-wine-rack/
6418,wayanad silverwoods,8100,28,17,$0.08,37,32,https://lbb.in/bangalore/wayanad-silverwoods-1b69db/
6419,vitamins to increase hair growth,8100,82,17,$0.19,98,30,https://lbb.in/all/vitamins-for-hair-growth/
6420,vb bakery,8100,27,19,$0.13,3,22,https://lbb.in/bangalore/vb-bakery-e98353/
6421,true black coffee,8100,35,17,$0.03,8,25,https://lbb.in/places/True-Black-Speciality-Coffee-jubilee-hills-42d612/
6422,tennis classes near me,8100,8,533,$0.22,5,14,https://lbb.in/chennai/tennis-classes-in-chennai/
6423,soul space spirit centro mall,22200,6,273,$0.21,17,16,https://lbb.in/bangalore/things-to-do-at-central-soulspace-spirit-mall-bellandur/
6424,shopping websites,8100,33,17,$0.21,37,85,https://lbb.in/delhi/best-online-shopping-websites/
6425,self drive car in chennai,8100,66,17,$0.24,49,34,https://lbb.in/chennai/self-drive-cars-in-chennai/
6426,skating rink,8100,17,121,$0.14,2,23,https://lbb.in/chennai/best-skater-parks-in-chennai/
6427,shopping area,8100,8,533,$0.07,3,24,https://lbb.in/chennai/best-street-shopping-places-in-chennai/
6428,seashell havelock,8100,19,41,$0.28,40,20,https://lbb.in/bangalore/seashell-resort-havelock/
6429,science park chinchwad,22200,15,91,$0,9,22,https://lbb.in/pune/pimpri-chinchwad-science-park/
6430,sad movies bollywood,8100,15,60,$0,1,29,https://lbb.in/all/sad-bollywood-movies/
6431,review for makeup artist,8100,29,17,$0.20,1,8,https://lbb.in/delhi/best-makeup-artists-in-delhi/
6432,rama krishna restaurant,14800,13,159,$0.25,8,21,https://lbb.in/pune/40-year-old-restaurant-ram-krishna-serves-500-customers-day/
6433,raju gari thota hotel,9900,26,21,$0,1,21,https://lbb.in/hyderabad/rajugari-thota-cf193f/
6434,race circuits near me,8100,23,19,$0.03,1,19,https://lbb.in/chennai/MMRT-race-track-Irungattukottai-chennai/
6435,q by tonique,6600,20,41,$0.24,4,11,https://lbb.in/hyderabad/q-by-tonique/
6436,pubs kolkata,8100,22,34,$0.05,1,24,https://lbb.in/kolkata/post/bars-and-nightlife/
6437,pubs in goa,8100,52,17,$0.07,11,24,https://lbb.in/goa/10-best-pubs-in-goa/
6438,price of jack daniels delhi,8100,7,379,$0,1,12,https://lbb.in/delhi/jack-daniels-new-price/
6439,pottery classes near me,8100,6,1312,$0.45,4,9,https://lbb.in/mumbai/pottery-classes-mumbai/
6440,popular men's fragrances,8100,36,17,$0.11,98,32,https://lbb.in/all/perfumes-for-men-buy-online/
6441,places to visit in the month of july in india,8100,73,17,$0.19,11,18,https://lbb.in/all/places-to-visit-in-july/
6442,places to visit in chittorgarh,8100,12,121,$0.19,6,24,https://lbb.in/all/chittorgarh-sightseeing-places/
6443,pimpri science park,8100,14,73,$0,1,21,https://lbb.in/pune/pimpri-chinchwad-science-park/
6444,peach lipstick,6600,53,17,$0.04,98,26,https://lbb.in/mumbai/peach-lipstick-shades-for-indian-skin-tones/
6445,park dogs,8100,12,273,$0.20,2,16,https://lbb.in/hyderabad/dogs-park-necklace-road-hyderabad/
6446,papaya modern asian bistro,6600,48,17,$0.12,3,20,https://lbb.in/kolkata/papaya-park-street-for-luxury-pan-asian/
6447,odhni pitampura nishant kunj,8100,17,41,$0.57,5,20,https://lbb.in/places/Odhni-pitampura-ec4fc2/
6448,nearest tea shops,8100,6,379,$0.06,4,19,https://lbb.in/bangalore/tea-cafes-bangalore/
6449,navi mumbai tourist attractions,8100,21,34,$0.08,2,19,https://lbb.in/mumbai/places-to-visit-navi-mumbai/
6450,movie list malayalam,8100,20,34,$0,1,46,https://lbb.in/all/best-malayalam-movies/
6451,mooch marod,8100,16,91,$0.36,6,20,https://lbb.in/bangalore/mooch-marod-biggest-paratha-bangalore-whitefield/
6452,mma training classes near me,8100,13,121,$0.09,11,25,https://lbb.in/mumbai/mma-classes-mumbai/
6453,men's perfume eau de parfum,9900,31,17,$0.06,76,32,https://lbb.in/all/perfumes-for-men-buy-online/
6454,melukote in karnataka,8100,45,17,$0,1,19,https://lbb.in/bangalore/melukote-temples-south-karnataka/
6455,mahabelly saket,6600,26,21,$0.22,3,22,https://lbb.in/delhi/mahabelly-kerala-cuisine-delhi-restaurant/
6456,maa tara restaurant delhi,5400,18,47,$0.22,2,23,https://lbb.in/delhi/maa-tara-cr-park/
6457,lipstick peach color,6600,46,17,$0.03,98,24,https://lbb.in/mumbai/peach-lipstick-shades-for-indian-skin-tones/
6458,laxmi nagar market,8100,6,379,$0.14,1,26,https://lbb.in/delhi/Laxmi-nagar-women-shopping/
6459,laundromat near me,8100,8,273,$0.27,24,32,https://lbb.in/delhi/laundromats-in-the-city-wash-dry-clean-clothes-fold/
6460,lalbagh botanical garden timings,8100,76,17,$0,1,7,https://lbb.in/bangalore/lal-bagh-botanical-garden-bangalore/
6461,lake palace hotel in udaipur,8100,22,34,$0.68,7,51,https://lbb.in/mumbai/lake-palace-hotel-udaipur-6626d1/
6462,kolkata durga puja pandals,8100,11,533,$0,1,26,https://lbb.in/kolkata/9-best-pujo-pandals-south-kolkata/
6463,katra neel,8100,8,533,$0.14,3,19,https://lbb.in/delhi/katra-neel-65fd18/
6464,kaju feni,8100,19,45,$0,1,39,https://lbb.in/goa/best-feni-brands/
6465,irani cafe koregaon park,8100,21,41,$0.67,4,19,https://lbb.in/pune/the-irani-cafe-91b7c4/
6466,india's best power bank,8100,44,17,$0.05,99,47,https://lbb.in/delhi/best-power-bank/
6467,house of shahrukh khan,8100,7,788,$0,1,23,https://lbb.in/mumbai/mannat-bandra/
6468,house of idlies,8100,55,17,$0.32,3,23,https://lbb.in/chennai/best-idlis-chennai/
6469,home of shahrukh khan,8100,9,533,$0,1,22,https://lbb.in/mumbai/mannat-bandra/
6470,himur heshel,8100,28,18,$0.18,1,21,https://lbb.in/places/Himur-Heshel-garia-f4e19a/
6471,drive thru movie near me,8100,12,159,$0.02,1,20,https://lbb.in/chennai/Prarthana-Beach-Drive-in-Theatre-ecr-chennai/
6472,dabba in mumbai,8100,22,34,$0.44,1,33,https://lbb.in/mumbai/tiffin-services-in-mumbai/
6473,circuit track near me,8100,23,19,$0.03,1,68,https://lbb.in/chennai/MMRT-race-track-Irungattukottai-chennai/
6474,cavatina by avinash martins,6600,39,17,$0.11,2,15,https://lbb.in/goa/cavatina-cucina-best-goan-restaurant/
6475,cafe colaba,8100,20,45,$0.04,3,24,https://lbb.in/mumbai/post/food-and-restaurants?locality=colaba-mumbai
6476,cafe andora,8100,22,34,$0.07,3,22,https://lbb.in/mumbai/andoras-bandra/
6477,hogenakkal falls near me,6600,103,17,$0.05,1,24,https://lbb.in/bangalore/mothers-day-lunch-brunch-bangalore/
6478,historical places karnataka,8100,42,17,$0,1,15,https://lbb.in/bangalore/historical-places-north-karnataka/
6479,heights rooftop restaurant,8100,42,17,$0.05,2,23,https://lbb.in/chennai/rooftop-dining-793440/
6480,hauz khas district park,8100,43,17,$0.08,3,19,https://lbb.in/delhi/deer-park-hauz-khas/
6481,handbag good brands,8100,40,17,$0.07,99,35,https://lbb.in/mumbai/buy-bags-mumbai-shopping/
6482,gurukripa sion,8100,20,45,$0.19,1,30,https://lbb.in/mumbai/guru-kripa-sion-9f3286/
6483,good power bank in india,8100,49,17,$0.04,100,54,https://lbb.in/delhi/best-power-bank/
6484,golf courses near me,8100,11,207,$0.09,2,20,https://lbb.in/delhi/golf-courses-delhi-ncr/
6485,formal office wear for women,9900,31,17,$0.04,98,34,https://lbb.in/delhi/formal-ideas-office-wear-for-women/
6486,foo town,8100,10,207,$1.19,3,22,https://lbb.in/mumbai/foo-town-churchgate-a41559/
6487,feni drink goa,8100,10,273,$0.06,1,25,https://lbb.in/goa/best-feni-brands/
6488,feather touch,6600,35,17,$0.14,2,21,https://lbb.in/mumbai/feather-touch-ceramics-crockery/
6489,espresso for martini,8100,88,17,$0,1,59,https://lbb.in/delhi/coffee-cocktail-espresso-martini-recipe/
6490,cars museum,8100,29,18,$0.28,2,42,https://lbb.in/pune/subhash-sanas-vintage-car-museum-in-pune/
6491,calcutta durga puja pandal,8100,11,379,$0,1,27,https://lbb.in/kolkata/9-best-pujo-pandals-south-kolkata/
6492,cafe military,8100,7,379,$0.20,4,24,https://lbb.in/mumbai/military-cafe-fort/
6493,best furniture stores near me,8100,32,17,$0.16,77,31,https://lbb.in/bangalore/best-furniture-stores-in-town/
6494,best anti wrinkle cream,8100,76,17,$0.14,100,30,https://lbb.in/hyderabad/best-anti-aeging-creams/
6495,angana the courtyard,8100,38,17,$0.17,7,19,https://lbb.in/bangalore/angana-country-inn-kanakapura-road-7d0b2b/
6496,ampm kolkata,8100,39,17,$0.45,2,23,https://lbb.in/kolkata/best-bars-in-kolkata/
6497,agent jack's baner,8100,11,207,$0.18,3,20,https://lbb.in/pune/agent-jacks-baner-6cefde/
6498,adyar restaurants,8100,19,41,$0.05,7,21,https://lbb.in/chennai/best-restaurants-in-adyar-chennai/
6499,7 plates,8100,24,41,$0.13,4,21,https://lbb.in/bangalore/gohereeatthis-chicken-roll-7-plates-kammanahalli-rt-nagar-benson-town/
6500,6th avenue restobar,8100,34,17,$0.25,3,19,https://lbb.in/chennai/6th-avenue-pub/
6501,öz by kebapçi,6600,11,207,$0.14,2,21,https://lbb.in/bangalore/oz-by-kebapci-turkish-breakfast/
6502,cricket club,12100,5,1312,$0.21,1,22,https://lbb.in/mumbai/best-cricket-clubs-in-mumbai/
6503,creaticity mall,9900,18,41,$0.74,7,20,https://lbb.in/pune/-fcca28/
6504,conçu begumpet,8100,9,273,$0.17,4,19,https://lbb.in/hyderabad/concu-begumpet-d85a12/
6505,coffee house mumbai,8100,38,17,$0.06,4,21,https://lbb.in/mumbai/best-coffee-places-mumbai/
6506,clean fanatics,8100,21,41,$0.10,27,31,https://lbb.in/bangalore/clean-fanatic-6c246b/
6507,clean fanatic,8100,23,34,$0.11,24,24,https://lbb.in/bangalore/clean-fanatic-6c246b/
6508,camp in pune,8100,15,91,$0.19,4,25,https://lbb.in/pune/best-summer-camps-in-pune/
6509,cafe mrp new delhi delhi,8100,8,273,$0.10,2,19,https://lbb.in/delhi/cafe-mrp-affordable-food-drinks/
6510,cafe military fort,8100,4,533,$0.17,3,22,https://lbb.in/mumbai/military-cafe-fort/
6511,buffet in chennai,8100,34,17,$0.10,6,22,https://lbb.in/chennai/best-buffets-in-chennai/
6512,brands of vodka in india,8100,20,41,$0,1,18,https://lbb.in/all/best-vodka-brands/
6513,brand of chocolate in india,8100,32,17,$0.14,34,41,https://lbb.in/all/best-homegrown-chocolate-brands/
6514,bora bora bazar,8100,5,788,$0.15,3,25,https://lbb.in/mumbai/bora-bazaar-paper-street-mumbai/
6515,birthday outfit,8100,20,34,$0.07,98,50,https://lbb.in/delhi/birthday-outfit-ideas/
6516,best spa massage near me,9900,17,60,$0.31,49,22,https://lbb.in/bangalore/best-spas-in-bangalore-across-budgets/
6517,bengali restaurant at kolkata,8100,34,17,$0.03,6,25,https://lbb.in/kolkata/bengali-restaurant-in-kolkata/
6518,bengali food restaurants in kolkata,8100,31,17,$0.03,6,21,https://lbb.in/kolkata/bengali-restaurant-in-kolkata/
6519,kicks on grass bellandur,8100,6,533,$0.14,6,19,https://lbb.in/bangalore/kicks-on-grass-d48afd/
6520,karnataka bhel house,8100,14,91,$0.05,3,21,https://lbb.in/bangalore/online-delivery-karnataka-bhel-house/
6521,karate classes,9900,15,159,$0.06,1,19,https://lbb.in/mumbai/kick-high-karate-classes-in-mumbai-post-work/
6522,kalkaji temple timings,8100,56,17,$0,1,10,https://lbb.in/delhi/kalkaji-mandir-fcc419/
6523,kakatiya mess,8100,19,47,$0.04,1,21,https://lbb.in/hyderabad/andhra-meals-kakatiya-deluxe-mess-ameerpet/
6524,justdogs,9900,21,38,$0.59,94,62,https://lbb.in/pune/just-dogs/
6525,just kerala mumbai,6600,18,47,$0.12,2,18,https://lbb.in/mumbai/just-kerala-food-a29f37/
6526,indoor flowers plants,8100,20,73,$0.02,98,28,https://lbb.in/all/indoor-flower-plants/
6527,how to use serum in facial,8100,63,17,$0.12,13,30,https://lbb.in/delhi/how-to-use-face-serum/
6528,hindi good comedy movies,8100,44,17,$0,1,32,https://lbb.in/all/best-bollywood-comedy-movies/
6529,hill road market,8100,4,2462,$0.22,1,20,https://lbb.in/mumbai/hill-road-bandra/
6530,higginbothams pvt ltd,8100,48,17,$0.16,5,24,https://lbb.in/bangalore/higginbothams-bookstore-bangalore/
6531,gurgaon mg road,9900,40,17,$0.20,1,23,https://lbb.in/delhi/locality/mg-road-gurgaon/
6532,grey pant and shirt combination,8100,32,17,$0.01,23,17,https://lbb.in/delhi/formal-pant-shirt-combination/
6533,grant road mumbai maharashtra,6600,32,17,$0.18,2,21,https://lbb.in/delhi/things-to-do-in-grant-road-hood-guide/
6534,yes minister delhi,8100,10,273,$0.20,7,19,https://lbb.in/delhi/yes-minister-new-future-bowl-essex/
6535,trèsind mumbai,8100,63,17,$0.09,2,28,https://lbb.in/mumbai/modernist-indian-food-at-its-e1bb22/
6536,top 10 korean dramas,8100,32,17,$0,1,44,https://lbb.in/all/romantic-korean-dramas-netflix/
6537,tilyar lake,8100,41,17,$0.17,2,21,https://lbb.in/delhi/tilyar-lake-80c09b/
6538,the little door,8100,36,17,$0.17,3,19,https://lbb.in/mumbai/cute-little-blue-ambience-7a2ccd/
6539,temple in calcutta,8100,36,17,$0.08,1,22,https://lbb.in/kolkata/temples-in-kolkata-to-visit/
6540,sunburn music festival,8100,39,17,$0,1,41,https://lbb.in/delhi/sunburn-festival-66c723/
6541,sports bras big bust,8100,58,17,$0.08,100,36,https://lbb.in/all/best-sports-bra-for-heavy-breast/
6542,sports bra for bigger bust,9900,54,17,$0.06,100,21,https://lbb.in/all/best-sports-bra-for-heavy-breast/
6543,silver beach juhu mumbai,6600,12,207,$0.07,3,22,https://lbb.in/mumbai/silver-beach-in-mumbai/
6544,shirt brand name,8100,46,17,$0.04,75,22,https://lbb.in/hyderabad/types-of-shirts-for-men/
6545,south city mall restaurants,8100,16,73,$0.07,1,28,https://lbb.in/kolkata/south-city-mall-for-restaurants/
6546,shoe palace,8100,13,121,$0.10,2,23,https://lbb.in/delhi/shoe-palace-7ea278/
6547,science city timings,9900,74,17,$0,1,35,https://lbb.in/kolkata/science-city-kolkata/
6548,santiniketan india,6600,20,41,$0.18,4,37,https://lbb.in/kolkata/things-to-do-shantiniketan/
6549,salon men,8100,12,207,$0.31,6,22,https://lbb.in/delhi/best-mens-salon-spa-delhi/
6550,salim ali bird sanctuary,8100,29,17,$0,1,7,https://lbb.in/goa/salim-ali-bird-sanctuary/
6551,sainikpuri cafe,8100,17,121,$0.02,7,21,https://lbb.in/hyderabad/this-cafe-in-sainikpuri-is-47b91b/
6552,rent to ramp,4400,49,17,$0,4,16,https://lbb.in/delhi/looking-for-designer-wear-on-4acb1a/
6553,ras luxury,8100,38,17,$0.24,100,23,https://lbb.in/places/RAS-Luxury-Oils-6fb87b/
6554,race circuit near me,8100,46,17,$0.04,1,23,https://lbb.in/chennai/MMRT-race-track-Irungattukottai-chennai/
6555,purse best brand,8100,51,17,$0.08,99,30,https://lbb.in/mumbai/buy-bags-mumbai-shopping/
6556,pune museums,8100,5,1312,$0.05,2,21,https://lbb.in/pune/museums-in-pune/
6557,pocharam wildlife sanctuary,8100,21,34,$0,1,24,https://lbb.in/hyderabad/pocharam-reservoir-wildlife-1e70ee/
6558,places in araku,8100,73,17,$0.23,1,20,https://lbb.in/all/places-to-see-araku/
6559,phool mandi delhi,8100,11,273,$0.07,4,18,https://lbb.in/delhi/ghazipur-flower-mandi/
6560,park dog park,8100,27,26,$0.17,3,19,https://lbb.in/kolkata/dog-friendly-parks-south-kolkata/
6561,park dog,8100,45,17,$0.17,3,29,https://lbb.in/mumbai/pet-parks/
6562,papaya bkc,8100,17,60,$0.13,2,23,https://lbb.in/mumbai/pa-pa-ya-bkc/
6563,one o eight lifestyle cafe,8100,9,273,$0.40,2,23,https://lbb.in/pune/one-o-eight-cafe-35cda8/
6564,om book store,8100,19,47,$0.10,5,18,https://lbb.in/delhi/om-book-shop-e77c8c/
6565,ojaswi himalayan resort,9900,44,17,$0.17,33,20,https://lbb.in/places/Ojaswi-Himalayan-Resort-mukteshwar-3d51e1/
6566,new thippasandra main road,8100,6,533,$0.18,6,19,https://lbb.in/bangalore/hood-guide-budget-shopping-eating-new-thippasandra/
6567,navi mumbai places to see,8100,21,34,$0.08,2,23,https://lbb.in/mumbai/places-to-visit-navi-mumbai/
6568,movies list malayalam,8100,28,17,$0,1,37,https://lbb.in/all/best-malayalam-movies/
6569,ministry of beer delhi,6600,21,41,$0,1,25,https://lbb.in/delhi/misintry-of-beer-microbrewery-cp/
6570,milan dhaba hyderabad,8100,16,73,$0.11,4,24,https://lbb.in/places/Milan-Dhaba-gundlapochampally-b373b2/
6571,men's avenue,8100,21,34,$0.22,4,39,https://lbb.in/pune/mens-avenue-d4c515/
6572,melukote karnataka,8100,45,17,$0.03,1,24,https://lbb.in/bangalore/melukote-temples-south-karnataka/
6573,mani bhavan,8100,43,17,$0.33,5,34,https://lbb.in/mumbai/mani-bhavan-mahatma-gandhi-mumbai/
6574,long lasting lipstick,8100,47,17,$0.05,99,25,https://lbb.in/bangalore/best-long-lasting-lipsticks/
6575,lepakshi temple road,8100,14,91,$0,1,19,https://lbb.in/bangalore/lepakshi-temple-where-each-9cb9e2/
6576,lebanese food,8100,29,18,$0.11,1,21,https://lbb.in/mumbai/lebanese-restaurants-in-mumbai/
6577,kolkata durga puja pandal,22200,10,273,$0,1,11,https://lbb.in/kolkata/9-best-pujo-pandals-south-kolkata/
6578,kitchen door design,8100,42,17,$0.52,1,21,https://lbb.in/all/kitchen-door-design/
6579,wine bar shop,6600,12,159,$0,1,20,https://lbb.in/hyderabad/best-wine-shops/
6580,whisky samba hyderabad,8100,29,17,$0,1,22,https://lbb.in/delhi/whisky-samba-cocktails-desserts/
6581,villa shanti hotel pondicherry,8100,29,17,$0.35,32,25,https://lbb.in/bangalore/heritage-villa-shanti-pondicherry/
6582,villa shanti,8100,37,17,$0.19,53,36,https://lbb.in/bangalore/heritage-villa-shanti-pondicherry/
6583,vb bakery vv puram,8100,23,26,$0.15,3,28,https://lbb.in/bangalore/vb-bakery-e98353/
6584,valluvar kottam monument,8100,45,17,$0.14,6,29,https://lbb.in/chennai/valluvar-kottam-monument-nungambakkam-chennai/
6585,usha ascot matheran hotels,8100,40,17,$0.31,36,20,https://lbb.in/pune/usha-ascot-hotel-matheran/
6586,type dress,8100,11,159,$0.02,12,55,https://lbb.in/delhi/types-of-dresses/
6587,travel companies in bangalore,9900,26,19,$0.25,39,24,https://lbb.in/bangalore/travel-companies-bangalore/
6588,track race near me,8100,38,17,$0.03,1,26,https://lbb.in/chennai/MMRT-race-track-Irungattukottai-chennai/
6589,top malayalam movies,8100,7,379,$0,1,39,https://lbb.in/all/best-malayalam-movies/
6590,good resorts in hyderabad,27100,43,17,$0.12,95,42,https://lbb.in/hyderabad/best-resorts-hyderabad/
6591,giani di hatti,8100,9,159,$0.19,1,22,https://lbb.in/delhi/head-to-chandni-chowk-for-5d1854/
6592,feni liquor goa,8100,11,207,$0.06,1,20,https://lbb.in/goa/best-feni-brands/
6593,farzi cafe new delhi,8100,10,159,$0.13,1,35,https://lbb.in/delhi/farzi-cafe-connaught-place/
6594,eklavya sports academy,8100,72,17,$0.12,3,13,https://lbb.in/bangalore/sports-academies-bangalore/
6595,durga puja pandal in kolkata,9900,10,533,$0,1,7,https://lbb.in/kolkata/9-best-pujo-pandals-south-kolkata/
6596,drive thru theater near me,8100,15,91,$0.02,1,56,https://lbb.in/chennai/Prarthana-Beach-Drive-in-Theatre-ecr-chennai/
6597,drive in beach,6600,25,34,$0.07,1,39,https://lbb.in/chennai/drive-your-car-on-the-beach-kerala-thalassery/
6598,don hill station in gujarat,8100,10,273,$0,1,19,https://lbb.in/pune/don-hill-station-49d5f8/
6599,don hill station,8100,11,273,$0,1,38,https://lbb.in/pune/don-hill-station-49d5f8/
6600,dine hill,8100,16,73,$0.05,1,29,https://lbb.in/hyderabad/dine-hill-masab-tank/
6601,delhi events today,8100,43,17,$0.04,19,57,https://lbb.in/delhi/events-in-delhi/
6602,best vodka in india,8100,18,47,$0,1,17,https://lbb.in/all/best-vodka-brands/
6603,best chole bhature in delhi,8100,67,17,$0.02,4,26,https://lbb.in/delhi/best-chole-bhature-delhi/
6604,benki coffee,8100,24,26,$0.15,5,14,https://lbb.in/bangalore/benkis-4174d1/
6605,basanti kapde aur koffee,8100,27,21,$0.12,100,17,https://lbb.in/delhi/join-us-exclusive-lunch-new-basanti-kapde-aur-koffee-outlet-meherchand/
6606,artsy coffee & culture,8100,28,18,$0,3,21,https://lbb.in/kolkata/artsy-cafe-7b77c2/
6607,amoeba pic,8100,47,17,$0,1,31,https://lbb.in/mumbai/gaming-activities-in-mumbai/
6608,alibaug ferry,8100,28,17,$0.05,7,10,https://lbb.in/mumbai/car-ferry-service-mumbai-alibaug/
6609,airbnbs in india,8100,15,91,$0.20,9,19,https://lbb.in/delhi/10-best-airbnb-in-india-weekend/
6610,8th day cafe & bakery kolkata,8100,21,34,$0.03,2,24,https://lbb.in/kolkata/8th-day-cafe-delivery-coffee/
6611,7 plates bangalore,8100,18,47,$0.13,4,21,https://lbb.in/bangalore/gohereeatthis-chicken-roll-7-plates-kammanahalli-rt-nagar-benson-town/
6612,resto bar bangalore,8100,12,379,$0.04,15,35,https://lbb.in/bangalore/budget-bars-bangalore/
6613,rajouri restaurant,8100,14,121,$0.04,4,22,https://lbb.in/delhi/restaurants-in-rajouri/
6614,pubs chennai,8100,21,41,$0.60,2,21,https://lbb.in/chennai/best-nightclubs-and-pubs-in-chennai/
6615,popular brands shoes,8100,38,17,$0.06,94,28,https://lbb.in/bangalore/indian-shoe-brands-for-men/
6616,pondicherry villa shanti,8100,23,21,$0.31,31,24,https://lbb.in/bangalore/heritage-villa-shanti-pondicherry/
6617,pocharam sanctuary,8100,47,17,$0,1,24,https://lbb.in/hyderabad/pocharam-reservoir-wildlife-1e70ee/
6618,place to visit in chittorgarh,8100,31,17,$0.02,4,28,https://lbb.in/all/chittorgarh-sightseeing-places/
6619,pet friendly cafes near me,6600,10,159,$0,4,8,https://lbb.in/bangalore/pet-friendly-cafes-bangalore?ref=lbbpost
6620,period tracking apps,8100,44,17,$0.24,21,71,https://lbb.in/all/period-tracker-apps/
6621,pastry corner,6600,26,17,$0.21,1,24,https://lbb.in/delhi/pastry-corner-a0180a/
6622,park prime kolkata,6600,50,15,$0.24,25,20,https://lbb.in/kolkata/park-prime-hotel-kolkata/
6623,pappi chulo,8100,18,34,$0.41,8,22,https://lbb.in/goa/pappi-chulo-hostel-goa/
6624,noor mohammadi mumbai,8100,28,18,$0.04,2,21,https://lbb.in/mumbai/noor-mohammadi-hotel-a42ebb/
6625,national gallery of modern art new delhi,8100,30,17,$0.39,2,51,https://lbb.in/delhi/national-gallery-of-modern-art-new-delhi/
6626,mister merchant,6600,27,18,$0.07,3,23,https://lbb.in/pune/mister-merchant-kalyani-nagar/
6627,metro timing,9900,77,17,$0.01,1,31,https://go.lbb.in/xzP16GAmVXb
6628,mangala kalyana mantapa lawn,8100,8,207,$0.16,7,17,https://lbb.in/places/Mangala-Kalyana-Mantapa-Lawn-koramangala-a6f974/
6629,malayalam movies list,12100,26,18,$0,1,16,https://lbb.in/all/best-malayalam-movies/
6630,malayalam cinema list,9900,25,18,$0,1,54,https://lbb.in/all/best-malayalam-movies/
6631,malayalam a movies list,8100,17,73,$0,1,30,https://lbb.in/all/best-malayalam-movies/
6632,malayalam a films list,9900,25,19,$0,1,55,https://lbb.in/all/best-malayalam-movies/
6633,makeup artist review,6600,29,17,$1.07,1,26,https://lbb.in/delhi/best-makeup-artists-in-delhi/
6634,madhuloka liquor boutique,8100,22,34,$0,1,22,https://lbb.in/bangalore/madhuloka-dc72c8/
6635,long stay lipstick,8100,28,19,$0.05,99,42,https://lbb.in/bangalore/long-lasting-lipstick-video-maybelline-mac-huda-beauty/
6636,lonavala cafes,8100,41,17,$0.02,3,26,https://lbb.in/pune/cafe-24-lonavala/
6637,lonavala cafe,8100,36,17,$0.02,3,22,https://lbb.in/pune/cafe-24-lonavala/
6638,ling's pavilion colaba,8100,20,34,$0.18,2,25,https://lbb.in/mumbai/oldiebutagoodie-head-lings-pavilion-authentic-chinese-try-off-menu-dishes/
6639,lebo food,8100,20,73,$0.11,1,28,https://lbb.in/mumbai/lebanese-food-e20036/
6640,lalbaugcha raja address,8100,24,21,$0,1,15,https://lbb.in/mumbai/lalbaugcha-raja-9bd0bb/
6641,ladies dress name,6600,17,45,$0.01,23,34,https://lbb.in/delhi/types-of-dresses/
6642,kitchen lights,8100,15,73,$0.03,97,40,https://lbb.in/all/kitchen-lighting/
6643,kicks on grass,8100,8,273,$0.14,6,21,https://lbb.in/bangalore/kicks-on-grass-d48afd/
6644,khazana food paradise,6600,19,45,$0.15,4,21,https://lbb.in/bangalore/khazana-food-paradise/
6645,khandani pakode wala,8100,60,17,$0.05,2,22,https://lbb.in/delhi/enjoy-your-monsoon-with-delicious-3da62f/
6646,kalaripayattu near me,8100,11,273,$0.04,5,14,https://lbb.in/bangalore/kalaripayattu-classes-bangalore/
6647,kalakad tiger reserve,8100,42,17,$0,1,36,https://lbb.in/chennai/kalakad-mundanthurai-tiger-reserve-tamil-nadu-chennai/
6648,just kerala,6600,18,45,$0.16,1,34,https://lbb.in/mumbai/just-kerala-chakala-c2eeed/
6649,jubilee wine spot,8100,14,91,$0,1,19,https://lbb.in/places/Jubilee-Wine-Spot-jubilee-hills-09aab7/
6650,jehan numa retreat,8100,20,34,$0.13,33,33,https://lbb.in/bangalore/bhopal-jehan-numa-retreat/
6651,jagdish market hyd,8100,11,207,$0,1,21,https://lbb.in/hyderabad/jagdish-market-151fa8/
6652,jack daniels delhi price,8100,3,1312,$0,1,12,https://lbb.in/delhi/jack-daniels-new-price/
6653,indian shoes brands list,8100,31,17,$0.15,100,29,https://lbb.in/bangalore/indian-shoe-brands-for-men/
6654,house of makeup,9900,32,17,$0.08,100,19,https://lbb.in/mumbai/buy-makeup-from-house-of-makeup/
6655,hotel park prime kolkata,6600,45,17,$0.24,25,20,https://lbb.in/kolkata/park-prime-hotel-kolkata/
6656,worli sea face garden,8100,11,207,$0.08,4,27,https://lbb.in/mumbai/worli-sea-face-mumbai/
6657,women's dresses name,6600,11,273,$0.01,23,33,https://lbb.in/delhi/types-of-dresses/
6658,women's dress name,6600,19,41,$0.01,23,33,https://lbb.in/delhi/types-of-dresses/
6659,wine shop bar,6600,23,34,$0,1,19,https://lbb.in/kolkata/shops-in-kolkata-for-wines/
6660,which men's fragrance is the best,8100,30,17,$0.08,98,53,https://lbb.in/all/perfumes-for-men-buy-online/
6661,wedding reception outfits for bride,8100,15,91,$0.04,98,22,https://lbb.in/all/reception-look-bride/
6662,wayanad silverwoods resorts,8100,43,17,$0.13,43,28,https://lbb.in/bangalore/wayanad-silverwoods/
6663,volleyball court near me,8100,8,379,$0.05,2,17,https://lbb.in/bangalore/volleyball-courts-bangalore/
6664,via bombay,8100,44,17,$0.09,2,20,https://go.lbb.in/Gxv4QkSbfZb
6665,under eye cream best,8100,55,17,$0.14,100,42,https://lbb.in/delhi/best-under-eye-creams/
6666,uclean,8100,12,121,$0.23,6,30,https://lbb.in/delhi/uclean-4169fa/
6667,top brands in handbags,8100,34,17,$0.07,100,18,https://lbb.in/mumbai/buy-bags-mumbai-shopping/
6668,things to do in kolkata,9900,46,17,$0.26,43,21,https://lbb.in/kolkata/things-to-do-kolkata/
6669,thin crust pizza,8100,45,17,$0.43,3,33,https://lbb.in/pune/thin-crust-pizzas-pune/
6670,the funnel hill creamery,8100,17,73,$0.09,3,21,https://lbb.in/hyderabad/funnel-hill-creamery-jubilee-hills-390e25/
6671,the country house kolkata,4400,10,207,$0.19,3,33,https://lbb.in/kolkata/country-house-elgin/
6672,the andheri recreation club,8100,47,17,$0.14,4,21,https://lbb.in/mumbai/andheri-sports-complex/
6673,the amazing escape escape room adventure,8100,20,34,$0.18,6,17,https://lbb.in/bangalore/amazing-escape-indiranagar/
6674,tequila brands,8100,16,60,$0,1,23,https://lbb.in/all/best-tequila-brands-experts/
6675,sunrise point near me,9900,34,17,$0.02,1,21,https://lbb.in/pune/best-sunset-spots-in-pune/
6676,sunburn concert,8100,20,34,$0,1,45,https://lbb.in/delhi/sunburn-festival-66c723/
6677,sun cream sensitive skin,8100,80,17,$0.07,95,29,https://lbb.in/all/sunscreen-for-sensitive-skin/
6678,strike bowling alley,8100,27,18,$0.07,3,21,https://lbb.in/hyderabad/strikes-b0bb07/
6679,stair tiles design,8100,30,17,$0.50,1,28,https://lbb.in/all/stair-tiles-design/
6680,sri someshwara swamy temple,8100,54,17,$0.32,2,17,https://lbb.in/bangalore/halasuru-someshwara-temple-3e7fb6/
6681,spice 6 the arab villagio,8100,31,17,$0.07,3,19,https://lbb.in/places/Spice-6-The-Arab-banjara-hills-7b50ab/
6682,sp road in bangalore,8100,2,2462,$0,1,28,https://lbb.in/bangalore/electronics-market-sp-road-nagarathpete-bangalore/
6683,smashers badminton academy,8100,21,34,$0.11,3,16,https://lbb.in/chennai/smasher-sports-academy-07bf1a/
6684,sky zone,9900,30,17,$0.10,3,21,https://lbb.in/hyderabad/skyzone-trampoline-park-vizag/
6685,skateboard rink,8100,21,47,$0.13,2,12,https://lbb.in/bangalore/best-skate-parks-bangalore/
6686,shaheed minar,8100,13,121,$0.11,2,37,https://lbb.in/kolkata/shaheed-minar-226003/
6687,seven barrel brewpub,8100,18,47,$0.15,4,21,https://lbb.in/delhi/7-barrel-brew-pub-6bea5e/
6688,sei vui restaurant,8100,17,60,$0.29,2,23,https://lbb.in/kolkata/new-chinese-eatery-chinatown/
6689,science city kolkata timing,8100,56,17,$0,1,24,https://lbb.in/kolkata/science-city-kolkata/
6690,same day delivery clothes,9900,17,41,$0.16,99,18,https://lbb.in/mumbai/russhh/
6691,sad hindi movie,8100,11,207,$0,1,29,https://lbb.in/all/sad-bollywood-movies/
6692,royal enfield garage cafe,8100,21,26,$0.12,5,23,https://lbb.in/goa/cool-new-garage-plus-cafe-us-revving-goa/
6693,restaurants madhapur hyderabad,8100,13,121,$0.04,12,20,https://lbb.in/hyderabad/restaurants-madhapur-metro/
6694,restaurants in fc road,8100,15,121,$0.07,6,23,https://lbb.in/pune/the-vegetable/
6695,hashery connaught place,8100,15,91,$0.28,3,21,https://lbb.in/delhi/the-coziest-hot-chocolate-nook-0c1bf3/
6696,haldiram model town,8100,24,19,$0.44,2,19,https://lbb.in/places/Haldirams-model-town-1-660df0/
6697,grand central mall,6600,30,17,$0.13,4,39,https://lbb.in/mumbai/mall/seawoods-grand-central-mumbai/
6698,goa resorts with private beach,14800,30,17,$0.20,100,40,https://lbb.in/goa/private-beach-goa-resorts/
6699,goa drink feni,8100,17,60,$0.06,1,25,https://lbb.in/goa/best-feni-brands/
6700,garba night,6600,12,207,$0,1,24,https://lbb.in/delhi/dandiya-nights-delhi-ncr/
6701,ganpati near me,6600,23,26,$0.02,1,21,https://lbb.in/mumbai/best-pandals-mumbai-ganeshotsav/
6702,fort mumbai maharashtra,8100,65,17,$0.12,4,20,https://lbb.in/mumbai/locality/fort-mumbai/
6703,forest hills tala,6600,19,41,$0.15,57,32,https://lbb.in/pune/forest-hills-at-tala-568398/
6704,feni drink in goa,8100,15,121,$0.06,1,22,https://lbb.in/goa/best-feni-brands/
6705,famous bakers,8100,34,17,$0.19,1,22,https://lbb.in/delhi/delhi-gurgaons-best-bakeries/
6706,exhibition in bangalore,8100,59,17,$0.43,2,25,https://lbb.in/bangalore/pop-ups-exhibitions-october-festival/
6707,dorabjee and sons pune,8100,28,17,$0.01,1,22,https://lbb.in/pune/dorabjee-and-sons-photostory-pune/
6708,cafe lakeside,8100,20,45,$0.18,1,20,https://lbb.in/delhi/head-to-this-lovely-cafe-be629c/
6709,cafe in colaba,8100,22,34,$0.04,3,29,https://lbb.in/mumbai/post/food-and-restaurants?locality=colaba-mumbai
6710,best rated eye cream for dark circles,8100,41,17,$0.10,100,31,https://lbb.in/delhi/best-under-eye-creams/
6711,best niacinamide serum,8100,63,17,$0.15,99,22,https://lbb.in/hyderabad/best-niacinamide-serums/
6712,best men's salon near me,12100,33,17,$0.30,13,12,https://lbb.in/delhi/best-mens-salon-spa-delhi/
6713,best handbags company,8100,42,17,$0.07,99,45,https://lbb.in/mumbai/buy-bags-mumbai-shopping/
6714,best gloss lipstick,6600,10,379,$0.05,98,33,https://lbb.in/delhi/best-lip-gloss/
6715,bergamo mall chennai shops,8100,7,273,$0.11,3,18,https://lbb.in/chennai/bergamo-luxury-mall-e375a1/
6716,bengali restaurants in kolkata,8100,32,17,$0.03,6,22,https://lbb.in/kolkata/bengali-restaurant-in-kolkata/
6717,bengali cuisine kolkata,8100,31,17,$0.03,6,32,https://lbb.in/kolkata/bengali-restaurant-in-kolkata/
6718,barbeque nation deccan,6600,35,17,$0.15,3,17,https://lbb.in/pune/barbeque-nation-pune/
6719,arun tea stall kolkata,8100,19,47,$0.26,3,22,https://lbb.in/kolkata/arun-tea-stall-571a60/
6720,arun tea stall,8100,19,60,$0.26,3,22,https://lbb.in/kolkata/wow-momo-8de570/
6721,area 83 photos,9900,32,17,$0.14,1,20,https://lbb.in/bangalore/stay-at-area-83-bangalore/
6722,apps for dating sites,8100,29,17,$0.38,39,89,https://lbb.in/bangalore/dating-apps-to-download/
6723,anokhi cafe jaipur,8100,44,17,$0.15,4,23,https://lbb.in/delhi/anokhi-cafe-6d1f97/
6724,8th day cafe kolkata,8100,22,34,$0.03,2,25,https://lbb.in/kolkata/8th-day-cafe-new-outlet-kolkata/
6725,dry skin primer,8100,52,17,$0.03,99,25,https://lbb.in/all/best-primers-dry-skin/
6726,dry frizzy hair shampoo,6600,45,17,$0.12,100,22,https://lbb.in/delhi/best-sulphate-free-shampoos-for-dry-frizzy-hair/
6727,distance from delhi to lansdowne uttarakhand,8100,49,17,$0,1,19,https://lbb.in/delhi/delhi-to-landsdowne/
6728,depot 48 delhi,8100,12,121,$0.14,3,18,https://lbb.in/delhi/depot48-now-open-gk/
6729,delhi best disco,8100,23,34,$0.06,3,23,https://lbb.in/delhi/night-club-in-delhi-with-free-entry/
6730,crossword kemps corner,8100,8,207,$0.09,6,19,https://lbb.in/mumbai/crossword-kemps-corner-mumbai/
6731,crave junction,6600,23,34,$0.48,2,22,https://lbb.in/places/Crave-Junction-kandivali-east-e409d7/
6732,cottage emporium,8100,18,73,$0.21,10,28,https://lbb.in/mumbai/cottage-emporium-a4cc4d/
6733,coffee shop in thane,8100,22,34,$0.03,1,23,https://lbb.in/mumbai/coffee-shops-thane/
6734,chanakyapuri delhi,8100,44,17,$0.32,2,23,https://lbb.in/delhi/things-to-do-in-chanakyapuri/
6735,cashew feni,8100,19,45,$0,1,22,https://lbb.in/goa/best-feni-brands/
6736,caffe italiano varkala,8100,24,21,$0.02,2,25,https://lbb.in/bangalore/varkala-plans-check-out-this-ef62b4/
6737,buffet hyderabad,8100,29,17,$0.07,7,29,https://lbb.in/hyderabad/best-buffets/
6738,bride south indian saree,8100,29,17,$0.01,98,25,https://lbb.in/all/south-indian-bridal-saree-looks/
6739,bollywood movie sad,8100,17,47,$0,1,43,https://lbb.in/all/sad-bollywood-movies/
6740,best lip shiner,8100,20,45,$0.05,100,35,https://lbb.in/all/best-lip-gloss/
6741,zostel mysore,8100,60,17,$0.31,42,19,https://go.lbb.in/Yyhd59FJm0b
6742,yusuf sarai market,8100,7,533,$0.02,1,19,https://lbb.in/delhi/locality/yusuf-sarai-delhi/
6743,uk's resort khopoli,8100,30,17,$0.14,15,19,https://lbb.in/mumbai/uks-resort-b76ab8/
6744,trippr gokarna beach hostel,8100,20,21,$0.32,24,20,https://lbb.in/bangalore/trippr-gokarna-hostel/
6745,tragic bollywood movies,8100,15,60,$0,1,28,https://lbb.in/all/sad-bollywood-movies/
6746,thippasandra main road,8100,8,273,$0.13,5,19,https://lbb.in/bangalore/hood-guide-budget-shopping-eating-new-thippasandra/
6747,things to do in bangkok thailand,8100,98,17,$0.18,100,32,https://lbb.in/all/things-to-see-in-bangkok/
6748,the little door restaurant,8100,14,47,$0.91,5,37,https://lbb.in/mumbai/sunday-brunch-a-lot-is-4ee7ff/
6749,the country house cafe,8100,20,34,$0.08,3,22,https://lbb.in/kolkata/country-house-elgin/
6750,temples in kolkata,8100,25,34,$0.02,1,19,https://lbb.in/kolkata/temples-in-kolkata-to-visit/
6751,sultans of spice koramangala,8100,18,47,$0.06,3,20,https://lbb.in/bangalore/sultans-of-spice-6f166e/
6752,stores in orion mall,8100,23,26,$0.28,1,17,https://lbb.in/bangalore/mall/orion-mall-malleswaram-bangalore/
6753,virat kohli restaurant,8100,13,207,$0.06,1,15,https://lbb.in/kolkata/virat-kohli-one8-commune-restaurant/
6754,pub kolkata,8100,39,17,$0.05,1,23,https://lbb.in/kolkata/pubs-in-kolkata-to-visit/
6755,price brandy,8100,17,47,$0,1,11,https://lbb.in/all/brandy-brands/
6756,pocharam wildlife,8100,21,34,$0,1,30,https://lbb.in/hyderabad/pocharam-reservoir-wildlife-1e70ee/
6757,places to visit hubli,8100,19,41,$0.03,3,18,https://lbb.in/bangalore/places-to-visit-around-hubli/
6758,phool mandi in delhi,8100,37,17,$0.06,3,16,https://lbb.in/delhi/ghazipur-flower-mandi/
6759,perfume shop,8100,12,207,$0.18,43,36,https://lbb.in/hyderabad/perfume-shops-hyderabad/
6760,parks for dog,8100,19,60,$0.20,2,38,https://lbb.in/kolkata/dog-friendly-parks-south-kolkata/
6761,park prime hotel,6600,47,17,$0.24,25,21,https://lbb.in/kolkata/park-prime-hotel-kolkata/
6762,panchapalli dam,8100,17,73,$0,1,29,https://lbb.in/bangalore/panchapalli-dam-33bd89/
6763,page 3 salon hyderabad,8100,34,17,$0.32,3,14,https://lbb.in/hyderabad/ganga-spa-296bab/
6764,nearest flower shop,6600,12,121,$0.14,33,22,https://lbb.in/hyderabad/best-flower-market/
6765,naivedyam restaurants,6600,16,73,$0.03,3,21,https://lbb.in/delhi/south-indian-food-naivedyam/
6766,south indian marriage saree,8100,26,19,$0.02,99,17,https://lbb.in/all/south-indian-bridal-saree-looks/
6767,sounds & spirits best night club,6600,32,17,$0.38,4,22,https://lbb.in/hyderabad/sounds-and-spirits-1cfa9c/
6768,soap football chennai,8100,12,121,$0.19,1,18,https://lbb.in/chennai/soap-football-nungambakkam-chennai/
6769,skates skating rink,8100,9,533,$0.14,2,28,https://lbb.in/chennai/best-skater-parks-in-chennai/
6770,sixteen 33 bandra,8100,36,17,$0,1,21,https://lbb.in/places/Sixteen-33-bandra-west-4dc3cf/
6771,short hair cut and style,8100,19,45,$0,1,26,https://lbb.in/mumbai/hairstyle-for-women-with-short-hair/
6772,shop for gamers,8100,87,17,$0.09,4,24,https://lbb.in/chennai/-c896ec/
6773,shiro,14800,21,34,$0,1,35,https://lbb.in/bangalore/unlimited-sushi-dimsum-shiro-995/
6774,sad movies hindi,8100,4,1312,$0,1,28,https://lbb.in/all/sad-bollywood-movies/
6775,sab ka club,8100,36,17,$0.08,1,27,https://lbb.in/kolkata/visit-sabka-club-in-topsia/
6776,restobar in bangalore,8100,23,34,$0.04,15,35,https://lbb.in/bangalore/budget-bars-bangalore/
6777,restaurants in salt lake,8100,12,159,$0.02,3,22,https://lbb.in/kolkata/restaurants-in-salt-lake-kolkata/
6778,restaurants in borivali,8100,16,60,$0.04,4,25,https://lbb.in/mumbai/best-restaurants-in-borivali/
6779,rental lehenga near me,8100,14,91,$0.08,16,18,https://lbb.in/delhi/wedding-clothes-on-rent/
6780,racing circuits near me,8100,40,17,$0.03,1,24,https://lbb.in/chennai/MMRT-race-track-Irungattukottai-chennai/
6781,mr pronto,8100,23,21,$0.26,4,19,https://lbb.in/delhi/mr-pronto-bag-shoe-spa/
6782,mani bhavan gandhi sangrahalaya,8100,40,17,$0.17,4,27,https://lbb.in/mumbai/mani-bhavan-mahatma-gandhi-mumbai/
6783,makalidurga trek,8100,45,17,$0.03,1,32,https://lbb.in/bangalore/a-makalidurga-trek-19bad5/
6784,madras hotel delhi,8100,13,159,$0.25,2,20,https://lbb.in/delhi/new-madras-hotel-southern-charm-lodhi-colony/
6785,madh jetty,8100,53,17,$0.10,4,22,https://lbb.in/mumbai/madh-island-travel-guide/
6786,kphb street shopping,8100,10,379,$0.24,5,20,https://lbb.in/hyderabad/kphb-street-shopping-ccd020/
6787,kmtr tiger reserve,8100,27,18,$0,1,17,https://lbb.in/chennai/kalakad-mundanthurai-tiger-reserve-tamil-nadu-chennai/
6788,noor mohammadi,8100,24,26,$0.08,2,19,https://lbb.in/mumbai/noor-mohammadi-hotel-a42ebb/
6789,national gallery of modern art new delhi delhi,8100,36,17,$0.42,5,44,https://lbb.in/delhi/national-gallery-of-modern-art-new-delhi/
6790,blanc the coffee place,8100,46,17,$0.09,2,25,https://lbb.in/mumbai/coffee-culture-a-place-fcd846/
6791,billu's hut,8100,20,45,$0.26,3,21,https://lbb.in/delhi/billus-hut-nsp-like-big-portions-cannot-lie/
6792,bharatiya vidya bhavan auditorium,8100,19,45,$0.11,5,16,https://lbb.in/places/Bharatiya-Vidhya-Bhavans-Auditorium-basheer-bagh-82e109/
6793,best vitamin supplements women,8100,52,17,$0.26,100,29,https://lbb.in/all/best-multivitamins-women/
6794,best under eye cream,8100,66,17,$0.10,100,55,https://lbb.in/delhi/best-under-eye-creams/
6795,best resorts at goa,9900,40,17,$0.32,100,44,https://lbb.in/goa/beach-resorts-in-goa/
6796,best menstruation pad,8100,48,17,$0.05,98,24,https://lbb.in/all/types-of-menstrual-pads/
6797,best comedy movies in hindi,8100,39,17,$0,1,27,https://lbb.in/all/best-bollywood-comedy-movies/
6798,best cafes in connaught place,8100,15,91,$0.03,3,21,https://lbb.in/delhi/best-cafes-in-cp/
6799,best air purifier,8100,56,17,$0.16,91,37,https://lbb.in/all/top-air-purifiers-to-buy-online/
6800,bengali restaurant in kolkata,9900,21,34,$0.12,5,9,https://lbb.in/kolkata/bengali-restaurant-in-kolkata/
6801,bathtub salt,8100,42,17,$0.10,95,32,https://lbb.in/bangalore/buy-bath-salts-on-lbb/
6802,bars in bandra west,8100,33,17,$0.03,1,21,https://lbb.in/mumbai/post/bars-and-nightlife?locality=bandra-west-mumbai
6803,bars in bandra mumbai,8100,33,17,$0.03,1,21,https://lbb.in/mumbai/post/bars-and-nightlife?locality=bandra-west-mumbai
6804,bannerghatta nature camp,8100,41,17,$0.11,21,19,https://lbb.in/bangalore/bannerghatta-nature-camp/
6805,b bhagat tarachand vashi,8100,36,17,$0.44,2,21,https://lbb.in/mumbai/sumptuous-home-style-food-5f1e94/
6806,assam bhawan new delhi,8100,11,91,$0.18,3,19,https://lbb.in/delhi/assam-bhavan-e9e789/
6807,arihant traders costume on hire and sale,8100,24,21,$0,1,22,https://lbb.in/bangalore/arihant-traders-costume-rentals-ashok-nagar/
6808,anime top 10 movies,8100,33,17,$0,1,70,https://lbb.in/all/best-anime-movies/
6809,anime movies top 10,8100,28,17,$0,1,79,https://lbb.in/all/best-anime-movies/
6810,animal welfare association,8100,75,17,$2.29,1,39,https://lbb.in/hyderabad/top-animal-shelters/
6811,alcohol delivery near me,8100,17,47,$0,1,21,https://lbb.in/pune/alcohol-home-delivery-in-pune/
6812,adidas factory store near me,8100,10,273,$0.06,12,21,https://lbb.in/pune/adidas-factory-outlet-baner-31f3a4/
6813,2 day trips from bangalore,8100,37,17,$0.07,21,28,https://lbb.in/bangalore/two-day-trips-from-bangalore/
6814,kasturba road bangalore,8100,14,91,$0.22,5,20,https://lbb.in/bangalore/locality/kasturba-road-bangalore/
6815,indian vodka brands,8100,26,18,$0,1,13,https://lbb.in/all/best-vodka-brands/
6816,india snow,8100,12,207,$0.01,1,39,https://lbb.in/mumbai/best-places-for-snowfall-india/
6817,hyperpigmentation serum,8100,53,17,$0.15,100,12,https://lbb.in/all/best-serum-hyperpigmentation/
6818,hyderabadi slang,4400,9,379,$0,1,24,https://lbb.in/hyderabad/hyderabadi-lingo-speak/
6819,how to use serum on face,8100,60,17,$0.12,13,32,https://lbb.in/all/how-to-use-face-serum/
6820,hope's cafe,8100,20,47,$0.15,3,22,https://lbb.in/kolkata/spaghetti-wraps-cakes-cafe-in-kolkata/
6821,historical landmarks near me,8100,29,19,$0.06,1,28,https://lbb.in/mumbai/mumbais-historical-places/
6822,harima japanese restaurant,8100,12,121,$0.12,4,21,https://lbb.in/bangalore/japanese-restaurant-harima-residency-road/
6823,hair cutter name,8100,20,45,$0,1,32,https://lbb.in/mumbai/hair-cut-salons/
6824,gymkhana club in chennai,8100,33,17,$0.16,3,35,https://lbb.in/chennai/madras-gymkhana-golf-annex-189a70/
6825,gymkhana club chennai,8100,31,17,$0.16,3,35,https://lbb.in/chennai/madras-gymkhana-golf-annex-189a70/
6826,guru kripa mumbai,8100,19,47,$0.10,1,25,https://lbb.in/mumbai/guru-kripa-sion-9f3286/
6827,goa beach resort with private beach,8100,23,34,$0.27,100,17,https://lbb.in/goa/private-beach-goa-resorts/
6828,games and restaurant,8100,22,26,$0.06,1,62,https://lbb.in/hyderabad/cafes-board-games/
6829,food vegetarian near me,8100,66,17,$0.08,9,42,https://lbb.in/delhi/vegetarian-restaurants-experimental-date/
6830,feel good movies malayalam,8100,15,47,$0,1,7,https://lbb.in/all/best-malayalam-movies/
6831,factory outlet adidas near me,8100,9,533,$0.09,15,29,https://lbb.in/pune/adidas-factory-outlet-baner-31f3a4/
6832,events in delhi ncr,8100,32,17,$0.16,14,37,https://lbb.in/delhi/events-in-delhi/
6833,espresso martini,8100,86,17,$0,1,51,https://lbb.in/delhi/coffee-cocktail-espresso-martini-recipe/
6834,durga puja pandal of kolkata,8100,12,273,$0,1,26,https://lbb.in/kolkata/9-best-pujo-pandals-south-kolkata/
6835,du bowl down under,8100,7,533,$0.21,3,29,https://lbb.in/chennai/down-under-bowling-alley-egmore-chennai/
6836,distance delhi to lansdowne,8100,75,17,$0,1,19,https://lbb.in/delhi/delhi-to-landsdowne/
6837,different types of dresses,8100,15,121,$0.02,8,20,https://lbb.in/delhi/types-of-dresses/
6838,deo for ladies,8100,104,17,$0.04,96,19,https://lbb.in/delhi/best-deodorants-for-women/
6839,delhi science museum,8100,34,17,$0,1,16,https://lbb.in/delhi/national-science-museum-delhi/
6840,dance night clubs near me,8100,12,159,$0.06,3,32,https://lbb.in/delhi/best-nightclubs-delhi/
6841,dance club kolkata,8100,9,379,$0.01,1,23,https://lbb.in/kolkata/best-discos-in-kolkata/
6842,city one mall,6600,5,533,$0.30,6,19,https://lbb.in/pune/mall/city-one-mall-pune/
6843,chunmun,8100,15,91,$0.12,38,20,https://lbb.in/delhi/chunmun-clothes-n-more-9fbfba/
6844,ceramic course near me,8100,5,2462,$0.14,5,17,https://lbb.in/delhi/pottery-classes-delhi-ncr/
6845,cafe rome,8100,16,60,$0.22,1,29,https://lbb.in/bangalore/cafe-rome-36451d/
6846,cafe blue mug,8100,10,207,$0.13,2,28,https://lbb.in/kolkata/blue-mug-cafe-jodhpur-park/
6847,buxa tiger reserve west bengal,8100,50,17,$0.02,1,34,https://lbb.in/kolkata/alipurduar-buxa-tiger-reserve/
6848,bridal reception outfit,8100,17,45,$0.02,97,19,https://lbb.in/all/reception-look-bride/
6849,book shops india,8100,20,34,$0.03,34,79,https://lbb.in/delhi/best-bookstores-delhi/
6850,boho rooftop restaurant & bar,8100,20,41,$0.06,3,20,https://lbb.in/bangalore/whitefield-folks-youll-love-this-c7b142/
6851,best brands of handbags,8100,35,17,$0.07,99,39,https://lbb.in/mumbai/buy-bags-mumbai-shopping/
6852,good vodka in india,8100,16,91,$0,1,16,https://lbb.in/all/best-vodka-brands/
6853,god's own country kitchen,6600,25,21,$0,1,27,https://lbb.in/bangalore/gods-own-cafe-kerala-food-koramangala/
6854,fox in the field,8100,12,207,$0.07,3,36,https://lbb.in/bangalore/fox-in-the-field-forum-shantiniketan-whitefield/
6855,fc road restaurant,8100,13,159,$0.07,6,24,https://lbb.in/pune/the-vegetable/
6856,famous biryani in hyderabad,8100,54,17,$0.03,2,22,https://lbb.in/hyderabad/biriyani-in-hyderabad/
6857,elephants and co,8100,26,19,$1.55,3,40,https://lbb.in/places/Elephant-Co-pune-486c13/
6858,effervescent tablet,8100,76,17,$0.16,67,29,https://lbb.in/shop/product/vitamin-c-effervescent-tablets-orange-flavour/
6859,dress types,8100,8,379,$0.02,12,53,https://lbb.in/delhi/types-of-dresses/
6860,dress type,8100,8,273,$0.02,12,54,https://lbb.in/delhi/types-of-dresses/
6861,dorabjee and sons,8100,26,17,$0.01,1,24,https://lbb.in/pune/dorabjee-sons-restaurant-f28088/
6862,daysie rr nagar all day casual bar,8100,45,17,$0.14,4,19,https://lbb.in/bangalore/daysie-all-day-casual-bar-mg-road/
6863,wayanad silverwoods resort,8100,42,17,$0.11,53,31,https://lbb.in/bangalore/wayanad-silverwoods/
6864,wafflesome in delhi,8100,16,73,$0.08,2,22,https://lbb.in/delhi/wafflesome-punjabi-bagh-waffles/
6865,uk resort khopoli,8100,35,17,$0.23,14,19,https://lbb.in/mumbai/uks-resort-b76ab8/
6866,tourist attractions in navi mumbai,8100,12,159,$0.08,2,19,https://lbb.in/mumbai/places-to-visit-navi-mumbai/
6867,top perfumes for men,8100,19,45,$0.11,98,27,https://lbb.in/all/perfumes-for-men-buy-online/
6868,top movies malayalam,8100,10,159,$0,1,36,https://lbb.in/all/best-malayalam-movies/
6869,sadashiv nagar,8100,36,17,$0.10,5,20,https://lbb.in/bangalore/locality/sadashiva-nagar-bangalore/
6870,rose syrup,8100,51,17,$0.01,96,13,https://lbb.in/shop/product/rose-syrup/
6871,places to visit in hubli,8100,19,41,$0.38,2,18,https://lbb.in/bangalore/places-to-visit-around-hubli/
6872,palm arabiana,8100,25,26,$0,1,21,https://lbb.in/hyderabad/-a7f512/
6873,palam vihar gurgaon,8100,43,17,$0.15,2,19,https://lbb.in/delhi/locality/palam-vihar-gurgaon/
6874,nursery in lalbagh,8100,8,379,$0.14,6,21,https://lbb.in/bangalore/best-nurseries-and-garden-centres-in-bangalore/
6875,nihar on the ganges,8100,44,17,$0.17,2,20,https://lbb.in/places/Nihar-On-The-Ganges-Resort-c9e816/
6876,nearby pools,8100,7,788,$0.06,5,34,https://lbb.in/delhi/swimming-pools-delhi-ncr/
6877,monkstory,6600,22,21,$0.06,100,26,https://lbb.in/pune/monk-story-mens-shoes/
6878,mma training near me,9900,12,159,$0.19,8,10,https://lbb.in/mumbai/mma-classes-mumbai/
6879,miththam,8100,25,21,$0.13,3,11,https://lbb.in/chennai/miththam-event-space-ecr-chennai/
6880,ministry of beer connaught place,9900,19,45,$0,1,25,https://lbb.in/delhi/misintry-of-beer-microbrewery-cp/
6881,military surplus store near me,8100,11,207,$0.04,3,21,https://lbb.in/bangalore/army-surplus-stores-in-shivajinagar/
6882,mg road in gurgaon,9900,44,17,$0.20,1,24,https://lbb.in/delhi/locality/mg-road-gurgaon/
6883,menoka cinema,8100,16,47,$0.44,2,22,https://lbb.in/kolkata/menoka-cinema-7a9cbc/
6884,madhapur wine mart,6600,15,47,$0,1,21,https://lbb.in/hyderabad/jnv-liquor-mall-160969/
6885,local connaught place,8100,33,17,$0.15,1,21,https://lbb.in/delhi/bars-pubs-cp/
6886,lansdowne uttarakhand distance from delhi,8100,75,17,$0,1,19,https://lbb.in/delhi/delhi-to-landsdowne/
6887,ladies dress names,8100,14,73,$0.01,20,15,https://lbb.in/delhi/types-of-dresses/
6888,holy trinity church mumbai,8100,14,91,$0.09,4,20,https://lbb.in/mumbai/holy-trinity-church-powai-9f3407/
6889,hills and hues,9900,44,17,$0.07,67,36,https://lbb.in/chennai/hills-and-hues-kumily-kerala-chennai/
6890,heera panna mumbai,6600,10,273,$0.12,5,19,https://lbb.in/mumbai/herra-panna/
6891,hamsa adyar,8100,38,17,$0.21,1,20,https://lbb.in/chennai/hamsa-restaurant-adyar-chennai/
6892,haldirams model town,8100,18,34,$0.37,3,21,https://lbb.in/places/Haldirams-model-town-1-660df0/
6893,granth store juhu,8100,5,533,$0.15,3,20,https://lbb.in/mumbai/granth-bookstore-juhu/
6894,girgaon cha maharaja,8100,11,159,$0,1,32,https://lbb.in/mumbai/girgaoncha-raja-6fa6cb/
6895,lamps for kitchen,8100,31,17,$0.02,98,18,https://lbb.in/all/kitchen-lighting/
6896,lakshmi nagar market,6600,7,273,$0,1,14,https://lbb.in/delhi/Laxmi-nagar-women-shopping/
6897,kookie jar,8100,21,41,$0.10,3,20,https://lbb.in/kolkata/kookie-jar-kolkata/
6898,kolkata bengali restaurant,8100,30,17,$0.03,6,21,https://lbb.in/kolkata/bengali-restaurant-in-kolkata/
6899,klm shopping mall,8100,17,60,$0.11,6,20,https://lbb.in/bangalore/klm-mall-marathahalli/
6900,kishkinta theme park,8100,64,17,$0.10,3,26,https://lbb.in/chennai/kishkinta-f3bc9a/
6901,king and queen size bed,8100,73,17,$0.15,25,15,https://lbb.in/all/king-vs-queen-bed-size/
6902,kalkaji temple delhi timings,8100,54,17,$0,1,12,https://lbb.in/delhi/kalkaji-mandir-fcc419/
6903,kabini red earth,9900,38,17,$0.07,39,27,https://lbb.in/bangalore/red-earth-kabini/
6904,jirawala parshwanath,8100,34,17,$0,1,19,https://lbb.in/delhi/Jirawala-Parshwanath-Mount-Abu/
6905,ina delhi haat,8100,21,34,$0.04,3,25,https://lbb.in/delhi/what-to-find-in-dilli-haat-delhi/
6906,best handbag companies,8100,72,17,$0.07,99,25,https://lbb.in/mumbai/buy-bags-mumbai-shopping/
6907,best disco in delhi,9900,39,17,$0.08,2,29,https://lbb.in/delhi/best-nightclubs-delhi/
6908,bengali cuisine restaurant in kolkata,9900,41,17,$0,1,8,https://lbb.in/kolkata/bengali-restaurant-in-kolkata/
6909,beetroot bistro kp,8100,8,207,$0.13,2,22,https://lbb.in/pune/beetroot-bistro-b4639a/
6910,beetroot bistro,8100,19,47,$0.13,2,22,https://lbb.in/pune/beetroot-bistro-b4639a/
6911,bathtub salts,8100,28,19,$0.10,95,33,https://lbb.in/all/bath-salt-benefits/
6912,bangalore shivaji nagar,8100,40,17,$0.11,1,22,https://lbb.in/bangalore/shivajinagar-724134/
6913,babka goa,6600,13,159,$0.19,1,24,https://lbb.in/goa/babka-coffee-shop-desserts-anjuna/
6914,apps for period tracking,9900,46,17,$0.28,10,55,https://lbb.in/all/period-tracker-apps/
6915,airport look women,8100,31,17,$0.05,100,27,https://lbb.in/delhi/airport-looks-women/
6916,ahujasons,8100,17,91,$0.08,100,22,https://lbb.in/delhi/ahujasons-60d589/
6917,ab's absolute barbecues gachibowli hyderabad,8100,18,41,$0.12,8,21,https://lbb.in/hyderabad/abs-absolute-barbecues-2c7c36/
6918,8th day kolkata,8100,42,17,$0.03,2,38,https://lbb.in/places/8th-Day-Cafe-Bakery-kolkata-a1567a/
6919,crossword mumbai kemps corner,8100,11,121,$0.09,6,19,https://lbb.in/mumbai/crossword-kemps-corner-mumbai/
6920,crossword kemps corner mumbai,8100,14,73,$0.17,5,27,https://lbb.in/mumbai/crossword-kemps-corner-mumbai/
6921,crafterscorner,8100,13,73,$0.06,42,24,https://lbb.in/delhi/diy-crafts-crafters-corner-will-make-lose-restraint/
6922,clean fanatics bangalore,8100,26,21,$0.10,27,31,https://lbb.in/bangalore/clean-fanatic-6c246b/
6923,city center 1,8100,9,121,$0.30,1,20,https://lbb.in/kolkata/mall/city-centre-1-mall-kolkata/
6924,chinese n grill mumbai,8100,36,17,$0.12,1,22,https://lbb.in/places/Chinese-N-Grill-mumbai-8074a9/
6925,chinese n grill,8100,37,17,$0.12,1,33,https://lbb.in/places/Chinese-N-Grill-mumbai-8074a9/
6926,chinese and grill mumbai,8100,42,17,$0.12,1,19,https://lbb.in/places/Chinese-N-Grill-mumbai-8074a9/
6927,ceramics classes near me,8100,34,17,$0.09,4,20,https://lbb.in/bangalore/pottery-classes-workshops-studios-bangalore/
6928,caju feni,8100,19,47,$0,1,34,https://lbb.in/goa/best-feni-brands/
6929,brooks and bonds,6600,11,207,$0.14,1,19,https://lbb.in/bangalore/the-one-and-only-mango-547c1d/
6930,brands of tequila,8100,21,34,$0,1,31,https://lbb.in/all/best-tequila-brands-experts/
6931,brands of sportswear,8100,46,17,$0.21,16,40,https://lbb.in/delhi/active-wear-brands/
6932,brand tequila,8100,18,45,$0,1,27,https://lbb.in/all/best-tequila-brands-experts/
6933,uncover avenue,8100,101,17,$0.07,2,21,https://lbb.in/delhi/cafe-uncover-83676e/
6934,two day trips from bangalore,8100,30,17,$0.12,24,26,https://lbb.in/bangalore/two-day-trips-from-bangalore/
6935,trainer personal training,9900,20,60,$0.59,5,59,https://lbb.in/mumbai/getfit-mumbaikars-workout-recommend-kickass-personal-trainers/
6936,top women's multivitamins,8100,16,60,$0.34,100,31,https://lbb.in/all/best-multivitamins-women/
6937,top 10 anime movie,8100,38,17,$0,1,41,https://lbb.in/all/best-anime-movies/
6938,the spicy venue hyderabad,8100,22,34,$0.14,4,21,https://lbb.in/hyderabad/spicy-venue-5a72b9/
6939,the big barn nature camp,8100,11,121,$0.16,6,29,https://lbb.in/bangalore/big-barn-farm-bannerghatta/
6940,thane cafe,8100,37,17,$0.03,1,30,https://lbb.in/mumbai/coffee-shops-thane/
6941,tequila drinks price,8100,9,273,$0,1,14,https://lbb.in/delhi/best-tequila-cocktails-delhi/
6942,sunscreen stick,12100,45,17,$0.15,100,52,https://lbb.in/delhi/best-sunscreen-sticks-online/
6943,sunblock for sensitive skin,6600,85,17,$0.06,96,15,https://lbb.in/delhi/sunscreen-for-sensitive-skin/
6944,staircase tiles design,8100,31,17,$0.25,1,21,https://lbb.in/all/stair-tiles-design/
6945,st mary's cathedral,8100,51,17,$0.23,4,22,https://lbb.in/chennai/st-marys-co-cathedral-71652f/
6946,sports bras for bigger busts,8100,43,17,$0.08,100,38,https://lbb.in/all/best-sports-bra-for-heavy-breast/
6947,south bridal saree,8100,17,47,$0.01,98,18,https://lbb.in/all/south-indian-bridal-saree-looks/
6948,shadab biryani,8100,19,47,$0.04,4,37,https://lbb.in/hyderabad/shadab-sr-nagar/
6949,seashell havelock resort,8100,23,26,$0.22,38,22,https://lbb.in/bangalore/seashell-resort-havelock/
6950,science city timing kolkata,8100,41,17,$0,1,28,https://lbb.in/kolkata/science-city-kolkata/
6951,sakura cherry blossom festival,6600,98,17,$0.21,1,51,https://lbb.in/delhi/en-celebrating-sakura-festival-cherry-blossom-menu/
6952,restaurants on fc road,8100,12,121,$0,5,9,https://lbb.in/pune/the-vegetable/
6953,gamefit sports academy,8100,28,17,$0.18,9,32,https://lbb.in/bangalore/sports-academies-bangalore/
6954,furniture stores bangalore,8100,27,17,$0.26,96,44,https://lbb.in/bangalore/best-furniture-stores-in-town/
6955,ferry to alibaug,8100,29,17,$0.05,8,25,https://lbb.in/mumbai/car-ferry-service-mumbai-alibaug/
6956,events today in delhi ncr,8100,17,41,$0.04,25,35,https://lbb.in/delhi/events-in-delhi/
6957,events in delhi,8100,28,17,$0.16,14,43,https://lbb.in/delhi/events-in-delhi/
6958,electronic market,8100,16,91,$0.13,9,23,https://lbb.in/delhi/electronic-markets-delhi/
6959,durga park,8100,23,21,$0.12,3,19,https://lbb.in/mumbai/shivaji-park-durga-puja/
6960,doveton cafe,8100,31,17,$0.17,3,21,https://lbb.in/places/Doveton-Cafe-purasawalkam-1173e4/
6961,dorabjee restaurant pune,8100,26,17,$0.01,1,22,https://lbb.in/pune/dorabjee-sons-restaurant-f28088/
6962,dlf south square,8100,48,17,$0.25,2,18,https://lbb.in/places/South-Court-Mall-saket-e1244d/
6963,dandiya night 2025,8100,5,1312,$0,1,23,https://lbb.in/delhi/dandiya-nights-delhi-ncr/
6964,dabbawala mumbai,8100,36,17,$0.44,1,36,https://lbb.in/places/Mumbai-Dabbawala-Association-3bcf55/
6965,colaba cafe,8100,19,47,$0.04,3,29,https://lbb.in/mumbai/post/food-and-restaurants?locality=colaba-mumbai
6966,coast cafe,8100,18,41,$0.06,2,26,https://lbb.in/delhi/coast-cafe-hauz-khas-village-delhi/
6967,classic golf and country club,8100,19,41,$0.33,5,28,https://lbb.in/delhi/K3vj339/
6968,chinese restaurant kolkata,8100,19,41,$0.02,1,25,https://lbb.in/kolkata/best-chinese-restaurants-in-kolkata/
6969,cake best,8100,35,17,$0.24,97,40,https://lbb.in/delhi/delhi-gurgaons-best-bakeries/
6970,cafe andora bandra west,6600,18,47,$0.39,3,21,https://lbb.in/mumbai/andoras-bandra/
6971,cafe andora bandra,6600,17,60,$0.39,3,22,https://lbb.in/mumbai/andoras-bandra/
6972,wanley restaurant,6600,7,533,$0.54,4,23,https://lbb.in/bangalore/wanley-indiranagar-old-school-chinese/
6973,top ten anime movies,8100,36,17,$0,1,40,https://lbb.in/all/best-anime-movies/
6974,top rated eye cream for dark circles,8100,52,17,$0.11,100,37,https://lbb.in/delhi/best-under-eye-creams/
6975,top malayalam film,8100,7,533,$0,1,35,https://lbb.in/all/best-malayalam-movies/
6976,over the moon brew company,8100,29,17,$0.18,4,17,https://lbb.in/places/Over-the-Moon-Brew-Co-hyderabad-41d370/
6977,om books shop,8100,18,34,$0.10,5,19,https://lbb.in/delhi/om-book-shop-e77c8c/
6978,noor mohammadi restaurant mumbai,8100,30,17,$0.03,2,21,https://lbb.in/mumbai/noor-mohammadi-hotel-a42ebb/
6979,navi mumbai tourist places,8100,16,60,$0.08,2,20,https://lbb.in/mumbai/places-to-visit-navi-mumbai/
6980,mumbai near resort,9900,44,17,$0.31,91,35,https://lbb.in/mumbai/escape-5-luxury-resorts-near-mumbai-getaway/
6981,movies watching,8100,36,17,$0.87,1,82,https://lbb.in/delhi/best-movies-to-watch-online/
6982,milk toner,6600,69,17,$0.07,100,20,https://lbb.in/all/best-milky-toners/
6983,rumi arabian kitchen,8100,32,17,$0.17,2,27,https://lbb.in/delhi/sandburg-shakes-1c1e0a/
6984,rto beach,6600,8,533,$0.11,6,28,https://lbb.in/chennai/rto-thiruvanmiyur-beach-street-food/
6985,rohini silver,8100,21,26,$0.26,1,29,https://lbb.in/chennai/rohini-silver-screens-koyambedu-5ecd74/
6986,resorts in delhi,14800,23,21,$0.11,97,47,https://lbb.in/delhi/resorts-near-delhi-ncr/
6987,renaissance club,8100,30,17,$0.16,3,19,https://lbb.in/mumbai/cool-down-this-summer-by-taking-a-dip-in-the-pool-cc0421/
6988,ramesh nagar in delhi,8100,38,17,$0.13,2,19,https://lbb.in/delhi/locality/ramesh-nagar-delhi/
6989,queen bed vs king bed,8100,80,17,$0.22,33,14,https://lbb.in/all/king-vs-queen-bed-size/
6990,pubs at kolkata,8100,19,45,$0.05,1,20,https://lbb.in/kolkata/bars-open-till-late-night-kolkata/
6991,price of jack daniels in delhi,8100,4,1312,$0,1,18,https://lbb.in/delhi/jack-daniels-new-price/
6992,plates and pints,6600,24,19,$0,2,22,https://lbb.in/mumbai/order-online-from-plate-and-pint/
6993,pet friendly coffee shop near me,8100,12,207,$0.04,4,19,https://lbb.in/hyderabad/pet-friendly-cafes-hyderabad/
6994,orlem malad west,9900,30,17,$0.19,5,18,https://lbb.in/mumbai/orlem-church-malad-9f3405/
6995,the big chill cakery,8100,20,45,$0.08,2,19,https://lbb.in/delhi/the-big-chill-cakery-82f269/
6996,thane cafes,8100,33,17,$0.03,2,27,https://lbb.in/mumbai/coffee-shops-thane/
6997,ten downing street hyderabad,9900,24,21,$0.04,1,24,https://lbb.in/hyderabad/10-downing-street-1cfa9f/
6998,sultan of spices koramangala,9900,11,207,$0.10,3,22,https://lbb.in/bangalore/sultans-of-spice-6f166e/
6999,stag entry means,8100,18,41,$0,1,28,https://lbb.in/mumbai/stag-entries-mumbai-clubs-bars/
7000,someshwara temple bangalore,8100,34,17,$0.08,2,25,https://lbb.in/bangalore/halasuru-someshwara-temple-3e7fb6/
7001,smoke house deli lavelle road,9900,19,26,$0.16,4,21,https://lbb.in/places/Smoke-House-Deli-lavelle-road-9e9829/
7002,sliding door wardrobe design,8100,49,17,$0.10,49,27,https://lbb.in/all/sliding-wardrobe-designs/
7003,skaters skating rink,8100,10,379,$0.14,2,24,https://lbb.in/chennai/best-skater-parks-in-chennai/
7004,shoes zone,8100,27,21,$0.06,4,32,https://lbb.in/mumbai/shoe-zone-6358e1/
7005,shoe zone,8100,21,34,$0.06,4,31,https://lbb.in/mumbai/shoe-zone-6358e1/
7006,shantiniketan in west bengal,6600,34,17,$0.18,4,39,https://lbb.in/kolkata/things-to-do-shantiniketan/
7007,sector 15 a,8100,23,34,$0.20,4,19,https://lbb.in/delhi/locality/sector-15a-noida/
7008,science park chinchwad pune,12100,17,47,$0,1,18,https://lbb.in/pune/pimpri-chinchwad-science-park/
7009,restaurants in rajouri garden delhi,8100,12,91,$0.04,4,20,https://lbb.in/delhi/restaurants-in-rajouri/
7010,kalakad mundanthurai,8100,47,17,$0,1,36,https://lbb.in/chennai/kalakad-mundanthurai-tiger-reserve-tamil-nadu-chennai/
7011,jagdish book depot thane,8100,2,1312,$0.12,1,19,https://lbb.in/mumbai/jagdish-book-depot-thane-c43ed6/
7012,instant noodles,6600,29,18,$0.02,75,21,https://lbb.in/delhi/best-noodles-to-order-online/
7013,hyderabadi biryani famous,8100,59,17,$0.03,2,36,https://lbb.in/hyderabad/biriyani-in-hyderabad/
7014,harry potter gifts,8100,49,17,$0.05,100,21,https://lbb.in/mumbai/harry-potter-merchandise-gifts/
7015,hand bags best brands,8100,57,17,$0.07,99,47,https://lbb.in/mumbai/buy-bags-mumbai-shopping/
7016,hair dryer recommendation,8100,52,17,$0.07,100,45,https://lbb.in/all/best-hair-dryers-online/
7017,grt jewellers kukatpally,8100,19,34,$0.22,13,22,https://merchant.lbb.in/merchant/business-details/GRT-Jewellers-kukatpally-b75cfa
7018,military cafe fort,8100,5,533,$0.17,3,28,https://lbb.in/mumbai/military-cafe-fort/
7019,massage centre chennai,8100,24,21,$0.23,38,32,https://lbb.in/chennai/best-spas-in-chennai/
7020,malayalam top movie,8100,7,533,$0,1,39,https://lbb.in/all/best-malayalam-movies/
7021,makkah cafe,8100,5,1312,$0.13,4,30,https://lbb.in/bangalore/makkah-cafe-bangalore/
7022,madhuloka liquor boutique bangalore,8100,20,34,$0,1,20,https://lbb.in/bangalore/madhuloka-dc72c8/
7023,loyal world market,6600,11,207,$0.27,1,21,https://lbb.in/bangalore/loyal-world-market-forum-neighbourhood-mall/
7024,lalbagh photography,880,16,73,$0,1,28,https://lbb.in/bangalore/photo-shoot-ban-lalbagh/
7025,lalbagh park timings,8100,82,17,$0,1,15,https://lbb.in/bangalore/lal-bagh-botanical-garden-bangalore/
7026,lalbagh main road,8100,41,17,$0.09,5,19,https://lbb.in/bangalore/things-to-do-lalbagh-bangalore/
7027,lal bagh bangalore timings,8100,51,17,$0.02,1,19,https://lbb.in/bangalore/lal-bagh-botanical-garden-bangalore/
7028,ladies formal dress for office,8100,30,17,$0.04,97,23,https://lbb.in/delhi/formal-ideas-office-wear-for-women/
7029,ladies dresses names,6600,18,41,$0.01,23,30,https://lbb.in/delhi/types-of-dresses/
7030,kolkata pubs,8100,30,17,$0.05,1,23,https://lbb.in/kolkata/bars-open-till-late-night-kolkata/
7031,karting near me,6600,27,19,$0.04,7,36,https://lbb.in/pune/go-karting-places-in-pune/
7032,jio mall,8100,11,273,$0.05,4,23,https://lbb.in/mumbai/shopping-jio-world-drive-mall-guide/
7033,cc 2,8100,8,273,$0.06,1,43,https://lbb.in/kolkata/mall/city-centre-2-mall-kolkata/
7034,candle light dinner in bangalore,9900,44,17,$0.17,39,19,https://lbb.in/bangalore/candlelight-dinner-bangalore/
7035,cafes in lonavala,8100,31,17,$0.02,3,22,https://lbb.in/pune/cafe-24-lonavala/
7036,cafe soul garden,9900,8,159,$0,6,17,https://lbb.in/delhi/cafe-soul-garden-f9630a/
7037,cafe mrp,8100,9,207,$0.23,2,19,https://lbb.in/delhi/cafe-mrp-affordable-food-drinks/
7038,bride outfits for reception,8100,24,18,$0.02,97,20,https://lbb.in/all/reception-look-bride/
7039,brewery bangalore,8100,44,17,$0.04,14,26,https://lbb.in/bangalore/buy-beer-growlers-from-these-places-bangalore/
7040,boyfriend jeans,12100,34,17,$0.12,92,49,https://lbb.in/all/boyfriend-jeans-outfit/
7041,bloom hotel calangute,8100,27,17,$0.25,28,23,https://lbb.in/goa/sun-sand-bloom-hotel-available-goa-now/
7042,bille di hatti,8100,15,121,$0.23,3,21,https://lbb.in/delhi/bille-di-hatti-980178/
7043,best resorts in hyderabad,22200,31,17,$0.12,95,40,https://lbb.in/hyderabad/best-resorts-hyderabad/
7044,best multivitamin for women,8100,47,17,$0.26,100,24,https://lbb.in/all/best-multivitamins-women/
7045,best men perfume,14800,36,17,$0.07,100,48,https://lbb.in/all/perfumes-for-men-buy-online/
7046,best dance club in delhi,8100,19,60,$0.06,3,26,https://lbb.in/delhi/nightclubs-in-cp/
7047,best cream around eyes,8100,48,17,$0.10,100,51,https://lbb.in/delhi/best-under-eye-creams/
7048,best chocolate in india,8100,26,21,$0.15,96,36,https://lbb.in/all/best-homegrown-chocolate-brands/
7049,best air cleaner,8100,68,17,$0.19,100,64,https://lbb.in/all/top-air-purifiers-to-buy-online/
7050,bergamo mall,8100,9,207,$0.11,3,20,https://lbb.in/chennai/bergamo-luxury-mall-e375a1/
7051,bergamo chennai,8100,10,159,$0.11,3,21,https://lbb.in/chennai/bergamo-luxury-mall-e375a1/
7052,benne dosa juhu,8100,19,45,$0.05,1,22,https://lbb.in/mumbai/benne-bombay-worth-the-hype/
7053,bars in bandra,8100,30,17,$0.04,2,22,https://lbb.in/mumbai/post/bars-and-nightlife?locality=bandra-west-mumbai
7054,bandra lucky restaurant,8100,37,17,$0.09,1,23,https://lbb.in/places/Lucky-Restaurant-bandra-west-2df2f9/
7055,bakery with cakes,4400,34,17,$0.19,22,65,https://lbb.in/pune/customised-cakes-in-pune/
7056,baba ramdev rajasthani dhaba,8100,23,34,$0,1,19,https://lbb.in/pune/baba-ramdev-dhaba/
7057,asha dining hall apte road,8100,9,379,$0.18,2,21,https://lbb.in/pune/asha-dining-hall-68aab2/
7058,apanjan,8100,23,34,$0.32,1,24,https://lbb.in/kolkata/the-bangali-shingara-5cd1be/
7059,animation movies to watch,8100,40,17,$0.21,1,66,https://lbb.in/all/best-animated-movies/
7060,andora cafe,6600,17,73,$0.39,3,22,https://lbb.in/mumbai/andoras-bandra/
7061,allen solly factory outlet,8100,18,60,$0.08,5,19,https://lbb.in/mumbai/allen-solly-106d01/
7062,alhamdulillah hotel,8100,13,121,$0.05,1,22,https://lbb.in/hyderabad/alhamdulillah-hotel-427153/
7063,agent jack baner,8100,11,207,$0.18,3,20,https://lbb.in/pune/agent-jacks-baner-880977/
7064,agara junction bangalore,6600,30,17,$0.24,7,21,https://lbb.in/bangalore/agara-lake-hsr-layout/
7065,adventure parks in hyd,8100,45,17,$0.09,7,28,https://lbb.in/hyderabad/amusement-parks-hyderabad/
7066,8 day cafe kolkata,8100,21,41,$0.03,2,25,https://lbb.in/kolkata/8th-day-cafe-new-outlet-kolkata/
7067,10 down street hyderabad,9900,37,17,$0.04,1,23,https://lbb.in/hyderabad/10-downing-street-begumpet/
7068,yes minister bowling,8100,9,379,$0.19,8,20,https://lbb.in/delhi/yes-minister-new-future-bowl-essex/
7069,women dress and name,6600,14,73,$0.01,23,41,https://lbb.in/delhi/types-of-dresses/
7070,woman dress names,6600,15,73,$0.01,23,34,https://lbb.in/delhi/types-of-dresses/
7071,wine in bar,9900,98,17,$0,1,26,https://lbb.in/mumbai/restaurants-serving-great-wine-mumbai/
7072,malayalam a movie list,8100,18,47,$0,1,29,https://lbb.in/all/best-malayalam-movies/
7073,lighting house near me,8100,5,1312,$0.05,2,19,https://lbb.in/pune/lighting-stores-pune/
7074,levantine restaurant,6600,12,159,$0.14,3,27,https://lbb.in/hyderabad/indias-first-one-of-its-634b27/
7075,lea clothing,8100,27,26,$0.08,100,26,https://lbb.in/bangalore/order-international-style-western-wear-lea-clothing-co/
7076,karting goa,8100,11,207,$0.11,4,21,https://lbb.in/goa/go-karting-arpora-goa/
7077,jhilmil dhaba,8100,11,207,$0.09,1,22,https://lbb.in/delhi/jhilmil-dhaba-e57b3c/
7078,ikea store near me,8100,12,273,$0.28,91,26,https://lbb.in/mumbai/ikea-store-navi-mumbai/
7079,hotel o pune,6600,51,17,$0.18,64,34,https://lbb.in/pune/o-hotel-pune/
7080,hindi movies sad,8100,19,41,$0,1,47,https://lbb.in/all/sad-bollywood-movies/
7081,heritage village,8100,47,17,$0.11,4,22,https://lbb.in/delhi/heritage-village-resort-spa/
7082,visiting places madikeri,8100,27,17,$0.14,6,13,https://lbb.in/bangalore/madikeri-coorg/
7083,velneshwar beach,8100,34,17,$0.69,2,13,https://lbb.in/mumbai/velneshwar-beach-ratnagiri-1241a0/
7084,vaishnav chaat bhandar,8100,53,17,$0.12,3,22,https://lbb.in/delhi/vaishno-chaat-bhandar-in-kamla-nagar-a67360/
7085,top ten anime movie,8100,31,17,$0,1,35,https://lbb.in/all/best-anime-movies/
7086,the tanjore tiffin room goa,8100,12,159,$0.10,3,22,https://lbb.in/goa/tanjore-tiffin-room-goa/
7087,the london curry house bangalore,8100,8,379,$0.23,3,18,https://lbb.in/bangalore/the-london-curry-house-4ca076/
7088,thai restaurant,8100,17,60,$0.05,4,28,https://lbb.in/bangalore/thai-food-trail/
7089,sports shoe shop near me,8100,13,121,$0.06,26,27,https://lbb.in/chennai/best-stores-to-shop-sports-shoes-chennai/
7090,spices of sultan,9900,10,273,$0.10,3,21,https://lbb.in/bangalore/sultans-of-spice-6f166e/
7091,space circle club,8100,7,379,$0.10,5,20,https://lbb.in/kolkata/space-circle-club-5d2002/
7092,snowfall india,8100,12,207,$0.53,1,25,https://lbb.in/mumbai/best-places-for-snowfall-india/
7093,sion east,6600,39,17,$0.16,5,19,https://lbb.in/mumbai/things-to-do-in-sion/
7094,shops at orion mall,8100,19,47,$0.33,1,34,https://lbb.in/bangalore/mens-shopping-guide-orion-mall/
7095,shoes brands list in india,8100,31,17,$0.16,100,22,https://lbb.in/bangalore/indian-shoe-brands-for-men/
7096,shoe brand names in india,8100,43,17,$0.15,100,19,https://lbb.in/bangalore/indian-shoe-brands-for-men/
7097,shiv tikki,8100,16,73,$0.04,2,22,https://lbb.in/delhi/mouth-watering-pao-bhaji-soya-chaap-in-karkardooma-9f3107/
7098,shabree restaurant pune,8100,32,17,$0.35,3,21,https://lbb.in/pune/shabree-8311fa/
7099,sector 56 gurugram haryana,8100,92,17,$0.18,4,18,https://lbb.in/delhi/locality/sector-56-gurgaon/
7100,sapna book house hsr layout,8100,39,17,$0.16,8,23,https://lbb.in/places/Sapna-Book-House-bannerghatta-f97790/
7101,s p road bangalore,8100,4,1312,$0.15,1,25,https://lbb.in/bangalore/electronics-market-sp-road-nagarathpete-bangalore/
7102,restaurants in madhapur,8100,8,207,$0.04,12,21,https://lbb.in/hyderabad/restaurants-madhapur-metro/
7103,restaurant in pune fc road,8100,17,73,$0.07,6,25,https://lbb.in/pune/the-vegetable/
7104,tourist spots in navi mumbai,8100,22,26,$0.08,2,21,https://lbb.in/mumbai/places-to-visit-navi-mumbai/
7105,top branded handbags,8100,41,17,$0.07,99,43,https://lbb.in/mumbai/buy-bags-mumbai-shopping/
7106,top 10 anime movies,8100,37,17,$0,1,39,https://lbb.in/all/best-anime-movies/
7107,top 10 anime films,8100,40,17,$0,1,39,https://lbb.in/all/best-anime-movies/
7108,the black sheep bistro,8100,19,41,$0.07,2,22,https://lbb.in/bangalore/black-sheep-bistro-panjim-goa/
7109,nahoum and sons private limited confectioners,6600,35,17,$0.07,2,22,https://lbb.in/kolkata/nahoum-sons-2d41e9/
7110,museums in mumbai,8100,26,19,$0.12,13,19,https://lbb.in/mumbai/best-museums-in-mumbai/
7111,mehndi artist,8100,21,45,$0.10,2,27,https://lbb.in/mumbai/top-mehendi-artists-mumbai/
7112,mehendi artist,8100,19,47,$0.16,2,38,https://lbb.in/mumbai/top-mehendi-artists-mumbai/
7113,list of malayalam cinema,9900,25,19,$0,1,61,https://lbb.in/all/best-malayalam-movies/
7114,recreation club andheri,8100,58,17,$0.14,4,19,https://lbb.in/mumbai/andheri-sports-complex/
7115,rajugari thota hotel,8100,21,34,$0.04,1,22,https://lbb.in/hyderabad/rajugari-thota-cf193f/
7116,rachenahalli lake,6600,32,17,$0.14,4,19,https://lbb.in/bangalore/rachenahalli-lake-park-north-bangalore/
7117,purnabramha maharashtrian restaurant hsr,8100,23,21,$0.14,3,22,https://lbb.in/places/Purnabramha-hsr-03092c/
7118,pub in goa,8100,45,17,$0.06,12,24,https://lbb.in/goa/10-best-pubs-in-goa/
7119,places to visit in navi mumbai,8100,21,34,$0.08,2,23,https://lbb.in/mumbai/places-to-visit-navi-mumbai/
7120,places in madikeri to visit,8100,31,17,$0.14,6,11,https://lbb.in/bangalore/madikeri-coorg/
7121,pind restaurant,8100,26,21,$0.05,7,21,https://lbb.in/chennai/pind-43d234/
7122,pilates studio,9900,13,159,$0.25,1,16,https://lbb.in/bangalore/pilates-studios-bangalore/
7123,parks dogs,8100,16,121,$0.17,3,19,https://lbb.in/kolkata/dog-friendly-parks-south-kolkata/
7124,park for dog,8100,17,121,$0.17,3,11,https://lbb.in/mumbai/pet-parks/
7125,old original vinayaka mylari,6600,29,18,$0.26,6,24,https://lbb.in/bangalore/mylari-dosa-at-original-hotel-vinayaka-mylari-mysore/
7126,drive thru,8100,25,21,$0.07,1,32,https://lbb.in/delhi/mcdonalds-drivethru-12797f/
7127,dogs at dog park,8100,24,34,$0.20,2,44,https://lbb.in/mumbai/pet-parks/
7128,di ghent cafe,8100,8,207,$0.11,2,27,https://lbb.in/delhi/visit-di-ghent-cafe-for-great-food-and-delicious-coffee/
7129,cosmetic store,14800,11,273,$0.43,4,24,https://lbb.in/hyderabad/best-cosmetics-stores/
7130,colaba cafes,8100,20,41,$0.04,3,23,https://lbb.in/mumbai/post/food-and-restaurants?locality=colaba-mumbai
7131,coffee shops in thane,8100,16,91,$0.03,1,23,https://lbb.in/mumbai/coffee-shops-thane/
7132,coba restaurant,6600,28,17,$0.13,2,22,https://lbb.in/places/Coba-Restaurant-2f8880/
7133,chitrakala bangalore,8100,34,17,$0.06,1,33,https://lbb.in/bangalore/karnataka-chitrakala-parishath-bangalore/
7134,calisthenics gym near me,8100,11,207,$0.09,15,16,https://lbb.in/pune/muscle-bar-calisthenics/
7135,café lakeside,8100,21,41,$0.18,1,21,https://lbb.in/delhi/head-to-this-lovely-cafe-be629c/
7136,cafeteria in hyderabad,8100,23,34,$0.03,4,21,https://lbb.in/hyderabad/best-cafes-hyderabad/
7137,cafes in colaba,8100,19,41,$0.04,3,27,https://lbb.in/mumbai/post/food-and-restaurants?locality=colaba-mumbai
7138,cafe military mumbai,8100,6,533,$0.20,4,24,https://lbb.in/mumbai/military-cafe-fort/
7139,cafe in hyd,8100,23,41,$0.03,4,29,https://lbb.in/hyderabad/best-cafes-hyderabad/
7140,blue mug cafe,8100,8,379,$0.14,2,23,https://lbb.in/kolkata/blue-mug-cafe-jodhpur-park/
7141,hotel fishland,8100,16,60,$0.18,2,22,https://lbb.in/bangalore/hotel-fishland-653dc2/
7142,hauz khas lake delhi,6600,39,17,$0.04,2,17,https://lbb.in/delhi/lakes-in-delhi/
7143,haldiram's the railway coach restaurant pune,8100,4,788,$0.22,3,21,https://lbb.in/pune/haldiram-restaurant-on-wheels-pune/
7144,good compact powder,8100,26,34,$0.07,100,40,https://lbb.in/delhi/best-compact-powder/
7145,goan drink feni,8100,15,73,$0.06,1,36,https://lbb.in/goa/best-feni-brands/
7146,game shop,8100,57,17,$0.09,5,48,https://lbb.in/chennai/-c896ec/
7147,furniture showrooms bangalore,8100,31,17,$0.31,93,35,https://lbb.in/bangalore/best-furniture-stores-in-town/
7148,furniture market in delhi,8100,5,2462,$0.09,32,28,https://lbb.in/delhi/furniture-market-in-delhi/
7149,feranoz banjara hills,8100,22,34,$0.16,3,22,https://lbb.in/hyderabad/the-only-way-cheese-in-87a6ac/
7150,feni in goa,8100,9,533,$0,1,28,https://lbb.in/goa/best-feni-brands/
7151,famous bakery,8100,18,41,$0.07,1,28,https://lbb.in/delhi/delhi-gurgaons-best-bakeries/
7152,driving in cinema,8100,33,17,$0.09,2,20,https://lbb.in/delhi/drive-in-cinema-gurgaon-bollywood-special/
7153,dine hill restaurant hyderabad,8100,17,60,$0.05,1,23,https://lbb.in/hyderabad/dine-hill-masab-tank/
7154,best nightclub in delhi ncr,8100,34,17,$0.06,3,23,https://lbb.in/delhi/best-nightclubs-delhi/
7155,best discotheque in delhi,8100,46,17,$0.06,3,24,https://lbb.in/delhi/best-nightclubs-delhi/
7156,best chocolate india,8100,22,73,$0.07,87,41,https://lbb.in/all/best-homegrown-chocolate-brands/
7157,best biryani kolkata,8100,43,17,$0.08,3,28,https://lbb.in/kolkata/best-biryani/
7158,best bag brand,8100,64,17,$0.07,99,34,https://lbb.in/mumbai/buy-bags-mumbai-shopping/
7159,benefits of ashwagandha,9900,78,17,$0.03,19,21,https://lbb.in/all/advantages-of-ashwagandha/
7160,barbeque nation pune deccan,6600,35,17,$0.15,3,16,https://lbb.in/pune/barbeque-nation-pune/
7161,balewadi sports complex,6600,26,18,$0.48,5,33,https://lbb.in/pune/balewadi-sports-complex-c5e845/
7162,bad bar,8100,68,17,$0.06,1,34,https://lbb.in/mumbai/drinking-guide-to-colaba/
7163,atta galatta,5400,13,91,$0.21,4,38,https://lbb.in/bangalore/atta-galatta-koramangala/
7164,asiatic library mumbai,6600,24,19,$0.29,1,37,https://lbb.in/mumbai/asiatic-society-library-mumbai/
7165,asiatic library fort,6600,17,47,$0.29,1,37,https://lbb.in/mumbai/asiatic-library-fort-755680/
7166,asiana couture,8100,8,207,$0.19,23,21,https://lbb.in/delhi/madsam-tinzin-ca7734/
7167,army navy store near me,6600,13,121,$0.03,3,31,https://lbb.in/bangalore/army-surplus-stores-in-shivajinagar/
7168,anime store near me,9900,19,45,$0.08,3,8,https://lbb.in/bangalore/the-bobble-street-kalyan-nagar/
7169,am pm kolkata,8100,32,17,$0.45,2,22,https://lbb.in/kolkata/best-bars-in-kolkata/
7170,airbnb pondicherry,9900,17,45,$0.19,44,18,https://lbb.in/bangalore/pondicherry-seaview-airbnbs/
7171,adventure park in hyderabad,8100,50,17,$0.06,9,28,https://lbb.in/hyderabad/amusement-parks-hyderabad/
7172,10 downing street in hyderabad,12100,41,17,$0.14,3,23,https://lbb.in/hyderabad/10-downing-street-begumpet/
7173,yamuna biodiversity park delhi,8100,36,17,$0.09,2,24,https://lbb.in/delhi/bird-watching-yamuna-biodiversity-park/
7174,woman dress name,8100,19,34,$0.02,23,16,https://lbb.in/delhi/types-of-dresses/
7175,women dress name,6600,18,41,$0.01,23,36,https://lbb.in/delhi/types-of-dresses/
7176,women dress names,8100,21,34,$0.02,23,15,https://lbb.in/delhi/types-of-dresses/
7177,zoos in chennai,8100,20,41,$0.02,1,23,https://lbb.in/chennai/list-of-zoos-in-chennai/
7178,woodlands hotel chennai,8100,21,34,$0.34,34,20,https://lbb.in/chennai/new-woodlands-hotel-mylapore-chennai/
7179,women dresses names,6600,9,207,$0.01,23,30,https://lbb.in/delhi/types-of-dresses/
7180,wine shop tasmac,8100,26,19,$0,1,17,https://lbb.in/chennai/tasmac-liquor-shop-express-avenue-mall-royapettah-chennai/
7181,white shirt and pant,8100,25,26,$0.02,92,19,https://lbb.in/delhi/formal-pant-shirt-combination/
7182,which is best perfume for male,8100,30,17,$0.09,95,34,https://lbb.in/all/perfumes-for-men-buy-online/
7183,westside pataka house,9900,32,17,$0.18,16,16,https://lbb.in/places/Westside-taltala-2da526/
7184,wengers bakery delhi,8100,29,17,$0.12,1,33,https://lbb.in/delhi/wenger's-deli-connaught-place/
7185,wanley bangalore,8100,10,273,$0.29,4,23,https://lbb.in/bangalore/wanley-indiranagar-old-school-chinese/
7186,villa shanti pondicherry,9900,29,17,$0.19,53,31,https://lbb.in/bangalore/heritage-villa-shanti-pondicherry/
7187,venus traders and stationery,8100,19,34,$0,1,19,https://lbb.in/pune/buy-stationery-from-venus-ppc-d1a99b/
7188,tourist places in hubli,8100,17,45,$0.15,2,18,https://lbb.in/bangalore/places-to-visit-around-hubli/
7189,the backyard,8100,28,19,$0.19,2,21,https://lbb.in/delhi/the-backyard-5ec18e/
7190,sunscreen cream for sensitive skin,6600,73,17,$0.06,97,25,https://lbb.in/delhi/sunscreen-for-sensitive-skin/
7191,sports bra for big bust,9900,44,17,$0.06,100,19,https://lbb.in/delhi/best-sports-bra-for-heavy-breast/
7192,soul garden cafe gurgaon,8100,10,121,$0.07,1,22,https://lbb.in/delhi/cafe-soul-garden-f9630a/
7193,skin tint moisturizer,8100,43,17,$0.09,100,25,https://lbb.in/all/best-skin-tints/
7194,sheraton grand bengaluru whitefield,8100,60,17,$0.65,34,37,https://lbb.in/bangalore/sheraton-grand-whitefield-hotel-8db6cb/
7195,shelter cafe x coffee by javaphile bandra,8100,28,17,$0.45,4,23,https://lbb.in/mumbai/shelter-by-javaphile-versova-mumbai/
7196,sennes mani square,8100,25,18,$0.74,6,19,https://lbb.in/places/Mani-Square-Mall-kolkata-985d78/
7197,seefah,8100,21,34,$0.18,3,16,https://lbb.in/mumbai/Asian-food-hill-road/
7198,sector 15 gurgaon,8100,45,17,$0.32,2,18,https://lbb.in/delhi/locality/sector-15-gurgaon/
7199,sarvi food court,8100,24,26,$0.07,4,24,https://lbb.in/hyderabad/sarvi-restaurant-hyderabad/
7200,sampangi rama nagar,8100,13,121,$0.55,4,18,https://lbb.in/bangalore/locality/sampangi-rama-nagar-bangalore/
7201,salim ali bird sanctuary in goa,8100,25,21,$0.14,1,22,https://lbb.in/goa/salim-ali-bird-sanctuary/
7202,sad movies of bollywood,8100,18,45,$0,1,30,https://lbb.in/all/sad-bollywood-movies/
7203,sad bollywood movies,8100,15,60,$0,1,29,https://lbb.in/all/sad-bollywood-movies/
7204,restaurants in south city mall kolkata,8100,16,60,$0.02,1,22,https://lbb.in/kolkata/south-city-mall-for-restaurants/
7205,resorts near mumbai,14800,53,17,$0.15,92,45,https://lbb.in/mumbai/best-resorts-near-mumbai-luxury-getaway/
7206,ramakrishna restaurant,12100,12,159,$0.05,1,21,https://lbb.in/pune/40-year-old-restaurant-ram-krishna-serves-500-customers-day/
7207,pubs in chennai city,8100,22,34,$0.16,2,22,https://lbb.in/chennai/best-nightclubs-and-pubs-in-chennai/
7208,pink color combination,8100,18,73,$0,1,15,https://lbb.in/all/pink-two-colour-combination/
7209,varieties of dresses,8100,20,34,$0.02,12,23,https://lbb.in/delhi/types-of-dresses/
7210,hydrafacial benefits,9900,80,17,$0.41,7,23,https://lbb.in/all/hydra-facial-benefits/
7211,holi celebration near me,2900,13,207,$0.17,1,31,https://lbb.in/delhi/best-holi-parties-in-delhi/
7212,historical place of karnataka,8100,59,17,$0.04,1,17,https://lbb.in/bangalore/historical-places-north-karnataka/
7213,hauz khas lake,8100,11,273,$0.07,3,26,https://lbb.in/delhi/lakes-in-delhi/
7214,happy belly bakes,8100,11,159,$0.24,100,22,https://lbb.in/bangalore/happy-belly-bakes/
7215,goa private beach resort,8100,42,17,$0.19,100,38,https://lbb.in/goa/private-beach-goa-resorts/
7216,go xtreme adventures,8100,42,17,$0.11,4,18,https://lbb.in/chennai/wild-tribe-ranch-adventure-sports-ecr-chennai/
7217,glanz fabrics,8100,19,47,$0.23,7,22,https://lbb.in/places/Glanz-Fabrics-khar-ae639e/
7218,football turf,8100,18,60,$0.16,5,44,https://lbb.in/hyderabad/best-football-turfs/
7219,fitness first gym,8100,19,45,$0.71,2,46,https://lbb.in/mumbai/fitness-first/
7220,feni cashew,8100,15,73,$0,1,36,https://lbb.in/goa/best-feni-brands/
7221,peach lipstick colour,6600,46,17,$0.03,98,25,https://lbb.in/mumbai/peach-lipstick-shades-for-indian-skin-tones/
7222,pass the salt,8100,31,17,$0.30,2,36,https://lbb.in/mumbai/order-deep-dish-pizza-online-from-pass-the-salt/
7223,oily skin makeup foundation,8100,40,17,$0.04,99,22,https://lbb.in/all/best-makeup-foundation-for-oily-skin/
7224,nykaa perfume,8100,73,17,$0.06,98,21,https://lbb.in/
7225,neora national park,8100,18,73,$0,1,38,https://lbb.in/kolkata/neora-valley-national-park-red-panda-rhododendrons-lava-kalimpong-darjeeling/
7226,nehru centre worli,6600,27,19,$0.08,5,39,https://lbb.in/mumbai/nehru-science-center-worli-2c5e6f/
7227,near beach to bangalore,8100,54,17,$0.04,2,26,https://lbb.in/bangalore/beaches-near-bangalore/
7228,narsingh l b nagar,8100,21,21,$0.37,3,25,https://lbb.in/hyderabad/narsingh-clothing-emporium/
7229,mumbai bora bazar,8100,5,1312,$0.15,3,25,https://lbb.in/mumbai/bora-bazaar-paper-street-mumbai/
7230,mrp cafe,8100,11,207,$0.10,2,19,https://lbb.in/delhi/4-cafe-mrp-9ce739/
7231,men hair salon,8100,10,273,$0.17,7,19,https://lbb.in/hyderabad/mens-salon-hyderabad/
7232,mansionz by living liquidz,8100,15,91,$0,1,18,https://lbb.in/pune/artisanal-spirits-mixers-mansionz-living-liquids-pune/
7233,madh fort,9900,37,17,$0.07,2,12,https://lbb.in/mumbai/lbbtip-9d20e7/
7234,m2m ferry,5400,28,17,$0.27,1,20,https://lbb.in/places/M2M-Ferries-1769fd/
7235,little italy indiranagar,8100,39,17,$0.07,5,20,https://lbb.in/bangalore/little-italy-bangalore/
7236,late sanjay mahadeo nimhan gram sanskruti udyan,8100,12,121,$0.16,5,22,https://lbb.in/places/Late-Sanjay-Mahadeo-Nimhan-Gram-pashan-f10927/
7237,kolkata sweets,8100,31,17,$0.21,3,17,https://lbb.in/kolkata/best-sweet-shops-kolkata/
7238,kolkata biryani house chittaranjan park,8100,18,47,$0.06,1,24,https://lbb.in/delhi/kolkata-biryani-house-81cef8/
7239,knite ryder,8100,27,18,$0.09,3,22,https://lbb.in/delhi/knight-riders-junction/
7240,kaze bangalore,8100,13,121,$0,1,23,https://lbb.in/bangalore/kaze-rooftop-resto-bar-residency-road/
7241,karnataka historical places,9900,44,17,$0.01,1,15,https://lbb.in/bangalore/historical-places-north-karnataka/
7242,kaikondrahalli lake bangalore,8100,53,17,$0.25,6,23,https://lbb.in/bangalore/kaikondrahalli-lake-125bcc/
7243,kabini red earth resort,8100,30,17,$0.17,28,24,https://lbb.in/bangalore/red-earth-kabini/
7244,jd venue and leisure,8100,32,17,$0.09,6,18,https://lbb.in/bangalore/wedding-venues-bangalore/
7245,jain chawal,8100,31,17,$0,1,23,https://lbb.in/delhi/jain-chawal-wale-cp-north-indian-food/
7246,jai hind lunch home,8100,16,91,$0.04,1,21,https://lbb.in/mumbai/pocket-friendly-seafood-45205a/
7247,jagdish market in hyderabad,8100,11,273,$0,1,21,https://lbb.in/hyderabad/jagdish-market-151fa8/
7248,jack daniels price delhi,8100,7,379,$0,1,12,https://lbb.in/delhi/jack-daniels-new-price/
7249,central cottage industries emporium,8100,29,18,$0.33,6,24,https://lbb.in/mumbai/buy-home-decor-made-by-rural-artisans-at-cottage-emporium-in-fort/
7250,bull temple road,8100,54,17,$0.16,5,20,https://lbb.in/bangalore/bull-temple-3e1852/
7251,bridal saree south indian,8100,16,91,$0.02,99,19,https://lbb.in/all/south-indian-bridal-saree-looks/
7252,farzi cafe delhi,8100,9,207,$0.18,1,27,https://lbb.in/delhi/farzi-cafe-connaught-place/
7253,elephant and company,8100,24,34,$0.13,1,39,https://lbb.in/pune/elephant-co-8e4e46/
7254,durga puja pandals in kolkata,8100,11,379,$0,1,19,https://lbb.in/kolkata/9-best-pujo-pandals-south-kolkata/
7255,dresses types,8100,7,379,$0.02,12,35,https://lbb.in/delhi/types-of-dresses/
7256,doveton cafe purasawalkam,8100,22,26,$0.12,3,23,https://lbb.in/chennai/-d8cdcc/
7257,dog park and,8100,12,273,$0.20,2,36,https://lbb.in/mumbai/pet-parks/
7258,dog at park,8100,21,34,$0.20,2,47,https://lbb.in/kolkata/dog-friendly-parks-south-kolkata/
7259,disco in kolkata,8100,6,788,$0.01,1,22,https://lbb.in/kolkata/best-discos-in-kolkata/
7260,dine hill restaurant,8100,17,60,$0.05,1,26,https://lbb.in/hyderabad/dine-hill-masab-tank/
7261,delhi to lansdowne distance,8100,79,17,$0.61,1,19,https://lbb.in/delhi/delhi-to-landsdowne/
7262,d q movies,8100,40,17,$0,1,40,https://lbb.in/hyderabad/best-dulquer-salmaan-movies/
7263,currency building,8100,10,207,$0.28,1,38,https://lbb.in/kolkata/old-currency-building-dalhousie/
7264,combat kinetics mma,8100,12,207,$0.08,6,23,https://lbb.in/chennai/combat-kinetics-fitness-centre-alwarpet-chennai/
7265,chitto babur dokan,8100,22,34,$0.05,2,23,https://lbb.in/kolkata/chitto-babur-dokan-b5199b/
7266,cafe mrp delhi,8100,11,273,$0.10,2,21,https://lbb.in/delhi/cafe-mrp-affordable-food-drinks/
7267,cafe in pune,6600,33,17,$0.03,3,31,https://lbb.in/pune/best-cafes-in-pune/
7268,cafe in chandigarh,8100,37,17,$0.07,1,22,https://lbb.in/delhi/best-cafes-chandigarh/
7269,bollywood sad movies,8100,17,47,$0,1,30,https://lbb.in/all/sad-bollywood-movies/
7270,bharatiya vidya bhavan's auditorium,8100,19,34,$0.11,5,19,https://lbb.in/places/Bharatiya-Vidhya-Bhavans-Auditorium-basheer-bagh-82e109/
7271,best menstruation pads,8100,51,17,$0.05,98,23,https://lbb.in/all/types-of-menstrual-pads/
7272,best indian chocolate,8100,21,34,$0.06,88,25,https://lbb.in/all/best-homegrown-chocolate-brands/
7273,best handbag company,8100,44,17,$0.07,100,26,https://lbb.in/mumbai/buy-bags-mumbai-shopping/
7274,best earbuds under 3000,9900,41,17,$0.03,99,37,https://lbb.in/bangalore/wireless-earphones-under-inr-3000/
7275,best dark circle eye cream,8100,64,17,$0.09,100,55,https://lbb.in/delhi/best-under-eye-creams/
7276,best compact powder,8100,32,17,$0.07,100,40,https://lbb.in/delhi/best-compact-powder/
7277,best biryani in kolkata,8100,38,17,$0.08,3,27,https://lbb.in/kolkata/best-biryani/
7278,bengali restaurant kolkata,8100,37,17,$1.02,6,17,https://lbb.in/kolkata/bengali-restaurant-in-kolkata/
7279,belur halebidu,8100,35,17,$0.33,1,17,https://lbb.in/bangalore/halebidu-belur-6f7fe1/
7280,bastion bungalow,8100,13,91,$0.17,4,19,https://lbb.in/bangalore/bastion-bungalow-fort-kochi/
7281,b6 market safdarjung enclave,8100,31,17,$0.09,1,24,https://lbb.in/places/Safdarjung-Enclave-safdarjung-9680e8/
7282,autumn leaf cafe,22200,8,379,$0,3,20,https://lbb.in/hyderabad/autumn-leaf-caf-c21971/
7283,athena banquet,8100,10,159,$0.40,4,19,https://lbb.in/mumbai/athena-banquet-79c0c9/
7284,assam bhawan delhi,8100,9,207,$0.18,3,20,https://lbb.in/delhi/assam-bhavan-e9e789/
7285,andora bandra west,6600,17,60,$0.39,3,22,https://lbb.in/mumbai/andoras-bandra/
7286,ambrai restaurant menu udaipur,8100,19,34,$0.03,1,21,https://lbb.in/delhi/when-in-updaiur-visit-ambrai-80a3ad/
7287,alchemy coffee roasters,8100,29,17,$0.20,5,21,https://lbb.in/places/Alchemy-Coffee-Roasters-jayanagar-8bbc18/
7288,8th day cafe and bakery,8100,29,17,$0.03,2,32,https://lbb.in/places/8th-Day-Cafe-Bakery-kolkata-a1567a/
7289,6th avenue,8100,65,17,$0.24,4,36,https://lbb.in/chennai/6th-avenue-pub/
7290,yashwant plaza,8100,38,17,$0.16,5,19,https://lbb.in/delhi/yashwant-place-8a27ff/
7291,elephant and co,8100,20,45,$1.70,3,20,https://lbb.in/pune/elephant-co-8e4e46/
7292,deodorant for women,8100,34,17,$0.04,98,18,https://lbb.in/delhi/best-deodorants-for-women/
7293,deodorant for ladies,8100,40,17,$0.04,96,19,https://lbb.in/delhi/best-deodorants-for-women/
7294,deodorant for female,8100,47,17,$0.04,98,18,https://lbb.in/delhi/best-deodorants-for-women/
7295,delivery near me liquor,8100,22,26,$0,1,17,https://lbb.in/delhi/alcohol-home-delivery-gurgaon/
7296,deewan khana,8100,30,17,$0.19,2,22,https://lbb.in/pune/deewan-khana-balewadi/
7297,dakshinachitra museum muttukadu,8100,24,26,$0.07,2,20,https://lbb.in/chennai/dakshinachitra-museum-muttukadu-chennai/
7298,cottage loaf,8100,22,34,$0.13,3,24,https://lbb.in/bangalore/cottage-loaf-aedfd9/
7299,clubs in kolkata,8100,11,207,$0.01,1,28,https://lbb.in/kolkata/best-discos-in-kolkata/
7300,chinese restaurants in south kolkata,8100,18,47,$0.02,2,22,https://lbb.in/kolkata/best-chinese-restaurants-in-kolkata/
7301,chinchwad science park,12100,18,41,$0,1,21,https://lbb.in/pune/pimpri-chinchwad-science-park/
7302,chaat shop near me,6600,11,207,$0.03,3,20,https://lbb.in/bangalore/best-chaat-in-bangalore/
7303,bora bazar street,8100,6,1312,$0.46,2,25,https://lbb.in/mumbai/bora-bazaar-paper-street-mumbai/
7304,women's only gym near me,6600,7,788,$0.32,8,9,https://lbb.in/mumbai/ladies-get-downright-comfy-work-gyms-fitness-centre-women/
7305,types of dress,8100,10,273,$0.02,12,33,https://lbb.in/delhi/types-of-dresses/
7306,tourist places in hubli karnataka,8100,16,47,$0.15,2,20,https://lbb.in/bangalore/places-to-visit-around-hubli/
7307,tourist place in india in july,8100,91,17,$0.07,11,32,https://lbb.in/all/places-to-visit-in-july/
7308,the souled store kolkata,8100,21,34,$0.07,18,21,https://lbb.in/places/The-Souled-Store-park-street-area-a668d3/
7309,the secret place resto bar,8100,19,45,$0.14,4,21,https://lbb.in/bangalore/secret-of-bangalore-check-40bf44/
7310,the mills pune,8100,21,41,$0,1,21,https://lbb.in/pune/check-out-this-amazing-indian-f2a022/
7311,the joint bar cafe,8100,17,60,$0.10,3,20,https://lbb.in/hyderabad/the-joint-bar-and-cafe-c7269a/
7312,the blind relief association delhi,8100,13,91,$1,3,24,https://lbb.in/delhi/delhi-haat-diwali-bazaar-6722b2/
7313,tamhini ghat tata talav maharashtra,9900,45,17,$0,1,20,https://lbb.in/mumbai/visit-worlds-5th-wettest-ghats-world-just-two-hours-away-mumbai/
7314,summer outfits for women,8100,25,21,$0.02,97,20,https://lbb.in/all/summer-outfit-ideas/
7315,subhash place,8100,23,34,$0.02,2,23,https://lbb.in/delhi/netaji-subhash-place-9f6359/
7316,stylish kurtis design,8100,55,17,$0.01,98,36,https://lbb.in/all/types-of-kurtis/
7317,sports bras for heavy breast,9900,22,34,$0.06,100,19,https://lbb.in/all/best-sports-bra-for-heavy-breast/
7318,sports bra for large bust,9900,43,17,$0.06,100,23,https://lbb.in/all/best-sports-bra-for-heavy-breast/
7319,sport bra for big bust,9900,51,17,$0.06,100,19,https://lbb.in/delhi/best-sports-bra-for-heavy-breast/
7320,south wedding sarees,8100,21,34,$0.02,96,22,https://lbb.in/all/south-indian-bridal-saree-looks/
7321,soap football in chennai,8100,12,159,$0.19,1,19,https://lbb.in/chennai/soap-football-nungambakkam-chennai/
7322,shopping in chennai,8100,14,73,$0.16,5,31,https://lbb.in/chennai/best-street-shopping-places-in-chennai/
7323,sector 51 gurgaon,8100,74,17,$0.23,2,18,https://lbb.in/delhi/locality/sector-51-gurgaon/
7324,saz american brasserie,8100,26,19,$0.20,2,27,https://lbb.in/places/SAZ-American-Brasserie-bandra-east-9e0b5c/
7325,which perfume is best for men,8100,38,17,$0.09,95,30,https://lbb.in/all/perfumes-for-men-buy-online/
7326,wafflesome,6600,16,60,$0.09,2,22,https://lbb.in/delhi/wafflesome-c69d9e/
7327,waffle day,8100,25,34,$0,1,38,https://lbb.in/mumbai/waffles-for-INR-100-belgian-waffle-co/
7328,vr fashion,8100,32,17,$0.30,5,21,https://lbb.in/places/VR-Fashions-kammanahalli-abcfcf/
7329,venice mall in noida,8100,31,17,$0.14,1,19,https://lbb.in/places/The-Grand-Venice-Mall-greater-noida-4cf7ff/
7330,vagad's,8100,25,26,$0.25,10,20,https://lbb.in/places/Vagads-thane-area-805a33/
7331,shivaji park gymkhana dadar,8100,10,207,$0.05,3,21,https://lbb.in/mumbai/shivaji-park-gymkhana-389c55/
7332,sad film hindi,8100,9,273,$0,1,29,https://lbb.in/all/sad-bollywood-movies/
7333,royal indian restaurant,8100,32,17,$0.12,5,22,https://lbb.in/kolkata/royal-indian-hotel-80c5b4/
7334,rodeo drive,8100,20,34,$0.65,7,30,https://lbb.in/mumbai/rodeo-drive-peninsula-redpine-61f8d4/
7335,restaurants in rajouri,8100,16,60,$0.02,3,22,https://lbb.in/delhi/restaurants-in-rajouri/
7336,restaurants at fc road pune,8100,13,159,$0.07,6,23,https://lbb.in/pune/the-vegetable/
7337,restaurant at south city mall,170,15,91,$0,1,20,https://lbb.in/kolkata/south-city-mall-for-restaurants/
7338,resort on kanakapura road,18100,44,17,$0.17,67,31,https://lbb.in/bangalore/weekend-getaways-resorts-in-kanakapura-road/
7339,purnabramha hsr,8100,21,26,$0.14,3,22,https://lbb.in/places/Purnabramha-hsr-03092c/
7340,pump house jp nagar,9900,17,60,$0.75,1,8,https://lbb.in/bangalore/the-pump-house-beer-a1646a/
7341,pubs in calcutta,8100,22,34,$0.05,1,24,https://lbb.in/kolkata/bars-open-till-late-night-kolkata/
7342,pondicherry hotels near beach,9900,41,17,$0.17,60,26,https://lbb.in/mumbai/top-beachfront-pondicherry-hotels/
7343,pacific sports complex,9900,10,207,$0.15,3,19,https://lbb.in/delhi/ymca-b267aa/
7344,ozone swimming pool,8100,11,273,$0.11,4,21,https://lbb.in/mumbai/lbbsweats-swim-olympic-size-pool-inr-100-per-day-goregaon/
7345,orlem mumbai,9900,25,18,$0.22,4,18,https://lbb.in/mumbai/orlem-church-malad-9f3405/
7346,netflix latest shows,8100,49,17,$0,1,15,https://lbb.in/delhi/best-new-shows-netflix/
7347,near pool,8100,10,207,$0.05,5,22,https://lbb.in/delhi/swimming-pools-noida/
7348,mundanthurai tiger reserve,8100,43,17,$0,1,31,https://lbb.in/chennai/kalakad-mundanthurai-tiger-reserve-tamil-nadu-chennai/
7349,noor mohammadi restaurant,8100,31,17,$0.03,2,20,https://lbb.in/mumbai/noor-mohammadi-hotel-a42ebb/
7350,noor mohammadi hotel mumbai,8100,28,19,$0.03,2,19,https://lbb.in/mumbai/noor-mohammadi-hotel-a42ebb/
7351,neem oil for hair,8100,57,17,$0.05,98,29,https://lbb.in/all/neem-oil-benefits-for-hair/
7352,narsingh ameerpet x road,8100,15,60,$0.75,6,19,https://lbb.in/hyderabad/narsingh-clothing-emporium/
7353,nagawara bangalore,8100,45,17,$0.14,3,19,https://lbb.in/bangalore/nagvara-lake-b5b545/
7354,mystery rooms indira nagar bangalore official escape rooms,8100,19,47,$0.30,8,21,https://lbb.in/bangalore/mystery-rooms-bangalore/
7355,my bar square,8100,44,17,$0.37,2,35,https://lbb.in/delhi/5-my-bar-lounge-9c9889/
7356,mrp delhi,8100,10,273,$0.10,2,28,https://lbb.in/delhi/cafe-mrp-affordable-food-drinks/
7357,mr button,8100,19,45,$0.10,98,24,https://lbb.in/bangalore/mr-button-menswear-brigade-road/
7358,meeting apps,8100,18,45,$0.66,17,63,https://lbb.in/bangalore/top-apps-for-video-conferencing/
7359,mambo cafe goa,8100,21,41,$0.07,2,22,https://lbb.in/goa/caf-mambo-845de7/
7360,madhuram restaurant hsr layout,8100,3,1312,$0.11,1,17,https://lbb.in/bangalore/arusuvai-arasu-madhuram-33d0d2/
7361,list of malayalam movie,9900,35,17,$0,1,67,https://lbb.in/all/best-malayalam-movies/
7362,lakaki park,8100,7,788,$0.10,4,19,https://lbb.in/pune/lakes-in-pune-56be81/
7363,kolkata bengali restaurants,8100,36,17,$0.03,6,21,https://lbb.in/kolkata/bengali-restaurant-in-kolkata/
7364,knowhere,8100,28,17,$0.30,4,29,https://lbb.in/places/Knowhere-Travel-Co-fdcfc1/
7365,gylt,6600,31,17,$0.11,5,45,https://lbb.in/bangalore/gylt-the-hidden-5fbb0d/
7366,gorai beach mumbai,8100,33,17,$0.23,2,20,https://lbb.in/mumbai/gorai-beach-mumbai/
7367,goodfellas goa,8100,13,159,$0.12,2,22,https://lbb.in/goa/go-authentic-italian-food-south-goa/
7368,goan feni,8100,22,34,$0.06,1,30,https://lbb.in/goa/best-feni-brands/
7369,garba nights,8100,7,379,$0,1,34,https://lbb.in/delhi/dandiya-nights-delhi-ncr/
7370,foundation makeup oily skin,9900,31,17,$0.04,99,18,https://lbb.in/all/best-makeup-foundation-for-oily-skin/
7371,food nirvana,8100,12,159,$0.17,2,21,https://lbb.in/chennai/food-nirvana-restaurant-alwarpet-chennai/
7372,express inn nashik,9900,38,17,$0.13,71,37,https://lbb.in/pune/express-inn-nashik/
7373,evp rajeswari marriage palace,8100,20,45,$0.19,7,10,https://lbb.in/chennai/evp-rajeswari-marriage-palace-d8181f/
7374,easyfix,8100,21,34,$0.32,1,26,https://lbb.in/bangalore/easyfix-home-repairs-maintenance-fix-ac/
7375,dress name for ladies,6600,15,121,$0.01,23,36,https://lbb.in/delhi/types-of-dresses/
7376,kyani & co mumbai,8100,12,207,$0.39,1,25,https://lbb.in/mumbai/the-oldest-rocking-cafe-of-e1e72b/
7377,juice bars,8100,19,73,$0.20,1,30,https://lbb.in/mumbai/juice-places-in-mumbai-to-beat-the-heat/
7378,jeans long kurta,8100,8,207,$0.01,97,23,https://lbb.in/all/kurti-jeans-outfits/
7379,jagdish market,8100,16,47,$0,1,24,https://lbb.in/hyderabad/jagdish-market-151fa8/
7380,jagdish book depot in thane,8100,5,379,$0.05,2,19,https://lbb.in/mumbai/jagdish-book-depot-thane-c43ed6/
7381,indoor flowers to grow,8100,24,34,$0.02,98,44,https://lbb.in/all/indoor-flower-plants/
7382,independence brewing company kalyani nagar,8100,29,17,$0.34,4,19,https://merchant.lbb.in/merchant/business-details/Independence-Brewing-Company-kalyani-nagar-bea95b
7383,holy trinity church powai,8100,9,207,$0.09,4,20,https://lbb.in/mumbai/holy-trinity-church-powai-9f3407/
7384,holi outfit,8100,22,34,$0,12,24,https://lbb.in/all/holi-outfit-ideas/
7385,historical place karnataka,8100,54,17,$0.04,1,16,https://lbb.in/bangalore/historical-places-north-karnataka/
7386,hard rock,8100,30,17,$0.08,1,96,https://lbb.in/bangalore/hard-rock-cafe-bangalore/
7387,hamsa chennai,8100,26,21,$0.21,1,37,https://lbb.in/chennai/hamsa-restaurant-adyar-chennai/
7388,good lip gloss,6600,45,17,$0.05,98,37,https://lbb.in/all/best-lip-gloss/
7389,chavni resort,8100,18,45,$0.11,28,22,https://lbb.in/pune/chhavani-heritage-velhe/
7390,candlelight dinner bangalore,8100,35,17,$0.16,97,18,https://lbb.in/bangalore/candlelight-dinner-bangalore/
7391,camping sites in pune,8100,75,17,$0.19,4,20,https://lbb.in/pune/summer-campsites/
7392,cafe soul garden gurgaon,8100,9,159,$0.07,1,22,https://lbb.in/delhi/cafe-soul-garden-f9630a/
7393,cafe in viman nagar,8100,17,60,$0.02,7,23,https://lbb.in/pune/post/cafes?locality=viman-nagar-pune
7394,cafe in lonavala,8100,31,17,$0.04,7,26,https://lbb.in/pune/cafe-24-lonavala/
7395,branded shirts names,8100,41,17,$0.04,85,19,https://lbb.in/hyderabad/types-of-shirts-for-men/
7396,bombay coffee house fort,8100,18,41,$0.12,2,24,https://lbb.in/mumbai/bombay-coffee-house-eng-breakfast/
7397,bhakti kutir goa,8100,24,19,$0.46,26,23,https://lbb.in/goa/these-are-the-2-amazing-2ac7b9/
7398,best resorts in goa india,8100,41,17,$0.39,100,42,https://lbb.in/goa/beach-resorts-in-goa/
7399,beanlore coffee roasters hsr layout,8100,9,207,$0.02,3,21,https://lbb.in/bangalore/beanlore-coffee-roasters-hsr-layout/
7400,asiatic library,6600,31,17,$0.29,1,21,https://lbb.in/mumbai/beyond-steps-member-asiatic-library/
7401,asha dining hall pune,8100,10,273,$0.12,2,19,https://lbb.in/pune/craving-homemade-food-one-of-ae6dd2/
7402,asha dining hall,8100,11,207,$0.12,2,21,https://lbb.in/pune/craving-homemade-food-one-of-ae6dd2/
7403,andora bandra,8100,15,91,$0.07,3,22,https://lbb.in/mumbai/andoras-bandra/
7404,amir mahal royapettah,8100,53,17,$0.08,4,20,https://lbb.in/chennai/amir-mahal-chepauk-palace-81b633/
7405,amazon business india,8100,55,15,$0.11,28,44,https://merchant.lbb.in/merchant/business-details/Amazon-dot-in-2c83b4
7406,7 midway plaza suryapet telangana,8100,38,17,$0,1,25,https://lbb.in/hyderabad/7-food-court-cf1958/
7407,6th avenue resto bar,8100,34,17,$0.25,3,19,https://lbb.in/chennai/6th-avenue-pub/
7408,1522 the pub rajarajeshwari nagar,8100,30,17,$0.10,5,20,https://lbb.in/places/1522-The-Pub-rajarajeshwari-nagar-8606bf/
7409,1 bar house kitchen 1bhk,8100,24,26,$0.23,4,22,https://lbb.in/mumbai/1bhk-brew-house-kitchen-af3b8e/
7410,zudio kukatpally hyderabad,8100,6,273,$0.21,7,19,https://lbb.in/hyderabad/zudio-kukatpally-f3b66f/
7411,which is the best perfume for men,8100,32,17,$0.08,98,47,https://lbb.in/all/perfumes-for-men-buy-online/
7412,which fragrance is best for men,8100,23,21,$0.09,95,33,https://lbb.in/all/perfumes-for-men-buy-online/
7413,warehouse cafe new delhi,8100,31,17,$0.03,2,18,https://lbb.in/delhi/warehouse-cafe-cp/
7414,vodka brands in india,8100,22,34,$0,1,21,https://lbb.in/all/best-vodka-brands/
7415,v b bakery vv puram,8100,26,19,$0.08,2,23,https://lbb.in/bangalore/vb-bakery-e98353/
7416,true black,8100,35,17,$0.02,6,22,https://lbb.in/places/True-Black-Speciality-Coffee-jubilee-hills-42d612/
7417,top men perfumes,8100,55,17,$0.09,97,41,https://lbb.in/all/perfumes-for-men-buy-online/
7418,top malayalam films,8100,9,159,$0,1,38,https://lbb.in/all/best-malayalam-movies/
7419,the konkan est 2017,8100,23,34,$0.10,3,24,https://lbb.in/bangalore/the-konkan-mangalorean-food-church-street/
7420,sunscreen spf 50 for oily skin,8100,19,45,$0.05,98,13,https://lbb.in/delhi/best-spf-50-for-oily-skin/
7421,strawberry farm,8100,77,17,$0.03,1,21,https://lbb.in/delhi/strawberry-lovers-do-check-8a6b6c/
7422,stores for makeup,9900,21,34,$0.10,3,80,https://lbb.in/hyderabad/best-cosmetics-stores/
7423,sports bra for large breast,8100,52,17,$0.08,100,25,https://lbb.in/delhi/best-sports-bra-for-heavy-breast/
7424,spice of sultan,9900,10,273,$0.10,3,21,https://lbb.in/bangalore/sultans-of-spice-6f166e/
7425,shopping areas,8100,20,41,$0.21,3,27,https://lbb.in/kolkata/best-shopping-places-kolkata/
7426,shadab biryani hyderabad,8100,16,91,$0.05,7,27,https://lbb.in/hyderabad/shadab-sr-nagar/
7427,serum for pigmentation,9900,46,17,$0.16,100,46,https://lbb.in/all/best-serum-hyperpigmentation/
7428,self drive in chennai,8100,53,17,$0.21,50,31,https://lbb.in/chennai/self-drive-cars-in-chennai/
7429,science park pimpri chinchwad,18100,18,41,$0,1,10,https://lbb.in/pune/pimpri-chinchwad-science-park/
7430,sad hindi movies,8100,16,60,$0,1,30,https://lbb.in/all/sad-bollywood-movies/
7431,vitamins to help hair growth,8100,77,17,$0.19,98,37,https://lbb.in/all/vitamins-for-hair-growth/
7432,west bengal santiniketan,6600,31,17,$0.18,4,34,https://lbb.in/kolkata/things-to-do-shantiniketan/
7433,shivaji park gymkhana,8100,8,379,$0.05,3,19,https://lbb.in/mumbai/shivaji-park-gymkhana-389c55/
7434,shivaji nagar bangalore,8100,11,159,$0.22,1,18,https://lbb.in/bangalore/locality/shivaji-nagar-bangalore/
7435,sangam restaurants,8100,13,121,$0.03,1,23,https://lbb.in/delhi/whats-new-sangam-courtyard/
7436,sabka club,8100,8,533,$0.11,2,19,https://lbb.in/kolkata/visit-sabka-club-in-topsia/
7437,review on makeup artist,8100,21,41,$0,1,13,https://lbb.in/delhi/best-makeup-artists-in-delhi/
7438,restaurants adyar chennai,8100,21,34,$0.05,11,23,https://lbb.in/chennai/best-restaurants-in-adyar-chennai/
7439,pubs at chennai,8100,30,17,$0.16,2,22,https://lbb.in/chennai/best-nightclubs-and-pubs-in-chennai/
7440,places to visit in india during july,8100,66,17,$0.19,11,20,https://lbb.in/all/places-to-visit-in-july/
7441,phurr menu,9900,27,18,$0.10,1,18,https://lbb.in/bangalore/phurr-jayanagar-bangalore/
7442,pet cafe near me,8100,10,207,$0.08,7,19,https://lbb.in/hyderabad/pet-friendly-cafes-hyderabad/
7443,period tracker app,8100,36,17,$0.30,23,46,https://lbb.in/all/period-tracker-apps/
7444,nanganallur chennai,6600,43,17,$0.09,4,27,https://lbb.in/chennai/locality/nanganallur-chennai/
7445,name of dress for women,6600,16,60,$0.02,2,46,https://lbb.in/delhi/types-of-dresses/
7446,mystery rooms andheri,6600,28,17,$0.15,14,18,https://lbb.in/mumbai/mystery-rooms-6d988d/
7447,mylari dosa mysore,9900,35,17,$0.05,6,34,https://lbb.in/bangalore/mylari-dosa-at-original-hotel-vinayaka-mylari-mysore/
7448,mumbai nightlife,8100,43,17,$0.38,13,25,https://lbb.in/mumbai/late-night-party-spots/
7449,monkstory india,6600,25,17,$0.08,100,20,https://lbb.in/pune/monk-story-mens-shoes/
7450,mithai name,8100,57,17,$0,1,37,https://lbb.in/all/artisanal-sweets/
7451,military cafe mumbai,8100,6,533,$0.17,3,28,https://lbb.in/mumbai/military-cafe-fort/
7452,men's fashion,9900,48,17,$0.15,85,46,https://lbb.in/kolkata/men-fashion-stores-park-street/
7453,men perfume popular,8100,48,17,$0.09,97,46,https://lbb.in/all/perfumes-for-men-buy-online/
7454,matheran hotel usha ascot,8100,28,17,$0.31,36,20,https://lbb.in/pune/usha-ascot-hotel-matheran/
7455,malayalam movie list,12100,16,47,$0,1,16,https://lbb.in/all/best-malayalam-movies/
7456,mahesh lunch home seafood specialty restaurant juhu,6600,24,18,$0.24,4,22,https://lbb.in/mumbai/a-seafood-marvel-in-mumbai-1abccf/
7457,madras cafe matunga,8100,18,47,$0.10,2,26,https://lbb.in/mumbai/madras-cafe-mumbai-matunga-food-store-cornucopia/
7458,lip gloss for women,9900,53,17,$0.03,99,22,https://lbb.in/all/best-lip-gloss/
7459,lakshmi nagar market delhi,8100,10,159,$0.14,1,30,https://lbb.in/delhi/Laxmi-nagar-women-shopping/
7460,kusum roll,8100,34,17,$0.08,5,23,https://lbb.in/kolkata/kusum-rolls-roulling-our-ed2ea6/
7461,kluney manor resort ooty,8100,25,19,$0.15,41,17,https://lbb.in/delhi/kluney-manor/
7462,king size bed vs queen size bed,8100,92,17,$0.21,22,32,https://lbb.in/all/king-vs-queen-bed-size/
7463,katra neel chandni chowk,8100,9,273,$0.22,1,19,https://lbb.in/delhi/katra-neel-65fd18/
7464,kala bahia,6600,11,121,$0.10,1,19,https://lbb.in/goa/peace-out-yoga-at-1657d7/
7465,kaikondrahalli lake,8100,22,41,$0.17,6,23,https://lbb.in/bangalore/kaikondrahalli-lake-186a35/
7466,jehan numa retreat hotel bhopal,8100,33,17,$0.14,28,33,https://lbb.in/bangalore/bhopal-jehan-numa-retreat/
7467,jamshed bhabha theatre,6600,42,17,$0.18,3,21,https://lbb.in/places/Jamshed-Bhabha-Theatre-nariman-point-3ef5b3/
7468,jagdish book depot thane west,8100,4,533,$0.05,2,18,https://lbb.in/mumbai/jagdish-book-depot-thane-c43ed6/
7469,jagdish book depot,8100,7,533,$0.05,2,19,https://lbb.in/mumbai/jagdish-book-depot-thane-c43ed6/
7470,izumi,8100,19,60,$0,1,27,https://lbb.in/mumbai/izumi-linking-road-a6c9de/
7471,ibiza resort,18100,53,17,$0.15,10,27,https://lbb.in/kolkata/ibiza-resort-near-kolkata/
7472,how to use facial serum,8100,59,17,$0.12,13,32,https://lbb.in/all/how-to-use-face-serum/
7473,holi near me,4400,17,60,$0.01,1,33,https://lbb.in/delhi/best-holi-parties-in-delhi/
7474,higginbothams private limited,8100,48,17,$0.16,5,27,https://lbb.in/chennai/higginbothams-iconic-bookstore-mount-road-chennai/
7475,heera panna mall mumbai,6600,11,273,$0.12,5,19,https://lbb.in/mumbai/heera-panna-mall-shopping-powai/
7476,heavenly spa,6600,41,17,$0.29,8,29,https://lbb.in/pune/heavenly-spa-d26656/
7477,hakim aalim,8100,19,73,$0.22,4,20,https://lbb.in/hyderabad/hakims-aalim-7a280c/
7478,gymkhana chennai,9900,26,17,$0.12,2,29,https://lbb.in/chennai/madras-gymkhana-golf-annex-189a70/
7479,golden leg,8100,19,41,$0.08,7,38,https://lbb.in/bangalore/golden-leg-football-pitch-hsr-790746/
7480,game shopee,8100,16,60,$0.09,4,30,https://lbb.in/places/Game-Shopee-ashok-nagar-e4c973/
7481,foundation for oily skin,9900,72,17,$0.04,99,24,https://lbb.in/all/best-makeup-foundation-for-oily-skin/
7482,feni goa,8100,9,379,$0,1,24,https://lbb.in/goa/best-feni-brands/
7483,fc road pune restaurants,8100,15,121,$0.07,6,23,https://lbb.in/pune/the-vegetable/
7484,export hut,8100,13,159,$0.30,5,19,https://lbb.in/delhi/get-shopping-bags-theres-export-surplus-store-lajpat-nagar-huge/
7485,parks for dogs,8100,11,273,$0.20,2,30,https://lbb.in/kolkata/dog-friendly-parks-south-kolkata/
7486,cafe new york,8100,16,73,$0.49,8,20,https://lbb.in/mumbai/cafe-new-york-61cd0c/
7487,cafe in hyderabad,8100,22,41,$0,5,17,https://lbb.in/hyderabad/best-cafes-hyderabad/
7488,bob's bar indiranagar,8100,35,17,$0.42,1,23,https://lbb.in/places/Bobs-Bar-indira-nagar-b161e7/
7489,bo tai qutub,9900,11,207,$1.03,3,29,https://lbb.in/delhi/bo-tai-qutub/
7490,bille di hatti delhi,8100,8,379,$0.23,3,19,https://lbb.in/delhi/bille-di-hatti-980178/
7491,best nightclubs in delhi,8100,28,18,$0.06,3,23,https://lbb.in/delhi/nightclubs-in-cp/
7492,best ice cream,6600,17,91,$0.02,14,42,https://lbb.in/mumbai/best-iconic-ice-cream-parlours-in-mumbai/
7493,best face exfoliating scrub,8100,70,17,$0.08,99,45,https://lbb.in/all/best-exfoliating-scrub/
7494,best eye cream for dark under eye circles,8100,56,17,$0.09,100,40,https://lbb.in/delhi/best-under-eye-creams/
7495,best clubs in delhi,9900,33,17,$0.21,2,8,https://lbb.in/delhi/night-club-in-delhi-with-free-entry/
7496,bergamo mall chennai,8100,10,159,$0.11,3,19,https://lbb.in/chennai/bergamo-luxury-mall-e375a1/
7497,barracks,8100,24,34,$0.02,1,45,https://lbb.in/delhi/38-barracks-connaught-place/
7498,barometer pune,8100,22,34,$0.45,1,37,https://lbb.in/pune/barometer-80c476/
7499,bapatla to suryalanka beach,8100,26,18,$0.09,1,30,https://lbb.in/hyderabad/things-to-do-suryalanka-beach/
7500,bameys,6600,33,17,$0.03,1,22,https://lbb.in/bangalore/bameys-nepali-restaurant-koramangala/
7501,asiatic library in mumbai,6600,18,45,$0.29,1,33,https://lbb.in/mumbai/best-libraries-mumbai/
7502,anime movies to watch,8100,34,17,$0.07,1,7,https://lbb.in/all/best-anime-movies/
7503,ambrosia resort,8100,49,17,$0.16,5,25,https://lbb.in/pune/ambrosia-resort-and-spa/
7504,alibaug distance from mumbai,8100,74,17,$0.20,1,17,https://lbb.in/mumbai/car-ferry-service-mumbai-alibaug/
7505,2 days trip from bangalore,8100,38,17,$0.08,17,40,https://lbb.in/bangalore/two-day-trips-from-bangalore/
7506,10 downing street pub hyderabad,12100,40,17,$0.14,3,25,https://lbb.in/hyderabad/10-downing-street-begumpet/
7507,ethnic boutique,8100,21,34,$0.16,9,30,https://lbb.in/chennai/ethnic-wear-shops-chennai/
7508,electronics bazaar,6600,31,17,$0.12,28,27,https://lbb.in/delhi/electronic-markets-delhi/
7509,drive through theater near me,8100,9,207,$0.02,1,19,https://lbb.in/chennai/Prarthana-Beach-Drive-in-Theatre-ecr-chennai/
7510,doveton cafe chennai,8100,24,21,$0.12,3,19,https://lbb.in/chennai/-d8cdcc/
7511,don hill station gujarat,8100,12,207,$0,1,21,https://lbb.in/pune/don-hill-station-49d5f8/
7512,dil chahta hai fort,8100,19,34,$0.05,2,32,https://lbb.in/goa/chapora-fort-dil-chahta-hai-goa/
7513,depot 48,9900,8,273,$0.12,3,18,https://lbb.in/delhi/head-to-depot-48-for-great-music-food-and-drinks-cbd4f3/
7514,dancing clubs near me,8100,19,45,$0.06,3,28,https://lbb.in/mumbai/late-night-party-spots/
7515,dance inn bangalore,8100,31,17,$0.36,5,32,https://lbb.in/bangalore/dance-schools-bangalore/
7516,daily bread pastry corner,8100,25,21,$0.03,1,26,https://lbb.in/chennai/pocket-friendly-bakery-on-the-9bcfd6/
7517,crafters corner,8100,11,121,$0.12,41,34,https://lbb.in/delhi/diy-crafts-crafters-corner-will-make-lose-restraint/
7518,connaught place best cafe,8100,16,73,$0.03,3,23,https://lbb.in/delhi/best-cafes-in-cp/
7519,ckp bangalore,8100,20,41,$0.06,1,34,https://lbb.in/bangalore/karnataka-chitrakala-parishath-bangalore/
7520,citizen hotel,8100,55,17,$0.38,8,36,https://lbb.in/mumbai/citizen-hotel-juhu/
7521,chidambaram new madras hotel,8100,13,121,$0.25,2,22,https://lbb.in/delhi/new-madras-hotel-southern-charm-lodhi-colony/
7522,wine shop and bar,6600,15,91,$0,1,15,https://lbb.in/mumbai/best-alcohol-shops-mumbai/
7523,zostel plus panchgani,8100,39,17,$0.13,28,20,https://lbb.in/mumbai/zostel-panchgani/
7524,majorda goa,8100,72,17,$0.41,3,23,https://lbb.in/goa/locality/majorda-goa/
7525,madras shopping,8100,70,17,$0.85,3,26,https://lbb.in/chennai/madras-merch-market-online-themed-accessories-store-chennai/
7526,madras gymkhana,8100,21,26,$0.16,3,33,https://lbb.in/chennai/madras-gymkhana-golf-annex-189a70/
7527,maa tara cr park,6600,10,273,$0.22,2,22,https://lbb.in/delhi/maa-tara-cr-park/
7528,m t r bangalore,8100,23,34,$0.05,2,22,https://lbb.in/bangalore/mtr-bangalore/
7529,lucky restaurant bandra,8100,36,17,$0.17,1,23,https://lbb.in/places/Lucky-Restaurant-bandra-west-2df2f9/
7530,lalbaugcha raja location,8100,11,207,$0,1,29,https://lbb.in/mumbai/lalbaugcha-raja-9bd0bb/
7531,krishna pearls & jewellers hyderabad,2400,21,34,$0.31,25,33,https://lbb.in/hyderabad/krishna-pearls-jewellers-5da16c/
7532,kora kendra ground 3,8100,13,91,$0.31,6,19,https://lbb.in/places/Kora-Kendra-Ground-3-borivali-west-4054e1/
7533,katra neel delhi,8100,5,2462,$0.22,1,19,https://lbb.in/delhi/katra-neel-65fd18/
7534,under the mango trees,8100,25,19,$0.09,3,20,https://lbb.in/bangalore/under-the-mango-tree-165e7b/
7535,tourist places in chittorgarh,8100,12,91,$0.19,6,21,https://lbb.in/all/chittorgarh-sightseeing-places/
7536,top anti wrinkle creams,8100,57,17,$0.17,100,22,https://lbb.in/hyderabad/best-anti-aeging-creams/
7537,the spicy venue restaurant,8100,21,34,$0.14,3,20,https://lbb.in/hyderabad/spicy-venue-5a72b9/
7538,the spicy venue jubilee hills,8100,16,73,$0.14,4,21,https://lbb.in/hyderabad/the-spicy-venue-1402a9/
7539,the london curry house,8100,11,207,$0.23,3,18,https://lbb.in/bangalore/the-london-curry-house-4ca076/
7540,tennis near me,8100,13,121,$0.04,2,17,https://lbb.in/bangalore/tennis-classes-across-the-city/
7541,temple in kolkata,8100,38,17,$0.44,1,16,https://lbb.in/kolkata/temples-in-kolkata-to-visit/
7542,soni sapphire,8100,27,21,$0.45,38,25,https://lbb.in/delhi/soni-sapphire-684475/
7543,shops in orion mall bangalore,8100,18,47,$0.18,1,34,https://lbb.in/bangalore/top-stores-in-shop-orion-mall/
7544,sentosa water park,9900,24,26,$0.26,38,27,https://lbb.in/pune/sentosa-water-park/
7545,self driven cars in chennai,8100,74,17,$0.21,50,28,https://lbb.in/chennai/self-drive-cars-in-chennai/
7546,science park pimpri,18100,23,34,$0,1,18,https://lbb.in/pune/pimpri-chinchwad-science-park/
7547,santiniketan west bengal,6600,28,19,$0.18,4,36,https://lbb.in/kolkata/things-to-do-shantiniketan/
7548,salim ali bird sanctuary goa,8100,34,17,$0.15,1,8,https://lbb.in/goa/salim-ali-bird-sanctuary/
7549,sakura blossom festival,6600,98,17,$0.21,1,53,https://lbb.in/delhi/en-celebrating-sakura-festival-cherry-blossom-menu/
7550,sainikpuri cafes,8100,20,47,$0.02,7,21,https://lbb.in/hyderabad/this-cafe-in-sainikpuri-is-47b91b/
7551,rumourss sky villa & resort lonavala,6600,15,60,$0.14,35,21,https://lbb.in/mumbai/rumourss-sky-villa-lonavala/
7552,roots cafe,8100,12,207,$0.10,3,21,https://lbb.in/delhi/gurgaon-unique-roots-cafe-park/
7553,review for a makeup artist,8100,30,17,$0.20,1,8,https://lbb.in/delhi/best-makeup-artists-in-delhi/
7554,restaurants in electronic city,8100,11,159,$0.05,15,21,https://lbb.in/bangalore/where-to-eat-drink-in-electronic-city/
7555,resort near to mumbai,8100,55,17,$0.22,91,31,https://lbb.in/mumbai/escape-5-luxury-resorts-near-mumbai-getaway/
7556,ramesh nagar delhi,8100,43,17,$0.13,2,19,https://lbb.in/delhi/locality/ramesh-nagar-delhi/
7557,ramesh dyeing pune,9900,10,273,$0.07,2,22,https://lbb.in/pune/ramesh-dyeing-986f78/
7558,rage room delhi,8100,10,273,$0.11,2,19,https://lbb.in/delhi/the-breakroom-pay-money-smash-things/
7559,q mart gachibowli,8100,41,17,$0.20,5,22,https://lbb.in/hyderabad/qmart-banjara-hills-3b4f6d/
7560,punjab canteen,8100,24,26,$0.06,3,19,https://lbb.in/places/Punjab-Canteen-pune-ad11b1/
7561,pub bar in chennai,8100,30,17,$0.16,2,23,https://lbb.in/chennai/best-nightclubs-and-pubs-in-chennai/
7562,prems kp,8100,11,159,$0.14,2,23,https://lbb.in/pune/prems-in-kp-267f64/
7563,pottery near me,8100,9,379,$0.10,5,20,https://lbb.in/delhi/pottery-classes-delhi-ncr/
7564,popular brands for shoes,8100,35,17,$0.06,94,28,https://lbb.in/bangalore/indian-shoe-brands-for-men/
7565,plus size dresses stores near me,8100,8,379,$0.11,99,38,https://lbb.in/hyderabad/plus-size-stores-hyderabad/
7566,plus size dress store near me,8100,19,47,$0.11,99,49,https://lbb.in/chennai/top-plus-size-stores-in-chennai/
7567,planet nine elemental kitchen & bar,6600,34,17,$0.07,3,23,https://lbb.in/pune/sand-water-earth-air-4eac94/
7568,places to visit in hubli-dharwad,8100,48,17,$0.38,2,18,https://lbb.in/bangalore/places-to-visit-around-hubli/
7569,phool mandi,8100,31,17,$0.07,4,20,https://lbb.in/delhi/ghazipur-flower-mandi/
7570,orion mall stores,8100,24,21,$0.36,1,37,https://lbb.in/bangalore/mens-shopping-guide-orion-mall/
7571,om book shop,8100,18,47,$0.13,4,19,https://lbb.in/delhi/om-book-shop-e77c8c/
7572,netflix shows latest,8100,49,17,$0,1,71,https://lbb.in/delhi/best-new-shows-netflix/
7573,name cereals,8100,84,17,$0,1,22,https://lbb.in/pune/post/cereals/
7574,murphies bistro and bar,8100,22,17,$0.29,3,19,https://lbb.in/pune/murphies-e2407e/
7575,mumbai night,8100,20,34,$0.38,13,22,https://lbb.in/mumbai/mumbai-at-night/
7576,mumbai darshan,9900,25,21,$0.10,49,35,https://lbb.in/mumbai/mumbai-darshan/
7577,movies emotional,8100,41,17,$0.02,1,36,https://lbb.in/all/sad-bollywood-movies/
7578,momo sa khang,8100,21,41,$0.07,3,21,https://lbb.in/chennai/momo-sa-khang-by-kailash-kitchen-choolaimedu-chennai/
7579,masala library by jiggs kalra,8100,23,34,$0.12,3,21,https://lbb.in/delhi/masala-library-jiggs-kalra-delhi/
7580,kalakad mundanthurai tiger reserve,8100,33,17,$0,1,20,https://go.lbb.in/1vU1Y4MrmOb
7581,johnson & johnson garden,8100,9,273,$0.12,3,38,https://lbb.in/mumbai/find-nature-at-johnson-0b99b0/
7582,indian brands of vodka,8100,30,17,$0,1,15,https://lbb.in/all/best-vodka-brands/
7583,hotel woodlands chennai,8100,43,17,$0.39,31,20,https://lbb.in/chennai/new-woodlands-hotel-mylapore-chennai/
7584,holy trinity church,8100,34,17,$0.15,4,28,https://lbb.in/mumbai/holy-trinity-church-powai-9f3407/
7585,hayath nagar hyderabad,6600,60,17,$0.10,2,31,https://lbb.in/hyderabad/locality/hayat-nagar-hyderabad/
7586,h&m connaught place,8100,9,273,$0.23,13,23,https://lbb.in/delhi/hm-opening-connaught-place/
7587,gurgaon sector 15,6600,43,17,$0.26,2,31,https://lbb.in/delhi/locality/sector-15-gurgaon/
7588,granth book store,8100,8,533,$0.15,3,25,https://lbb.in/mumbai/granth-bookstore-juhu/
7589,good youtube movies,8100,28,17,$0,1,38,https://lbb.in/bangalore/free-movies-to-stream-on-youtube/
7590,good dinner places near me,8100,25,21,$0.26,15,12,https://lbb.in/delhi/best-restaurants-noida/
7591,glanz fabric,8100,21,41,$0.24,7,24,https://lbb.in/places/Glanz-Fabrics-khar-ae639e/
7592,garuda food court,8100,33,17,$0,1,22,https://lbb.in/bangalore/garuda-mall-eating-guide/
7593,furniture store bangalore,8100,30,17,$0.31,93,34,https://lbb.in/bangalore/best-furniture-stores-in-town/
7594,free library near me,8100,9,533,$0.03,1,50,https://lbb.in/delhi/public-libraries-in-delhi-membership/
7595,fountain plaza,8100,8,379,$0.23,3,26,https://lbb.in/chennai/fountain-plaza-shopping-complex-egmore-chennai/
7596,flipside,10,7,273,$0,1,31,https://lbb.in/hyderabad/flipside-hyderabad/
7597,fitness center near,8100,23,26,$0.13,4,52,https://lbb.in/bangalore/best-gyms-fitness-centres-bangalore/
7598,feni goa drink,8100,22,41,$0.06,1,27,https://lbb.in/goa/best-feni-brands/
7599,feedback for makeup artist,6600,62,17,$0,1,18,https://lbb.in/hyderabad/best-makeup-artists-hyderabad/
7600,eye brow gel,8100,64,17,$0.05,99,33,https://lbb.in/all/best-eyebrow-gel/
7601,escape room chennai,6600,26,18,$0.09,3,15,https://lbb.in/chennai/mystery-rooms-chennai/
7602,ennore beach spot,9900,8,788,$0.07,4,20,https://lbb.in/chennai/ennore-rocks-e94012/
7603,emporium,6600,63,17,$0.11,1,48,https://lbb.in/delhi/-4f63d8/
7604,elephant and co pune,8100,28,18,$0.13,1,22,https://lbb.in/pune/elephant-co-8e4e46/
7605,dino world,8100,15,91,$0,1,21,https://lbb.in/hyderabad/dino-world/
7606,delivery near me alcohol,8100,33,17,$0,1,29,https://lbb.in/delhi/alcohol-home-delivery-gurgaon/
7607,defence colony in delhi,8100,31,17,$0.39,1,26,https://lbb.in/delhi/defence-colony-hood-guide-cheap-booze-groceries-and-an-art-gallery/
7608,defence colony delhi,201000,41,17,$0.18,6,44,https://lbb.in/delhi/defence-colony-hood-guide-cheap-booze-groceries-and-an-art-gallery/
7609,dakshinachitra muttukadu,8100,21,34,$0.07,2,37,https://lbb.in/chennai/dakshinachitra-museum-muttukadu-chennai/
7610,crystal restaurant,8100,12,159,$0.12,3,22,https://lbb.in/mumbai/crystal-restaurant-chowpatty-5a47c4/
7611,cricket and sports,8100,55,17,$0.03,2,83,https://lbb.in/mumbai/best-cricket-clubs-in-mumbai/
7612,cost of jack daniels in delhi,8100,4,1312,$0,1,13,https://lbb.in/delhi/jack-daniels-new-price/
7613,chidambaram's new madras hotel,8100,10,207,$0.25,2,22,https://lbb.in/delhi/new-madras-hotel-southern-charm-lodhi-colony/
7614,chanakyapuri new delhi,8100,60,17,$0.40,2,24,https://lbb.in/delhi/things-to-do-in-chanakyapuri/
7615,camp shopping,9900,20,60,$0.10,3,38,https://lbb.in/pune/post/search?query=street%20shopping%20in%20camp%20pune
7616,cafe roots,8100,20,60,$0.08,2,31,https://lbb.in/delhi/gurgaon-unique-roots-cafe-park/
7617,bougainvillea resort by vibescapes,8100,11,121,$0.21,18,19,https://lbb.in/pune/basho-bougainvillea-resort-839fd0/
7618,bookavibe book cafe and co working space,8100,41,17,$0.14,3,22,https://lbb.in/pune/the-book-cafe-kothrud/
7619,biggest shopping malls in delhi,8100,18,60,$0.06,3,33,https://lbb.in/delhi/best-malls-delhi-ncr/
7620,bheema's restaurant,8100,8,273,$0.20,4,23,https://lbb.in/bangalore/battle-of-the-ages-meals-at-bheemas-or-nagarjuna/
7621,best lip gloss,6600,15,121,$0.05,98,41,https://lbb.in/delhi/best-lip-gloss/
7622,best creatine in india,8100,16,91,$0.25,100,18,https://lbb.in/delhi/best-creatine/
7623,bergamo mall in chennai,8100,11,207,$0.28,3,19,https://lbb.in/chennai/bergamo-luxury-mall-e375a1/
7624,bengali restaurants kolkata,8100,34,17,$0.03,6,20,https://lbb.in/kolkata/bengali-restaurant-in-kolkata/
7625,basketball ground,8100,42,17,$0.17,4,37,https://lbb.in/mumbai/basketball-courts-to-go-to/
7626,bangalore sp road,8100,2,2462,$0,1,22,https://lbb.in/bangalore/electronics-market-sp-road-nagarathpete-bangalore/
7627,anokhi jaipur cafe,8100,36,17,$0.19,4,23,https://lbb.in/delhi/anokhi-cafe-6d1f97/
7628,anokhi cafe jaipur rajasthan,8100,53,17,$0.15,4,29,https://lbb.in/delhi/anokhi-cafe-6d1f97/
7629,anime films top 10,8100,34,17,$0,1,58,https://lbb.in/all/best-anime-movies/
7630,amir mahal chennai,8100,25,21,$0.11,3,19,https://lbb.in/chennai/amir-mahal-chepauk-palace-81b633/
7631,alfa store,8100,30,17,$0.44,3,37,https://lbb.in/places/Alfa-Stores-vile-parle-west-7c2c60/
7632,adchini,8100,15,73,$0.14,4,21,https://lbb.in/delhi/locality/adchini-delhi/
7633,wafflesome delhi,6600,16,73,$0.09,2,21,https://lbb.in/delhi/wafflesome-punjabi-bagh-waffles/
7634,waffles day,8100,25,34,$0,1,43,https://lbb.in/mumbai/waffles-for-INR-100-belgian-waffle-co/
7635,vodka types in india,8100,22,34,$0,1,17,https://lbb.in/all/best-vodka-brands/
7636,vibhuti falls,9900,22,34,$0,1,19,https://lbb.in/bangalore/vibhooti-falls-gokarna/
7637,vels innovative film city,12100,42,17,$0.10,4,32,https://lbb.in/bangalore/innovative-film-city-bangalore/
7638,tourist agencies in bangalore,9900,45,17,$0.25,39,21,https://lbb.in/bangalore/travel-companies-bangalore/
7639,viva panjim restaurant,8100,28,17,$0.06,2,18,https://lbb.in/goa/suwadik-7c6767/
7640,vitamins for hair growth,9900,93,17,$0.21,97,37,https://lbb.in/delhi/vitamins-for-hair-growth/
7641,vinay marg sports complex,8100,51,17,$0.15,4,17,https://lbb.in/delhi/get-dose-everything-sports-complexes-around-delhi/
7642,treks near bangalore,8100,29,17,$0.05,5,15,https://lbb.in/bangalore/5-easy-day-treks-kids/
7643,track racing near me,8100,23,34,$0.03,1,25,https://lbb.in/chennai/best-go-karting-places-in-chennai/
7644,the tree house resort in jaipur,6600,60,17,$0.19,35,24,https://lbb.in/delhi/this-rejuvenating-resort-with-lush-da4253/
7645,tea spot near me,6600,7,788,$0.06,4,23,https://lbb.in/bangalore/tea-cafes-bangalore/
7646,suntan lotion sensitive skin,6600,69,17,$0.06,96,18,https://lbb.in/all/sunscreen-for-sensitive-skin/
7647,sun protection for sensitive skin,6600,84,17,$0.06,96,17,https://lbb.in/delhi/sunscreen-for-sensitive-skin/
7648,sun cream for sensitive skin,6600,75,17,$0.06,97,31,https://lbb.in/delhi/sunscreen-for-sensitive-skin/
7649,sports bras for large bust,9900,51,17,$0.06,100,27,https://lbb.in/delhi/best-sports-bra-for-heavy-breast/
7650,sikandarpur near me,8100,32,17,$0,1,21,https://lbb.in/delhi/locality/sikandarpur-gurgaon/
7651,women's dress names,6600,17,45,$0.01,23,33,https://lbb.in/delhi/types-of-dresses/
7652,pet friendly coffee shops near me,8100,10,273,$0.04,5,23,https://lbb.in/chennai/pet-friendly-cafes-chennai/
7653,pet cafes near me,8100,26,19,$0.06,10,24,https://lbb.in/chennai/pet-friendly-cafes-chennai/
7654,panjagutta hyderabad telangana,8100,68,17,$0.20,5,26,https://lbb.in/hyderabad/things-to-do-in-punjagutta/
7655,pandit jawaharlal nehru auditorium,8100,16,47,$0.10,5,18,https://lbb.in/places/Pandit-Jawaharlal-Nehru-Sanskrutik-Bhavan-shivajinagar-816030/
7656,painting classes near me,9900,11,207,$0.19,14,12,https://lbb.in/chennai/art-classes-chennai/
7657,packet ramen,8100,35,17,$0.01,95,27,https://lbb.in/delhi/best-noodles-to-order-online/
7658,ozone swimming,8100,10,273,$0.11,4,19,https://lbb.in/mumbai/lbbsweats-swim-olympic-size-pool-inr-100-per-day-goregaon/
7659,north bombay sarbojanin durga puja samity,8100,6,379,$0,2,26,https://lbb.in/mumbai/north-bombay-sarbojanin-durga-samiti-6255b1/
7660,norenj,8100,16,60,$0.17,3,22,https://lbb.in/delhi/norenj-71174b/
7661,niacinamide benefits,8100,83,17,$0.11,14,31,https://lbb.in/all/niacinamide-benefits/
7662,ngma delhi,8100,41,17,$0.35,2,41,https://lbb.in/delhi/national-gallery-of-modern-art-new-delhi/
7663,neora valley,8100,24,34,$0,1,29,https://lbb.in/kolkata/neora-valley-national-park-red-panda-rhododendrons-lava-kalimpong-darjeeling/
7664,near swimming pool near me,8100,6,788,$0.03,11,21,https://lbb.in/delhi/swimming-pools-noida/
7665,mumbai dabbawala,8100,31,17,$0.19,1,38,https://lbb.in/places/Mumbai-Dabbawala-Association-3bcf55/
7666,multi cuisine restaurants,8100,9,379,$0.04,3,19,https://lbb.in/delhi/post/multi-cuisine/
7667,makeup primer dry skin,8100,93,17,$0.03,99,25,https://lbb.in/all/best-primers-dry-skin/
7668,longest lasting lipsticks,8100,46,17,$0.05,99,40,https://lbb.in/hyderabad/best-lipstick-brands/
7669,lipstick peach shade,8100,41,17,$0.04,98,22,https://lbb.in/mumbai/peach-lipstick-shades-for-indian-skin-tones/
7670,levant restaurant,6600,21,34,$0.14,3,19,https://lbb.in/hyderabad/indias-first-one-of-its-634b27/
7671,laundry mat near.me,8100,8,533,$0.27,24,29,https://lbb.in/delhi/laundromats-in-the-city-wash-dry-clean-clothes-fold/
7672,lalbagh nursery plants,8100,7,207,$0.14,6,26,https://lbb.in/bangalore/best-nurseries-and-garden-centres-in-bangalore/
7673,lake side cafe,6600,24,34,$0.08,1,37,https://lbb.in/pune/enhancing-life-around-good-food-03b785/
7674,kyani & co,8100,12,159,$0.39,1,25,https://lbb.in/mumbai/the-oldest-rocking-cafe-of-e1e72b/
7675,kolkata pub,8100,32,17,$0.05,1,23,https://lbb.in/kolkata/post/bars-and-nightlife/
7676,kazé bangalore,8100,17,73,$0.01,1,23,https://lbb.in/bangalore/kaze-rooftop-resto-bar-residency-road/
7677,jubilee restaurants,8100,39,17,$0.06,1,20,https://lbb.in/hyderabad/what-to-eat-jubilee-hills/
7678,jagdish market hyderabad,6600,16,91,$0,1,23,https://lbb.in/hyderabad/jagdish-market-151fa8/
7679,hussain sagar boating point,8100,52,17,$0.10,3,35,https://lbb.in/hyderabad/hussain-sagar-things-to-do/
7680,sexual products,8100,20,21,$0.13,3,28,https://lbb.in/bangalore/sexual-wellness-and-pleasure-brands-in-india/
7681,saina resort mumbai,8100,23,34,$0.69,1,20,https://lbb.in/mumbai/saina-resort-512433/
7682,rude lounge malad,8100,39,17,$0.10,2,20,https://lbb.in/mumbai/rude-lounge-powai-malad-880196/
7683,ritchie street electronics hub,8100,32,17,$0.14,6,27,https://lbb.in/chennai/ritchie-street-01dcd9/
7684,resto bar,8100,15,121,$0.16,3,21,https://lbb.in/mumbai/raising-the-bar-at-must-visit-mumbai-restobars-with-peppymusic/
7685,ramesh dyeing in pune,9900,11,273,$0.07,2,21,https://lbb.in/pune/ramesh-dyeing-986f78/
7686,ramesh dyeing,9900,11,207,$0.07,2,20,https://lbb.in/pune/ramesh-dyeing-986f78/
7687,queen vs king size bed,8100,50,17,$0.15,25,17,https://lbb.in/all/king-vs-queen-bed-size/
7688,primer for dry skin,8100,48,17,$0.04,100,24,https://lbb.in/all/best-primers-dry-skin/
7689,escape room mumbai,8100,96,17,$0.17,25,18,https://lbb.in/mumbai/gaming-activities-in-mumbai/
7690,dorabjee and sons restaurant,8100,22,34,$0.01,1,22,https://lbb.in/pune/parsi-culinary-getaway-at-dorabjees-5bd63f/
7691,dine hill masab tank,8100,11,207,$0.05,1,21,https://lbb.in/hyderabad/dine-hill-masab-tank/
7692,dine hill hyderabad,8100,12,159,$0.05,1,22,https://lbb.in/hyderabad/dine-hill-masab-tank/
7693,hotels in pondicherry near beach,14800,45,17,$0.19,68,30,https://lbb.in/mumbai/top-beachfront-pondicherry-hotels/
7694,historic landmarks near me,8100,38,17,$0.06,1,29,https://lbb.in/mumbai/mumbais-historical-places/
7695,heera panna mall,6600,10,379,$0.14,5,18,https://lbb.in/mumbai/herra-panna/
7696,hand bags top brands,8100,56,17,$0.07,99,40,https://lbb.in/mumbai/buy-bags-mumbai-shopping/
7697,granth book store juhu,8100,5,533,$0.15,3,20,https://lbb.in/mumbai/granth-bookstore-juhu/
7698,furniture market delhi,8100,5,1312,$0.08,28,17,https://lbb.in/delhi/furniture-market-in-delhi/
7699,fort mumbai,8100,21,34,$0.09,1,20,https://lbb.in/mumbai/locality/fort-mumbai/
7700,famous biryani hyderabad,8100,53,17,$0.06,2,22,https://lbb.in/hyderabad/biriyani-in-hyderabad/
7701,cafes in hyd,8100,17,73,$0.03,4,23,https://lbb.in/hyderabad/best-cafes-hyderabad/
7702,cafe warehouse connaught place,8100,35,17,$0.04,2,18,https://lbb.in/delhi/warehouse-cafe-cp/
7703,cafe mrp connaught place,8100,9,379,$0.10,2,18,https://lbb.in/delhi/cafe-mrp-affordable-food-drinks/
7704,cafe in noida,8100,29,17,$0.05,9,27,https://lbb.in/delhi/best-cafes-noida-making-us-forget-delhi-bit-bit/
7705,budget bars near me,8100,9,379,$0.04,5,39,https://lbb.in/mumbai/drinking-guide-to-colaba/
7706,best for exfoliating face,8100,67,17,$0.08,100,46,https://lbb.in/all/best-exfoliating-scrub/
7707,backpackers hostel mumbai,8100,16,45,$0.41,59,27,https://lbb.in/mumbai/affordable-backpacker-hostels-mumbai/
7708,amir mahal in chennai,8100,30,17,$0.11,3,13,https://lbb.in/chennai/amir-mahal-chepauk-palace-81b633/
7709,ambrosia resort in pune,8100,37,17,$0.16,5,22,https://lbb.in/pune/ambrosia-resort-and-spa/
7710,alibaug to mumbai,8100,29,17,$0.20,2,11,https://lbb.in/mumbai/car-ferry-service-mumbai-alibaug/
7711,alhamdulillah hotel hyderabad,8100,17,60,$0.08,1,22,https://lbb.in/hyderabad/alhamdulillah-hotel-427153/
7712,adventure park hyd,8100,46,17,$0.06,9,33,https://lbb.in/hyderabad/amusement-parks-hyderabad/
7713,a la liberty restaurant,8100,10,207,$0.15,4,22,https://lbb.in/hyderabad/ala-liberty-ebbf89/
7714,10 downing street hyderabad telangana,9900,24,21,$0.04,1,25,https://lbb.in/hyderabad/10-downing-street-1cfa9f/
7715,10 downing street begumpet,12100,27,17,$0.14,3,24,https://lbb.in/hyderabad/10-downing-street-1cfa9f/
7716,drive in cinema,8100,24,21,$0,1,16,https://lbb.in/delhi/drive-in-cinema-gurgaon-bollywood-special/
7717,dinosaur world,8100,24,34,$0,1,20,https://lbb.in/hyderabad/dino-world/
7718,dhaba shaba indian veg bistro,6600,18,47,$0.12,3,22,https://lbb.in/pune/dhaba-shaba-a83dfa/
7719,delhi haat ina,8100,15,60,$0.48,2,16,https://lbb.in/delhi/what-to-find-in-dilli-haat-delhi/
7720,decathlon sports vasant kunj,8100,40,17,$0.24,5,18,https://lbb.in/places/Decathlon-vasant-kunj-87b164/
7721,crossfit gym,8100,13,121,$0.14,2,19,https://lbb.in/pune/best-gyms-for-crossfit-in-pune/
7722,chennai visiting places,8100,83,17,$0.12,8,38,https://lbb.in/chennai/chennai-tourist-places/
7723,buffet at hyderabad,8100,23,34,$0.07,7,33,https://lbb.in/hyderabad/best-buffets/
7724,yamuna biodiversity park,8100,44,17,$0.09,2,16,https://lbb.in/delhi/bird-watching-yamuna-biodiversity-park/
7725,stag entry meaning,8100,23,19,$0,1,15,https://lbb.in/mumbai/stag-entries-mumbai-clubs-bars/
7726,sri krishna gana sabha main hall,8100,27,17,$0.11,9,19,https://lbb.in/chennai/best-iconic-sabhas-margazhi-chennai/
7727,skates rink,8100,11,379,$0.14,2,19,https://lbb.in/chennai/best-skater-parks-in-chennai/
7728,self drive cars in chennai,8100,74,17,$0.21,50,28,https://lbb.in/chennai/self-drive-cars-in-chennai/
7729,saina resort madh,8100,42,17,$0.69,1,18,https://lbb.in/mumbai/saina-resort-512433/
7730,saanvi's,8100,28,21,$0.10,1,22,https://lbb.in/delhi/saanvis-collection-b8ea82/
7731,royal connaught boat club,8100,9,159,$0.46,4,22,https://lbb.in/pune/the-royal-connaught-boat-club/
7732,restaurants in south city mall,8100,12,121,$0.02,1,20,https://lbb.in/kolkata/south-city-mall-for-restaurants/
7733,restaurants in hyderabad madhapur,8100,15,91,$0.04,9,22,https://lbb.in/hyderabad/restaurants-madhapur-metro/
7734,restaurant on fc road,8100,13,159,$0.07,6,23,https://lbb.in/pune/the-vegetable/
7735,ravi general store,8100,39,17,$0.07,2,19,https://lbb.in/pune/ravi-store-cab0c0/
7736,rangoli mall food court,8100,23,26,$0.06,4,20,https://lbb.in/kolkata/things-to-do-forum-rangoli-mall/
7737,ram ashray,8100,18,47,$0,1,21,https://lbb.in/mumbai/south-indian-delight-3a8f3a/
7738,qutab institutional area delhi,8100,38,17,$0.11,4,19,https://lbb.in/delhi/locality/qutab-institutional-area-delhi/
7739,qutab institutional area,8100,29,17,$0.11,4,19,https://lbb.in/delhi/locality/qutab-institutional-area-delhi/
7740,women dresses name,8100,17,45,$0.02,23,18,https://lbb.in/delhi/types-of-dresses/
7741,women dresses and names,8100,18,41,$0.02,25,21,https://lbb.in/delhi/types-of-dresses/
7742,wine bar,12100,27,21,$0,1,21,https://lbb.in/mumbai/the-wine-rack/
7743,westside gurgaon,8100,11,121,$0.04,23,17,https://lbb.in/delhi/Westside-Store-Gurgaon/
7744,warehouse cafe delhi,8100,52,17,$0.11,2,17,https://lbb.in/places/Warehouse-Cafe-connaught-place-4be2ea/
7745,vitamins and hair growth,8100,59,17,$0.26,91,36,https://lbb.in/all/vitamins-for-hair-growth/
7746,vitamin to increase hair growth,8100,67,17,$0.25,80,43,https://lbb.in/delhi/vitamins-for-hair-growth/
7747,variety of dresses,8100,15,73,$0.03,7,28,https://lbb.in/delhi/types-of-dresses/
7748,valasaravakkam chennai,8100,51,17,$0.16,5,20,https://lbb.in/chennai/locality/valasaravakkam-chennai/
7749,type of dresses,8100,9,273,$0.02,12,53,https://lbb.in/delhi/types-of-dresses/
7750,trekking near bangalore,8100,35,17,$0.07,5,20,https://lbb.in/bangalore/5-easy-day-treks-kids/
7751,tourist of andaman and nicobar islands,8100,61,17,$0.31,22,36,https://lbb.in/all/places-to-visit-in-andaman/
7752,timing of science city kolkata,8100,59,17,$0,1,35,https://lbb.in/kolkata/science-city-kolkata/
7753,taki tourist spot,8100,19,60,$0,1,15,https://lbb.in/kolkata/places-to-see-taki/
7754,sweets from kolkata,8100,55,17,$0.12,3,22,https://lbb.in/kolkata/best-sweet-shops-kolkata/
7755,stores in orion mall bangalore,8100,19,45,$0.33,1,36,https://lbb.in/bangalore/top-stores-in-shop-orion-mall/
7756,srirampuram bangalore,8100,66,17,$0.14,2,19,https://lbb.in/bangalore/locality/srirampura-bangalore/
7757,makeup artist feedback,8100,44,17,$0,1,14,https://lbb.in/delhi/best-makeup-artists-in-delhi/
7758,latin quarters,8100,15,159,$0.07,90,20,https://lbb.in/pune/latin-quarters-8e42d6/
7759,lakeside cafe lakeside,6600,22,26,$0.03,1,26,https://lbb.in/delhi/head-to-this-lovely-cafe-be629c/
7760,kyani and co,8100,11,207,$0,1,30,https://lbb.in/mumbai/the-oldest-rocking-cafe-of-e1e72b/
7761,koramangala cafes,8100,14,159,$0.06,11,30,https://lbb.in/bangalore/kormangala-bangalore/
7762,koramangala cafe,8100,23,34,$0.04,10,23,https://lbb.in/bangalore/new-cafes-koramangala-to-check-out/
7763,kitchen lighting,8100,11,159,$0.03,97,38,https://lbb.in/delhi/kitchen-lighting/
7764,kdh dhoda shop,8100,31,17,$0.03,4,23,https://lbb.in/delhi/kishu-di-hatti-sweets-66730d/
7765,jurasik park inn tickets,8100,24,18,$0.12,3,30,https://lbb.in/delhi/jurasik-park-inn-1a9e4b/
7766,jack daniels whiskey price in delhi,720,8,273,$0,1,17,https://lbb.in/delhi/jack-daniels-new-price/
7767,india shoe brands,8100,22,34,$0.16,100,26,https://lbb.in/bangalore/indian-shoe-brands-for-men/
7768,hotel crescent nungambakkam,8100,32,17,$0.24,4,18,https://lbb.in/chennai/hotel-crescent-nungambakkam-6f09e4/
7769,horror movie to watch,8100,53,17,$0,1,55,https://lbb.in/bangalore/top-horror-movies-to-watch-online/
7770,highway indian,8100,11,159,$0,1,27,https://lbb.in/mumbai/delhi-highway-authentic-north-indian-ad33ef/
7771,handbag top brands,8100,37,17,$0.07,100,18,https://lbb.in/mumbai/buy-bags-mumbai-shopping/
7772,hair brushes for women,8100,40,17,$0.05,99,38,https://lbb.in/delhi/buy-hair-brush-online-based-on-hair-type/
7773,hair brush for women,8100,32,17,$0.04,99,54,https://lbb.in/delhi/buy-hair-brush-online-based-on-hair-type/
7774,gudiyam caves,6600,49,17,$0.08,1,19,https://lbb.in/chennai/gudiyam-caves-trekking-historic-eabc9e/
7775,gravityzip,6600,17,60,$0.11,5,19,https://lbb.in/hyderabad/gravity-zip-hyderabad/
7776,granth juhu,8100,8,207,$0.22,4,21,https://lbb.in/mumbai/granth-bookstore-juhu/
7777,granth bookstore,8100,7,533,$0.15,3,20,https://lbb.in/mumbai/granth-bookstore-juhu/
7778,grand square mall,6600,10,159,$0.12,2,36,https://lbb.in/chennai/best-shopping-brands-grand-square-velachery-chennai/
7779,good exfoliating face scrub,8100,64,17,$0.08,99,35,https://lbb.in/all/best-exfoliating-scrub/
7780,gomantak boarding house dadar,8100,35,17,$0.21,3,19,https://lbb.in/mumbai/dadar-gomantak-seafood/
7781,gift ideas xmas,8100,72,17,$0.02,22,22,https://lbb.in/delhi/best-holiday-gifts/
7782,fridah by bohemians,4400,44,17,$0.08,3,28,https://lbb.in/bangalore/bohemians-290dc8/
7783,formal outfit for women,8100,30,17,$0.03,97,25,https://lbb.in/delhi/formal-ideas-office-wear-for-women/
7784,flip side,9900,17,60,$0,1,21,https://lbb.in/hyderabad/flipside-hyderabad/
7785,faqir chand,9900,33,17,$0,1,29,https://lbb.in/delhi/faqirchand-book-store-644d91/
7786,famous bakes,8100,22,41,$0.19,1,22,https://lbb.in/pune/best-bakeries-in-pune/
7787,espresso martini cocktail,8100,96,17,$0,1,64,https://lbb.in/delhi/coffee-cocktail-espresso-martini-recipe/
7788,dog park,8100,22,45,$0,3,21,https://lbb.in/kolkata/dog-friendly-parks-south-kolkata/
7789,deshbandhu park,8100,41,17,$0.20,2,20,https://lbb.in/kolkata/bally-deshbandhu-club-33ed4c/
7790,crave by leena,8100,11,207,$0.26,71,20,https://lbb.in/bangalore/bonbonniere-8d4fee/
7791,cowrks perungudi sterling technopolis,8100,54,17,$0.35,11,12,https://lbb.in/chennai/cowrks-coworking-space-omr-chennai/
7792,resort in badlapur,22200,60,17,$0.07,10,23,https://lbb.in/mumbai/rainy-resort-badlapur/
7793,pune camp,6600,12,159,$0.13,9,22,https://lbb.in/pune/locality/camp-pune/
7794,pompeii pizza studio,6600,24,21,$0.13,4,20,https://lbb.in/hyderabad/best-pizza-hyderabad/
7795,plus size clothing stores near me,8100,10,273,$0.11,92,19,https://lbb.in/chennai/top-plus-size-stores-in-chennai/
7796,plate restaurant,8100,29,17,$0.12,2,23,https://lbb.in/mumbai/order-online-from-plate-and-pint/
7797,places to travel in india in july,8100,71,17,$0.19,11,19,https://lbb.in/all/places-to-visit-in-july/
7798,places to see in araku,8100,33,17,$0.22,1,19,https://lbb.in/all/places-to-see-araku/
7799,pet friendly cafe near me,8100,28,17,$0.04,5,27,https://lbb.in/chennai/pet-friendly-cafes-chennai/
7800,peach shades lipstick,8100,45,17,$0.03,99,18,https://lbb.in/mumbai/peach-lipstick-shades-for-indian-skin-tones/
7801,peach color lipstick,8100,43,17,$0.03,99,23,https://lbb.in/mumbai/peach-lipstick-shades-for-indian-skin-tones/
7802,paintball near me,8100,5,1312,$0.06,6,12,https://lbb.in/delhi/paintball-delhi-ncr/
7803,open gym,8100,27,26,$0.04,8,19,https://lbb.in/bangalore/open-air-gyms-in-bangalore/
7804,nursery plants,8100,19,60,$0.06,61,39,https://lbb.in/bangalore/best-nurseries-and-garden-centres-in-bangalore/
7805,night clubs in kolkata,8100,11,207,$0.02,1,23,https://lbb.in/kolkata/best-discos-in-kolkata/
7806,narsingh lb nagar,8100,31,17,$0.37,3,19,https://lbb.in/hyderabad/sri-narsingh-cloth-emporium-7492ea/
7807,nail box,8100,34,17,$0.10,26,22,https://lbb.in/bangalore/nailbox-nail-bar-new-bel-road/
7808,museum in pune,8100,7,1312,$0.11,1,22,https://lbb.in/pune/museums-in-pune/
7809,mumbai darshan locations,8100,82,17,$0.11,48,16,https://go.lbb.in/6UJiGi1Eh1b
7810,mtr bangalore,8100,26,21,$0.05,2,22,https://lbb.in/bangalore/mtr-bangalore/
7811,mocha pune salunkhe vihar,8100,16,73,$0,1,22,https://lbb.in/pune/mocha-makes-coolest-late-evening-spot/
7812,best romantic korean dramas on netflix,8100,16,73,$0.01,1,37,https://lbb.in/all/romantic-korean-dramas-netflix/
7813,best dance clubs in delhi,8100,36,17,$0.06,3,23,https://lbb.in/delhi/best-nightclubs-delhi/
7814,best concealer,8100,42,17,$0.07,100,26,https://lbb.in/mumbai/best-concealers-to-buy-online/
7815,best coffee shop mumbai,9900,18,60,$0.17,5,27,https://lbb.in/mumbai/post/coffee/
7816,best cafe in connaught place,8100,49,17,$0.03,3,23,https://lbb.in/delhi/coffee-shops-connaught-place/
7817,best aging cream,8100,48,17,$0.14,100,55,https://lbb.in/hyderabad/best-anti-aeging-creams/
7818,barbeque nation nungambakkam,8100,43,17,$0.15,5,22,https://lbb.in/chennai/barbeque-nation-restaurant-chennai/
7819,bar wine shop,6600,21,41,$0,1,37,https://lbb.in/mumbai/best-alcohol-shops-mumbai/
7820,bangalore famous food,8100,74,17,$0.03,1,33,https://lbb.in/bangalore/iconic-eateries-bangalore/
7821,appu ghar photos,8100,14,121,$0,1,18,https://lbb.in/pune/appu-ghar-pune/
7822,anokhi cafe,8100,37,17,$0.19,4,23,https://lbb.in/delhi/anokhi-cafe-6d1f97/
7823,ambrosia resort pune,8100,41,17,$0.22,5,23,https://lbb.in/pune/ambrosia-resort-and-spa/
7824,airbnb in pondicherry,8100,15,73,$0.21,46,19,https://lbb.in/bangalore/pondicherry-seaview-airbnbs/
7825,crescent hotel nungambakkam chennai,8100,35,17,$0.20,5,20,https://lbb.in/chennai/hotel-crescent-nungambakkam-6f09e4/
7826,chinese garden,8100,57,17,$0.07,2,49,https://lbb.in/delhi/china-garden-authentic-chinese-food/
7827,chennai pubs,9900,33,17,$0,1,21,https://lbb.in/chennai/best-nightclubs-and-pubs-in-chennai/
7828,central cottage emporium,8100,23,34,$0.21,10,35,https://lbb.in/mumbai/buy-home-decor-made-by-rural-artisans-at-cottage-emporium-in-fort/
7829,candle light dinner at bangalore,8100,41,17,$0.16,97,18,https://lbb.in/bangalore/candlelight-dinner-bangalore/
7830,buffet restaurants bangalore,8100,14,60,$0.06,12,27,https://lbb.in/bangalore/post/buffet/
7831,brewing bangalore,8100,47,17,$0.03,14,38,https://lbb.in/bangalore/buy-beer-growlers-from-these-places-bangalore/
7832,blue cross chennai,8100,25,19,$0.99,2,39,https://lbb.in/chennai/the-blue-cross-of-india-ef3d41/
7833,best workout gyms near me,8100,7,788,$0.12,18,21,https://lbb.in/mumbai/best-gyms-mumbai/
7834,tourist spots in chittorgarh,8100,23,21,$0.01,11,25,https://lbb.in/all/chittorgarh-sightseeing-places/
7835,top 10 branded shirts for men,8100,52,17,$0.03,100,28,https://lbb.in/hyderabad/types-of-shirts-for-men/
7836,tiger point lonavala viewpoint,8100,14,159,$0.15,1,13,https://lbb.in/pune/please-pocket-heart-day-trip-tiger-point-lonavala-inr-800/
7837,the dansing bottle,8100,29,17,$0.07,3,22,https://lbb.in/mumbai/smashing-new-hangout-pubs-in-thane/
7838,sunscreen for sensitive skin,8100,77,17,$0.07,95,18,https://lbb.in/delhi/sunscreen-for-sensitive-skin/
7839,sunscreen cream sensitive skin,8100,75,17,$0.07,95,19,https://lbb.in/all/sunscreen-for-sensitive-skin/
7840,speakeasy,8100,32,17,$0.15,2,27,https://lbb.in/delhi/speakeasy-bars-in-delhi/
7841,sp road bangalore,8100,4,1312,$0,1,24,https://lbb.in/bangalore/electronics-market-sp-road-nagarathpete-bangalore/
7842,south wedding saree,8100,24,21,$0.01,98,25,https://lbb.in/all/south-indian-bridal-saree-looks/
7843,soul garden cafe,8100,9,207,$0.07,1,22,https://lbb.in/delhi/cafe-soul-garden-f9630a/
7844,silver beach cafe mumbai,6600,64,17,$0.07,3,22,https://lbb.in/mumbai/silver-beach-in-mumbai/
7845,shaheed minar monument,8100,15,91,$0.26,2,37,https://lbb.in/kolkata/shaheed-minar-226003/
7846,seasonal tastes,8100,20,41,$0.12,3,34,https://lbb.in/mumbai/seasonal-tastes-westin-mumbai-affe4c/
7847,restaurants in rajouri garden,8100,17,47,$0.04,4,21,https://lbb.in/delhi/restaurants-in-rajouri/
7848,resorts close to mumbai,8100,59,17,$0.22,91,29,https://lbb.in/mumbai/best-resorts-near-mumbai-luxury-getaway/
7849,ravi store,9900,23,21,$0.09,2,22,https://lbb.in/pune/ravi-store-cab0c0/
7850,raju uncle chole bhature,8100,19,45,$0.06,3,22,https://lbb.in/pune/raju-uncles-chole-bature-d53549/
7851,rajasthani jaipuri razai,8100,75,17,$0.14,100,21,https://lbb.in/delhi/buy-jaipuri-razais-dohars-online/
7852,pvr cinema ka mall,8100,21,34,$0.17,5,18,https://lbb.in/delhi/pvr-ecx-dlf-mall-8ae88c/
7853,purnabramha bangalore,8100,24,19,$0.39,3,19,https://lbb.in/places/Purnabramha-hsr-03092c/
7854,prem's restaurant,8100,24,26,$0.76,3,21,https://lbb.in/pune/prems-in-kp-267f64/
7855,pool party,8100,20,47,$0.11,1,19,https://lbb.in/delhi/pool-party-in-delhi/
7856,places in hyderabad,8100,56,17,$0.21,13,24,https://lbb.in/hyderabad/top-tourist-places-in-hyderabad/
7857,personal physical trainer,9900,22,34,$0.59,5,67,https://lbb.in/delhi/personal-trainers-on-call-delhi/
7858,peach lip color,6600,50,17,$0.03,98,23,https://lbb.in/mumbai/peach-lipstick-shades-for-indian-skin-tones/
7859,paasha,9900,19,45,$0.06,2,25,https://lbb.in/pune/paasha-722c6b/
7860,over the moon brew co,8100,25,21,$0.18,4,21,https://lbb.in/hyderabad/over-the-moon-0e2864/
7861,om collections unit 1,8100,27,18,$0.23,3,24,https://lbb.in/bangalore/om-collections-om-branded-4d20dc/
7862,nrityagram,8100,19,47,$0.16,3,37,https://lbb.in/bangalore/nrityagram-e812c5/
7863,mrp cafe connaught place,8100,11,273,$0.10,2,18,https://lbb.in/delhi/cafe-mrp-affordable-food-drinks/
7864,mma training center near me,8100,11,207,$0.05,11,25,https://lbb.in/mumbai/mma-classes-mumbai/
7865,ministry of beer,8100,19,60,$0.04,1,22,https://lbb.in/delhi/misintry-of-beer-microbrewery-cp/
7866,maa tara restaurant cr park,5400,12,159,$0.22,2,21,https://lbb.in/delhi/maa-tara-cr-park/
7867,secretariat park,8100,13,121,$0.14,4,19,https://lbb.in/chennai/secretariat-park-17175c/
7868,hilltop friday night market,6600,3,1312,$0,1,36,https://lbb.in/goa/goa-collective-bazaar-flea-market-vagator/
7869,hill stations near mumbai maharashtra,8100,59,17,$0.28,3,30,https://lbb.in/mumbai/weekend-getaways-winter/
7870,hidden village resort,8100,12,159,$0.10,1,34,https://lbb.in/mumbai/hidden-village-atgaon-near-mumbai/
7871,heera panna shopping,6600,9,379,$0.12,5,20,https://lbb.in/mumbai/herra-panna/
7872,hair salon men,1900,20,45,$0.19,5,57,https://lbb.in/hyderabad/mens-salon-hyderabad/
7873,gulmohar club,8100,16,45,$0.18,4,18,https://lbb.in/delhi/pacific-sports-complex-b267a6/
7874,granth mumbai,8100,6,273,$0.22,4,21,https://lbb.in/mumbai/granth-bookstore-juhu/
7875,granth book shop,8100,8,379,$0.15,3,19,https://lbb.in/mumbai/granth-bookstore-juhu/
7876,gopal 56,9900,21,34,$0,2,21,https://lbb.in/delhi/summers-treating-you-harsh-head-2ff667/
7877,good resorts hyderabad,12100,43,17,$0.24,96,24,https://lbb.in/hyderabad/best-resorts-hyderabad/
7878,goa majorda,8100,69,17,$0.41,3,23,https://lbb.in/goa/locality/majorda-goa/
7879,geoffrey's,8100,16,91,$0.32,1,26,https://lbb.in/mumbai/geoffreys-f2462e/
7880,free libraries near me,8100,9,533,$0.04,1,47,https://lbb.in/delhi/public-libraries-in-delhi-membership/
7881,fossils band,8100,46,17,$0.03,1,47,https://lbb.in/kolkata/fossils-446393/
7882,formal wear for women in office,9900,25,26,$0.08,96,36,https://lbb.in/delhi/formal-ideas-office-wear-for-women/
7883,fc road restaurants,8100,15,91,$0.07,6,25,https://lbb.in/pune/the-vegetable/
7884,face wash with tea tree oil,8100,89,17,$0.04,99,21,https://lbb.in/shop/product/tea-tree-oil-face-wash/
7885,evoo gurugram,8100,32,17,$0.32,3,17,https://lbb.in/delhi/evoo-eatery-pizzeria/
7886,events in delhi today,8100,30,17,$0.04,25,35,https://lbb.in/delhi/events-in-delhi/
7887,espresso martini drink,8100,105,17,$0,1,49,https://lbb.in/delhi/coffee-cocktail-espresso-martini-recipe/
7888,dog dog park,8100,32,17,$0.20,2,47,https://lbb.in/mumbai/pet-parks/
7889,earring and piercing,6600,42,17,$0.04,99,39,https://lbb.in/all/types-of-ear-piercings/
7890,dry skin makeup primer,8100,66,17,$0.03,99,26,https://lbb.in/all/best-primers-dry-skin/
7891,dogs at park,8100,23,41,$0.20,2,46,https://lbb.in/hyderabad/dogs-park-necklace-road-hyderabad/
7892,dog park dog park,8100,11,379,$0.20,2,38,https://lbb.in/hyderabad/dogs-park-necklace-road-hyderabad/
7893,different types of dress,8100,7,379,$0.02,12,40,https://lbb.in/delhi/types-of-dresses/
7894,delhi events,8100,25,18,$0.12,12,59,https://lbb.in/delhi/events-in-delhi/
7895,csi all saints church,6600,27,19,$0.15,6,23,https://lbb.in/bangalore/all-saints-church-b739c9/
7896,circle of crust,8100,30,17,$0.25,2,21,https://lbb.in/pune/circle-of-crust-pizza-pune/
7897,chichabas taj frazer town,8100,8,379,$0.13,2,21,https://lbb.in/bangalore/chichabas-taj-is-now-rebranded-c9a7fe/
7898,chanakyapuri new delhi delhi,8100,29,17,$0.12,2,26,https://lbb.in/delhi/things-to-do-in-chanakyapuri/
7899,chanakya mall,6600,10,207,$0.50,1,19,https://lbb.in/delhi/things-to-do-the-chanakya/
7900,chalukya samrat,9900,31,17,$0.04,1,22,https://lbb.in/bangalore/hotel-chalukya-samrat/
7901,camping places in pune,8100,73,17,$0.19,4,20,https://lbb.in/pune/summer-campsites/
7902,buon cibo the italian cafe,8100,12,121,$0.05,3,21,https://lbb.in/pune/you-must-visit-this-cafe-8fc9a9/
7903,best exfoliating face scrub,8100,66,17,$0.08,99,46,https://lbb.in/all/best-exfoliating-scrub/
7904,bheemas restaurant,8100,11,207,$0.20,4,23,https://lbb.in/bangalore/battle-of-the-ages-meals-at-bheemas-or-nagarjuna/
7905,best resort in hyd,8100,39,17,$0.21,95,31,https://lbb.in/hyderabad/best-resorts-hyderabad/
7906,best cake,8100,27,26,$0.21,98,50,https://lbb.in/delhi/post/cakes/
7907,bel road restaurants,8100,12,73,$0.03,7,21,https://lbb.in/bangalore/restaurants-80-feet-road-new-bel-road/
7908,bbq nation deccan,8100,29,17,$0.27,4,17,https://lbb.in/pune/barbeque-nation-pune/
7909,autumn leaves cafe,8100,9,207,$0.10,1,23,https://lbb.in/hyderabad/autumn-leaf-caf-c21971/
7910,alchemy coffee roaster,8100,32,17,$0.40,4,33,https://lbb.in/bangalore/alchemy-coffee-roasters-jayanagar/
7911,actor shahrukh khan house,8100,19,47,$0,1,30,https://lbb.in/mumbai/mannat-bandra/
7912,7 rivers brewing co,8100,42,17,$0.50,4,21,https://lbb.in/mumbai/follow-seven-rivers-brewing-co-instagram/
7913,viva panjim,6600,9,273,$0.14,2,21,https://lbb.in/goa/old-school-chilling-viva-panjim-goa/
7914,venice mall noida,8100,26,18,$0.14,1,23,https://lbb.in/places/The-Grand-Venice-Mall-greater-noida-4cf7ff/
7915,vallonne vineyards,8100,14,73,$0.15,13,20,https://lbb.in/pune/vallonne-vineyards-d258e2/
7916,trek near bangalore,8100,27,17,$0.07,5,18,https://lbb.in/bangalore/5-easy-day-treks-kids/
7917,things to do in bangkok,9900,85,17,$0.13,90,35,https://lbb.in/all/things-to-see-in-bangkok/
7918,things to do bangkok,8100,70,17,$0.14,100,33,https://lbb.in/all/things-to-see-in-bangkok/
7919,theatre pune,8100,31,17,$0.04,1,44,https://lbb.in/pune/theatres-in-pune/
7920,the caffeine baar cafe church street,9900,29,17,$0.08,4,21,https://lbb.in/bangalore/the-caffeine-baar-newbie-in-88803d/
7921,large breast sports bra,8100,57,17,$0.08,100,32,https://lbb.in/all/best-sports-bra-for-heavy-breast/
7922,lalbagh nursery,8100,10,159,$0.16,5,21,https://lbb.in/bangalore/best-nurseries-and-garden-centres-in-bangalore/
7923,lalbagh botanical garden bangalore timings,8100,74,17,$0.09,1,16,https://lbb.in/bangalore/lal-bagh-botanical-garden-bangalore/
7924,lajpat nagar i,8100,46,17,$0.35,5,27,https://lbb.in/delhi/things-to-do-in-lajpat-nagar-in-delhi/
7925,la cabana beach resort,8100,22,26,$0.15,79,23,https://lbb.in/goa/le-cabana-resort-ashvem-beautiful-beach-stay-destination-wedding/
7926,koyla ethnic cuisine,8100,21,45,$0.07,3,24,https://lbb.in/mumbai/sheesha-kebabs-koyla-colaba/
7927,korean skincare brands,5400,51,17,$0.13,45,53,https://lbb.in/all/best-korean-beauty-brands/
7928,king versus queen size bed,8100,71,17,$0.21,22,23,https://lbb.in/all/king-vs-queen-bed-size/
7929,khar comedy club,6600,19,45,$0.16,7,20,https://lbb.in/mumbai/stand-up-comedy-venues-mumbai/
7930,kasipu resto bar,8100,26,17,$0.19,4,23,https://lbb.in/bangalore/eat-at-kasipu-restaurant-in-jalahalli/
7931,kankaria lake kankaria ahmedabad gujarat,8100,28,21,$0.09,5,19,https://lbb.in/all/kankaria-lake-ahemdabad/
7932,just kerala restaurant,6600,25,21,$0.12,2,17,https://lbb.in/mumbai/just-kerala-food-a29f37/
7933,jamming goat 3.0 hyderabad,8100,38,17,$0.16,4,21,https://lbb.in/bangalore/jamming-goat-30-indiranagar/
7934,hyderabad jagdish market,6600,12,207,$0,1,21,https://lbb.in/hyderabad/jagdish-market-151fa8/
7935,historical places of karnataka,8100,42,17,$0,1,7,https://lbb.in/bangalore/historical-places-north-karnataka/
7936,hayathnagar hyderabad,6600,58,17,$0.10,2,22,https://lbb.in/hyderabad/locality/hayat-nagar-hyderabad/
7937,tibetan momo,6600,35,13,$0.27,2,26,https://lbb.in/kolkata/tibetan-delight-52e044/
7938,the shopping mall arjun marg,6600,7,223,$0.16,5,19,https://lbb.in/delhi/shopping-mallarjun-marg-market-18d882/
7939,the lazy dog,6600,18,38,$0.55,2,32,https://lbb.in/delhi/the-lazy-dog-65620d/
7940,the french window patisserie pune,5400,18,38,$0.31,4,20,https://lbb.in/pune/the-french-window-into-foodies-heaven-d6597b/
7941,the big cup theory,6600,11,168,$0.11,3,32,https://lbb.in/hyderabad/big-cup-theory/
7942,tea shop near me open now,5400,12,130,$0.88,5,8,https://lbb.in/bangalore/tea-cafes-bangalore/
7943,style of eyeliner,8100,18,60,$0.06,2,24,https://lbb.in/all/eyeliner-styles/
7944,wedding dress rent near me,6600,9,434,$0.12,13,33,https://lbb.in/delhi/wedding-clothes-on-rent/
7945,waterfall in kharghar,6600,19,38,$0.02,1,20,https://lbb.in/mumbai/pandavkada-wateralls-beautiful-just-one-hour-away-fom-city/
7946,water park chennai,12100,45,13,$0.12,5,18,https://lbb.in/chennai/best-water-parks-in-chennai/
7947,vraj bhoomi,6600,20,36,$0.18,100,23,https://lbb.in/mumbai/ajrakh-collection-vrajbhoomi-intricate-beautiful/
7948,vishwa shanti ashrama,6600,40,13,$0.07,3,9,https://lbb.in/bangalore/vishwashanthi-ashram-66a7a2/
7949,velocity entertainmentz,6600,10,130,$0.01,1,19,https://lbb.in/pune/velocity-entertainmentz-7ac311/
7950,types of wristwatches,6600,28,14,$0.03,36,25,https://lbb.in/all/types-of-watch/
7951,tshirt clothing brands,6600,45,13,$0.06,100,34,https://lbb.in/delhi/shop-graphic-slogan-tshirts-online/
7952,tourist attractions in lansdowne,5400,77,13,$0.12,1,23,https://lbb.in/delhi/places-to-visit-in-lansdowne/
7953,top dress brands in india,6600,39,13,$0.16,50,45,https://lbb.in/all/best-clothing-brands-india/
7954,winery india,6600,81,13,$0,1,30,https://lbb.in/delhi/wine-destinations-india/
7955,whiskey jd,6600,18,38,$0,1,19,https://lbb.in/delhi/jack-daniels-new-price/
7956,wine goa,6600,19,38,$0,1,14,https://lbb.in/goa/best-liquor-stores-in-goa/
7957,worli atria mall,6600,8,223,$0.07,1,21,https://lbb.in/mumbai/shopping-brands-atria-mall-worli/
7958,the hole in the wall cafe kammanahalli,5400,51,13,$0.11,5,20,https://lbb.in/bangalore/breakfast-hole-in-the-wall-cafe/
7959,st patrick's cathedral,6600,13,99,$0.36,10,40,https://lbb.in/pune/st-patricks-cathedral-f3296d/
7960,sony world 80ft road koramangala,6600,23,21,$0.18,6,20,https://lbb.in/bangalore/things-to-do-sony-world-junction-koramangala/
7961,soam restaurant,5400,29,13,$0.07,1,27,https://lbb.in/mumbai/-1d8d65/
7962,sion lunch home,6600,11,168,$0.09,1,20,https://lbb.in/mumbai/sion-lunch-home-6e6caf/
7963,shri rajasthani dhaba,6600,18,49,$0.17,3,22,https://lbb.in/chennai/shri-rajasthani-dhaba-ff0b59/
7964,shree swargha heritage wedding venue,8100,31,13,$0.14,9,17,https://lbb.in/bangalore/wedding-venues-bangalore/
7965,shalimar restaurant bhendi bazaar,6600,32,13,$0.04,1,23,https://lbb.in/mumbai/shalimar-serving-mughlai-food-in-74a00b/
7966,serum for dry skin face,8100,72,13,$0.11,100,34,https://lbb.in/all/best-serums-for-dry-skin/
7967,secunderabad restaurants,6600,29,14,$0.03,10,23,https://lbb.in/hyderabad/restaurants-in-secunderabad/
7968,secondhand book,480,17,36,$0.05,23,25,https://lbb.in/pune/second-hand-books-pune/
7969,sdat shenoy nagar swimming pool,5400,5,642,$0.11,5,20,https://lbb.in/chennai/shenoy-nagar-swimming-pool-59d118/
7970,sarees name,6600,52,13,$0.02,9,13,https://lbb.in/delhi/types-of-sarees/
7971,salicylic acid skin benefits,6600,111,13,$0.09,13,23,https://go.lbb.in/gouCEgcz80b
7972,sagar papaji ka dhaba,6600,28,13,$0.17,2,22,https://lbb.in/hyderabad/sagar-papaji-ka-dhaba/
7973,rosewater on face benefits,8100,109,13,$0.04,8,17,https://go.lbb.in/BSYjLbf070b
7974,river winds resort,5400,5,642,$0.33,3,21,https://lbb.in/mumbai/river-winds-resort-d81a86/
7975,restaurants near me 24/7,5400,12,130,$0.18,7,9,https://lbb.in/mumbai/restaurants-to-remain-open-24-7/
7976,reception party,6600,48,13,$0.20,1,30,https://lbb.in/all/reception-look-bride/
7977,safari near me,5400,18,38,$0.15,2,44,https://lbb.in/mumbai/jungle-safaris-in-Maharashtra/
7978,rina's venue,6600,26,15,$0.08,5,19,https://lbb.in/chennai/rinas-venue-wedding-hall-injambakkam-chennai/
7979,restaurants at secunderabad,6600,24,17,$0.03,10,25,https://lbb.in/hyderabad/restaurants-in-secunderabad/
7980,raintree hotel chennai anna salai,6600,58,13,$0.39,40,23,https://lbb.in/chennai/raintree-hotel-chennai/
7981,pune travel company,6600,27,14,$0.19,28,54,https://lbb.in/pune/travel-companies-in-pune/
7982,premium wine shop,6600,11,168,$0,1,18,https://lbb.in/delhi/wine-beer-shops-delhi/
7983,pinklay store,5400,12,223,$0.48,13,21,https://lbb.in/bangalore/pinklay-store-indiranagar/
7984,picnic spots in delhi,6600,64,13,$0.15,4,23,https://lbb.in/delhi/best-picnic-spots-delhi/
7985,pick my laundry,5400,18,49,$0.24,6,46,https://lbb.in/delhi/pick-my-laundry-673d5a/
7986,pandey paan,6600,22,33,$0.15,2,21,https://lbb.in/delhi/paan-delhi-sn-pandey/
7987,palolem market,6600,51,13,$0,1,15,https://lbb.in/goa/flea-markets-in-goa-25b8c8/
7988,oven kissed cats cafe,9900,43,13,$0.13,3,31,https://lbb.in/delhi/delhi-opens-its-first-ever-66849b/
7989,o'pedro,6600,18,36,$0.02,1,29,https://lbb.in/mumbai/goan-food-in-mumbai-at-o-pedro-bkc/
7990,new korean movie,5400,32,13,$0,1,41,https://lbb.in/all/best-korean-movies/
7991,near kanakapura resorts,8100,68,13,$0.23,47,30,https://lbb.in/bangalore/weekend-getaways-resorts-in-kanakapura-road/
7992,near hyderabad waterfalls,6600,42,13,$0.04,1,20,https://lbb.in/hyderabad/waterfalls-near-hyderabad/
7993,near by swimming pool near me,5400,7,642,$0.03,9,21,https://lbb.in/delhi/swimming-pools-noida/
7994,mystery rooms chennai,5400,11,168,$0.18,5,19,https://lbb.in/chennai/mystery-rooms-chennai/
7995,movies and sports,8100,86,13,$0.06,1,62,https://lbb.in/bangalore/best-sports-movies-and-series-online/
7996,moonrakers restaurant,6600,29,13,$0.28,1,25,https://lbb.in/bangalore/moonrakers-in-mahabalipuram/
7997,modern lunch home,6600,15,130,$0.34,1,19,https://lbb.in/mumbai/modern-lunch-home-sion/
7998,mk retail supermarket,6600,23,17,$0.30,6,21,https://lbb.in/bangalore/mk-retail-b3483d/
7999,maris hotel,1900,27,14,$0.39,13,19,https://lbb.in/chennai/hotel-maris-anandam-chennai-meals-cathedral-road-chennai/
8000,lonavala station,6600,22,28,$0.11,3,26,https://lbb.in/pune/everyones-favourite-hill-station-lonavala-02bef2/
8001,lansdowne tourist spots,6600,80,13,$0.11,2,26,https://lbb.in/delhi/places-to-visit-in-lansdowne/
8002,lots wholesale,6600,32,13,$0.53,1,31,https://lbb.in/delhi/shop-lots-lots-e89b20/
8003,loco bear tickets,6600,17,38,$0.10,21,24,https://lbb.in/bangalore/loco-bear-koramangala/
8004,leave in conditioner for frizzy hair,6600,40,13,$0.06,100,25,https://lbb.in/delhi/best-leave-in-conditioners/
8005,lal kuan chandni chowk,6600,52,13,$0.20,4,20,https://lbb.in/delhi/shop-sarees-silver-stationery-chandni-chowk-shopping-guide/
8006,kurinjal trek,5400,21,28,$0.01,1,13,https://lbb.in/bangalore/kurinjal-peak-kudremukh/
8007,kudle beach resort,6600,44,13,$0.27,68,19,https://lbb.in/bangalore/kudle-beach-view-resort-spa-e2f688/
8008,korean film new,5400,35,13,$0,1,46,https://lbb.in/delhi/best-korean-movies/
8009,khedda resort,6600,27,14,$0.17,5,19,https://lbb.in/bangalore/khedda-resorts-70d0c9/
8010,kath n ghat restaurant,6600,11,168,$0.35,5,22,https://lbb.in/mumbai/khat-n-ghat-thane-460e4c/
8011,karanji lake nature park,5400,16,60,$0.04,3,18,https://lbb.in/bangalore/karanji-lake-park-mysore/
8012,kalamandir auditorium,6600,43,13,$0,1,20,https://lbb.in/kolkata/not-going-away-long-weekend-heres-guide-city/
8013,kailash complex,6600,94,13,$0.12,2,18,https://lbb.in/delhi/swimming-pools-delhi-ncr/
8014,juhu sea princess,6600,15,60,$0.37,48,23,https://lbb.in/mumbai/sea-princess-juhu-62fdd2/
8015,janakpuri near me,4400,25,17,$0,1,20,https://lbb.in/delhi/locality/janakpuri-delhi/
8016,itc gardenia bengaluru,6600,74,13,$0.96,24,36,https://lbb.in/bangalore/mothers-day-lunch-brunch-bangalore/
8017,ingredient list skin care,5400,51,13,$0,1,44,https://lbb.in/delhi/best-skincare-ingredients/
8018,infant jesus church vivek nagar,6600,17,33,$0.01,1,33,https://lbb.in/bangalore/infant-jesus-church-0c0e87/
8019,infant jesus church bangalore,6600,18,33,$0.01,1,34,https://lbb.in/bangalore/infant-jesus-church-0c0e87/
8020,inexpensive gym near me,6600,13,99,$0.17,17,27,https://lbb.in/pune/affordable-gyms-in-pune/
8021,ihop,6600,18,33,$0,1,33,https://lbb.in/delhi/culinate-badee6/
8022,house of dosas,6600,16,60,$0.19,3,22,https://lbb.in/hyderabad/the-dosa-way-cd2c6f/
8023,hilltop goa,6600,47,13,$0.86,5,29,https://lbb.in/goa/hilltop-parties-goa/
8024,hairfall serum,4400,55,13,$0.23,100,21,https://lbb.in/delhi/hair-serums-hair-fall-buy-online/
8025,haircut for women near me,5400,28,14,$0.21,28,23,https://lbb.in/mumbai/best-salons-women-mumbai/
8026,emotional movies bollywood,6600,19,33,$0,1,32,https://lbb.in/all/sad-bollywood-movies/
8027,elementaria bakery cafe,6600,22,28,$0.06,3,23,https://lbb.in/mumbai/one-of-the-best-sweets-c8544f/
8028,disco in bandra,6600,28,14,$0.04,1,22,https://lbb.in/mumbai/best-bollywood-nights/
8029,della adventure & resorts lonavala,9900,54,13,$0.24,56,31,https://lbb.in/mumbai/della-resorts-lonavala-649641/
8030,defence colony club,6600,6,309,$0.20,4,20,https://lbb.in/delhi/defence-colony-club-5eb454/
8031,croissant near me,6600,8,434,$0.06,13,34,https://lbb.in/bangalore/best-croissants-in-bangalore/
8032,crochet shops near me,2900,35,13,$0.16,5,7,https://lbb.in/bangalore/pony-craft-store-cunningham-road/
8033,clothes shop zara,6600,45,13,$0.05,56,41,https://lbb.in/bangalore/zara-online-shopping-india/
8034,chinnappanahalli lake,5400,12,223,$0.16,6,21,https://lbb.in/bangalore/chinnappanahalli-lake-park-8d0e25/
8035,chindi market kurla,5400,4,434,$0.03,1,32,https://lbb.in/mumbai/chindi-market-kurla/
8036,champagne bottle,6600,32,13,$0.24,1,24,https://lbb.in/mumbai/sparkling-wines-inr-2000/
8037,candies pali hill bandra,6600,37,13,$0.13,1,23,https://lbb.in/places/Candies-bandra-west-4acd38/
8038,candies mumbai,6600,36,13,$0.03,1,30,https://lbb.in/mumbai/candies-bandra/
8039,candies bandra pali hill,6600,35,13,$0.13,1,23,https://lbb.in/mumbai/candies-bandra/
8040,cafes in thane,6600,33,13,$0.02,2,24,https://lbb.in/mumbai/coffee-shops-thane/
8041,cafe leopold mumbai menu,6600,30,13,$0.01,1,22,https://lbb.in/mumbai/leopold-cafe/
8042,cafe churchill colaba,6600,13,99,$0.08,2,22,https://lbb.in/mumbai/go-to-cafe-churchill-in-colaba-for-some-good-old-meaty-delicious-grub/
8043,busan korean restaurant,6600,10,223,$0.01,2,22,https://lbb.in/delhi/korean-food-busan-majnu-ka-tila/
8044,burma market chennai,6600,26,17,$0.15,3,26,https://lbb.in/chennai/atho-noodles-burma-bazaar-george-town-chennai/
8045,burma bazaar,6600,31,13,$0.15,3,28,https://lbb.in/places/Burma-Bazar-chennai-ebf5ce/
8046,burger factory nerul,5400,39,13,$0.07,4,21,https://lbb.in/mumbai/burger-factory-goa/
8047,bridal dresses rent near me,6600,9,309,$0.09,13,25,https://lbb.in/delhi/wedding-clothes-on-rent/
8048,bollywood emotional movies,6600,16,38,$0,1,31,https://lbb.in/all/sad-bollywood-movies/
8049,bloomrooms calangute,6600,38,13,$0.20,30,20,https://lbb.in/goa/sun-sand-bloom-hotel-available-goa-now/
8050,best sun tan lotion for sensitive skin,6600,73,13,$0.07,100,48,https://lbb.in/delhi/sunscreen-for-sensitive-skin/
8051,best lipstick,6600,22,28,$0.06,100,28,https://lbb.in/bangalore/best-long-lasting-lipsticks/
8052,best ladies body lotion,6600,61,13,$0.07,99,26,https://lbb.in/all/best-body-lotion/
8053,best facial mask for glowing skin,6600,62,13,$0.09,99,36,https://lbb.in/delhi/face-masks-for-glowing-skin/
8054,hot sauce and,6600,43,13,$0.06,81,31,https://lbb.in/bangalore/best-hot-sauces-to-buy-online/
8055,hauz khas restaurants,6600,12,130,$0.05,5,21,https://lbb.in/delhi/restaurants-hauz-khas-village/
8056,harry potter merchandise,6600,38,13,$0.06,99,24,https://lbb.in/mumbai/harry-potter-merchandise-gifts/
8057,guwahati rope way,6600,42,13,$0,1,20,https://lbb.in/kolkata/guwahati-longest-ropeway-ride/
8058,gulati sweets and snacks,6600,19,38,$0.08,3,21,https://lbb.in/mumbai/gulati-sweets-andheri-east-9f3285/
8059,guitar store,12100,27,13,$0.18,5,23,https://lbb.in/mumbai/musical-instruments-buy/
8060,grocery stores online shopping,5400,43,13,$0.38,47,72,https://lbb.in/delhi/online-grocery-stores-delhi/
8061,golpark ramakrishna mission library,6600,27,13,$0.21,5,13,https://lbb.in/kolkata/library-at-ramakrishna-mission-institute-of-culture-dd861c/
8062,golden bhavishya result,6600,3,642,$0,1,18,https://lbb.in/users/shohan-mahabub-677500380097/
8063,gk 2 m block market,6600,2,1069,$0,1,6,https://lbb.in/delhi/greater-kailash-gk-2-m-block-market-guide-restaurant-bakery-delivery/
8064,garia in kolkata,6600,49,13,$0.33,3,19,https://lbb.in/kolkata/locality/garia-kolkata/
8065,gaming delhi,6600,5,1069,$0.32,1,24,https://lbb.in/delhi/gaming-arenas-Delhi-NCR/
8066,furniture market munirka,5400,4,434,$0.06,14,22,https://lbb.in/delhi/furniture-market-in-delhi/
8067,fresh baked goodness,6600,9,168,$0.62,3,22,https://lbb.in/chennai/freshly-baked-goodness-ef34c9/
8068,french bakery,6600,12,223,$0.07,2,21,https://lbb.in/delhi/artisan-french-bakery-cafe-73c341/
8069,fish thali,6600,12,223,$0.07,2,22,https://lbb.in/goa/best-fish-thali-places-in-goa/
8070,famous temples in pune,6600,71,13,$0.03,1,34,https://lbb.in/pune/best-temples-to-visit-in-pune/
8071,famous foods in hyderabad,6600,42,13,$0.14,1,25,https://lbb.in/hyderabad/must-try-famous-dishes-hyderabad/
8072,famous food in hyderabad,5400,32,13,$0.01,1,30,https://lbb.in/hyderabad/must-try-dishes-hyderabad/
8073,falls in bangalore,6600,41,13,$0.04,5,26,https://lbb.in/bangalore/waterfalls-near-bangalore/
8074,falls bangalore,6600,31,13,$0.04,4,23,https://lbb.in/bangalore/waterfalls-near-bangalore/
8075,fabric material store,6600,25,17,$0.06,76,76,https://lbb.in/hyderabad/best-fabric-stores/
8076,events bangalore,6600,22,17,$0.49,8,38,https://lbb.in/bangalore/events-in-bangalore/
8077,ejipura flyover,5400,17,74,$0.01,1,24,https://lbb.in/bangalore/ejipura-hosur-road-corridor-flyover/
8078,dress name,6600,11,168,$0.01,1,39,https://lbb.in/delhi/types-of-dresses/
8079,dorabjee camp,6600,22,15,$0.16,3,19,https://lbb.in/pune/dorabjees-punes-homegrown-grocery-mart-since-1911/
8080,bike rentals in gurgaon,6600,23,17,$0.13,41,31,https://lbb.in/delhi/bike-on-rent-in-gurgaon/
8081,best serum for oily skin,8100,40,13,$0.08,100,18,https://lbb.in/delhi/best-serum-for-oily-skin/
8082,best serum for hyperpigmentation,6600,80,13,$0.16,100,17,https://lbb.in/all/best-serum-hyperpigmentation/
8083,best restaurants in jayanagar,6600,12,130,$0.04,11,23,https://lbb.in/bangalore/hood-guide-to-jayanagar-restaurants-shopping/
8084,best restaurants in gachibowli hyderabad,6600,12,130,$0.03,7,20,https://lbb.in/hyderabad/where-to-eat-gachibowli/
8085,best novel romance,6600,59,13,$0.03,37,34,https://lbb.in/all/romantic-novels/
8086,best moisturizer men,6600,64,13,$0.11,100,37,https://lbb.in/delhi/best-face-cream-for-men/
8087,best collagen supplements,6600,50,13,$0.34,100,30,https://lbb.in/all/best-collagen-supplements/
8088,best club,6600,34,13,$0.08,4,38,https://lbb.in/pune/top-night-clubs-in-pune/
8089,best cleansing face,9900,56,13,$0.08,99,61,https://lbb.in/hyderabad/best-face-cleansers/
8090,best cafeteria in kolkata,6600,11,168,$0.04,3,23,https://lbb.in/kolkata/cafes-in-kolkata-insta-feeds/
8091,best brewery in bangalore,5400,22,28,$0.05,15,39,https://lbb.in/bangalore/post/breweries/
8092,bedroom wall accessories,6600,11,130,$0.03,99,22,https://lbb.in/delhi/bedroom-wall-decor-ideas/
8093,bar bq restaurant,8100,37,13,$0.06,3,24,https://lbb.in/kolkata/barbq-park-street-db54c0/
8094,bangalore town hall,6600,31,13,$0.03,1,27,https://lbb.in/bangalore/town-hall-629d75/
8095,bangalore hal,6600,50,13,$0,1,31,https://lbb.in/places/HAL-Airport-old-airport-road-77d9fb/
8096,baklava near me,6600,26,15,$0.05,59,18,https://lbb.in/mumbai/best-baklava-mumbai/
8097,ascorbic acid for skin,6600,73,13,$0.09,74,53,https://lbb.in/all/best-vitamin-c-products-buy-online/
8098,art store near me,6600,11,223,$0.04,9,18,https://lbb.in/delhi/stationery-stores-delhi-office-supplies-croquis-clay-ink-paper/
8099,amma restaurant chennai,6600,11,168,$0.18,4,20,https://lbb.in/chennai/amma-chettinad-restaurant-chennai/
8100,active wear,6600,51,13,$0.20,96,23,https://lbb.in/delhi/active-wear-brands/
8101,acers badminton academy,6600,11,168,$0,6,16,https://lbb.in/chennai/acers-badminton-academy-07bf1d/
8102,which face wash is best for oily skin,6600,64,13,$0.20,97,36,https://lbb.in/delhi/best-face-wash-oily-skin/
8103,waterfalls of karnataka,6600,44,13,$0.04,1,22,https://lbb.in/bangalore/best-waterfalls-in-karnataka/
8104,vegetarian restaurants pune,8100,39,13,$0.03,3,24,https://lbb.in/pune/best-vegetarian-restaurants-pune/
8105,veg hotel in pune,6600,19,38,$0.02,3,24,https://lbb.in/pune/best-vegetarian-restaurants-pune/
8106,unlimited pizza,6600,10,223,$0.04,1,19,https://lbb.in/pune/unlimited-pizza-deals-in-pune/
8107,types of tops,6600,22,28,$0.03,13,15,https://lbb.in/all/types-of-tops-women/
8108,travel companies in pune,6600,45,13,$0.17,28,42,https://lbb.in/pune/travel-companies-in-pune/
8109,travel companies,5400,62,13,$0.59,14,40,https://lbb.in/bangalore/travel-companies-bangalore/
8110,top sunglass brands,6600,50,13,$0.09,97,30,https://lbb.in/all/best-sunglasses-brands/
8111,top collagen supplement,8100,73,13,$0.36,100,28,https://lbb.in/all/best-collagen-supplements/
8112,simply south jubilee hills,8100,23,21,$0.32,3,21,https://lbb.in/hyderabad/simply-south-film-nagar-hyderabad/
8113,shiv ganga resort,6600,21,28,$0.04,1,15,https://lbb.in/mumbai/shivganga-water-park/
8114,seltzer,4400,15,60,$0.14,1,36,https://lbb.in/bangalore/best-indian-homegrown-hard-seltzer-low-calorie/
8115,science park in pune,5400,17,36,$0,1,22,https://lbb.in/pune/pimpri-chinchwad-science-park/
8116,review for beauty parlour,5400,24,21,$0,1,21,https://lbb.in/mumbai/best-salons-women-mumbai/
8117,retinol containing face cream,6600,56,13,$0.07,100,42,https://lbb.in/delhi/best-retinol-cream/
8118,restaurants in hauz khas delhi,6600,10,168,$0.05,5,21,https://lbb.in/delhi/restaurants-hauz-khas-village/
8119,raviwar peth pune,6600,29,14,$0.07,2,19,https://lbb.in/pune/raviwar-peth-shukrawar-peth-b53443/
8120,penthouzz restaurant,6600,21,28,$0.73,2,21,https://lbb.in/mumbai/cocktails-food-rooftop-bar-just-reasons-love-penthouzz-kandivali/
8121,peeli kothi,6600,19,38,$0.14,3,22,https://lbb.in/delhi/peeli-kothi-by-ambica-31d241/
8122,opera house mumbai,5400,33,13,$0,1,15,https://lbb.in/mumbai/royal-opera-house-08ff08/
8123,oily skin face serum,8100,58,13,$0.09,98,23,https://lbb.in/all/best-serum-for-oily-skin/
8124,offlimits coffee kasol,5400,33,13,$0.04,1,21,https://lbb.in/delhi/best-cafes-in-kasol/
8125,nilambur teak museum,8100,42,13,$0,1,26,https://lbb.in/bangalore/nilambur-teak-museum/
8126,night clubs in bandra,6600,26,15,$0.04,1,34,https://lbb.in/mumbai/best-bollywood-nights/
8127,night club in chennai,6600,37,13,$0.09,1,27,https://lbb.in/chennai/best-nightclubs-and-pubs-in-chennai/
8128,night club in bandra mumbai,6600,28,14,$0.04,1,26,https://lbb.in/mumbai/best-bollywood-nights/
8129,new movie korean,5400,34,13,$0,1,32,https://lbb.in/delhi/best-korean-movies/
8130,nehru museum kolkata,6600,21,33,$0.10,2,24,https://lbb.in/kolkata/nehru-childrens-museum-b571e5/
8131,newme store,8100,25,17,$0.15,56,27,https://lbb.in/places/Newme-33e96e/
8132,neerus emporio,5400,21,28,$0.22,28,25,https://lbb.in/hyderabad/neerus-emporio-555573/
8133,names of dresses,6600,11,99,$0.01,1,39,https://lbb.in/delhi/types-of-dresses/
8134,mystery rooms bangalore indiranagar,5400,17,49,$0.28,36,20,https://lbb.in/bangalore/mystery-rooms-bangalore/
8135,mumbai nightclub,6600,24,21,$0.16,3,25,https://lbb.in/mumbai/late-night-party-spots/
8136,mocha art cafe,6600,7,309,$0.08,1,22,https://lbb.in/bangalore/mocha-art-cafe-9b711d/
8137,ministry of daru,6600,10,168,$0.07,2,22,https://lbb.in/delhi/black-bottle-kitchen-7a50dd/
8138,mayem lake goa,6600,41,13,$0.23,2,18,https://lbb.in/goa/mayem-lake-bicholim/
8139,market yard pune,5400,19,33,$0.09,1,17,https://lbb.in/pune/pune-market-yard/
8140,manicure pedicure price,6600,26,17,$0.32,8,16,https://lbb.in/kolkata/manicure-pedicure-under-budget-salons-kolkata/
8141,malayalam movies must watch,6600,7,434,$0,1,38,https://lbb.in/all/best-malayalam-movies/
8142,malakpet sohail hotel,6600,26,15,$0.10,1,22,https://lbb.in/hyderabad/marag-at-hotel-sohail-831a43/
8143,madras international circuit,6600,23,28,$0.10,2,33,https://lbb.in/chennai/MMRT-race-track-Irungattukottai-chennai/
8144,lips hyperpigmentation treatment,6600,83,13,$0.54,97,18,https://go.lbb.in/jkHgXKP4SXb
8145,lake town kolkata west bengal,6600,65,13,$0.08,3,24,https://lbb.in/kolkata/locality/lake-town-kolkata/
8146,ladies seat viewpoint,6600,61,13,$0.01,1,16,https://lbb.in/bangalore/sit-on-ladies-seat-82b8dc/
8147,la plage,6600,14,60,$0.13,2,22,https://lbb.in/goa/culinary-landmark-la-plage-arambol-beach/
8148,kunjwan resort,6600,19,33,$0.15,11,22,https://lbb.in/pune/kunjwan-adventure-resorts/
8149,kudle beach resort and spa,6600,36,13,$0.21,61,19,https://lbb.in/bangalore/kudle-beach-view-resort-spa-e2f688/
8150,korean new movie,5400,38,13,$0,1,34,https://lbb.in/all/best-korean-movies/
8151,koramangala pvr cinemas,14800,39,13,$0.05,7,21,https://lbb.in/places/PVR-Koramangala-koramangala-3cfcbc/
8152,kalamandir kolkata,8100,48,13,$0,1,21,https://lbb.in/kolkata/not-going-away-long-weekend-heres-guide-city/
8153,jo malone london,5400,21,28,$0.08,18,51,https://lbb.in/delhi/hello-scented-heaven-jo-malone-london-just-opened-first-store-delhi/
8154,jamming goat,8100,28,17,$0.06,3,22,https://lbb.in/bangalore/jamming-goat-30-indiranagar/
8155,interstellar similar movies,6600,15,49,$0,1,28,https://lbb.in/all/movies-like-interstellar/
8156,india winery,6600,42,13,$0,1,33,https://lbb.in/delhi/wine-destinations-india/
8157,hyderabad near waterfalls,6600,44,13,$0.04,1,20,https://lbb.in/hyderabad/waterfalls-near-hyderabad/
8158,hyd famous food,5400,37,13,$0.01,1,33,https://lbb.in/hyderabad/must-try-famous-dishes-hyderabad/
8159,hong kong lane,6600,8,434,$0.19,3,29,https://lbb.in/pune/street-shopping-hong-kong-lane/
8160,erragadda market,5400,11,130,$0,1,32,https://lbb.in/hyderabad/erradagga-sunday-market-6955c7/
8161,dome mumbai,6600,23,28,$0.11,1,28,https://lbb.in/mumbai/dome-intercontinental-2f14e9/
8162,distance from pune to diveagar,6600,15,38,$0,1,20,https://lbb.in/pune/diveagar-beach-Konkan-beaches-near-pune/
8163,daffy's brewgarden,4400,11,168,$0.38,5,21,https://lbb.in/bangalore/daffys-brewgarden-microbrew-blr/
8164,cutty sark drink,6600,27,15,$0,1,32,https://lbb.in/delhi/this-valentines-day-raise-a-toast-with-cutty-sark-whisky/
8165,clubs bandra,6600,38,13,$0.04,1,22,https://lbb.in/mumbai/best-bollywood-nights/
8166,chennai night club,6600,23,28,$0.05,1,23,https://lbb.in/chennai/best-nightclubs-and-pubs-in-chennai/
8167,capital mandi house,6600,39,13,$0,1,23,https://lbb.in/hyderabad/mixed-mandi-at-capital-5918fd/
8168,capital hotel malakpet,6600,30,13,$0,1,19,https://lbb.in/hyderabad/capital-hotel-a-place-49e984/
8169,burma food,6600,29,17,$0.02,1,37,https://lbb.in/delhi/burma-burma-vegetarian-paradise-for-c98e33/
8170,brew meister craft beer and kitchen,6600,9,223,$0,1,22,https://lbb.in/bangalore/brew-meister-craft-brewery-jayanagar/
8171,botanica cafe,5400,7,168,$0.17,3,20,https://lbb.in/mumbai/botanica-cafe-mumbai/
8172,honey berg resort,6600,33,13,$0.16,21,19,https://lbb.in/hyderabad/honey-berg-resort/
8173,haunted stuff near me,6600,61,13,$0.05,2,25,https://go.lbb.in/c7gNWo3390b
8174,haunted house near me,6600,38,13,$0.05,2,26,https://lbb.in/hyderabad/haunted-places-hyderabad/
8175,hair vitamin,6600,53,13,$0.26,100,45,https://lbb.in/delhi/vitamins-for-hair-growth/
8176,hair bangs types,6600,48,13,$0,1,26,https://lbb.in/all/types-of-bangs/
8177,hadapsar bhaji mandai,6600,43,13,$0.02,3,21,https://lbb.in/pune/mahatma-phule-mandai-e2a030/
8178,gtown wines,6600,30,13,$0,1,20,https://lbb.in/places/G-Town-Wines-sector-21-562516/
8179,grt jewellers chennai,6600,20,33,$0.13,62,28,https://lbb.in/chennai/grt-jewellers-e2ba57/
8180,grand majestic mall bangalore,6600,49,13,$0.19,4,19,https://lbb.in/bangalore/best-malls-in-bangalore/
8181,gong modern asian pune,6600,41,13,$0.17,3,23,https://lbb.in/pune/sushi-donut-yay-or-nay-3097ac/
8182,godrej nature's basket,6600,29,13,$0.44,23,41,https://lbb.in/delhi/godrej-natures-basket-a2f418/
8183,godown street in chennai,6600,6,642,$0.14,4,19,https://lbb.in/chennai/godown-street-parrys-corner-textile-hub-chennai/
8184,godown street chennai,6600,5,1069,$0.12,2,20,https://lbb.in/chennai/godown-street-parrys-corner-textile-hub-chennai/
8185,goa goa restaurant,6600,26,17,$0.08,15,41,https://lbb.in/goa/must-visit-restaurants-in-goa/
8186,gift for gemini man,5400,32,13,$0,1,16,https://lbb.in/delhi/gift-ideas-for-gemini-zodiac-sign/
8187,furniture shop hyderabad,6600,12,99,$0.18,89,32,https://lbb.in/hyderabad/top-furniture-market-hyderabad/
8188,furniture rental mumbai,6600,49,13,$0.45,62,41,https://lbb.in/mumbai/rent-furniture-mumbai/
8189,fig at mg,4400,29,13,$0.04,1,34,https://lbb.in/delhi/fig-at-malcha/
8190,festival for christmas,6600,72,13,$0,1,24,https://lbb.in/delhi/delhi-christmas-events-to-attend/
8191,famous temples in pune city,6600,65,13,$0.03,1,26,https://lbb.in/pune/best-temples-to-visit-in-pune/
8192,falls karnataka,6600,34,13,$0.04,1,23,https://lbb.in/bangalore/best-waterfalls-in-karnataka/
8193,face serum for oily skin,9900,49,13,$0.20,99,34,https://lbb.in/all/best-serum-for-oily-skin/
8194,dresses names,6600,14,60,$0.01,1,21,https://lbb.in/delhi/types-of-dresses/
8195,dresses name,6600,9,168,$0.01,1,35,https://lbb.in/delhi/types-of-dresses/
8196,dog groomer,6600,13,99,$1.08,28,16,https://lbb.in/mumbai/pet-grooming-mumbai/
8197,central jail restaurant jayanagar bangalore,6600,8,309,$0.12,2,21,https://lbb.in/bangalore/central-jail-restaurant-34b918/
8198,cantonment area,1600,27,14,$0,1,34,https://lbb.in/hyderabad/secunderabad-cantonment-area-2a21db/
8199,cafes in m g road,6600,8,309,$0.03,10,21,https://lbb.in/bangalore/cafes-in-around-mg-road-cbd/
8200,cafe in gurgaon,6600,26,21,$0.20,9,17,https://lbb.in/delhi/best-cafes-gurgaon/
8201,bridal wedding dresses near me,6600,10,223,$0.19,24,25,https://lbb.in/bangalore/wedding-gowns-bangalore/
8202,breakfast near me now open,6600,10,223,$0.05,10,39,https://lbb.in/delhi/breakfast-places-delhi/
8203,branded wine in india,6600,21,28,$0,1,13,https://lbb.in/all/red-wine-brands/
8204,branded liquor in india,6600,25,21,$0,1,14,https://lbb.in/delhi/homegrown-alcohol-brands-india/
8205,blue lassi,5400,30,13,$0.06,1,31,https://lbb.in/delhi/tiny-lassi-shop-with-big-085478/
8206,biggest shopping malls in bangalore,6600,18,49,$0.03,2,25,https://lbb.in/bangalore/best-malls-in-bangalore/
8207,biggest mall of bangalore,6600,22,28,$0.03,2,30,https://lbb.in/bangalore/best-malls-in-bangalore/
8208,bhagirath palace market,5400,8,434,$0.01,1,19,https://lbb.in/delhi/bhagirath-palace-65fd19/
8209,best water park in delhi ncr,8100,43,13,$0.04,8,31,https://lbb.in/delhi/water-parks-delhi/
8210,best skincare toners,6600,37,13,$0.06,99,26,https://lbb.in/all/best-face-toners/
8211,best fragrances brands,6600,27,15,$0.12,89,31,https://lbb.in/all/top-perfume-brands/
8212,best condoms for males,6600,54,13,$0.03,98,36,https://lbb.in/delhi/best-condom-brands-in-india/
8213,best clubs,6600,28,14,$0.08,4,42,https://lbb.in/pune/top-night-clubs-in-pune/
8214,best cafes bandra,6600,28,14,$0.02,2,23,https://lbb.in/mumbai/cafes-in-bandra/
8215,besant nagar restaurants,6600,21,28,$0.04,8,24,https://lbb.in/chennai/best-restaurants-in-besant-nagar-chennai/
8216,bedroom interior design for small room,8100,12,130,$0.66,5,56,https://lbb.in/delhi/small-bedroom-design-ideas/
8217,beauty parlour review,5400,22,28,$0,1,22,https://lbb.in/mumbai/best-salons-women-mumbai/
8218,beaches near bangalore,8100,59,13,$0.05,2,16,https://lbb.in/bangalore/beaches-near-bangalore/
8219,bangalore temple shiva,6600,21,28,$0.06,1,28,https://lbb.in/bangalore/citys-400-years-old-beautiful-7b2c20/
8220,b block market,5400,41,13,$0,1,36,https://lbb.in/places/M-Block-Market-GK-1-greater-kailash-1-e63c19/
8221,atria mall in worli,6600,9,223,$0.07,1,19,https://lbb.in/mumbai/shopping-brands-atria-mall-worli/
8222,animal rescue organizations near me,6600,9,309,$0.70,5,29,https://lbb.in/mumbai/animal-shelters-mumbai/
8223,amnesia sky bar,6600,31,13,$0.09,2,19,https://lbb.in/places/Amnesia-Sky-Bar-hi-tech-city-aefa86/
8224,alcazar mall,6600,15,38,$0.57,6,18,https://lbb.in/places/Alcazar-Mall-jubilee-hills-3e297f/
8225,unplugged courtyard connaught place,8100,59,13,$0.44,2,20,https://lbb.in/delhi/eat-in-cp-7-days-places/
8226,top clothing brands in india,6600,20,28,$0.16,50,16,https://lbb.in/all/best-clothing-brands-india/
8227,tibet momos,6600,46,13,$0.27,2,20,https://lbb.in/kolkata/tibetan-delight-52e044/
8228,the rbi museum,6600,28,13,$0,1,23,https://lbb.in/mumbai/rbi-monetary-museum-91aff6/
8229,the centurion hotel pune,6600,25,14,$0.43,18,19,https://lbb.in/pune/centurion-hotel-pune/
8230,thakur bari,6600,37,13,$0.07,1,25,https://lbb.in/kolkata/jorasanko-thakur-bari/
8231,tank bund hyderabad,6600,22,28,$0.01,1,21,https://lbb.in/hyderabad/tank-bund-9db628/
8232,swapnil joshi films,8100,18,38,$0,1,26,https://lbb.in/pune/best-swapnil-joshi-movies-to-watch/
8233,summer house café,5400,50,13,$0.01,1,46,https://lbb.in/delhi/summerhouse-cafe-ad2f42/
8234,self drive car in goa,6600,22,28,$0.48,74,27,https://lbb.in/goa/self-drive-cars-in-goa/
8235,spooky house near me,6600,50,13,$0.09,3,17,https://lbb.in/hyderabad/haunted-places-hyderabad/
8236,sofa on rent mumbai,6600,45,13,$0.45,62,32,https://lbb.in/mumbai/rent-furniture-mumbai/
8237,small interior bedroom design,8100,26,17,$0.66,5,49,https://lbb.in/delhi/small-bedroom-design-ideas/
8238,sigdi restaurant bandra west,6600,12,99,$0.28,3,18,https://lbb.in/mumbai/sigdi-bandra-bf54b9/
8239,sienna cafe kolkata,6600,23,28,$0,1,34,https://lbb.in/kolkata/sienna-store-cafe-kolkata/
8240,shopping centre near to me,6600,11,168,$0.08,10,48,https://lbb.in/bangalore/best-malls-in-bangalore/
8241,shoes for flat feet,8100,29,13,$0.05,96,23,https://lbb.in/all/best-shoes-flat-feet/
8242,shivtharghal,6600,46,13,$0,1,36,https://lbb.in/pune/shivthar-ghal/
8243,shiamak davar,6600,32,13,$0,1,45,https://lbb.in/mumbai/shiamak-davar-dance-class-mumbai/
8244,shawarma nation,6600,12,130,$0.10,2,21,https://lbb.in/kolkata/Shawarma-Nation-Lebanese-Food/
8245,rooftop bar near me,6600,9,309,$0.05,11,23,https://lbb.in/chennai/rooftop-bars-and-restaurants-chennai/
8246,retinol cream for face,6600,44,13,$0.07,100,35,https://lbb.in/all/best-retinol-cream/
8247,restaurants kothrud,6600,21,33,$0.05,7,22,https://lbb.in/pune/restaurants-in-kothrud/
8248,rent furniture mumbai,6600,53,13,$0.45,62,40,https://lbb.in/mumbai/rent-furniture-mumbai/
8249,red indian sizzlers kandivali west,5400,15,60,$0.17,3,19,https://lbb.in/mumbai/red-indian-sizzlers/
8250,rashtrapati bhavan visit,6600,38,13,$0.20,14,31,https://lbb.in/delhi/rashtrapati-bhavan-online-ticket/
8251,raintree hotel anna salai chennai,6600,55,13,$0.39,40,20,https://lbb.in/chennai/raintree-hotel-chennai/
8252,rabindra sarobar metro station kolkata,6600,11,130,$0.01,1,30,https://lbb.in/kolkata/rabindra-sarobar-metro-station-0e022e/
8253,pune market,6600,36,13,$0.03,1,17,https://lbb.in/pune/wholesale-markets-in-pune/
8254,prost brewpub hyderabad,6600,18,38,$0.03,1,21,https://lbb.in/hyderabad/prost-brew-pub-ec4e6d/
8255,prost brewpub,6600,12,99,$0.03,1,20,https://lbb.in/hyderabad/prost-brew-pub-ec4e6d/
8256,prince chaat,6600,17,49,$0.18,3,22,https://lbb.in/delhi/prince-chaat-corner-66257b/
8257,pothys cross cut road,8100,29,13,$0.01,4,15,https://lbb.in/places/Pothys-tnagar-61b5e0/
8258,popular brands of alcohol,6600,51,13,$0,1,50,https://lbb.in/delhi/homegrown-alcohol-brands-india/
8259,places to trek near me,6600,44,13,$0.18,2,42,https://lbb.in/kolkata/trekking-near-kolkata/
8260,penthouzz,6600,27,14,$0.73,2,21,https://lbb.in/mumbai/cocktails-food-rooftop-bar-just-reasons-love-penthouzz-kandivali/
8261,pecos classic,6600,11,130,$0.40,5,20,https://lbb.in/bangalore/pecos-classic-cdae83/
8262,nirulas connaught place,6600,31,13,$0.20,4,20,https://lbb.in/places/Nirulas-connaught-place-80b825/
8263,nightclubs in bandra west,6600,28,15,$0.04,1,22,https://lbb.in/mumbai/best-bollywood-nights/
8264,nh 8 bangalore,6600,11,99,$0.38,4,23,https://lbb.in/bangalore/an-exclusive-rajasthani-thali-experience-9104e3/
8265,new bel road restaurants,6600,19,33,$0.03,8,21,https://lbb.in/bangalore/restaurants-80-feet-road-new-bel-road/
8266,neelankarai beach chennai,5400,7,434,$0.10,1,20,https://lbb.in/chennai/neelankarai-beach/
8267,near by tasmac shop,5400,12,99,$0,1,16,https://lbb.in/chennai/tasmac-liquor-shop-express-avenue-mall-royapettah-chennai/
8268,mystery rooms kolkata,5400,23,28,$0.63,1,19,https://lbb.in/kolkata/weekendgoals-put-sherlock-cap-crack-clues-fun-escape-games-kolkata/
8269,museum of art and photography,6600,49,13,$14.97,2,60,https://lbb.in/bangalore/museum-of-art-and-photography-bangalore/
8270,mayem lake,6600,31,13,$1.18,2,19,https://lbb.in/goa/mayem-lake-bicholim/
8271,matcha tea powder,6600,11,168,$0.23,94,30,https://lbb.in/all/best-matcha-powder/
8272,manair dam,6600,22,28,$0.12,3,34,https://lbb.in/hyderabad/lower-manair-dam-427ed5/
8273,library for students,6600,28,15,$0.03,1,41,https://lbb.in/pune/best-libraries-in-pune/
8274,leopold mumbai menu,6600,38,13,$0.01,1,19,https://lbb.in/mumbai/leopold-cafe/
8275,learn french near me,6600,18,49,$0.64,40,25,https://lbb.in/mumbai/french-classes-in-mumbai/
8276,las olas goa,6600,12,99,$0.83,2,21,https://lbb.in/goa/las-olas-late-night-beach-shack-baga-beach?ref=lbbpost
8277,kolkata city market,6600,8,223,$0.07,1,23,https://lbb.in/kolkata/best-shopping-places-kolkata/
8278,kokila resort,6600,50,13,$0.13,4,18,https://lbb.in/pune/kapila-resorts-92618b/
8279,kawal wildlife sanctuary adilabad,6600,45,13,$0,1,36,https://lbb.in/hyderabad/kawal-wildlife-sanctuary/
8280,good restaurants jayanagar,6600,13,99,$0.04,11,24,https://lbb.in/bangalore/hood-guide-to-jayanagar-restaurants-shopping/
8281,good perfume brands for men,6600,37,13,$0.11,100,17,https://lbb.in/all/perfumes-for-men-buy-online/
8282,furniture shops hyderabad,6600,15,74,$0.24,91,23,https://lbb.in/hyderabad/top-furniture-market-hyderabad/
8283,friendship library,6600,30,13,$0.09,1,29,https://lbb.in/pune/friends-library/
8284,friday offer pizza hut,8100,30,14,$1.01,1,38,https://lbb.in/bangalore/pizza-hut-bangalore/
8285,fortune retreats,5400,58,13,$0.26,48,19,https://lbb.in/bangalore/forest-retreat-ooty/
8286,film nagar hyderabad telangana,6600,71,13,$0.12,4,20,https://lbb.in/hyderabad/film-nagar-daiva-sannidhanam-7bb006/
8287,father's day gift ideas,6600,61,13,$0.07,78,30,https://lbb.in/delhi/fathers-day-gifts/
8288,fat owl gastropub,6600,12,130,$0.11,4,22,https://lbb.in/bangalore/fat-owl-new-gastropub-1c733a/
8289,emma sports academy,6600,19,28,$1.15,3,21,https://lbb.in/places/Emma-Sports-Academy-powai-665c8e/
8290,e mall kolkata,6600,31,13,$0.50,1,25,https://lbb.in/kolkata/list-of-shops-in-chandni-chowk/
8291,demi fine jewellery,6600,9,168,$0.21,100,16,https://lbb.in/all/demi-fine-jewellery-brands/
8292,couple places in delhi,6600,17,60,$0.15,6,28,https://lbb.in/delhi/offbeat-date-ideas-delhi/
8293,best shades brands,6600,32,13,$0.09,94,50,https://lbb.in/all/best-sunglasses-brands/
8294,best retinol lotion,6600,64,13,$0.10,100,31,https://lbb.in/all/best-retinol-cream/
8295,best retinol cream,6600,15,99,$0.10,100,26,https://lbb.in/delhi/best-retinol-cream/
8296,best presents for your dad,8100,50,13,$0.05,95,30,https://lbb.in/delhi/fathers-day-gifts/
8297,best hair mask for dry and frizzy hair,5400,50,13,$0.09,100,28,https://lbb.in/all/best-hair-masks/
8298,best conditioner frizzy hair,6600,58,13,$0.09,100,27,https://lbb.in/all/best-hair-conditioner/
8299,best alcohol brands,6600,33,13,$0,1,20,https://lbb.in/delhi/homegrown-alcohol-brands-india/
8300,bangalore infant jesus church,6600,22,28,$0.01,1,41,https://lbb.in/bangalore/infant-jesus-church-0c0e87/
8301,badam oil skin,14800,112,13,$0.06,98,14,https://lbb.in/all/almond-oil-for-face/
8302,baba au rhum,5400,33,13,$0.53,1,15,https://lbb.in/goa/crazy-breakfast-amidst-wilderness-b835eb/
8303,aurobindo marg delhi,6600,15,74,$0.22,3,23,https://lbb.in/delhi/locality/aurobindo-marg-delhi/
8304,art room,8100,33,13,$0.21,2,55,https://lbb.in/mumbai/mumbai-art-room-4c9f51/
8305,anutri beach resort mandarmani,6600,30,13,$0.10,27,22,https://lbb.in/kolkata/anutri-beach-resort-mandarmani-3f1cfe/
8306,animal rescue groups near me,6600,13,130,$0.49,4,36,https://lbb.in/mumbai/animal-shelters-mumbai/
8307,ambika sandwich sadashiv peth,5400,21,33,$0.75,4,30,https://merchant.lbb.in/merchant/business-details/Ambika-Sandwich-sadashiv-peth-59fd79
8308,amadora artisan ice cream wallace gardens,6600,27,13,$0.88,4,22,https://lbb.in/chennai/cream-stone-fcb37f/
8309,air purifying indoor plants,6600,64,13,$0.04,98,30,https://lbb.in/bangalore/air-purifying-plants/
8310,delivery liquor online,6600,35,13,$0,1,21,https://lbb.in/delhi/alcohol-home-delivery-gurgaon/
8311,defence colony club delhi,6600,6,309,$0.20,4,17,https://lbb.in/delhi/defence-colony-club-5eb454/
8312,dda sports complex saket,6600,16,49,$0.16,3,17,https://lbb.in/delhi/dda-saket-sports-complex-1b19c9/
8313,date the ramp,6600,17,38,$0.16,47,32,https://lbb.in/delhi/date-the-ramp-8423af/
8314,dance near me,6600,5,642,$0.04,3,33,https://lbb.in/delhi/dance-schools-noida/
8315,dance clubs in bandra,6600,31,13,$0.04,1,22,https://lbb.in/mumbai/best-bollywood-nights/
8316,dadu gachibowli,5400,28,15,$0.18,6,17,https://lbb.in/places/Dadus-gachibowli-4e15f6/
8317,dabbawala,5400,46,13,$0.19,1,34,https://lbb.in/places/Mumbai-Dabbawala-Association-3bcf55/
8318,cycling rental near me,5400,11,168,$0.08,9,42,https://lbb.in/delhi/bikes-rent-delhi/
8319,cross breed club & kitchen,6600,32,13,$0.12,4,22,https://merchant.lbb.in/merchant/business-details/CrossBreed-Club-Kitchen-gachibowli-23fa10
8320,cost of pedicure and manicure,6600,36,13,$0.31,7,16,https://lbb.in/kolkata/manicure-pedicure-under-budget-salons-kolkata/
8321,connaught place food,6600,23,21,$0.06,2,28,https://lbb.in/delhi/post/food-and-restaurants?locality=connaught-place-delhi
8322,club cabana amusement park prices,5400,30,13,$0.20,7,21,https://lbb.in/bangalore/club-cabana-resort/
8323,chianti bellandur,6600,15,60,$0.10,5,19,https://lbb.in/bangalore/this-restaurant-in-bellandur-will-6ba687/
8324,chennai buffet restaurant,6600,37,13,$0.07,6,20,https://lbb.in/chennai/best-buffets-in-chennai/
8325,cafe kharghar,6600,19,28,$0.05,2,25,https://lbb.in/mumbai/cafe-monza-an-american-ambient-dinner-in-kharghar-6fe174/
8326,cafe churchill,5400,34,13,$0.45,2,24,https://lbb.in/mumbai/go-to-cafe-churchill-in-colaba-for-some-good-old-meaty-delicious-grub/
8327,buffet restaurants in chennai,6600,38,13,$0.05,7,21,https://lbb.in/chennai/best-buffets-in-chennai/
8328,bridal gown store near me,6600,7,642,$0.12,19,23,https://lbb.in/bangalore/wedding-gowns-bangalore/
8329,bloomrooms calangute goa,6600,40,13,$0.26,22,20,https://lbb.in/goa/sun-sand-bloom-hotel-available-goa-now/
8330,best spa in bangalore,6600,12,130,$0.42,62,40,https://lbb.in/bangalore/best-spas-in-bangalore-across-budgets/
8331,best brand perfume for man,6600,40,13,$0.08,98,33,https://lbb.in/all/perfumes-for-men-buy-online/
8332,baradari restaurant & bar,6600,19,36,$0.12,2,26,https://lbb.in/delhi/baradari-a-courtyard-restaurant-inside-jaipurs-city-palace/
8333,baradari jaipur,6600,20,36,$0.21,1,27,https://lbb.in/delhi/baradari-a-courtyard-restaurant-inside-jaipurs-city-palace/
8334,wrist watch type,6600,55,13,$0.02,35,33,https://lbb.in/all/types-of-watch/
8335,winery in india,6600,29,15,$0,1,35,https://lbb.in/delhi/wine-destinations-india/
8336,wine from india,6600,70,13,$0,1,35,https://lbb.in/bangalore/best-indian-wine-brands/
8337,whisky in india brands,6600,59,13,$0,1,23,https://lbb.in/bangalore/best-indian-whisky-brands/
8338,which hair color is best,6600,38,13,$0.06,98,26,https://lbb.in/bangalore/best-hair-colour-brands/
8339,wellness health product,6600,54,13,$0.30,57,37,https://lbb.in/all/best-wellness-brands/
8340,waterfalls in bangalore,6600,29,15,$0.04,4,20,https://lbb.in/bangalore/waterfalls-near-bangalore/
8341,veg gulati restaurant,6600,41,13,$0.05,2,27,https://lbb.in/delhi/veg-gulati-pandara-road/
8342,types of bangs,6600,12,168,$0,1,34,https://lbb.in/all/types-of-bangs/
8343,turahalli tree park,8100,35,13,$0.04,4,31,https://lbb.in/bangalore/turahalli-forest-spot-hiking-cycling/
8344,top ranked vodka,5400,60,13,$0,1,29,https://lbb.in/all/best-vodka-brands/
8345,kuldiha,6600,16,74,$0,1,19,https://lbb.in/kolkata/kuldiha-wildlife-sanctuary-odisha/
8346,kothrud restaurants,6600,24,17,$0.05,7,22,https://lbb.in/pune/restaurants-in-kothrud/
8347,kitchen ware shop near me,6600,10,223,$0.08,20,21,https://lbb.in/hyderabad/best-stores-kitchen-appliances-crockery/
8348,karnail singh stadium,6600,46,13,$0.07,3,22,https://lbb.in/delhi/swimming-pools-delhi-ncr/
8349,joka kolkata,6600,58,13,$0.24,3,19,https://lbb.in/kolkata/locality/joka-kolkata/
8350,jhankar banquets & lawns,6600,31,13,$0.12,4,21,https://lbb.in/places/Jhankar-Lawns-siri-fort-road-5ce288/
8351,jayanagar cafe,6600,26,17,$0.03,10,23,https://lbb.in/bangalore/post/cafes?locality=jayanagar-bangalore
8352,jai hind lunch home bandra east,5400,11,130,$0.21,2,19,https://lbb.in/mumbai/pocket-friendly-seafood-45205a/
8353,irani cafe viman nagar,6600,21,21,$0.08,4,21,https://lbb.in/pune/irani-chai-bun-maska-and-more-at-this-irani-restaurant-232d2f/
8354,ice skating rink delhi,6600,20,33,$0.09,1,15,https://lbb.in/delhi/ice-skating-625f26/
8355,hotel anutri mandarmani,6600,30,13,$0.10,27,20,https://lbb.in/kolkata/anutri-beach-resort-mandarmani-3f1cfe/
8356,hobby store,6600,19,38,$0.01,94,21,https://lbb.in/hyderabad/hobby-shop-tolichowki/
8357,headphones wireless noise cancelling,3600,35,13,$0.04,75,48,https://lbb.in/delhi/noise-cancelling-headphones-buy-online/
8358,harbour o four thane,6600,20,33,$0.17,4,21,https://lbb.in/mumbai/float-towards-our-harbour-04-2050f1/
8359,hamoni golf camp gurgaon,6600,5,434,$0.42,4,21,https://lbb.in/delhi/golf-gurgaon-swings-inclusivity/
8360,grandmama's all day cafe,6600,17,49,$0.17,4,23,https://lbb.in/mumbai/grandmamas-cafe-is-now-open-in-chembur/
8361,goa best casino,6600,59,13,$0,1,29,https://lbb.in/goa/casinos-in-goa/
8362,go kart price,6600,12,99,$0.04,4,19,https://lbb.in/pune/go-karting-places-in-pune/
8363,rent wedding dress near me,6600,10,223,$0.12,13,43,https://lbb.in/delhi/wedding-clothes-on-rent/
8364,pune konkan distance,6600,36,13,$0,1,20,https://lbb.in/pune/weekend-getaways-to-konkan-near-pune/
8365,pink colour lipstick shades,8100,30,13,$0.03,98,23,https://lbb.in/delhi/pink-lipstick-list/
8366,phantom cigarette candy,6600,54,13,$0.03,10,28,https://lbb.in/delhi/nostalgic-sugar-trip-where-to-buy-phantom-cigarettes-fatafat-more/
8367,palolem beach market,6600,39,13,$0,1,14,https://lbb.in/goa/flea-markets-in-goa-25b8c8/
8368,oneness rishikesh,3600,23,15,$0.13,56,22,https://lbb.in/all/oneness-resort-rishikesh-review/
8369,omaliving,6600,31,13,$0.23,100,32,https://lbb.in/mumbai/oma-living-cf4251/
8370,new market near me,6600,33,13,$0.01,1,20,https://lbb.in/kolkata/locality/new-market-kolkata/
8371,new hindmata cloth market,6600,20,28,$0,1,19,https://lbb.in/mumbai/hindmata-market-6037fe/
8372,netflix zombie movies,6600,31,13,$0,1,48,https://lbb.in/delhi/best-zombie-movies-to-stream-online/
8373,nearby beaches to bangalore,6600,65,13,$0.11,2,22,https://lbb.in/bangalore/beaches-near-bangalore/
8374,names of sarees,6600,47,13,$0.02,9,14,https://lbb.in/delhi/types-of-sarees/
8375,names for dress,6600,32,13,$0.01,1,52,https://lbb.in/delhi/types-of-dresses/
8376,name of sarees,6600,51,13,$0.02,9,13,https://lbb.in/delhi/types-of-sarees/
8377,mtr lalbagh,6600,20,33,$0.03,1,28,https://lbb.in/bangalore/mtr-bangalore/
8378,movies similar to interstellar,6600,7,309,$0,1,30,https://lbb.in/all/movies-like-interstellar/
8379,movies of uttam kumar,6600,41,13,$0,1,33,https://lbb.in/kolkata/watch-uttam-kumar-movies-online/
8380,mocha art café,6600,7,309,$0.08,1,22,https://lbb.in/bangalore/mocha-art-cafe-9b711d/
8381,mithaas near me,6600,19,33,$0.03,7,21,https://lbb.in/pune/mithas-34e88f/
8382,markets for shopping in delhi,6600,21,38,$0.02,1,27,https://lbb.in/delhi/best-delhi-shopping-markets/
8383,market pune,6600,13,130,$0.03,1,22,https://lbb.in/pune/best-spots-for-shopping-in-pune/
8384,malls in east delhi,6600,16,74,$0.11,3,25,https://lbb.in/delhi/best-malls-delhi-ncr/
8385,maa durga pandal,6600,28,13,$0,1,28,https://lbb.in/kolkata/eleven-fabulous-north-kolkata-pujo/
8386,m block market greater kailash 2,6600,6,1069,$0,1,23,https://lbb.in/delhi/greater-kailash-gk-2-m-block-market-guide-restaurant-bakery-delivery/
8387,loutolim goa,6600,6,1069,$0.85,2,18,https://lbb.in/goa/five-things-visit-loutolim-village-south-goa/
8388,leela chanakyapuri,6600,19,28,$1.22,32,38,https://lbb.in/delhi/the-leela-palace-a298f9/
8389,largest shopping mall in bangalore,6600,23,28,$0.03,2,25,https://lbb.in/bangalore/best-malls-in-bangalore/
8390,la ri sa resort manali,5400,47,13,$0.28,38,27,https://lbb.in/delhi/larisa-resort-manali/
8391,konkan distance from pune,6600,36,13,$0,1,21,https://lbb.in/pune/weekend-getaways-to-konkan-near-pune/
8392,kolkata garia,6600,43,13,$0.10,3,20,https://lbb.in/kolkata/locality/garia-kolkata/
8393,kepsa rice,6600,12,99,$0.01,1,27,https://lbb.in/mumbai/kepsa-rice-mumbai/
8394,kathakali dance class near me,6600,13,99,$0.07,4,19,https://lbb.in/delhi/dance-indian-clasical-style-classes-delhi/
8395,jack daniel s,6600,46,13,$0,1,60,https://lbb.in/mumbai/Jack-Daniels-Alcohol-New-Price/
8396,indian wines,6600,76,13,$0,1,28,https://lbb.in/bangalore/best-indian-wine-brands/
8397,indian wine brands,6600,26,15,$0,1,16,https://lbb.in/bangalore/best-indian-wine-brands/
8398,indian alcohol brands,6600,40,13,$0,1,15,https://lbb.in/delhi/homegrown-alcohol-brands-india/
8399,ifbc studio,6600,31,13,$0.14,4,20,https://lbb.in/delhi/ifbc-online-ballet-classes/
8400,hotel nisarg kolhapur,6600,44,13,$0.09,8,19,https://lbb.in/mumbai/nisarg-resort-kolhapur/
8401,hidden place,6600,41,13,$0.11,1,13,https://lbb.in/mumbai/secret-spots-mumbai/
8402,hardeep punjab koliwada,6600,36,13,$0.09,2,21,https://lbb.in/mumbai/hardeep-punjab-perfect-place-for-1de9aa/
8403,xmas festival,6600,33,13,$0,1,24,https://lbb.in/hyderabad/things-to-do-christmas/
8404,wet o wild,6600,22,28,$0.02,4,32,https://lbb.in/kolkata/wetowild-water-park-58c43d/
8405,waterfall karnataka,6600,45,13,$0.04,1,23,https://lbb.in/bangalore/best-waterfalls-in-karnataka/
8406,veg restaurants in pune,6600,19,38,$0.02,3,21,https://lbb.in/pune/best-vegetarian-restaurants-pune/
8407,valentine date,6600,22,28,$0,1,45,https://lbb.in/delhi/valentines-experiences-delhi/
8408,v sports academy,6600,40,13,$0.20,4,15,https://lbb.in/hyderabad/vvs-sports-academy-banjara-76bf93/
8409,ub city mall bangalore,6600,21,28,$0.11,1,25,https://lbb.in/bangalore/ub-city-e232f4/
8410,trekking in bangalore,8100,22,17,$0.08,5,15,https://lbb.in/bangalore/5-easy-day-treks-kids/
8411,trash recycle,6600,56,13,$0.51,2,67,https://lbb.in/kolkata/greener-life/
8412,toy room london club,6600,35,13,$0.07,1,19,https://lbb.in/delhi/experience-the-london-luxe-at-746e03/
8413,top collagen supplements,6600,41,13,$0.34,100,34,https://lbb.in/all/best-collagen-supplements/
8414,top alcohol brands,6600,42,13,$0,1,39,https://lbb.in/delhi/homegrown-alcohol-brands-india/
8415,tie store near me,6600,9,309,$0.06,56,36,https://lbb.in/pune/elegant-tie-shop/
8416,tea villa cafe wakad,6600,28,13,$0.13,5,22,https://lbb.in/pune/tea-villa-cafe-launches-viman-nagar/
8417,tau ka dhaba,5400,23,28,$0.06,3,22,https://lbb.in/delhi/try-taus-cafe-and-lassi-bar-gurgaon-for-authentic-punjabi/
8418,t shirt brands,8100,60,13,$0.25,94,44,https://lbb.in/delhi/shop-graphic-slogan-tshirts-online/
8419,swimming pool delhi,6600,5,642,$0.09,5,18,https://lbb.in/delhi/swimming-pools-delhi-ncr/
8420,suta bangalore,2400,10,130,$0.20,28,30,https://lbb.in/bangalore/suta-store-bangalore/
8421,suryawanshi whitefield,6600,9,168,$0.07,5,20,https://lbb.in/bangalore/suryawanshi-653dbd/
8422,surve,6600,17,60,$0.03,1,22,https://lbb.in/pune/surve/
8423,sunscreen good for sensitive skin,8100,91,13,$0.07,100,26,https://lbb.in/delhi/sunscreen-for-sensitive-skin/
8424,sunny's restaurant,6600,20,28,$0.80,3,39,https://lbb.in/bangalore/sunnys-lavelle-road/
8425,sun protection spray for face,5400,58,13,$0.09,100,13,https://lbb.in/all/best-sunscreen-spray/
8426,sulphate free shampoo for curly hair,4400,37,13,$0.12,22,14,https://lbb.in/bangalore/sulphate-free-shampoo-for-curly-hair/
8427,squash court,6600,36,13,$0.22,1,12,https://lbb.in/pune/squash-courts-legend-sports-club-mundhwa/
8428,sportika badminton arena,5400,16,49,$0.19,6,17,https://lbb.in/places/Sportika-Badminton-Arena-jubilee-hills-c38a1d/
8429,solanpada dam,8100,7,642,$0,1,21,https://lbb.in/mumbai/got-a-day-in-hand-152ff3/
8430,soap for dry skin,6600,52,13,$0.04,98,24,https://lbb.in/all/best-soap-for-dry-skin/
8431,smaaash hyderabad,6600,23,17,$0.19,7,19,https://lbb.in/hyderabad/smaaash-gaming-zone-hyderabad/
8432,shiva bangalore temple,6600,25,21,$0.06,1,23,https://lbb.in/bangalore/citys-400-years-old-beautiful-7b2c20/
8433,shirts pics,6600,68,13,$0.10,1,40,https://lbb.in/hyderabad/types-of-shirts-for-men/
8434,sector 50 gurgaon,6600,32,13,$0.23,2,19,https://lbb.in/delhi/locality/sector-50-gurgaon/
8435,scrapbook shop,6600,40,13,$0.12,2,20,https://lbb.in/bangalore/bangalores-best-art-craft-stores/
8436,sai ranga,8100,19,28,$0,1,20,https://lbb.in/hyderabad/sai-ranga-b585cc/
8437,romance comedy drama movies,2900,34,13,$0,1,60,https://lbb.in/all/top-bollywood-rom-coms/
8438,restaurants malad,6600,24,17,$0.03,5,23,https://lbb.in/mumbai/restaurants-in-malad/
8439,restaurants in kothrud,6600,17,38,$0.05,7,22,https://lbb.in/pune/restaurants-in-kothrud/
8440,restaurant 24 7 near me,6600,8,434,$0.07,10,32,https://lbb.in/mumbai/restaurants-to-remain-open-24-7/
8441,rangeela goa,6600,16,36,$1.72,4,19,https://lbb.in/goa/everyones-fave-store-rangeela-moved-2b4f31/
8442,hotel sunny,8100,11,74,$0.49,3,21,https://lbb.in/mumbai/hotel-sunny/
8443,hotel ibnii coorg,6600,54,13,$0.29,63,21,https://lbb.in/bangalore/the-ibnii-luxury-resort-coorg/
8444,hot sauce,6600,45,13,$0.06,81,16,https://lbb.in/bangalore/best-hot-sauces-to-buy-online/
8445,hire stylist,6600,47,13,$0.59,1,18,https://lbb.in/mumbai/hair-cut-salons/
8446,haunted house near by me,6600,44,13,$0.05,2,30,https://lbb.in/hyderabad/haunted-places-hyderabad/
8447,haircut near me women,5400,16,60,$0.21,28,30,https://lbb.in/mumbai/best-haircut-salons-mumbai/
8448,gulati's sweets and snacks,6600,22,28,$0.08,4,24,https://lbb.in/mumbai/gulatis-andheri-east/
8449,gokul restaurant colaba,6600,12,99,$0.05,1,23,https://lbb.in/mumbai/gokul-colaba-a47ba0/
8450,gokul mumbai,6600,16,60,$0.05,1,23,https://lbb.in/mumbai/gokul-colaba-a47ba0/
8451,geist brewing co hennur,6600,64,13,$0.17,4,16,https://lbb.in/bangalore/geist-beer-bangalore/
8452,gachibowli famous restaurants,6600,16,99,$0.03,7,22,https://lbb.in/hyderabad/where-to-eat-gachibowli/
8453,furniture stores in hyderabad,6600,15,38,$0.18,89,16,https://lbb.in/hyderabad/top-furniture-market-hyderabad/
8454,furniture stores hyderabad india,6600,12,99,$0.18,89,32,https://lbb.in/hyderabad/top-furniture-market-hyderabad/
8455,football near me,5400,9,309,$0.08,4,18,https://lbb.in/delhi/football-grounds-delhi-NCR/
8456,flat feet shoes,6600,45,13,$0.05,97,38,https://lbb.in/all/best-shoes-flat-feet/
8457,fitness studio,6600,12,168,$0.17,2,19,https://lbb.in/hyderabad/workout-studios-hyderabad/
8458,festival xmas,6600,66,13,$0,1,22,https://lbb.in/delhi/delhi-christmas-events-to-attend/
8459,famous temples pune,6600,50,13,$0.03,1,38,https://lbb.in/pune/best-temples-to-visit-in-pune/
8460,facial serum dry skin,6600,75,13,$0.08,99,35,https://lbb.in/all/best-serums-for-dry-skin/
8461,eyeliner styles,8100,28,15,$0,1,20,https://lbb.in/all/eyeliner-styles/
8462,evoo,6600,42,13,$0.09,10,28,https://lbb.in/delhi/evoo-eatery-pizzeria/
8463,eva cafe goa,6600,12,168,$0.18,1,28,https://lbb.in/goa/hole-in-the-wall-4c979e/
8464,different types of watch,6600,45,13,$0.03,36,23,https://lbb.in/all/types-of-watch/
8465,cafe marina,6600,12,99,$0.25,2,21,https://lbb.in/mumbai/marina-upper-deck-sea-view-restaurant/
8466,brundha theatre,6600,18,28,$0.52,1,21,https://lbb.in/bangalore/forget-meenakshi-mall-vega-city-1d1018/
8467,blossom book fair,5400,22,17,$0.15,3,30,https://lbb.in/bangalore/book-festival-penguin-classics-blossom-book-store-church-street/
8468,bhagwan mahavir wildlife sanctuary goa,6600,30,13,$0.46,1,28,https://lbb.in/goa/bhagwan-mahavir-wildlife-sanctuary-goa/
8469,best sunglass brand,6600,41,13,$0.09,94,52,https://lbb.in/all/best-sunglasses-brands/
8470,best shopping mall hyderabad,6600,31,13,$0.06,1,21,https://lbb.in/hyderabad/best-malls-hyderabad/
8471,best restaurants jayanagar,6600,12,130,$0.04,11,24,https://lbb.in/bangalore/hood-guide-to-jayanagar-restaurants-shopping/
8472,best pizza bangalore,6600,19,38,$0.10,9,26,https://lbb.in/bangalore/post/pizza/
8473,best men's fragrance brands,6600,29,13,$0.08,98,30,https://lbb.in/all/perfumes-for-men-buy-online/
8474,best malls hyderabad,6600,19,28,$0.10,2,21,https://lbb.in/hyderabad/best-malls-hyderabad/
8475,best brands perfume for men,6600,43,13,$0.08,98,24,https://lbb.in/all/perfumes-for-men-buy-online/
8476,best astrologer kolkata,6600,60,13,$0.35,23,24,https://lbb.in/kolkata/best-astrologer-kolkata/
8477,bengal sweets,6600,11,168,$0.10,2,20,https://lbb.in/mumbai/Authentic-bengali-sweet-shops-mumbai/
8478,barbeque nation phoenix centaurus gachibowli,6600,41,13,$0.08,5,17,https://lbb.in/hyderabad/barbeque-nation-hyderabad/
8479,bangalore temples shiva,6600,25,21,$0.06,1,27,https://lbb.in/bangalore/citys-400-years-old-beautiful-7b2c20/
8480,bangalore mandarin indiranagar,6600,23,21,$0.11,4,19,https://lbb.in/bangalore/chinese-restaurants-indiranagar/
8481,atria mall mumbai,6600,10,168,$0.07,1,19,https://lbb.in/mumbai/shopping-brands-atria-mall-worli/
8482,art gallery in mumbai,6600,44,13,$0.15,10,35,https://lbb.in/mumbai/free-art-galleries-mumbai/
8483,aravalli biodiversity park delhi,6600,52,13,$0.10,3,19,https://lbb.in/delhi/aravalli-biodiversity-park-38a00f/
8484,anutri beach resort,6600,27,13,$0.10,22,21,https://lbb.in/kolkata/anutri-beach-resort-mandarmani-3f1cfe/
8485,andheri lokhandwala,6600,28,15,$0.50,3,24,https://lbb.in/mumbai/open-market-kamdhenu-lokhandwala/
8486,ananya eco resort,6600,25,15,$0.16,7,20,https://lbb.in/hyderabad/ananya-eco-resorts-vanasthalipuram/
8487,amma restaurant t nagar,6600,8,309,$0.18,4,20,https://lbb.in/chennai/amma-chettinad-restaurant-chennai/
8488,air cleaning plants indoor,6600,54,13,$0.04,98,37,https://lbb.in/bangalore/air-purifying-plants/
8489,active arena panathur,6600,11,99,$0.07,6,16,https://lbb.in/bangalore/active-arena-marathahalli-open-247/
8490,abid's,5400,27,17,$0,1,26,https://lbb.in/chennai/abids-61db9a/
8491,7grams cafe,6600,11,130,$0.72,2,20,https://lbb.in/kolkata/the-crepe-cafe-0ef6d0/
8492,drama romance comedy movies,2900,20,28,$0,1,65,https://lbb.in/all/top-bollywood-rom-coms/
8493,delhi restaurant,6600,30,13,$0.16,5,21,https://lbb.in/delhi/restaurants-in-delhi/
8494,delhi art galleries,6600,35,13,$0.09,6,51,https://lbb.in/delhi/best-art-galleries-delhi-ncr/
8495,decathlon noida,6600,17,33,$0.03,5,18,https://lbb.in/delhi/decalthon-sport-store-noida/
8496,craft bazaar,6600,43,13,$0.18,4,18,https://lbb.in/chennai/craft-bazzar-handicraft-chennai/
8497,contour makeup,6600,37,13,$0.03,95,29,https://lbb.in/all/contouring-makeup/
8498,cannon pav bhaji,6600,21,28,$0.23,3,23,https://lbb.in/mumbai/eat-a-delicious-plate-of-pav-bhaji-for-just-inr-80-at-cannnon-at-fort-its-a-must-try/
8499,cafe courtyard,6600,16,49,$0.06,4,22,https://lbb.in/bangalore/outdoor-courtyard-cafe-double-road?ref=lbbpost
8500,burma bazaar in chennai,6600,33,13,$0.12,2,26,https://lbb.in/chennai/atho-noodles-burma-bazaar-george-town-chennai/
8501,burger in mumbai,6600,46,13,$0.08,2,23,https://lbb.in/mumbai/mumbai-best-burgers/
8502,breeze banquets,6600,15,60,$0.15,6,19,https://lbb.in/places/Breeze-Banquets-powai-60af2e/
8503,breakthru the real escape room,5400,23,21,$0.28,4,22,https://lbb.in/chennai/mystery-rooms-chennai/
8504,brand of bras,6600,50,13,$0.07,96,24,https://lbb.in/all/best-bra-brand/
8505,which is best hair colour,6600,45,13,$0.06,98,41,https://lbb.in/bangalore/best-hair-colour-brands/
8506,what's up cafe kolkata,8100,11,168,$0.20,2,23,https://lbb.in/kolkata/whats-up-cafe-southern-avenue/
8507,waterfalls karnataka,6600,52,13,$0.04,1,21,https://lbb.in/bangalore/best-waterfalls-in-karnataka/
8508,waterfalls in bangalore city,6600,25,28,$0.04,4,27,https://lbb.in/bangalore/waterfalls-near-bangalore/
8509,united kitchens of india jubilee hills,6600,17,36,$0.28,3,21,https://lbb.in/hyderabad/united-kitchens-of-india-jubilee-hills/
8510,yana sizzlers pune,6600,23,21,$0.06,5,22,https://lbb.in/pune/-483188/
8511,west delhi cricket academy delhi,6600,35,13,$0.09,3,17,https://lbb.in/delhi/west-delhi-cricket-academy-c7f6ec/
8512,vrajbhoomi,6600,14,99,$0.17,100,16,https://lbb.in/mumbai/ajrakh-collection-vrajbhoomi-intricate-beautiful/
8513,very expensive perfumes,6600,21,28,$0.03,62,23,https://lbb.in/all/expensive-perfume-in-the-world/
8514,types of hair bangs,6600,10,223,$0,1,20,https://lbb.in/all/types-of-bangs/
8515,top rated men's moisturizer,6600,56,13,$0.10,100,26,https://lbb.in/delhi/best-face-cream-for-men/
8516,tilak bazar,5400,28,15,$0.12,4,18,https://lbb.in/places/Tilak-Nagar-Market-tilak-nagar-7fd0fe/
8517,tie shop near me,6600,13,99,$0.06,56,36,https://lbb.in/pune/elegant-tie-shop/
8518,the potbelly restaurant bihar nivas,6600,12,130,$0.25,3,25,https://lbb.in/delhi/the-pot-belly-cafe-bihar-657b23/
8519,the great india place mall,8100,41,13,$0.09,3,42,https://lbb.in/delhi/mall/the-great-india-place-delhi/
8520,the chutney co kolkata,6600,19,36,$0.20,3,21,https://lbb.in/kolkata/pais-malgudi-e3bbf2/
8521,the chutney co,5400,11,130,$0.06,4,24,https://lbb.in/kolkata/pais-malgudi-e3bbf2/
8522,the asthika samaj kochu guruvayoor sree ram mandir,5400,15,49,$0.07,3,16,https://lbb.in/places/The-Asthika-Samaj-Kochu-Guruvayoor-matunga-042ed2/
8523,superkicks mumbai,6600,10,130,$0.09,48,17,https://lbb.in/mumbai/superkicks-mumbai-sneakers/
8524,sunscreen for pimple prone skin,6600,51,13,$0.08,100,16,https://lbb.in/all/sunscreen-for-pimple-prone-skin/
8525,sunny restaurant,6600,18,49,$0.25,1,23,https://lbb.in/mumbai/hotel-sunny/
8526,sunlight bar and restaurant,6600,10,168,$0.57,3,24,https://lbb.in/mumbai/sunlight-bar-61cd10/
8527,stock exchange kolkata,6600,59,13,$1.09,1,28,https://lbb.in/kolkata/dalhousie-breakfast/
8528,starmark,6600,15,99,$0.14,1,26,https://lbb.in/chennai/starmark-de1e9d/
8529,ulo ice cream,6600,32,13,$0.36,5,22,https://lbb.in/places/ULO-Ice-Cream-indira-nagar-34363d/
8530,parties for halloween,6600,11,168,$0.01,2,36,https://lbb.in/mumbai/halloween-parties-mumbai/
8531,pakhal lake warangal,8100,26,17,$0,1,32,https://lbb.in/hyderabad/pakhal-lake-warangal/
8532,pakhal lake in warangal,8100,39,13,$0,1,30,https://lbb.in/hyderabad/pakhal-lake-warangal/
8533,stack and racks,6600,12,130,$0.59,2,20,https://lbb.in/mumbai/stacks-and-racks-the-6c242c/
8534,south indian thali food,8100,29,21,$0.02,1,27,https://lbb.in/bangalore/south-indian-thalis-bangalore/
8535,sion lunch home mumbai,6600,9,309,$0.14,1,21,https://lbb.in/mumbai/sion-lunch-home/
8536,second hand books buy online,6600,60,13,$0.09,43,64,https://lbb.in/delhi/buy-secondhand-books-delhi/
8537,savana lake resort,6600,11,74,$0.16,31,21,https://lbb.in/mumbai/on-the-backwaters-of-the-7d5419/
8538,satkar rice plate goregaon east,6600,27,15,$0.11,2,21,https://lbb.in/pune/satkar-rice-plate-house-d50a8f/
8539,salons in mumbai,6600,12,130,$0.22,18,20,https://lbb.in/mumbai/hair-cut-salons/
8540,saket sports complex,6600,12,99,$0.27,2,19,https://lbb.in/delhi/dda-saket-sports-complex-5a8a5b/
8541,romantic bollywood movies,8100,51,13,$0,1,15,https://lbb.in/all/top-bollywood-rom-coms/
8542,romance drama comedy movies,9900,37,13,$0,1,60,https://lbb.in/all/top-bollywood-rom-coms/
8543,restaurants in goa,8100,38,13,$0.16,14,20,https://lbb.in/goa/must-visit-restaurants-in-goa/
8544,resort near alibaug beach,12100,37,13,$0.07,63,27,https://lbb.in/mumbai/alibaug-beach-resorts/
8545,rent sofa mumbai,6600,41,13,$0.45,62,32,https://lbb.in/mumbai/rent-furniture-mumbai/
8546,ramen noodle place near me,5400,9,309,$0.05,11,25,https://lbb.in/hyderabad/best-ramen-hyderabad/
8547,radio bar bangalore,6600,37,13,$0.12,6,21,https://lbb.in/mumbai/can-you-hear-it-radio-b83688/
8548,pune famous temples,6600,65,13,$0.03,1,25,https://lbb.in/pune/best-temples-to-visit-in-pune/
8549,prism pub,9900,23,21,$0.16,1,21,https://lbb.in/hyderabad/prism-club-gachibowli/
8550,pork meat shops near me,6600,12,130,$0.10,45,37,https://lbb.in/mumbai/meat-shopping-mumbai/
8551,nature basket,8100,21,28,$0.32,18,26,https://lbb.in/kolkata/natures-basket-park-street-kolkata/
8552,mosque road,6600,30,13,$0.16,6,37,https://lbb.in/bangalore/reccos-for-eating-iftar-on-mosque-road-this-ramzan-24e834/
8553,men salon,6600,11,223,$0.18,6,19,https://lbb.in/hyderabad/mens-salon-hyderabad/
8554,mehrauli market delhi,3600,4,2006,$0,1,21,https://lbb.in/delhi/mehrauli-bazaar-ethnic-wear/
8555,mayfair kalimpong,5400,35,13,$0.18,55,24,https://lbb.in/kolkata/mayfair-himalayan-spa-resort-kalimpong/
8556,mathuradas mill compound,6600,15,60,$0.16,6,20,https://lbb.in/mumbai/didyaknow-the-blue-frog-mills-has-so-much-more-to-it-than-where-to-eat/
8557,mapro garden photos,6600,30,15,$0,1,23,https://lbb.in/pune/mapro-gardens-lonavala/
8558,mani square mall,6600,9,130,$0,1,15,https://lbb.in/kolkata/mani-square-mall-7d11fa/
8559,mangoes restaurant,8100,11,130,$0.07,1,38,https://lbb.in/mumbai/mangoes-restaurant-malad-goan-food/
8560,malcha marg market,6600,11,99,$0,1,24,https://lbb.in/delhi/malcha-marg-foodie-guide/
8561,lord shiva temples in bangalore,6600,32,13,$0.03,1,19,https://lbb.in/bangalore/citys-400-years-old-beautiful-7b2c20/
8562,liquor brand in india,6600,31,13,$0,1,15,https://lbb.in/delhi/homegrown-alcohol-brands-india/
8563,larisa goa morjim,5400,25,15,$0.18,71,19,https://lbb.in/goa/24-hour-hot-tub-windsurfing-cocktails-beach-resort-goa/
8564,korean restaurant bangalore,6600,16,74,$0.04,14,25,https://lbb.in/bangalore/korean-restaurants-bangalore/
8565,kedias fun food,6600,14,99,$0.43,5,22,https://lbb.in/bangalore/kedias-fun-food-to-satisfy-bbd6d5/
8566,kamat bugle rock basavanagudi,6600,10,168,$0.10,2,19,https://lbb.in/bangalore/kamat-bugle-rock-basavanagudi/
8567,kamat bugle rock,6600,11,168,$0.10,2,19,https://lbb.in/bangalore/kamat-bugle-rock-basavanagudi/
8568,kala mandir kolkata,6600,40,13,$0,1,21,https://lbb.in/kolkata/not-going-away-long-weekend-heres-guide-city/
8569,jewellery brands,6600,78,13,$0.28,86,35,https://lbb.in/bangalore/jewellery-brands-india/
8570,karanji lake nature park mysore,6600,17,99,$0.04,3,26,https://lbb.in/bangalore/karanji-lake-park-mysore/
8571,janpath complex,6600,30,13,$0.16,6,19,https://lbb.in/delhi/heres-guide-street-shopping-janpath-market-delhi/
8572,ice skate gurgaon,5400,15,130,$0.25,1,31,https://lbb.in/delhi/iskate-ambience-mall-gurgaon/
8573,hyderabad furniture stores,6600,22,21,$0.18,89,20,https://lbb.in/hyderabad/top-furniture-market-hyderabad/
8574,horse ride in bangalore,6600,17,60,$0.36,12,20,https://lbb.in/bangalore/horse-riding-classes-bangalore/
8575,ho chi minh sarani kolkata,6600,4,2006,$0.04,4,18,https://lbb.in/kolkata/Guide-To-Ho-Chi-Minh-Sarani/
8576,haircut near me for women,5400,15,74,$0.21,28,43,https://lbb.in/mumbai/hair-cut-salons/
8577,hackett in london,6600,38,13,$0.15,99,39,https://lbb.in/places/Hackett-London-vasant-kunj-15f20f/
8578,gyms in delhi india,5400,9,309,$0.10,7,32,https://lbb.in/delhi/best-gyms-delhi/
8579,gym.in delhi,5400,13,99,$0.10,7,30,https://lbb.in/delhi/best-gyms-delhi/
8580,gokul colaba mumbai,6600,11,130,$0.05,1,21,https://lbb.in/mumbai/gokul-colaba-a47ba0/
8581,gokul bar mumbai,6600,18,36,$0.05,1,25,https://lbb.in/mumbai/gokul-colaba-a47ba0/
8582,godrej nature basket,6600,13,130,$0.54,26,40,https://lbb.in/delhi/under999-gourmet-grocery-shopping-godrej-natures-basket/
8583,goa portuguesa restobar,6600,36,13,$0.20,3,22,https://lbb.in/mumbai/head-to-this-30-years-5650de/
8584,gladia sarjapur,4400,26,14,$0.02,2,21,https://lbb.in/places/Gladia-Brewery-Kitchen-sarjapur-road-2a2b51/
8585,ganesh mandir in pune,6600,38,13,$0.01,2,24,https://lbb.in/pune/manache-ganpati-in-pune/
8586,furniture stores hyderabad,6600,17,38,$0.24,91,18,https://lbb.in/hyderabad/best-furniture-shops/
8587,fun park in pune,8100,43,13,$0.05,10,21,https://lbb.in/pune/amusement-park-pune/
8588,flower online delivery bangalore,6600,62,13,$1.28,88,47,https://lbb.in/bangalore/online-flower-delivery-services/
8589,fancy dress tailor,5400,27,28,$0,1,23,https://lbb.in/mumbai/best-tailors-in-mumbai/
8590,ernakulam malls,6600,38,13,$0.07,3,22,https://lbb.in/all/malls-in-kochi/
8591,disco in chennai,6600,21,33,$0.05,1,22,https://lbb.in/chennai/best-nightclubs-and-pubs-in-chennai/
8592,disco in bandra west,6600,31,13,$0.04,1,21,https://lbb.in/mumbai/best-bollywood-nights/
8593,delta 105,6600,21,28,$0.15,25,20,https://lbb.in/delhi/delta-105-manesar/
8594,delhi hauz khas restaurants,6600,11,223,$0.05,5,20,https://lbb.in/delhi/restaurants-hauz-khas-village/
8595,delhi art gallery,6600,40,13,$0.09,6,55,https://lbb.in/delhi/best-art-galleries-delhi-ncr/
8596,couples places in delhi,8100,41,13,$0.19,5,20,https://lbb.in/delhi/offbeat-date-ideas-delhi/
8597,corner house seshadripuram,6600,32,13,$0.10,2,17,https://merchant.lbb.in/merchant/business-details/Corner-House-Ice-Cream-sheshadripuram-1f87b6
8598,cocktails and dreams gurgaon,6600,18,38,$0.15,4,19,https://lbb.in/delhi/go-to-this-retrothemed-bar-25e1d9/
8599,chiguru,6600,13,99,$0.35,3,17,https://lbb.in/bangalore/chiguru-kanakapura-taluk-5926a5/
8600,chennai dance club,6600,16,74,$0.05,1,25,https://lbb.in/chennai/best-nightclubs-and-pubs-in-chennai/
8601,candies mumbai maharashtra,6600,19,36,$0.13,1,23,https://lbb.in/mumbai/candies-bandra/
8602,cafe in mg road,6600,6,642,$0.03,10,22,https://lbb.in/bangalore/cafes-in-around-mg-road-cbd/
8603,cafe churchill mumbai,6600,13,130,$0.08,2,22,https://lbb.in/mumbai/go-to-cafe-churchill-in-colaba-for-some-good-old-meaty-delicious-grub/
8604,buy books online second hand,6600,53,13,$0.09,43,62,https://lbb.in/delhi/buy-secondhand-books-delhi/
8605,butter brews koregaon park,6600,38,13,$0.08,2,19,https://lbb.in/pune/butter-brews-bistro-cafes-in-model-colony/
8606,busan korea restaurant,6600,34,13,$0.01,1,22,https://lbb.in/delhi/korean-food-busan-majnu-ka-tila/
8607,burma bazaar chennai,6600,18,49,$0.15,3,26,https://lbb.in/chennai/atho-noodles-burma-bazaar-george-town-chennai/
8608,british council library,6600,26,15,$0.26,3,45,https://lbb.in/delhi/the-british-council-library-2ac618/
8609,bra brands,8100,52,13,$0.12,97,50,https://lbb.in/all/best-bra-brand/
8610,best suntan lotion for sensitive skin,6600,81,13,$0.07,100,25,https://lbb.in/all/sunscreen-for-sensitive-skin/
8611,best burger in bangalore,6600,19,38,$0.16,6,25,https://lbb.in/bangalore/best-burgers-in-town-d1de66/
8612,biker cafe,6600,16,74,$0.07,3,24,https://lbb.in/delhi/bikers-cafe-gurgaon/
8613,best water park in delhi,8100,51,13,$0.04,8,40,https://lbb.in/delhi/water-parks-delhi/
8614,best shades brand,6600,27,15,$0.08,95,33,https://lbb.in/all/best-sunglasses-brands/
8615,best romantic novels,6600,64,13,$0.03,41,29,https://lbb.in/all/romantic-novels/
8616,best mother's day gifts,6600,45,13,$0.10,66,30,https://lbb.in/all/mothers-day-gifts/
8617,best moisturizer for men,6600,64,13,$0.10,100,23,https://lbb.in/delhi/best-face-cream-for-men/
8618,best cafes in kolkata,6600,11,168,$0,2,7,https://lbb.in/kolkata/cafes-in-kolkata-insta-feeds/
8619,bed room decoration wall,6600,33,13,$0.03,98,49,https://lbb.in/delhi/bedroom-wall-decor-ideas/
8620,bda shopping complex koramangala,6600,1,2006,$0.45,7,22,https://lbb.in/bangalore/things-to-do-in-bda-complex-koramangala/
8621,bangalore trekking,6600,33,13,$0.06,6,17,https://lbb.in/bangalore/5-easy-day-treks-kids/
8622,bahu bazar,6600,46,13,$0.17,5,19,https://lbb.in/kolkata/hood-guide-burrabazaar/
8623,avenue book centre,5400,2,1069,$0.21,4,22,https://lbb.in/bangalore/second-hand-book-stores-on-avenue-road/
8624,athleisure wear,5400,34,13,$0.26,96,29,https://lbb.in/bangalore/post/athleisure/
8625,arsalan park circus,6600,38,13,$0.08,1,25,https://lbb.in/places/Arsalan-park-circus-451e1b/
8626,amar colony furniture market delhi,6600,1,2006,$0.10,11,20,https://lbb.in/delhi/amar-colony-furniture-market/
8627,adventure sports,9900,76,13,$0.98,2,21,https://lbb.in/all/adventure-sports-in-india/
8628,aditi mittal comedian,6600,33,13,$0,1,54,https://lbb.in/mumbai/Not-All-Jokes-Aditi-Mittal-f2c0d3/
8629,11 east street cafe pune,8100,24,21,$0.10,1,22,https://lbb.in/pune/11-east-street-caf-6f9183/
8630,nirula's connaught place,6600,27,13,$0.20,4,17,https://lbb.in/places/Nirulas-connaught-place-80b825/
8631,night clubs in bandra mumbai,6600,28,14,$0.04,1,25,https://lbb.in/mumbai/best-bollywood-nights/
8632,niacinamide face serum,6600,62,13,$0.09,99,39,https://lbb.in/shop/product/10-niacinamide-face-serum-for-acne-marks-blemishes-and-open-pores/
8633,new korean movies,5400,29,13,$0,1,34,https://lbb.in/all/best-korean-movies/
8634,new delhi station waiting room,6600,44,13,$0.16,5,27,https://lbb.in/delhi/new-delhi-railway-station-lounge/
8635,musee musicals,6600,14,99,$0.13,4,21,https://lbb.in/chennai/musee-musicals-acefca/
8636,munirka furniture market,5400,7,309,$0.11,7,21,https://lbb.in/places/Furniture-Market-munirka-962f68/
8637,mumbai night clubs,6600,26,15,$0.11,3,23,https://lbb.in/mumbai/late-night-party-spots/
8638,sunscreen spray for face,4400,87,13,$0.11,100,20,https://lbb.in/all/best-sunscreen-spray/
8639,summer house cafe,5400,29,13,$0,1,14,https://lbb.in/delhi/summer-house-cafe-hauz-khas/
8640,soam mumbai,5400,36,13,$0.34,1,36,https://lbb.in/mumbai/-1d8d65/
8641,sky fly trampoline park,5400,29,13,$0.35,5,26,https://lbb.in/pune/trampoline-park-pune/
8642,sigdi bandra,6600,12,130,$0.28,3,19,https://lbb.in/mumbai/sigdi-bandra-bf54b9/
8643,sienna kolkata,6600,29,15,$0,1,23,https://lbb.in/kolkata/sienna-store-cafe-kolkata/
8644,shopping malls kochi,6600,20,33,$0.07,3,23,https://lbb.in/all/malls-in-kochi/
8645,sehwag cricket academy delhi,8100,32,13,$0.05,5,25,https://lbb.in/delhi/sehwag-cricket-academy-66e6fe/
8646,secunderabad clock tower,6600,59,13,$0.12,2,22,https://lbb.in/places/Secunderabad-Clock-Tower-secunderabad-cc296f/
8647,sector 7 market,5400,9,642,$0,1,37,https://lbb.in/delhi/rohini-sector-7-shopping-guide/
8648,sector 104 noida uttar pradesh,6600,43,13,$0.17,4,19,https://lbb.in/delhi/locality/sector-104-noida/
8649,second hand books in online,6600,27,13,$0.07,38,42,https://lbb.in/chennai/best-second-hand-bookstores-in-chennai/
8650,satkar rice plate house mumbai,6600,17,60,$0.11,2,23,https://lbb.in/pune/satkar-rice-plate-house-d50a8f/
8651,satkar rice plate house,8100,16,74,$0.16,2,19,https://lbb.in/pune/satkar-rice-plate-house-d50a8f/
8652,rose water benefits for face,8100,103,13,$0.04,8,23,https://go.lbb.in/BSYjLbf070b
8653,restaurant kothrud,6600,21,33,$0.05,7,21,https://lbb.in/pune/restaurants-in-kothrud/
8654,red indian sizzlers,5400,15,60,$0.17,3,21,https://lbb.in/mumbai/red-indian-sizzlers/
8655,visit rashtrapati bhavan,6600,43,13,$0.20,14,21,https://lbb.in/delhi/rashtrapati-bhavan-online-ticket/
8656,versova village,6600,42,13,$0.22,5,22,https://lbb.in/mumbai/things-to-do-in-versova/
8657,unique garden,6600,17,60,$0.17,2,36,https://lbb.in/kolkata/unique-picnic-garden-d87bf5/
8658,types of tops for ladies,6600,22,33,$0.02,84,32,https://lbb.in/all/types-of-tops-women/
8659,types of ladies tops,6600,21,33,$0.02,89,34,https://lbb.in/all/types-of-tops-women/
8660,toranmal hill station maharashtra,8100,22,33,$0,1,20,https://lbb.in/mumbai/toranmal-hill-station-maharashtra/
8661,top male perfume brands,6600,25,17,$0.11,100,15,https://lbb.in/all/perfumes-for-men-buy-online/
8662,top brands of clothing in india,6600,29,15,$0.16,50,17,https://lbb.in/all/best-clothing-brands-india/
8663,tomatoes festival,6600,24,28,$0,1,32,https://lbb.in/delhi/tomatina-festival-holi/
8664,the cafe lot like crepes,6600,11,130,$0.25,4,22,https://lbb.in/bangalore/this-cafe-is-perfect-in-e86382/
8665,tapri restaurant jaipur,8100,20,38,$0.07,7,21,https://lbb.in/delhi/the-tapri-the-tea-house-at-jaiput-is-much-more-than-just-teas-837d62/
8666,super kicks,6600,22,36,$0.10,99,49,https://lbb.in/bangalore/superkicks-indiranagar-sneakers-shoes?ref=lbbpost
8667,sulfate free shampoo for curly hair,4400,15,74,$0.12,22,21,https://lbb.in/bangalore/sulphate-free-shampoo-for-curly-hair/
8668,yana sizzlers,6600,21,36,$0.07,4,25,https://lbb.in/pune/yana-c377d4/
8669,which is the best cleanser for oily skin,6600,72,13,$0.07,98,29,https://lbb.in/delhi/best-face-wash-oily-skin/
8670,which is best hair color,6600,49,13,$0.06,98,45,https://lbb.in/bangalore/best-hair-colour-brands/
8671,which hair colour is best,6600,31,13,$0.11,97,36,https://lbb.in/bangalore/best-hair-colour-brands/
8672,wedding dress rental near me,6600,8,434,$0.12,13,28,https://lbb.in/delhi/wedding-clothes-on-rent/
8673,verandah moonshine,6600,11,130,$0.28,2,29,https://lbb.in/delhi/this-new-west-delhi-bar-2ad24f/
8674,richards park,6600,8,434,$0.21,3,19,https://lbb.in/bangalore/richards-park-25bdf2/
8675,resort near kanakapura,9900,67,13,$0.19,56,32,https://lbb.in/bangalore/weekend-getaways-resorts-in-kanakapura-road/
8676,rangla punjab dhaba,6600,13,99,$0.19,2,19,https://lbb.in/pune/rangla-punjab-pune/
8677,quarter house,6600,39,13,$0.14,2,22,https://lbb.in/mumbai/quarter-pillar-1d71ba/
8678,pyare lal amritsari,5400,44,13,$0.03,4,22,https://lbb.in/delhi/pyaare-laal-amritsari-bheega-kulcha-4989e0/
8679,pvr koramangala,14800,30,13,$0.05,7,25,https://lbb.in/places/PVR-Koramangala-koramangala-3cfcbc/
8680,pune picnic places,6600,26,21,$0.08,15,20,https://lbb.in/pune/picnic-spots-near-pune/
8681,pune famous temple,6600,63,13,$0.03,1,35,https://lbb.in/pune/best-temples-to-visit-in-pune/
8682,premium wine store,6600,11,168,$0,1,18,https://lbb.in/mumbai/best-alcohol-shops-mumbai/
8683,pool in delhi,6600,6,1069,$0.09,5,22,https://lbb.in/delhi/swimming-pools-delhi-ncr/
8684,plan b jayanagar,6600,26,14,$0.19,3,19,https://lbb.in/bangalore/hood-guide-to-jayanagar-restaurants-shopping/
8685,places to eat in connaught place,6600,24,17,$0.03,3,26,https://lbb.in/delhi/locality/connaught-place-delhi/
8686,pirates of grill noida,6600,16,38,$0.15,6,30,https://lbb.in/delhi/pirates-of-grill-mall-of-india-noida/
8687,party for halloween,6600,17,60,$0.01,2,50,https://lbb.in/delhi/halloween-parties-delhi/
8688,night clubs in bandra west,6600,29,13,$0.04,1,22,https://lbb.in/mumbai/best-bollywood-nights/
8689,new me store,5400,28,14,$0.19,67,38,https://lbb.in/places/Newme-33e96e/
8690,neckline,6600,40,13,$0.02,1,38,https://lbb.in/all/types-of-necklines/
8691,nearest spot for picnic in pune,6600,30,14,$0.08,15,25,https://lbb.in/pune/picnic-spots-near-pune/
8692,mystery rooms indiranagar,5400,19,38,$0.23,33,20,https://lbb.in/bangalore/live-escape-rooms-bangalore/
8693,mgf mall gurgaon,6600,10,99,$0.25,3,19,https://lbb.in/delhi/MGF-mall-guide-women-shopping/
8694,menstrual pads,6600,39,13,$0.03,95,34,https://lbb.in/all/types-of-menstrual-pads/
8695,mavalli tiffin room lalbagh,6600,9,223,$0.02,1,28,https://lbb.in/bangalore/mtr-bangalore/
8696,maratha samrat baner,6600,21,36,$0.10,2,21,https://lbb.in/pune/maratha-samrat-fd8fd8/
8697,manoribel,5400,13,74,$0.13,27,20,https://lbb.in/mumbai/manoribel-resort-beach-marve/
8698,malls in vasant kunj,6600,10,223,$0.13,5,28,https://lbb.in/delhi/Vasant-kunj-malls/
8699,mall in east delhi,6600,18,38,$0.11,3,29,https://lbb.in/delhi/best-malls-delhi-ncr/
8700,locofeast theme restaurant,6600,40,13,$0.31,6,23,https://lbb.in/chennai/ferrari-or-bullet-train-choose-e300d1/
8701,leopold cafe menu mumbai,6600,22,17,$0.01,1,23,https://lbb.in/mumbai/leopold-cafe/
8702,larisa resort morjim,5400,19,28,$0.18,71,20,https://lbb.in/goa/24-hour-hot-tub-windsurfing-cocktails-beach-resort-goa/
8703,kuntala waterfall adilabad,8100,25,28,$0,1,20,https://lbb.in/hyderabad/kuntala-falls-adilabad/
8704,kolkata centre for creativity kcc,6600,20,28,$0.21,5,22,https://lbb.in/kolkata/kolkata-creativity-centre-emami/
8705,guindy park,6600,20,28,$0.08,1,37,https://lbb.in/chennai/guindy-national-park-chennai/
8706,greater kailash 2 m block market,6600,3,1069,$0,1,24,https://lbb.in/delhi/greater-kailash-gk-2-m-block-market-guide-restaurant-bakery-delivery/
8707,government wine shop near me,6600,8,434,$0,1,19,https://lbb.in/delhi/big-way-wine-beer-65f5b1/
8708,good restaurants koramangala,6600,17,60,$0.03,10,26,https://lbb.in/bangalore/go-here-when-craving-for-98e9c1/
8709,golf green central park,6600,56,13,$0.06,3,37,https://lbb.in/places/Golf-Green-Community-Hall-kolkata-6e97aa/
8710,games delhi,6600,8,434,$0.32,1,22,https://lbb.in/delhi/gaming-arenas-Delhi-NCR/
8711,furniture rental bangalore,8100,32,13,$0.58,66,35,https://lbb.in/bangalore/furniture-on-rent-bangalore/
8712,famous temple in pune,6600,63,13,$0,2,7,https://lbb.in/pune/best-temples-to-visit-in-pune/
8713,falls of karnataka,6600,44,13,$0.04,1,25,https://lbb.in/bangalore/best-waterfalls-in-karnataka/
8714,face sun protection spray,4400,51,13,$0.11,100,20,https://lbb.in/all/best-sunscreen-spray/
8715,events in bangalore,6600,27,13,$0.33,5,53,https://lbb.in/bangalore/events-in-bangalore/
8716,em el em kalyana mandapam,6600,20,28,$0.13,7,17,https://lbb.in/chennai/em-el-em-kalyana-mandapam-d8181d/
8717,electronic street,6600,17,36,$0.13,2,32,https://lbb.in/bangalore/electronics-market-sp-road-nagarathpete-bangalore/
8718,drava pub,5400,22,28,$0.17,3,22,https://lbb.in/bangalore/drava-8df37a/
8719,delhi zoo nearest metro station,6600,37,13,$0,1,18,https://lbb.in/delhi/Delhi-zoo-outing/
8720,delhi gandhi nagar market,6600,1,2006,$0.06,1,32,https://lbb.in/delhi/gandhi-nagar-market/
8721,club lpk,8100,23,28,$0.08,3,21,https://lbb.in/goa/club-lpk-love-passion-karma-845dec/
8722,bhive,6600,33,13,$0.61,8,21,https://lbb.in/bangalore/bhive-workspace-e74d41/
8723,best toner for skin,6600,46,13,$0.06,99,33,https://lbb.in/all/best-face-toners/
8724,best shopping centre in mumbai,6600,38,13,$0.04,9,49,https://lbb.in/mumbai/shopping-malls-mumbai/
8725,best novels,8100,72,13,$0.07,54,37,https://lbb.in/all/best-books-novels/
8726,best mascaras,6600,58,13,$0.07,99,45,https://lbb.in/delhi/best-mascara/
8727,best fragrance brands,6600,32,13,$0.12,89,40,https://lbb.in/all/top-perfume-brands/
8728,best casinos in goa,6600,63,13,$0,1,40,https://lbb.in/goa/casinos-in-goa/
8729,bedroom lights,5400,28,14,$0.03,97,39,https://lbb.in/all/bedroom-light-ideas/
8730,bedroom lighting,5400,44,13,$0.03,97,37,https://lbb.in/all/bedroom-light-ideas/
8731,bars at bank,5400,10,223,$0,1,38,https://lbb.in/mumbai/bar-bank-at-powai-is-cff000/
8732,bangalore falls,6600,27,15,$0.04,5,24,https://lbb.in/bangalore/waterfalls-near-bangalore/
8733,bangalore events,6600,42,13,$0.33,5,51,https://lbb.in/bangalore/events-in-bangalore/
8734,bag stitching shops near me,5400,9,309,$0.27,4,20,https://lbb.in/mumbai/customised-shoes-jackets-goodluck-bandra/
8735,avenue book centre bangalore,5400,3,1069,$0.21,4,22,https://lbb.in/bangalore/second-hand-book-stores-on-avenue-road/
8736,atria mall worli,6600,8,223,$0.11,1,19,https://lbb.in/mumbai/shopping-brands-atria-mall-worli/
8737,ark sports academy,6600,49,13,$0.09,4,15,https://lbb.in/chennai/sports-academy-chennai/
8738,ananya eco resorts,6600,14,60,$0.16,7,21,https://lbb.in/hyderabad/ananya-eco-resorts-vanasthalipuram/
8739,amma chettinadu restaurant t nagar,6600,11,223,$0.18,4,21,https://lbb.in/chennai/amma-chettinad-restaurant-chennai/
8740,amar colony furniture market,6600,1,2006,$0.10,11,20,https://lbb.in/delhi/amar-colony-furniture-market/
8741,alcoholic brands in india,6600,22,21,$0,1,18,https://lbb.in/delhi/homegrown-alcohol-brands-india/
8742,air force auditorium lawn 1,5400,36,13,$0.06,4,19,https://lbb.in/places/Air-Force-Auditorium-Lawn-new-delhi-a93cde/
8743,adventure of sports,8100,56,13,$0.23,2,41,https://lbb.in/all/adventure-sports-in-india/
8744,acron waterfront resort goa,6600,24,17,$0.12,28,15,https://lbb.in/mumbai/acron-waterfront/
8745,ab's gachibowli,6600,20,28,$0.05,7,18,https://lbb.in/hyderabad/abs-absolute-barbecues-2c7c36/
8746,a2a central,6600,45,13,$0.08,5,18,https://lbb.in/hyderabad/miraj-cinema-balanagar/
8747,dakshinapan shopping complex,6600,2,1069,$0.38,5,22,https://lbb.in/kolkata/dakhinapan/
8748,cotton and clothing,5400,95,13,$0.09,43,74,https://lbb.in/bangalore/cotton-stores-bangalore/
8749,corridor seven coffee roasters,6600,30,13,$0.25,3,25,https://lbb.in/all/corridor-seven-coffee-roasters-shop-online/
8750,contouring in makeup,6600,22,33,$0.03,95,22,https://lbb.in/delhi/contouring-makeup/
8751,cocktails and dreams speakeasy,6600,10,168,$0.08,4,20,https://lbb.in/delhi/go-to-this-retrothemed-bar-25e1d9/
8752,clothing shop zara,6600,22,36,$0.05,56,53,https://lbb.in/delhi/zara-is-launching-its-online-store/
8753,chennai water park,12100,43,13,$0.23,5,18,https://lbb.in/chennai/best-water-parks-in-chennai/
8754,cafes in mg road,6600,9,223,$0,7,9,https://lbb.in/bangalore/cafes-in-around-mg-road-cbd/
8755,cafes in ecr,6600,13,130,$0.04,11,24,https://lbb.in/chennai/best-restaurants-in-ecr-chennai/
8756,cabo white rum,6600,19,38,$0,1,12,https://lbb.in/goa/goan-spirit-cabo-white-rum/
8757,burnout cafe,6600,17,33,$0.06,4,22,https://lbb.in/bangalore/gokarting-along-with-best-food-73ad26/
8758,brand of wine in india,6600,37,13,$0,1,28,https://lbb.in/all/red-wine-brands/
8759,boating point,6600,31,14,$0.20,1,14,https://lbb.in/pune/boating-clubs-in-pune/
8760,best perfume brands for men,6600,38,13,$0.08,98,24,https://lbb.in/all/perfumes-for-men-buy-online/
8761,kalbadevi road,6600,69,13,$0.13,3,21,https://lbb.in/mumbai/locality/kalbadevi-mumbai/
8762,jayanagar 5th block bangalore,6600,59,13,$0.11,5,18,https://lbb.in/bangalore/hood-guide-to-jayanagar-restaurants-shopping/
8763,japanese restaurant bangalore,6600,10,168,$0.08,12,18,https://lbb.in/bangalore/best-japanese-restaurants-in-bangalore/
8764,jaipur tapri,6600,35,13,$0.07,7,22,https://lbb.in/delhi/the-tapri-the-tea-house-at-jaiput-is-much-more-than-just-teas-837d62/
8765,jagdish store,6600,20,33,$0.12,15,23,https://lbb.in/delhi/all-your-fabric-needs-under-4e3188/
8766,inorbit restaurants,6600,19,36,$0.04,1,22,https://lbb.in/mumbai/food-guide-inorbit-malad-mumbai/
8767,infant church bangalore,6600,25,17,$0.01,1,30,https://lbb.in/bangalore/infant-jesus-church-0c0e87/
8768,indo portuguese museum,6600,12,99,$0.12,3,20,https://lbb.in/delhi/indo-portuguese-museum-fort-kochi/
8769,ikea nagasandra,5400,37,13,$0.81,60,38,https://lbb.in/bangalore/ikea-coming-soon-bangalore/
8770,ibnii coorg,6600,40,13,$0.27,65,24,https://lbb.in/bangalore/the-ibnii-luxury-resort-coorg/
8771,hyderabad co,6600,17,49,$0.05,1,37,https://lbb.in/hyderabad/co-living-hyderabad/
8772,hsr near me,5400,18,49,$0.07,15,29,https://lbb.in/bangalore/things-to-do-hsr-layout/
8773,hotel cocoon magarpatta,6600,35,13,$0.40,69,21,https://lbb.in/pune/cocoon-hotel/
8774,home lighting design,6600,60,13,$0.05,95,47,https://lbb.in/all/home-lighting-design/
8775,hill stations of southern india,6600,77,13,$0.17,4,43,https://lbb.in/bangalore/hill-stations-in-south-india/
8776,health and wellness products,6600,41,13,$0.30,57,33,https://lbb.in/all/best-wellness-brands/
8777,hamoni golf camp,6600,10,223,$0.42,4,31,https://lbb.in/delhi/golf-gurgaon-swings-inclusivity/
8778,good malls in hyderabad,6600,26,17,$0.10,2,18,https://lbb.in/hyderabad/best-malls-hyderabad/
8779,golden rashi bhavishya result,6600,3,642,$0,1,26,https://lbb.in/users/shohan-mahabub-677500380097/
8780,goa acron waterfront resort,8100,31,13,$0.27,38,21,https://lbb.in/mumbai/acron-waterfront/
8781,glass skin korean,6600,77,13,$0.09,92,24,https://go.lbb.in/CnlRD4n290b
8782,ganapati temple in pune,6600,43,13,$0.02,4,31,https://lbb.in/pune/manache-ganpati-in-pune/
8783,zoo delhi nearest metro station,6600,32,13,$0,1,20,https://lbb.in/delhi/Delhi-zoo-outing/
8784,yoga classes near me with fees,5400,10,223,$0.17,11,21,https://lbb.in/mumbai/post-work-yoga-classes/
8785,wine in goa,6600,37,13,$0,1,13,https://lbb.in/goa/best-liquor-stores-in-goa/
8786,wine brands in india,6600,9,168,$0,1,24,https://lbb.in/all/post/wine-liquor/
8787,what time is the meteor shower tonight,6600,15,38,$0.06,1,45,https://lbb.in/kolkata/meteor-shower/
8788,westside fc road pune,3600,9,130,$0.25,4,19,https://lbb.in/places/Westside-deccan-gymkhana-22497d/
8789,waterfalls near hyderabad,9900,42,13,$0,1,15,https://lbb.in/hyderabad/waterfalls-near-hyderabad/
8790,waterfall at kharghar,6600,14,99,$0.02,1,22,https://lbb.in/mumbai/pandavkada-wateralls-beautiful-just-one-hour-away-fom-city/
8791,vintage madras restaurant,5400,34,13,$0.08,2,22,https://lbb.in/chennai/vintage-restaurants-in-chennai/
8792,uttara karnataka,2400,16,49,$0,1,41,https://lbb.in/bangalore/uttara-karnataka-oota-a-heaven-19cd31/
8793,ub city bangalore,6600,22,28,$0.11,1,24,https://lbb.in/bangalore/ub-city-e232f4/
8794,top perfume brands for men,6600,45,13,$0.08,98,23,https://lbb.in/all/perfumes-for-men-buy-online/
8795,top lipstick brands,22200,21,28,$0.14,100,50,https://lbb.in/all/organic-lipstick-brands/
8796,torii mumbai,6600,47,13,$0.55,1,23,https://lbb.in/mumbai/Torii-newly-launched-restaurant/
8797,throttle shrottle moto cafe,6600,28,13,$0.07,2,22,https://lbb.in/kolkata/throttle-shrottle-2c44fc/
8798,tattoo studio,6600,13,130,$0.38,11,30,https://lbb.in/mumbai/favourite-tattoo-artists-mumbai/
8799,tailor man suits,8100,37,13,$0.11,16,24,https://lbb.in/delhi/tailorman-menswear-shop-online/
8800,sunvalley homestay coonoor,5400,24,15,$0.17,36,19,https://lbb.in/bangalore/sunvalley-homestay-coonoor-ooty/
8801,sunset in hyderabad,6600,7,309,$0,1,18,https://lbb.in/hyderabad/best-sunset-spots-hyderabad/
8802,sunlight restaurant and bar,6600,8,223,$0.57,3,20,https://lbb.in/mumbai/sunlight-bar-61cd10/
8803,spray sunblock for face,4400,64,13,$0.11,100,15,https://lbb.in/all/best-sunscreen-spray/
8804,spook house near me,6600,51,13,$0.05,2,16,https://lbb.in/hyderabad/haunted-places-hyderabad/
8805,south indian thali,6600,20,74,$0.05,1,20,https://lbb.in/bangalore/south-indian-thalis-bangalore/
8806,south indian meals near me,6600,12,99,$0.03,10,21,https://lbb.in/bangalore/post/south-indian/
8807,south indian hill stations,6600,75,13,$0.16,4,36,https://lbb.in/bangalore/hill-stations-in-south-india/
8808,south india hill stations,6600,86,13,$0.17,4,20,https://lbb.in/bangalore/hill-stations-in-south-india/
8809,shopping malls in kochi,6600,24,21,$0.08,2,25,https://lbb.in/all/malls-in-kochi/
8810,sholay shooting spot,6600,21,36,$0.02,1,22,https://lbb.in/bangalore/gabbard-sholay-shooting-spot-0c0390/
8811,shoe marketplace,6600,6,223,$0.06,3,75,https://lbb.in/delhi/shoes-market-in-delhi/
8812,scrapbooking shops,6600,27,15,$0.12,2,22,https://lbb.in/delhi/stationery-stores-delhi-office-supplies-croquis-clay-ink-paper/
8813,scalp exfoliator,6600,22,33,$0.10,99,35,https://lbb.in/all/scalp-exfoliation-guide/
8814,savorworks coffee & chocolate,6600,30,13,$0,1,26,https://lbb.in/delhi/SavorworksCoffeeRoasters/
8815,saket dda sports complex,8100,18,38,$0.08,4,18,https://lbb.in/delhi/dda-saket-sports-complex-1b19c9/
8816,sarees names,6600,53,13,$0.02,9,12,https://lbb.in/delhi/types-of-sarees/
8817,ray center wilson garden swimming pool,6600,41,13,$0.14,4,18,https://lbb.in/bangalore/public-swimming-pools-bangalore/
8818,raviwar peth pune maharashtra,6600,54,13,$0.07,2,19,https://lbb.in/pune/raviwar-peth-shukrawar-peth-b53443/
8819,ravindra kalakshetra,6600,21,28,$0,1,17,https://lbb.in/bangalore/ravindra-kalakshetra-9490d8/
8820,rahul 70mm,6600,9,99,$0,1,21,https://lbb.in/pune/rahul-70-mm-808448/
8821,pvr bangalore,6600,18,36,$0.02,9,32,https://lbb.in/bangalore/pvr-playhouse-theatre-for-kids/
8822,pune marketplace,6600,13,130,$0.03,1,26,https://lbb.in/pune/best-spots-for-shopping-in-pune/
8823,pune funny sign boards,1000,7,223,$0,1,27,https://lbb.in/pune/hilarious-things-pune/
8824,places to see in lansdowne,5400,82,13,$0.12,1,33,https://lbb.in/delhi/places-to-visit-in-lansdowne/
8825,pizza deals for today,6600,27,14,$0.24,37,50,https://lbb.in/pune/unlimited-pizza-deals-in-pune/
8826,picture frames store,6600,22,28,$0.07,24,44,https://lbb.in/pune/photo-framing-in-pune-kolsa-lane/
8827,picnic spot pune,6600,20,38,$0.08,15,18,https://lbb.in/pune/picnic-spots-near-pune/
8828,pandara market,6600,3,1069,$0,1,24,https://lbb.in/delhi/pandara-road-hood-guide/
8829,oyama japanese restaurant,5400,11,130,$0.22,4,21,https://lbb.in/chennai/best-japanese-restaurants-chennai/
8830,open air theatre,6600,13,130,$0.09,1,19,https://lbb.in/pune/scc-republic-movies-under-the-bbe81a/
8831,oldest market,5400,94,13,$0,1,35,https://lbb.in/delhi/old-delhi-bazaar/
8832,no vacancies,4400,27,14,$0.16,1,55,https://lbb.in/delhi/no-vacancy-f3c15c/
8833,nightclubs in chennai india,6600,19,60,$0.05,1,23,https://lbb.in/chennai/best-nightclubs-and-pubs-in-chennai/
8834,new movies korean,5400,33,13,$0,1,38,https://lbb.in/all/best-korean-movies/
8835,nearest swimming pool near me,5400,6,642,$0.03,8,21,https://lbb.in/delhi/swimming-pools-delhi-ncr/
8836,name dresses,6600,10,168,$0.01,1,42,https://lbb.in/delhi/types-of-dresses/
8837,name dress,6600,9,223,$0.02,1,18,https://lbb.in/delhi/types-of-dresses/
8838,mylari hotel mysore,6600,39,13,$0.08,9,29,https://lbb.in/bangalore/mylari-dosa-at-original-hotel-vinayaka-mylari-mysore/
8839,mumbai sakinaka,6600,68,13,$0.53,2,19,https://lbb.in/mumbai/locality/sakinaka-mumbai/
8840,movies like interstellar,6600,13,74,$0,1,28,https://lbb.in/all/movies-like-interstellar/
8841,most expensive perfumes,6600,43,13,$0.03,62,20,https://lbb.in/all/expensive-perfume-in-the-world/
8842,mosaic flooring,6600,39,13,$0.20,7,18,https://lbb.in/all/mosaic-flooring-tiles/
8843,mogacho waterfall,6600,12,168,$0.05,2,32,https://lbb.in/goa/goa-waterfalls-visit-during-monsoon/
8844,mexican restaurant,6600,30,13,$0,3,20,https://lbb.in/pune/mexican-restaurants-in-pune/
8845,mehrauli market,5400,1,2006,$0,1,22,https://lbb.in/delhi/mehrauli-bazaar-ethnic-wear/
8846,mani square pvr,6600,21,17,$0.07,1,19,https://lbb.in/places/PVR-Cinemas-Mani-Square-Mall-a282fc/
8847,manas resort igatpuri petting zoo and organic farm,8100,31,13,$0.26,41,21,https://lbb.in/mumbai/manas-resort-igatpuri-petting-zoo/
8848,mahabodhi buddha vihara hyderabad,6600,10,168,$0.16,5,26,https://lbb.in/hyderabad/pay-a-visit-to-mahabodhi-fc6d95/
8849,lpk club,9900,12,130,$0.24,3,21,https://lbb.in/goa/club-lpk-love-passion-karma-845dec/
8850,lansdowne tourist attractions,5400,75,13,$0.30,2,22,https://lbb.in/delhi/places-to-visit-in-lansdowne/
8851,fitso hennur agon sports multi sports,6600,28,15,$0.10,8,18,https://lbb.in/bangalore/agon-sports-indoor-activities-hennur/
8852,fat pigeon bar hop hyderabad,6600,7,223,$0.39,3,22,https://lbb.in/hyderabad/fat-pigeon-bar-hop-b07672/
8853,exhibition delhi,6600,90,13,$0.13,4,39,https://lbb.in/delhi/wedding-exhibitions-in-delhi/
8854,dress rent shop near me,6600,15,60,$0.07,10,19,https://lbb.in/chennai/best-places-to-rent-clothes-in-chennai/
8855,h p singh agencies pvt ltd,6600,27,13,$0.92,5,20,https://lbb.in/delhi/hp-singh-b0c10f/
8856,gym in delhi,5400,13,130,$0.28,9,17,https://lbb.in/delhi/best-gyms-delhi/
8857,good gifts for mother's day,6600,79,13,$0.07,23,50,https://lbb.in/delhi/mothers-day-gifts/
8858,good coffee shops in kolkata,6600,9,223,$0.04,3,24,https://lbb.in/kolkata/post/coffee/
8859,gokul bar colaba,6600,13,74,$0.07,1,22,https://lbb.in/mumbai/gokul-colaba-a47ba0/
8860,goa water park,8100,57,13,$0.11,6,28,https://lbb.in/goa/waterpark-in-goa/
8861,gandhi nagar market delhi,6600,6,2006,$0,1,24,https://lbb.in/delhi/gandhi-nagar-market/
8862,mahesh lunch home near me,6600,20,33,$0.06,8,23,https://lbb.in/mumbai/mahesh-lunch-home/
8863,luz corner,6600,3,2006,$0.58,5,20,https://lbb.in/chennai/luz-corner-6c503c/
8864,liquor vault,6600,18,33,$0,1,26,https://lbb.in/mumbai/best-alcohol-shops-mumbai/
8865,larisa resort manali,5400,28,13,$0.28,44,23,https://lbb.in/delhi/larisa-resort-manali/
8866,lalbaug market mumbai,6600,10,223,$0,1,19,https://lbb.in/mumbai/spice-market-lalbaug/
8867,kunj,6600,9,309,$0,1,22,https://lbb.in/delhi/the-kunj-vasant-kunj/
8868,kolkata shobha bazar,6600,69,13,$0.24,2,21,https://lbb.in/kolkata/locality/sovabazar-kolkata/
8869,kidswear brands,6600,35,13,$0.15,100,21,https://lbb.in/kolkata/local-kidswear-stores-online/
8870,kathak dance classes near me,6600,12,130,$0.07,4,14,https://lbb.in/delhi/dance-indian-clasical-style-classes-delhi/
8871,kalakar street kolkata,6600,16,60,$0.13,3,19,https://lbb.in/places/Kalakar-Street-burrabazar-9b8ca5/
8872,kalakar street,6600,14,99,$0.13,3,22,https://lbb.in/places/Kalakar-Street-burrabazar-9b8ca5/
8873,itc royal bengal kolkata,6600,42,13,$0.82,57,30,https://lbb.in/kolkata/ITC-Royal-Bengal-Kolkata/
8874,indoor badminton court,6600,14,168,$0.11,3,16,https://lbb.in/mumbai/badminton-courts-mumbai/
8875,india wine brands,6600,22,28,$0,1,23,https://lbb.in/all/red-wine-brands/
8876,ihc,6600,13,99,$0,1,45,https://lbb.in/delhi/visit-india-habitat-centre/
8877,bowling in pune,6600,7,434,$0.07,3,20,https://lbb.in/pune/5-bowling-alleys-pune/
8878,best romance novels,6600,62,13,$0.03,41,46,https://lbb.in/all/romantic-novels/
8879,best present for father,8100,49,13,$0.06,95,49,https://lbb.in/delhi/fathers-day-gifts/
8880,best perfumes brand,6600,23,28,$0.12,89,40,https://lbb.in/all/top-perfume-brands/
8881,best perfume brands for male,6600,44,13,$0.11,100,18,https://lbb.in/all/perfumes-for-men-buy-online/
8882,best condoms for men,5400,65,13,$0.04,98,25,https://lbb.in/delhi/best-condom-brands-in-india/
8883,best casino in goa,6600,64,13,$0,1,42,https://lbb.in/goa/casinos-in-goa/
8884,bellandur central,6600,12,99,$0.08,2,25,https://lbb.in/bangalore/things-to-do-at-central-soulspace-spirit-mall-bellandur/
8885,beijing restaurant,6600,8,309,$0.19,2,24,https://lbb.in/kolkata/beijing-restaurant-chinese-tangra-kolkata/
8886,beachwear outfits,5400,13,60,$0.05,100,39,https://lbb.in/all/beach-outfits-women/
8887,beach outfits,6600,14,99,$0.05,98,19,https://lbb.in/all/beach-outfits-women/
8888,bangalore big shopping mall,6600,18,60,$0.03,2,34,https://lbb.in/bangalore/best-malls-in-bangalore/
8889,baghaan orchard retreat,6600,13,74,$0.09,9,22,https://lbb.in/delhi/baghaan-orchard-retreat-e2d6eb/
8890,badminton indoor courts,6600,10,168,$0.11,3,13,https://lbb.in/mumbai/badminton-courts-mumbai/
8891,azuki japan travel bistro and sake,3600,9,130,$0.20,3,21,https://lbb.in/bangalore/japan-travel-cafe-azuki-residency-road/
8892,atria worli,6600,8,223,$0.07,1,20,https://lbb.in/mumbai/shopping-brands-atria-mall-worli/
8893,art supplies and,6600,49,13,$0.03,88,59,https://lbb.in/bangalore/bangalores-best-art-craft-stores/
8894,art gallery delhi,8100,32,13,$0.19,4,67,https://lbb.in/delhi/best-art-galleries-delhi-ncr/
8895,aristobrat,6600,15,38,$0.30,88,30,https://lbb.in/delhi/aristobrat-mens-clothing-online/
8896,area 83 adventure resort bilwaradahalli karnataka,5400,35,13,$0.25,5,22,https://lbb.in/bangalore/stay-at-area-83-bangalore/
8897,alaya by stage 3,6600,17,33,$0.12,100,37,https://lbb.in/places/Alaya-By-Stage3-38e925/
8898,airia mall sector 68 gurugram haryana,6600,65,13,$0.33,3,17,https://lbb.in/places/Airia-Mall-sohna-road-66c442/
8899,adult swimming,6600,24,28,$0.28,1,44,https://lbb.in/delhi/swimming-classes-in-delhi/
8900,32nd avenue photos,8100,13,130,$0,1,48,https://lbb.in/delhi/things-to-do-32nd-avenue/
8901,dance club chennai,6600,18,49,$0.05,1,21,https://lbb.in/chennai/best-nightclubs-and-pubs-in-chennai/
8902,dance academy,8100,12,130,$0.25,1,21,https://lbb.in/delhi/dance-schools-noida/
8903,dadu's gachibowli,5400,30,13,$0.18,6,17,https://lbb.in/places/Dadus-gachibowli-4e15f6/
8904,cocoon hotel magarpatta,6600,41,13,$0.40,69,21,https://lbb.in/pune/cocoon-hotel/
8905,clubs in chennai,6600,23,15,$0.05,1,23,https://lbb.in/chennai/best-nightclubs-and-pubs-in-chennai/
8906,champagne wine bottles,6600,54,13,$0.12,1,28,https://lbb.in/mumbai/sparkling-wines-inr-2000/
8907,central mall bangalore bellandur,8100,19,36,$0,4,9,https://lbb.in/bangalore/things-to-do-at-central-soulspace-spirit-mall-bellandur/
8908,carters blue restaurant,6600,19,36,$0.10,4,22,https://lbb.in/mumbai/carters-blue-6513e6/
8909,calcutta market,6600,11,309,$0.07,1,19,https://lbb.in/kolkata/best-shopping-places-kolkata/
8910,cafe whitefield,6600,44,13,$0.03,18,21,https://lbb.in/bangalore/cafes-in-whitefield/
8911,cafe leopold menu,6600,30,13,$0.01,1,21,https://lbb.in/mumbai/leopold-cafe/
8912,cafe in mg road bangalore,6600,11,309,$0.03,10,24,https://lbb.in/bangalore/cafes-in-around-mg-road-cbd/
8913,burger mumbai,6600,24,28,$0.08,2,22,https://lbb.in/mumbai/mumbai-best-burgers/
8914,pawna dam,6600,16,74,$0.13,5,30,https://lbb.in/pune/pawna-dam-1f5d7c/
8915,pair a dice cafe,6600,12,99,$0.28,4,20,https://lbb.in/mumbai/pair-a-dice-caf-7aca39/
8916,nirulas in connaught place,6600,38,13,$0.20,4,19,https://lbb.in/places/Nirulas-connaught-place-4be141/
8917,night clubs chennai,6600,27,15,$0.43,1,15,https://lbb.in/chennai/best-nightclubs-and-pubs-in-chennai/
8918,myrah banquets,6600,54,13,$0.20,4,13,https://lbb.in/kolkata/banquet-halls-in-kolkata/
8919,mylapore temple,6600,40,13,$0.01,1,34,https://lbb.in/chennai/kapaleeshearar-temple-271cdb/
8920,must watch malayalam movies,6600,13,99,$0,1,33,https://lbb.in/all/best-malayalam-movies/
8921,merchandising harry potter,6600,47,13,$0.05,99,23,https://lbb.in/mumbai/harry-potter-merchandise-gifts/
8922,which is best hair dye,6600,34,13,$0.06,98,42,https://lbb.in/bangalore/best-hair-colour-brands/
8923,which hair dye is the best,6600,21,33,$0.06,98,47,https://lbb.in/bangalore/best-hair-colour-brands/
8924,which hair colour best,6600,43,13,$0.06,98,39,https://lbb.in/bangalore/best-hair-colour-brands/
8925,which dye is best for hair,6600,25,21,$0.06,98,44,https://lbb.in/bangalore/best-hair-colour-brands/
8926,wellness health products,6600,45,13,$0.21,54,22,https://lbb.in/all/best-wellness-brands/
8927,vineyards bangalore,6600,27,15,$0.13,4,37,https://lbb.in/bangalore/wine-tour-vineyards-bangalore/
8928,vijayan sports academy,6600,49,13,$0.05,5,19,https://lbb.in/chennai/sports-academy-chennai/
8929,uk resort,6600,18,38,$0.30,12,22,https://lbb.in/mumbai/uks-resort-b76ab8/
8930,types of milk chocolate,6600,18,36,$0.10,14,56,https://lbb.in/all/types-of-chocolate/
8931,townhall bangalore,6600,36,13,$0.03,1,20,https://lbb.in/bangalore/town-hall-629d75/
8932,tourist spots in lansdowne,5400,70,13,$0.12,1,28,https://lbb.in/delhi/places-to-visit-in-lansdowne/
8933,tourist places at belgaum,6600,50,13,$0.36,1,22,https://lbb.in/all/belgaum-places-to-see/
8934,tops types,6600,14,74,$0.02,20,26,https://lbb.in/all/types-of-tops-women/
8935,royal cinema,6600,14,74,$0,1,20,https://lbb.in/places/Royal-Cinema-mumbai-84f710/
8936,rohini sports complex delhi,6600,10,168,$0.38,3,17,https://lbb.in/delhi/dwarka-sports-complex-b267a3/
8937,restaurant secunderabad,6600,24,17,$0.03,10,21,https://lbb.in/hyderabad/restaurants-in-secunderabad/
8938,rent bridal dresses near me,6600,10,223,$0.12,13,29,https://lbb.in/delhi/wedding-clothes-on-rent/
8939,pune city market,6600,22,36,$0,1,36,https://lbb.in/pune/best-spots-for-shopping-in-pune/
8940,primes and zooms pune,6600,4,434,$0.05,7,19,https://lbb.in/pune/primes-and-zooms-8705b3/
8941,places in belgaum,6600,27,15,$0.97,1,27,https://lbb.in/all/belgaum-places-to-see/
8942,pinklay,6600,17,60,$0.23,100,31,https://lbb.in/bangalore/pinklay-store-indiranagar/
8943,pink two colour combination for bedroom walls,18100,15,74,$0,1,10,https://lbb.in/all/pink-two-colour-combination/
8944,picnic spot in pune,6600,30,13,$0.08,15,20,https://lbb.in/pune/picnic-spots-near-pune/
8945,festival tomato,6600,23,21,$0,1,30,https://lbb.in/delhi/tomatina-festival-holi/
8946,famous food joints in mumbai,6600,38,13,$0.05,1,30,https://lbb.in/mumbai/iconic-mumbai-restaurants/
8947,facial serum oily skin,6600,57,13,$0.08,98,24,https://lbb.in/all/best-serum-for-oily-skin/
8948,devan's south indian coffee and tea pvt ltd,6600,38,13,$0.12,3,21,https://lbb.in/bangalore/iconic-devans-coffee-online-lbb/
8949,comedy drama romance films,2900,29,13,$0,1,68,https://lbb.in/all/top-bollywood-rom-coms/
8950,coffee brands in india,6600,13,99,$0.09,63,20,https://lbb.in/bangalore/order-coffee-powder-online/
8951,clubs chennai,6600,28,15,$0.05,1,27,https://lbb.in/chennai/hobby-clubs-chennai/
8952,cicchetti italiano,8100,21,33,$0.24,1,22,https://lbb.in/delhi/drop-everything-head-to-ciccheti-0aaaa2/
8953,botanic cafe,5400,21,33,$0.17,3,22,https://lbb.in/mumbai/botanica-cafe-mumbai/
8954,kitsons,6600,24,21,$0.11,3,32,https://lbb.in/hyderabad/kitsons-stationery-madhapur/
8955,kakinada subbayya gari hotel,8100,18,99,$0.03,2,22,https://lbb.in/bangalore/th-f0edd8/
8956,jalahalli bengaluru karnataka,6600,65,13,$0.15,4,22,https://lbb.in/bangalore/locality/jalahalli-bangalore/
8957,indian wine,6600,63,13,$0,1,27,https://lbb.in/bangalore/best-indian-wine-brands/
8958,indian liquor brands,6600,43,13,$0,1,15,https://lbb.in/delhi/homegrown-alcohol-brands-india/
8959,india grill room,6600,10,130,$0.08,3,21,https://lbb.in/delhi/indian-grill-room-mughlai/
8960,ibadat,6600,21,33,$0.09,18,14,https://lbb.in/places/Ibadat-sector-43-58d34b/
8961,hotel leela chanakyapuri,6600,23,15,$1.22,32,38,https://lbb.in/delhi/the-leela-palace-a298f9/
8962,ho chi minh sarani,6600,4,1069,$0.04,4,19,https://lbb.in/kolkata/Guide-To-Ho-Chi-Minh-Sarani/
8963,hidden places,6600,30,13,$0.11,1,17,https://lbb.in/mumbai/secret-spots-mumbai/
8964,hair styling tools,5400,47,13,$0.06,100,23,https://lbb.in/bangalore/best-hair-styling-tools-buy-online/
8965,gym delhi,5400,17,60,$0.15,8,33,https://lbb.in/delhi/best-gyms-delhi/
8966,gurukul sports,6600,16,49,$0.35,5,15,https://lbb.in/bangalore/gurukul-sports-academy-swimming-pool-19352d/
8967,grt jewellers chennai tamil nadu,6600,29,13,$0.13,62,30,https://lbb.in/chennai/grt-jewellers-e2ba57/
8968,groomer dog,6600,10,434,$1.08,28,24,https://lbb.in/mumbai/pet-grooming-mumbai/
8969,greatescape,8100,24,21,$0.31,1,34,https://lbb.in/mumbai/great-escape-water-park/
8970,mannat murthal,6600,19,38,$0.03,1,22,https://lbb.in/delhi/a-palace-like-dhaba-a6691e/
8971,manicure and pedicure price,6600,18,36,$0.36,8,17,https://lbb.in/kolkata/manicure-pedicure-under-budget-salons-kolkata/
8972,mall in vasant kunj delhi,6600,17,74,$0.08,5,36,https://lbb.in/delhi/Vasant-kunj-malls/
8973,malcha market,6600,15,60,$0,1,23,https://lbb.in/delhi/malcha-marg-foodie-guide/
8974,malabar house fort kochi,6600,17,38,$0.51,7,36,https://lbb.in/bangalore/heritage-boutique-hotel-the-malabar-house-kochi/
8975,lotus temple hyderabad,6600,14,99,$0,1,18,https://lbb.in/hyderabad/lotus-temple-chilkur/
8976,leopold cafe menu,6600,35,13,$0.01,1,19,https://lbb.in/mumbai/leopold-cafe/
8977,lake club,6600,11,223,$0.19,2,34,https://lbb.in/kolkata/the-lake-club-e3d05d/
8978,kolkata mani square mall,6600,15,49,$0.41,1,29,https://lbb.in/kolkata/mani-square-mall-7d11fa/
8979,khus curtain,5400,14,74,$0.01,96,23,https://lbb.in/mumbai/khus-curtains-b28d03/
8980,kharghar waterfall,6600,19,49,$0.03,1,24,https://lbb.in/mumbai/pandavkada-wateralls-beautiful-just-one-hour-away-fom-city/
8981,kawal wildlife sanctuary,6600,52,13,$0,1,34,https://lbb.in/hyderabad/kawal-wildlife-sanctuary/
8982,irram manzil colony,6600,25,17,$0.16,7,19,https://lbb.in/hyderabad/mall/next-galleria-irrum-manzil-hyderabad/
8983,cafes to visit in kasol,6600,8,309,$0.17,5,22,https://lbb.in/all/best-cafes-in-kasol/
8984,cafes in kothrud,6600,11,130,$0.02,5,22,https://lbb.in/pune/the-book-cafe-kothrud/
8985,cafe pondicherry,6600,62,13,$0.20,15,23,https://lbb.in/bangalore/best-cafes-pondicherry/
8986,cafe jc's,6600,8,223,$0,1,25,https://lbb.in/delhi/cafe-jcs-c62fc9/
8987,cafe in newtown,5400,18,36,$0.03,8,26,https://lbb.in/kolkata/locality/newtown-kolkata/
8988,bridal dresses for rent near me,6600,8,434,$0.21,12,10,https://lbb.in/delhi/wedding-clothes-on-rent/
8989,breakfast open near me now,6600,10,223,$0.05,10,38,https://lbb.in/delhi/breakfast-places-delhi/
8990,brands of wine in india,6600,20,28,$0,1,12,https://lbb.in/all/red-wine-brands/
8991,bowling in delhi,6600,10,223,$0.08,15,20,https://lbb.in/delhi/pin-tonic-9-bowling-alleys-in-delhi-ncr/
8992,board gaming cafe,6600,17,60,$0.06,2,44,https://lbb.in/chennai/the-board-game-lounge-cafe-adyar-chennai/
8993,black pagoda,6600,24,33,$0.02,3,28,https://lbb.in/kolkata/black-pagoda/
8994,bikers cafe,6600,37,13,$0.07,3,33,https://lbb.in/bangalore/5-biker-cafes-in-bangalore-698a71/
8995,bhagwan mahavir wildlife sanctuary in goa,6600,28,14,$0.46,1,32,https://lbb.in/goa/bhagwan-mahavir-wildlife-sanctuary-goa/
8996,best suspense movies,6600,38,13,$0,1,48,https://lbb.in/all/best-suspense-thriller-movies/
8997,best restaurants in koramangala bangalore,6600,15,99,$0.05,10,20,https://lbb.in/bangalore/locality/koramangala-bangalore/
8998,best restaurants in koramangala,6600,16,99,$0.03,10,23,https://lbb.in/bangalore/go-here-when-craving-for-98e9c1/
8999,best mall.in hyderabad,6600,22,17,$0.06,1,19,https://lbb.in/hyderabad/best-malls-hyderabad/
9000,best casino goa,6600,67,13,$0,1,36,https://lbb.in/goa/casinos-in-goa/
9001,best cafe in kolkata,6600,12,130,$0.04,3,24,https://lbb.in/kolkata/cafes-in-kolkata-insta-feeds/
9002,best biryani in pune,6600,20,38,$0.11,4,23,https://lbb.in/pune/best-biryani-pune/
9003,barbeque nation chennai,6600,17,60,$0.09,4,37,https://lbb.in/chennai/barbeque-nation-restaurant-chennai/
9004,bangle market hanuman mandir,5400,1,2006,$0,1,21,https://lbb.in/delhi/bangles-bindis-market-hanuman-mandir/
9005,bangalore national park,6600,41,13,$0.07,3,40,https://lbb.in/bangalore/bannerghatta-biological-park/
9006,bandra best cafes,6600,29,13,$0.02,2,23,https://lbb.in/mumbai/cafes-in-bandra/
9007,auto wraps,6600,31,15,$0.11,40,26,https://lbb.in/delhi/5-spots-to-get-your-car-wraps-in-ncr/
9008,arbab,6600,12,130,$0.13,3,22,https://lbb.in/mumbai/caf-arbab-food-review-fa975d/
9009,ancient hyderabad hinjewadi,6600,16,60,$0.07,2,22,https://lbb.in/pune/ancient-hyderabad-62901e/
9010,ancient hyderabad,6600,17,38,$0.04,3,19,https://lbb.in/pune/ancient-hyderabad-62901e/
9011,alpha 1 market,6600,42,13,$0,1,37,https://lbb.in/mumbai/alfa-stores/
9012,alcohol beverage,6600,37,13,$0,1,83,https://lbb.in/all/best-indian-beverage-drinks-brands/
9013,ahilya by the sea,6600,35,13,$0.17,55,23,https://lbb.in/goa/ahilya-by-the-sea-24485d/
9014,41 pally durga puja,6600,50,13,$0.10,1,32,https://lbb.in/kolkata/9-best-pujo-pandals-south-kolkata/
9015,theme park pune,8100,24,28,$0.05,10,20,https://lbb.in/pune/flying-panda-trampoline-park-pune/
9016,the hub bengaluru,6600,64,13,$0.31,5,45,https://lbb.in/bangalore/the-hub-co-living-space/
9017,tapri in jaipur,6600,16,74,$0.07,4,21,https://lbb.in/delhi/the-tapri-the-tea-house-at-jaiput-is-much-more-than-just-teas-837d62/
9018,tap resto bar andheri west,6600,27,15,$0.43,5,21,https://lbb.in/mumbai/tap-resto-bar-bandra-b61a52/
9019,sunvalley homestay,5400,38,13,$0.16,34,19,https://lbb.in/bangalore/sunvalley-homestay-coonoor-ooty/
9020,sulfate free wavy hair shampoo,9900,24,21,$0.08,12,15,https://lbb.in/bangalore/sulphate-free-shampoo-for-curly-hair/
9021,south indian mess,5400,10,130,$0.19,2,29,https://lbb.in/pune/south-indian-mess-d5e322/
9022,slv coffee bar,6600,33,13,$0.15,4,23,https://lbb.in/bangalore/food-slv-restaurant-jp-nagar/
9023,skindeep tattoo studio,4400,14,60,$0.28,7,19,https://lbb.in/bangalore/skin-deep-3da276/
9024,shoes marketplace,6600,6,223,$0.06,3,67,https://lbb.in/delhi/shoes-market-in-delhi/
9025,shanti niketan west bengal,6600,18,60,$0.18,4,38,https://lbb.in/kolkata/things-to-do-shantiniketan/
9026,sassy spoon koregaon park,6600,17,60,$0,1,29,https://lbb.in/pune/clynton-fernandes-at-sassy-spoon-pune/
9027,saidulajab,6600,8,642,$0.19,3,19,https://lbb.in/delhi/saidulajab-88f175/
9028,rue du liban,6600,19,38,$0.42,3,21,https://lbb.in/mumbai/rue-du-liban-levantine-cuisine/
9029,wines india,6600,65,13,$0,1,14,https://lbb.in/bangalore/best-indian-wine-brands/
9030,wine sparkling,6600,18,38,$0,1,17,https://lbb.in/mumbai/sparkling-wines-inr-2000/
9031,lots wholesale,6600,32,13,$0.53,1,31,https://lbb.in/delhi/shop-lots-lots-e89b20/
9032,loco bear tickets,6600,17,38,$0.10,21,24,https://lbb.in/bangalore/loco-bear-koramangala/
9033,leave in conditioner for frizzy hair,6600,40,13,$0.06,100,25,https://lbb.in/delhi/best-leave-in-conditioners/
9034,lal kuan chandni chowk,6600,52,13,$0.20,4,20,https://lbb.in/delhi/shop-sarees-silver-stationery-chandni-chowk-shopping-guide/
9035,kurinjal trek,5400,21,28,$0.01,1,13,https://lbb.in/bangalore/kurinjal-peak-kudremukh/
9036,kudle beach resort,6600,44,13,$0.27,68,19,https://lbb.in/bangalore/kudle-beach-view-resort-spa-e2f688/
9037,korean film new,5400,35,13,$0,1,46,https://lbb.in/delhi/best-korean-movies/
9038,khedda resort,6600,27,14,$0.17,5,19,https://lbb.in/bangalore/khedda-resorts-70d0c9/
9039,kath n ghat restaurant,6600,11,168,$0.35,5,22,https://lbb.in/mumbai/khat-n-ghat-thane-460e4c/
9040,karanji lake nature park,5400,16,60,$0.04,3,18,https://lbb.in/bangalore/karanji-lake-park-mysore/
9041,kalamandir auditorium,6600,43,13,$0,1,20,https://lbb.in/kolkata/not-going-away-long-weekend-heres-guide-city/
9042,kailash complex,6600,94,13,$0.12,2,18,https://lbb.in/delhi/swimming-pools-delhi-ncr/
9043,juhu sea princess,6600,15,60,$0.37,48,23,https://lbb.in/mumbai/sea-princess-juhu-62fdd2/
9044,janakpuri near me,4400,25,17,$0,1,20,https://lbb.in/delhi/locality/janakpuri-delhi/
9045,itc gardenia bengaluru,6600,74,13,$0.96,24,36,https://lbb.in/bangalore/mothers-day-lunch-brunch-bangalore/
9046,ingredient list skin care,5400,51,13,$0,1,44,https://lbb.in/delhi/best-skincare-ingredients/
9047,infant jesus church vivek nagar,6600,17,33,$0.01,1,33,https://lbb.in/bangalore/infant-jesus-church-0c0e87/
9048,infant jesus church bangalore,6600,18,33,$0.01,1,34,https://lbb.in/bangalore/infant-jesus-church-0c0e87/
9049,inexpensive gym near me,6600,13,99,$0.17,17,27,https://lbb.in/pune/affordable-gyms-in-pune/
9050,ihop,6600,18,33,$0,1,33,https://lbb.in/delhi/culinate-badee6/
9051,house of dosas,6600,16,60,$0.19,3,22,https://lbb.in/hyderabad/the-dosa-way-cd2c6f/
9052,hilltop goa,6600,47,13,$0.86,5,29,https://lbb.in/goa/hilltop-parties-goa/
9053,hairfall serum,4400,55,13,$0.23,100,21,https://lbb.in/delhi/hair-serums-hair-fall-buy-online/
