No,Keyword,Volume,Position,Estimated Visits,CPC,Paid Difficulty,SEO Difficulty,Ranking URL
1,english to hindi,37200000,86,78120,$0.54,1,37,https://www.district.in/movies/mortal-kombat-ii-movie-tickets-in-gurgaon-MV171960
2,bookmyshow,24900000,6,841620,$0.07,1,61,https://www.district.in/movies/
3,english in tamil,9140000,50,19194,$0.14,1,31,https://www.district.in/events/hibiscus-foundation-may9-2026-buy-tickets
4,mi vs pbks,7480000,5,492932,$0.11,1,42,https://www.district.in/events/screening-of-mi-vs-pbks-mumbai-indians-vs-punjab-kings-apr16-2026-buy-tickets
5,gt vs rcb,246000,4,1211760,$0,1,42,https://www.district.in/events/screening-of-gt-vs-rcb-tata-ipl-2026-apr30-2026-buy-tickets
6,ipl match,7480000,17,32164,$0.04,1,58,https://www.district.in/events/tata-ipl-2026-match-21-sunrisers-hyderabad-vs-rajasthan-royals-buy-tickets
7,games,6120000,73,15708,$0.16,5,91,https://www.district.in/events/board-games-by-playdate-unclub-gurgaon-may10-2026-buy-tickets
8,e dis,6120000,36,12852,$0.56,1,83,https://www.district.in/
9,dhurandhar,5000000,9,287028,$0.01,1,60,https://www.district.in/movies/dhurandhar-the-revenge-movie-tickets-in-mumbai-MV211577
10,english to telugu,5000000,98,10500,$0.34,1,25,https://www.district.in/movies/kurnool-movie-tickets
11,rr vs mi,4090000,18,29500,$0,1,42,https://www.district.in/events/ipl-ticket-booking
12,chennai super kings,3350000,15,37500,$0,1,42,https://www.district.in/events/chennai-super-kings-team
13,srh vs rcb,2740000,6,810000,$0,1,42,https://www.district.in/events/screening-of-srh-vs-rcb-tata-ipl-2026-may22-2026-buy-tickets
14,tamil download movies,5000000,36,10500,$0.38,1,51,https://www.district.in/events/hibiscus-foundation-may9-2026-buy-tickets
15,csk vs dc,1220000,23,16500,$0.11,1,42,https://www.district.in/events/ipl-ticket-booking
16,csk,3350000,17,45500,$0,1,60,https://www.district.in/events/chennai-super-kings-team
17,rcb vs mi,3350000,9,104704,$0.05,1,43,https://www.district.in/events/screening-of-rcb-vs-mi-tata-ipl-2026-may10-2026-buy-tickets
18,rcb vs dc,5000000,5,662580,$0,1,42,https://www.district.in/events/screening-of-dc-vs-rcb-tata-ipl-2026-apr27-2026-buy-tickets
19,srh vs pbks,823000,10,61350,$0,1,42,https://www.district.in/events/screening-of-pbks-vs-srh-tata-ipl-2026-apr11-2026-buy-tickets
20,gujarat titans vs royal challengers bengaluru,4090000,10,104704,$0.05,1,21,https://www.district.in/events/screening-of-gt-vs-rcb-gujarat-titans-vs-royal-challengers-bengaluru-apr30-2026-buy-tickets
21,srh vs csk,135000,8,220765,$0.19,1,42,https://www.district.in/events/screening-of-csk-vs-srh-tata-ipl-2026-may18-2026-buy-tickets
22,rajasthan royals,1500000,14,37855,$0,1,47,https://www.district.in/events/rajasthan-royals-ipl-2026-team
23,and,2740000,61,5754,$0.13,2,52,https://www.district.in/events/open-mic-and-musical-jamming-may10-2026-buy-tickets
24,lucknow super giants vs punjab kings,2740000,9,70144,$0.09,1,20,https://www.district.in/events/screening-of-lsg-vs-pbks-lucknow-super-giants-vs-punjab-kings-may23-2026-buy-tickets
25,tamil 1 mv,2740000,16,16166,$0.55,1,29,https://www.district.in/movies/mvr-cinemas-dolby-7-1-dolby-atmos-4k-rgb-laser-guduvanchery-in-chennai-CD1101384
26,csk vs mi,5000000,20,11782,$0,1,42,https://www.district.in/events/chennai-super-kings-team
27,csk vs srh,3350000,7,180566,$0,1,42,https://www.district.in/events/screening-of-srh-vs-csk-tata-ipl-2026-apr18-2026-buy-tickets
28,saiyaara movie,1600,12,53978,$0,1,30,https://www.district.in/movies/saiyaara-movie-tickets-MV196147
29,movies,2240000,12,25312,$0.58,2,80,https://www.district.in/movies/
30,royals vs titans,301000,8,105056,$0,1,42,https://www.district.in/events/tata-ipl-2026-match-52-rajasthan-royals-vs-gujarat-titans-may9-2026-buy-tickets
31,sunrisers vs royal challengers,2740000,5,362880,$0,1,34,https://www.district.in/events/screening-of-srh-vs-rcb-tata-ipl-2026-may22-2026-buy-tickets
32,2.0,2740000,26,4704,$0.12,1,48,https://www.district.in/events/naram-lehja-20-by-kanha-kamboj-delhi-jul5-2026-buy-tickets
33,gujarat titans,1830000,15,25312,$0,1,47,https://www.district.in/events/gujarat-titans-team
34,mi vs srh,2240000,7,147616,$0,1,42,https://www.district.in/events/screening-of-mi-vs-srh-tata-ipl-2026-apr29-2026-buy-tickets
35,rajasthan royals vs sunrisers hyderabad,2240000,5,217952,$0.07,1,21,https://www.district.in/events/tata-ipl-2026-match-36-rajasthan-royals-vs-sunrisers-hyderabad-apr25-2026-buy-tickets
36,mumbai indians vs rajasthan royals,2740000,26,5376,$0.08,1,34,https://www.district.in/events/ipl-ticket-booking
37,capitals vs royal challengers,2240000,3,362880,$0.17,1,34,https://www.district.in/events/tata-ipl-2026-match-39--delhi-capitals-vs-royal-challengers-bengaluru-buy-tickets
38,dc vs rcb,5000000,1,680960,$0.05,1,42,https://www.district.in/events/tata-ipl-2026-match-39--delhi-capitals-vs-royal-challengers-bengaluru-buy-tickets
39,to,2240000,31,4704,$0.06,1,45,https://www.district.in/events/naram-lehja-20-by-kanha-kamboj-delhi-jul5-2026-buy-tickets
40,movie,2240000,8,75712,$0.58,2,62,https://www.district.in/movies/
41,csk vs gt,2740000,5,217952,$0,1,42,https://www.district.in/events/screening-of-gt-vs-csk-tata-ipl-2026-apr26-2026-buy-tickets
42,mi vs rr,4090000,13,33600,$0,1,23,https://www.district.in/events/screening-vs-rr-vs-mi-tata-ipl-2026-apr7-2026-buy-tickets
43,sunrisers hyderabad vs royal challengers bengaluru,1830000,6,178059,$0.13,1,21,https://www.district.in/events/screening-of-srh-vs-rcb-sunrisers-hyderabad-vs-royal-challengers-bengaluru-may22-2026-buy-tickets
44,zomato,1830000,11,27450,$0.05,5,78,https://www.district.in/
45,sa vs wi,1830000,46,3843,$0.06,1,21,https://www.district.in/
46,dhurandhar 2,70,13,36051,$0,1,18,https://www.district.in/movies/dhurandhar-the-revenge-movie-tickets-MV211577
47,jaipur,1500000,40,3150,$0.12,1,61,https://www.district.in/play/jaipur-pickleball-by-pay-and-play-parks-jaipur-pickleball-jaipur-slots-booking
48,wpl schedule,27100,10,29550,$0,1,26,https://www.district.in/events/womens-premier-league-2026-team
49,2025 movies,1500000,37,3150,$2.26,1,52,https://www.district.in/movies/upcoming-movies
50,movies of 2025,2240000,11,22500,$2,1,49,https://www.district.in/movies/upcoming-movies
51,uhd movies,1500000,38,3150,$0.49,1,47,https://www.district.in/movies/vinayaka-cineluxe-4k-rgb-laser-dolby-atmos-marathahalli-in-bengaluru-CD43628
52,ahmedabad,1500000,49,3150,$0.41,2,78,https://www.district.in/events/naram-lehja-20-by-kanha-kamboj-jun14-2026-buy-tickets
53,super kings vs titans,2240000,12,29550,$0,1,34,https://www.district.in/events/screening-of-csk-vs-gt-chennai-super-kings-vs-gujarat-titans-may21-2026-buy-tickets
54,2026,823000,34,3150,$0.06,1,38,https://www.district.in/movies/upcoming-hindi-movies
55,movies in 2025,2240000,13,16950,$2,1,45,https://www.district.in/movies/upcoming-movies
56,2025 movie,2240000,11,22500,$2,1,46,https://www.district.in/movies/upcoming-movies
57,csk vs rr,823000,15,11250,$0.12,1,42,https://www.district.in/events/ipl-ticket-booking
58,super kings vs royals,2240000,17,6832,$0,1,34,https://www.district.in/events/ipl-ticket-booking
59,lucknow,1220000,34,2562,$0.09,1,43,https://www.district.in/events/naram-lehja-20-by-kanha-kamboj-may30-2026-buy-tickets
60,bengaluru,1220000,94,2562,$0.35,2,79,https://www.district.in/events/isl-2025-26-bengaluru-fc-vs-mumbai-city-fc-buy-tickets
61,indians vs sunrisers,301000,24,2928,$0,1,42,https://www.district.in/events/ipl-ticket-booking
62,royal challengers vs titans,2740000,26,2806,$0,1,34,https://www.district.in/events/ipl-ticket-booking
63,mumbai indians vs punjab kings timeline,1000000,6,80398,$0,1,34,https://www.district.in/events/tata-ipl-2026-match-58-punjab-kings-vs-mumbai-indians-buy-tickets
64,sunrisers vs royals,4090000,5,197640,$0,1,42,https://www.district.in/events/tata-ipl-2026-match-36-rajasthan-royals-vs-sunrisers-hyderabad-apr25-2026-buy-tickets
65,wpl 2026,18100,10,18300,$0,1,25,https://www.district.in/events/womens-premier-league-2026-team
66,kkr vs rcb,3350000,32,2562,$0,1,42,https://www.district.in/events/ipl-ticket-booking
67,kings vs royals,1830000,9,41236,$2.59,1,42,https://www.district.in/events/screening-of-pbks-vs-rr-punjab-kings-vs-rajasthan-royals-apr28-2026-buy-tickets
68,ind vs,1220000,20,6222,$0,1,23,https://www.district.in/events/india-vs-afghanistan-1st-odi-jun14-2026-buy-tickets
69,dhurandhar the revenge,390,17,11102,$0,1,28,https://www.district.in/movies/dhurandhar-the-revenge-movie-tickets-in-gurgaon-MV211577
70,chandigarh district,1000000,9,65900,$0.15,1,48,https://www.district.in/movies/chandigarh-movie-tickets
71,films new,1600,7,46900,$0.21,1,65,https://www.district.in/movies/upcoming-movies
72,que,1000000,28,2100,$0.19,1,34,https://www.district.in/play/que-hub-snooker-academy-bommasandra-industrial-area-hebbagodi-slots-booking
73,faridabad,823000,112,2100,$0.04,4,62,https://www.district.in/play/rj-box-cricket-sector-143-faridabad-slots-booking
74,it,1000000,77,2100,$0.02,1,72,https://www.district.in/events/dance-workshop-by-beat-it-unclub-low-may17-2026-buy-tickets
75,indira nagar,823000,88,2100,$0.47,8,50,https://www.district.in/events/perfumers-palette-perfume-making-workshop-may9-2026-buy-tickets
76,vijayawada,1000000,39,2100,$0.58,1,61,https://www.district.in/events/hindi-bhajan-jamming-vijayawada-may17-2026-buy-tickets
77,new movie,1000000,4,97300,$0.41,2,60,https://www.district.in/movies/upcoming-movies
78,capitals vs super kings,1000000,17,7500,$0.17,1,35,https://www.district.in/events/ipl-ticket-booking
79,ipl match tomorrow,673000,11,11300,$0.02,1,42,https://www.district.in/events/ipl-ticket-booking
80,punjab kings vs delhi capitals,246000,3,162000,$0,1,23,https://www.district.in/events/tata-ipl-2026-match-35---delhi-capitals-vs-punjab-kings-buy-tickets
81,cinema,1000000,6,46900,$0.29,1,60,https://www.district.in/movies/cinema-near-me
82,district,368000,1,304000,$0.39,3,61,https://www.district.in/
83,new movies new movie,1000000,6,65900,$0.31,1,66,https://www.district.in/movies/upcoming-movies
84,new in movies,1000000,5,65900,$0.14,1,82,https://www.district.in/movies/upcoming-movies
85,new movies,1000000,10,25600,$0.41,2,64,https://www.district.in/movies/upcoming-movies
86,shivaji nagar,823000,76,2100,$0.18,5,49,https://www.district.in/events/perfumers-palette-perfume-making-workshop-apr25-2026-buy-tickets
87,united fried chicken,673000,12,12345,$0.29,1,21,https://www.district.in/dining/kolkata/ufc-unique-fried-chicken-barasat
88,tamil movies,673000,10,16213,$0.04,1,47,https://www.district.in/movies/tamil-movies-tickets-in-chennai
89,bookmyshow in hyd,823000,21,2222,$0.26,1,42,https://www.district.in/movies/hyderabad-movie-tickets
90,ambience mall,673000,22,3538,$1.07,10,51,https://www.district.in/movies/pepsi-pvr-ambience-ambience-mall-gurugram-in-gurgaon-CD1022302
91,qutub minar,550000,18,6172,$0.47,5,49,https://www.district.in/events/qutub-minar-jan1-1970-buy-tickets
92,pro kabaddi league 2025,823000,7,27817,$0,1,27,https://www.district.in/events/pkl-2025-delhi-team
93,lal qila red fort,823000,6,80077,$0.05,7,32,https://www.district.in/events/red-fort-jan1-1970-buy-tickets
94,bookmyshow hyderabad,823000,7,21068,$0.06,1,47,https://www.district.in/movies/
95,tamil movie,673000,7,54235,$0.03,1,47,https://www.district.in/movies/tamil-movies-tickets-in-chennai
96,tamil cinema movies,673000,9,27817,$0.10,1,77,https://www.district.in/movies/tamil-movies-tickets-in-chennai
97,by,823000,30,1728,$0.62,1,40,https://www.district.in/events/board-games-by-playdate-unclub-gurgaon-may10-2026-buy-tickets
98,love,823000,67,1728,$0.64,1,71,https://www.district.in/events/screening-of-in-the-mood-for-lovescc-candlelight-cinema-may24-2026-buy-tickets
99,red fort located,823000,11,21068,$0.05,7,47,https://www.district.in/events/red-fort-jan1-1970-buy-tickets
100,hyderabad bookmyshow,823000,10,9299,$0.01,1,41,https://www.district.in/movies/hyderabad-movie-tickets
101,lal qila new delhi,823000,9,54235,$0.04,6,37,https://www.district.in/events/red-fort-jan1-1970-buy-tickets
102,r r vs c s k,823000,30,1728,$0.36,1,20,https://www.district.in/events/ipl-ticket-booking
103,movies coimbatore,823000,4,80077,$0.08,1,47,https://www.district.in/movies/coimbatore-movie-tickets
104,yo movies,823000,18,3538,$0,1,47,https://www.district.in/events/my-story-india-chapter-yo-yo-honey-singh-live-in-kolkata-2026-buy-tickets
105,bms hyd,823000,9,12345,$0.01,1,40,https://www.district.in/movies/hyderabad-movie-tickets
106,movie coimbatore,823000,4,80077,$0.22,1,39,https://www.district.in/movies/coimbatore-movie-tickets
107,raja saab,165000,11,21068,$0,1,47,https://www.district.in/movies/the-raja-saab-movie-tickets-in-ron-MV169449
108,p k l 2025,823000,4,54235,$0,1,38,https://www.district.in/events/pkl-2025-delhi-team
109,nandi hills,823000,13,16213,$0.56,3,48,https://www.district.in/events/nandi-hills-sunrise-trek-by-tripbae-jul19-2024-buy-tickets
110,english to bangalore,823000,91,1728,$0.49,1,37,https://www.district.in/movies/bengaluru-movie-tickets
111,cricket match live ipl,823000,43,1728,$0.03,1,65,https://www.district.in/events/ipl-ticket-booking
112,movies download movie,823000,31,1728,$0.12,1,75,https://www.district.in/movies/kangula-maa-kali-ra-danda-nacha-movie-tickets-MV219753
113,raja saab movie,201000,15,7489,$0,1,42,https://www.district.in/movies/the-raja-saab-movie-tickets-in-ron-MV169449
114,kantara chapter 1,110000,16,9299,$0.12,1,42,https://www.district.in/movies/kantara-a-legend-chapter-1-movie-tickets-in-ambajogai-MV165830
115,tamil movies tamil movie,823000,14,12345,$0.05,1,62,https://www.district.in/movies/tamil-movies-tickets-in-chennai
116,jolly llb 3,90500,11,21068,$0,1,40,https://www.district.in/movies/jolly-llb-3-movie-tickets-in-ron-MV172789
117,red fort,823000,18,7489,$0.56,6,49,https://www.district.in/events/red-fort-jan1-1970-buy-tickets
118,pro kabaddi 2025,823000,8,21068,$0,1,31,https://www.district.in/events/pkl-2025-delhi-team
119,bms hyderabad,823000,14,4855,$0.01,1,47,https://www.district.in/movies/hyderabad-movie-tickets
120,ambience mall gurgaon,673000,7,27817,$1.07,10,46,https://www.district.in/movies/pepsi-pvr-ambience-ambience-mall-gurugram-in-gurgaon-CD1022302
121,dhurandhar 2 release date,0,15,9299,$0,1,4,https://www.district.in/movies/dhurandhar-the-revenge-movie-tickets-MV211577
122,red fort in delhi india,823000,8,27817,$0.05,4,44,https://www.district.in/events/red-fort-jan1-1970-buy-tickets
123,pkl 2025,368000,4,54235,$0,1,25,https://www.district.in/events/pkl-2025-delhi-team
124,picture,823000,31,1728,$0.87,1,78,https://www.district.in/movies/picture-boyz-movie-tickets-in-nagda-MV218974
125,films tamil,673000,22,2715,$0.10,1,73,https://www.district.in/movies/upcoming-tamil-movies
126,jodhpur jodhpur,673000,55,1413,$0.26,1,48,https://www.district.in/events/naram-lehja-20-by-kanha-kamboj-jun20-2026-buy-tickets
127,adyar ananda bhavan a2b,550000,17,6124,$0.21,6,33,https://www.district.in/dining/chennai/a2b-adyar-ananda-bhavan-adyar
128,real madrid versus barcelona,1220000,15,10095,$0.56,1,34,https://www.district.in/events/watch-el-clsico-live-at-smaaash-real-madrid-vs-fc-barcelona-mumbai-may9-2026-buy-tickets
129,telugu,823000,19,3432,$0.11,1,60,https://www.district.in/events/ilakathamafiliya-a-telugu-standup-comedy-show-apr25-2026-buy-tickets
130,koramangala,673000,92,1413,$0.67,6,62,https://www.district.in/events/perform-may30-2026-buy-tickets
131,bhajan,673000,13,7604,$0.24,1,60,https://www.district.in/events/bhajan-clubbing-live-with-krsna-sansaar-mumbai-29-may-2026--may29-2026-buy-tickets
132,as,673000,47,1413,$0.02,1,52,https://www.district.in/events/grin-revolution-twice-as-good-w-urooj-raunaq-may19-2026-buy-tickets
133,live,673000,37,1413,$0.09,1,60,https://www.district.in/events/ashwin-srinivas-live-in-chennai-may9-2026-buy-tickets
134,rajasthan,673000,27,1615,$0.16,1,72,https://www.district.in/events/tata-ipl-2026-match-40-punjab-kings-vs-rajasthan-royals-buy-tickets
135,friends,673000,34,1413,$0.26,1,75,https://www.district.in/play/friends-badminton-academy-malviya-nagar-jaipur-slots-booking
136,rajkot,673000,46,1413,$0.22,1,61,https://www.district.in/events/mere-krishn-a-live-theatrical-experience-of-shree-krishns-life-rajkot-2026-buy-tickets
137,swimming pool near me,550000,7,65482,$0.20,5,36,https://www.district.in/play/swimming-pools-in-gurgaon
138,bangalore bookmyshow,673000,9,13258,$0.03,1,48,https://www.district.in/movies/
139,do,673000,42,1413,$0.31,1,70,https://www.district.in/movies/pati-patni-aur-woh-do-movie-tickets-in-narwana-MV186836
140,dhurandhar movie,550000,11,22747,$0.03,1,47,https://www.district.in/movies/dhurandhar-the-revenge-movie-tickets-in-gurgaon-MV211577
141,tamanna bhatia,673000,15,13258,$0,1,47,https://www.district.in/events/tamanna-bhatia/artist
142,gurgaon city,550000,99,1413,$0.68,2,48,https://www.district.in/movies/dhurandhar-the-revenge-movie-tickets-in-gurgaon-MV211577
143,gujarat titans vs sunrisers hyderabad standings,301000,31,1413,$0,1,32,https://www.district.in/events/ipl-ticket-booking
144,bookmyshow bangalore,673000,10,10095,$0.04,1,47,https://www.district.in/movies/
145,punjab kings vs mumbai indians standings,301000,53,1413,$0,1,22,https://www.district.in/events/ipl-ticket-booking
146,gurugram in haryana,550000,90,1413,$0.25,1,47,https://www.district.in/events/music-in-gurgaon-book-tickets
147,gurgaon,550000,28,1547,$0.81,2,56,https://www.district.in/events/board-games-by-playdate-unclub-gurgaon-may10-2026-buy-tickets
148,vaazha 2,550000,11,18590,$0.01,1,27,https://www.district.in/movies/vaazha-ii-biopic-of-a-billion-bros-movie-tickets-MV214231
149,ganesha ganesha,550000,45,1155,$0.08,1,47,https://www.district.in/movies/mythri-theatres-ganesh-70mm-2k-barco-digital-projection-shamshabad-in-hyderabad-CD1102120
150,play,550000,24,2365,$0.04,2,74,https://www.district.in/play/striker-turf-by-pay-play-parks-harmada-jaipur-slots-booking
151,param sundari,550000,10,18590,$0,1,47,https://www.district.in/movies/param-sundari-movie-tickets-in-una-MV186420
152,tamil x play,550000,5,36245,$0,1,25,https://www.district.in/movies/mr-x-movie-tickets-MV162388
153,movie roles telugu 2026,0,2,89100,$0,1,4,https://www.district.in/movies/upcoming-telugu-movies
154,movies tamil,550000,11,8250,$0.13,1,58,https://www.district.in/movies/tamil-movies-tickets-in-chennai
155,movies hub,550000,12,5005,$0.39,1,47,https://www.district.in/movies/movietime-hub-mall-goregaon-e-mumbai-in-thane-CD1040385
156,gachibowli hyd,550000,99,1155,$0.16,7,38,https://www.district.in/movies/dhurandhar-the-revenge-movie-tickets-in-hyderabad-MV211577
157,disha patani,550000,19,5005,$0,1,47,https://www.district.in/disha-patani/artist
158,hindi movie in bollywood,550000,15,6215,$0.04,1,60,https://www.district.in/movies/upcoming-hindi-movies
159,royals vs royal challengers,2240000,17,4125,$0,1,34,https://www.district.in/events/ipl-ticket-booking
160,meet,550000,48,1155,$0.58,1,63,https://www.district.in/events/play-board-games-meet-new-people-beginner-friendly-may17-2026-buy-tickets
161,tamil play,673000,34,1155,$0,1,47,https://www.district.in/events/thalapathified-tamil-singalong-jamming-bangalore-may17-2026-buy-tickets
162,karuppu,90500,11,25795,$0,1,58,https://www.district.in/movies/karuppu-movie-tickets-MV200421
163,toxic,110000,11,18590,$0,1,60,https://www.district.in/movies/toxic-a-fairy-tale-for-grown-ups-movie-tickets-MV168613
164,thamma,1300,12,14080,$0,1,28,https://www.district.in/movies/thamma-movie-tickets-MV181726
165,ramoji film city,550000,20,2805,$0.14,7,48,https://www.district.in/events/ramoji-studio-tour-jan23-2025-buy-tickets
166,pvr,550000,15,3245,$0.05,14,65,https://www.district.in/movies/pvr-vr-mall-anna-nagar-chennai-in-chennai-CD1022304
167,vizag and visakhapatnam,550000,53,1155,$0.19,1,26,https://www.district.in/events/jamming-night-vizag-may16-2026-buy-tickets
168,rewari in haryana,450000,35,1155,$0.08,1,33,https://www.district.in/movies/bmg-cinema-bmg-mall-leo-chowk-rewari-in-rewari-CD5105
169,playing,450000,52,1155,$0.04,1,61,https://www.district.in/play/force-playing-fields-dahisar-eastt-force-playing-fields-dahisar-turf-mumbai-slots-booking
170,places to visit near me,450000,23,1935,$0.39,5,49,https://www.district.in/activities/
171,avengers doomsday,301000,21,2520,$0,1,47,https://www.district.in/movies/avengers-doomsday-movie-tickets-in-bidar-MV176735
172,rajasthan royals vs gujarat titans timeline,74000,6,72900,$0,1,27,https://www.district.in/events/tata-ipl-2026-match-52-rajasthan-royals-vs-gujarat-titans-may9-2026-buy-tickets
173,thug life,201000,12,11520,$0,1,47,https://www.district.in/movies/thug-life-movie-tickets-MV167821
174,konark temple,450000,11,15210,$0.08,4,49,https://www.district.in/events/sun-temple-konark-jan1-1970-buy-tickets
175,surya temple konark,450000,12,11520,$0.03,5,39,https://www.district.in/events/sun-temple-konark-jan1-1970-buy-tickets
176,bms chennai,450000,18,1935,$0.04,1,29,https://www.district.in/movies/chennai-movie-tickets
177,near petrol pump,450000,64,945,$0.12,1,43,https://www.district.in/movies/sm2-cherish-cinema-badlapur-in-badlapur-CD1047917
178,sultanpur,368000,22,1485,$8.67,1,61,https://www.district.in/dining/sultanpur/crazy-point-sultanpur-locality
179,kurukshetra india,550000,43,945,$0.19,1,33,https://www.district.in/movies/divine-cineplex-kurukshetra-in-kurukshetra-CD1089013
180,bhoot bangla,33100,15,4095,$0,1,27,https://www.district.in/movies/bhooth-bangla-movie-tickets-MV177766
181,konark sun temple,450000,11,15210,$0.08,4,44,https://www.district.in/events/sun-temple-konark-jan1-1970-buy-tickets
182,indian karnal,450000,18,3375,$0.13,1,21,https://www.district.in/dining/karnal/hashtag-sector-13
183,radha krishna wallpaper,368000,78,945,$0.05,28,51,https://www.district.in/movies/krishnavataram-part-1-the-heart-hridayam-movie-tickets-MV219513
184,drishyam 3,450000,10,21105,$0.04,1,47,https://www.district.in/movies/drishyam-3-movie-tickets-MV207254
185,de de pyaar de 2,450000,12,8865,$0,1,34,https://www.district.in/movies/de-de-pyaar-de-2-movie-tickets-MV171264
186,open,450000,35,945,$0.14,1,46,https://www.district.in/events/open-mic-and-musical-jamming-may10-2026-buy-tickets
187,with love,450000,14,8865,$0.06,1,38,https://www.district.in/movies/with-love-movie-tickets-MV212336
188,chennai bookmyshow,450000,17,1935,$0.04,1,42,https://www.district.in/movies/chennai-movie-tickets
189,games games,368000,36,945,$0.19,3,48,https://www.district.in/events/board-games-by-playdate-unclub-gurgaon-may10-2026-buy-tickets
190,date,550000,52,945,$0.01,28,72,https://www.district.in/events/coffee-painting-date-kolkata-may9-2026-buy-tickets
191,where to watch royal challengers bengaluru vs punjab kings,673000,4,136800,$0.06,1,36,https://www.district.in/events/screening-of-pbks-vs-rcb-punjab-kings-vs-royal-challengers-bengaluru-may17-2026-buy-tickets
192,kurukshetra kurukshetra,450000,25,1485,$0,1,47,https://www.district.in/movies/divine-cineplex-kurukshetra-in-kurukshetra-CD1089013
193,konark sun temple in india,450000,11,11520,$0.02,2,39,https://www.district.in/events/sun-temple-konark-jan1-1970-buy-tickets
194,dilsukhnagar,450000,29,990,$0.44,5,62,https://www.district.in/movies/asian-mukta-a2-cinemas-konark-70mm-dilsukhnagar-hyderabad-in-hyderabad-CD1041684
195,heart,450000,88,945,$0.75,1,76,https://www.district.in/movies/krishnavataram-part-1-the-heart-hridayam-movie-tickets-MV219513
196,kurnool,450000,23,1935,$0.81,1,60,https://www.district.in/movies/kurnool-movie-tickets
197,bookmyshow chennai,450000,17,1935,$0.04,1,47,https://www.district.in/movies/chennai-movie-tickets
198,kurukshetra,450000,29,945,$0,1,60,https://www.district.in/movies/divine-cineplex-kurukshetra-in-kurukshetra-CD1089013
199,eid 2026,8100,85,945,$0,1,45,https://www.district.in/movies/upcoming-hindi-movies
200,dharamshala,368000,41,945,$0.28,1,61,https://www.district.in/events/tata-ipl-2026-match-55-punjab-kings-vs-delhi-capitals-buy-tickets
201,velachery in chennai,450000,97,945,$0.09,7,35,https://www.district.in/movies/tn-2026-movie-tickets-in-chennai-MV217870
202,mahabalipuram,450000,93,945,$0.26,4,62,https://www.district.in/events/evening-outing-ideal-beach-resort-may8-2026-buy-tickets
203,pkl live,450000,42,945,$0.04,1,47,https://www.district.in/
204,chinchwad pune,450000,58,945,$0.10,4,25,https://www.district.in/movies/krishnavataram-part-1-the-heart-hridayam-movie-tickets-in-pune-MV219513
205,tata,450000,97,945,$0.34,6,72,https://www.district.in/events/tata-ipl-2026-match-58-punjab-kings-vs-mumbai-indians-buy-tickets
206,sun temple konark,368000,10,15210,$0.30,2,43,https://www.district.in/events/sun-temple-konark-jan1-1970-buy-tickets
207,royal challengers bengaluru vs mumbai indians timeline,246000,12,6750,$0,1,33,https://www.district.in/events/screening-of-rcb-vs-mi-tata-ipl-2026-may10-2026-buy-tickets
208,charan teja,550000,24,1485,$0.03,1,48,https://www.district.in/movies/peddi-movie-tickets-MV194276
209,tamil movies latest download,450000,20,1935,$0.24,1,42,https://www.district.in/movies/tamil-movies-tickets-in-chennai
210,velachery chennai,450000,91,945,$0.09,6,30,https://www.district.in/movies/power-to-the-people-movie-tickets-in-chennai-MV221241
211,kis kisko pyaar karoon 2,14800,12,4158,$0,1,26,https://www.district.in/movies/kis-kisko-pyaar-karoon-2-movie-tickets-in-ropar-MV194544
212,anand,368000,25,1214,$0,1,61,https://www.district.in/movies/anand-movie-tickets
213,multi movie,368000,6,17259,$0.34,1,27,https://www.district.in/movies/multi-language-movies-tickets-in-bayad
214,uttar,368000,12,7249,$0.05,1,23,https://www.district.in/movies/uttar-movie-tickets-MV209391
215,kalamkaval,368000,8,24251,$0.26,1,25,https://www.district.in/movies/kalamkaval-movie-tickets-MV190445
216,rajasthan royals vs chennai super kings players,368000,30,772,$0,1,34,https://www.district.in/events/chennai-super-kings-team
217,book tickets movie,368000,3,59616,$0.07,8,45,https://www.district.in/movies/
218,krishna and radha photo,368000,71,772,$0.01,89,40,https://www.district.in/movies/krishnavataram-part-1-the-heart-hridayam-movie-tickets-MV219513
219,express avenue mall chennai,301000,8,17259,$0,12,38,https://www.district.in/movies/hdfc-millennia-pvr-escape-express-avenue-mall-chennai-in-chennai-CD1022257
220,express avenue mall,301000,10,7249,$0.67,6,44,https://www.district.in/movies/hdfc-millennia-pvr-escape-express-avenue-mall-chennai-in-chennai-CD1022257
221,badlapur film,368000,20,1876,$0.09,2,35,https://www.district.in/movies/sm2-cherish-cinema-badlapur-in-badlapur-CD1047917
222,amb cinemas,246000,17,1876,$0,15,52,https://www.district.in/movies/
223,jayanagar,368000,97,772,$0.50,9,63,https://www.district.in/activities/bengaluru-activity-tickets/
224,movie ramayana,301000,11,7249,$0,1,32,https://www.district.in/movies/ramayana-movie-tickets-MV176276
225,show,368000,33,772,$0.30,1,37,https://www.district.in/events/meri-bandi-a-comedy-show-by-mishra-ji-may17-2026-buy-tickets
226,ramayana the movie,301000,13,5520,$0.06,1,45,https://www.district.in/movies/ramayana-movie-tickets-MV176276
227,pushpa 2,450000,10,12438,$0.07,1,47,https://www.district.in/movies/pushpa-2-the-rule-2024-movie-tickets-in-jamtara-MV160594
228,mardaani 3,368000,18,2171,$0.04,1,47,https://www.district.in/movies/mardaani-3-movie-tickets-MV185767
229,king shivaji maharaj,368000,19,2171,$0.36,1,34,https://www.district.in/movies/raja-shivaji-movie-tickets-MV170361
230,book movie tickets,301000,3,59616,$0.03,12,46,https://www.district.in/movies/
231,nexus mall koramangala,301000,10,5520,$0.20,15,47,https://www.district.in/movies/pvr-nexus-formerly-forum-koramangala-bengaluru-in-bengaluru-CD1022297
232,places of attraction near me,368000,6,24251,$0.35,2,35,https://www.district.in/activities/
233,film ticket booking,301000,3,59616,$0.05,19,48,https://www.district.in/movies/
234,homebound,27100,18,2171,$0,1,27,https://www.district.in/movies/homebound-movie-tickets-MV206138
235,select citywalk new delhi delhi,368000,49,772,$0.07,4,29,https://www.district.in/movies/krishnavataram-part-1-the-heart-hridayam-movie-tickets-in-gurgaon-MV219513
236,delhi capitals vs punjab kings,368000,1,111872,$0.07,1,21,https://www.district.in/events/tata-ipl-2026-match-35---delhi-capitals-vs-punjab-kings-buy-tickets
237,ticket booking movie,301000,4,35806,$0.04,15,47,https://www.district.in/movies/
238,og,368000,16,3348,$0.05,1,47,https://www.district.in/movies/they-call-him-og-movie-tickets-MV171668
239,aqua park near me,301000,24,993,$0.18,4,36,https://www.district.in/activities/water-parks-in-jaipur/
240,csk schedule,368000,9,9420,$0.09,1,25,https://www.district.in/events/chennai-super-kings-team
241,bookmyshow ahmedabad,301000,10,4158,$0.06,1,47,https://www.district.in/
242,booking movie tickets,301000,3,59616,$0.04,18,48,https://www.district.in/movies/
243,youth movie 2026,301000,18,3348,$2.67,1,27,https://www.district.in/movies/youth-movie-tickets-MV213456
244,bms ahmedabad,368000,12,3348,$0.02,1,21,https://www.district.in/
245,ticket booking in cinema,368000,4,35806,$0.06,8,63,https://www.district.in/movies/
246,maa,368000,24,1582,$0.56,1,41,https://www.district.in/movies/maa-movie-tickets-MV192428
247,phoenix mall of the millennium,368000,6,17259,$0.10,6,36,https://www.district.in/movies/inox-megaplex-phoenix-mall-of-the-millennium-wakad-pune-in-Pirangut-CD1023543
248,night good night,368000,55,772,$0,1,32,https://www.district.in/events/pajama-karaoke-night-at-gostops-mcleodganj-temple-road-may9-2026-buy-tickets
249,na,368000,46,772,$0.80,1,50,https://www.district.in/events/tum-bhi-na-a-storytelling-show-by-abhishek-may24-2026-buy-tickets
250,movie rules rules 2026 telugu,0,3,35806,$0,1,4,https://www.district.in/movies/upcoming-telugu-movies
251,chennai super kings vs sunrisers hyderabad timeline,1600,9,9420,$0,1,5,https://www.district.in/events/screening-of-csk-vs-srh-chennai-super-kings-vs-sunrisers-hyderabad-may18-2026-buy-tickets
252,bannerghatta in bangalore,368000,103,772,$0.07,5,18,https://www.district.in/movies/vaazha-ii-biopic-of-a-billion-bros-movie-tickets-in-bengaluru-MV214231
253,movies hindi movies,368000,16,3348,$0.04,1,50,https://www.district.in/movies/upcoming-hindi-movies
254,express avenue chennai,301000,59,772,$0.63,12,46,https://www.district.in/movies/power-to-the-people-movie-tickets-in-chennai-MV221241
255,devgn,368000,17,3348,$0.02,1,61,https://www.district.in/movies/devgn-cinex-formerly-ny-elan-epic-gurugram-in-gurgaon-CD1029765
256,capitals vs indians,550000,8,12438,$0,1,42,https://www.district.in/events/ipl-ticket-booking
257,royal challengers bengaluru vs chennai super kings,368000,51,772,$0.03,1,22,https://www.district.in/events/ipl-ticket-booking
258,rajasthan royals vs lucknow super giants,40500,4,59616,$0,1,18,https://www.district.in/events/tata-ipl-2026-match-64-rajasthan-royals-vs-lucknow-super-giants-may19-2026-buy-tickets
259,phoenix mall pune,368000,13,4158,$0.01,6,44,https://www.district.in/movies/pvr-phoenix-market-city-nagar-road-pune-in-pune-CD1022265
260,shaniwar wada pune,368000,11,12438,$0.07,5,19,https://www.district.in/events/shaniwarwada-buy-tickets
261,toxic release date,301000,17,2171,$0,1,42,https://www.district.in/movies/toxic-a-fairy-tale-for-grown-ups-movie-tickets-MV168613
262,movie ticket booking,301000,3,59616,$0.04,20,49,https://www.district.in/movies/
263,oberoi mall in mumbai,368000,41,772,$0.10,5,31,https://www.district.in/movies/dhurandhar-the-revenge-movie-tickets-in-mumbai-MV211577
264,house,368000,34,772,$0.70,1,72,https://www.district.in/dining/hyderabad/house-of-dosas-banjara-hills
265,comedy,368000,65,772,$0.03,1,57,https://www.district.in/events/comedy-shows-in-gurgaon-book-tickets
266,the raja saab,135000,18,2171,$0,1,42,https://www.district.in/movies/the-raja-saab-movie-tickets-MV169449
267,the conjuring last rites,368000,11,9420,$0,1,48,https://www.district.in/movies/the-conjuring-last-rites-movie-tickets-MV175734
268,kerala story 2,368000,10,9420,$0.22,5,29,https://www.district.in/movies/the-kerala-story-2-goes-beyond-movie-tickets-MV214234
269,og's,368000,13,9420,$0.13,1,29,https://www.district.in/dining/ncr/ogs-pizza-grill-2-hajipur-noida
270,book movie ticket,368000,3,59616,$0.03,9,65,https://www.district.in/movies/
271,ankleshwar ankleshwar,368000,33,772,$0.08,1,21,https://www.district.in/movies/ankleshwar-movie-tickets
272,express avenue,301000,4,24251,$0.63,12,51,https://www.district.in/movies/hdfc-millennia-pvr-escape-express-avenue-mall-chennai-in-chennai-CD1022257
273,traces,368000,16,2060,$0,1,60,https://www.district.in/events/traces-and-texture-may23-2026-buy-tickets
274,badminton court near me,246000,5,48762,$0.14,6,36,https://www.district.in/play/
275,delhi pitampura,301000,110,632,$0.15,3,33,https://www.district.in/events/fluid-art-workshop-may9-2026-buy-tickets
276,clothes shopping stores near me,301000,26,722,$0.13,28,15,https://www.district.in/stores/apparel-stores-in-gurgaon
277,p v r cinemas,301000,9,10173,$0.01,11,30,https://www.district.in/movies/pvr-cinemas-in-mumbai
278,perfume,201000,90,632,$0.14,95,76,https://www.district.in/events/perfumers-palette-perfume-making-workshop-may9-2026-buy-tickets
279,king,301000,7,14116,$0.59,1,55,https://www.district.in/movies/king-movie-tickets-MV208857
280,csk vs gujarat titans,301000,17,1685,$0.14,1,21,https://www.district.in/events/gujarat-titans-team
281,youth,27100,10,7705,$0,1,39,https://www.district.in/movies/youth-movie-tickets-in-gurgaon-MV213456
282,krishna wallpaper,301000,53,632,$0,1,47,https://www.district.in/movies/krishnavataram-part-1-the-heart-hridayam-movie-tickets-in-vijayawada-MV219513
283,nadiad gujarat,246000,43,632,$0,1,48,https://www.district.in/movies/rajhans-cinema-nadiad-in-nadiad-CD1102169
284,csk versus gujarat titans,110000,5,48762,$0,1,21,https://www.district.in/events/tata-ipl-2026-match-37--chennai-super-kings-vs-gujarat-titans-buy-tickets
285,city centre mall,246000,25,812,$0.04,7,45,https://www.district.in/movies/pvr-city-center-city-center-mall-raipur-in-raipur-CD1019933
286,bhu j,246000,42,632,$0.23,1,59,https://www.district.in/movies/bhuj-movie-tickets
287,telugu film telugu film,301000,29,632,$0.02,1,34,https://www.district.in/movies/a-film-by-giri-movie-tickets-MV221111
288,telugu cinema telugu movie,301000,21,993,$0.02,1,38,https://www.district.in/movies/upcoming-telugu-movies
289,conjuring last rites,301000,11,7705,$0,1,46,https://www.district.in/movies/the-conjuring-last-rites-movie-tickets-MV175734
290,bookmyshow mumbai,301000,8,5929,$0.06,1,48,https://www.district.in/
291,kerala blasters,823000,9,14116,$0,1,47,https://www.district.in/events/isl-2025-26-kerala-blasters-fc-vs-odisha-fc-buy-tickets
292,raja shivaji,301000,10,10173,$0,1,26,https://www.district.in/movies/raja-shivaji-movie-tickets-MV170361
293,punjab,301000,32,632,$0.23,1,49,https://www.district.in/events/tata-ipl-2026-match-58-punjab-kings-vs-mumbai-indians-buy-tickets
294,movie pvr,301000,7,10173,$0.02,10,26,https://www.district.in/movies/pvr-vr-mall-anna-nagar-chennai-in-chennai-CD1022304
295,vadapalani chennai,301000,45,632,$0.09,9,20,https://www.district.in/movies/kamala-cinemas-4k-rgb-laser-dolby-vadapalani-chennai-in-chennai-CD5059
296,elante mall,246000,19,1685,$0.04,5,49,https://www.district.in/movies/pvr-elante-mall-chandigarh-in-mohali-CD1025099
297,dev,301000,25,692,$3.47,1,58,https://www.district.in/movies/dsp-dev-2-movie-tickets-MV213235
298,people,301000,34,632,$0.11,1,77,https://www.district.in/movies/power-to-the-people-movie-tickets-in-tohana-MV221241
299,mark,246000,24,1294,$4.11,1,61,https://www.district.in/movies/mark-2025-movie-tickets-MV205462
300,andhra kadapa,301000,101,632,$0.21,1,32,https://www.district.in/movies/jetlee-movie-tickets-in-kadapa-MV213451
301,cinemall pvr,301000,3,29287,$0.02,6,20,https://www.district.in/movies/pvr-cinemall-indraprastha-industrial-area-kota-in-kota-CD1019922
302,telugu movie,368000,16,1685,$0.02,1,47,https://www.district.in/movies/jetlee-movie-tickets-MV213451
303,sambhavam adhyayam onnu,301000,29,632,$0.30,1,23,https://www.district.in/movies/sambhavam-adhyayam-onnu-movie-tickets-MV216202
304,nexus shantiniketan,246000,11,4515,$0.90,15,52,https://www.district.in/movies/cinepolis-nexus-shantiniketan-thigalarapalya-bengaluru-in-bengaluru-CD7508
305,sunrisers hyderabad vs punjab kings timeline,49500,7,19835,$0,1,22,https://www.district.in/events/tata-ipl-2026-match-49--sunrisers-hyderabad-vs-punjab-kings-buy-tickets
306,district app,301000,1,91504,$0.20,3,30,https://www.district.in/
307,srh,301000,13,7705,$0,1,60,https://www.district.in/events/sunrisers-hyderabad-team
308,nadiad india,301000,35,632,$0.12,1,24,https://www.district.in/movies/rajhans-cinema-nadiad-in-nadiad-CD1102169
309,movies in,368000,6,19835,$0.32,1,63,https://www.district.in/movies/delhi-ncr-movie-tickets
310,movie in,301000,20,993,$0.31,1,69,https://www.district.in/movies/cinema-near-me
311,rajasthan royals vs royal challengers bengaluru,301000,26,722,$0,1,21,https://www.district.in/events/ipl-ticket-booking
312,pitampura delhi district,301000,53,632,$0.24,10,17,https://www.district.in/movies/dhurandhar-the-revenge-movie-tickets-in-new-delhi-MV211577
313,love insurance kompany,301000,9,19835,$1.24,1,25,https://www.district.in/movies/lik-love-insurance-kompany-movie-tickets-MV177390
314,jaunpur in up,301000,20,1685,$0.08,1,28,https://www.district.in/movies/kewal-dd-plex-rizwikhan-jaunpur-in-jaunpur-CD7523
315,where to watch royal challengers bengaluru vs mumbai indians,135000,8,14116,$0,1,36,https://www.district.in/events/screening-of-rcb-vs-mi-royal-challengers-bengaluru-vs-mumbai-indians-may10-2026-buy-tickets
316,rcb next match,246000,72,632,$0,1,42,https://www.district.in/events/screening-of-gt-vs-rcb-tata-ipl-2026-apr30-2026-buy-tickets
317,pvr cinemas movies,301000,9,5929,$0.01,10,33,https://www.district.in/movies/pvr-cinemas-in-bengaluru
318,nadiad in gujarat,301000,32,632,$0.12,1,23,https://www.district.in/movies/rajhans-cinema-nadiad-in-nadiad-CD1102169
319,hyderabad wonderla,301000,11,10173,$0.06,2,48,https://www.district.in/events/wonderla-amusement-park-hyderabad-buy-tickets
320,rcb matches in bangalore,1600,16,1775,$0.08,1,36,https://www.district.in/events/screening-of-rcb-vs-mi-tata-ipl-2026-may10-2026-buy-tickets
321,apparel store near me,301000,13,4515,$0.44,18,40,https://www.district.in/stores/apparel-stores-in-gurgaon
322,wallpaper lord krishna,2900,58,632,$0.01,19,32,https://www.district.in/movies/krishnavataram-part-1-the-heart-hridayam-movie-tickets-MV219513
323,las vegas mall shopping,301000,56,632,$0.44,5,40,https://www.district.in/movies/pvr-vegas-dwarka-new-delhi-in-gurgaon-CD1022286
324,kolkata knight riders vs gujarat titans timeline,49500,12,3401,$0,1,23,https://www.district.in/events/screening-of-kkr-vs-gt-kolkata-knight-riders-vs-gujarat-titans-may17-2026-buy-tickets
325,off,301000,74,632,$0.97,1,61,https://www.district.in/events/pieceoff-speed-puzzling-competition-by-playful-pursuits-apr26-2026-buy-tickets
326,next rcb match in bangalore,246000,15,1775,$0,1,49,https://www.district.in/events/screening-of-rcb-vs-mi-tata-ipl-2026-may10-2026-buy-tickets
327,movies pvr,301000,9,5929,$0.01,10,35,https://www.district.in/movies/pvr-cinemas-in-navi-mumbai
328,lucknow super giants vs chennai super kings timeline,301000,6,29287,$0,1,24,https://www.district.in/events/screening-of-lsg-vs-csk-lucknow-super-giants-vs-chennai-super-kings-may15-2026-buy-tickets
329,andhra pradesh kadapa,301000,91,632,$0.10,1,29,https://www.district.in/movies/jetlee-movie-tickets-in-kadapa-MV213451
330,tamil movie 2026,201000,5,16211,$0.33,1,31,https://www.district.in/movies/upcoming-tamil-movies
331,romance movies,246000,9,8314,$0.30,1,47,https://www.district.in/movies/romance-movies-in-eral
332,where to watch mumbai indians vs royal challengers bengaluru,246000,4,23935,$0.04,1,21,https://www.district.in/events/screening-of-rcb-vs-mi-royal-challengers-bengaluru-vs-mumbai-indians-may10-2026-buy-tickets
333,waterpark,301000,41,516,$0.30,1,61,https://www.district.in/activities/water-parks-in-mumbai/
334,viviana mall thane,301000,10,3690,$0.12,6,20,https://www.district.in/movies/cinepolis-lake-shore-thane-ex-cinepolis-viviana-mall-thane-in-greater-mumbai-CD114
335,ipl cricket time table,246000,63,516,$0,1,43,https://www.district.in/events/ipl-ticket-booking
336,r city,246000,15,1451,$0.23,7,41,https://www.district.in/movies/inox-r-city-ghatkopar-w-mumbai-in-mumbai-CD1013613
337,pkl 2025 schedule,165000,10,3690,$0,1,26,https://www.district.in/events/pkl-2025-chennai-team
338,himachal cricket stadium,301000,38,516,$0.02,1,33,https://www.district.in/events/tata-ipl-2026-match-55-punjab-kings-vs-delhi-capitals-buy-tickets
339,fernandez jacqueline,246000,12,3690,$0,1,56,https://www.district.in/jacqueline-fernandez/artist
340,tamil movies 2026,246000,4,23935,$0.30,1,31,https://www.district.in/movies/upcoming-tamil-movies
341,jacqueline fernandez jacqueline fernandez,246000,19,2238,$0,1,56,https://www.district.in/jacqueline-fernandez/artist
342,movies near me,246000,2,74784,$0.04,3,43,https://www.district.in/movies/cinema-near-me
343,delhi p,246000,25,565,$0.04,1,32,https://www.district.in/events/karan-aujla-p-pop-culture-india-tour-tour-ticket-booking
344,chennai super kings vs mumbai indians timeline,201000,9,6297,$0,1,34,https://www.district.in/events/screening-of-csk-vs-mi-tata-ipl-2026-may2-2026-buy-tickets
345,rcb vs srh 2026,201000,5,23935,$0.35,1,23,https://www.district.in/events/screening-of-srh-vs-rcb-tata-ipl-2026-may22-2026-buy-tickets
346,vash level 2,1600,10,8314,$0.41,1,13,https://www.district.in/movies/vash-level-2-movie-tickets-MV188260
347,the bengal files,246000,20,1254,$0.14,1,31,https://www.district.in/movies/the-bengal-files-movie-tickets-MV178611
348,stadium of dharamshala,301000,24,1254,$0.02,1,21,https://www.district.in/events/tata-ipl-2026-match-55-punjab-kings-vs-delhi-capitals-buy-tickets
349,j l n stadium,246000,13,3690,$0.10,3,25,https://www.district.in/events/
350,chennai rohini theatre,246000,15,1845,$0.08,3,25,https://www.district.in/movies/chennai-movie-tickets
351,the girlfriend movie,246000,18,1845,$0.14,1,30,https://www.district.in/movies/the-girlfriend-movie-tickets-in-bengaluru-MV167570
352,rohini cinema,246000,14,3690,$0.09,4,21,https://www.district.in/movies/chennai-movie-tickets
353,dies irae,4400,12,4846,$0,1,28,https://www.district.in/movies/dies-irae-movie-tickets-in-chennai-MV206021
354,cricket stadium dharamshala,301000,54,516,$0,1,42,https://www.district.in/events/ipl-ticket-booking
355,5$ movie,246000,6,16211,$1.01,1,32,https://www.district.in/movies/upcoming-movies
356,diwali date 2025,246000,108,516,$0,1,34,https://www.district.in/movies/upcoming-movies
357,movies near me playing,246000,4,39852,$0.02,2,40,https://www.district.in/movies/cinema-near-me
358,movies and showtimes near me,246000,4,39852,$0.02,2,36,https://www.district.in/movies/cinema-near-me
359,agra fort in agra,246000,11,6297,$0.11,3,41,https://www.district.in/events/agra-fort-monument-buy-tickets
360,12 fail,246000,15,2779,$0,1,55,https://www.district.in/movies/12th-fail-2023-movie-tickets-in-mumbai-MV165204
361,room,246000,62,516,$0.31,4,73,https://www.district.in/events/founders-room-the-fundraising-journey-by-zocodeclub-may30-2026-buy-tickets
362,water park park,246000,9,16211,$0.07,3,18,https://www.district.in/activities/water-parks-in-gurgaon/
363,ustaad bhagat singh,40500,14,3690,$0,1,25,https://www.district.in/movies/ustaad-bhagat-singh-movie-tickets-MV161614
364,things to do,301000,4,74784,$0.75,2,43,https://www.district.in/activities/
365,rajasthan royals schedule,246000,10,4846,$0.02,1,28,https://www.district.in/events/rajasthan-royals-ipl-2026-team
366,pro kabaddi league 2025 schedule,246000,17,1254,$0,1,36,https://www.district.in/events/pkl-2025-delhi-team
367,play tamil,246000,9,4846,$0,1,47,https://www.district.in/events/hibiscus-foundation-may9-2026-buy-tickets
368,thane west,246000,22,664,$0.30,4,49,https://www.district.in/play/sorted-smash-thane-west-thane-west-thane-slots-booking
369,hindi film sholay,246000,38,516,$0.02,1,42,https://www.district.in/movies/cinema-near-me
370,delhi e district,246000,12,2238,$0,1,42,https://www.district.in/
371,5 movie,246000,6,23935,$1.01,1,31,https://www.district.in/movies/upcoming-movies
372,thane viviana mall,246000,10,3690,$0.12,5,22,https://www.district.in/movies/cinepolis-lake-shore-thane-ex-cinepolis-viviana-mall-thane-in-greater-mumbai-CD114
373,movie theater times near me,246000,4,39852,$0.02,2,30,https://www.district.in/movies/cinema-near-me
374,mom,246000,25,664,$0.42,1,52,https://www.district.in/events/mom-mud-may10-2026-buy-tickets
375,bollywood movie,246000,17,1845,$0.06,1,51,https://www.district.in/movies/upcoming-hindi-movies
376,sirsa india,246000,28,590,$0.11,1,22,https://www.district.in/movies/ohm-cine-garden-hissar-road-sirsa-in-sirsa-CD6079
377,sagar,246000,29,565,$0,1,61,https://www.district.in/play/sportvot-x-players-turf-sagar-tech-andheri-east-mumbai-slots-booking
378,krishna nagar,246000,104,516,$0.10,3,20,https://www.district.in/movies/svc-eeshwar-4k-laser-dolby-7-1-attapur-hyderabad-in-hyderabad-CD1018796
379,new movie 2025,201000,17,1451,$0.60,1,49,https://www.district.in/movies/upcoming-movies
380,movies in theatres near me,246000,3,39852,$0.02,2,29,https://www.district.in/movies/cinema-near-me
381,2025 new movies,246000,12,3690,$1.41,1,53,https://www.district.in/movies/upcoming-movies
382,night,246000,24,590,$0.04,1,71,https://www.district.in/events/trivia-night-bangalore-apr25-2026-buy-tickets
383,film shows near me,246000,6,23935,$0.02,2,64,https://www.district.in/movies/cinema-near-me
384,agra fort,246000,11,8314,$0.76,5,49,https://www.district.in/events/agra-fort-monument-buy-tickets
385,telugu movies download,165000,21,590,$0.10,1,42,https://www.district.in/movies/jetlee-movie-tickets-MV213451
386,water park,301000,30,541,$0.53,2,48,https://www.district.in/activities/water-parks-in-new-delhi/
387,things do,246000,6,74784,$0.11,3,33,https://www.district.in/activities/
388,film near me,246000,3,39852,$0.02,2,40,https://www.district.in/movies/cinema-near-me
389,aquarium paradise,165000,6,39852,$0.06,10,29,https://www.district.in/events/aquarium-paradise-bengaluru-2025-buy-tickets
390,anirudh,90500,20,1451,$0,1,58,https://www.district.in/events/anirudh-ravichander/artist
391,dhanush movies,246000,28,541,$0,1,47,https://www.district.in/movies/kara-movie-tickets-MV213475
392,jln stadium,246000,41,516,$0,3,48,https://www.district.in/events/sports-in-gurgaon-book-tickets
393,jacqueline fernandez and,246000,10,6297,$0,1,61,https://www.district.in/jacqueline-fernandez/artist
394,chhatrapati shivaji maharaj,368000,22,1057,$0.50,2,43,https://www.district.in/movies/raja-shivaji-movie-tickets-MV170361
395,border 2 release date,246000,21,1057,$0,1,29,https://www.district.in/movies/border-2-movie-tickets-MV174744
396,bookmyshow at vadodara,246000,76,516,$0.02,1,21,https://www.district.in/events/mere-krishn-a-live-theatrical-experience-of-shree-krishns-life-vadodara-buy-tickets
397,bookmyshow kolkata,246000,8,4846,$0.04,1,47,https://www.district.in/
398,sumathi valavu,6600,11,8314,$0,1,31,https://www.district.in/movies/sumathi-valavu-movie-tickets-in-tirumalgiri-MV187974
399,fort of raigad,246000,12,8314,$0.01,1,30,https://www.district.in/events/raigad-fort-buy-tickets
400,forum mall,165000,45,422,$0.04,5,49,https://www.district.in/movies/dhurandhar-the-revenge-movie-tickets-in-bengaluru-MV211577
401,miraj,201000,8,5145,$0.01,1,61,https://www.district.in/movies/miraj-cinemas-chandra-pacific-mall-golmuri-in-jamshedpur-CD1037447
402,vr mall,135000,11,3959,$0.02,5,49,https://www.district.in/movies/pvr-vr-mall-anna-nagar-chennai-in-chennai-CD1022304
403,indian premier league women,165000,20,864,$0,1,31,https://www.district.in/events/womens-premier-league-2026-team
404,hyderabad banjara hills,201000,78,422,$0.14,5,30,https://www.district.in/activities/hyderabad-activity-tickets/
405,movie theater near me,165000,4,32562,$0.04,3,35,https://www.district.in/movies/cinema-near-me
406,bms jaipur,201000,21,482,$0.07,1,23,https://www.district.in/
407,release new movie,201000,3,32562,$0.04,1,78,https://www.district.in/movies/upcoming-movies
408,next matches for csk,90500,6,13245,$0,1,36,https://www.district.in/events/chennai-super-kings-team
409,new film releases,201000,8,9426,$0.20,1,83,https://www.district.in/movies/upcoming-movies
410,titans vs knight riders,1830000,11,3959,$0.03,1,34,https://www.district.in/events/screening-of-gt-vs-kkr-gujarat-titans-vs-kolkata-knight-riders-apr17-2026-buy-tickets
411,srh schedule,12100,6,9426,$0,1,26,https://www.district.in/events/sunrisers-hyderabad-team
412,dosanjh,201000,30,542,$1.03,1,72,https://www.district.in/events/diljit-dosanjh/artist
413,hostel,246000,30,442,$0.50,5,62,https://www.district.in/movies/bgs-hostel-movie-tickets-MV221121
414,bookmyshow kochi,201000,18,864,$0.02,1,47,https://www.district.in/movies/kochi-movie-tickets
415,agra movie,201000,12,5145,$0.09,1,35,https://www.district.in/movies/agra-movie-tickets
416,royal meenakshi mall bangalore,201000,6,9426,$0.12,6,27,https://www.district.in/movies/cinepolis-royal-meenakshi-mall-bannerghatta-road-bengaluru-in-bengaluru-CD115
417,ji,201000,15,3015,$0.21,1,60,https://www.district.in/events/meri-bandi-a-comedy-show-by-mishra-ji-may17-2026-buy-tickets
418,new movie releases,90500,6,13245,$0.02,1,41,https://www.district.in/movies/upcoming-movies
419,movie cinemas near me,201000,3,61104,$0.02,2,44,https://www.district.in/movies/cinema-near-me
420,cinepolis,201000,4,13245,$0.03,2,61,https://www.district.in/movies/cinepolis-bsr-mall-omr-thoraipakkam-chennai-in-chennai-CD9505
421,bookmyshow vizag,201000,12,1829,$0.04,1,48,https://www.district.in/movies/
422,happyraj,260,6,9426,$0,1,28,https://www.district.in/movies/happy-raj-movie-tickets-MV212079
423,firozabad firozabad,201000,18,1829,$0.07,1,39,https://www.district.in/movies/bharat-dd-plex-asfabad-firozabad-in-firozabad-CD24971
424,ticket booking,201000,14,1507,$0.06,38,59,https://www.district.in/movies/new-delhi-movie-tickets
425,taj old,201000,18,864,$0,1,13,https://www.district.in/dining/madanapalle/old-taj-restaurant-since-1980-madanapalle-locality
426,cast of kantara chapter 1,201000,10,6793,$0,1,28,https://www.district.in/movies/kantara-a-legend-chapter-1-movie-tickets-MV165830
427,bookmyshow lucknow,201000,24,442,$0.05,1,47,https://www.district.in/movies/lucknow-movie-tickets
428,bms kochi,201000,10,2271,$0.09,1,27,https://www.district.in/movies/kochi-movie-tickets
429,movies nearby,165000,3,32562,$0.04,1,47,https://www.district.in/movies/cinema-near-me
430,nithya menen,201000,75,422,$0,1,47,https://www.district.in/movies/adirindi-2017-movie-tickets-MV108
431,ma le,201000,16,1185,$3.38,1,28,https://www.district.in/movies/mathe-male-hoyyuthide-movie-tickets-MV221242
432,world park jaipur,201000,33,422,$0.02,1,29,https://www.district.in/
433,indian premier league women's,201000,12,3959,$1.04,1,23,https://www.district.in/events/womens-premier-league-2026-team
434,happy raj,201000,8,13245,$0.06,1,27,https://www.district.in/movies/happy-raj-movie-tickets-MV212079
435,bms lucknow,201000,16,1025,$0.01,1,22,https://www.district.in/movies/lucknow-movie-tickets
436,dhurandhar release date,165000,11,3015,$0.01,1,42,https://www.district.in/movies/dhurandhar-the-revenge-movie-tickets-MV211577
437,vada chennai,165000,15,2271,$0,1,47,https://www.district.in/movies/vada-chennai-2018-movie-tickets-MV454
438,up firozabad,201000,34,422,$0.07,1,40,https://www.district.in/movies/bharat-dd-plex-asfabad-firozabad-in-firozabad-CD24971
439,movie theaters near me,201000,3,32562,$0.03,2,35,https://www.district.in/movies/cinema-near-me
440,block 2,201000,59,422,$0.16,3,19,https://www.district.in/dining/bangalore/block-two-coffee-jayanagar-bangalore
441,bookmyshow vijayawada,201000,25,422,$0.03,1,48,https://www.district.in/movies/vijayawada-movie-tickets
442,booking ticket booking,201000,4,13245,$0.09,28,84,https://www.district.in/movies/
443,tickets booking,165000,4,13245,$0.07,36,58,https://www.district.in/movies/
444,odum kuthira chadum kuthira,3600,20,1025,$0,1,25,https://www.district.in/movies/odum-kuthira-chaadum-kuthira-movie-tickets-MV196796
445,new films released,201000,8,6793,$0.20,1,80,https://www.district.in/movies/upcoming-movies
446,new film launch,201000,3,32562,$0.03,1,60,https://www.district.in/movies/upcoming-movies
447,good bad ugly,673000,12,3959,$0,1,42,https://www.district.in/movies/good-bad-ugly-movie-tickets-in-sattur-MV171374
448,where to watch lucknow super giants vs royal challengers bengaluru,201000,19,1025,$0,1,23,https://www.district.in/events/screening-of-lsg-vs-rcb-lucknow-super-giants-vs-royal-challengers-bengaluru--may7-2026-buy-tickets
449,wet and joy,201000,13,3015,$0.04,9,45,https://www.district.in/events/wet-n-joy-water-park--amusement-park-buy-tickets
450,royal meenakshi mall,201000,2,32562,$0.25,6,44,https://www.district.in/movies/cinepolis-royal-meenakshi-mall-bannerghatta-road-bengaluru-in-bengaluru-CD115
451,place,201000,69,422,$0.80,1,67,https://www.district.in/movies/pvr-plaza-connaught-place-new-delhi-in-ghaziabad-CD1020650
452,firozabad india,201000,21,1025,$0.04,1,34,https://www.district.in/movies/bharat-dd-plex-asfabad-firozabad-in-firozabad-CD24971
453,sunny,246000,24,663,$0.14,1,60,https://www.district.in/events/3rd-anniversary-ft-sunny-leone-apr24-2026-buy-tickets
454,station hyderabad,201000,103,422,$0.07,4,26,https://www.district.in/movies/mythri-theatres-vimal-70mm-ac-4k-laser-dolby-atmos-balanagar-newly-renovated-hyderabad-in-hyderabad-CD1039848
455,next match for csk,110000,6,9426,$0.07,1,38,https://www.district.in/events/chennai-super-kings-team
456,movie cinema near me,201000,3,32562,$0.02,4,33,https://www.district.in/movies/cinema-near-me
457,theatre near me,246000,5,32562,$0.11,2,43,https://www.district.in/movies/cinema-near-me
458,c s k next match,90500,6,13245,$0,1,42,https://www.district.in/events/chennai-super-kings-team
459,sirai,1000,15,3015,$0,1,22,https://www.district.in/movies/sirai-movie-tickets-MV204053
460,samay raina,135000,14,6793,$0,1,47,https://www.district.in/events/samay-raina/artist
461,punjab kings vs delhi capitals timeline,673000,4,32562,$0,1,25,https://www.district.in/events/tata-ipl-2026-match-55-punjab-kings-vs-delhi-capitals-buy-tickets
462,ernakulam bookmyshow,720,18,864,$0,1,21,https://www.district.in/movies/pan-cinemas-4k-atmos-arakkunnam-in-arakkunnam-CD1049288
463,darkness night movie,201000,7,9426,$0,1,45,https://www.district.in/movies/dark-night-movie-tickets-in-hyderabad-MV216846
464,csk next match,90500,8,9426,$0,1,40,https://www.district.in/events/chennai-super-kings-team
465,chennai wonderla,201000,7,19557,$0.11,2,48,https://www.district.in/events/wonderla-amusement-park-chennai-2026-buy-tickets
466,jaipur wtp,201000,16,1185,$0.03,1,24,https://www.district.in/movies/cinepolis-world-trade-park-malviya-nagar-jaipur-in-jaipur-CD116
467,movies near,165000,6,13245,$0.01,1,28,https://www.district.in/movies/cinema-near-me
468,world trade mall jaipur,201000,46,422,$0,2,35,https://www.district.in/movies/dacoit-movie-tickets-in-jaipur-MV169188
469,theatres near me,201000,5,32562,$0.04,5,44,https://www.district.in/movies/cinema-near-me
470,new movies released,201000,5,19557,$0.15,2,43,https://www.district.in/movies/upcoming-movies
471,sector 29,201000,112,422,$0.23,4,49,https://www.district.in/events/music-in-gurgaon-book-tickets
472,wtp jaipur,201000,16,1507,$0,2,48,https://www.district.in/movies/cinepolis-world-trade-park-malviya-nagar-jaipur-in-jaipur-CD116
473,w t p jaipur,201000,17,1185,$0.03,3,24,https://www.district.in/movies/cinepolis-world-trade-park-malviya-nagar-jaipur-in-jaipur-CD116
474,new movie release,135000,4,32562,$0.09,2,43,https://www.district.in/movies/upcoming-movies
475,movie theater movies near me,201000,4,32562,$0.02,4,19,https://www.district.in/movies/gurgaon-movie-tickets
476,dasun shanaka,135000,70,422,$0,1,47,https://www.district.in/events/rajasthan-royals-ipl-2026-team
477,chennai super kings next match,90500,6,13245,$0,1,32,https://www.district.in/events/chennai-super-kings-team
478,new and released movies,201000,4,19557,$0.05,1,66,https://www.district.in/movies/upcoming-movies
479,movie ace,246000,9,9426,$0,1,28,https://www.district.in/movies/ace-movie-tickets-in-gurgaon-MV173971
480,theater near me movies,201000,3,61104,$0.02,4,31,https://www.district.in/movies/cinema-near-me
481,pk in mumbai,201000,58,422,$0,1,24,https://www.district.in/events/punjab-kings-team
482,bms vijayawada,165000,11,2271,$0.11,1,47,https://www.district.in/movies/vijayawada-movie-tickets
483,45,201000,12,5145,$0.10,1,41,https://www.district.in/movies/45-movie-tickets-MV188239
484,sunidhi chauhan,165000,13,5145,$0.45,1,47,https://www.district.in/events/sunidhi-chauhan/artist
485,meenakshi mall,201000,2,32562,$0.23,7,50,https://www.district.in/movies/cinepolis-royal-meenakshi-mall-bannerghatta-road-bengaluru-in-bengaluru-CD115
486,new released films,201000,11,3015,$0.03,1,67,https://www.district.in/movies/upcoming-movies
487,firozabad,201000,23,864,$0,1,60,https://www.district.in/movies/bharat-dd-plex-asfabad-firozabad-in-firozabad-CD24971
488,film theater near me,201000,4,32562,$0.02,4,20,https://www.district.in/movies/cinema-near-me
489,aquarium near me,201000,13,3959,$0.14,1,43,https://www.district.in/events/aquarium-paradise-bengaluru-2025-buy-tickets
490,chennai express 2013,201000,9,9426,$0.14,1,48,https://www.district.in/movies/chennai-express-2013-movie-tickets-MV138357
491,district gopalganj,201000,5,19557,$0.12,1,29,https://www.district.in/movies/sarswati-talkies-gopalganj-in-gopalganj-CD1088086
492,lucknow super giants vs punjab kings timeline,135000,6,13245,$0,1,20,https://www.district.in/events/screening-of-lsg-vs-pbks-lucknow-super-giants-vs-punjab-kings-may23-2026-buy-tickets
493,hit 3,201000,10,3959,$0,1,45,https://www.district.in/movies/hit-the-third-case-movie-tickets-MV166889
494,wet n joy,0,8,13245,$0,1,12,https://www.district.in/events/wet-n-joy-water-park--amusement-park-buy-tickets
495,youth movie,135000,17,1501,$0.12,1,26,https://www.district.in/movies/youth-movie-tickets-MV213456
496,vr chennai,201000,10,2475,$0,7,50,https://www.district.in/movies/pvr-vr-mall-anna-nagar-chennai-in-chennai-CD1022304
497,gujarat titans schedule,12100,14,1501,$0,1,33,https://www.district.in/events/gujarat-titans-team
498,nexus vijaya mall,135000,2,26730,$0.12,15,47,https://www.district.in/movies/pvr-palazzo-the-nexus-vijaya-mall-chennai-in-chennai-CD1022274
499,gujarat titans vs sunrisers hyderabad timeline,165000,5,16054,$0,1,22,https://www.district.in/events/screening-of-gt-vs-srh-gujarat-titans-vs-sunrisers-hyderabad-may12-2026-buy-tickets
500,garuda mall bangalore,135000,14,1864,$0.09,12,23,https://www.district.in/movies/inox-garuda-mall-magrath-road-bengaluru-in-bengaluru-CD1020720
501,film upcoming,165000,4,16054,$0.13,1,64,https://www.district.in/movies/upcoming-movies
502,live time in india,165000,74,346,$0.06,1,50,https://www.district.in/events/ye-live-in-india-2026-buy-tickets
503,kerala story,165000,13,2475,$0.22,2,48,https://www.district.in/movies/the-kerala-story-2-goes-beyond-movie-tickets-in-chennai-MV214234
504,how are u in hindi,165000,40,346,$0.37,1,29,https://www.district.in/movies/krishnavataram-part-1-the-heart-hridayam-movie-tickets-in-hyderabad-MV219513
505,drama,90500,19,924,$0.44,1,58,https://www.district.in/movies/the-drama-movie-tickets-MV211828
506,play arena,135000,5,26730,$0.12,14,52,https://www.district.in/events/play-arena-bengaluru-2025-buy-tickets
507,prasad imax,135000,8,5577,$0.09,11,51,https://www.district.in/events/laser-shooter-enter-the-battlefield-prasads-multiplex-jul-2025-buy-tickets
508,om shanti om,165000,20,924,$0.04,1,42,https://www.district.in/movies/om-shanti-om-2007-movie-tickets-MV157817
509,movie jolly llb,165000,23,709,$0,1,48,https://www.district.in/movies/jolly-llb-3-movie-tickets-in-ron-MV172789
510,mic,165000,61,346,$0.02,90,88,https://www.district.in/events/open-mic-social-spark-apr25-2026-buy-tickets
511,latest movies,165000,10,3250,$0.11,1,62,https://www.district.in/movies/upcoming-movies
512,se7en movies,165000,31,346,$0.18,1,59,https://www.district.in/movies/seven-screens-cinema-chennai-in-chennai-CD1102122
513,upcoming movies,165000,5,16054,$0.01,1,48,https://www.district.in/movies/upcoming-movies
514,upcoming cinemas,165000,5,26730,$0.13,1,35,https://www.district.in/movies/upcoming-movies-in-vissannapeta
515,elements mall,135000,2,26730,$0.02,10,51,https://www.district.in/movies/pvr-msr-elements-mall-tanisandhra-main-road-bengaluru-in-bengaluru-CD1022269
516,do deewane seher mein,165000,39,346,$0.04,1,26,https://www.district.in/movies/do-deewane-seher-mein-movie-tickets-in-deoli-MV210258
517,how about you in hindi,165000,28,346,$0.89,1,46,https://www.district.in/movies/krishnavataram-part-1-the-heart-hridayam-movie-tickets-MV219513
518,csk match,110000,8,5577,$0,1,47,https://www.district.in/events/chennai-super-kings-team
519,bookmyshow patna,135000,17,709,$0.01,1,47,https://www.district.in/movies/patna-movie-tickets
520,bhoot bangla release date,135000,14,2475,$0.01,1,31,https://www.district.in/movies/bhooth-bangla-movie-tickets-MV177766
521,where to watch royal challengers bengaluru vs sunrisers hyderabad,40500,3,16054,$0,1,23,https://www.district.in/events/screening-of-srh-vs-rcb-sunrisers-hyderabad-vs-royal-challengers-bengaluru-may22-2026-buy-tickets
522,kkr schedule,165000,9,2475,$0,1,25,https://www.district.in/events/tata-ipl-2026-match-51---delhi-capitals-vs-kolkata-knight-riders-buy-tickets
523,jolly llb indian movie,165000,18,973,$0,1,51,https://www.district.in/movies/jolly-llb-3-movie-tickets-MV172789
524,itc,165000,62,346,$8.29,6,65,https://www.district.in/events/mothers-day-exclusive-chocolate-masterclass-itc-grand-chola-may9-2026-buy-tickets
525,how are you meaning hindi,165000,84,346,$0,1,18,https://www.district.in/events/wear-your-art-embroidery-on-your-own-clothes-may25-2026-buy-tickets
526,prozone mall,165000,8,4224,$0.02,15,52,https://www.district.in/movies/inox-prozone-mall-sathy-road-in-coimbatore-CD1025103
527,new films in telugu,201000,23,445,$0.05,1,56,https://www.district.in/movies/vijayawada-movie-tickets
528,movie tickets,90500,3,26730,$0.03,19,51,https://www.district.in/movies/
529,english movies,165000,13,3250,$0.53,2,35,https://www.district.in/movies/english-movies-tickets-in-gurgaon
530,bookmyshow madurai,165000,15,924,$0.01,1,48,https://www.district.in/movies/
531,bms indore,135000,10,1864,$0.04,1,47,https://www.district.in/
532,films upcoming,165000,4,26730,$0.02,1,85,https://www.district.in/movies/upcoming-movies
533,acropolis mall,165000,14,1864,$0.39,4,49,https://www.district.in/movies/cinepolis-acropolis-mall-rajdanga-road-kolkata-in-kolkata-CD148
534,the kerala story 2,135000,18,1237,$0.13,1,27,https://www.district.in/movies/the-kerala-story-2-goes-beyond-movie-tickets-MV214234
535,taran adarsh,165000,31,346,$0,1,47,https://www.district.in/movies/raja-shivaji-movie-tickets-MV170361
536,prasad imax hyderabad,165000,12,2475,$0.08,4,29,https://www.district.in/events/laser-shooter-enter-the-battlefield-prasads-multiplex-jul-2025-buy-tickets
537,book my ticket,135000,3,16054,$0.05,11,46,https://www.district.in/movies/
538,iplt20 website,18100,5,7738,$0,1,65,https://www.district.in/events/ipl-ticket-booking
539,movies download websites,201000,36,346,$0.21,1,42,https://www.district.in/
540,movie og,33100,23,445,$0,1,27,https://www.district.in/movies/anantapur-movie-tickets
541,prasad cinemas hyderabad,165000,16,841,$0.10,5,25,https://www.district.in/events/laser-shooter-enter-the-battlefield-prasads-multiplex-jul-2025-buy-tickets
542,movies upcoming,165000,5,16054,$0.01,1,47,https://www.district.in/movies/upcoming-movies
543,women's indian premier league,165000,11,3250,$0,1,22,https://www.district.in/events/womens-premier-league-2026-team
544,seasons mall,135000,7,5577,$0,12,51,https://www.district.in/movies/cinepolis-seasons-mall-hadapsar-pune-in-pune-CD153
545,sangam cinemas,165000,2,26730,$0.07,5,49,https://www.district.in/movies/sangam-cinemas-4k-rgb-laser-dolby-atmos-kilpauk-chennai-in-chennai-CD1037033
546,sangam cinema,165000,8,7738,$0.07,5,49,https://www.district.in/movies/sangam-cinemas-4k-rgb-laser-dolby-atmos-kilpauk-chennai-in-chennai-CD1037033
547,west india,165000,89,346,$0,1,18,https://www.district.in/events/ye-live-in-india-2026-buy-tickets
548,hindi movie bhoot bangla,49500,9,5577,$0.02,1,32,https://www.district.in/movies/bhooth-bangla-movie-tickets-MV177766
549,bookmyshow bhubaneswar,165000,21,396,$0.01,1,47,https://www.district.in/movies/bhubaneswar-movie-tickets
550,m5 e city mall,165000,4,16054,$0.15,7,17,https://www.district.in/movies/inox-m5-ecity-bengaluru-in-hosur-CD1088533
551,love movie,165000,16,2475,$0.28,1,64,https://www.district.in/movies/mola-love-hoge-movie-tickets-MV221281
552,eleven the movie,165000,12,3250,$0.31,1,42,https://www.district.in/movies/eleven-movie-tickets-in-gurgaon-MV181369
553,go karting,165000,16,1501,$0.20,2,48,https://www.district.in/events/formula-karting-noida-2025-buy-tickets
554,chennai super kings matches,110000,8,5577,$0,1,34,https://www.district.in/events/chennai-super-kings-team
555,bookmyshow indore,135000,18,709,$0.05,1,47,https://www.district.in/movies/indore-movie-tickets
556,the girlfriend,165000,18,973,$0.12,1,44,https://www.district.in/movies/the-girlfriend-movie-tickets-MV167570
557,never,135000,29,346,$0,1,60,https://www.district.in/events/never-have-i-ever-bangalore-apr25-2026-buy-tickets
558,hindi to bengali,165000,108,346,$0,1,42,https://www.district.in/events/mom-mud-may10-2026-buy-tickets
559,war 2 release date,201000,34,346,$0,1,40,https://www.district.in/movies/war-2-movie-tickets-MV161358
560,latest movies in telugu,165000,25,445,$0.02,1,39,https://www.district.in/movies/nellore-movie-tickets
561,garuda mall,165000,14,1864,$0.02,7,50,https://www.district.in/movies/inox-garuda-mall-magrath-road-bengaluru-in-bengaluru-CD1020720
562,chatha pacha,135000,8,10873,$0,1,26,https://www.district.in/movies/chatha-pacha-the-ring-of-rowdies-movie-tickets-MV192567
563,tehran film,165000,26,445,$0.31,1,29,https://www.district.in/movies/tehran-movie-tickets-in-vele-MV152788
564,salon,246000,29,346,$0.39,3,83,https://www.district.in/stores/beauty-and-salon-stores-in-gurgaon
565,prakambanam,165000,8,7738,$0.16,1,26,https://www.district.in/movies/prakambanam-movie-tickets-in-chennai-MV213509
566,jio world convention centre,165000,71,346,$0.27,6,36,https://www.district.in/events/mumbai-comic-con-2026-buy-tickets
567,animation movies,165000,111,346,$0.05,1,47,https://www.district.in/movies/animation-movies-in-vita
568,element mall bangalore,165000,3,16054,$0.18,6,22,https://www.district.in/movies/pvr-msr-elements-mall-tanisandhra-main-road-bengaluru-in-bengaluru-CD1022269
569,udaipur files,165000,9,7738,$0,1,32,https://www.district.in/movies/udaipur-files-movie-tickets-in-ron-MV200438
570,turf near me,165000,4,50160,$0.22,2,43,https://www.district.in/play/
571,rahu ketu,18100,8,10873,$0.27,1,23,https://www.district.in/movies/rahu-ketu-movie-tickets-MV206246
572,prestige the movie,165000,79,346,$0,1,48,https://www.district.in/events/mere-krishn-a-live-theatrical-experience-of-shree-krishns-life-bengaluru-2026-buy-tickets
573,movies telugu new,246000,29,346,$0.02,1,42,https://www.district.in/movies/nellore-movie-tickets
574,arun jaitley stadium,135000,13,2475,$0,2,43,https://www.district.in/events/delhi-capitals-team
575,youth the film,165000,10,3250,$0.18,1,28,https://www.district.in/movies/youth-movie-tickets-in-vele-MV213456
576,zomato partnerships,135000,38,346,$0.44,1,31,https://www.district.in/policies/terms-of-service
577,wankhede stadium,246000,12,3250,$0.24,3,48,https://www.district.in/events/mca-museum--stadium-tour-buy-tickets
578,salaar 2 release date,165000,6,16054,$0,1,34,https://www.district.in/movies/salaar-part-2-shouryanga-parvam-movie-tickets-MV178311
579,prasad cinemas,165000,41,346,$0.08,4,28,https://www.district.in/movies/nellore-movie-tickets
580,del vs mum,2400,13,1864,$0,1,35,https://www.district.in/events/delhi-capitals-team
581,bhoot bangla movie,165000,8,7738,$0.02,1,27,https://www.district.in/movies/bhooth-bangla-movie-tickets-MV177766
582,things to see in bangalore,165000,9,4224,$0.07,15,27,https://www.district.in/activities/bengaluru-activity-tickets/
583,hadapsar pune,110000,97,346,$0.16,11,51,https://www.district.in/movies/dhurandhar-the-revenge-movie-tickets-in-pune-MV211577
584,movies ticket,165000,2,26730,$0.02,9,42,https://www.district.in/movies/
585,bookmyshow in indore,165000,12,1501,$0.01,1,21,https://www.district.in/movies/
586,best films movies,165000,40,346,$3.29,1,67,https://www.district.in/movies/
587,esplanade,135000,26,363,$0.29,5,62,https://www.district.in/movies/cinepolis-the-esplanade-gurugram-in-gurgaon-CD52071
588,elements mall bangalore,135000,7,5577,$0,12,46,https://www.district.in/movies/pvr-msr-elements-mall-tanisandhra-main-road-bengaluru-in-bengaluru-CD1022269
589,clock tower,165000,29,396,$0.24,4,49,https://www.district.in/dining/jaipur/clock-tower-adarsh-nagar
590,women indian premier league,165000,13,1864,$0,1,27,https://www.district.in/events/womens-premier-league-2026-team
591,zomato partner,135000,7,4224,$0.23,1,48,https://www.district.in/
592,nexus hyderabad mall,110000,6,7738,$0,16,47,https://www.district.in/movies/pvr-nexus-mall-formerly-forum-sujana-kukatpally-hyderabad-in-venkatapuram-CD1022267
593,super,135000,107,346,$0.38,1,60,https://www.district.in/events/tata-ipl-2026-match-37--chennai-super-kings-vs-gujarat-titans-buy-tickets
594,sector 21,165000,9,4224,$0.27,4,49,https://www.district.in/movies/inox-r21-gandhinagar-in-gandhinagar-CD1101355
595,reliance mall,165000,19,841,$0.13,9,50,https://www.district.in/movies/inox-reliance-mega-mall-reliance-mall-rajkot-in-rajkot-CD1030077
596,punjab kings vs lucknow super giants,110000,10,4224,$0.02,1,22,https://www.district.in/events/tata-ipl-2026-match-29-punjab-kings-vs-lucknow-super-giants-buy-tickets
597,kerala stories,165000,12,3250,$0.19,1,63,https://www.district.in/movies/the-kerala-story-2-goes-beyond-movie-tickets-in-pune-MV214234
598,hotel shadab,110000,8,7738,$0,8,50,https://www.district.in/dining/hyderabad/hotel-shadab-ghansi-bazaar
599,coolie 2025,165000,11,5577,$0,1,47,https://www.district.in/movies/coolie-movie-tickets-in-vita-MV172677
600,toxic movie,90500,10,7738,$0,1,45,https://www.district.in/movies/toxic-a-fairy-tale-for-grown-ups-movie-tickets-MV168613
601,the grand venice mall,165000,10,3250,$0,8,37,https://www.district.in/movies/cinepolis-the-grand-venice-mall-near-pari-chowk-greater-noida-in-new-delhi-CD1410
602,s mall,165000,2,26730,$0.45,1,48,https://www.district.in/movies/inox-s-mall-sira-road-tumakuru-in-tumkur-CD1030143
603,vidyarthi bhavan,165000,20,841,$6.95,4,49,https://www.district.in/dining/bangalore/vidyarthi-bhavan-since-1943-basavanagudi-bangalore
604,mandi house,135000,19,1237,$0,3,48,https://www.district.in/dining/raipur/mandi-house-jawahar-nagar
605,lover movie,201000,51,346,$0.43,1,47,https://www.district.in/
606,llb jolly,165000,18,1237,$0,1,53,https://www.district.in/movies/jolly-llb-3-movie-tickets-MV172789
607,jolly llb hindi film,165000,39,346,$0,1,46,https://www.district.in/movies/cinema-near-me
608,movies latest movies,201000,23,445,$0.08,1,78,https://www.district.in/movies/upcoming-hindi-movies
609,arunachalam,135000,23,709,$0.20,1,61,https://www.district.in/movies/arunachalam-cinemas-thiruvannamalai-in-thiruvannamalai-CD3965
610,el clasico,135000,11,1864,$0.98,1,47,https://www.district.in/events/watch-el-clsico-live-at-smaaash-real-madrid-vs-fc-barcelona-mumbai-may9-2026-buy-tickets
611,csk matches,110000,3,16054,$0.08,1,47,https://www.district.in/events/chennai-super-kings-team
612,city center,165000,18,973,$0.14,5,38,https://www.district.in/movies/pvr-city-center-city-center-mall-raipur-in-raipur-CD1019933
613,book my tickets,135000,3,16054,$0.07,11,86,https://www.district.in/movies/
614,tehran movie,165000,23,709,$0.31,1,29,https://www.district.in/movies/tehran-movie-tickets-MV152788
615,sp koil,165000,54,346,$0.07,2,19,https://www.district.in/movies/vaitheeswarankoil-movie-tickets
616,ipl t20 website,165000,8,4224,$0,1,61,https://www.district.in/events/ipl-ticket-booking
617,how are you in hindi,165000,51,346,$0.37,1,30,https://www.district.in/movies/krishnavataram-part-1-the-heart-hridayam-movie-tickets-MV219513
618,om shanti om movies,165000,24,544,$0.04,1,58,https://www.district.in/movies/om-shanti-om-2007-movie-tickets-in-gurgaon-MV157817
619,navratri 2026 date,9900,110,346,$0,1,17,https://www.district.in/
620,forthcoming movie,165000,5,16054,$0.13,1,65,https://www.district.in/movies/upcoming-movies
621,bhilai town,165000,11,5577,$0.11,1,29,https://www.district.in/dining/durg-bhilai/the-bhilai-town-kohka
622,shiv wallpaper,135000,42,283,$0.17,1,47,https://www.district.in/movies/bgs-hostel-movie-tickets-MV221121
623,shimron hetmyer,135000,40,283,$0,1,47,https://www.district.in/events/tata-ipl-2026-match-64-rajasthan-royals-vs-lucknow-super-giants-may19-2026-buy-tickets
624,where to watch rajasthan royals vs chennai super kings,135000,36,283,$0.01,1,34,https://www.district.in/events/chennai-super-kings-team
625,journeys,135000,89,283,$0.05,1,60,https://www.district.in/events/founders-room-the-fundraising-journey-by-zocodeclub-may30-2026-buy-tickets
626,indian premier league ticket booking,165000,2,21870,$0.05,11,67,https://www.district.in/events/ipl-ticket-booking
627,for est,135000,5,13135,$0.26,1,40,https://www.district.in/dining/ncr/the-forest-vasant-vihar-new-delhi
628,ap dhillon,110000,49,283,$0.21,1,47,https://www.district.in/
629,movie theaters close to me,135000,4,41040,$0.02,3,30,https://www.district.in/movies/cinema-near-me
630,eko movie,135000,13,2659,$0,1,32,https://www.district.in/movies/eko-movie-tickets-MV209846
631,ma chidambaram stadium,201000,69,283,$0,1,42,https://www.district.in/events/ipl-ticket-booking
632,lucky's,135000,17,1525,$0.30,1,61,https://www.district.in/dining/indore/lucky-bakers-sudama-nagar
633,lo cal,135000,12,2659,$0.61,1,22,https://www.district.in/dining/nathdwara/lo-cal-cafe-nathdwara-locality
634,lo,135000,29,283,$0,1,34,https://www.district.in/movies/lo-naveena-movie-tickets-in-huzurabad-MV220847
635,diesel movies,135000,14,2025,$0,1,30,https://www.district.in/movies/diesel-movie-tickets-MV190440
636,cinema near me,135000,5,21870,$0.02,3,43,https://www.district.in/movies/cinema-near-me
637,worli mumbai,110000,57,283,$0.46,10,51,https://www.district.in/events/watch-el-clsico-live-at-smaaash-real-madrid-vs-fc-barcelona-mumbai-may9-2026-buy-tickets
638,part by part,135000,48,283,$0.37,1,48,https://www.district.in/movies/krishnavataram-part-1-the-heart-hridayam-movie-tickets-in-vijayawada-MV219513
639,new malayalam a films,165000,20,688,$0,1,63,https://www.district.in/movies/malayalam-movies-tickets-in-bengaluru
640,new released bollywood movies,135000,44,283,$0.14,1,61,https://www.district.in/movies/upcoming-movies
641,new malayalam movies,165000,17,756,$0.16,1,42,https://www.district.in/movies/upcoming-malayalam-movies
642,ma chidambaram stadium chennai,135000,22,445,$0.12,2,24,https://www.district.in/events/chennai-super-kings-team
643,uivers,135000,18,,$0.96,1,54,https://www.district.in/movies/masters-of-the-universe-movie-tickets-MV203073
644,dies irae movies,135000,12,2659,$0,1,36,https://www.district.in/movies/dies-irae-movie-tickets-MV206021
645,bollywood films new releases,135000,7,8896,$0.03,1,39,https://www.district.in/movies/upcoming-hindi-movies
646,bhoot bangla 2026,135000,9,4563,$0.01,1,36,https://www.district.in/movies/bhooth-bangla-movie-tickets-MV177766
647,a r rahman,135000,31,310,$0.19,1,42,https://www.district.in/events/a-r-rahman/artist
648,rcb vs,110000,23,364,$0,1,47,https://www.district.in/events/screening-of-rcb-vs-mi-tata-ipl-2026-may10-2026-buy-tickets
649,xperia mall lodha,135000,6,6331,$0.12,5,21,https://www.district.in/movies/pvr-lodha-xperia-palava-mumbai-in-thane-CD1018533
650,with love movie,165000,10,6331,$0.35,1,26,https://www.district.in/movies/with-love-movie-tickets-MV212336
651,malayalam movie download,135000,19,580,$0.22,1,42,https://www.district.in/movies/vaazha-ii-biopic-of-a-billion-bros-movie-tickets-MV214231
652,kerala blasters football club,135000,42,283,$0,1,47,https://www.district.in/events/isl-2025-26-bengaluru-fc-vs-kerala-blasters-fc-buy-tickets
653,raj mandir theatre jaipur,110000,6,8896,$0.03,8,21,https://www.district.in/movies/rajmandir-cinema-dolby-atmos-panch-batti-jaipur-in-jaipur-CD3874
654,raj mandir,135000,12,3456,$0.02,4,27,https://www.district.in/movies/rajmandir-cinema-dolby-atmos-panch-batti-jaipur-in-jaipur-CD3874
655,palampur kangra,165000,25,445,$0.27,1,20,https://www.district.in/movies/pearl-cinema-palampur-kangra-in-dharamsala-CD1012448
656,cinemas near me,110000,2,41040,$0.05,7,45,https://www.district.in/movies/cinema-near-me
657,flashback movies,1000,4,13135,$0,1,52,https://www.district.in/movies/flashback-movie-tickets-MV153634
658,bhoot bangla 2026 movie,135000,9,4563,$0.01,1,28,https://www.district.in/movies/bhooth-bangla-movie-tickets-MV177766
659,top movie,135000,20,580,$0.71,1,47,https://www.district.in/movies/
660,phoenix citadel mall,135000,8,3456,$0.02,8,45,https://www.district.in/movies/inox-phoenix-citadel-mall-indore-in-indore-CD1024424
661,new released hindi movies,135000,10,3456,$0.04,1,78,https://www.district.in/movies/upcoming-hindi-movies
662,jab we met,165000,20,688,$0,1,42,https://www.district.in/movies/jab-we-met-movie-tickets-in-itanagar-MV159985
663,movie spirited,135000,53,283,$0,1,43,https://www.district.in/movies/godari-gattupaina-movie-tickets-MV219475
664,new movie release bollywood,135000,5,13135,$0.10,1,77,https://www.district.in/movies/upcoming-hindi-movies
665,gandhi talks,49500,14,1525,$1.54,1,43,https://www.district.in/movies/gandhi-talks-movie-tickets-MV156965
666,a cinema,135000,11,6331,$0.50,1,39,https://www.district.in/movies/cinema-near-me
667,ke,165000,42,283,$0,1,38,https://www.district.in/events/bacchon-ki-kahani-sirf-badon-ke-liye-at-3-art-house-may16-2026-buy-tickets
668,ind vs sa live,135000,60,283,$0,1,25,https://www.district.in/
669,with love 2026,110000,13,3456,$0,1,28,https://www.district.in/movies/with-love-movie-tickets-MV212336
670,theaters near me,135000,5,21870,$0.03,3,43,https://www.district.in/movies/cinema-near-me
671,marine lines,135000,33,283,$0,4,49,https://www.district.in/dining/mumbai/marine-restaurant-marine-lines
672,madrid fc,165000,41,283,$0.75,1,91,https://www.district.in/events/watch-el-clsico-live-at-smaaash-real-madrid-vs-fc-barcelona-mumbai-may9-2026-buy-tickets
673,final,135000,47,283,$0.07,1,45,https://www.district.in/events/final-call-sunday-apr26-2026-buy-tickets
674,dies irae movie,22200,17,1012,$0,1,39,https://www.district.in/movies/dies-irae-movie-tickets-in-chennai-MV206021
675,go karting near me,90500,15,1525,$0.15,7,35,https://www.district.in/events/formula-karting-noida-2025-buy-tickets
676,andheri west infiniti mall,135000,17,688,$0.71,6,24,https://www.district.in/movies/pvr-icon-infiniti-andheri-w-mumbai-in-greater-mumbai-CD1022250
677,30 super,135000,82,283,$0,1,43,https://www.district.in/events/tata-ipl-2026-match-37--chennai-super-kings-vs-gujarat-titans-buy-tickets
678,courtroom movies,246000,42,283,$0,1,47,https://www.district.in/play/court-co-court-co-jaipur-slots-booking
679,clothing store,201000,74,283,$0.26,7,50,https://www.district.in/stores/apparel-stores-in-gurgaon
680,the kerala story,135000,16,1228,$0.16,2,44,https://www.district.in/movies/the-kerala-story-2-goes-beyond-movie-tickets-in-chennai-MV214234
681,new cinema in malayalam,165000,14,2025,$0,1,47,https://www.district.in/movies/malayalam-movies-tickets-in-bengaluru
682,hindi films new releases,135000,13,1525,$0.10,1,81,https://www.district.in/movies/upcoming-hindi-movies
683,theatres near to me,135000,4,41040,$0.02,3,25,https://www.district.in/movies/cinema-near-me
684,where to watch chennai super kings vs mumbai indians,201000,8,6331,$0,1,44,https://www.district.in/events/screening-of-mi-vs-csk-mumbai-indians-vs-chennai-super-kings-apr23-2026-buy-tickets
685,raj mandir jaipur,135000,7,8896,$0.03,5,38,https://www.district.in/movies/rajmandir-cinema-dolby-atmos-panch-batti-jaipur-in-jaipur-CD3874
686,raj mandir cinema jaipur,135000,7,6331,$0.03,5,38,https://www.district.in/movies/rajmandir-cinema-dolby-atmos-panch-batti-jaipur-in-jaipur-CD3874
687,places to visit in hyderabad,135000,38,283,$0.17,20,42,https://www.district.in/activities/hyderabad-activity-tickets/
688,the paradise,33100,6,13135,$0.87,1,46,https://www.district.in/movies/the-paradise-movie-tickets-MV185027
689,e district hp,135000,36,283,$0,1,42,https://www.district.in/
690,where to watch punjab kings vs royal challengers bengaluru,301000,2,41040,$0,1,34,https://www.district.in/events/screening-of-pbks-vs-rcb-punjab-kings-vs-royal-challengers-bengaluru-may17-2026-buy-tickets
691,the rameshwaram cafe indiranagar,135000,11,3456,$0.08,6,36,https://www.district.in/dining/bangalore/the-rameshwaram-cafe-3-indiranagar-bangalore
692,new hindi movies releasing,135000,5,8896,$0.04,1,61,https://www.district.in/movies/upcoming-hindi-movies
693,new hindi movie to be released,135000,6,13135,$0.04,1,60,https://www.district.in/movies/upcoming-hindi-movies
694,new bollywood movie to be released,135000,6,13135,$0.04,1,61,https://www.district.in/movies/upcoming-hindi-movies
695,nearest cinema to me,135000,6,21870,$0.02,3,26,https://www.district.in/movies/cinema-near-me
696,places near me,165000,7,21870,$0.66,2,43,https://www.district.in/activities/
697,films new malayalam,135000,16,796,$0.29,1,36,https://www.district.in/movies/upcoming-malayalam-movies
698,junior movie,90500,10,4563,$0.16,1,40,https://www.district.in/movies/junior-movie-tickets-in-tallapudi-MV199940
699,cinema theatre near me,135000,5,21870,$0.03,2,35,https://www.district.in/movies/cinema-near-me
700,bob's bar,165000,19,1012,$0,1,48,https://www.district.in/dining/bangalore/bobs-bar-1-indiranagar-bangalore
701,sonu nigam,165000,18,1525,$0.25,1,47,https://www.district.in/events/sonu-nigam/artist
702,new bollywood releases,135000,10,2659,$0.10,1,76,https://www.district.in/movies/upcoming-hindi-movies
703,diesel movie,135000,15,1525,$0,1,26,https://www.district.in/movies/diesel-movie-tickets-MV190440
704,hub movie,60500,8,2659,$0.34,1,36,https://www.district.in/movies/movietime-hub-mall-goregaon-e-mumbai-in-kalyan-CD1040385
705,bollywood new releases,110000,11,2659,$0.05,1,42,https://www.district.in/movies/upcoming-hindi-movies
706,aga khan palace,110000,9,4563,$0.44,4,44,https://www.district.in/events/aga-khan-palace-building-pune-buy-tickets
707,new film malayalam movie,135000,18,1012,$0.29,1,44,https://www.district.in/movies/upcoming-malayalam-movies
708,lodha xperia mall,90500,3,13135,$0.87,8,43,https://www.district.in/movies/pvr-lodha-xperia-palava-mumbai-in-thane-CD1018533
709,theater cinema near me,135000,5,21870,$0.02,4,20,https://www.district.in/movies/cinema-near-me
710,pune aga khan palace,135000,6,6331,$0.11,4,35,https://www.district.in/events/aga-khan-palace-building-pune-buy-tickets
711,new hindi movie release,135000,4,13135,$0.03,1,34,https://www.district.in/movies/upcoming-hindi-movies
712,kanchana,135000,12,2659,$0.09,1,60,https://www.district.in/movies/kanchana-2011-movie-tickets-MV216577
713,infiniti mall andheri west mumbai,135000,18,688,$0.71,6,25,https://www.district.in/movies/pvr-icon-infiniti-andheri-w-mumbai-in-greater-mumbai-CD1022250
714,delhi capitals schedule,14800,6,8896,$0.12,1,40,https://www.district.in/events/delhi-capitals-team
715,clothing store shop,135000,54,283,$0.14,11,83,https://www.district.in/stores/apparel-stores-in-gurgaon
716,a cinemas,90500,4,41040,$0.53,1,19,https://www.district.in/movies/cinema-near-me
717,sultan,135000,43,283,$0,1,60,https://www.district.in/movies/sultan-2016-movie-tickets-MV140087
718,single movie,135000,28,310,$0.04,1,25,https://www.district.in/movies/single-movie-tickets-in-gurgaon-MV189954
719,hindi movie new release,110000,4,13135,$0.06,1,68,https://www.district.in/movies/upcoming-hindi-movies
720,new movies in malayalam,135000,11,1525,$0.29,1,37,https://www.district.in/movies/upcoming-malayalam-movies
721,new film malayalam,135000,17,756,$0.29,1,29,https://www.district.in/movies/upcoming-malayalam-movies
722,near me theaters,135000,5,21870,$0.02,3,39,https://www.district.in/movies/cinema-near-me
723,cast of coolie,135000,10,4563,$7.56,1,25,https://www.district.in/movies/coolie-movie-tickets-in-vele-MV172677
724,bookmyshow trivandrum,110000,26,283,$0.01,1,47,https://www.district.in/movies/trivandrum-movie-tickets
725,little hearts 2025,1300,23,445,$0,1,46,https://www.district.in/movies/little-hearts-movie-tickets-MV205180
726,the mummy 2026,12100,10,6331,$0,1,36,https://www.district.in/movies/lee-cronin-s-the-mummy-movie-tickets-MV213285
727,db mall bhopal,110000,12,2659,$0,13,46,https://www.district.in/movies/cinepolis-db-mall-maharana-pratap-nagar-bhopal-in-bhopal-CD132
728,aquarium,135000,42,283,$0.02,74,83,https://www.district.in/events/aquarium-paradise-bengaluru-2025-buy-tickets
729,aaryan,135000,15,1525,$0,1,37,https://www.district.in/movies/aaryan-movie-tickets-in-aruppukkottai-MV187270
730,theatres near by me,135000,6,13135,$0.02,3,29,https://www.district.in/movies/cinema-near-me
731,upcoming cricket matches,110000,17,688,$0,1,42,https://www.district.in/events/ipl-ticket-booking
732,kerala blasters fc,550000,13,2025,$0,1,42,https://www.district.in/events/isl-2025-26-kerala-blasters-fc-vs--mohammedan-sc-buy-tickets
733,indian movie new release,135000,8,6331,$0.04,1,60,https://www.district.in/movies/upcoming-hindi-movies
734,new release movies bollywood,135000,9,4563,$0.03,1,34,https://www.district.in/movies/upcoming-hindi-movies
735,flashback movie,1000,6,21870,$0,1,50,https://www.district.in/movies/flashback-movie-tickets-MV153634
736,badminton court,135000,6,21870,$0.24,2,48,https://www.district.in/play/badminton-courts-in-gurgaon
737,aca vdca cricket stadium,135000,31,283,$0,2,35,https://www.district.in/events/sports-events-in-vizag-book-tickets
738,csk squad 2026,49500,37,283,$0.01,1,27,https://www.district.in/events/chennai-super-kings-team
739,cultural circle,135000,10,3456,$0.03,100,47,https://www.district.in/stores/culture-circle-ambience-mall-vasant-kunj-new-delhi-SDP-37487059
740,clothing stores,201000,18,756,$0.31,6,81,https://www.district.in/stores/apparel-stores-in-gurgaon
741,bob bar,135000,12,6331,$0.02,1,22,https://www.district.in/dining/bangalore/bobs-bar-kalyan-nagar-bangalore
742,lalo gujarati movie,135000,6,8896,$0.09,2,26,https://www.district.in/movies/laalo-krishna-sada-sahaayate-movie-tickets-in-ahmedabad-MV204602
743,price of magic moments,135000,82,283,$0,1,14,https://www.district.in/movies/magic-frames-kalpana-cinemas-4k-laser-atmos-iritty-in-iritty-CD1088548
744,padayappa,60500,27,324,$0,1,49,https://www.district.in/movies/padayappa-1999-movie-tickets-MV211242
745,new malayalam cinemas,165000,6,4563,$0,1,36,https://www.district.in/movies/malayalam-movies-tickets-in-thrissur
746,museums near me,135000,10,4563,$0.49,1,43,https://www.district.in/activities/museums-in-noida/
747,movies guru,135000,38,283,$0.58,1,54,https://www.district.in/movies/sereng-movie-tickets-MV221253
748,haq movie,6600,12,4563,$0,1,33,https://www.district.in/movies/haq-movie-tickets-in-gurgaon-MV206631
749,tamil mobile movies,110000,13,1001,$0,1,41,https://www.district.in/movies/tamil-movies-tickets-in-chennai
750,kg cinemas in coimbatore,110000,29,231,$0.09,1,20,https://www.district.in/movies/coimbatore-movie-tickets
751,grand venice mall greater noida,110000,8,3718,$0,1,35,https://www.district.in/movies/cinepolis-the-grand-venice-mall-near-pari-chowk-greater-noida-in-new-delhi-CD1410
752,basketball court,90500,11,3718,$0.88,1,46,https://www.district.in/play/basketball-courts-in-gurgaon
753,rajiv gandhi stadium,301000,26,473,$0,3,43,https://www.district.in/events/sunrisers-hyderabad-team
754,pvr cinemas near me,110000,10,5159,$0.04,4,36,https://www.district.in/movies/cinema-near-me
755,pkl pro kabaddi league,110000,74,231,$0,1,65,https://www.district.in/
756,movies released today,110000,8,5159,$0.02,2,43,https://www.district.in/movies/new-delhi-movie-tickets
757,movie release today,110000,6,7249,$0.02,1,43,https://www.district.in/movies/new-delhi-movie-tickets
758,zakir khan,110000,19,649,$0.19,1,47,https://www.district.in/events/zakir-khan/artist
759,today movie release,110000,3,17820,$0.02,1,42,https://www.district.in/movies/upcoming-movies
760,taaza thindi,110000,14,1650,$5.71,5,49,https://www.district.in/dining/bangalore/taaza-thindi-banashankari
761,new dhanush movies,110000,37,231,$1.09,1,38,https://www.district.in/movies/kara-movie-tickets-MV213475
762,diwali 2026 date,165000,89,231,$1.94,1,21,https://www.district.in/movies/upcoming-movies
763,pvr anupam saket new delhi delhi,110000,3,17820,$0.05,4,19,https://www.district.in/movies/pvr-anupam-saket-new-delhi-in-gurgaon-CD1022245
764,p and m mall in patna,110000,17,649,$0.09,6,22,https://www.district.in/movies/cinepolis-p-m-mall-patliputra-colony-patna-in-patna-CD152
765,new release movie,110000,4,10703,$0.04,1,43,https://www.district.in/movies/upcoming-movies
766,pk's,110000,8,2816,$0.09,1,10,https://www.district.in/dining/pune/pks-pub-lic-cafe-bhugaon
767,nexus whitefield,74000,6,3718,$0,14,45,https://www.district.in/movies/inox-nexus-the-forum-value-mall-whitefield-bengaluru-in-bengaluru-CD1020714
768,my book show,110000,3,10703,$0.05,1,33,https://www.district.in/movies/
769,karur cinemas,110000,6,5159,$0.19,1,47,https://www.district.in/movies/upcoming-movies-in-karur
770,venice mall in greater noida,90500,41,231,$0.03,2,22,https://www.district.in/movies/dhurandhar-the-revenge-movie-tickets-in-noida-MV211577
771,stebin ben,110000,14,1650,$0,1,47,https://www.district.in/stebin-ben/artist
772,shipra mall ghaziabad,110000,7,5159,$0,5,44,https://www.district.in/movies/inox-shipra-mall-indirapuram-ghaziabad-in-new-delhi-CD1020698
773,garden of five senses delhi,74000,86,231,$0.42,4,29,https://www.district.in/events/
774,ishqan de lekhe movie,110000,9,5159,$0.09,1,24,https://www.district.in/movies/ishqan-de-lekhe-movie-tickets-in-leh-MV212931
775,coimbatore kg theatre,110000,18,473,$0.13,2,22,https://www.district.in/movies/coimbatore-movie-tickets
776,cinema hall near me,90500,5,17820,$0.03,2,33,https://www.district.in/movies/cinema-near-me
777,bms rajkot,110000,9,1650,$0.01,1,21,https://www.district.in/movies/rajkot-movie-tickets
778,2026 movies,110000,7,7249,$0.68,1,27,https://www.district.in/movies/upcoming-movies
779,hanuman movie,110000,23,297,$0.07,1,42,https://www.district.in/movies/hanuman-junction-movie-tickets
780,movie 2026,110000,3,17820,$0.68,1,28,https://www.district.in/movies/upcoming-movies
781,dhanush new movie,110000,10,5159,$0,1,42,https://www.district.in/movies/kara-movie-tickets-MV213475
782,bookmyshow thrissur,90500,24,242,$0.01,1,45,https://www.district.in/movies/thrissur-movie-tickets
783,hotel jagdamba,110000,10,5159,$0.06,2,48,https://www.district.in/dining/pune/hotel-jagdamba-shivapur
784,tnpl league,110000,6,3718,$0,1,37,https://www.district.in/events/shriram-capital-tnpl-2025-team
785,spider man 2004,110000,10,2816,$0.05,1,43,https://www.district.in/movies/spider-man-2-2004-movie-tickets-MV208560
786,near near me,110000,7,3718,$0.10,1,41,https://www.district.in/activities/
787,court basket,110000,20,649,$0.13,2,53,https://www.district.in/play/
788,hub,90500,39,231,$0.04,1,58,https://www.district.in/play/que-hub-snooker-academy-bommasandra-industrial-area-hebbagodi-slots-booking
789,mall of dehradun,90500,7,3718,$0.24,8,43,https://www.district.in/movies/pvr-mall-of-dehradun-in-dehradun-CD1040152
790,king of shivaji,110000,17,825,$0.49,1,24,https://www.district.in/movies/raja-shivaji-movie-tickets-MV170361
791,narinari nadumamurari 2026,110000,9,3718,$0,1,25,https://www.district.in/movies/nari-nari-naduma-murari-movie-tickets-MV188704
792,what you do in hindi meaning,110000,25,253,$0,1,18,https://www.district.in/events/wear-your-art-embroidery-on-your-own-clothes-may25-2026-buy-tickets
793,narinari nadumamurari 2026,110000,9,3718,$0,1,25,https://www.district.in/movies/nari-nari-naduma-murari-movie-tickets-MV188704
794,mumbai indians vs delhi capitals,368000,24,253,$0,1,34,https://www.district.in/events/ipl-ticket-booking
795,movie released today,110000,7,7249,$0.20,1,49,https://www.district.in/movies/upcoming-movies
796,michael jackson movies,9900,9,2816,$0,1,54,https://www.district.in/movies/michael-movie-tickets-MV185320
797,grand venice mall,110000,14,1001,$0,1,43,https://www.district.in/movies/cinepolis-the-grand-venice-mall-near-pari-chowk-greater-noida-in-new-delhi-CD1410
798,bookmyshow bookmyshow,90500,10,3718,$0.02,1,34,https://www.district.in/movies/svc-eeshwar-4k-laser-dolby-7-1-attapur-hyderabad-in-hyderabad-CD1018796
799,film jolly llb 2,110000,68,231,$0,1,37,https://www.district.in/movies/bmg-cinema-bmg-mall-leo-chowk-rewari-in-rewari-CD5105
800,dhurandhar showtimes,110000,3,17820,$0.01,6,20,https://www.district.in/movies/dhurandhar-the-revenge-movie-tickets-in-new-delhi-MV211577
801,dhanush recent movie,90500,12,2167,$0,1,40,https://www.district.in/movies/kara-movie-tickets-MV213475
802,tickets,110000,3,17820,$0.09,8,63,https://www.district.in/movies/
803,lord krishna hd photo,110000,41,231,$0.01,21,31,https://www.district.in/movies/krishnavataram-part-1-the-heart-hridayam-movie-tickets-MV219513
804,where to watch delhi capitals vs gujarat titans,165000,48,231,$0,1,41,https://www.district.in/
805,uppal rajiv gandhi stadium,201000,33,231,$0.08,2,26,https://www.district.in/events/sunrisers-hyderabad-team
806,new released movies,110000,4,10703,$0.24,1,43,https://www.district.in/movies/upcoming-movies
807,movie of 2026,90500,8,5159,$1.75,1,36,https://www.district.in/movies/upcoming-hindi-movies
808,athiradi,5400,8,7249,$0,1,29,https://www.district.in/movies/athiradi-movie-tickets-MV208195
809,city centre 2,90500,11,2167,$0,5,42,https://www.district.in/movies/inox-city-centre-ii-rajarhat-kolkata-in-kolkata-CD1020724
810,tn premier league,22200,7,2816,$0.55,1,35,https://www.district.in/events/shriram-capital-tnpl-2025-team
811,grand venice greater noida,90500,16,825,$0.03,2,31,https://www.district.in/movies/cinepolis-the-grand-venice-mall-near-pari-chowk-greater-noida-in-new-delhi-CD1410
812,places to visit delhi,135000,34,231,$0.09,14,47,https://www.district.in/activities/
813,movies 2026,110000,10,2816,$0.68,1,35,https://www.district.in/movies/upcoming-movies
814,movie m4,110000,13,825,$0,1,26,https://www.district.in/movies/upcoming-movies
815,mammootty movies,90500,48,231,$0,1,45,https://www.district.in/movies/patriot-movie-tickets-MV207412
816,kg theatre in coimbatore,110000,28,231,$0.13,2,24,https://www.district.in/movies/coimbatore-movie-tickets
817,fun republic mall,90500,9,3718,$0.03,14,45,https://www.district.in/movies/cinepolis-fun-republic-mall-andheri-w-mumbai-in-navi-mumbai-CD146
818,coimbatore kg cinemas,110000,20,297,$0.01,3,24,https://www.district.in/movies/coimbatore-movie-tickets
819,cocktail 2,9900,5,17820,$0,1,45,https://www.district.in/movies/cocktail-2-movie-tickets-MV213788
820,cast of border 2,110000,6,10703,$0,1,49,https://www.district.in/movies/border-2-movie-tickets-in-vele-MV174744
821,book bookmyshow,110000,4,10703,$0.02,1,48,https://www.district.in/movies/kadapa-movie-tickets
822,the mummy,74000,13,1650,$0.25,1,40,https://www.district.in/movies/lee-cronin-s-the-mummy-movie-tickets-MV213285
823,pvr anupam saket,110000,5,10703,$0.04,3,43,https://www.district.in/movies/pvr-anupam-saket-new-delhi-in-gurgaon-CD1022245
824,pro kabaddi 2025 schedule,1900,17,561,$0.97,1,22,https://www.district.in/events/pkl-2025-delhi-team
825,p and m mall patna,110000,3,10703,$0.02,7,37,https://www.district.in/movies/cinepolis-p-m-mall-patliputra-colony-patna-in-patna-CD152
826,new tamil movies,110000,28,242,$0.03,1,42,https://www.district.in/movies/upcoming-tamil-movies
827,sunshine of the spotless mind,110000,17,1001,$0,1,74,https://www.district.in/movies/eternal-sunshine-of-the-spotless-mind-2004-movie-tickets-in-new-delhi-MV188194
828,48,110000,24,297,$0.14,1,21,https://www.district.in/events/tata-ipl-2026-match-48--delhi-capitals-vs-chennai-super-kings-buy-tickets
829,de de pyaar de,110000,15,1243,$0,1,34,https://www.district.in/movies/de-de-pyaar-de-2-movie-tickets-MV171264
830,women's premier league,1500000,9,3718,$0,1,42,https://www.district.in/events/womens-premier-league-2026-team
831,upendra,135000,44,231,$0,1,60,https://www.district.in/movies/45-2025-movie-tickets-MV188239
832,zakir khan zakir khan,110000,24,473,$0.35,1,43,https://www.district.in/events/zakir-khan/artist
833,sky force,90500,24,473,$0,1,37,https://www.district.in/movies/sky-force-movie-tickets-in-andul-MV167249
834,shambhala movie,6600,16,1001,$0,1,22,https://www.district.in/movies/shambhala-movie-tickets-MV186756
835,kannada download movies,110000,29,231,$0.18,1,24,https://www.district.in/movies/bengaluru-movie-tickets
836,india vs south africa tickets,49500,2,17820,$0.04,5,21,https://www.district.in/events/idfc-first-bank-series-1st-test-india-vs-south-africa--kolkata-buy-tickets
837,pallichattambi,110000,11,2816,$0,1,28,https://www.district.in/movies/pallichattambi-movie-tickets-MV213263
838,nari nari naduma murari,110000,11,2816,$0,1,26,https://www.district.in/movies/nari-nari-naduma-murari-movie-tickets-in-hindupuram-MV188704
839,force sky,90500,10,2167,$0,1,33,https://www.district.in/movies/sky-force-movie-tickets-in-andul-MV167249
840,2026 films,110000,8,3718,$0.68,1,38,https://www.district.in/movies/upcoming-hindi-movies
841,bookmyshow ranchi,90500,20,363,$0.01,1,45,https://www.district.in/movies/ranchi-movie-tickets
842,loco bear the ultimate entertainment hub,90500,5,17820,$0.10,7,20,https://www.district.in/events/loco-bear-bengaluru-2025-buy-tickets
843,upcoming movie 2025,110000,11,1650,$0.18,1,64,https://www.district.in/movies/upcoming-hindi-movies
844,upcoming ipl match,90500,6,3718,$0.04,1,52,https://www.district.in/events/ipl-ticket-booking
845,royal challengers bengaluru vs punjab kings match,40500,9,3718,$0,1,24,https://www.district.in/events/screening-of-pbks-vs-rcb-tata-ipl-2026-may17-2026-buy-tickets
846,p m mall,110000,10,3718,$0.06,7,38,https://www.district.in/movies/cinepolis-p-m-mall-patliputra-colony-patna-in-patna-CD152
847,p ar,110000,36,231,$0,1,21,https://www.district.in/movies/bhabiji-ghar-par-hain-fun-on-the-run-movie-tickets-MV213044
848,guna,110000,40,231,$0,1,60,https://www.district.in/movies/common-man-movie-tickets-in-guna-MV206241
849,fun world amusement park,110000,7,10703,$0.31,8,37,https://www.district.in/events/fun-world-amusement-park-bengaluru-2025-buy-tickets
850,carnatic cafe,110000,11,3718,$0.03,4,49,https://www.district.in/dining/ncr/carnatic-cafe-lodhi-colony-new-delhi
851,bookmyshow nashik,90500,17,473,$0.01,2,46,https://www.district.in/movies/nashik-movie-tickets
852,bhartha mahasayulaku wignyapthi,110000,13,2167,$0.07,1,42,https://www.district.in/movies/bhartha-mahasayulaku-wignyapthi-movie-tickets-in-vita-MV209426
853,cricket ground,110000,6,17820,$0.09,2,17,https://www.district.in/play/cricket-grounds-in-gurgaon
854,super kings vs sunrisers,2740000,9,5159,$0,1,34,https://www.district.in/events/screening-of-csk-vs-srh-tata-ipl-2026-may18-2026-buy-tickets
855,south africa vs india tickets,49500,3,17820,$0.02,2,20,https://www.district.in/events/idfc-first-bank-series-1st-test-india-vs-south-africa--kolkata-buy-tickets
856,love story movies,90500,26,253,$0.04,1,32,https://www.district.in/movies/vaanki-chuki-love-story-movie-tickets-MV216668
857,p m mall patna,110000,7,3718,$0.09,6,22,https://www.district.in/movies/cinepolis-p-m-mall-patliputra-colony-patna-in-patna-CD152
858,movies releases today,110000,6,10703,$0.02,1,78,https://www.district.in/movies/upcoming-movies
859,mi vs kkr 2026,110000,5,10703,$0.11,1,23,https://www.district.in/events/screening-of-kkr-vs-mi-tata-ipl-2026-may20-2026-buy-tickets
860,today release movie,110000,7,5159,$0.02,1,43,https://www.district.in/movies/new-delhi-movie-tickets
861,zombies,90500,34,231,$0.21,1,58,https://www.district.in/movies/iiz-indian-institute-of-zombies-movie-tickets-in-neelapalle-MV219534
862,michael jackson movie,9900,12,1650,$0,1,49,https://www.district.in/movies/michael-movie-tickets-MV185320
863,madras matinee,74000,12,2167,$2.52,1,22,https://www.district.in/movies/madras-matinee-movie-tickets-MV198337
864,kota jn,90500,42,231,$0,3,46,https://www.district.in/
865,raja saab release date,49500,7,7249,$0,1,27,https://www.district.in/movies/the-raja-saab-movie-tickets-MV169449
866,o g meaning,110000,76,231,$0,1,32,https://www.district.in/movies/
867,new released movie,110000,7,5159,$0.03,1,61,https://www.district.in/movies/upcoming-movies
868,movie roles 2026,1600,3,10703,$15.54,1,40,https://www.district.in/movies/upcoming-telugu-movies
869,gondia gondia,110000,24,363,$0.04,1,23,https://www.district.in/movies/gold-cinema-govindpur-road-gondia-in-gondia-CD7541
870,asha tiffin,110000,8,7249,$0.11,7,19,https://www.district.in/dining/bangalore/asha-tiffins-hsr-bangalore
871,rajiv gandhi stadium,301000,26,473,$0,3,43,https://www.district.in/events/sunrisers-hyderabad-team
872,pvr cinemas near me,110000,10,5159,$0.04,4,36,https://www.district.in/movies/cinema-near-me
873,pkl pro kabaddi league,110000,74,231,$0,1,65,https://www.district.in/
874,movies released today,110000,8,5159,$0.02,2,43,https://www.district.in/movies/new-delhi-movie-tickets
875,movie release today,110000,6,7249,$0.02,1,43,https://www.district.in/movies/new-delhi-movie-tickets
876,tamil mobile movies,110000,13,1001,$0,1,41,https://www.district.in/movies/tamil-movies-tickets-in-chennai
877,kg cinemas in coimbatore,110000,29,231,$0.09,1,20,https://www.district.in/movies/coimbatore-movie-tickets
878,grand venice mall greater noida,110000,8,3718,$0,1,35,https://www.district.in/movies/cinepolis-the-grand-venice-mall-near-pari-chowk-greater-noida-in-new-delhi-CD1410
879,basketball court,90500,11,3718,$0.88,1,46,https://www.district.in/play/basketball-courts-in-gurgaon
880,honey singh,368000,14,2816,$0,1,47,https://www.district.in/events/yo-yo-honey-singh/artist
881,tdwp movie,74000,15,1001,$0.56,1,67,https://www.district.in/movies/the-devil-wears-prada-2-movie-tickets-MV207233
882,sri sakthi,33100,7,2816,$0.01,1,19,https://www.district.in/movies/sri-sakthi-cinemas-pollachi-in-pollachi-CD1102137
883,movies in 2026,165000,4,10703,$0.83,1,39,https://www.district.in/movies/upcoming-hindi-movies
884,movie app,74000,12,1650,$0.10,1,41,https://www.district.in/
885,greater noida grand venice mall,90500,12,1650,$0.06,2,25,https://www.district.in/movies/cinepolis-the-grand-venice-mall-near-pari-chowk-greater-noida-in-new-delhi-CD1410
886,garden of five senses in delhi,110000,62,231,$0.06,4,27,https://www.district.in/events/
887,water kingdom,110000,6,8805,$0.13,2,48,https://www.district.in/events/water-kingdom-mumbai-2025-buy-tickets
888,peddi release date,60500,8,4244,$0,1,32,https://www.district.in/movies/peddi-movie-tickets-MV194276
889,nagda,74000,34,190,$0,1,53,https://www.district.in/movies/baapya-movie-tickets-in-nagda-MV217114
890,mumbai leopold cafe,90500,17,823,$0.14,4,35,https://www.district.in/dining/mumbai/leopold-cafe-bar-colaba
891,movie 2023,90500,39,190,$0.32,1,63,https://www.district.in/movies/kanjoos-makhichoos-2023-movie-tickets-in-akbarpur-MV160948
892,send help,74000,18,533,$0.01,1,54,https://www.district.in/movies/send-help-movie-tickets-MV207214
893,isl match today's,90500,29,190,$0,1,36,https://www.district.in/events/isl-2025-26-kerala-blasters-fc-vs--mohammedan-sc-buy-tickets
894,indian delhi,74000,21,461,$0.43,1,67,https://www.district.in/dining/ncr/indian-at-the-6th-lodhi-road-new-delhi
895,housefull 5 release date,74000,49,190,$0,1,34,https://www.district.in/movies/housefull-5-movie-tickets-MV198917
896,haunted 3d movie,90500,9,5963,$0,1,40,https://www.district.in/movies/haunted-3d-echoes-of-the-past-movie-tickets-MV196086
897,casting of war 2,110000,12,1357,$0,1,32,https://www.district.in/movies/war-2-movie-tickets-MV161358
898,craft,90500,40,190,$0.37,1,59,https://www.district.in/events/craft-magnetic-bookmark-workshop-may9-2026-buy-tickets
899,mani square,74000,9,1782,$0,8,43,https://www.district.in/movies/pvr-manisquare-mani-square-mall-kolkata-in-kolkata-CD1020736
900,theater film,90500,8,5963,$0.05,1,24,https://www.district.in/movies/
901,telugu to hindi,90500,100,190,$0.24,1,40,https://www.district.in/movies/krishnavataram-part-1-the-heart-hridayam-movie-tickets-MV219513
902,lake mall,90500,3,8805,$0,3,46,https://www.district.in/movies/cinepolis-lake-mall-rashbehari-kolkata-in-kolkata-CD1041
903,ishqan de lekhe,90500,10,1782,$0,1,24,https://www.district.in/movies/ishqan-de-lekhe-movie-tickets-MV212931
904,indira gandhi arena,90500,35,190,$0,2,41,https://www.district.in/events/
905,mumbai versus goa,90500,65,190,$0,1,20,https://www.district.in/
906,hail mary movie,90500,18,506,$0.03,1,32,https://www.district.in/movies/project-hail-mary-movie-tickets-in-una-MV200953
907,royal challengers bangalore tickets,74000,8,3862,$0.08,2,28,https://www.district.in/events/screening-of-rcb-vs-mi-royal-challengers-bengaluru-vs-mumbai-indians-may10-2026-buy-tickets
908,rajasthan royals vs gujarat titans match,90500,44,190,$0.34,1,21,https://www.district.in/events/ipl-ticket-booking
909,new movie release 2025,90500,32,190,$0.42,1,61,https://www.district.in/movies/upcoming-movies
910,tanmay bhat,90500,13,1782,$0,1,45,https://www.district.in/events/tanmay-bhat/artist
911,indira gandhi stadium,90500,86,190,$0,2,41,https://www.district.in/events/sports-in-gurgaon-book-tickets
912,dhurandhar 3 release date,74000,15,678,$0,1,31,https://www.district.in/movies/dhurandhar-the-revenge-movie-tickets-MV211577
913,cast of war 2,90500,15,823,$0,1,42,https://www.district.in/movies/war-2-movie-tickets-MV161358
914,cafe leopold mumbai,74000,17,823,$0.58,4,37,https://www.district.in/dining/mumbai/leopold-cafe-bar-colaba
915,ek villain film,90500,22,389,$0,1,31,https://www.district.in/movies/ek-villain-2014-movie-tickets-in-andul-MV138942
916,nad junction vizag,74000,23,298,$0,9,38,https://www.district.in/dining/visakhapatnam/famous-jigarthanda-nad-junction-vizag
917,movie at movie theater,110000,4,14661,$0.05,1,37,https://www.district.in/movies/cinema-near-me
918,magic,90500,67,190,$0.29,1,58,https://www.district.in/events/magic-show-by-magician-o-p-sharma-jr-agra-apr25-2026-buy-tickets
919,m m masala,90500,19,506,$0.03,1,24,https://www.district.in/dining/beawar/mm-masala-chowk-1-beawar-locality
920,leopold café mumbai,90500,27,208,$0.21,4,28,https://www.district.in/dining/mumbai/leopold-cafe-bar-colaba
921,rangmanch farms,90500,15,1022,$0.06,7,48,https://www.district.in/events/day-escape-at-rangmanch-farms-oct-2025-buy-tickets
922,wonderla bangalore entrance fee,90500,18,461,$0.24,1,20,https://www.district.in/events/wonderla-amusement-park-bangalore-buy-tickets
923,sitaram diwan chand delhi,74000,40,190,$0.26,4,26,https://www.district.in/dining/ncr/sita-ram-diwan-chand-paschim-vihar-new-delhi
924,shivam 2015,74000,22,389,$0,1,40,https://www.district.in/movies/kurnool-movie-tickets
925,where to watch gujarat titans vs sunrisers hyderabad,90500,5,14661,$0,1,21,https://www.district.in/events/screening-of-gt-vs-srh-gujarat-titans-vs-sunrisers-hyderabad-may12-2026-buy-tickets
926,madras cafeteria,90500,4,14661,$0.15,1,21,https://www.district.in/dining/ncr/madras-cafeteria-indirapuram-ghaziabad
927,jananayagan movie,110000,8,5963,$0.17,1,39,https://www.district.in/movies/jana-nayagan-movie-tickets-MV188681
928,hanuman nagar patna,90500,98,190,$0.11,3,19,https://www.district.in/movies/hanuman-junction-movie-tickets
929,project hail mary film,90500,13,1782,$0.02,1,49,https://www.district.in/movies/project-hail-mary-movie-tickets-MV200953
930,movies on theatre,90500,5,8805,$0.03,1,47,https://www.district.in/movies/new-delhi-movie-tickets
931,drishyam 3 release date,60500,9,3058,$0,1,23,https://www.district.in/movies/drishyam-3-2026-movie-tickets-MV200342
932,cast of baaghi 4,33100,11,2316,$0,1,29,https://www.district.in/movies/baaghi-4-movie-tickets-in-udgir-MV178565
933,hobby,90500,62,190,$0.22,1,58,https://www.district.in/play/turf-the-hobby-lobby-vasai-west-vasaivirar-slots-booking
934,haunted 3d movies,49500,8,5963,$0,1,28,https://www.district.in/movies/haunted-3d-echoes-of-the-past-movie-tickets-MV196086
935,grs water park mysore,90500,6,8805,$0.07,11,19,https://www.district.in/events/grs-fantasy-park-mysuru-buy-tickets
936,gaming zone near me,74000,4,27512,$0.42,7,30,https://www.district.in/activities/game-zones-in-delhi-ncr/
937,game zone near me,74000,4,27512,$0.42,7,30,https://www.district.in/activities/game-zones-in-bengaluru/
938,badmaash company,27100,11,2316,$0,1,26,https://www.district.in/movies/badmaash-company-2010-movie-tickets-MV207273
939,area 83,90500,13,1782,$0.13,6,23,https://www.district.in/events/area-83-bangalore-apr7-2025-buy-tickets
940,3d haunted,90500,11,4244,$0,1,30,https://www.district.in/movies/haunted-ghosts-of-the-past-3d-movie-tickets-MV196086
941,tnpl 2025,90500,5,4244,$0,1,36,https://www.district.in/events/shriram-capital-tnpl-2025-team
942,theatre,90500,12,2316,$0.22,18,64,https://www.district.in/movies/cinemas-in-chennai
943,tan coffee,74000,20,533,$3.47,3,41,https://www.district.in/dining/ncr/tan-coffee-hauz-khas-new-delhi
944,muni 3 movie,90500,6,8805,$0.01,1,33,https://www.district.in/movies/ganga-muni-3-2015-movie-tickets-in-bendamurulanka-MV220039
945,movies vip,135000,3,8805,$0.21,1,38,https://www.district.in/movies/cinepolis-vip-lulu-global-mall-rajajinagar-bengaluru-in-bengaluru-CD56451
946,hindi horror movie haunted 3d,90500,9,2316,$0.28,1,38,https://www.district.in/movies/haunted-3d-echoes-of-the-past-movie-tickets-MV196086
947,great,90500,49,190,$2.30,1,60,https://www.district.in/events/the-great-indian-biryani-festival-may1-2026-buy-tickets
948,baaghi 4 release date,18100,20,389,$0,1,23,https://www.district.in/movies/baaghi-4-movie-tickets-in-gurgaon-MV178565
949,all ipl match,60500,28,190,$0,1,72,https://www.district.in/events/tata-ipl-2026-match-55-punjab-kings-vs-delhi-capitals-buy-tickets
950,2023 movies,74000,50,190,$10.26,1,68,https://www.district.in/movies/kanjoos-makhichoos-2023-movie-tickets-in-akbarpur-MV160948
951,salem bookmyshow,90500,23,208,$0.01,1,21,https://www.district.in/
952,pushpa 3 release date,90500,15,1022,$0,1,32,https://www.district.in/movies/pushpa-3-the-rampage-movie-tickets-in-sirsa-MV185679
953,yo yo honey singh,135000,10,5963,$0,1,34,https://www.district.in/events/yo-yo-honey-singh/artist
954,phoenix movie,22200,27,244,$0.04,1,24,https://www.district.in/movies/phoenix-movie-tickets-in-goa-MV200880
955,noida sector 25,1900,111,190,$0.26,3,27,https://www.district.in/events/
956,lik movie,90500,11,3058,$0.16,1,23,https://www.district.in/movies/lik-love-insurance-kompany-movie-tickets-MV177390
957,kolkata mani square,90500,9,1782,$0.10,4,22,https://www.district.in/movies/pvr-manisquare-mani-square-mall-kolkata-in-kolkata-CD1020736
958,bangalore wonderla entry fees,90500,14,823,$0.13,2,19,https://www.district.in/events/wonderla-amusement-park-bangalore-buy-tickets
959,turf,90500,7,5963,$0.40,1,73,https://www.district.in/play/footbal-turf-grounds-in-gurgaon
960,jana nayagan movie,110000,9,5963,$0.17,1,41,https://www.district.in/movies/jana-nayagan-movie-tickets-MV188681
961,wet njoy water park & amusement park,90500,7,5963,$0.05,3,24,https://www.district.in/events/wet-n-joy-water-park--amusement-park-buy-tickets
962,pat's,90500,12,3058,$0.03,1,34,https://www.district.in/dining/trivandrum/pats-cafe-palayam
963,metro inox cinemas marine lines,74000,3,8805,$0.04,4,29,https://www.district.in/movies/metro-inox-cinema-m-g-road-mumbai-in-greater-mumbai-CD1013616
964,magadheera,90500,56,190,$0,1,58,https://www.district.in/movies/hyderabad-movie-tickets
965,g r s fantasy park mysore,90500,8,5963,$0.15,12,20,https://www.district.in/events/grs-fantasy-park-mysuru-buy-tickets
966,theatres,90500,8,8805,$0.18,40,71,https://www.district.in/movies/hyderabad-movie-tickets
967,indira gandhi indoor stadium,90500,20,389,$0,2,33,https://www.district.in/events/
968,raja park jaipur,74000,36,190,$0.12,6,20,https://www.district.in/dining/jaipur/new-shop-24-hours-raja-park
969,pookie,110000,10,3058,$0,1,60,https://www.district.in/movies/pookie-movie-tickets-MV212036
970,new movies release 2025,110000,8,3058,$0,1,60,https://www.district.in/movies/upcoming-movies
971,narsimha 2025,90,9,4244,$0,1,18,https://www.district.in/movies/mahavatar-narsimha-movie-tickets-in-new-delhi-MV183788
972,movie karan arjun,110000,37,190,$0.01,1,45,https://www.district.in/events/karan-aujla/artist
973,jolly llb 3 releasing date,90500,34,190,$0,1,39,https://www.district.in/movies/jolly-llb-3-movie-tickets-in-ron-MV172789
974,festival for today,90500,10,2316,$0.06,1,39,https://www.district.in/events/
975,trampoline park,110000,6,14661,$0.20,3,48,https://www.district.in/events/skyjumper-amusement-park-adventure-island-delhi-buy-tickets
976,romeo lane,74000,22,389,$0.29,5,42,https://www.district.in/dining/ncr/romeo-lane-sector-62-noida
977,narayan singh circle,90500,22,461,$0,7,43,https://www.district.in/dining/jaipur/rock-roll-narayan-singh-circle
978,suraj kund,90500,13,1782,$0.10,4,47,https://www.district.in/events/suraj-kund-buy-tickets
979,sector 65 noida,74000,88,190,$0.14,6,23,https://www.district.in/movies/lee-cronin-s-the-mummy-movie-tickets-in-gurgaon-MV213285
980,hotel sandeep,90500,19,533,$0.20,4,47,https://www.district.in/dining/pune/hotel-sandeep-punawale
981,horror,110000,17,506,$0,1,60,https://www.district.in/movies/horror-movies-in-jamshedpur
982,filmy for 2026,90500,6,4244,$0.70,1,26,https://www.district.in/movies/upcoming-movies
983,goa vs kerala blasters,201000,4,14661,$0,1,34,https://www.district.in/events/isl-2025-26-kerala-blasters-fc-vs-fc-goa-buy-tickets
984,awarapan 2,9900,7,5963,$0,1,31,https://www.district.in/movies/awarapan-2-movie-tickets-MV194046
985,3d haunted movie,165000,10,4244,$0.07,1,31,https://www.district.in/movies/haunted-ghosts-of-the-past-3d-movie-tickets-MV196086
986,dil se 1998,74000,12,1782,$0.13,1,31,https://www.district.in/movies/dil-se-1998-movie-tickets-MV208325
987,cast of dhurandhar 2,74000,15,678,$0,1,26,https://www.district.in/movies/dhurandhar-the-revenge-movie-tickets-MV211577
988,way,110000,31,190,$0.08,1,46,https://www.district.in/movies/2-way-movie-tickets-MV216831
989,ram charan movies,110000,38,190,$0,1,42,https://www.district.in/movies/peddi-movie-tickets-MV194276
990,lik movie release date,90500,7,5963,$0,1,37,https://www.district.in/movies/lik-love-insurance-kompany-movie-tickets-MV177390
991,purana qila,90500,12,3058,$0,7,48,https://www.district.in/events/purana-quila-buy-tickets
992,metro cinema mumbai,74000,3,8805,$0.10,3,22,https://www.district.in/movies/metro-inox-cinema-m-g-road-mumbai-in-greater-mumbai-CD1013616
993,masti,90500,14,1022,$1.02,2,59,https://www.district.in/movies/masti-movie-tickets-MV206338
994,hindi movie maharaja,60500,39,190,$0.08,1,34,https://www.district.in/
995,haunted 3,90500,11,3058,$0,1,45,https://www.district.in/movies/haunted-ghosts-of-the-past-3d-movie-tickets-MV196086
996,falcon,90500,52,190,$0,1,58,https://www.district.in/movies/magic-frames-cinemas-falcon-mall-4k-rgb-laser-dolby-atmos-in-thrissur-CD1102311
997,bhi,90500,19,389,$0,1,22,https://www.district.in/events/tum-bhi-na-a-storytelling-show-by-abhishek-may24-2026-buy-tickets
998,atlantic water world,110000,6,7132,$0.37,2,50,https://www.district.in/events/atlantic-water-world-apr8-2025-buy-tickets
999,cast of coolie 2025,110000,7,4244,$0,1,26,https://www.district.in/movies/coolie-movie-tickets-in-vele-MV172677
1000,movie vip,110000,30,190,$0,1,47,https://www.district.in/movies/pvr-vvip-raj-nagar-extension-ghaziabad-in-new-delhi-CD1020701
1001,mirage 2025,90500,11,2316,$0,1,38,https://www.district.in/movies/mirage-movie-tickets-MV187474
1002,milano ice cream,60500,16,1022,$0.12,10,35,https://www.district.in/dining/bangalore/milano-ice-cream-indiranagar
1003,metro inox cinema,74000,3,8805,$0.04,4,37,https://www.district.in/movies/metro-inox-cinema-m-g-road-mumbai-in-greater-mumbai-CD1013616
1004,website for movie download,90500,38,190,$0.06,1,41,https://www.district.in/
1005,royal challengers bengaluru vs delhi capitals players,110000,4,14661,$0,1,23,https://www.district.in/events/tata-ipl-2026-match-39--delhi-capitals-vs-royal-challengers-bengaluru-buy-tickets
1006,dil se movie,90500,29,199,$0.13,1,41,https://www.district.in/movies/chand-mera-dil-movie-tickets-MV182354
1007,delhi mayur vihar phase 3,90500,105,190,$0.08,5,20,https://www.district.in/movies/dhurandhar-the-revenge-movie-tickets-in-new-delhi-MV211577
1008,cons,90500,26,208,$0,1,58,https://www.district.in/events/mumbai-comic-con-2026-buy-tickets
1009,bollywood movie maharaja,90500,53,190,$0.08,1,45,https://www.district.in/
1010,festivals on today,90500,8,4244,$0.06,1,36,https://www.district.in/events/
1011,festivals for today,90500,7,4244,$0.06,1,32,https://www.district.in/events/
1012,elan miracle,49500,6,3058,$0.39,9,35,https://www.district.in/movies/pvr-elan-miracle-sec-84-gurugram-in-gurgaon-CD1056359
1013,jolly llb 3 release date,5400,22,389,$0,1,25,https://www.district.in/movies/jolly-llb-3-movie-tickets-in-ron-MV172789
1014,su,90500,9,3058,$0,1,45,https://www.district.in/movies/su-from-so-movie-tickets-in-bengaluru-MV202623
1015,snow city bangalore,90500,7,7132,$0.11,7,43,https://www.district.in/events/snow-city-bengaluru-2025-buy-tickets
1016,sector 80,60500,58,190,$0.29,10,40,https://www.district.in/movies/mortal-kombat-ii-movie-tickets-in-gurgaon-MV171960
1017,maharaj movie,90500,31,190,$0.08,1,40,https://www.district.in/movies/raja-shivaji-movie-tickets-MV170361
1018,rcb tickets,60500,6,5963,$0,1,36,https://www.district.in/events/screening-of-rcb-vs-mi-royal-challengers-bengaluru-vs-mumbai-indians-may10-2026-buy-tickets
1019,promenade,90500,10,3058,$0.14,1,59,https://www.district.in/movies/pvr-promenade-vasant-kunj-new-delhi-in-new-delhi-CD1019394
1020,event,90500,19,461,$0.28,3,59,https://www.district.in/events/
1021,haunted 3d,90500,8,3058,$0,1,45,https://www.district.in/movies/haunted-3d-echoes-of-the-past-movie-tickets-MV196086
1022,grs park mysore,90500,9,4244,$0.07,9,25,https://www.district.in/events/grs-fantasy-park-mysuru-buy-tickets
1023,nikita roy,49500,12,2316,$0,1,31,https://www.district.in/movies/nikita-roy-movie-tickets-in-mumbai-MV155596
1024,movie theater,135000,5,5963,$0.02,1,48,https://www.district.in/movies/
1025,mi vs csk match,60500,33,190,$0,1,31,https://www.district.in/events/ipl-ticket-booking
1026,mgm dizzee,110000,5,14661,$0.24,3,33,https://www.district.in/events/mgm-dizzee-world-buy-tickets
1027,happy patel,90500,10,3058,$0,1,40,https://www.district.in/movies/happy-patel-khatarnak-jasoos-movie-tickets-in-gurgaon-MV211419
1028,events,90500,5,8805,$0.28,2,55,https://www.district.in/events/
1029,di's,90500,10,1357,$0,1,30,https://www.district.in/dining/guwahati/di-dis-snacks-corner-ulubari
1030,vr mall surat,60500,7,2316,$0.02,6,33,https://www.district.in/movies/inox-vr-surat-dumas-road-surat-in-surat-CD1020707
1031,star mall,90500,3,14661,$0,6,47,https://www.district.in/movies/inox-star-mall-madhyamgram-kolkata-in-kolkata-CD1020732
1032,kasi chennai,90500,8,2316,$0.10,4,34,https://www.district.in/movies/kasi-rgb-laser-dolby-atmos-ashok-nagar-chennai-in-chennai-CD3943
1033,ipl match list 2026,90500,33,190,$0.08,1,24,https://www.district.in/events/ipl-ticket-booking
1034,demon slayer movie,90500,23,244,$0.32,1,41,https://www.district.in/movies/demon-slayer-kimetsu-no-yaiba-infinity-castle-movie-tickets-in-gurgaon-MV191860
1035,ra 1 movie,110000,32,190,$0.08,1,42,https://www.district.in/movies/guntur-movie-tickets
1036,purana qila new delhi,90500,10,4244,$0.06,5,39,https://www.district.in/events/purana-quila-buy-tickets
1037,new games,60500,59,190,$0.36,14,66,https://www.district.in/events/play-board-games-meet-new-people-beginner-friendly-may17-2026-buy-tickets
1038,muni 3 ganga,90500,6,8805,$0.18,1,29,https://www.district.in/movies/ganga-muni-3-2015-movie-tickets-MV220039
1039,movies at movie theater,90500,4,14661,$0.03,1,25,https://www.district.in/movies/cinema-near-me
1040,metro inox mumbai,74000,2,14661,$0.17,3,21,https://www.district.in/movies/metro-inox-cinema-m-g-road-mumbai-in-greater-mumbai-CD1013616
1041,bengaluru vs kerala blasters,135000,7,4244,$0,1,34,https://www.district.in/events/bengaluru-fc-2026-ticket-booking
1042,wpl 2026 schedule,12100,16,533,$0,1,25,https://www.district.in/events/womens-premier-league-2026-team
1043,vr surat mall,60500,19,389,$0.12,6,20,https://www.district.in/movies/dhurandhar-the-revenge-movie-tickets-in-surat-MV211577
1044,worlds of wonder water park,74000,2,11988,$0.44,1,25,https://www.district.in/events/worlds-of-wonder-wow-water-park-buy-tickets
1045,paytm movies,135000,2,11988,$0.03,9,50,https://www.district.in/movies/
1046,noida water park worlds of wonder,74000,4,11988,$0.27,1,19,https://www.district.in/events/worlds-of-wonder-wow-water-park-buy-tickets
1047,murugan cinemas,74000,3,7200,$0.08,1,40,https://www.district.in/movies/murugan-cinemas-plf-4k-ambattur-chennai-in-chennai-CD1042465
1048,mukta a2 cinemas,260,7,4876,$0,1,14,https://www.district.in/movies/mukta-a2-cinemas-orbit-plaza-by-pramukh-surat-in-surat-CD1102090
1049,movies telugu,49500,26,177,$0.16,1,33,https://www.district.in/movies/hyderabad-movie-tickets
1050,movies showtimes,74000,4,11988,$0.01,1,41,https://www.district.in/movies/cinema-near-me
1051,movie releases by week,74000,3,7200,$0.15,2,67,https://www.district.in/movies/upcoming-movies
1052,movie and showtimes,90500,3,22496,$0.08,1,21,https://www.district.in/movies/adventure-movies-in-lucknow
1053,tourist places in bangalore,74000,40,155,$0.12,7,30,https://www.district.in/activities/bengaluru-activity-tickets/
1054,this friday movie release,60500,3,11988,$0.02,4,25,https://www.district.in/movies/upcoming-movies
1055,sharma's,74000,18,555,$0.19,1,24,https://www.district.in/dining/lucknow/sharmas-restaurant-alambagh
1056,hindi movie new bollywood,74000,15,673,$0.04,1,83,https://www.district.in/movies/upcoming-hindi-movies
1057,bms dehradun,74000,13,555,$0.01,2,21,https://www.district.in/
1058,currently released movies,74000,10,1457,$0.03,1,61,https://www.district.in/movies/upcoming-hindi-movies
1059,lalo gujarati movie download,74000,18,318,$0.10,2,19,https://www.district.in/movies/laalo-krishna-sada-sahaayate-movie-tickets-MV204602
1060,ladder cinemas,60500,8,1457,$0,1,36,https://www.district.in/movies/ladder-cinemas-lakkidi-ottapalam-in-wadakkancherry-CD37554
1061,kumar pacific mall,60500,14,673,$0,10,35,https://www.district.in/movies/pvr-kumar-pacific-mall-swar-gate-pune-in-pune-CD1019925
1062,kgf chapter 2,90500,18,436,$0.05,1,40,https://www.district.in/movies/k-g-f-chapter-2-movie-tickets-MV135612
1063,this friday film release,74000,4,11988,$0.18,1,84,https://www.district.in/movies/upcoming-movies
1064,lakeshore mall thane,18100,11,1894,$0.22,7,21,https://www.district.in/movies/cinepolis-lake-shore-thane-ex-cinepolis-viviana-mall-thane-in-greater-mumbai-CD114
1065,kurla phoenix mall,74000,16,436,$0.04,6,37,https://www.district.in/movies/pvr-market-city-kurla-w-mumbai-in-mumbai-CD1022270
1066,in the,74000,12,1110,$0,1,35,https://www.district.in/events/screening-of-in-the-mood-for-lovescc-candlelight-cinema-may24-2026-buy-tickets
1067,movies recently released,74000,16,555,$0.22,1,62,https://www.district.in/movies/upcoming-movies
1068,movie new tamil,320,9,1894,$0.08,1,73,https://www.district.in/movies/tamil-movies-tickets-in-chennai
1069,cinemas releasing this week,74000,3,11988,$0.01,1,33,https://www.district.in/movies/upcoming-movies
1070,chennai sathyam cinemas,90500,3,7200,$0.02,2,22,https://www.district.in/movies/pvr-sathyam-royapettah-chennai-in-chennai-CD1022244
1071,film releases this week,74000,4,11988,$0.18,1,82,https://www.district.in/movies/upcoming-movies
1072,bookmyshow tirupur,60500,24,162,$0.01,1,36,https://www.district.in/movies/tirupur-movie-tickets
1073,bakasur restaurant bangalore,4400,31,155,$0.07,2,21,https://www.district.in/dining/bangalore/bakasura-bandi-food-court-nagarbhavi-bangalore
1074,son of sardaar 2 release date,74000,12,1457,$0,1,30,https://www.district.in/movies/son-of-sardaar-2-movie-tickets-MV194117
1075,prithvi cafe juhu,74000,10,3470,$0.08,9,29,https://www.district.in/dining/mumbai/prithvi-cafe-juhu
1076,pizza by the bay,60500,5,4876,$0.15,8,26,https://www.district.in/dining/mumbai/pizza-by-the-bay-churchgate
1077,odisha konark,74000,13,1457,$0.08,1,37,https://www.district.in/events/sun-temple-konark-jan1-1970-buy-tickets
1078,new bollywood movies movies,74000,11,1457,$0.06,1,73,https://www.district.in/movies/upcoming-hindi-movies
1079,street fighter 2026,74000,8,7200,$0,1,26,https://www.district.in/movies/street-fighter-movie-tickets-MV204027
1080,krishnavataram movie,90500,5,4876,$0.03,1,21,https://www.district.in/movies/krishnavataram-part-1-the-heart-movie-tickets-MV219513
1081,housefull 5 cast,22200,10,3470,$0,1,31,https://www.district.in/movies/housefull-5-movie-tickets-MV198917
1082,gujarat titans vs csk match,74000,17,414,$0.13,1,19,https://www.district.in/events/gujarat-titans-team
1083,golden screen cinemas,74000,27,155,$0,1,30,https://www.district.in/movies/st-cinemas-4k-laser-dolby-atmos-golden-mall-mattoor-kalady-in-kochi-CD1033632
1084,cast of de de pyaar de 2,6600,9,1457,$0,1,35,https://www.district.in/movies/de-de-pyaar-de-2-movie-tickets-in-karad-MV171264
1085,gardens galleria mall,74000,35,155,$0,7,38,https://www.district.in/
1086,prithvi cafe juhu mumbai,74000,9,3470,$0.16,4,22,https://www.district.in/dining/mumbai/prithvi-cafe-juhu
1087,pacific mall dehradun,60500,10,1110,$0.02,8,34,https://www.district.in/movies/pvr-pacific-mall-main-rajpur-road-dehradun-in-dehradun-CD1023497
1088,new movie recently released,74000,12,1110,$0.03,1,62,https://www.district.in/movies/upcoming-hindi-movies
1089,movie showtimes,74000,4,11988,$0.01,1,41,https://www.district.in/movies/cinema-near-me
1090,latest release movies,74000,7,4876,$0.01,1,61,https://www.district.in/movies/upcoming-movies
1091,latest movies to be released,74000,7,4876,$0.22,1,67,https://www.district.in/movies/upcoming-movies
1092,worlds of wonder amusement park noida,74000,6,7200,$0.27,1,20,https://www.district.in/events/worlds-of-wonder-wow-water-park-buy-tickets
1093,swati snacks mumbai,60500,27,177,$0,8,34,https://www.district.in/dining/mumbai/swati-snacks-tardeo
1094,sir madam,74000,9,3470,$0,1,36,https://www.district.in/movies/sir-madam-movie-tickets-in-hisar-MV201756
1095,kanpur mall z square,60500,9,1894,$0.34,3,24,https://www.district.in/movies/inox-z-square-mall-bada-chauraha-kanpur-in-kanpur-CD1023481
1096,hindi movie border,74000,36,155,$0.05,1,46,https://www.district.in/
1097,dev d,74000,16,673,$0,1,47,https://www.district.in/movies/dev-d-2009-movie-tickets-MV219070
1098,forum kochi mall,60500,16,436,$0,1,21,https://www.district.in/movies/pvr-forum-mall-nh-47-kochi-in-kochi-CD1025902
1099,bangalore attractions,74000,47,155,$0.06,11,34,https://www.district.in/activities/bengaluru-activity-tickets/
1100,adventure island india,74000,12,1894,$0.12,4,26,https://www.district.in/events/adventure-island-limited-2025-buy-tickets
1101,4th floor film,74000,10,1894,$0.18,3,22,https://www.district.in/movies/fourth-floor-movie-tickets-MV215069
1102,vash 2,40500,11,2501,$0.10,1,27,https://www.district.in/movies/vash-level-2-movie-tickets-MV188260
1103,tea time,74000,27,170,$0.14,1,38,https://www.district.in/dining/chennai/tea-time-2-washermenpet
1104,tamil movies com,74000,5,4876,$0.01,1,57,https://www.district.in/movies/tamil-movies-tickets-in-chennai
1105,near me nightclub,74000,49,155,$0.06,8,23,https://www.district.in/events/nightlife-in-gurgaon-book-tickets
1106,movies to release,74000,5,7200,$0.77,1,69,https://www.district.in/movies/upcoming-movies
1107,pooja sharma,74000,10,3470,$0,1,40,https://www.district.in/pooja-sharma/artist
1108,pink square mall jaipur,60500,2,11988,$0.02,9,26,https://www.district.in/movies/inox-pink-square-mall-raja-park-jaipur-in-jaipur-CD1024430
1109,friday releases movies,74000,4,7200,$0.01,1,45,https://www.district.in/movies/upcoming-movies
1110,film border,74000,82,155,$0,1,41,https://www.district.in/movies/ohm-cine-garden-hissar-road-sirsa-in-sirsa-CD6079
1111,ek din,33100,9,3470,$0,1,26,https://www.district.in/movies/ek-din-movie-tickets-MV201930
1112,don 3,49500,12,1457,$0,1,32,https://www.district.in/movies/don-3-movie-tickets-MV163216
1113,dhurandhar 2 cast,9900,10,1894,$0,1,31,https://www.district.in/movies/dhurandhar-the-revenge-movie-tickets-in-vita-MV211577
1114,csk vs rr 2026,60500,10,1894,$0.12,1,22,https://www.district.in/events/ipl-ticket-booking
1115,cast of spider man brand new day,90500,8,2501,$0,1,35,https://www.district.in/movies/spider-man-brand-new-day-movie-tickets-MV194537
1116,cast of kingdom 2025 film,74000,12,1457,$0,1,48,https://www.district.in/movies/kingdom-movie-tickets-MV190043
1117,cast of dude 2025,74000,13,1110,$0,1,40,https://www.district.in/movies/dude-2025-movie-tickets-MV197550
1118,bookmyshow pondicherry,74000,24,162,$0.01,1,41,https://www.district.in/movies/puducherry-movie-tickets
1119,bookmyshow gorakhpur,60500,23,170,$0.01,1,36,https://www.district.in/movies/gorakhpur-movie-tickets
1120,hindi quiz game,90500,49,155,$0,1,20,https://www.district.in/events/pet-moms-plant-moms-sugar-moms-baby-moms-unite-may10-2026-buy-tickets
1121,great india place noida,74000,57,155,$0.11,5,29,https://www.district.in/events/jus-jumpin-the-great-india-place-mall-noida-2025-buy-tickets
1122,world mark gurugram,74000,12,836,$0.05,1,24,https://www.district.in/movies/inox-world-mark-sector-65-gurugram-in-gurgaon-CD1016459
1123,sandhya theatre,74000,13,1110,$0.32,1,40,https://www.district.in/movies/sandhya-theatre-rgb-laser-atmos-madivala-bengaluru-in-bengaluru-CD1042226
1124,released film,74000,8,3470,$0.51,1,79,https://www.district.in/movies/upcoming-movies
1125,recently released movies,74000,18,377,$0.22,1,62,https://www.district.in/movies/upcoming-movies
1126,ramayana 2026,12100,8,4876,$0,1,22,https://www.district.in/movies/ramayana-movie-tickets-MV176276
1127,rahul sharma sharma,74000,10,1894,$0.14,1,35,https://www.district.in/ptrahulsharma/artist
1128,worlds of wonder noida amusement park,74000,5,11988,$0.27,1,20,https://www.district.in/events/worlds-of-wonder-wow-water-park-buy-tickets
1129,where to watch delhi capitals vs kolkata knight riders,22200,19,377,$0,1,40,https://www.district.in/events/screening-of-kkr-vs-dc-kolkata-knight-riders-vs-delhi-capitals-may24-2026-buy-tickets
1130,shivaji military hotel,74000,17,673,$0.19,4,37,https://www.district.in/dining/bangalore/shivaji-military-hotel-since-1935-jayanagar-bangalore
1131,resin,74000,74,155,$0.12,63,31,https://www.district.in/events/resin-art-workshop-may2-2026-buy-tickets
1132,pushpa 2 the rule,301000,11,2501,$0.06,1,34,https://www.district.in/movies/pushpa-2-the-rule-2024-movie-tickets-MV160594
1133,pun vs mum,12100,28,155,$0,1,23,https://www.district.in/events/delhi-capitals-team
1134,new movies 2026,49500,7,3470,$1.58,1,34,https://www.district.in/movies/upcoming-hindi-movies
1135,new movie 2026,90500,4,11988,$0.33,1,35,https://www.district.in/movies/upcoming-movies
1136,murugan theatre ambattur,74000,3,7200,$0.20,1,21,https://www.district.in/movies/murugan-cinemas-plf-4k-ambattur-chennai-in-chennai-CD1042465
1137,murugan cinema,74000,6,7200,$0.09,1,40,https://www.district.in/movies/murugan-cinemas-plf-4k-ambattur-chennai-in-chennai-CD1042465
1138,movie releases for this weekend,74000,9,1457,$0.01,1,66,https://www.district.in/movies/upcoming-movies
1139,metro junction mall kalyan,74000,9,1457,$0.17,4,29,https://www.district.in/movies/inox-metro-junction-mall-netivali-village-kalyan-in-greater-mumbai-CD1029567
1140,r city mall ghatkopar,74000,10,1110,$0.26,1,28,https://www.district.in/movies/inox-r-city-ghatkopar-w-mumbai-in-mumbai-CD1013613
1141,cinema golden screen,74000,13,673,$0,1,41,https://www.district.in/movies/st-cinemas-4k-laser-dolby-atmos-golden-mall-mattoor-kalady-in-kochi-CD1033632
1142,bookmyshow dehradun,60500,15,436,$0.01,2,37,https://www.district.in/
1143,gaming cafe near me,60500,5,22496,$0.66,5,25,https://www.district.in/activities/game-zones-in-delhi-ncr/
1144,game cafe near me,60500,12,1457,$0.38,6,25,https://www.district.in/activities/game-zones-activities-in-gurgaon/
1145,dsl virtue mall,49500,4,7200,$0,10,31,https://www.district.in/movies/cinepolis-dsl-virtue-mall-uppal-hyderabad-in-hyderabad-CD9123
1146,coolie film cast,60500,10,1894,$0,1,29,https://www.district.in/movies/coolie-movie-tickets-in-vele-MV172677
1147,45 movie,74000,13,1894,$0.12,1,31,https://www.district.in/movies/45-movie-tickets-MV188239
1148,too,74000,34,155,$0.02,1,40,https://www.district.in/events/too-much-information-by-shreya-priyam-roy-may14-2026-buy-tickets
1149,this weekend movie release,74000,6,3470,$0.18,1,81,https://www.district.in/movies/upcoming-movies
1150,tamil new movies,90500,11,1110,$0.05,1,40,https://www.district.in/movies/tamil-movies-tickets-in-chennai
1151,nucleus mall kerala,60500,19,377,$0.14,6,21,https://www.district.in/movies/pan-cinemas-4k-atmos-nucleus-mall-in-north-paravur-CD1049290
1152,nehru park in delhi,74000,52,155,$0.07,3,25,https://www.district.in/activities/
1153,movie releases this friday,74000,3,11988,$0.02,1,62,https://www.district.in/movies/upcoming-movies
1154,metro junction kalyan,74000,26,170,$0.11,3,22,https://www.district.in/movies/inox-metro-junction-mall-netivali-village-kalyan-in-greater-mumbai-CD1029567
1155,recent movie releases,74000,7,3470,$0.03,1,70,https://www.district.in/movies/upcoming-movies
1156,g t mall jaipur,74000,11,1894,$0.09,7,19,https://www.district.in/movies/inox-gt-central-mall-malviya-nagar-jaipur-in-jaipur-CD1024436
1157,family movie,74000,20,318,$0.39,1,43,https://www.district.in/movies/family-movies-in-gurgaon
1158,euphoria movie,9900,11,3470,$0,1,29,https://www.district.in/movies/euphoria-movie-tickets-in-mahbubnagar-MV209354
1159,delhi capitals vs royal challengers bengaluru matches,49500,31,155,$0,1,24,https://www.district.in/events/ipl-ticket-booking
1160,dhyan chand stadium delhi,60500,84,155,$0,6,25,https://www.district.in/events/sports-in-gurgaon-book-tickets
1161,court measurement of badminton,74000,63,155,$0.14,1,26,https://www.district.in/play/
1162,cinema releases this week,74000,6,4876,$0.02,1,85,https://www.district.in/movies/upcoming-movies
1163,sathyam,90500,9,1894,$0.02,3,59,https://www.district.in/movies/pvr-sathyam-royapettah-chennai-in-chennai-CD1022244
1164,tirupati bookmyshow,74000,31,155,$0,1,40,https://www.district.in/movies/tirupati-movie-tickets
1165,theater showtimes,74000,4,11988,$0.08,1,30,https://www.district.in/movies/cinema-near-me
1166,innocent,74000,23,199,$0,1,53,https://www.district.in/movies/innocent-movie-tickets-in-vita-MV208043
1167,infinity castle,74000,15,1110,$0.50,2,59,https://www.district.in/movies/demon-slayer-kimetsu-no-yaiba-infinity-castle-movie-tickets-in-gurgaon-MV191860
1168,rcb logo,74000,41,155,$0,1,40,https://www.district.in/events/tata-ipl-2026-match-39--delhi-capitals-vs-royal-challengers-bengaluru-buy-tickets
1169,noida wow water park,74000,6,4876,$0.27,1,18,https://www.district.in/events/worlds-of-wonder-wow-water-park-buy-tickets
1170,movies releasing this week,60500,4,7200,$0.02,1,24,https://www.district.in/movies/upcoming-movies
1171,movie 45,74000,12,1894,$0.27,1,43,https://www.district.in/movies/45-movie-tickets-MV188239
1172,metro mall kalyan,74000,14,673,$0.17,4,37,https://www.district.in/movies/inox-metro-junction-mall-netivali-village-kalyan-in-greater-mumbai-CD1029567
1173,film recently released,74000,19,377,$0.14,1,79,https://www.district.in/movies/upcoming-movies
1174,divine,60500,20,377,$0.53,1,49,https://www.district.in/events/divine/artist
1175,cheers buzz,49500,3,11988,$0.08,1,37,https://www.district.in/events/cheers-the-ultimate-movie-screen-surprise-experience-feb26-2026-buy-tickets
1176,bangalore tourist places,74000,45,155,$0.14,12,39,https://www.district.in/activities/bengaluru-activity-tickets/
1177,attractions of delhi,74000,109,155,$0.09,23,39,https://www.district.in/events/tata-ipl-2026-match-43-rajasthan-royals-vs-delhi-capitals-may1-2026-buy-tickets
1178,worlds of wonder noida,74000,5,11988,$0.24,7,30,https://www.district.in/events/worlds-of-wonder-wow-water-park-buy-tickets
1179,vr bengaluru,74000,10,1457,$0,9,43,https://www.district.in/movies/pvr-vr-whitefield-road-bengaluru-in-bengaluru-CD1022272
1180,rtc x road hyderabad,74000,57,155,$0.11,5,21,https://www.district.in/dining/hyderabad/bawarchi-rtc-x-roads
1181,raipur magneto mall,74000,10,1110,$0.27,3,22,https://www.district.in/movies/pvr-magneto-the-mall-raipur-in-raipur-CD1019939
1182,rahul sharma rahul sharma,74000,3,7200,$0.13,1,44,https://www.district.in/ptrahulsharma/artist
1183,puja sharma,60500,10,2501,$0,1,36,https://www.district.in/pooja-sharma/artist
1184,phoenix mall kurla,74000,23,199,$0.02,3,36,https://www.district.in/movies/pvr-market-city-kurla-w-mumbai-in-mumbai-CD1022270
1185,phoenix mall in kurla,74000,28,155,$0.25,6,40,https://www.district.in/movies/pvr-market-city-kurla-w-mumbai-in-mumbai-CD1022270
1186,peddi movie release date,60500,7,4876,$0,1,23,https://www.district.in/movies/peddi-movie-tickets-MV194276
1187,movie releasing this friday,74000,5,4876,$0.15,2,45,https://www.district.in/movies/upcoming-movies
1188,madhuvidhu,6600,12,1457,$0.14,1,22,https://www.district.in/movies/madhuvidhu-movie-tickets-MV213260
1189,lake shore mall thane,18100,11,1894,$0.22,7,20,https://www.district.in/movies/cinepolis-lake-shore-thane-ex-cinepolis-viviana-mall-thane-in-greater-mumbai-CD114
1190,swati snacks,60500,35,155,$0,8,39,https://www.district.in/dining/mumbai/swati-snacks-2-mumbai
1191,smashing machine,33100,30,162,$0,1,31,https://www.district.in/movies/the-smashing-machine-movie-tickets-in-gurgaon-MV194725
1192,rr gt,74000,24,244,$0,1,20,https://www.district.in/events/screening-of-rr-vs-gt-rajasthan-royals-vs-gujarat-titans-may9-2026-buy-tickets
1193,rcb vs csk 2026,5400,19,377,$0.11,1,24,https://www.district.in/events/ipl-ticket-booking
1194,gip mall in noida,74000,27,162,$0.11,5,26,https://www.district.in/movies/miraj-cinemas-tgip-noida-in-new-delhi-CD1008726
1195,film release,74000,4,7200,$0.77,1,68,https://www.district.in/movies/upcoming-movies
1196,kumar pacific,74000,5,3470,$0.13,5,21,https://www.district.in/movies/pvr-kumar-pacific-mall-swar-gate-pune-in-pune-CD1019925
1197,krishnavataram telugu movie,880,6,7200,$0,1,29,https://www.district.in/movies/krishnavataram-part-1-the-heart-movie-tickets-MV219513
1198,konark,74000,21,436,$0.13,1,53,https://www.district.in/events/sun-temple-konark-jan1-1970-buy-tickets
1199,karthik,74000,12,1457,$0,1,53,https://www.district.in/events/karthik-live-in-hyderabad-2026-buy-tickets
1200,kalyan metro mall,60500,11,1894,$0.02,7,34,https://www.district.in/movies/inox-metro-junction-mall-netivali-village-kalyan-in-greater-mumbai-CD1029567
1201,india vs new zealand live,165000,48,155,$0.02,1,34,https://www.district.in/
1202,border cinema,74000,29,155,$0,1,49,https://www.district.in/movies/ohm-cine-garden-hissar-road-sirsa-in-sirsa-CD6079
1203,ashok vada pav mumbai,74000,12,1457,$0.13,8,26,https://www.district.in/dining/mumbai/ashok-vada-pav-stall-prabhadevi
1204,anuv jain,74000,25,318,$0.25,1,40,https://www.district.in/events/anuv-jain/artist
1205,divines,60500,8,3470,$0.31,1,81,https://www.district.in/movies/divine-cineplex-kurukshetra-in-kurukshetra-CD1089013
1206,diamond plaza,74000,10,1894,$0.02,4,42,https://www.district.in/movies/pvr-diamond-plaza-jassore-road-kolkata-in-kolkata-CD1020735
1207,dev d movie,74000,18,436,$0,1,35,https://www.district.in/movies/dev-d-2009-movie-tickets-MV219070
1208,cafe goodluck,74000,14,1110,$0,6,42,https://www.district.in/dining/pune/cafe-goodluck-deccan-gymkhana
1209,yo y o,74000,35,155,$0.08,45,57,https://www.district.in/events/yo-yo-honey-singh/artist
1210,weekend releases movies,74000,5,7200,$0.01,1,66,https://www.district.in/movies/upcoming-movies
1211,water park in noida wow,74000,6,11988,$0.27,1,20,https://www.district.in/events/worlds-of-wonder-wow-water-park-buy-tickets
1212,recent release movies,74000,7,3470,$0.01,1,63,https://www.district.in/movies/upcoming-movies
1213,rcb vs lsg 2026,590,5,4876,$0.22,1,22,https://www.district.in/events/screening-of-lsg-vs-rcb-tata-ipl-2026-may7-2026-buy-tickets
1214,maa 2025,74000,11,1894,$0,1,36,https://www.district.in/movies/maa-movie-tickets-MV192428
1215,love mocktail 3,33100,20,436,$0,1,28,https://www.district.in/movies/love-mocktail-3-movie-tickets-in-bengaluru-MV216747
1216,next rcb matches,74000,14,673,$0,1,31,https://www.district.in/events/screening-of-srh-vs-rcb-tata-ipl-2026-may22-2026-buy-tickets
1217,mukta cinema,74000,9,3470,$0.02,3,41,https://www.district.in/movies/mukta-a2-cinemas-orbit-plaza-by-pramukh-surat-in-surat-CD1102090
1218,movie wolf,74000,13,1457,$0,1,43,https://www.district.in/movies/wolf-movie-tickets-in-patna-MV165206
1219,movie release,60500,2,22496,$0.02,1,37,https://www.district.in/movies/upcoming-movies
1220,dev d hindi movie,74000,17,555,$0,1,53,https://www.district.in/movies/dev-d-2009-movie-tickets-MV219070
1221,dev d film,74000,18,436,$0,1,54,https://www.district.in/movies/dev-d-2009-movie-tickets-MV219070
1222,jaipur sawai mansingh stadium,246000,29,162,$0.10,8,25,https://www.district.in/events/rajasthan-royals-ipl-2026-team
1223,balti movie,74000,9,4876,$0,1,32,https://www.district.in/movies/balti-movie-tickets-MV199868
1224,actress genelia,60500,51,155,$0,1,48,https://www.district.in/movies/raja-shivaji-movie-tickets-MV170361
1225,bookmyshow gurgaon,60500,70,155,$0.06,1,37,https://www.district.in/events/mere-krishn-a-live-theatrical-experience-of-shree-krishns-life-tour-ticket-booking
1226,murder movie,74000,12,1457,$0.06,1,36,https://www.district.in/movies/m4m-motive-for-murder-movie-tickets-MV205381
1227,movies releasing this friday,60500,4,11988,$0.02,1,24,https://www.district.in/movies/upcoming-movies
1228,movie recently released,74000,13,836,$0.01,1,63,https://www.district.in/movies/upcoming-movies
1229,vishnu vinyasam,49500,10,3470,$0,1,27,https://www.district.in/movies/vishnu-vinyasam-movie-tickets-MV215550
1230,rr next match,22200,6,3470,$0.04,1,25,https://www.district.in/events/rajasthan-royals-ipl-2026-team
1231,retta thala,74000,12,1457,$0,1,44,https://www.district.in/movies/retta-thala-movie-tickets-in-arni-MV187223
1232,r city mall ghatkopar west,74000,14,673,$1.11,1,22,https://www.district.in/movies/inox-r-city-ghatkopar-w-mumbai-in-mumbai-CD1013613
1233,obera mall,74000,53,,$0.23,4,29,https://www.district.in/movies/bhooth-bangla-movie-tickets-in-mumbai-MV177766
1234,laser and light,74000,5,7200,$0.01,96,20,https://www.district.in/events/laser-light-bandra-feb16-2026-buy-tickets
1235,india border film,74000,32,155,$0,1,50,https://www.district.in/movies/divine-cineplex-kurukshetra-in-kurukshetra-CD1089013
1236,hub mall,60500,2,11988,$0.01,5,38,https://www.district.in/movies/movietime-hub-mall-goregaon-e-mumbai-in-navi-mumbai-CD1040385
1237,diy,60500,44,155,$0.26,1,49,https://www.district.in/events/diy-terracotta-pot-painting-with-seeds-to-plant-may31-2026-buy-tickets
1238,hauz khas social,74000,8,3470,$0.32,6,37,https://www.district.in/dining/HauzKhasSocial
1239,4 movies rules.com,90500,8,1457,$0,1,21,https://www.district.in/movies/upcoming-hindi-movies
1240,delite theater,74000,8,3470,$0.09,1,21,https://www.district.in/movies/delite-theatre-gwalior-in-gwalior-CD1101221
1241,wpl today match,60500,11,836,$0,1,31,https://www.district.in/events/womens-premier-league-2026-team
1242,the smashing machine,14800,48,155,$0,1,17,https://www.district.in/movies/the-smashing-machine-movie-tickets-in-gurgaon-MV194725
1243,tamil movie com,74000,5,4876,$0.01,1,58,https://www.district.in/movies/tamil-movies-tickets-in-chennai
1244,tamil film new,90500,15,673,$0.07,1,59,https://www.district.in/movies/tamil-movies-tickets-in-chennai
1245,tourist spot in delhi ncr,74000,16,673,$0.11,11,22,https://www.district.in/activities/
1246,karan's,74000,14,836,$0.10,1,26,https://www.district.in/dining/pune/karans-kitchen-yerawada
1247,k r nagar mysore,74000,97,155,$0.05,1,19,https://www.district.in/movies/mark-2025-movie-tickets-in-saligram-MV205462
1248,gujarat titans vs rajasthan royals matches,49500,7,4876,$0,1,15,https://www.district.in/events/tata-ipl-2026-match-52-rajasthan-royals-vs-gujarat-titans-may9-2026-buy-tickets
1249,new movies in tamil,74000,10,1894,$0.04,1,57,https://www.district.in/movies/upcoming-tamil-movies
1250,new balance store near me,74000,10,2501,$0.07,2,19,https://www.district.in/stores/new-balance-sector-14-gurgaon-SDP-57348129
1251,movie releases 2025,12100,8,2501,$0.37,1,71,https://www.district.in/movies/upcoming-movies
1252,bollywood movies 2025,74000,21,318,$0,1,33,https://www.district.in/movies/upcoming-hindi-movies
1253,adventure island delhi,74000,5,11988,$0.33,1,36,https://www.district.in/events/adventure-island-limited-2025-buy-tickets
1254,1 mg lido mall,74000,40,155,$0.77,6,29,https://www.district.in/movies/inox-lido-mall-ulsoor-bengaluru-in-bengaluru-CD1020718
1255,second case of seetharam,49500,14,1110,$0.08,1,26,https://www.district.in/movies/second-case-of-seetharam-movie-tickets-MV215341
1256,quiz games in hindi,90500,56,155,$0,1,25,https://www.district.in/events/pet-moms-plant-moms-sugar-moms-baby-moms-unite-may10-2026-buy-tickets
1257,upcoming movies 2026,9900,3,11988,$0.01,1,55,https://www.district.in/movies/upcoming-hindi-movies
1258,metro junction mall,74000,10,1110,$0.12,5,37,https://www.district.in/movies/inox-metro-junction-mall-netivali-village-kalyan-in-greater-mumbai-CD1029567
1259,major dhyan chand national stadium delhi,74000,30,155,$0.24,5,25,https://www.district.in/events/
1260,latest film releases,74000,7,2501,$0.01,1,64,https://www.district.in/movies/upcoming-movies
1261,kanpur kidwai nagar,60500,99,155,$0.24,3,19,https://www.district.in/movies/dhurandhar-the-revenge-movie-tickets-in-kanpur-MV211577
1262,rohini delhi adventure island,74000,8,7200,$0.11,3,18,https://www.district.in/events/adventure-island-limited-2025-buy-tickets
1263,rdb cinema,74000,10,836,$0,4,42,https://www.district.in/movies/
1264,new movies recently released,74000,16,436,$0.14,1,77,https://www.district.in/movies/upcoming-movies
1265,movie theaters showtimes,74000,4,11988,$0.07,1,46,https://www.district.in/movies/cinema-near-me
1266,movie released this week,74000,4,7200,$0.15,2,53,https://www.district.in/movies/upcoming-movies
1267,friday release movie,60500,5,4876,$0.02,4,63,https://www.district.in/movies/upcoming-movies
1268,film knock knock 2015,74000,10,2501,$0,1,42,https://www.district.in/movies/knock-knock-2015-movie-tickets-MV209227
1269,adventure island rohini,74000,5,11988,$0.38,1,36,https://www.district.in/events/adventure-island-limited-2025-buy-tickets
1270,rajasthan royals vs delhi capitals matches,74000,5,7200,$0,1,21,https://www.district.in/events/tata-ipl-2026-match-43-rajasthan-royals-vs-delhi-capitals-may1-2026-buy-tickets
1271,others movie,74000,22,377,$0.02,1,28,https://www.district.in/movies/others-movie-tickets-MV204278
1272,others film,74000,32,162,$0.02,1,28,https://www.district.in/movies/others-movie-tickets-MV204278
1273,nightlife club near me,74000,7,7200,$0.07,5,24,https://www.district.in/events/nightlife-in-gurgaon-book-tickets
1274,movie release this week,74000,4,11988,$0.02,1,28,https://www.district.in/movies/upcoming-movies
1275,z square mall,60500,6,3470,$0,3,32,https://www.district.in/movies/inox-z-square-mall-bada-chauraha-kanpur-in-kanpur-CD1023481
1276,sathyam cinemas,90500,2,11988,$0.03,4,47,https://www.district.in/movies/pvr-sathyam-royapettah-chennai-in-chennai-CD1022244
1277,junior movie 2025,60500,11,1894,$0.06,1,41,https://www.district.in/movies/junior-movie-tickets-MV199940
1278,goa versus mumbai,74000,60,155,$0,1,20,https://www.district.in/
1279,ghatkopar r city mall,74000,8,1894,$0.05,11,22,https://www.district.in/movies/inox-r-city-ghatkopar-w-mumbai-in-mumbai-CD1013613
1280,films releasing this friday,74000,6,4876,$0.01,1,58,https://www.district.in/movies/upcoming-movies
1281,ernakulam oberon mall,60500,38,155,$0.31,5,36,https://www.district.in/movies/pvr-oberon-mosque-road-kochi-in-kochi-CD1020743
1282,amul parlour,74000,16,836,$0.36,2,41,https://www.district.in/dining/bangalore/amul-ice-cream-parlour-1-banaswadi-bangalore
1283,worlds of wonder water park in noida,74000,4,11988,$0.27,1,19,https://www.district.in/events/worlds-of-wonder-wow-water-park-buy-tickets
1284,thaai kizhavi,60500,12,1457,$0.07,1,26,https://www.district.in/movies/thaai-kizhavi-movie-tickets-MV212782
1285,spider man brand new day release date,12100,9,2501,$0,1,66,https://www.district.in/movies/spider-man-brand-new-day-movie-tickets-MV194537
1286,latest released movies,74000,9,1894,$0.22,1,63,https://www.district.in/movies/upcoming-movies
1287,indore holkar stadium,74000,17,555,$0.13,5,29,https://www.district.in/events/sports-events-in-indore-book-tickets
1288,indore holkar cricket stadium,74000,27,177,$0.13,5,25,https://www.district.in/events/sports-events-in-indore-book-tickets
1289,delhi nehru park,74000,41,155,$0.07,3,26,https://www.district.in/events/
1290,csk vs,49500,8,3470,$0,1,32,https://www.district.in/events/tata-ipl-2026-match-48--delhi-capitals-vs-chennai-super-kings-buy-tickets
1291,cast of jolly llb 3,12100,6,4876,$0,1,28,https://www.district.in/movies/jolly-llb-3-movie-tickets-MV172789
1292,bookmyshow agra,60500,16,377,$0.09,1,36,https://www.district.in/
1293,night clubs near me,74000,9,3470,$0.32,3,28,https://www.district.in/events/nightlife-in-gurgaon-book-tickets
1294,museum of illusions,74000,5,11988,$0.10,7,38,https://www.district.in/events/museum-of-illusions-new-delhi-2026-buy-tickets
1295,murugan cinemas ambattur,74000,3,7200,$0.16,1,35,https://www.district.in/movies/murugan-cinemas-plf-4k-ambattur-chennai-in-chennai-CD1042465
1296,movies released,74000,3,11988,$1.29,1,70,https://www.district.in/movies/upcoming-movies
1297,movie theater showtimes,74000,3,11988,$0.02,1,35,https://www.district.in/movies/cinema-near-me
1298,films released this week,74000,6,4876,$0.01,1,69,https://www.district.in/movies/upcoming-movies
1299,eko malayalam movie,33100,12,1894,$0.86,1,24,https://www.district.in/movies/eko-movie-tickets-MV209846
1300,edition book,90500,99,155,$0.38,1,23,https://www.district.in/events/fiesta-night-edition-at-the-game-ranch-malad-may9-2026-buy-tickets
1301,bengaluru fc,165000,12,1457,$0,1,47,https://www.district.in/events/isl-2025-26-bengaluru-fc-vs-mumbai-city-fc-buy-tickets
1302,ashok vada pav mumbai maharashtra,74000,36,155,$0.14,3,30,https://www.district.in/dining/mumbai/ashok-vada-pav-stall-prabhadevi
1303,adventure island rohini delhi,74000,10,7200,$0.11,1,18,https://www.district.in/events/adventure-island-limited-2025-buy-tickets
1304,adventure island in delhi,74000,6,11988,$0.33,1,28,https://www.district.in/events/adventure-island-limited-2025-buy-tickets
1305,4th floor movie,74000,14,1110,$0.16,3,24,https://www.district.in/movies/fourth-floor-movie-tickets-MV215069
1306,today isl match,110000,20,318,$0,1,42,https://www.district.in/events/isl-2025-26-sporting-club-delhi-vs-mohammedan-sc-buy-tickets
1307,vidya sagar,60500,34,127,$0.18,1,36,https://www.district.in/events/vidyasagar/artist
1308,ttt movie,49500,11,2044,$0,1,29,https://www.district.in/movies/thalaivar-thambi-thalaimaiyil-movie-tickets-MV207421
1309,new release movies 2025,74000,9,2044,$0,1,60,https://www.district.in/movies/upcoming-movies
1310,movie conjuring 2,60500,16,550,$0.09,1,48,https://www.district.in/movies/the-conjuring-2-2016-movie-tickets-MV179743
1311,sobha city mall theatre,320,2,9801,$0.08,1,20,https://www.district.in/movies/inox-sobha-city-mall-puzhakkal-thrissur-in-edappal-CD1030142
1312,hindi films released this week,60500,10,1191,$0.01,1,61,https://www.district.in/movies/upcoming-movies
1313,harsh gujral,60500,9,2837,$0.71,1,36,https://www.district.in/events/harsh-gujral/artist
1314,bollywood movies released this weekend,60500,8,2044,$0.02,1,80,https://www.district.in/movies/upcoming-movies
1315,edm mall,49500,5,3986,$0,7,35,https://www.district.in/movies/pvr-edm-edm-mall-ghaziabad-in-new-delhi-CD1020700
1316,devi cinemas,49500,2,9801,$0,1,33,https://www.district.in/movies/devi-cineplex-anna-salai-chennai-in-chennai-CD4184
1317,chin lung brewery indiranagar,60500,9,2837,$0.20,5,21,https://www.district.in/dining/bangalore/chin-lung-brewery-indiranagar-bangalore
1318,chennai phoenix mall,60500,13,1191,$0.22,1,22,https://www.district.in/movies/inox-phoenix-market-city-formerly-jazz-cinemas-velachery-chennai-in-chennai-CD1020779
1319,capital of punjab,60500,66,127,$0,1,29,https://www.district.in/events/tata-ipl-2026-match-55-punjab-kings-vs-delhi-capitals-buy-tickets
1320,mbbs,74000,75,127,$0.50,6,55,https://www.district.in/movies/keerthi-m-b-b-s-m-s-movie-tickets-in-elamanchili-MV221112
1321,maharana pratap nagar bhopal,60500,21,260,$0.11,6,19,https://www.district.in/dining/bhopal/quality-time-maharana-pratap-nagar
1322,lucknow super giants vs rajasthan royals matches,60500,3,9801,$0,1,21,https://www.district.in/events/tata-ipl-2026-match-64-rajasthan-royals-vs-lucknow-super-giants-may19-2026-buy-tickets
1323,lucknow super giants vs chennai super kings match,60500,8,2837,$0.07,1,21,https://www.district.in/events/screening-of-lsg-vs-csk-lucknow-super-giants-vs-chennai-super-kings-may15-2026-buy-tickets
1324,khas khas,60500,86,127,$0.02,12,40,https://www.district.in/events/fossils-khas-mohajhor-2026-buy-tickets
1325,vilayath buddha,60500,40,127,$0,1,36,https://www.district.in/movies/vilaayath-budha-movie-tickets-MV205750
1326,this friday release movie hindi,320,3,9801,$0,1,41,https://www.district.in/movies/upcoming-hindi-movies
1327,the hole in the wall cafe,60500,29,127,$0.12,10,27,https://www.district.in/dining/bangalore/the-hole-in-the-wall-cafe-koramangala-4th-block-bangalore
1328,lakeshore mall,4400,10,2044,$0.12,2,24,https://www.district.in/movies/pvr-lakeshore-mall-y-junction-hyderabad-in-hyderabad-CD1102157
1329,krishna and radha wallpaper hd,60500,65,127,$0.01,3,30,https://www.district.in/movies/krishnavataram-part-1-the-heart-hridayam-movie-tickets-MV219513
1330,hindi movies releasing this friday,60500,5,5886,$0.01,1,41,https://www.district.in/movies/upcoming-hindi-movies
1331,cricket stadium in vadodara,74000,72,127,$0,1,27,https://www.district.in/
1332,bollywood film releases this week,60500,8,2044,$0.02,1,78,https://www.district.in/movies/upcoming-hindi-movies
1333,hd wallpapers krishna radha,60500,73,127,$0.01,4,28,https://www.district.in/movies/krishnavataram-part-1-the-heart-hridayam-movie-tickets-MV219513
1334,game zone,49500,7,3986,$0.29,2,33,https://www.district.in/activities/game-zones-activities-in-gurgaon/
1335,capitals vs royals,60500,4,5886,$0.11,1,31,https://www.district.in/events/tata-ipl-2026-match-43-rajasthan-royals-vs-delhi-capitals-may1-2026-buy-tickets
1336,cafe de flora,49500,18,356,$0.09,3,28,https://www.district.in/dining/ncr/cafe-de-flora-chanakyapuri-new-delhi
1337,bollywood release this week,60500,5,5886,$0.01,1,60,https://www.district.in/movies/upcoming-movies
1338,bangla movie bangla,60500,11,907,$0.05,1,56,https://www.district.in/movies/bhooth-bangla-movie-tickets-MV177766
1339,baba ramdev dhaba,49500,8,2837,$0,3,28,https://www.district.in/dining/jodhpur/baba-ramdev-dhaba-bhadu-market
1340,amritsar kesar da dhaba,60500,18,356,$0.07,1,28,https://www.district.in/dining/amritsar/kesar-da-dhaba-hathi-gate
1341,sobha city mall: thrissur theatre,60500,4,3986,$0.17,3,21,https://www.district.in/movies/inox-sobha-city-mall-puzhakkal-thrissur-in-edappal-CD1030142
1342,pvr vr,49500,5,5886,$0.05,4,34,https://www.district.in/movies/pvr-vr-mall-anna-nagar-chennai-in-chennai-CD1022304
1343,pvr lulu,60500,3,5886,$0.06,3,37,https://www.district.in/movies/pvr-lulu-lulu-international-shopping-mall-kochi-in-kochi-CD1022294
1344,punjab kings vs royal challengers bengaluru match,1900,15,550,$0,1,34,https://www.district.in/events/punjab-kings-team
1345,piyush mishra,49500,13,1191,$0,1,32,https://www.district.in/events/piyush-mishra/artist
1346,this friday hindi movie release,60500,3,5886,$0.02,1,70,https://www.district.in/movies/upcoming-hindi-movies
1347,kidzania mumbai,49500,8,3986,$0.20,5,34,https://www.district.in/events/kidzania-mumbai-buy-tickets
1348,kabaddi today match live,60500,76,127,$0,1,44,https://www.district.in/
1349,conjuring 2 film,60500,16,550,$0,1,51,https://www.district.in/movies/the-conjuring-2-2016-movie-tickets-MV179743
1350,cast of dude,12100,8,2044,$0,1,41,https://www.district.in/movies/dude-movie-tickets-in-jatni-MV197550
1351,bookmyshow kollam,60500,25,127,$0.01,1,36,https://www.district.in/movies/kollam-movie-tickets
1352,bollywood films releasing this week,60500,4,5886,$0.04,1,73,https://www.district.in/movies/upcoming-movies
1353,bms chandigarh,60500,16,308,$0.02,1,21,https://www.district.in/movies/chandigarh-movie-tickets
1354,new releases movies 2025,60500,14,550,$0,1,48,https://www.district.in/movies/upcoming-movies
1355,mi versus punjab,49500,19,260,$0,1,39,https://www.district.in/events/tata-ipl-2026-match-58-punjab-kings-vs-mumbai-indians-buy-tickets
1356,lulu pvr kochi,60500,2,9801,$0.08,3,20,https://www.district.in/movies/pvr-lulu-lulu-international-shopping-mall-kochi-in-kochi-CD1022294
1357,kurla de,60500,3,5886,$0,1,36,https://www.district.in/dining/mumbai/de-bombay-cuisine-kurla
1358,single salma,18100,17,453,$0,1,23,https://www.district.in/movies/single-salma-movie-tickets-MV207045
1359,roastery coffee house,40500,28,145,$0.78,8,28,https://www.district.in/dining/hyderabad/roastery-coffee-house-gandipet
1360,zam zam restaurants,49500,16,550,$0.81,2,28,https://www.district.in/dining/bhiwadi/zam-zam-restaurant-bhiwadi-locality
1361,vr nagpur,60500,7,2044,$0.01,5,38,https://www.district.in/movies/cinepolis-vr-nagpur-mall-rambagh-road-nagpur-in-nagpur-CD24782
1362,the capital,60500,29,127,$0.07,2,21,https://www.district.in/movies/pvr-the-capital-mall-nalasopara-e-mumbai-in-vasai-CD1018527
1363,royal challengers bengaluru vs delhi capitals matches,60500,32,127,$0,1,21,https://www.district.in/events/ipl-ticket-booking
1364,metropolitan in kolkata,60500,94,127,$0.01,1,20,https://www.district.in/movies/dhurandhar-the-revenge-movie-tickets-in-kolkata-MV211577
1365,lulu pvr movies,60500,3,5886,$0.08,3,33,https://www.district.in/movies/pvr-lulu-lulu-international-shopping-mall-kochi-in-kochi-CD1022294
1366,jawaharlal stadium delhi,60500,17,550,$0.07,4,21,https://www.district.in/events/
1367,jamshedpur fc,135000,11,1548,$0,1,47,https://www.district.in/events/jameshedpur-fc-2026-team
1368,indian movie releases this week,60500,5,5886,$0.02,1,76,https://www.district.in/movies/upcoming-movies
1369,mi rcb,60500,10,2044,$0.31,1,21,https://www.district.in/events/screening-of-rcb-vs-mi-tata-ipl-2026-may10-2026-buy-tickets
1370,dhurandhar movie cast,49500,12,907,$0,1,27,https://www.district.in/movies/dhurandhar-movie-tickets-in-morbi-MV201380
1371,burma burma restaurant,40500,29,127,$0.10,1,26,https://www.district.in/dining/bangalore/burma-burma-indiranagar-indiranagar-bangalore
1372,heer express,60500,12,1191,$0,1,46,https://www.district.in/movies/heer-express-movie-tickets-MV199462
1373,funk movie,60500,10,2044,$0.06,1,28,https://www.district.in/movies/funky-movie-tickets-in-mau-MV185871
1374,eod adventure park,49500,8,5886,$0.47,1,28,https://www.district.in/events/eod-adventure-park-2025-buy-tickets
1375,bastian garden city,60500,12,1548,$0,7,34,https://www.district.in/dining/bangalore/bastian-garden-city-st-marks-road-bangalore
1376,5 movies telugu 2026,22200,2,18392,$0.07,1,11,https://www.district.in/movies/upcoming-telugu-movies
1377,ttt movies,60500,10,2044,$0,1,27,https://www.district.in/movies/thalaivar-thambi-thalaimaiyil-movie-tickets-MV207421
1378,mi vs punjab,60500,9,1548,$0.02,1,19,https://www.district.in/events/tata-ipl-2026-match-58-punjab-kings-vs-mumbai-indians-buy-tickets
1379,king movie,60500,10,2837,$0,1,44,https://www.district.in/movies/king-movie-tickets-MV208857
1380,kanheri caves,60500,12,1548,$0.46,9,39,https://www.district.in/events/buddhist-caves-kanheri-buy-tickets
1381,dee cinema,60500,5,3986,$0.17,1,22,https://www.district.in/movies/d-cinemas-4k-south-junction-chalakudy-in-thrissur-CD1035939
1382,connaught place delhi restaurants,49500,49,127,$0.04,4,21,https://www.district.in/dining/
1383,burma restaurant mumbai,60500,16,356,$0.08,1,21,https://www.district.in/dining/mumbai/burma-burma-fort-fort
1384,be u,60500,8,3986,$0,1,27,https://www.district.in/stores/be-u-natural-sector-31-gurgaon-SDP-29495200
1385,wpl match,49500,10,907,$0,1,32,https://www.district.in/events/womens-premier-league-2026-team
1386,vr mall pvr,49500,6,5886,$0.05,6,29,https://www.district.in/movies/pvr-vr-mall-anna-nagar-chennai-in-chennai-CD1022304
1387,satinder sartaj,33100,15,1191,$0,1,27,https://www.district.in/events/satinder-sartaaj/artist
1388,pati patni aur woh,40500,11,1548,$0,1,17,https://www.district.in/movies/pati-patni-aur-woh-do-movie-tickets-MV186836
1389,royal challengers at indians,60500,53,127,$0,1,39,https://www.district.in/events/ipl-ticket-booking
1390,rcb vs gt 2026,60500,9,2044,$0.19,1,21,https://www.district.in/events/screening-of-gt-vs-rcb-tata-ipl-2026-apr30-2026-buy-tickets
1391,kanchana 3,74000,12,1191,$0.11,1,40,https://www.district.in/movies/kanchana-3-movie-tickets-in-pamidi-MV657
1392,india vs pakistan tickets,27100,24,139,$0.24,4,15,https://www.district.in/events/sports-in-gurgaon-book-tickets
1393,ikkis movie,5400,11,1548,$0,1,22,https://www.district.in/movies/ikkis-movie-tickets-in-gurgaon-MV173204
1394,hindi anime zone,14800,18,260,$0.52,1,32,https://www.district.in/events/anime-india-delhi-2026-buy-tickets
1395,biggest mall in bangalore,60500,86,127,$0.01,2,24,https://www.district.in/movies/bengaluru-movie-tickets
1396,pati patni aur woh,40500,11,1548,$0,1,17,https://www.district.in/movies/pati-patni-aur-woh-do-movie-tickets-MV186836
1397,royal challengers at indians,60500,53,127,$0,1,39,https://www.district.in/events/ipl-ticket-booking
1398,rcb vs gt 2026,60500,9,2044,$0.19,1,21,https://www.district.in/events/screening-of-gt-vs-rcb-tata-ipl-2026-apr30-2026-buy-tickets
1399,velachery luxe,60500,3,5886,$0.05,2,20,https://www.district.in/movies/inox-phoenix-market-city-formerly-jazz-cinemas-velachery-chennai-in-chennai-CD1020779
1400,t nagar ags cinemas,60500,3,5886,$0.15,5,21,https://www.district.in/movies/ags-cinemas-t-nagar-chennai-in-chennai-CD10183
1401,thane eternity mall,60500,3,5886,$0.08,4,21,https://www.district.in/movies/moviemax-eternity-mall-thane-seats-renovated-in-thane-CD59128
1402,thalavara movie,5400,12,1548,$0,1,23,https://www.district.in/movies/thalavara-movie-tickets-in-shri-ganganagar-MV203443
1403,series revenge,60500,40,127,$0.08,1,61,https://www.district.in/
1404,mahavatar narsimha movie download,590,10,1191,$0.95,1,24,https://www.district.in/movies/mahavatar-narsimha-movie-tickets-MV183788
1405,cafe bahar & restaurant,60500,14,683,$0.08,4,32,https://www.district.in/dining/hyderabad/cafe-bahar-basheer-bagh
1406,cafe bahar,49500,19,453,$0,3,33,https://www.district.in/dining/hyderabad/cafe-bahar-basheer-bagh
1407,hindi movies releasing this week,60500,7,2837,$0.01,1,23,https://www.district.in/movies/upcoming-hindi-movies
1408,cast of thamma,2400,9,2837,$0,1,26,https://www.district.in/movies/thamma-movie-tickets-in-sakti-MV181726
1409,border 2 cast,60500,23,199,$0,1,31,https://www.district.in/movies/border-2-movie-tickets-MV174744
1410,bison kaalamaadan,170,26,163,$0,1,18,https://www.district.in/movies/bison-kaalamaadan-movie-tickets-MV173276
1411,balti,14800,9,3986,$0.01,2,36,https://www.district.in/movies/balti-movie-tickets-in-tirur-MV199868
1412,ratna pathak shah,74000,11,2044,$0,1,35,https://www.district.in/events/ratna-pathak-shah/artist
1413,pvr lulu cinemas,60500,2,9801,$0.06,2,20,https://www.district.in/movies/pvr-lulu-lulu-international-shopping-mall-kochi-in-kochi-CD1022294
1414,tickets india vs pakistan,60500,9,1548,$0.32,1,17,https://www.district.in/events/sports-in-gurgaon-book-tickets
1415,sultan movie,74000,21,260,$0.02,1,41,https://www.district.in/movies/sultan-2016-movie-tickets-in-vizag-MV140087
1416,vgp wonder world,60500,4,9801,$0.14,8,34,https://www.district.in/events/vgp-wonder-world-chennai-may18-2025-buy-tickets
1417,nisha,60500,55,127,$0,1,49,https://www.district.in/movies/nisha-movie-tickets-in-jatni-MV203499
1418,navalur ags,60500,2,9801,$0.15,4,38,https://www.district.in/movies/ags-cinemas-omr-navlur-chennai-in-chennai-CD10185
1419,movies releasing this weekend bollywood,60500,5,5886,$0.01,1,55,https://www.district.in/movies/upcoming-movies
1420,monk's,60500,21,338,$0,1,35,https://www.district.in/dining/indore/cafe-monks-mari-mata-square
1421,sourabh raaj jain,49500,9,5886,$0,1,27,https://www.district.in/events/sourabh-raaj-jain/artist
1422,grand hyatt gurgaon,60500,53,127,$0.30,16,36,https://www.district.in/movies/cinepolis-grand-view-high-street-gurugram-in-gurgaon-CD1067859
1423,king movies,60500,10,2044,$0,1,32,https://www.district.in/movies/king-movie-tickets-MV208857
1424,hindi films releasing this week,60500,5,3986,$0.01,1,60,https://www.district.in/movies/upcoming-movies
1425,deva movies,110000,7,2044,$0,1,47,https://www.district.in/movies/deva-movie-tickets-in-pune-MV167607
1426,delhi capitals vs chennai super kings matches,60500,4,9801,$0,1,21,https://www.district.in/events/tata-ipl-2026-match-48--delhi-capitals-vs-chennai-super-kings-buy-tickets
1427,chennai super kings vs delhi capitals matches,60500,35,127,$0,1,21,https://www.district.in/events/ipl-ticket-booking
1428,casting of kantara,60500,12,1191,$0,1,37,https://www.district.in/movies/kantara-a-legend-chapter-1-movie-tickets-MV165830
1429,war 2 movies,60500,8,2837,$0.46,1,48,https://www.district.in/movies/war-2-movie-tickets-in-lalgudi-MV161358
1430,shiva dhaba,49500,15,907,$0,1,33,https://www.district.in/dining/moradabad/shiva-dhaba-1-moradabad-locality
1431,thane r mall,60500,5,3986,$0.18,6,20,https://www.district.in/movies/inox-insignia-at-r-mall-thane-west-thane-in-navi-mumbai-CD1018544
1432,lockdown movie,12100,9,2837,$0.08,1,22,https://www.district.in/movies/lockdown-movie-tickets-in-gudiyatham-MV173228
1433,paradox museum mumbai,74000,10,2044,$0.11,7,38,https://www.district.in/events/paradox-museum---mumbai-196380-28faac14-b717-4db1-991b-c5853e2fb3fc-buy-tickets
1434,fatima nagar,60500,65,127,$0.18,5,38,https://www.district.in/movies/dhurandhar-the-revenge-movie-tickets-in-pune-MV211577
1435,couple friendly movie,74000,14,1548,$0.06,1,28,https://www.district.in/movies/couple-friendly-movie-tickets-MV204055
1436,fun world,49500,7,9801,$0.05,5,34,https://www.district.in/events/fun-world-amusement-park-bengaluru-2025-buy-tickets
1437,final ipl match 2026,60500,9,2044,$0.16,1,30,https://www.district.in/events/ipl-ticket-booking
1438,euphoria 2026,2400,17,683,$0,1,25,https://www.district.in/movies/euphoria-movie-tickets-MV209354
1439,bandra worli sea link bridge,74000,104,127,$0,4,29,https://www.district.in/events/bandra-walking-tour-by-tripadvisor-tour-aug2-2022-buy-tickets
1440,movie theatres near me,60500,4,5886,$0.10,2,24,https://www.district.in/movies/cinema-near-me
1441,vijay raaz,74000,39,127,$0,1,40,https://www.district.in/movies/pati-patni-aur-woh-do-movie-tickets-MV186836
1442,sa ma,60500,8,3986,$0.23,1,22,https://www.district.in/dining/hyderabad/sa-ma-the-indian-kitchen-film-nagar
1443,phoenix mall in velachery chennai,60500,12,1191,$0.28,1,20,https://www.district.in/movies/inox-phoenix-market-city-formerly-jazz-cinemas-velachery-chennai-in-chennai-CD1020779
1444,param sundari release date,49500,21,308,$0.03,1,26,https://www.district.in/movies/param-sundari-movie-tickets-MV186420
1445,nightlife club,110000,12,1548,$0.72,1,48,https://www.district.in/events/nightlife-in-gurgaon-book-tickets
1446,night club,74000,24,199,$0.59,1,41,https://www.district.in/events/nightlife-in-gurgaon-book-tickets
1447,new bollywood movies,60500,14,550,$0.03,1,41,https://www.district.in/movies/upcoming-hindi-movies
1448,jurassic world fallen kingdom 2018,49500,9,2837,$0,1,66,https://www.district.in/movies/jurassic-world-fallen-kingdom-2018-movie-tickets-in-noida-MV276
1449,jamshedpur football club,49500,13,1548,$0,1,27,https://www.district.in/events/isl-2025-26-jamshedpur-fc-vs-jsw-bengaluru-fc-buy-tickets
1450,happy raj movie,60500,10,3986,$0.06,1,23,https://www.district.in/movies/happy-raj-movie-tickets-MV212079
1451,e d m mall,60500,3,5886,$0.06,4,21,https://www.district.in/movies/pvr-edm-edm-mall-ghaziabad-in-new-delhi-CD1020700
1452,cast of jurassic world rebirth,49500,29,127,$0,1,34,https://www.district.in/movies/jurassic-world-rebirth-movie-tickets-in-koheda-MV178018
1453,gandhi kannadi,2900,12,1191,$0.03,1,30,https://www.district.in/movies/gandhi-kannadi-movie-tickets-MV201262
1454,friendship cast,60500,26,145,$0,1,43,https://www.district.in/movies/friends-2001-movie-tickets-in-vita-MV209363
1455,films released this week bollywood,60500,6,2837,$0.01,1,60,https://www.district.in/movies/upcoming-movies
1456,bookmyshow noida,49500,36,127,$0.07,1,33,https://www.district.in/movies/
1457,thama movie,8100,11,1548,$0,1,32,https://www.district.in/movies/thamma-movie-tickets-MV181726
1458,spider man 4 2012,60500,10,1548,$0,1,48,https://www.district.in/movies/the-amazing-spider-man-movie-tickets-in-Balanagar-MV208550
1459,f c road,60500,19,338,$0.14,2,19,https://www.district.in/events/pizza-making-workshop-for-mothers-day-pune-fc-road-may8-2026-buy-tickets
1460,the shining movie 1980,60500,12,1548,$0,1,75,https://www.district.in/movies/the-shining-movie-tickets-in-ron-MV214375
1461,the game palacio,49500,7,3986,$0.19,6,29,https://www.district.in/events/the-game-palacio-delhi-ansal-plaza-nov14-2025-buy-tickets
1462,spirit away movie,60500,60,127,$0.01,1,69,https://www.district.in/movies/dhurandhar-the-revenge-movie-tickets-in-bengaluru-MV211577
1463,sobha city mall,60500,7,2044,$0,4,33,https://www.district.in/movies/inox-sobha-city-mall-puzhakkal-thrissur-in-edappal-CD1030142
1464,mandi manzil,33100,20,308,$0,5,29,https://www.district.in/dining/trivandrum/mandi-manzil-ulloor
1465,maharana pratap nagar,60500,28,127,$0.09,6,19,https://www.district.in/dining/bhopal/top-n-town-8-maharana-pratap-nagar
1466,kotak credit card,60500,66,127,$0.99,32,41,https://www.district.in/dining/hyderabad/dandy-dandy-hitech-city
1467,king movie film,60500,10,1548,$0,1,32,https://www.district.in/movies/king-movie-tickets-MV208857
1468,kara 2026,590,8,3986,$0,1,33,https://www.district.in/movies/kara-movie-tickets-MV213475
1469,indiranagar restaurants,60500,39,127,$0.11,11,40,https://www.district.in/activities/bengaluru-activity-tickets/
1470,govardhan cinemas,60500,3,5886,$0.14,6,21,https://www.district.in/movies/goverdhan-theatre-near-yeshwantpur-railway-station-bengaluru-in-bengaluru-CD579
1471,movie kingsman,60500,76,127,$0,1,58,https://www.district.in/movies/project-hail-mary-movie-tickets-MV200953
1472,mohammedan sporting football club,60500,92,127,$0.08,1,19,https://www.district.in/events/isl-2025-26-east-bengal-fc-vs-punjab-fc-buy-tickets
1473,mi match,60500,44,127,$0,1,40,https://www.district.in/events/screening-of-rcb-vs-mi-tata-ipl-2026-may10-2026-buy-tickets
1474,bollywood movie released this week,60500,5,5886,$0.19,1,78,https://www.district.in/movies/upcoming-movies
1475,avenger doomsday release date,33100,33,127,$0,1,37,https://www.district.in/movies/avengers-doomsday-movie-tickets-MV176735
1476,appu ghar,60500,14,907,$0.50,3,37,https://www.district.in/events/appu-ghar-2025-buy-tickets
1477,ags cinemas in t nagar,60500,3,5886,$0.13,5,19,https://www.district.in/movies/ags-cinemas-t-nagar-chennai-in-chennai-CD10183
1478,pvr vr mall,49500,3,5886,$0.05,4,29,https://www.district.in/movies/pvr-vr-mall-anna-nagar-chennai-in-chennai-CD1022304
1479,vidya sagar,60500,34,127,$0.18,1,36,https://www.district.in/events/vidyasagar/artist
1480,ttt movie,49500,11,2044,$0,1,29,https://www.district.in/movies/thalaivar-thambi-thalaimaiyil-movie-tickets-MV207421
1481,mbbs,74000,75,127,$0.50,6,55,https://www.district.in/movies/keerthi-m-b-b-s-m-s-movie-tickets-in-elamanchili-MV221112
1482,maharana pratap nagar bhopal,60500,21,260,$0.11,6,19,https://www.district.in/dining/bhopal/quality-time-maharana-pratap-nagar
1483,lucknow super giants vs rajasthan royals matches,60500,3,9801,$0,1,21,https://www.district.in/events/tata-ipl-2026-match-64-rajasthan-royals-vs-lucknow-super-giants-may19-2026-buy-tickets
1484,lucknow super giants vs chennai super kings match,60500,8,2837,$0.07,1,21,https://www.district.in/events/screening-of-lsg-vs-csk-lucknow-super-giants-vs-chennai-super-kings-may15-2026-buy-tickets
1485,khas khas,60500,86,127,$0.02,12,40,https://www.district.in/events/fossils-khas-mohajhor-2026-buy-tickets
1486,new release movies 2025,74000,9,2044,$0,1,60,https://www.district.in/movies/upcoming-movies
1487,movie conjuring 2,60500,16,550,$0.09,1,48,https://www.district.in/movies/the-conjuring-2-2016-movie-tickets-MV179743
1488,sobha city mall theatre,320,2,9801,$0.08,1,20,https://www.district.in/movies/inox-sobha-city-mall-puzhakkal-thrissur-in-edappal-CD1030142
1489,hindi films released this week,60500,10,1191,$0.01,1,61,https://www.district.in/movies/upcoming-movies
1490,harsh gujral,60500,9,2837,$0.71,1,36,https://www.district.in/events/harsh-gujral/artist
1491,bollywood movies released this weekend,60500,8,2044,$0.02,1,80,https://www.district.in/movies/upcoming-movies
1492,edm mall,49500,5,3986,$0,7,35,https://www.district.in/movies/pvr-edm-edm-mall-ghaziabad-in-new-delhi-CD1020700
1493,devi cinemas,49500,2,9801,$0,1,33,https://www.district.in/movies/devi-cineplex-anna-salai-chennai-in-chennai-CD4184
1494,chin lung brewery indiranagar,60500,9,2837,$0.20,5,21,https://www.district.in/dining/bangalore/chin-lung-brewery-indiranagar-bangalore
1495,chennai phoenix mall,60500,13,1191,$0.22,1,22,https://www.district.in/movies/inox-phoenix-market-city-formerly-jazz-cinemas-velachery-chennai-in-chennai-CD1020779
1496,capital of punjab,60500,66,127,$0,1,29,https://www.district.in/events/tata-ipl-2026-match-55-punjab-kings-vs-delhi-capitals-buy-tickets
1497,city centre mall nashik,60500,27,139,$0.07,6,20,https://www.district.in/movies/cinemax-city-center-city-center-mall-nashik-in-nashik-CD1019973
1498,south city inox kolkata,49500,2,9801,$0.10,1,20,https://www.district.in/movies/inox-south-city-mall-south-city-mall-kolkata-in-kolkata-CD1020717
1499,what are you doing in hindi,60500,52,127,$0,1,23,https://www.district.in/events/grin-revolution-twice-as-good-w-urooj-raunaq-may19-2026-buy-tickets
1500,war 2 movie,60500,28,139,$0.06,1,36,https://www.district.in/movies/war-2-movie-tickets-MV161358
1501,mlr convention centre,60500,52,127,$0.20,8,34,https://www.district.in/events/thalapathified-tamil-singalong-jamming-bangalore-may17-2026-buy-tickets
1502,kollam bookmyshow,60500,22,145,$0,1,21,https://www.district.in/movies/kollam-movie-tickets
1503,kesar da dhaba,49500,29,133,$0.06,2,28,https://www.district.in/dining/amritsar/kesar-da-dhaba-hathi-gate
1504,jananayagan release date,40500,8,2837,$0,1,22,https://www.district.in/movies/jana-nayagan-movie-tickets-MV188681
1505,inox south city kolkata,60500,2,9801,$0.05,1,21,https://www.district.in/movies/inox-south-city-mall-south-city-mall-kolkata-in-kolkata-CD1020717
1506,movie releasing this friday bollywood,60500,5,5886,$0.01,1,51,https://www.district.in/movies/upcoming-hindi-movies
1507,girlfriend movies,60500,12,1191,$0,1,32,https://www.district.in/movies/the-girlfriend-movie-tickets-MV167570
1508,youth 2026,60500,8,3986,$0,1,26,https://www.district.in/movies/youth-movie-tickets-MV213456
1509,shining film,60500,31,133,$0,1,62,https://www.district.in/movies/the-shining-movie-tickets-in-udgir-MV214375
1510,sats login karnataka,74000,30,127,$0,1,35,https://www.district.in/
1511,red fort new delhi delhi,60500,12,1191,$0.05,7,38,https://www.district.in/events/red-fort-jan1-1970-buy-tickets
1512,pvr vega city,60500,3,5886,$0.05,7,34,https://www.district.in/movies/pvr-vega-city-bannerghatta-road-bengaluru-in-bengaluru-CD1022309
1513,pvr cinemas lulu mall,60500,8,2837,$0.06,2,21,https://www.district.in/movies/pvr-lulu-lulu-international-shopping-mall-kochi-in-kochi-CD1022294
1514,orion avenue,49500,4,3986,$0.04,11,36,https://www.district.in/movies/cinepolis-orion-avenue-mall-banaswadi-bengaluru-in-bengaluru-CD925
1515,new released movies 2025,74000,11,1191,$0,1,55,https://www.district.in/movies/upcoming-movies
1516,movies zombie,60500,21,260,$5.43,1,37,https://www.district.in/movies/iiz-indian-institute-of-zombies-movie-tickets-MV219534
1517,mega movie,60500,31,127,$0,1,36,https://www.district.in/movies/
1518,kashmir files,74000,23,260,$0.11,1,41,https://www.district.in/movies/the-kashmir-files-movie-tickets-MV146622
1519,explore hindi meaning,49500,63,127,$0,1,29,https://www.district.in/movies/
1520,east bengal vs punjab fc,49500,7,2837,$0,1,19,https://www.district.in/events/isl-2025-26-east-bengal-fc-vs-punjab-fc-buy-tickets
1521,devi cinema,60500,2,9801,$0.10,2,21,https://www.district.in/movies/devi-multiplex-naroda-ahmedabad-in-ahmedabad-CD900
1522,conjuring 2 movie,40500,15,683,$0,1,48,https://www.district.in/movies/the-conjuring-2-2016-movie-tickets-MV179743
1523,luxe velachery,60500,6,3986,$0.05,1,21,https://www.district.in/movies/inox-phoenix-market-city-formerly-jazz-cinemas-velachery-chennai-in-chennai-CD1020779
1524,lulu pvr cinemas,60500,3,5886,$0.06,3,18,https://www.district.in/movies/pvr-lulu-lulu-international-shopping-mall-kochi-in-kochi-CD1022294
1525,adventure island,60500,5,9801,$1.55,3,37,https://www.district.in/events/adventure-island-limited-2025-buy-tickets
1526,aata,60500,94,127,$0.04,1,50,https://www.district.in/movies/aatachakki-ek-prem-kahani-movie-tickets-MV214856
1527,cinema luxe,90500,31,127,$0.14,2,46,https://www.district.in/movies/the-lux-cinema-yogi-icon-petlad-in-anand-CD1003779
1528,cast of metro in dino,40500,10,1548,$0,1,27,https://www.district.in/movies/metro-in-dino-movie-tickets-MV162506
1529,the rameshwaram cafe madhapur,60500,8,2044,$0.21,14,22,https://www.district.in/dining/hyderabad/the-rameshwaram-cafe-madhapur
1530,the conjuring two,60500,16,683,$0.09,1,55,https://www.district.in/movies/the-conjuring-2-2016-movie-tickets-MV179743
1531,t nagar ags,60500,3,5886,$0.13,5,22,https://www.district.in/movies/ags-cinemas-t-nagar-chennai-in-chennai-CD10183
1532,dacoit movie,74000,74,127,$0.06,1,25,https://www.district.in/movies/dacoit-movie-tickets-MV169188
1533,bookmyshow chandigarh,60500,23,139,$0.03,1,36,https://www.district.in/movies/chandigarh-movie-tickets
1534,the conjuring 2 2,60500,17,453,$0,1,44,https://www.district.in/movies/the-conjuring-2-2016-movie-tickets-MV179743
1535,love radha krishna,74000,74,127,$0,6,39,https://www.district.in/movies/krishnavataram-part-1-the-heart-hridayam-movie-tickets-MV219513
1536,lord of the drinks connaught place,60500,9,1191,$0.06,2,20,https://www.district.in/dining/ncr/lord-of-the-drinks-connaught-place-new-delhi
1537,lord of drinks,60500,32,127,$0,3,32,https://www.district.in/events/nightlife-in-gurgaon-book-tickets
1538,india pakistan cricket tickets,60500,38,119,$0.36,2,20,https://www.district.in/events/sports-in-gurgaon-book-tickets
1539,restaurants in indiranagar,60500,36,127,$0.23,2,32,https://www.district.in/activities/bengaluru-activity-tickets/
1540,ramdev dhaba,49500,16,550,$0,6,34,https://www.district.in/dining/pune/baba-ramdev-dhaba-nigdi
1541,prathichaya,60500,26,145,$0,1,23,https://www.district.in/movies/prathichaya-movie-tickets-in-goa-MV215545
1542,pickleball close to me,60500,5,5886,$0.09,6,16,https://www.district.in/play/pickleball-courts-in-gurgaon
1543,new movies tamil,60500,24,145,$0.03,1,73,https://www.district.in/movies/tamil-movies-tickets-in-chennai
1544,new film tamil movie,60500,12,907,$0.15,1,57,https://www.district.in/movies/tamil-movies-tickets-in-chennai
1545,mission impossible dead reckoning part one,49500,14,1191,$0,1,66,https://www.district.in/movies/mission-impossible-dead-reckoning-part-one-2023-movie-tickets-MV142523
1546,hotel shauryawada,60500,6,5886,$0.02,4,38,https://www.district.in/dining/pune/hotel-shauryawada-pure-veg-hadapsar
1547,gaming zone,49500,4,18392,$0.29,2,33,https://www.district.in/activities/game-zones-in-delhi-ncr/
1548,friday release hindi movie,60500,5,5886,$0.01,1,42,https://www.district.in/movies/upcoming-hindi-movies
1549,film king,60500,7,5886,$0,1,29,https://www.district.in/movies/king-movie-tickets-MV208857
1550,bangla movie,60500,7,2044,$0.14,1,36,https://www.district.in/movies/bhooth-bangla-movie-tickets-MV177766
1551,aipl joy street,60500,15,453,$0.18,6,33,https://www.district.in/movies/inox-aipl-joy-street-aipl-joystreet-mall-gurugram-in-gurgaon-CD1016457
1552,zombie movies,60500,31,127,$0.67,1,36,https://www.district.in/movies/iiz-indian-institute-of-zombies-movie-tickets-MV219534
1553,zam zam restaurant,49500,13,907,$1.23,6,29,https://www.district.in/dining/bhiwadi/zam-zam-restaurant-bhiwadi-locality
1554,v movie,49500,63,127,$0.03,1,42,https://www.district.in/movies/tata-ipl-2026-rcb-vs-mi-live-screening-movie-tickets-in-mysuru-MV221485
1555,zomato promo code,40500,28,103,$0.47,1,25,https://www.district.in/
1556,wild waters water & amusement theme park hyderabad,49500,6,8019,$0.19,3,22,https://www.district.in/events/wild-waters-2025-buy-tickets
1557,upcoming movies hindi,49500,6,3262,$0.01,1,27,https://www.district.in/movies/upcoming-hindi-movies
1558,upcoming movies bollywood movies,49500,8,2321,$0.01,1,57,https://www.district.in/movies/upcoming-hindi-movies
1559,picture of,49500,36,103,$0,1,40,https://www.district.in/movies/picture-boyz-movie-tickets-in-akbarpur-MV218974
1560,new movies in movie theaters,49500,8,2321,$0.02,1,79,https://www.district.in/movies/
1561,mysore cafe,49500,21,252,$0,5,34,https://www.district.in/dining/ncr/mysore-cafe-india-gate-new-delhi
1562,movie on theaters now,40500,4,8019,$0.03,2,49,https://www.district.in/movies/cinema-near-me
1563,mobile movie,49500,43,103,$0.04,1,31,https://www.district.in/
1564,ladies vs ricky bahl movie,40500,17,450,$0,1,17,https://www.district.in/movies/ladies-vs-ricky-bahl-2011-movie-tickets-MV137399
1565,rama mandi punjab,40500,22,163,$0.38,1,19,https://www.district.in/dining/jalandhar/punjabi-tadka-rama-mandi
1566,haunted 3d ghosts of the past,14800,9,3262,$0,1,29,https://www.district.in/movies/haunted-3d-echoes-of-the-past-movie-tickets-MV196086
1567,devi cineplex chennai,49500,2,8019,$0.13,2,28,https://www.district.in/movies/devi-cineplex-anna-salai-chennai-in-chennai-CD4184
1568,devi cinemas mount road,49500,2,8019,$0.13,2,29,https://www.district.in/movies/devi-cineplex-anna-salai-chennai-in-chennai-CD4184
1569,devi cinemas chennai,49500,2,8019,$0.13,2,29,https://www.district.in/movies/devi-cineplex-anna-salai-chennai-in-chennai-CD4184
1570,hindi upcoming movies,49500,5,3262,$0.01,1,59,https://www.district.in/movies/upcoming-hindi-movies
1571,hauz khas fort in delhi,60500,10,1673,$0.12,2,35,https://www.district.in/events/hauz-khas-complex-buy-tickets
1572,gujarati movie,60500,7,1673,$0.33,2,54,https://www.district.in/movies/gujarati-movies-tickets-in-ahmedabad
1573,bollywood upcoming film,49500,4,4816,$0.01,1,57,https://www.district.in/movies/upcoming-hindi-movies
1574,cross river mall shahdara delhi,40500,2,8019,$0.20,5,21,https://www.district.in/movies/cinepolis-cross-river-mall-shahdara-new-delhi-in-faridabad-CD1333
1575,cinema anand,40500,6,4816,$0.01,2,31,https://www.district.in/movies/anand-movie-tickets
1576,cast of love insurance kompany,14800,7,1673,$0,1,23,https://www.district.in/movies/lik-love-insurance-kompany-movie-tickets-MV177390
1577,burger factory,40500,12,1267,$0,6,32,https://www.district.in/dining/pune/burger-factory-karve-nagar
1578,bookmyshow varanasi,49500,19,163,$0.02,1,32,https://www.district.in/movies/varanasi-movie-tickets
1579,kis kisko pyaar karoon 2 release date,12100,18,277,$0,1,23,https://www.district.in/movies/kis-kisko-pyaar-karoon-2-movie-tickets-MV194544
1580,inox goa panaji,60500,3,4816,$0.01,1,22,https://www.district.in/movies/inox-old-gmc-db-road-goa-in-panaji-CD1029277
1581,i know did last summer,60500,31,103,$0,1,52,https://www.district.in/movies/i-know-what-you-did-last-summer-movie-tickets-MV194559
1582,water theme park delhi,49500,21,212,$0.05,10,45,https://www.district.in/activities/
1583,urvashi movie theatre,49500,12,975,$0.18,3,22,https://www.district.in/movies/urvasi-complex-rajahmundry-in-rajahmundry-CD1076935
1584,upcoming movie of bollywood,49500,6,3262,$0,1,50,https://www.district.in/movies/upcoming-hindi-movies
1585,the running man movie,49500,30,103,$0,1,45,https://www.district.in/movies/the-running-man-movie-tickets-MV199419
1586,michael movie 2026,49500,17,450,$0.03,1,43,https://www.district.in/movies/michael-movie-tickets-MV185320
1587,margao in goa,49500,77,103,$0.16,1,30,https://www.district.in/movies/inox-osia-a-wing-margao-goa-in-goa-CD1029279
1588,latest tamil movies,60500,17,277,$0.02,1,31,https://www.district.in/movies/tamil-movies-tickets-in-chennai
1589,mount road devi theatre,49500,2,8019,$0.19,3,22,https://www.district.in/movies/devi-cineplex-anna-salai-chennai-in-chennai-CD4184
1590,devi theater,49500,5,8019,$0.13,2,30,https://www.district.in/movies/devi-cineplex-anna-salai-chennai-in-chennai-CD4184
1591,coffee shops bangalore,49500,76,103,$0.29,5,29,https://www.district.in/events/japanese-art-form-kintsugi-by-hues-unclub-may3-2026-buy-tickets
1592,book tickets online movies,49500,3,8019,$0.07,13,82,https://www.district.in/movies/
1593,aries theatre trivandrum,49500,10,559,$0.09,3,30,https://www.district.in/movies/ariesplex-sl-cinemas-cinionic-dolby-atmos-vanchiyoor-thiruvananthapuram-in-panachamoodu-CD1018571
1594,aries cinema,49500,8,975,$0.08,4,22,https://www.district.in/movies/ariesplex-sl-cinemas-cinionic-dolby-atmos-vanchiyoor-thiruvananthapuram-in-thiruvananthapuram-CD1018571
1595,rohini g3s,49500,2,8019,$0.07,3,19,https://www.district.in/movies/g3s-cinema-garg-trade-centre-sector-11-rohini-new-delhi-in-new-delhi-CD2338
1596,rio's,49500,62,103,$0.05,1,43,https://www.district.in/dining/hyderabad/rio-cafe-sd-road-secunderabad
1597,ricky bahl,49500,32,103,$0.07,1,44,https://www.district.in/movies/ladies-vs-ricky-bahl-2011-movie-tickets-in-thane-MV137399
1598,ramayana casting,49500,8,3262,$0,1,27,https://www.district.in/movies/ramayana-movie-tickets-MV176276
1599,pet detective,22200,14,742,$0.23,1,28,https://www.district.in/movies/the-pet-detective-movie-tickets-in-tasgaon-MV191001
1600,online ticket booking of movie,49500,3,8019,$0.08,14,59,https://www.district.in/movies/
1601,next csk matches,22200,5,3262,$0.02,1,32,https://www.district.in/events/chennai-super-kings-team
1602,films in theaters now,49500,6,3262,$0.02,1,83,https://www.district.in/movies/new-delhi-movie-tickets
1603,pisco by the beach,33100,8,3262,$0,4,16,https://www.district.in/dining/goa/pisco-by-the-beach-anjuna
1604,o romeo release date,70,10,1267,$0,1,5,https://www.district.in/movies/o-romeo-movie-tickets-MV206123
1605,new movies telugu,49500,8,1673,$0.02,1,54,https://www.district.in/movies/upcoming-telugu-movies
1606,mumbai vs himachal pradesh,49500,15,292,$0,1,20,https://www.district.in/events/tata-ipl-2026-match-58-punjab-kings-vs-mumbai-indians-buy-tickets
1607,movies on mobile,49500,20,252,$0.50,1,87,https://www.district.in/movies/
1608,mandi 36 arabian kitchen,40500,7,4816,$0.19,12,23,https://www.district.in/dining/hyderabad/mandi-@-36-arabian-kitchen-gachibowli
1609,ladies vs ricky,1300,17,450,$0,1,13,https://www.district.in/movies/ladies-vs-ricky-bahl-2011-movie-tickets-MV137399
1610,jolly llb 3 reviews,49500,17,450,$0,1,38,https://www.district.in/movies/jolly-llb-3-movie-tickets-MV172789
1611,sl cinemas trivandrum,49500,9,1267,$0.08,4,21,https://www.district.in/movies/ariesplex-sl-cinemas-cinionic-dolby-atmos-vanchiyoor-thiruvananthapuram-in-panachamoodu-CD1018571
1612,zomato offers code,49500,19,212,$0.01,10,23,https://www.district.in/
1613,w a r film movie,49500,11,975,$0,1,62,https://www.district.in/movies/war-2019-movie-tickets-in-mappedu-MV134072
1614,flashback,5400,11,975,$0,1,77,https://www.district.in/movies/flashback-movie-tickets-MV153634
1615,films now in theaters,49500,4,4816,$0.02,1,40,https://www.district.in/movies/
1616,film nagar hyderabad,49500,75,103,$0.09,6,18,https://www.district.in/movies/hyderabad-movie-tickets
1617,f9 go karting,33100,6,8019,$0.22,6,24,https://www.district.in/events/f9-gokarting-sector-18-buy-tickets
1618,delhi vs andhra,49500,24,113,$0,1,27,https://www.district.in/
1619,km movies,49500,7,1267,$0,1,21,https://www.district.in/movies/cinema-near-me
1620,inox cinema,49500,8,2321,$0.03,4,34,https://www.district.in/movies/inox-chennai-citi-centre-mylapore-chennai-in-chennai-CD1020774
1621,hindi upcoming film,49500,9,1673,$0.01,1,49,https://www.district.in/movies/upcoming-hindi-movies
1622,happy journey,49500,12,975,$0,1,32,https://www.district.in/movies/happy-journey-movie-tickets-in-vele-MV209947
1623,current hindi movies,49500,21,163,$0.01,1,58,https://www.district.in/movies/upcoming-hindi-movies
1624,cast of eleven film,40500,11,1267,$0,1,35,https://www.district.in/movies/eleven-movie-tickets-in-chennai-MV181369
1625,bollywood upcoming movie,49500,6,2321,$0.01,1,62,https://www.district.in/movies/upcoming-hindi-movies
1626,band melam,49500,10,1673,$0.15,1,22,https://www.district.in/movies/band-melam-movie-tickets-in-nellore-MV216296
1627,water park in delhi and ncr,49500,8,4816,$0.03,8,44,https://www.district.in/activities/water-parks-in-delhi-ncr/
1628,war 2019,49500,11,1267,$0,1,45,https://www.district.in/movies/war-2019-movie-tickets-MV134072
1629,vidya theatre tambaram,49500,3,4816,$0.14,1,27,https://www.district.in/movies/vidya-theatre-4k-dolby-atmos-tambaram-w-chennai-in-chennai-CD1037496
1630,the filter coffee,40500,27,118,$0.02,8,28,https://www.district.in/dining/bangalore/the-filter-coffee-ashok-nagar-bangalore
1631,taj mahal ticket,49500,4,4816,$0.47,24,35,https://www.district.in/events/taj-mahal-monument-buy-tickets
1632,six mile,49500,23,163,$0.29,3,19,https://www.district.in/dining/guwahati/michinga-six-mile
1633,ram theatre tirunelveli,40500,6,1673,$0.04,1,25,https://www.district.in/movies/cinemas-in-tirunelveli
1634,where to watch lucknow super giants vs punjab kings,60500,2,15048,$0,1,33,https://www.district.in/events/screening-of-lsg-vs-pbks-lucknow-super-giants-vs-punjab-kings-may23-2026-buy-tickets
1635,mantra mall,49500,3,4816,$0,4,34,https://www.district.in/movies/cinepolis-mantra-mall-upparpally-hyderabad-in-hyderabad-CD1977
1636,latest movies malayalam,60500,12,742,$0,1,59,https://www.district.in/movies/upcoming-malayalam-movies
1637,rajasthan royals vs lucknow super giants matches,49500,5,4816,$0,1,21,https://www.district.in/events/tata-ipl-2026-match-64-rajasthan-royals-vs-lucknow-super-giants-may19-2026-buy-tickets
1638,pvp square,40500,4,4816,$0,15,35,https://www.district.in/movies/cinepolis-pvp-square-mogalrajapuram-vijayawada-in-vijayawada-CD155
1639,patriot malayalam movie,49500,9,3262,$0.15,1,24,https://www.district.in/movies/patriot-movie-tickets-MV207412
1640,park square mall,49500,5,3262,$0,7,30,https://www.district.in/movies/pvr-aura-park-square-whitefield-bengaluru-in-bengaluru-CD1022308
1641,pacific mall ghaziabad,40500,8,975,$0.02,4,27,https://www.district.in/movies/moviemax-pacific-mall-ghaziabad-in-ghaziabad-CD33325
1642,online movie ticket reservation,49500,3,8019,$0.09,11,39,https://www.district.in/movies/
1643,nexus centre city,40500,9,975,$0,7,28,https://www.district.in/movies/pvr-nexus-mall-centre-city-hyderali-road-mysuru-in-mysuru-CD1024988
1644,next galleria mall,74000,8,1267,$0,5,37,https://www.district.in/movies/pvr-next-galleria-mall-panjagutta-hyderabad-in-hyderabad-CD1022281
1645,narapally,40500,10,1267,$0.15,6,45,https://www.district.in/movies/asian-mukta-a2-cinemas-mjr-square-narapally-in-hyderabad-CD1041683
1646,movie ticket bookmyshow,33100,6,1673,$0.02,1,66,https://www.district.in/movies/
1647,movie online ticket booking,49500,3,8019,$0.06,21,26,https://www.district.in/movies/
1648,miraj cinemas wadala,12100,4,3262,$0.15,9,21,https://www.district.in/movies/miraj-cinemas-imax-wadala-in-mumbai-CD1038682
1649,dhadak 2 release date,49500,11,975,$0,1,29,https://www.district.in/movies/dhadak-2-movie-tickets-MV173914
1650,devi cinemas anna salai,49500,2,8019,$0.13,2,27,https://www.district.in/movies/devi-cineplex-anna-salai-chennai-in-chennai-CD4184
1651,bookmyshow movie tickets,18100,3,8019,$0.03,1,65,https://www.district.in/movies/
1652,hauz khas fort new delhi delhi,60500,7,3262,$0.12,2,32,https://www.district.in/events/hauz-khas-complex-buy-tickets
1653,haunted 3d ghost of the past,14800,10,2321,$0,1,28,https://www.district.in/movies/haunted-ghosts-of-the-past-3d-movie-tickets-MV196086
1654,guru sweet mart,40500,10,1267,$0,9,28,https://www.district.in/dining/mysore/guru-sweet-mart-1-chamrajpura
1655,good restaurants bangalore,60500,66,103,$0.29,3,32,https://www.district.in/events/girls-only-soiree-bangalore-apr25-2026-buy-tickets
1656,ganesh wallpaper,60500,45,103,$0.01,5,38,https://www.district.in/movies/day-11-movie-tickets-MV221079
1657,e ticket for taj mahal,49500,6,2321,$0.60,24,19,https://www.district.in/events/taj-mahal-monument-buy-tickets
1658,beyond in hindi,49500,47,103,$0,1,21,https://www.district.in/events/tot-dance-workshop-apr26-2026-buy-tickets
1659,best restaurants in hyd,60500,60,103,$0.05,6,31,https://www.district.in/
1660,animal 2023,60500,11,1267,$0,1,36,https://www.district.in/movies/animal-2023-movie-tickets-MV142563
1661,upcoming bollywood movies,49500,4,3262,$0.01,1,27,https://www.district.in/movies/upcoming-hindi-movies
1662,upcoming movie hindi,49500,5,4816,$0.01,1,55,https://www.district.in/movies/upcoming-hindi-movies
1663,upcoming movies of bollywood,49500,8,2321,$0.01,1,65,https://www.district.in/movies/upcoming-hindi-movies
1664,michael 2026,1900,12,1267,$0,1,55,https://www.district.in/movies/michael-movie-tickets-MV185320
1665,meaning of h a i l,49500,86,103,$0,1,44,https://www.district.in/movies/
1666,kd,33100,15,975,$0.16,1,31,https://www.district.in/movies/kd-movie-tickets-MV157420
1667,karuppu movie,8100,10,2321,$0,1,22,https://www.district.in/movies/karuppu-movie-tickets-MV200421
1668,junction,49500,34,103,$0,1,45,https://www.district.in/dining/bangalore/junction-restaurant-varthur-main-road-whitefield-bangalore
1669,movies in theaters now,40500,11,975,$0.02,2,18,https://www.district.in/movies/mumbai-movie-tickets
1670,theaters new movies,49500,8,2321,$0.02,1,72,https://www.district.in/movies/
1671,tanu and manu,49500,15,559,$0,1,46,https://www.district.in/movies/tanu-weds-manu-returns-2015-movie-tickets-MV140702
1672,water parks in delhi and ncr,49500,13,1673,$0.05,10,34,https://www.district.in/activities/water-parks-activities-in-delhi-ncr/
1673,movie booking online,49500,3,8019,$0.11,11,64,https://www.district.in/movies/
1674,pooja store near me,49500,44,103,$0.45,7,22,https://www.district.in/movies/jana-nayagan-movie-tickets-MV188681
1675,online movie ticket booking,49500,3,8019,$0.06,21,26,https://www.district.in/movies/
1676,new movie telugu,49500,52,103,$0.04,1,55,https://www.district.in/movies/hyderabad-movie-tickets
1677,fish and aquarium,49500,33,103,$0.02,17,26,https://www.district.in/events/aquarium-paradise-bengaluru-2025-buy-tickets
1678,drizzling land in ghaziabad,49500,6,2321,$0.11,1,19,https://www.district.in/events/drizzling-land-water-amusement-park-ghaziabad-buy-tickets
1679,hauz khas complex,27100,9,2321,$0,7,24,https://www.district.in/events/hauz-khas-complex-buy-tickets
1680,grand masti movies,3600,39,103,$0.09,1,33,https://www.district.in/
1681,best dining restaurants in bangalore,49500,45,103,$0.07,13,30,https://www.district.in/dining/
1682,2017,49500,73,103,$0,1,83,https://www.district.in/movies/ninnu-kori-2017-movie-tickets-in-kadapa-MV6
1683,pvr grand mall velachery,49500,3,4816,$0.05,4,21,https://www.district.in/movies/pvr-grand-mall-velachery-chennai-in-chennai-CD1022271
1684,water park in delhi ncr,49500,7,3262,$0.03,8,20,https://www.district.in/activities/water-parks-in-new-delhi/
1685,vash level 1,40500,15,450,$0.75,1,29,https://www.district.in/movies/vash-level-2-movie-tickets-MV188260
1686,upcoming movies hindi movies,49500,3,8019,$0,1,45,https://www.district.in/movies/upcoming-hindi-movies
1687,hindi upcoming films,49500,3,8019,$0.01,1,45,https://www.district.in/movies/upcoming-hindi-movies
1688,ghaziabad pacific mall,40500,11,742,$0.22,7,20,https://www.district.in/movies/moviemax-pacific-mall-ghaziabad-in-ghaziabad-CD33325
1689,aries theatre,49500,10,975,$0.08,4,38,https://www.district.in/movies/ariesplex-sl-cinemas-cinionic-dolby-atmos-vanchiyoor-thiruvananthapuram-in-panachamoodu-CD1018571
1690,doolally taproom khar,22200,8,3262,$0.28,12,26,https://www.district.in/dining/mumbai/doolally-taproom-khar
1691,devi cinemas location,49500,3,8019,$0.13,2,29,https://www.district.in/movies/devi-cineplex-anna-salai-chennai-in-chennai-CD4184
1692,delhi water park,49500,4,15048,$0.14,2,28,https://www.district.in/activities/water-parks-in-new-delhi/
1693,bar palladio,40500,21,212,$0.65,3,31,https://www.district.in/dining/jaipur/bar-palladio-jaipur-narayan-singh-circle
1694,anand cinema,40500,6,4816,$0.01,2,31,https://www.district.in/movies/anand-movie-tickets
1695,agra taj mahal ticket,49500,8,1673,$0.60,24,18,https://www.district.in/events/taj-mahal-monument-buy-tickets
1696,pvp square vijayawada,49500,8,1673,$0.18,6,22,https://www.district.in/movies/cinepolis-pvp-square-mogalrajapuram-vijayawada-in-vijayawada-CD155
1697,places in indore,49500,83,103,$0.06,7,25,https://www.district.in/movies/
1698,new movies and release dates,49500,5,3262,$0.01,1,70,https://www.district.in/movies/upcoming-movies
1699,nearby swimming pool,33100,23,212,$0.14,5,24,https://www.district.in/play/swimming-pools-in-gurgaon
1700,rameshwaram cafe pune,40500,12,975,$0.05,1,26,https://www.district.in/dining/pune/the-rameshwaram-cafe-viman-nagar
1701,new movies release date,49500,4,4816,$0.01,1,71,https://www.district.in/movies/upcoming-hindi-movies
1702,nancy's,49500,7,4816,$0.01,1,31,https://www.district.in/dining/bangalore/nancys-sarjapur-road-bangalore
1703,movies upcoming bollywood,49500,5,3262,$0,1,54,https://www.district.in/movies/upcoming-hindi-movies
1704,mohali walk,49500,1,15048,$0.01,4,34,https://www.district.in/movies/pvr-mohali-walk-sector-62-mohali-in-mohali-CD1034377
1705,miraj cinema wadala,5400,5,3262,$0.12,10,21,https://www.district.in/movies/miraj-cinemas-imax-wadala-in-mumbai-CD1038682
1706,upcoming movie release date,49500,6,3262,$0.42,2,57,https://www.district.in/movies/upcoming-movies
1707,upcoming movie bollywood,49500,6,3262,$0.01,1,51,https://www.district.in/movies/upcoming-hindi-movies
1708,upcoming bollywood films,49500,6,3262,$0.01,1,55,https://www.district.in/movies/upcoming-hindi-movies
1709,top movies collection in india,49500,31,103,$0,1,38,https://www.district.in/movies/
1710,royal challengers bengaluru vs gujarat titans tickets,880,7,2321,$0.12,1,23,https://www.district.in/events/ipl-ticket-booking
1711,ramayana cast,49500,9,4816,$0,1,28,https://www.district.in/movies/ramayana-movie-tickets-MV176276
1712,ram ashraya,49500,11,1267,$0,3,33,https://www.district.in/dining/mumbai/ram-ashraya-since-1939-matunga-east
1713,tajmahal ticket,49500,6,3262,$0.37,19,38,https://www.district.in/events/taj-mahal-monument-buy-tickets
1714,roast 24 seven,49500,13,975,$0,4,29,https://www.district.in/dining/hyderabad/roast-24-seven-gachibowli
1715,marvel movie max,18100,20,163,$0.17,1,31,https://www.district.in/movies/thiruvallur-movie-tickets
1716,mall de goa porvorim,49500,14,371,$0,5,21,https://www.district.in/movies/inox-porvorim-bardez-goa-in-goa-CD1029280
1717,mall de goa,49500,28,103,$0.01,4,29,https://www.district.in/movies/inox-porvorim-bardez-goa-in-goa-CD1029280
1718,mahagun metro mall,40500,2,8019,$0.11,4,27,https://www.district.in/movies/pvr-mahagun-mahagun-metro-mall-ghaziabad-in-new-delhi-CD1020699
1719,current movies in theaters,49500,5,8019,$0.01,2,57,https://www.district.in/movies/hyderabad-movie-tickets
1720,chinese foodies,49500,5,4816,$0.11,1,21,https://www.district.in/dining/mumbai/chinese-foodies-mira-road
1721,inox bund garden pune,49500,3,4816,$0.16,5,21,https://www.district.in/movies/inox-bund-garden-bund-garden-road-pune-in-pune-CD1019930
1722,hauz khas fort delhi,60500,7,3262,$0.12,2,34,https://www.district.in/events/hauz-khas-complex-buy-tickets
1723,ghazals,60500,25,133,$0.02,1,49,https://www.district.in/events/shaamemehfil-with-papon-chandigarh-2026-buy-tickets
1724,bookmyshow guntur,49500,3,4816,$0.06,1,33,https://www.district.in/movies/guntur-movie-tickets
1725,bookmyshow gandhinagar,40500,19,163,$0.02,1,30,https://www.district.in/movies/gandhinagar-movie-tickets
1726,ramayana actors,49500,8,3262,$0,1,29,https://www.district.in/movies/ramayana-movie-tickets-MV176276
1727,pvr bhilai,40500,2,8019,$0.04,1,31,https://www.district.in/movies/pvr-treasure-island-nehru-nagar-bhilai-in-rajnandgaon-CD1020677
1728,the bier library,40500,12,975,$0.17,6,19,https://www.district.in/dining/bangalore/the-bier-library-sarjapur-road-bangalore
1729,water parks of delhi,49500,11,1673,$0.05,10,26,https://www.district.in/activities/theme-parks-activities-in-delhi-ncr/
1730,water park delhi,49500,10,2321,$0.06,2,28,https://www.district.in/activities/water-parks-in-new-delhi/
1731,upcoming movies release date,49500,5,3262,$0.11,1,19,https://www.district.in/movies/upcoming-hindi-movies
1732,upcoming movies in bollywood,49500,8,2321,$0.01,1,65,https://www.district.in/movies/upcoming-hindi-movies
1733,pacific mall subhash nagar pvr,49500,2,8019,$0.05,4,21,https://www.district.in/movies/pvr-pacific-subhash-nagar-new-delhi-in-new-delhi-CD1022260
1734,new movie and release date,49500,9,1267,$0.10,1,57,https://www.district.in/movies/upcoming-hindi-movies
1735,movie blaster,49500,26,103,$0,1,9,https://www.district.in/events/isl-2025-26-kerala-blasters-fc-vs--mohammedan-sc-buy-tickets
1736,meridian restaurant,40500,6,4816,$0,4,32,https://www.district.in/dining/hyderabad/meridian-restaurant-2-panjagutta
1737,meaning of embrace in hindi,8100,49,103,$0,1,7,https://www.district.in/events/japanese-kintsugi-may17-2026-buy-tickets
1738,mayan beach club,49500,4,4816,$1.02,3,28,https://www.district.in/dining/goa/mayan-beach-club-2-anjuna
1739,mall of jaipur,49500,8,2321,$0.01,5,29,https://www.district.in/movies/pvr-mall-of-jaipur-vaishali-nagar-jaipur-in-jaipur-CD1024434
1740,malayalam to hindi,49500,95,103,$0.08,1,27,https://www.district.in/events/thalapathified-tamil-singalong-jamming-bangalore-may17-2026-buy-tickets
1741,tanu manu movie,49500,17,450,$0,1,32,https://www.district.in/movies/tanu-weds-manu-returns-2015-movie-tickets-MV140702
1742,screen meaning in hindi,49500,35,103,$0,1,24,https://www.district.in/movies/
1743,sattva necklace mall,49500,4,3262,$0.11,4,29,https://www.district.in/movies/inox-sattva-necklace-mall-kavadiguda-hyderabad-in-hyderabad-CD1020781
1744,sandhya,49500,19,292,$0,1,45,https://www.district.in/movies/sandhya-theatre-rgb-laser-atmos-madivala-bengaluru-in-bengaluru-CD1042226
1745,hauz khas fort,33100,6,4816,$0,6,24,https://www.district.in/events/hauz-khas-complex-buy-tickets
1746,film online ticket booking,49500,3,8019,$0.08,14,54,https://www.district.in/movies/
1747,kollywood latest movies,49500,33,103,$0.03,1,55,https://www.district.in/movies/upcoming-tamil-movies
1748,k d movie,12100,9,2321,$0,1,39,https://www.district.in/movies/kd-the-devil-movie-tickets-in-vele-MV157420
1749,in a,49500,47,103,$0.02,1,33,https://www.district.in/events/screening-of-in-the-mood-for-lovescc-candlelight-cinema-may24-2026-buy-tickets
1750,hindi movies upcoming,49500,5,3262,$0,1,45,https://www.district.in/movies/upcoming-hindi-movies
1751,athiradi 2026,480,10,1673,$0,1,22,https://www.district.in/movies/athiradi-movie-tickets-MV208195
1752,and dim sum,49500,17,292,$0.21,1,22,https://www.district.in/dining/mumbai/dimsum-w-borivali-west
1753,anand cinemas,49500,5,8019,$0,2,33,https://www.district.in/movies/anand-cinemas-dolby-atmos-4k-rgb-laser-market-road-marthandam-in-vellichanthai-CD9420
1754,cricket ground in noida,49500,27,113,$0.07,5,17,https://www.district.in/play/
1755,bookmyshow warangal,49500,21,118,$0,1,32,https://www.district.in/movies/warangal-movie-tickets
1756,cast of ikkis,2400,10,1267,$0,1,22,https://www.district.in/movies/ikkis-movie-tickets-in-vele-MV173204
1757,wave mall jammu cinema,49500,4,3262,$0.07,2,21,https://www.district.in/movies/wave-one-movies-channi-rama-jammu-in-jammu-CD1041061
1758,vivo pro kabaddi 2025,49500,19,212,$0,1,44,https://www.district.in/events/pkl-2025-chennai-team
1759,vicky donor movie,49500,9,2321,$0,1,27,https://www.district.in/movies/vicky-donor-2012-movie-tickets-in-thane-MV137829
1760,sundar theatre chennai,49500,29,103,$0.07,1,22,https://www.district.in/movies/cinemas-in-chennai
1761,sundar cinemas chennai,49500,27,103,$0.07,1,22,https://www.district.in/movies/chennai-movie-tickets
1762,pluto's,49500,19,292,$0.32,1,41,https://www.district.in/dining/ncr/plutos-vasant-kunj-new-delhi
1763,toit pune,40500,9,1673,$0.34,8,33,https://www.district.in/dining/pune/toit-1-kalyani-nagar
1764,now in theaters,49500,9,1673,$0.02,1,54,https://www.district.in/movies/bengaluru-movie-tickets
1765,csk vs pbks 2026,480,9,2321,$0.06,1,22,https://www.district.in/events/ipl-ticket-booking
1766,cross river mall shahdara,40500,2,8019,$0.20,5,19,https://www.district.in/movies/cinepolis-cross-river-mall-shahdara-new-delhi-in-faridabad-CD1333
1767,cricket t20 world cup tickets,49500,25,118,$0.60,3,27,https://www.district.in/events/sports-in-gurgaon-book-tickets
1768,hotel shubham celebrations,49500,13,450,$0.14,7,30,https://www.district.in/dining/hyderabad/hotel-shubham-celebrations-miyapur
1769,hd images of radha krishna,40500,54,103,$0,18,23,https://www.district.in/movies/krishnavataram-part-1-the-heart-hridayam-movie-tickets-MV219513
1770,famous restaurants in hyd,60500,49,103,$0.05,6,30,https://www.district.in/events/rock-on-harris-hyderabad-2026-buy-tickets
1771,1up gaming,22200,3,4816,$0.63,1,29,https://www.district.in/events/1up-gaming-cafe-2026-buy-tickets
1772,mahesh manjrekar actor,49500,56,103,$0,1,48,https://www.district.in/movies/raja-shivaji-movie-tickets-MV170361
1773,latest movies kollywood,49500,39,103,$0.08,1,59,https://www.district.in/movies/tamil-movies-tickets-in-chennai
1774,latest films tamil,49500,24,118,$0.08,1,75,https://www.district.in/movies/chennai-movie-tickets
1775,latest films in malayalam,49500,16,277,$0,1,38,https://www.district.in/movies/upcoming-malayalam-movies
1776,zomato restaurant partnership,49500,40,103,$2.06,1,30,https://www.district.in/
1777,vidhya theatre,49500,2,8019,$0.14,1,32,https://www.district.in/movies/vidya-theatre-4k-dolby-atmos-tambaram-w-chennai-in-chennai-CD1037496
1778,upcoming movies bollywood,49500,5,3262,$0.01,1,27,https://www.district.in/movies/upcoming-hindi-movies
1779,upcoming movie release dates,49500,6,1673,$0.10,1,67,https://www.district.in/movies/upcoming-movies
1780,upcoming films in bollywood,49500,8,2321,$0.01,1,65,https://www.district.in/movies/upcoming-hindi-movies
1781,upcoming bollywood film,49500,7,2321,$0.01,1,63,https://www.district.in/movies/upcoming-hindi-movies
1782,unity one elegante,22200,11,742,$0.24,4,29,https://www.district.in/events/timezone-unity-one-elegante-nov-2025-buy-tickets
1783,online film ticket booking,49500,3,8019,$0.08,14,78,https://www.district.in/movies/
1784,k m movie,49500,7,1673,$0,1,24,https://www.district.in/movies/cinemas-in-indore
1785,donor vicky,49500,17,371,$0,1,30,https://www.district.in/movies/vicky-donor-movie-tickets-MV137829
1786,die my love,60500,27,118,$0,1,49,https://www.district.in/movies/die-my-love-movie-tickets-MV177283
1787,cinema in anand,49500,6,4816,$0.10,2,23,https://www.district.in/movies/anand-movie-tickets
1788,bollywood movie upcoming,49500,6,3262,$0,1,50,https://www.district.in/movies/upcoming-hindi-movies
1789,hd pictures of radha krishna,49500,67,103,$0.01,15,29,https://www.district.in/movies/krishnavataram-part-1-the-heart-hridayam-movie-tickets-MV219513
1790,gopalakrishna theatre chennai,40500,6,3262,$0.10,1,18,https://www.district.in/movies/sri-gopalakrishna-theater-2k-a-c-dolby-7-1-karanodai-redhills-chennai-in-madaharpakkam-CD1028407
1791,forum kochi,60500,9,975,$0,4,38,https://www.district.in/movies/pvr-forum-mall-nh-47-kochi-in-kochi-CD1025902
1792,forthcoming bollywood films,49500,2,15048,$0,1,72,https://www.district.in/movies/upcoming-hindi-movies
1793,ace film,33100,12,975,$0,1,42,https://www.district.in/movies/ace-movie-tickets-in-gurgaon-MV173971
1794,the pet detective,40500,15,742,$0.41,1,33,https://www.district.in/movies/the-pet-detective-movie-tickets-in-barrackpore-MV191001
1795,tank bund lake,40500,54,103,$0.16,3,25,https://www.district.in/events/pata-aata-telugu-music-jam-night-khammam-may17-2026-buy-tickets
1796,district centre delhi,49500,10,1267,$0.10,3,25,https://www.district.in/movies/inox-janak-place-district-centre-new-delhi-in-gurgaon-CD1018956
1797,dim sum,40500,37,103,$1.02,1,30,https://www.district.in/dining/mumbai/dimsum-w-borivali-west
1798,t20 ipl match today,12100,30,103,$0.01,1,61,https://www.district.in/events/ipl-ticket-booking
1799,upcoming films bollywood,49500,7,2321,$0.01,1,51,https://www.district.in/movies/upcoming-hindi-movies
1800,upcoming film of bollywood,49500,5,3262,$0.01,1,60,https://www.district.in/movies/upcoming-hindi-movies
1801,upcoming film in bollywood,49500,5,4816,$0,1,55,https://www.district.in/movies/upcoming-hindi-movies
1802,upcoming bollywood hindi movies,49500,5,3262,$0.01,1,51,https://www.district.in/movies/upcoming-hindi-movies
1803,km movie,49500,7,1673,$0,1,17,https://www.district.in/movies/cinemas-in-indore
1804,kkr vs srh match,720,8,1267,$0,1,21,https://www.district.in/events/tata-ipl-2026-match-45--sunrisers-hyderabad-vs-kolkata-knight-riders-buy-tickets
1805,kd movie,18100,16,450,$0.02,1,24,https://www.district.in/movies/kd-movie-tickets-MV157420
1806,hindi film upcoming,49500,5,4816,$0,1,52,https://www.district.in/movies/upcoming-hindi-movies
1807,gupta ravi,49500,12,975,$0.02,1,32,https://www.district.in/events/ravi-gupta/artist
1808,brews,60500,32,103,$0.98,1,50,https://www.district.in/dining/chennai/brews-beyond-besant-nagar
1809,book the movie tickets online,49500,4,8019,$0.06,12,63,https://www.district.in/movies/
1810,bollywood movies upcoming movies,49500,7,2321,$0.01,1,60,https://www.district.in/movies/upcoming-hindi-movies
1811,bhilai pvr cinemas,49500,2,8019,$0.05,1,19,https://www.district.in/movies/pvr-treasure-island-nehru-nagar-bhilai-in-rajnandgaon-CD1020677
1812,aus vs india tickets,49500,31,103,$0.39,2,23,https://www.district.in/events/sports-in-gurgaon-book-tickets
1813,r mall mulund,40500,5,4816,$0.15,9,28,https://www.district.in/movies/miraj-cinemas-r-mall-mulund-in-bhiwandi-CD1013961
1814,pvr velachery,49500,3,4816,$0.05,4,34,https://www.district.in/movies/pvr-grand-mall-velachery-chennai-in-chennai-CD1022271
1815,pvr superplex forum mall south bengaluru,49500,2,8019,$0.08,8,20,https://www.district.in/movies/pvr-superplex-forum-mall-kanakapura-road-bengaluru-in-bengaluru-CD1022305
1816,pvp vijayawada,40500,7,1673,$0,15,35,https://www.district.in/movies/cinepolis-pvp-square-mogalrajapuram-vijayawada-in-vijayawada-CD155
1817,vicky donor hindi movie,49500,13,975,$0,1,30,https://www.district.in/movies/vicky-donor-movie-tickets-MV137829
1818,upcoming movie in bollywood,49500,7,3262,$0,1,48,https://www.district.in/movies/upcoming-hindi-movies
1819,malayalam films latest,49500,21,212,$0,1,46,https://www.district.in/movies/upcoming-malayalam-movies
1820,latest tamil cinema,49500,19,292,$0.03,1,56,https://www.district.in/movies/tamil-movies-tickets-in-chennai
1821,latest movies in malayalam,49500,9,975,$0,1,45,https://www.district.in/movies/upcoming-malayalam-movies
1822,opulent mall in ghaziabad,49500,7,1673,$0.12,5,21,https://www.district.in/movies/pvr-opulent-the-opulent-mall-ghaziabad-in-new-delhi-CD1036404
1823,new movies at the movie theater,49500,7,3262,$0.02,1,45,https://www.district.in/movies/gurgaon-movie-tickets
1824,new in movie theaters,49500,4,4816,$0.02,1,50,https://www.district.in/movies/cinema-near-me
1825,new film release date,49500,4,4816,$0.01,1,71,https://www.district.in/movies/upcoming-hindi-movies
1826,movies currently in theaters,49500,6,4816,$0.01,2,49,https://www.district.in/movies/cinema-near-me
1827,movie champion,8100,10,1673,$0,1,52,https://www.district.in/movies/champion-movie-tickets-in-kurnool-MV193511
1828,modi mall,49500,4,3262,$0,6,34,https://www.district.in/movies/cinepolis-modi-mall-formerly-spice-mall-noida-in-new-delhi-CD3134
1829,the big chill,27100,15,292,$0.39,6,68,https://www.district.in/dining/ncr/the-big-chill-kailash-colony-new-delhi
1830,taj mahal tickets,49500,5,3262,$0.48,33,37,https://www.district.in/events/taj-mahal-monument-buy-tickets
1831,shin chan new movie,60500,30,103,$0,1,23,https://www.district.in/movies/shin-chan-the-spicy-kasukabe-dancers-in-india-movie-tickets-MV198610
1832,pvr logix noida,40500,2,8019,$0.04,5,27,https://www.district.in/movies/pvr-superplex-logix-sector-32-noida-in-new-delhi-CD1024414
1833,pooja deol,49500,43,103,$0,1,32,https://www.district.in/movies/jan-neta-movie-tickets-MV212360
1834,urvashi cinemas bangalore,49500,19,252,$0.14,4,28,https://www.district.in/movies/
1835,indian movies upcoming,49500,5,3262,$0.01,1,49,https://www.district.in/movies/upcoming-hindi-movies
1836,indian movie upcoming,49500,5,3262,$0.01,1,48,https://www.district.in/movies/upcoming-hindi-movies
1837,icc men's t20 world cup tickets,49500,47,103,$0.22,1,38,https://www.district.in/events/sports-in-gurgaon-book-tickets
1838,hase to phase,49500,17,371,$0,1,46,https://www.district.in/movies/hasee-toh-phasee-2014-movie-tickets-MV138884
1839,gopala krishna theatre chennai,49500,3,4816,$0.04,1,17,https://www.district.in/movies/sri-gopalakrishna-theater-2k-a-c-dolby-7-1-karanodai-redhills-chennai-in-uthukottai-CD1028407
1840,good movie romance,49500,47,103,$0.83,1,79,https://www.district.in/movies/
1841,bollywood films upcoming,49500,7,2321,$0,1,57,https://www.district.in/movies/upcoming-hindi-movies
1842,aries plex cinemas,49500,8,975,$0.16,3,30,https://www.district.in/movies/ariesplex-sl-cinemas-cinionic-dolby-atmos-vanchiyoor-thiruvananthapuram-in-trivandrum-CD1018571
1843,anand theatre,40500,7,3262,$0.01,2,31,https://www.district.in/movies/sp-anand-cinemas-bhanugudi-junction-kakinada-in-kakinada-CD1031589
1844,airlines hotel,49500,17,371,$0.26,5,34,https://www.district.in/dining/bangalore/airlines-hotel-lavelle-road
1845,drizzling land water park ghaziabad,49500,10,1673,$0.05,5,28,https://www.district.in/events/drizzling-land-water-amusement-park-ghaziabad-buy-tickets
1846,cok kochi,49500,79,103,$0.53,1,40,https://www.district.in/
1847,butterfly high,49500,27,133,$0.14,7,35,https://www.district.in/dining/hyderabad/butterfly-high-1-hitech-city
1848,district centre,49500,4,15048,$0.10,3,22,https://www.district.in/movies/inox-janak-place-district-centre-new-delhi-in-gurgaon-CD1018956
1849,dhurandhar revenge,22200,11,975,$0.02,1,29,https://www.district.in/movies/dhurandhar-the-revenge-movie-tickets-in-gurgaon-MV211577
1850,devi theatre in chennai,49500,2,8019,$0.13,2,33,https://www.district.in/movies/devi-cineplex-anna-salai-chennai-in-chennai-CD4184
1851,chor bazaar in delhi location,49500,53,103,$0.06,3,30,https://www.district.in/events/
1852,theater,49500,22,212,$0.37,1,46,https://www.district.in/movies/cinemas-in-hyderabad
1853,the opulent mall,49500,3,4816,$0,5,29,https://www.district.in/movies/pvr-opulent-the-opulent-mall-ghaziabad-in-new-delhi-CD1036404
1854,tambaram vidya theatre,49500,3,4816,$0.36,1,20,https://www.district.in/movies/vidya-theatre-4k-dolby-atmos-tambaram-w-chennai-in-chennai-CD1037496
1855,taj mahal e ticket,49500,5,2321,$0.54,33,35,https://www.district.in/events/taj-mahal-monument-buy-tickets
1856,rr vs csk 2026,49500,13,559,$0,1,20,https://www.district.in/events/ipl-ticket-booking
1857,upcoming hindi films,49500,5,3262,$0.01,1,53,https://www.district.in/movies/upcoming-hindi-movies
1858,lucknow super giants vs kolkata knight riders,49500,43,103,$0,1,20,https://www.district.in/events/ipl-ticket-booking
1859,love marriage 2025,49500,11,1673,$0,1,23,https://www.district.in/movies/love-marriage-movie-tickets-MV199006
1860,latest films malayalam,49500,11,559,$0,1,38,https://www.district.in/movies/upcoming-malayalam-movies
1861,seetha payanam,2400,11,1267,$0,1,21,https://www.district.in/movies/seetha-payanam-movie-tickets-MV195191
1862,ricky bahl movie,49500,10,1673,$0,1,42,https://www.district.in/movies/ladies-vs-ricky-bahl-2011-movie-tickets-in-thane-MV137399
1863,ram cinemas,40500,9,742,$0.04,1,30,https://www.district.in/movies/a-r-k-ram-muthuram-cinemas-rgb-dolby-atmos-madurai-road-tirunelveli-in-srivaikuntam-CD6081
1864,pvp square vijayawada andhra pradesh,49500,8,1267,$0.20,7,21,https://www.district.in/movies/cinepolis-pvp-square-mogalrajapuram-vijayawada-in-vijayawada-CD155
1865,pss multiplex theatre,49500,8,1673,$0.05,1,21,https://www.district.in/movies/pss-multiplex-tenkasi-in-tenkasi-CD1037510
1866,movies upcoming release dates,49500,4,4816,$0.01,1,87,https://www.district.in/movies/upcoming-movies
1867,movies for mobile,49500,19,277,$0.28,1,34,https://www.district.in/movies/
1868,movies don 2,49500,63,103,$0,1,45,https://www.district.in/movies/kurnool-movie-tickets
1869,hindi upcoming movie,49500,4,4816,$0.01,1,48,https://www.district.in/movies/upcoming-hindi-movies
1870,hail meaning,60500,77,103,$0,1,36,https://www.district.in/movies/
1871,h a i l meaning,49500,69,103,$0,1,51,https://www.district.in/movies/
1872,girlish wallpapers,49500,58,103,$0.08,1,46,https://www.district.in/movies/sereng-movie-tickets-MV221253
1873,bollywood upcoming movies,60500,6,2321,$0.02,1,32,https://www.district.in/movies/upcoming-hindi-movies
1874,bollywood movies upcoming,49500,7,2321,$0.01,1,65,https://www.district.in/movies/upcoming-hindi-movies
1875,blind spot movie 2025,49500,12,742,$0,1,28,https://www.district.in/movies/blind-spot-movie-tickets-MV197129
1876,best restaurants hyderabad,60500,56,103,$0.39,8,34,https://www.district.in/movies/
1877,bar palladio jaipur,40500,12,742,$0.65,3,26,https://www.district.in/dining/jaipur/bar-palladio-jaipur-narayan-singh-circle
1878,arpit bala,60500,6,4816,$0,1,36,https://www.district.in/arpit-bala/artist
1879,subham movie 2025,6600,12,975,$0.04,1,30,https://www.district.in/movies/subham-movie-tickets-MV196464
1880,rama mandi jalandhar,40500,21,212,$0.19,4,19,https://www.district.in/dining/jalandhar/jalandhar-manali-rama-mandi
1881,pvr pacific mall subhash nagar,49500,3,4816,$0.04,3,20,https://www.district.in/movies/pvr-pacific-subhash-nagar-new-delhi-in-new-delhi-CD1022260
1882,places to see in indore,49500,88,103,$0.07,13,23,https://www.district.in/movies/
1883,nexus ahmedabad one,40500,9,975,$0,6,27,https://www.district.in/movies/cinepolis-nexus-one-ahmedabad-in-ahmedabad-CD125
1884,next csk match,27100,5,3262,$0,1,21,https://www.district.in/events/chennai-super-kings-team
1885,movies now in cinema,49500,7,2321,$0.02,1,42,https://www.district.in/movies/new-delhi-movie-tickets
1886,mirai movie release date,14800,7,3262,$0,1,33,https://www.district.in/movies/mirai-movie-tickets-MV172573
1887,kake da hotel,40500,13,975,$0,7,28,https://www.district.in/dining/ncr/kake-da-hotel-connaught-place-new-delhi
1888,jammu wave mall,49500,8,1673,$0.03,1,22,https://www.district.in/movies/wave-one-movies-jammu-in-jammu-CD1041061
1889,films in theatres now,49500,7,3262,$0.02,1,57,https://www.district.in/movies/cinema-near-me
1890,f9 go karting gurgaon,33100,6,8019,$0.22,6,16,https://www.district.in/events/f9-gokarting-sector-59-buy-tickets
1891,dhurandhar movie release date,6600,12,742,$0,1,22,https://www.district.in/movies/dhurandhar-the-revenge-movie-tickets-MV211577
1892,latest malayalam cinemas,49500,20,212,$0,1,40,https://www.district.in/movies/malayalam-movies-tickets-in-bengaluru
1893,krishna radha hd photo,40500,61,103,$0.01,20,29,https://www.district.in/movies/krishnavataram-part-1-the-heart-hridayam-movie-tickets-MV219513
1894,best restaurants in bangalore,49500,73,103,$0.24,11,23,https://www.district.in/activities/bengaluru-activity-tickets/
1895,avadi meenakshi cinemas,49500,4,3262,$0.07,1,21,https://www.district.in/movies/meenakshi-cinemas-rakki-4k-dolby-atmos-avadi-chennai-in-chennai-CD1042640
1896,chola,40500,71,103,$0.40,1,43,https://www.district.in/events/mothers-day-exclusive-chocolate-masterclass-itc-grand-chola-may9-2026-buy-tickets
1897,cafe connaught place,49500,53,103,$0.03,4,20,https://www.district.in/dining/
1898,water park in delhi,49500,9,3262,$0.10,10,23,https://www.district.in/activities/water-parks-in-new-delhi/
1899,the beach terrace,27100,11,1673,$0.38,8,24,https://www.district.in/dining/chennai/the-beach-terrace-bay-bar-kitchen-injambakkam
1900,telugu movies list,60500,24,133,$0,1,31,https://www.district.in/movies/kakinada-movie-tickets
1901,e district kerala,49500,28,103,$0,1,27,https://www.district.in/movies/
1902,cricket grounds in noida,40500,23,163,$0.13,5,15,https://www.district.in/play/
1903,book movie tickets online,49500,3,8019,$0.06,14,24,https://www.district.in/movies/
1904,t20 world cup tickets,49500,64,103,$0.60,3,28,https://www.district.in/
1905,masterpiece buffet,49500,25,133,$0.14,6,34,https://www.district.in/dining/hyderabad/masterpiece-gachibowli
1906,latest movie release date,49500,4,4816,$0.01,1,69,https://www.district.in/movies/upcoming-hindi-movies
1907,hotel chola,49500,12,1267,$0.41,48,47,https://www.district.in/dining/coimbatore/hotel-chola-vadavalli
1908,himachal pradesh capital,60500,42,103,$0,1,31,https://www.district.in/events/tata-ipl-2026-match-55-punjab-kings-vs-delhi-capitals-buy-tickets
1909,ravi gupta,60500,9,1673,$0,1,36,https://www.district.in/events/ravi-gupta/artist
1910,panaji inox,49500,3,4816,$0.01,2,23,https://www.district.in/movies/inox-old-gmc-db-road-goa-in-panaji-CD1029277
1911,movie now in cinema,40500,4,8019,$0.03,2,56,https://www.district.in/movies/cinema-near-me
1912,monkey bar,49500,19,371,$0.17,5,34,https://www.district.in/dining/ncr/monkey-bar-vasant-kunj-new-delhi
1913,meaning of hail,60500,83,103,$0,1,31,https://www.district.in/movies/
1914,hotspot 2,49500,19,292,$0.12,1,32,https://www.district.in/movies/hot-spot-2-much-movie-tickets-MV213677
1915,haldiram connaught place,40500,5,3262,$0.15,4,27,https://www.district.in/dining/ncr/haldirams-connaught-place-new-delhi
1916,football ground,49500,11,1673,$1.73,2,33,https://www.district.in/play/football-grounds-in-gurgaon
1917,films currently in theaters,49500,5,8019,$0.01,2,42,https://www.district.in/movies/cinema-near-me
1918,awarapan 2 release date 2026,9900,7,3262,$0,1,24,https://www.district.in/movies/awarapan-2-movie-tickets-MV194046
1919,waterpark in delhi ncr,49500,6,2321,$0.03,8,37,https://www.district.in/activities/water-parks-in-delhi-ncr/
1920,vishnu cinemas,40500,4,2668,$0.05,1,30,https://www.district.in/movies/sri-vishnu-cinemas-rgb-laser-dolby-atmos-dts-x-viruthampattu-vellore-in-vellore-CD1042605
1921,urban square,27100,17,368,$1.85,9,29,https://www.district.in/movies/inox-urban-square-mall-udyog-vihar-udaipur-in-udaipur-CD1028838
1922,truffles indiranagar,40500,8,1899,$0,6,32,https://www.district.in/dining/bangalore/truffles-indiranagar
1923,peter cat,40500,27,97,$0,5,32,https://www.district.in/events/peter-cat-recording-co/artist
1924,movies ki duniya,40500,9,1036,$0,1,25,https://www.district.in/movies/tu-duniya-chhe-mari-movie-tickets-in-ahmedabad-MV215874
1925,mansion house mallesh,390,5,3940,$0,1,29,https://www.district.in/movies/mension-house-mallesh-movie-tickets-in-hyderabad-MV216219
1926,raipur city centre,40500,7,1368,$0.12,4,24,https://www.district.in/movies/pvr-city-center-raipur-in-raipur-CD1019933
1927,pvr vr chennai anna nagar,40500,2,6561,$0.05,6,19,https://www.district.in/movies/pvr-vr-mall-anna-nagar-chennai-in-chennai-CD1022304
1928,protector,40500,23,174,$0,1,43,https://www.district.in/movies/protector-movie-tickets-MV216082
1929,pride and prejudice the movie,33100,16,368,$0,1,45,https://www.district.in/movies/pride-and-prejudice-2005-movie-tickets-MV202886
1930,plaza cinema,33100,3,3940,$0,10,31,https://www.district.in/movies/plaza-cinema-dadar-w-mumbai-in-thane-CD2847
1931,theme park and amusement park,40500,22,303,$0.11,5,16,https://www.district.in/activities/theme-parks-in-bengaluru/
1932,sector 90,40500,12,1036,$0.10,7,19,https://www.district.in/movies/inox-sapphire-90-mall-sector-90-gurugram-in-gurgaon-CD1016456
1933,salaar 2,33100,13,797,$0,1,27,https://www.district.in/movies/salaar-part-2-shouryanga-parvam-movie-tickets-MV178311
1934,rr vs rcb 2026,480,17,226,$0.05,1,23,https://www.district.in/events/ipl-ticket-booking
1935,films kannada movie,49500,39,85,$0.04,1,51,https://www.district.in/movies/sankeerthana-movie-tickets-MV219384
1936,euphoria telugu movie,49500,11,1036,$0.36,1,28,https://www.district.in/movies/euphoria-movie-tickets-MV209354
1937,go karting in bangalore,40500,45,85,$0.17,8,20,https://www.district.in/events/raceway-gokarting-buy-tickets
1938,biker film,40500,8,2668,$0,1,25,https://www.district.in/movies/biker-movie-tickets-MV208898
1939,attraction park,49500,10,2668,$0.32,2,38,https://www.district.in/activities/theme-parks-in-bengaluru/
1940,apsara cinema,33100,4,12312,$0.27,1,28,https://www.district.in/movies/apsara-cinema-dilshad-garden-border-ghaziabad-in-new-delhi-CD7356
1941,city centre mall raipur chhattisgarh,40500,9,797,$0.12,4,22,https://www.district.in/movies/pvr-city-center-raipur-in-raipur-CD1019933
1942,indira canteen,40500,18,303,$0.06,4,19,https://www.district.in/dining/bangalore/indira-canteen-banaswadi-bangalore
1943,sun temple,40500,7,1899,$0.01,3,38,https://www.district.in/events/sun-temple-konark-jan1-1970-buy-tickets
1944,kosmo cafe,27100,6,3940,$0.21,10,26,https://www.district.in/dining/chennai/kosmo-cafe-alwarpet
1945,kkr vs srh 2026,40500,8,1368,$0,1,21,https://www.district.in/events/screening-of-srh-vs-kkr-tata-ipl-2026-may3-2026-buy-tickets
1946,i am god,40500,12,1036,$0.08,1,28,https://www.district.in/movies/i-am-god-movie-tickets-in-sujangarh-MV208446
1947,movies ticket booking,40500,3,6561,$0.04,20,32,https://www.district.in/movies/
1948,movie with bikers,40500,35,85,$0,1,35,https://www.district.in/movies/biker-movie-tickets-in-vele-MV208898
1949,movie tickets booking,40500,3,6561,$0.04,14,30,https://www.district.in/movies/
1950,district gravity the adventure park,33100,7,3940,$0.07,7,21,https://www.district.in/events/district-gravity-the-adventure-park-2025-buy-tickets
1951,corn er,40500,18,226,$0.11,1,60,https://www.district.in/dining/mumbai/rajesh-corn-corner-goregaon-west
1952,cast of kis kisko pyaar karoon 2,590,6,2668,$0,1,27,https://www.district.in/movies/kis-kisko-pyaar-karoon-2-movie-tickets-in-bareilly-MV194544
1953,bharathanatyam 2 mohiniyattam,5400,11,1036,$0,1,25,https://www.district.in/movies/bharathanatyam-2-mohiniyattam-movie-tickets-MV217990
1954,ben's,40500,11,607,$0.15,1,66,https://www.district.in/dining/chitradurga/bens-cafe-chitradurga-locality
1955,arabia mandi,40500,11,1036,$0.04,3,21,https://www.district.in/dining/puducherry/arabia-mandi-mg-road
1956,saurabh raj jain,40500,11,1899,$0,1,25,https://www.district.in/events/sourabh-raaj-jain/artist
1957,sahasam 2025,8100,15,457,$0,1,24,https://www.district.in/movies/sahasam-movie-tickets-MV202022
1958,restaurants in hyderabad,33100,67,85,$0.26,7,25,https://www.district.in/dining/hyderabad/dandy-dandy-hitech-city
1959,restaurant hyderabad,40500,34,85,$0.06,6,42,https://www.district.in/
1960,ratna cafe,33100,29,89,$0,3,28,https://www.district.in/dining/chennai/ratna-cafe-1-kilpauk
1961,picture of book,40500,57,85,$0.01,1,61,https://www.district.in/movies/picture-boyz-movie-tickets-in-akbarpur-MV218974
1962,movie box download movies,49500,40,85,$0.23,1,14,https://www.district.in/
1963,films in kannada,49500,53,85,$0.04,1,53,https://www.district.in/movies/bengaluru-movie-tickets
1964,festival of india,40500,74,85,$0.35,1,28,https://www.district.in/events/
1965,pvr dynamix mall juhu mumbai,33100,3,3940,$0,5,16,https://www.district.in/movies/pvr-dynamix-juhu-mumbai-in-navi-mumbai-CD1018522
1966,pride prejudice movie,33100,18,238,$0,1,47,https://www.district.in/movies/pride-and-prejudice-2005-movie-tickets-MV202886
1967,odia film,49500,17,226,$0.01,1,32,https://www.district.in/movies/kangula-maa-kali-ra-danda-nacha-movie-tickets-MV219753
1968,mumbai indians vs delhi capitals match,74000,40,85,$0,1,21,https://www.district.in/events/ipl-ticket-booking
1969,movie booking,22200,3,6561,$0.05,16,57,https://www.district.in/movies/
1970,movie arjun rampal,40500,42,85,$0,1,38,https://www.district.in/events/arjun-rampal-live-sunburn-union-may16-2026-buy-tickets
1971,mirzapur cast,40500,7,1368,$0,1,30,https://www.district.in/movies/mirzapur-the-movie-movie-tickets-MV181196
1972,meerut pvs,40500,4,6561,$0.11,1,20,https://www.district.in/movies/inox-pvs-mall-shastri-nagar-meerut-in-meerut-CD1029683
1973,v r punjab,40500,4,3940,$0.05,4,19,https://www.district.in/movies/pvr-vr-punjab-mall-north-country-mall-mohali-in-mohali-CD1022296
1974,gaurav gupta,40500,15,368,$0.56,6,32,https://www.district.in/events/gaurav-gupta/artist
1975,fun n food water park,40500,5,3940,$0.12,5,19,https://www.district.in/events/fun-n-food-water-park-summer-offers-jun3-2025-buy-tickets
1976,food restaurants in hyderabad,40500,42,85,$0.05,10,31,https://www.district.in/
1977,dessert therapy,27100,17,368,$0,9,29,https://www.district.in/dining/mumbai/dessert-therapy-pali-hill-bandra-west
1978,kidzania of noida,40500,9,2668,$0.18,5,24,https://www.district.in/events/kidzania-delhi-ncr-buy-tickets
1979,bookmyshow kakinada,33100,5,1899,$0.02,2,28,https://www.district.in/movies/kakinada-movie-tickets
1980,tray,40500,73,85,$0.16,89,70,https://www.district.in/events/trinket-tray-workshop-may9-2026-buy-tickets
1981,trampoline park delhi,40500,7,3940,$0.02,1,26,https://www.district.in/events/skyjumper-amusement-park-adventure-island-delhi-buy-tickets
1982,ticket for ramoji film city,40500,8,1899,$0.41,45,31,https://www.district.in/events/ramoji-studio-tour-jan23-2025-buy-tickets
1983,sunrisers hyderabad vs delhi capitals match,27100,48,85,$0,1,31,https://www.district.in/tata-ipl-2025-match-10-delhi-capitals-vs-sunrisers-hyderabad-in-visakhapatnam-march30/event/
1984,shinchan spicy kasukabe dancers,8100,9,2668,$0,1,22,https://www.district.in/movies/shin-chan-the-spicy-kasukabe-dancers-in-india-movie-tickets-in-chennai-MV198610
1985,mandi arabian,2900,33,85,$0.01,1,27,https://www.district.in/dining/hyderabad/forest-mandi-arabian-mandi-house-as-rao-nagar-secunderabad
1986,logix city center noida,33100,10,607,$0.11,4,21,https://www.district.in/movies/pvr-superplex-logix-sector-32-noida-in-new-delhi-CD1024414
1987,jurassic world rebirth release date,12100,23,109,$0,1,40,https://www.district.in/movies/jurassic-world-rebirth-movie-tickets-in-new-delhi-MV178018
1988,iplt20 official website,40500,9,607,$0.37,1,44,https://www.district.in/events/ipl-ticket-booking
1989,pvr vikaspuri delhi,33100,2,6561,$0.04,5,24,https://www.district.in/movies/pvr-vikaspuri-virjanand-marg-new-delhi-in-new-delhi-CD1018964
1990,pvr cinemas orion mall bangalore,40500,3,3940,$0.05,3,27,https://www.district.in/movies/pvr-orion-mall-dr-rajkumar-road-bengaluru-in-bengaluru-CD1022299
1991,grand great masti,40500,43,85,$0.07,1,40,https://www.district.in/activities/
1992,go kart racing bangalore,40500,23,174,$0.05,17,23,https://www.district.in/events/gokarting-velocity-international-circuit-sep17-2025-buy-tickets
1993,mantri square,40500,9,1036,$0.28,1,31,https://www.district.in/movies/inox-mantri-square-malleshwaram-bengaluru-in-bengaluru-CD1020725
1994,ipl t20 official website,49500,15,238,$0,1,20,https://www.district.in/events/ipl-ticket-booking
1995,movies point,40500,16,206,$0.50,1,23,https://www.district.in/movies/inox-west-point-mall-gangtok-in-kalimpong-CD1101381
1996,bollywood multiplex pune,40500,15,238,$0.09,4,21,https://www.district.in/movies/pune-movie-tickets
1997,biker movie,27100,12,1036,$0,1,25,https://www.district.in/movies/biker-movie-tickets-MV208898
1998,amar juice centre,33100,11,1036,$0,4,24,https://www.district.in/dining/mumbai/amar-fast-food-juice-centre-vile-parle-west
1999,wild waters,27100,8,3940,$0.57,1,27,https://www.district.in/events/wild-waters-2025-buy-tickets
2000,sunburn union,40500,10,1368,$0,4,32,https://www.district.in/events/arjun-rampal-live-sunburn-union-may16-2026-buy-tickets
2001,saurabh jain,40500,9,1899,$0,1,30,https://www.district.in/sourabh-raaj-jain/artist
2002,nandan cinema show timings kolkata,40500,12,457,$0.01,1,21,https://www.district.in/movies/kolkata-movie-tickets
2003,madrasi movie 2025,40500,24,174,$0.77,1,35,https://www.district.in/movies/madharaasi-movie-tickets-MV190582
2004,latest cinemas telugu,40500,5,2668,$0.03,1,36,https://www.district.in/movies/telugu-movies-tickets-in-hyderabad
2005,kala ghoda cafe fort,33100,7,2668,$0.35,8,22,https://www.district.in/dining/mumbai/kala-ghoda-cafe-fort
2006,indira canteens,40500,28,109,$0.06,4,18,https://www.district.in/dining/bangalore/indira-canteen-magadi-road-bangalore
2007,gujarati movie download,49500,17,174,$0.19,1,28,https://www.district.in/movies/bgs-hostel-movie-tickets-MV221121
2008,ganga cinemas,40500,3,3940,$0,4,32,https://www.district.in/movies/sri-ganga-cinemas-4k-rgb-laser-kolathur-chennai-in-chennai-CD1037511
2009,cast of raja shivaji,40500,10,1899,$0,1,25,https://www.district.in/movies/raja-shivaji-movie-tickets-MV170361
2010,book movies,40500,3,6561,$0.07,5,36,https://www.district.in/movies/
2011,good shepherd auditorium bangalore,27100,64,85,$0,8,16,https://www.district.in/dining/bangalore/goodshepherdauditorium-6-brigade-road-bangalore
2012,dhurandhar: the revenge ott release date,40500,81,85,$0,1,30,https://www.district.in/movies/dhurandhar-the-revenge-movie-tickets-MV211577
2013,demon slayer infinity castle release date,27100,27,97,$0.22,1,32,https://www.district.in/movies/demon-slayer-kimetsu-no-yaiba-infinity-castle-movie-tickets-in-gurgaon-MV191860
2014,delhi n c r,40500,42,85,$0.14,1,36,https://www.district.in/movies/phool-khilal-anganva-mein-movie-tickets-in-delhi-ncr-MV221413
2015,crystal mall,40500,9,1899,$0,6,32,https://www.district.in/movies/movie-time-crystal-mall-kalawad-road-rajkot-in-rajkot-CD1040088
2016,actors in tamil,40500,29,85,$0,1,29,https://www.district.in/movies/kara-movie-tickets-MV213475
2017,theme park and amusement park,40500,22,303,$0.11,5,16,https://www.district.in/activities/theme-parks-in-bengaluru/
2018,sector 90,40500,12,1036,$0.10,7,19,https://www.district.in/movies/inox-sapphire-90-mall-sector-90-gurugram-in-gurgaon-CD1016456
2019,salaar 2,33100,13,797,$0,1,27,https://www.district.in/movies/salaar-part-2-shouryanga-parvam-movie-tickets-MV178311
2020,rr vs rcb 2026,480,17,226,$0.05,1,23,https://www.district.in/events/ipl-ticket-booking
2021,vishnu cinemas,40500,4,2668,$0.05,1,30,https://www.district.in/movies/sri-vishnu-cinemas-rgb-laser-dolby-atmos-dts-x-viruthampattu-vellore-in-vellore-CD1042605
2022,urban square,27100,17,368,$1.85,9,29,https://www.district.in/movies/inox-urban-square-mall-udyog-vihar-udaipur-in-udaipur-CD1028838
2023,truffles indiranagar,40500,8,1899,$0,6,32,https://www.district.in/dining/bangalore/truffles-indiranagar
2024,indira canteen,40500,18,303,$0.06,4,19,https://www.district.in/dining/bangalore/indira-canteen-banaswadi-bangalore
2025,peter cat,40500,27,97,$0,5,32,https://www.district.in/events/peter-cat-recording-co/artist
2026,movies ki duniya,40500,9,1036,$0,1,25,https://www.district.in/movies/tu-duniya-chhe-mari-movie-tickets-in-ahmedabad-MV215874
2027,mansion house mallesh,390,5,3940,$0,1,29,https://www.district.in/movies/mension-house-mallesh-movie-tickets-in-hyderabad-MV216219
2028,raipur city centre,40500,7,1368,$0.12,4,24,https://www.district.in/movies/pvr-city-center-raipur-in-raipur-CD1019933
2029,pvr vr chennai anna nagar,40500,2,6561,$0.05,6,19,https://www.district.in/movies/pvr-vr-mall-anna-nagar-chennai-in-chennai-CD1022304
2030,protector,40500,23,174,$0,1,43,https://www.district.in/movies/protector-movie-tickets-MV216082
2031,pride and prejudice the movie,33100,16,368,$0,1,45,https://www.district.in/movies/pride-and-prejudice-2005-movie-tickets-MV202886
2032,plaza cinema,33100,3,3940,$0,10,31,https://www.district.in/movies/plaza-cinema-dadar-w-mumbai-in-thane-CD2847
2033,films kannada movie,49500,39,85,$0.04,1,51,https://www.district.in/movies/sankeerthana-movie-tickets-MV219384
2034,euphoria telugu movie,49500,11,1036,$0.36,1,28,https://www.district.in/movies/euphoria-movie-tickets-MV209354
2035,go karting in bangalore,40500,45,85,$0.17,8,20,https://www.district.in/events/raceway-gokarting-buy-tickets
2036,biker film,40500,8,2668,$0,1,25,https://www.district.in/movies/biker-movie-tickets-MV208898
2037,attraction park,49500,10,2668,$0.32,2,38,https://www.district.in/activities/theme-parks-in-bengaluru/
2038,apsara cinema,33100,4,12312,$0.27,1,28,https://www.district.in/movies/apsara-cinema-dilshad-garden-border-ghaziabad-in-new-delhi-CD7356
2039,city centre mall raipur chhattisgarh,40500,9,797,$0.12,4,22,https://www.district.in/movies/pvr-city-center-raipur-in-raipur-CD1019933
2040,tamil film captain prabhakaran,40500,8,1368,$0,1,29,https://www.district.in/movies/captain-prabhakaran-movie-tickets-MV204255
2041,social church street bangalore,40500,6,1899,$0.27,5,21,https://www.district.in/dining/ChurchStreetSocial
2042,salaar part 2 release date,40500,8,1899,$0,1,17,https://www.district.in/movies/salaar-part-2-shouryanga-parvam-movie-tickets-MV178311
2043,saiyaara movie 2025,3600,10,1368,$0.17,1,27,https://www.district.in/movies/saiyaara-2025-movie-tickets-MV196147
2044,vimal theater,22200,1,12312,$0.17,15,22,https://www.district.in/movies/mythri-theatres-vimal-70mm-ac-4k-laser-dolby-atmos-balanagar-newly-renovated-hyderabad-in-hyderabad-CD1039848
2045,workshop,40500,27,89,$0.44,1,43,https://www.district.in/activities/workshops-in-mumbai/
2046,sandhya digital 4k theatre,40500,8,797,$0,5,19,https://www.district.in/movies/sandhya-theatre-rgb-laser-atmos-madivala-bengaluru-in-bengaluru-CD1042226
2047,rcb vs mi 2026,3600,20,174,$0.09,1,30,https://www.district.in/events/screening-of-rcb-vs-mi-tata-ipl-2026-may10-2026-buy-tickets
2048,prejudice and pride movie,40500,19,303,$0,1,55,https://www.district.in/movies/pride-and-prejudice-2005-movie-tickets-MV202886
2049,pradeep pradeep kumar,40500,10,797,$0.21,1,34,https://www.district.in/events/pradeep-kumar/artist
2050,pavilion,40500,36,85,$0.19,2,44,https://www.district.in/events/timezone-pavilion-mall-pune-buy-tickets
2051,latest releases films,40500,13,457,$0.07,1,77,https://www.district.in/movies/upcoming-movies
2052,films kannada films,49500,28,85,$0.04,1,62,https://www.district.in/movies/dhurandhar-the-revenge-movie-tickets-in-bengaluru-MV211577
2053,city centre mall raipur,49500,2,6561,$0,4,21,https://www.district.in/movies/pvr-city-center-city-center-mall-raipur-in-raipur-CD1019933
2054,cinemas regal,40500,16,238,$0.22,4,40,https://www.district.in/movies/regal-cinema-kozhikode-in-kozhikode-CD1102287
2055,cafe mondegar,40500,24,133,$0,4,32,https://www.district.in/dining/mumbai/cafe-mondegar-colaba
2056,arasan,1000,8,1899,$0,1,25,https://www.district.in/movies/arasan-movie-tickets-MV207726
2057,ambuja city centre mall raipur,40500,5,2668,$0.20,6,20,https://www.district.in/movies/inox-ambuja-city-centre-mowa-raipur-in-raipur-CD1019938
2058,windmill pune,22200,7,2668,$0.09,2,32,https://www.district.in/dining/pune/windmill-bavdhan
2059,yeh j,49500,21,174,$0.05,1,50,https://www.district.in/events/screening-of-yeh-jawaani-hai-deewani-scc-x-happn-apr25-2026-buy-tickets
2060,zomato orders,33100,16,226,$0.07,5,37,https://www.district.in/
2061,ratna cafe in chennai,40500,27,97,$0.12,4,24,https://www.district.in/dining/chennai/ratna-cafe-triplicane
2062,pvr orion mall bangalore,40500,4,2668,$0.05,1,20,https://www.district.in/movies/pvr-orion-mall-dr-rajkumar-road-bengaluru-in-bengaluru-CD1022299
2063,new york movie,49500,30,89,$0,1,27,https://www.district.in/movies/new-york-2009-movie-tickets-MV198844
2064,new movie releases 2026,12100,2,12312,$0.09,1,81,https://www.district.in/movies/upcoming-movies
2065,ncr in delhi,40500,41,85,$0.06,1,36,https://www.district.in/activities/delhi-ncr-activity-tickets/
2066,mvr cinemas,40500,1,12312,$0.04,1,25,https://www.district.in/movies/mvr-cinemas-dolby-7-1-dolby-atmos-4k-rgb-laser-guduvanchery-in-chennai-CD1101384
2067,movie rules rules 2026 telugu movies,40500,3,3940,$0,1,30,https://www.district.in/movies/upcoming-telugu-movies
2068,madhuram's,40500,7,1899,$0.18,1,19,https://www.district.in/dining/rajahmundry/madhurams-1-rajahmundry-locality
2069,srk theater chengalpattu,40500,2,6561,$0.01,1,22,https://www.district.in/movies/srk-cinemas-barco-4k-laser-triplebeam-3d-chengalpattu-in-chennai-CD1016088
2070,srk cinemas,49500,2,6561,$0.11,1,32,https://www.district.in/movies/srk-cinemas-barco-4k-laser-triplebeam-3d-chengalpattu-in-chennai-CD1016088
2071,shree cinema,40500,6,2668,$0.27,1,21,https://www.district.in/movies/shree-cinema-dolby-atmos-4k-laser-agra-in-agra-CD1972
2072,shivaji maharaj hd wallpaper,49500,37,85,$0,1,19,https://www.district.in/movies/raja-shivaji-movie-tickets-MV170361
2073,satya hindi movie,40500,36,85,$0,1,25,https://www.district.in/movies/kakinada-movie-tickets
2074,fountain mira road,40500,5,3940,$0.05,3,22,https://www.district.in/dining/mumbai/hotel-fountain-mira-road
2075,karam,40500,25,97,$0.35,1,43,https://www.district.in/movies/karam-movie-tickets-MV204497
2076,ipl20 official website,40500,6,1899,$0.37,1,60,https://www.district.in/events/ipl-ticket-booking
2077,indian biere house,33100,10,1368,$0,4,24,https://www.district.in/dining/bangalore/indian-biere-house-jp-nagar-bangalore
2078,gt rcb,4400,4,12312,$0,1,22,https://www.district.in/events/screening-of-gt-vs-rcb-tata-ipl-2026-apr30-2026-buy-tickets
2079,bookmyshow tickets,49500,8,1036,$0.07,1,33,https://www.district.in/movies/asian-mukta-a2-cinemas-mjr-square-narapally-in-hyderabad-CD1041683
2080,book movie,40500,3,6561,$0.07,5,31,https://www.district.in/movies/
2081,truffles jp nagar,12100,7,2668,$0.18,8,21,https://www.district.in/dining/bangalore/truffles-1-jp-nagar-bangalore
2082,triton mall in jaipur,40500,9,1368,$0.06,4,22,https://www.district.in/movies/cinepolis-triton-mega-mall-jhotwara-road-jaipur-in-jaipur-CD142
2083,wet and joy ticket,40500,14,457,$0.08,18,13,https://www.district.in/events/wet-n-joy-water-park--amusement-park-buy-tickets
2084,showtime at nandan,40500,9,1036,$0,1,24,https://www.district.in/movies/kolkata-movie-tickets
2085,ramoji film city entry ticket,40500,10,797,$0.13,31,27,https://www.district.in/events/ramoji-studio-tour-jan23-2025-buy-tickets
2086,pvr prashant vihar,40500,2,6561,$0.05,3,26,https://www.district.in/movies/pvr-prashant-vihar-funcity-mall-new-delhi-in-new-delhi-CD1022252
2087,pvr orion mall,40500,3,3940,$0.04,1,26,https://www.district.in/movies/pvr-orion-mall-dr-rajkumar-road-bengaluru-in-bengaluru-CD1022299
2088,pvr cinemas orion mall,40500,7,2668,$0.05,1,19,https://www.district.in/movies/pvr-orion-mall-dr-rajkumar-road-bengaluru-in-bengaluru-CD1022299
2089,malayalam new movie,9900,12,607,$0,1,15,https://www.district.in/movies/upcoming-malayalam-movies
2090,maalik 2025,40500,10,1368,$0.36,1,28,https://www.district.in/movies/maalik-movie-tickets-MV177731
2091,lik release date,40500,8,1899,$0,1,28,https://www.district.in/movies/lik-love-insurance-kompany-movie-tickets-MV177390
2092,prashant vihar,40500,15,368,$0.16,7,33,https://www.district.in/movies/pvr-prashant-vihar-funcity-mall-new-delhi-in-new-delhi-CD1022252
2093,peter cat restaurant kolkata,40500,13,607,$0.14,3,24,https://www.district.in/dining/kolkata/peter-cat-park-street-area
2094,paytm movie tickets,60500,2,6561,$0.03,6,33,https://www.district.in/movies/
2095,pati patni aur woh 2,9900,6,3940,$0,1,29,https://www.district.in/movies/pati-patni-aur-woh-do-movie-tickets-MV186836
2096,paradox museum hyderabad,22200,3,6561,$0.03,4,18,https://www.district.in/events/paradox-museum-hyderabad-574087-9837dda0-bf5a-43a2-9ce2-49eda0ed4559-buy-tickets
2097,multiplex bus stop,40500,11,457,$0.15,9,11,https://www.district.in/movies/innovative-multiplex-marathahalli-near-marathalli-junction-bengaluru-in-bengaluru-CD10940
2098,movie show booking,320,3,6561,$0.05,8,51,https://www.district.in/movies/hyderabad-movie-tickets
2099,hotel navayuga,33100,11,1368,$0,2,28,https://www.district.in/dining/bangalore/hotel-navayuga-majestic
2100,global mall,33100,3,3940,$0,5,29,https://www.district.in/movies/pvr-global-mall-mysore-road-bengaluru-in-bengaluru-CD1022307
2101,biker movies,40500,27,97,$0,1,39,https://www.district.in/movies/biker-movie-tickets-in-ongole-MV208898
2102,awarapan 2 movie release date,40500,9,1368,$0,1,17,https://www.district.in/movies/awarapan-2-movie-tickets-MV194046
2103,amb mall,49500,50,85,$0.40,18,38,https://www.district.in/movies/hyderabad-movie-tickets
2104,coal barbecues,40500,17,607,$0.16,7,33,https://www.district.in/dining/chennai/coal-barbecues-t-nagar
2105,bookmyshow vizianagaram,49500,7,1036,$0.07,1,32,https://www.district.in/movies/vizianagaram-movie-tickets
2106,meaning of behind in hindi,40500,43,85,$0,1,29,https://www.district.in/events/japanese-kintsugi-may17-2026-buy-tickets
2107,latest movie release,40500,7,2668,$0.01,2,26,https://www.district.in/movies/upcoming-movies
2108,vishnu cinemas vellore,40500,4,2668,$0.02,1,25,https://www.district.in/movies/sri-vishnu-cinemas-rgb-laser-dolby-atmos-dts-x-viruthampattu-vellore-in-vellore-CD1042605
2109,rr match,22200,12,368,$0.11,1,26,https://www.district.in/events/rajasthan-royals-ipl-2026-team
2110,nandan show times,40500,10,607,$0,1,21,https://www.district.in/movies/kolkata-movie-tickets
2111,nandan cinema show time kolkata,40500,12,457,$0,1,24,https://www.district.in/movies/kolkata-movie-tickets
2112,names of hindi movie,40500,22,174,$0.12,1,76,https://www.district.in/movies/upcoming-hindi-movies
2113,film booking,27100,3,6561,$0.04,13,30,https://www.district.in/movies/
2114,just tickets,40500,3,3940,$0.02,4,32,https://www.district.in/movies/
2115,jose cinemas,33100,21,109,$0,1,27,https://www.district.in/movies/mananthavady-movie-tickets
2116,hotel aditya,33100,23,133,$0.21,4,29,https://www.district.in/dining/bangalore/hotel-aditya-mahalakshmipuram-rajajinagar-bangalore
2117,cast of the bengal files,40500,15,368,$0,1,31,https://www.district.in/movies/the-bengal-files-movie-tickets-MV178611
2118,apsara theatre,33100,5,6561,$0.27,1,28,https://www.district.in/movies/magic-frames-apsara-70-mm-4k-3d-dolby-atmos-railway-station-link-road-calicut-in-mukkam-CD1054725
2119,ambuja city centre raipur chhattisgarh,33100,5,2668,$0.23,4,20,https://www.district.in/movies/inox-ambuja-city-centre-mowa-raipur-in-raipur-CD1019938
2120,saurabh raj,33100,11,1899,$0,1,37,https://www.district.in/events/sourabh-raaj-jain/artist
2121,ratna cafe chennai,33100,22,133,$0,3,23,https://www.district.in/dining/chennai/ratna-cafe-mylapore
2122,pvr plaza,40500,3,3940,$0.03,4,32,https://www.district.in/movies/pvr-plaza-connaught-place-new-delhi-in-gurgaon-CD1020650
2123,pvr patiala,33100,3,3940,$0.03,3,28,https://www.district.in/movies/pvr-vrc-vrc-city-multiplex-mall-patiala-in-patiala-CD1023582
2124,paytm movie booking,49500,2,6561,$0.02,6,29,https://www.district.in/movies/
2125,windmill in pune,33100,8,1899,$0.16,2,23,https://www.district.in/dining/pune/windmill-bavdhan
2126,sid sriram,49500,17,457,$0.22,1,32,https://www.district.in/events/sid-sriram/artist
2127,latest movie releases,40500,6,2668,$0.01,2,26,https://www.district.in/movies/upcoming-movies
2128,kidzania noida,40500,7,2668,$0.12,4,32,https://www.district.in/events/kidzania-delhi-ncr-buy-tickets
2129,kart racing in bangalore,40500,49,85,$0.06,18,16,https://www.district.in/activities/go-karting-in-bengaluru/
2130,kantara chapter 1 release date,33100,12,1036,$0.02,1,27,https://www.district.in/movies/kantara-a-legend-chapter-1-movie-tickets-MV165830
2131,hindi cinema name,40500,15,368,$0.02,1,60,https://www.district.in/movies/upcoming-hindi-movies
2132,ganga theater kolathur,40500,4,2668,$0.14,2,26,https://www.district.in/movies/sri-ganga-cinemas-4k-rgb-laser-kolathur-chennai-in-chennai-CD1037511
2133,g v prakash movie,40500,39,85,$0,1,40,https://www.district.in/movies/kara-movie-tickets-MV213475
2134,nikka zaildar 4,1900,10,1368,$0,1,20,https://www.district.in/movies/nikka-zaildar-4-movie-tickets-in-ron-MV170703
2135,movie homebound,40500,11,1368,$0,1,35,https://www.district.in/movies/homebound-movie-tickets-MV206138
2136,michael jackson biopic movie,33100,13,607,$0.01,1,35,https://www.district.in/movies/michael-movie-tickets-MV185320
2137,metcalfe hall,40500,10,1899,$0,1,31,https://www.district.in/events/metcalfe-hall-buy-tickets
2138,carter road social,40500,8,1368,$0,11,29,https://www.district.in/dining/CarterRoadSocial
2139,captain prabhakaran movies,40500,7,2668,$0,1,24,https://www.district.in/movies/captain-prabhakaran-movie-tickets-MV204255
2140,aan paavam pollathathu movie,1000,13,797,$0,1,22,https://www.district.in/movies/aan-paavam-pollathathu-movie-tickets-MV207453
2141,e district project,49500,27,85,$0,1,27,https://www.district.in/movies/
2142,dhurandhar director,40500,20,206,$0,1,43,https://www.district.in/movies/dhurandhar-the-revenge-movie-tickets-MV211577
2143,derby movie,49500,9,1899,$0.31,1,21,https://www.district.in/movies/derby-movie-tickets-MV217377
2144,csk vs dc 2026,320,6,3940,$0.13,1,22,https://www.district.in/events/tata-ipl-2026-match-48--delhi-capitals-vs-chennai-super-kings-buy-tickets
2145,cream story,40500,16,368,$0.05,3,31,https://www.district.in/dining/chennai/cream-story-anna-nagar-west
2146,malayalam new movies,40500,14,368,$0,1,64,https://www.district.in/movies/upcoming-malayalam-movies
2147,logix noida,27100,7,1368,$0.81,4,28,https://www.district.in/movies/pvr-superplex-logix-sector-32-noida-in-new-delhi-CD1024414
2148,kolkata new town,40500,104,85,$0.18,3,26,https://www.district.in/events/kolkata-comic-con-2026-buy-tickets
2149,o romeo movie,40500,12,797,$0.04,1,25,https://www.district.in/movies/o-romeo-movie-tickets-MV206123
2150,noida logix mall,22200,5,2668,$0.31,1,20,https://www.district.in/movies/pvr-superplex-logix-sector-32-noida-in-new-delhi-CD1024414
2151,noida logix,27100,2,6561,$0.04,3,19,https://www.district.in/movies/pvr-superplex-logix-sector-32-noida-in-new-delhi-CD1024414
2152,ticket price of ramoji film city,40500,8,1368,$0.18,33,23,https://www.district.in/events/ramoji-studio-tour-jan23-2025-buy-tickets
2153,the goat life,40500,22,174,$7.31,1,64,https://www.district.in/movies/aadujeevitham-the-goat-life-2024-movie-tickets-MV169441
2154,the bier library brewery & kitchen koramangala,74000,43,85,$0.17,7,20,https://www.district.in/dining/bangalore/the-bier-library-koramangala-6th-block-bangalore
2155,sky movies in,40500,14,226,$0.87,1,28,https://www.district.in/movies/sky-movie-tickets-in-kurnool-MV214426
2156,shree talkies,40500,3,3940,$0,1,31,https://www.district.in/movies/shree-cinema-dolby-atmos-4k-laser-agra-in-agra-CD1972
2157,shree cinema agra,40500,2,6561,$0.27,1,22,https://www.district.in/movies/shree-cinema-dolby-atmos-4k-laser-agra-in-agra-CD1972
2158,show time of nandan,40500,12,457,$0,1,21,https://www.district.in/movies/kolkata-movie-tickets
2159,real madrid tickets,3600,18,238,$0.39,2,51,https://www.district.in/events/watch-el-clsico-live-at-smaaash-real-madrid-vs-fc-barcelona-mumbai-may9-2026-buy-tickets
2160,raipur city center,49500,3,3940,$0.19,4,21,https://www.district.in/movies/pvr-city-center-city-center-mall-raipur-in-raipur-CD1019933
2161,pvr cinemas prashant vihar,40500,3,3940,$0.06,3,20,https://www.district.in/movies/pvr-prashant-vihar-funcity-mall-new-delhi-in-new-delhi-CD1022252
2162,punjabi picture film,40500,35,85,$0.04,1,32,https://www.district.in/movies/divine-cineplex-kurukshetra-in-kurukshetra-CD1089013
2163,punjabi movies film,40500,48,85,$0.14,1,33,https://www.district.in/movies/ohm-cine-garden-hissar-road-sirsa-in-sirsa-CD6079
2164,places to see in nashik,40500,85,85,$0.16,7,19,https://www.district.in/dining/
2165,iplt20 tickets,2400,3,3940,$0.11,12,26,https://www.district.in/events/ipl-ticket-booking
2166,inox goa margao,40500,2,6561,$0.01,2,19,https://www.district.in/movies/inox-osia-a-wing-margao-goa-in-goa-CD1029279
2167,how're you doing meaning in hindi,40500,44,85,$0,1,37,https://www.district.in/events/wear-your-art-embroidery-on-your-own-clothes-may25-2026-buy-tickets
2168,good movies in tamil,40500,34,85,$0,1,34,https://www.district.in/events/hibiscus-foundation-may9-2026-buy-tickets
2169,godavari indian,40500,5,2668,$0,1,20,https://www.district.in/dining/dehradun/godavari-pure-veg-south-indian-restaurant-chukkuwala
2170,film lakshmi,40500,40,85,$0.13,1,46,https://www.district.in/movies/guntur-movie-tickets
2171,facebook camera download,49500,35,85,$0.11,1,45,https://www.district.in/events/camera-photo-holder-may9-2026-buy-tickets
2172,artificial zoo,40500,22,174,$0.01,1,25,https://www.district.in/events/virtual-wildlife-safari-hyderabad-sep-2025-buy-tickets
2173,actors malayalam,40500,21,206,$0,1,29,https://www.district.in/movies/patriot-movie-tickets-MV207412
2174,2026 bollywood movies,27100,5,3940,$0,1,34,https://www.district.in/movies/upcoming-hindi-movies
2175,coolie ticket booking,40500,3,3940,$0.03,3,16,https://www.district.in/movies/coolie-movie-tickets-in-chennai-MV172677
2176,city centre raipur,40500,6,1368,$0.12,4,22,https://www.district.in/movies/pvr-city-center-city-center-mall-raipur-in-raipur-CD1019933
2177,church street social pub,40500,29,85,$0.23,5,19,https://www.district.in/dining/ChurchStreetSocial
2178,chinese town,40500,11,1368,$0.12,2,22,https://www.district.in/dining/jaipur/the-chinese-town-pink-city
2179,sapphire 83,40500,7,1036,$0.22,6,32,https://www.district.in/movies/inox-gurugram-sapphire-83-sapphire-mall-gurugram-in-gurgaon-CD1016458
2180,wpl schedule 2026,1600,16,226,$0,1,26,https://www.district.in/events/womens-premier-league-2026-team
2181,michael jackson biopic,4400,21,174,$0,1,52,https://www.district.in/movies/michael-movie-tickets-MV185320
2182,krantijyoti vidyalay,40500,13,797,$0.30,4,25,https://www.district.in/movies/krantijyoti-vidyalay-marathi-madhyam-movie-tickets-MV210895
2183,kala ghoda cafe mumbai maharashtra,40500,34,85,$0.21,4,22,https://www.district.in/dining/mumbai/kala-ghoda-cafe-fort
2184,sampradayini suppini suddapoosani,5400,9,2668,$0,1,21,https://www.district.in/movies/sampradayini-suppini-suddapoosani-movie-tickets-MV215828
2185,restaurants in anna nagar,49500,65,85,$0.04,4,21,https://www.district.in/movies/bhooth-bangla-movie-tickets-in-chennai-MV177766
2186,pvr mall of jaipur,40500,2,6561,$0.02,7,20,https://www.district.in/movies/pvr-mall-of-jaipur-vaishali-nagar-jaipur-in-jaipur-CD1024434
2187,punjabi filmfare,40500,53,85,$0.04,1,49,https://www.district.in/
2188,pics of radha,40500,74,85,$0,42,35,https://www.district.in/movies/krishnavataram-part-1-the-heart-hridayam-movie-tickets-MV219513
2189,new movie release 2026,27100,6,3940,$1,1,38,https://www.district.in/movies/upcoming-hindi-movies
2190,movie ticket paytm,49500,2,,$0.01,4,59,https://www.district.in/movies/
2191,movie of pride and prejudice,40500,39,85,$0,1,65,https://www.district.in/movies/pride-and-prejudice-2005-movie-tickets-MV202886
2192,hindi movie titles,40500,30,85,$0,1,28,https://www.district.in/movies/guntur-movie-tickets
2193,bollywood theatre pune,40500,18,206,$0,3,26,https://www.district.in/movies/pune-movie-tickets
2194,eesha movie,12100,9,1899,$0.12,1,30,https://www.district.in/movies/eesha-movie-tickets-MV211321
2195,csk vs srh 2026,590,6,3940,$0.20,1,22,https://www.district.in/events/screening-of-csk-vs-srh-tata-ipl-2026-may18-2026-buy-tickets
2196,cinema lux,110000,10,457,$0,1,47,https://www.district.in/movies/the-lux-cinema-yogi-icon-petlad-in-borsad-CD1003779
2197,chennai super kings cricket team,40500,15,607,$0,1,55,https://www.district.in/events/chennai-super-kings-team
2198,cast of karuppu,9900,5,3940,$0,1,21,https://www.district.in/movies/karuppu-movie-tickets-MV200421
2199,cast of dhadak 2,12100,8,2668,$0,1,23,https://www.district.in/movies/dhadak-2-movie-tickets-MV173914
2200,rakasa,40500,4,3940,$0,1,25,https://www.district.in/movies/rakasa-movie-tickets-MV213886
2201,pvr heritage rsl ecr chennai,40500,4,2668,$0.06,5,19,https://www.district.in/movies/pvr-heritage-rsl-ecr-chennai-in-chennai-CD1022292
2202,pvr cinemas vikaspuri,40500,3,6561,$0.05,5,20,https://www.district.in/movies/pvr-vikaspuri-virjanand-marg-new-delhi-in-new-delhi-CD1018964
2203,paper & pie,33100,7,3940,$0.23,10,39,https://www.district.in/dining/bangalore/paper-and-pie-cafe-itpl-main-road-whitefield-bangalore
2204,mr x,27100,11,1036,$0.15,1,25,https://www.district.in/movies/mr-x-movie-tickets-MV162388
2205,movie roles telugu hd 2026,33100,2,6561,$5.39,1,31,https://www.district.in/movies/upcoming-telugu-movies
2206,sri ganga theatre chennai,40500,3,3940,$0.08,2,31,https://www.district.in/movies/sri-ganga-cinemas-4k-rgb-laser-kolathur-chennai-in-chennai-CD1037511
2207,s r k cinemas,40500,2,6561,$0.07,1,21,https://www.district.in/movies/srk-cinemas-barco-4k-laser-triplebeam-3d-chengalpattu-in-chennai-CD1016088
2208,regal cinemas,40500,19,238,$0.85,9,33,https://www.district.in/movies/regal-cinema-kozhikode-in-kozhikode-CD1102287
2209,ravana prabhu,40500,14,607,$0,1,32,https://www.district.in/movies/ravanaprabhu-2001-movie-tickets-MV207285
2210,workshops,40500,5,2668,$0.39,1,44,https://www.district.in/activities/workshops-in-mumbai/
2211,telugu lo,40500,29,85,$0,1,30,https://www.district.in/movies/kurnool-movie-tickets
2212,kannada film movie,49500,31,85,$0,1,27,https://www.district.in/movies/bengaluru-movie-tickets
2213,kadhal reset repeat,27100,9,1368,$0,1,26,https://www.district.in/movies/kadhal-reset-repeat-movie-tickets-MV208956
2214,hindi movie names,49500,17,238,$0,1,27,https://www.district.in/movies/upcoming-hindi-movies
2215,ek chatur naar movie,40500,21,174,$0,1,25,https://www.district.in/movies/ek-chatur-naar-movie-tickets-MV204050
2216,mall of ranchi,40500,10,607,$0.01,5,27,https://www.district.in/movies/pjp-cinemas-mall-of-ranchi-ranchi-in-ranchi-CD1012898
2217,awarapan 2 release date,9900,10,1368,$0,1,26,https://www.district.in/movies/awarapan-2-movie-tickets-MV194046
2218,actor saurabh raj jain,40500,12,1368,$0.47,1,46,https://www.district.in/events/sourabh-raaj-jain/artist
2219,5movies telugu 2025,33100,19,174,$0.12,1,27,https://www.district.in/movies/upcoming-movies
2220,church street social,40500,6,1368,$0,5,27,https://www.district.in/dining/ChurchStreetSocial
2221,love insurance kompany release date,12100,8,1368,$0,1,25,https://www.district.in/movies/lik-love-insurance-kompany-movie-tickets-MV177390
2222,kannada films movies,49500,52,85,$0.04,1,51,https://www.district.in/movies/sankeerthana-movie-tickets-MV219384
2223,indian foodies,40500,11,1368,$0.16,1,34,https://www.district.in/dining/bhubaneswar/indian-foodies-jatni-bhubaneshwar
2224,sri ganga theatre,40500,3,3940,$0.03,1,31,https://www.district.in/movies/sri-ganga-cinemas-4k-rgb-laser-kolathur-chennai-in-chennai-CD1037511
2225,dining restaurants near me,40500,12,797,$0.20,12,21,https://www.district.in/dining/
2226,dhurandhar 2 showtimes,40500,5,2668,$0.04,1,21,https://www.district.in/movies/dhurandhar-the-revenge-movie-tickets-in-gurgaon-MV211577
2227,cinema lux movie,40500,5,1899,$0,1,25,https://www.district.in/movies/the-lux-cinema-yogi-icon-petlad-in-dharmaj-CD1003779
2228,bollywood movies 2026,49500,6,3940,$0.02,1,35,https://www.district.in/movies/upcoming-hindi-movies
2229,pacific d21 mall,33100,2,6561,$0.02,5,24,https://www.district.in/movies/pvr-pacific-d21-dwarka-new-delhi-in-gurgaon-CD1022287
2230,p r i d e meaning in hindi,40500,54,85,$0,1,31,https://www.district.in/movies/
2231,nandan movie timings,40500,11,607,$0,1,21,https://www.district.in/movies/kolkata-movie-tickets
2232,n c r delhi,40500,54,85,$0.06,1,31,https://www.district.in/activities/game-zones-in-delhi-ncr/
2233,mumbai versus rajasthan,33100,9,1368,$0,1,37,https://www.district.in/events/screening-of-mi-vs-rr-mumbai-indians-vs-rajasthan-royals--may24-2026-buy-tickets
2234,movies with bikers,40500,32,85,$0,1,41,https://www.district.in/movies/biker-movie-tickets-in-hyderabad-MV208898
2235,sa lam,40500,63,85,$0.36,1,42,https://www.district.in/movies/salam-sainika-movie-tickets-MV216172
2236,gt vs pbks 2026,27100,32,85,$0.13,1,22,https://www.district.in/events/ipl-ticket-booking
2237,film new movies,40500,8,1899,$0.21,1,80,https://www.district.in/movies/upcoming-movies
2238,f1 movie download in tamil,40500,53,85,$0,1,27,https://www.district.in/movies/
2239,assi movie 2026,40500,10,1899,$0.27,4,27,https://www.district.in/movies/assi-movie-tickets-MV213944
2240,amba theatre delhi,40500,13,368,$0.20,1,21,https://www.district.in/movies/
2241,premam malayalam movie,22200,15,374,$0,1,38,https://www.district.in/movies/premam-2015-movie-tickets-MV159965
2242,new marathi movies,33100,25,109,$0.40,1,31,https://www.district.in/movies/upcoming-marathi-movies
2243,nearby theatres,33100,5,5362,$0.05,4,29,https://www.district.in/movies/cinema-near-me
2244,ms dhoni the untold story story,33100,22,142,$0,1,50,https://www.district.in/movies/m-s-dhoni-the-untold-story-2016-movie-tickets-MV140115
2245,kashi cafe,22200,15,652,$0,3,25,https://www.district.in/dining/bangalore/kashi-cafe-sarjapur-road-bangalore
2246,sanam teri kasam cast,49500,8,2181,$0,1,19,https://www.district.in/movies/sanam-teri-kasam-2016-movie-tickets-in-halduchour-MV140032
2247,ramoji film city entrance fee,40500,21,168,$0.09,25,16,https://www.district.in/events/ramoji-studio-tour-jan23-2025-buy-tickets
2248,unity one rohini,27100,6,1552,$0,6,23,https://www.district.in/movies/cinepolis-unity-one-mall-rohini-new-delhi-in-new-delhi-CD1337
2249,thaai kelavi movie,33100,7,2181,$0.03,1,27,https://www.district.in/movies/thaai-kizhavi-movie-tickets-in-chennai-MV212782
2250,stand up comedy,33100,41,69,$0.38,1,22,https://www.district.in/events/sunday-standup-comedy-may5-2024-buy-tickets
2251,srh team 2026,22200,7,2181,$0.84,1,34,https://www.district.in/events/sunrisers-hyderabad-team
2252,kidzania in delhi ncr,33100,8,1552,$0.18,5,28,https://www.district.in/events/kidzania-delhi-ncr-buy-tickets
2253,just chill water park,27100,2,5362,$0,1,14,https://www.district.in/events/just-chill-water-park-may29-2025-buy-tickets
2254,just chill amusement park,27100,8,2181,$0.02,2,19,https://www.district.in/events/just-chill-water-park-may29-2025-buy-tickets
2255,j p cinema,33100,10,652,$0.12,4,17,https://www.district.in/movies/jp-cinema-muktsar-road-jalalabad-in-fazilka-CD1098898
2256,ipl cricket chennai super king,33100,14,374,$0,1,53,https://www.district.in/events/chennai-super-kings-team
2257,indian movies 4u,60500,37,69,$0.28,1,41,https://www.district.in/dining/ncr/south-indian-hub-4u-1-ina-new-delhi
2258,ind vs wi 2nd test match,33100,9,652,$0,1,34,https://www.district.in/events/idfc-first-bank-series-2nd-test-india-vs-west-indies--delhi-buy-tickets
2259,goregaon film city,33100,11,847,$0.26,1,23,https://www.district.in/events/mumbai-filmcity-tour-with-bollywood-park-2025-buy-tickets
2260,glass painting,33100,61,69,$0.05,34,52,https://www.district.in/activities/workshops-in-hyderabad/
2261,csk vs mi 2026,1900,6,3220,$0.15,1,23,https://www.district.in/events/ipl-ticket-booking
2262,cast of the housemaid,1900,9,1552,$0,1,29,https://www.district.in/movies/the-housemaid-movie-tickets-in-faridabad-MV186823
2263,bms bhilai,33100,16,168,$0.01,1,21,https://www.district.in/movies/bhilai-movie-tickets
2264,garuda inox,27100,6,3220,$0.05,6,28,https://www.district.in/movies/inox-garuda-mall-magrath-road-bengaluru-in-bengaluru-CD1020720
2265,formula karting,27100,6,3220,$0.08,5,28,https://www.district.in/events/formula-karting-noida-2025-buy-tickets
2266,food square,27100,71,69,$0.63,8,29,https://www.district.in/movies/svc-cinemas-city-square-mall-kurnool-in-kurnool-CD15527
2267,english tamil,27100,57,69,$0,1,26,https://www.district.in/events/hibiscus-foundation-may9-2026-buy-tickets
2268,bhartiya mall,33100,6,1552,$0,1,28,https://www.district.in/movies/pvr-bhartiya-mall-of-bengaluru-bhartiya-city-mall-bengaluru-in-vijayapura-CD1020740
2269,akbar anthony,33100,36,69,$0.01,1,49,https://www.district.in/movies/amar-akbar-anthony-1977-movie-tickets-MV144913
2270,zero40 brewery,33100,15,248,$0.12,4,27,https://www.district.in/dining/hyderabad/zero40-brewing-gachibowli
2271,tomb of itimad ud daulah agra,33100,12,652,$0.17,6,30,https://www.district.in/events/itimad-ud-daulah-tomb-buy-tickets
2272,the legend of ramayana,33100,10,2181,$0.15,1,45,https://www.district.in/movies/ramayana-the-legend-of-prince-rama-movie-tickets-MV178202
2273,telugu best movies,40500,25,76,$0,1,25,https://www.district.in/movies/hyderabad-movie-tickets
2274,siddalingeshwara theatre bangalore,33100,7,1552,$0.14,5,21,https://www.district.in/movies/siddeshwara-4k-dolby-atmos-3d-7-1-cinema-jp-nagar-bengaluru-in-bengaluru-CD1101224
2275,film city mumbai,33100,11,847,$0.09,1,23,https://www.district.in/events/mumbai-filmcity-tour-with-bollywood-park-2025-buy-tickets
2276,kurukshetra movie,18100,11,1118,$0.12,1,23,https://www.district.in/movies/divine-cineplex-kurukshetra-in-kurukshetra-CD1089013
2277,kanakapura road,33100,98,69,$0.20,4,29,https://www.district.in/movies/dhurandhar-the-revenge-movie-tickets-in-bengaluru-MV211577
2278,kala nagar,33100,43,69,$0.11,4,19,https://www.district.in/movies/krishnavataram-part-1-the-heart-hridayam-movie-tickets-in-vijayawada-MV219513
2279,jana nayagan movie release date,22200,7,2181,$0,1,22,https://www.district.in/movies/jana-nayagan-movie-tickets-MV188681
2280,drishyam 3 review,590,4,5362,$0,1,28,https://www.district.in/movies/drishyam-3-malayalam-movie-tickets-MV200342
2281,cast of param sundari,33100,11,847,$0,1,28,https://www.district.in/movies/param-sundari-movie-tickets-MV186420
2282,capitals vs sunrisers,1830000,27,72,$0,1,42,https://www.district.in/events/ipl-ticket-booking
2283,bookmyshow bhavnagar,22200,13,248,$0,1,24,https://www.district.in/movies/bhavnagar-movie-tickets
2284,anand film telugu,33100,37,69,$0,1,45,https://www.district.in/movies/kurnool-movie-tickets
2285,amr planet mall,9900,8,847,$0.11,9,20,https://www.district.in/movies/moviemax-amr-ecil-secunderabad-hyderabad-in-hyderabad-CD52274
2286,7 movie roles telugu 2025,1300,16,195,$0,1,46,https://www.district.in/movies/upcoming-movies
2287,south city,33100,10,652,$0.18,4,25,https://www.district.in/movies/inox-south-city-mall-south-city-mall-kolkata-in-kolkata-CD1020717
2288,restaurants in hsr bangalore,33100,94,69,$0.05,12,23,https://www.district.in/events/loco-bear-bengaluru-2025-buy-tickets
2289,ready or not 2,9900,11,847,$0,1,45,https://www.district.in/movies/ready-or-not-2-here-i-come-movie-tickets-MV207213
2290,ramoji film city hyd,33100,66,69,$0.21,17,39,https://www.district.in/events/ramoji-studio-tour-jan23-2025-buy-tickets
2291,qutub minar entry time,33100,27,76,$0.06,5,26,https://www.district.in/events/qutub-minar-jan1-1970-buy-tickets
2292,pvr vr bengaluru whitefield road,27100,2,5362,$0.05,7,16,https://www.district.in/movies/pvr-vr-whitefield-road-bengaluru-in-bengaluru-CD1022272
2293,pvr bilaspur,33100,3,3220,$0.04,1,27,https://www.district.in/movies/pvr-rama-magneto-mall-deendayal-upadhaya-marg-bilaspur-in-bilaspur-CD1020667
2294,pista house uppal,27100,6,1552,$0,3,22,https://www.district.in/dining/hyderabad/pista-house-uppal-secunderabad
2295,pickleball court,33100,6,5362,$0.41,3,28,https://www.district.in/play/pickleball-courts-in-gurgaon
2296,wanted 2009 movie,33100,12,1118,$0,1,49,https://www.district.in/movies/wanted-2009-movie-tickets-MV215628
2297,vashi palm beach galleria,33100,3,3220,$0.19,10,19,https://www.district.in/movies/inox-palm-beach-galleria-mall-vashi-navi-mumbai-in-navi-mumbai-CD1029922
2298,theri tamil film,33100,79,69,$0.16,1,39,https://www.district.in/movies/kamala-cinemas-4k-rgb-laser-dolby-vadapalani-chennai-in-chennai-CD5059
2299,theeyavar kulaigal nadunga,27100,22,142,$0.09,1,23,https://www.district.in/movies/theeyavar-kulai-nadunga-movie-tickets-MV206661
2300,the globe grub,33100,12,847,$0.35,12,26,https://www.district.in/dining/hyderabad/the-globe-grub-gachibowli
2301,sunrisers hyderabad match,33100,8,1118,$0,1,52,https://www.district.in/events/sunrisers-hyderabad-team
2302,snow park goa,27100,53,69,$0.10,5,23,https://www.district.in/
2303,shinchan the spicy kasukabe dancers,390,9,1552,$0,1,5,https://www.district.in/movies/shin-chan-the-spicy-kasukabe-dancers-in-india-movie-tickets-in-vele-MV198610
2304,rama palace,27100,6,2181,$0,2,27,https://www.district.in/movies/rama-palace-rishikesh-in-haridwar-CD1102170
2305,rabb da radio 3,33100,8,2181,$0.18,1,22,https://www.district.in/movies/rabb-da-radio-3-movie-tickets-in-bilaspur-MV145105
2306,punjabi rasoi,33100,12,652,$0.63,3,28,https://www.district.in/dining/pune/punjabi-rasoi-1-pimpri
2307,mammootty movies new,27100,35,69,$0,1,21,https://www.district.in/movies/patriot-movie-tickets-MV207412
2308,mahakali caves mumbai,33100,10,1118,$0,5,24,https://www.district.in/events/buddhist-caves-kondivite-buy-tickets
2309,kalyani sangam multiplex,33100,5,1552,$0.09,1,21,https://www.district.in/movies/upcoming-movies-in-kalyani
2310,k star mall,33100,3,3220,$0.01,3,23,https://www.district.in/movies/fun-cinema-k-star-mall-chembur-e-mumbai-in-mumbai-CD145
2311,ipl cricket csk,14800,11,496,$0.31,1,54,https://www.district.in/events/chennai-super-kings-team
2312,red movies,33100,42,69,$0,1,53,https://www.district.in/
2313,prasad food divine,33100,17,301,$0.10,6,24,https://www.district.in/dining/mumbai/prasad-food-divine-1-kalyan-thane
2314,nandos,33100,16,301,$0.13,1,22,https://www.district.in/dining/mumbai/nandos-flame-grilled-peri-peri-chicken-nerul-navi-mumbai
2315,movies playing near,33100,4,5362,$0,1,39,https://www.district.in/movies/cinema-near-me
2316,demon slayer infinity castle movie download,170,26,69,$0,1,5,https://www.district.in/movies/
2317,bookmyshow karimnagar,33100,4,2181,$0.04,1,27,https://www.district.in/movies/karimnagar-movie-tickets
2318,cast of su from so,33100,9,1118,$0,1,37,https://www.district.in/movies/su-from-so-movie-tickets-MV202623
2319,aryan indian movie,33100,12,847,$0,1,44,https://www.district.in/movies/aaryan-movie-tickets-MV187270
2320,2 street,33100,14,301,$0.14,4,41,https://www.district.in/dining/hisar/the-second-street-cafe-hisar-locality
2321,ugly bad good,33100,6,2181,$0,1,55,https://www.district.in/movies/good-bad-ugly-movie-tickets-in-sattur-MV171374
2322,things to do bangalore india,33100,11,847,$0.15,42,20,https://www.district.in/activities/bengaluru-activity-tickets/
2323,tata wpl 2026,33100,10,652,$0,1,24,https://www.district.in/events/womens-premier-league-2026-team
2324,roohi,33100,11,847,$0,1,40,https://www.district.in/movies/roohi-2021-movie-tickets-in-chennai-MV142478
2325,ramoji film city ticket price,40500,11,652,$0.09,32,27,https://www.district.in/events/ramoji-studio-tour-jan23-2025-buy-tickets
2326,pvr latur,33100,2,5362,$0.03,1,28,https://www.district.in/movies/pvr-ekmat-chowk-barshi-road-latur-in-latur-CD1018971
2327,pvr diamond plaza,33100,3,3220,$0.05,1,23,https://www.district.in/movies/pvr-diamond-plaza-jassore-road-kolkata-in-kolkata-CD1020735
2328,nani's tiffin,33100,7,2181,$0.07,2,21,https://www.district.in/dining/hyderabad/nanis-tiffins-kondapur
2329,palm beach galleria mall,33100,3,3220,$0,10,18,https://www.district.in/movies/inox-palm-beach-galleria-mall-vashi-navi-mumbai-in-navi-mumbai-CD1029922
2330,east coast at madras square,27100,7,1552,$0.03,9,16,https://www.district.in/dining/chennai/east-coast-at-madras-square-neelangarai
2331,download kannada new movie,33100,48,69,$0,1,24,https://www.district.in/movies/bengaluru-movie-tickets
2332,csk tickets,12100,1,10062,$0.06,5,23,https://www.district.in/events/chennai-super-kings-team
2333,csk gt,33100,5,5362,$0,1,21,https://www.district.in/events/screening-of-gt-vs-csk-tata-ipl-2026-apr26-2026-buy-tickets
2334,cast of 12th fail,40500,14,496,$0,1,33,https://www.district.in/movies/12th-fail-2023-movie-tickets-MV165204
2335,bookmyshow latur,27100,21,79,$0.01,1,26,https://www.district.in/movies/drama-movies-in-latur
2336,bookmyshow dindigul,33100,26,69,$0,1,27,https://www.district.in/movies/dindigul-movie-tickets
2337,hokum,33100,16,301,$0,1,23,https://www.district.in/movies/hokum-movie-tickets-MV217349
2338,green land 2,33100,11,847,$0.98,1,41,https://www.district.in/movies/greenland-2-migration-movie-tickets-in-gurgaon-MV207554
2339,lakeshore mall hyderabad,1300,4,3220,$0.62,1,27,https://www.district.in/movies/pvr-lakeshore-mall-y-junction-hyderabad-in-hyderabad-CD1102157
2340,just chill water and fun park,27100,7,2181,$0.02,2,23,https://www.district.in/events/just-chill-water-park-may29-2025-buy-tickets
2341,basketball court near me,33100,7,2181,$0.55,1,15,https://www.district.in/play/basketball-courts-in-gurgaon
2342,3rd odi india vs new zealand,33100,67,69,$0,1,21,https://www.district.in/
2343,2026 upcoming movies bollywood,27100,4,5362,$0,1,54,https://www.district.in/movies/upcoming-hindi-movies
2344,today tamil movies,33100,6,1552,$0.01,1,56,https://www.district.in/movies/tamil-movies-tickets-in-bengaluru
2345,summer bistro,27100,6,2181,$0.10,2,22,https://www.district.in/dining/hyderabad/summer-bistro-jubilee-hills
2346,spirit film,74000,11,1552,$0,1,40,https://www.district.in/movies/spirit-movie-tickets-MV145423
2347,spicy venue,33100,28,79,$0.73,8,30,https://www.district.in/dining/hyderabad/the-spicy-venue-jubilee-hills
2348,sanam teri kasam movie cast,135000,6,3220,$0,1,37,https://www.district.in/movies/sanam-teri-kasam-2016-movie-tickets-in-halduchour-MV140032
2349,platform ticket online,27100,32,69,$0.05,9,24,https://www.district.in/movies/
2350,pkl schedule 2025,4400,8,847,$0,1,29,https://www.district.in/events/pkl-2025-jaipur-team
2351,pkl 2025 start date,27100,8,847,$0,1,21,https://www.district.in/events/pkl-2025-chennai-team
2352,pebble downtown,27100,3,3220,$0,6,28,https://www.district.in/movies/pvr-pebble-downtown-sector-12-faridabad-in-new-delhi-CD1020741
2353,new movies download malayalam,33100,26,72,$0,1,42,https://www.district.in/movies/vaazha-ii-biopic-of-a-billion-bros-movie-tickets-MV214231
2354,msd untold story,33100,20,142,$0,1,50,https://www.district.in/movies/m-s-dhoni-the-untold-story-2016-movie-tickets-MV140115
2355,mr theatre tambaram chennai,33100,2,5362,$0.22,1,20,https://www.district.in/movies/m-r-theatre-4k-3d-a-c-dolby-7-1-chennai-in-chennai-CD1041392
2356,m r theatre,33100,2,5362,$0.09,1,36,https://www.district.in/movies/m-r-theatre-4k-3d-a-c-dolby-7-1-chennai-in-chennai-CD1041392
2357,lucknow super giants vs delhi capitals match,40500,43,69,$0,1,21,https://www.district.in/events/ipl-ticket-booking
2358,language telugu,33100,82,69,$0,1,27,https://www.district.in/movies/chittoor-movie-tickets
2359,laalo krishna sada sahayate,33100,27,76,$0.31,1,31,https://www.district.in/movies/laalo-krishna-sada-sahaayate-movie-tickets-MV204602
2360,kingdom movie release date,40500,21,168,$0,1,41,https://www.district.in/movies/kingdom-movie-tickets-MV190043
2361,royal challengers vs mumbai indians,33100,6,2181,$0,1,21,https://www.district.in/events/screening-of-rcb-vs-mi-royal-challengers-bengaluru-vs-mumbai-indians-may10-2026-buy-tickets
2362,kerala districts,33100,45,69,$0,1,47,https://www.district.in/movies/
2363,kannada new films download,33100,43,69,$0,1,23,https://www.district.in/movies/bengaluru-movie-tickets
2364,kala cafe,33100,10,1552,$0.08,4,25,https://www.district.in/dining/ncr/kala-cafe-1-parliament-street-new-delhi
2365,concerts,33100,3,5362,$0.27,1,51,https://www.district.in/events/
2366,cast of with love 2026,27100,11,652,$0,1,29,https://www.district.in/movies/with-love-movie-tickets-MV212336
2367,cast of akhanda 2,9900,10,847,$0,1,25,https://www.district.in/movies/akhanda-2-movie-tickets-in-pandharpur-MV179673
2368,byomkesh bakshy movie,33100,17,301,$0,1,48,https://www.district.in/movies/detective-byomkesh-bakshy-2015-movie-tickets-MV140685
2369,fun world bangalore,40500,7,5362,$0.07,7,28,https://www.district.in/events/fun-world-amusement-park-bengaluru-2025-buy-tickets
2370,demon slayer infinity castle showtimes,27100,3,5362,$0.14,1,34,https://www.district.in/movies/demon-slayer-kimetsu-no-yaiba-infinity-castle-movie-tickets-in-gurgaon-MV191860
2371,csk dc,33100,4,5362,$0.42,1,21,https://www.district.in/events/tata-ipl-2026-match-48--delhi-capitals-vs-chennai-super-kings-buy-tickets
2372,apna dhaba,22200,14,496,$0.10,2,25,https://www.district.in/dining/ncr/apna-dhaba-south-city-1
2373,aditya city centre,33100,7,1118,$0.13,6,18,https://www.district.in/movies/new-us-cinemas-aditya-mall-ghaziabad-in-new-delhi-CD25281
2374,the great escape water park,33100,10,1118,$0.05,6,16,https://www.district.in/events/the-great-escape-waterpark-2025-buy-tickets
2375,th u,33100,75,69,$0,1,40,https://www.district.in/events/tata-ipl-2026-match-58-punjab-kings-vs-mumbai-indians-buy-tickets
2376,sunrisers hyderabad vs,33100,17,195,$0.25,1,44,https://www.district.in/events/tata-ipl-2026-match-49--sunrisers-hyderabad-vs-punjab-kings-buy-tickets
2377,sunrisers hyderabad cricket match,33100,6,1552,$0,1,54,https://www.district.in/events/sunrisers-hyderabad-team
2378,srh matches,27100,4,3220,$0.12,1,38,https://www.district.in/events/sunrisers-hyderabad-team
2379,sharma house,33100,27,109,$0.15,2,21,https://www.district.in/dining/hyderabad/hyderabad-shawarma-house-narayanguda
2380,workshop near me,33100,5,5362,$0.51,2,23,https://www.district.in/activities/workshops-activities-in-bengaluru/
2381,water park just chill,27100,2,5362,$0.01,2,41,https://www.district.in/events/just-chill-water-park-may29-2025-buy-tickets
2382,vijay jana nayagan,6600,10,1118,$0,1,29,https://www.district.in/movies/jana-nayagan-trailer-celebration-movie-tickets-in-chennai-MV212778
2383,uppal junction,27100,41,69,$0,5,28,https://www.district.in/movies/dhurandhar-the-revenge-movie-tickets-in-hyderabad-MV211577
2384,unity one mall rohini,27100,6,1552,$0,6,15,https://www.district.in/movies/cinepolis-unity-one-mall-rohini-new-delhi-in-new-delhi-CD1337
2385,trampoline park gurgaon,27100,4,5362,$0.10,4,23,https://www.district.in/events/skyjumper-amusement-park-ild-trade-center-gurugram-buy-tickets
2386,jaripatka,33100,42,69,$0,5,42,https://www.district.in/dining/nagpur/priject-family-restaurant-jaripatka
2387,india pala,33100,15,301,$0.09,1,38,https://www.district.in/movies/pala-movie-tickets
2388,near cinema hall,33100,5,5362,$0.03,3,23,https://www.district.in/movies/cinema-near-me
2389,mumbai indians vs rajasthan royals matches,27100,41,69,$0,1,13,https://www.district.in/events/ipl-ticket-booking
2390,movie playing nearby,33100,4,5362,$0,1,39,https://www.district.in/movies/cinema-near-me
2391,mahakali caves,33100,10,1552,$0,5,29,https://www.district.in/events/buddhist-caves-kondivite-buy-tickets
2392,magneto mall bilaspur chhattisgarh,33100,4,2181,$0.23,9,20,https://www.district.in/movies/pvr-rama-magneto-mall-bilaspur-in-bilaspur-CD1020667
2393,m r theatre tambaram,33100,2,5362,$0.08,1,18,https://www.district.in/movies/m-r-theatre-4k-3d-a-c-dolby-7-1-chennai-in-chennai-CD1041392
2394,rj's,33100,10,1118,$0.28,1,41,https://www.district.in/dining/bangalore/rjs-lounge-bommasandra-bangalore
2395,restaurants in koramangala,40500,69,69,$0.15,3,26,https://www.district.in/events/perform-may30-2026-buy-tickets
2396,pvr cinemas ujjain,33100,3,3220,$0.02,4,19,https://www.district.in/movies/pvr-treasure-bazaar-mall-nanakheda-ujjain-in-ujjain-CD1019947
2397,galaxy cinema,22200,3,3220,$0.01,1,25,https://www.district.in/movies/galaxy-cinema-mansarovar-sp-9-shipra-path-jaipur-in-jaipur-CD62624
2398,drishyam star cast,33100,11,496,$0,1,22,https://www.district.in/movies/drishyam-3-movie-tickets-MV207254
2399,dev joshi,74000,47,69,$0,1,40,https://www.district.in/movies/vaanki-chuki-love-story-movie-tickets-MV216668
2400,hotel kannappa,33100,18,248,$0.11,2,28,https://www.district.in/dining/trichy/hotel-kannappa-kk-nagar
2401,csk vs punjab,40500,17,195,$0,1,25,https://www.district.in/events/ipl-ticket-booking
2402,cast of raid 2,60500,9,1118,$0,1,35,https://www.district.in/movies/raid-2-movie-tickets-MV169288
2403,tamil movies recent,33100,19,168,$0.01,1,58,https://www.district.in/movies/tamil-movies-tickets-in-chennai
2404,single film,33100,38,69,$0.03,1,30,https://www.district.in/movies/single-movie-tickets-in-gurgaon-MV189954
2405,varun grover,40500,17,301,$0,1,30,https://www.district.in/events/varun-grover/artist
2406,timings for qutub minar,33100,62,69,$0.19,6,29,https://www.district.in/events/qutub-minar-jan1-1970-buy-tickets
2407,the kerala story 2 release date,33100,8,1552,$0.31,1,22,https://www.district.in/movies/the-kerala-story-2-goes-beyond-movie-tickets-MV214234
2408,rohit roy,27100,5,3220,$0,1,26,https://www.district.in/events/rohit-roy/artist
2409,rajasthan versus hyderabad,33100,5,3220,$0,1,21,https://www.district.in/events/tata-ipl-2026-match-36-rajasthan-royals-vs-sunrisers-hyderabad-apr25-2026-buy-tickets
2410,raja shivaji movie,40500,19,248,$0.08,1,26,https://www.district.in/movies/raja-shivaji-movie-tickets-in-korba-MV170361
2411,pro kabaddi league 2025 start date,33100,9,652,$0,1,34,https://www.district.in/events/pkl-2025-chennai-team
2412,plugged,33100,27,79,$0.02,19,58,https://www.district.in/events/pluggedin-gaming-cafe-buy-tickets
2413,oru durooha saahacharyathil,590,9,1118,$0,1,25,https://www.district.in/movies/oru-durooha-saahacharyathil-movie-tickets-MV217804
2414,new kannada films download,33100,45,69,$0.24,1,23,https://www.district.in/movies/mysuru-movie-tickets
2415,new films download malayalam,33100,30,69,$0,1,46,https://www.district.in/movies/vaazha-ii-biopic-of-a-billion-bros-movie-tickets-MV214231
2416,nearby theatre,33100,4,10062,$0.05,4,29,https://www.district.in/movies/cinema-near-me
2417,nearby movie theaters,33100,4,10062,$0.02,5,26,https://www.district.in/movies/cinema-near-me
2418,near theatre,33100,5,5362,$0.03,3,28,https://www.district.in/movies/cinema-near-me
2419,movies at the theatre,33100,7,2181,$0.02,2,49,https://www.district.in/movies/new-delhi-movie-tickets
2420,minerva coffee shop,27100,24,109,$3.49,6,23,https://www.district.in/dining/hyderabad/minerva-coffee-shop-somajiguda
2421,movie theater near,27100,4,5362,$0.06,5,42,https://www.district.in/movies/cinema-near-me
2422,kashi cafe fort kochi,33100,8,1552,$0.05,1,25,https://www.district.in/dining/kochi/kashi-art-cafe-fort-kochi
2423,kantara chapter 1 ott release date,27100,90,69,$0.26,1,26,https://www.district.in/movies/kantara-a-legend-chapter-1-movie-tickets-in-gurgaon-MV165830
2424,founder,33100,83,69,$0,1,40,https://www.district.in/events/founders-room-the-fundraising-journey-by-zocodeclub-may30-2026-buy-tickets
2425,d mart nearby,33100,53,69,$0.09,2,37,https://www.district.in/movies/guntur-movie-tickets
2426,cricket ipl csk,27100,9,1118,$0.20,1,57,https://www.district.in/events/chennai-super-kings-team
2427,corner house indiranagar,27100,8,1552,$0,7,24,https://www.district.in/dining/bangalore/corner-house-ice-creams-indiranagar-bangalore
2428,cinepolis kochi,14800,2,5362,$0.16,10,21,https://www.district.in/movies/cinepolis-centre-square-mall-ernakulam-kochi-in-kochi-CD122
2429,chennai super kings tickets,18100,4,5362,$0.21,1,11,https://www.district.in/events/chennai-super-kings-team
2430,chembur k star mall,33100,2,5362,$0,3,15,https://www.district.in/movies/fun-cinema-k-star-mall-chembur-e-mumbai-in-mumbai-CD145
2431,cast of leo 2023 indian film,33100,5,3220,$0,1,43,https://www.district.in/movies/leo-2023-movie-tickets-MV159845
2432,kerala story 2 release date,33100,6,3220,$0.18,1,27,https://www.district.in/movies/the-kerala-story-2-goes-beyond-movie-tickets-MV214234
2433,hotel original vinayaka mylari,8100,10,1118,$0.17,10,23,https://www.district.in/dining/mysore/original-vinayaka-mylari-doora
2434,hotel jatra,33100,7,2181,$0,7,19,https://www.district.in/dining/ahmednagar/hotel-jatra-2-ahmednagar-locality
2435,ganesh theatre chennai,33100,2,5362,$0.06,1,30,https://www.district.in/movies/ganesh-cinemas-rgb-laser-christie-vive-audio-mannar-swamy-koil-street-chennai-in-chennai-CD4248
2436,ganesh theater chennai,33100,2,5362,$0.06,1,30,https://www.district.in/movies/ganesh-cinemas-rgb-laser-christie-vive-audio-mannar-swamy-koil-street-chennai-in-chennai-CD4248
2437,cafe nur,12100,14,496,$1.35,5,33,https://www.district.in/dining/mumbai/cafe-nur-fort
2438,bookmyshow amritsar,27100,14,195,$0.01,1,27,https://www.district.in/movies/amritsar-movie-tickets
2439,all slots games,33100,13,248,$0.32,2,23,https://www.district.in/play/game-on-the-pickleball-arena-game-on-the-pickleball-arena-hyderabad-slots-booking
2440,alka theatre pune,33100,33,69,$0.23,5,22,https://www.district.in/movies/pune-movie-tickets
2441,wonderla chennai ticket price,33100,4,5362,$0.07,1,16,https://www.district.in/events/wonderla-amusement-park-chennai-2026-buy-tickets
2442,rangoli of ganesha,33100,48,69,$0,1,31,https://www.district.in/movies/howrah-movie-tickets
2443,rachel movie,18100,27,79,$0.14,1,42,https://www.district.in/movies/rachel-movie-tickets-MV186776
2444,priya movie hall,33100,11,652,$0.09,2,22,https://www.district.in/movies/pvr-imax-with-laser-priya-vasant-vihar-new-delhi-in-new-delhi-CD1022246
2445,nearby movies playing,33100,5,3220,$0,1,31,https://www.district.in/movies/cinema-near-me
2446,movies of santhanam,33100,88,69,$0,1,45,https://www.district.in/movies/santhalinga-cinemas-multiplex-dolby-atmos-4k-laser-oragadam-in-chennai-CD1102078
2447,mi vs csk 2026,33100,20,142,$0.44,1,20,https://www.district.in/events/screening-of-csk-vs-mi-tata-ipl-2026-may2-2026-buy-tickets
2448,telugu anand,33100,41,69,$0,1,46,https://www.district.in/movies/sp-anand-cinemas-bhanugudi-junction-kakinada-in-kakinada-CD1031589
2449,srh vs rcb 2026,27100,4,3220,$0.25,1,22,https://www.district.in/events/screening-of-srh-vs-rcb-tata-ipl-2026-may22-2026-buy-tickets
2450,scarlett house,33100,12,847,$0.17,3,22,https://www.district.in/dining/mumbai/scarlett-house-1-juhu
2451,sanchez manyata,33100,8,1552,$0,1,19,https://www.district.in/dining/bangalore/sanchez-nagawara-bangalore
2452,haunted 3d returns release date,1000,9,1552,$0,1,31,https://www.district.in/movies/haunted-ghosts-of-the-past-3d-movie-tickets-MV196086
2453,dude release date,6600,29,72,$0,1,30,https://www.district.in/movies/dude-2025-movie-tickets-MV197550
2454,junagadh suraj cinema,33100,10,374,$0.03,1,21,https://www.district.in/movies/suraj-cineplex-bhutnath-road-junagadh-in-jetpur-CD917
2455,bikaner jn,33100,36,69,$0.07,2,18,https://www.district.in/
2456,court near me,33100,6,5362,$0.10,1,18,https://www.district.in/play/
2457,cocktail 2 release date,8100,9,1552,$0,1,21,https://www.district.in/movies/cocktail-2-movie-tickets-MV213788
2458,cast of vikram 2022,40500,9,1118,$0,1,34,https://www.district.in/movies/vikram-2022-movie-tickets-MV141979
2459,bookmyshow gwalior,27100,15,185,$0.09,1,26,https://www.district.in/movies/gwalior-movie-tickets
2460,boho koramangala,22200,12,847,$0,11,28,https://www.district.in/dining/bangalore/boho-koramangala-5th-block
2461,bms latur,33100,9,496,$0,1,27,https://www.district.in/movies/latur-movie-tickets
2462,best film action,33100,41,69,$0.88,1,48,https://www.district.in/movies/
2463,tata near me,40500,20,142,$0.05,9,23,https://www.district.in/
2464,ramoji film city at hyderabad,33100,25,142,$0.21,17,42,https://www.district.in/events/ramoji-studio-tour-jan23-2025-buy-tickets
2465,pvr bokaro,27100,3,3220,$0.03,6,28,https://www.district.in/movies/pvr-bokaro-bokaro-steel-city-bokaro-in-bokaro-CD1023489
2466,platina mall,33100,2,5362,$0.32,7,19,https://www.district.in/movies/svf-cinemas-platina-mall-howrah-in-kolkata-CD1102203
2467,threads hindi meaning,33100,40,69,$0,1,19,https://www.district.in/events/wear-your-art-embroidery-on-your-own-clothes-may25-2026-buy-tickets
2468,the taj story release date,22200,10,1118,$0,1,27,https://www.district.in/movies/the-taj-story-movie-tickets-MV207272
2469,logix mall wave city centre,74000,10,496,$0.22,9,20,https://www.district.in/movies/pvr-superplex-logix-sector-32-noida-in-new-delhi-CD1024414
2470,lakshmi cinema,27100,11,847,$0.16,1,36,https://www.district.in/movies/ld-cinemas-sri-lakshmi-devi-theatre-a-c-4k-3d-travellers-bungalow-road-hosur-in-hosur-CD1034383
2471,l near me,33100,5,2181,$0,1,39,https://www.district.in/
2472,kidzania delhi ncr,33100,8,2181,$0.12,4,24,https://www.district.in/events/kidzania-delhi-ncr-buy-tickets
2473,ipl20 20,33100,16,185,$0.02,1,27,https://www.district.in/events/ipl-ticket-booking
2474,pickleball courts,33100,6,3220,$0.13,4,13,https://www.district.in/play/pickleball-courts-in-gurgaon
2475,param sundari 2025,49500,10,1118,$0,1,26,https://www.district.in/movies/param-sundari-movie-tickets-MV186420
2476,n y cinema bhuj,27100,1,10062,$0.01,1,18,https://www.district.in/movies/ny-cinemas-bhuj-in-bhuj-CD61949
2477,miraj cinemas hisar,33100,4,2181,$0.04,1,20,https://www.district.in/movies/miraj-cinemas-hisar-in-hisar-CD7434
2478,deewaniyat movie release date,2400,14,496,$0,1,28,https://www.district.in/movies/ek-deewane-ki-deewaniyat-2025-movie-tickets-MV190438
2479,coffee shops in jubilee hills hyderabad,33100,23,109,$0.03,7,21,https://www.district.in/dining/hyderabad/kohe-the-coffee-shop-jubilee-hills
2480,cast of ramayana 2026,40500,8,1552,$0,1,37,https://www.district.in/movies/ramayana-movie-tickets-MV176276
2481,hyd malls,33100,66,69,$0.05,3,24,https://www.district.in/movies/dhurandhar-the-revenge-movie-tickets-in-hyderabad-MV211577
2482,ganesh cinemas,27100,2,5362,$0,2,27,https://www.district.in/movies/ganesh-cinemas-rgb-laser-christie-vive-audio-mannar-swamy-koil-street-chennai-in-chennai-CD4248
2483,fort of chitradurga,33100,9,1552,$0.02,2,26,https://www.district.in/events/chitradurga-fort-buy-tickets
2484,baglami,33100,24,142,$0.07,1,40,https://www.district.in/dining/mumbai/ba%C4%9Flami-bandra-kurla-complex
2485,avatar fire and ash release date,14800,12,652,$0,1,55,https://www.district.in/movies/avatar-fire-and-ash-2025-movie-tickets-MV165236
2486,anjaan,27100,22,142,$0,1,39,https://www.district.in/movies/anjaan-2014-movie-tickets-MV156528
2487,airing movies,33100,4,3220,$0,1,63,https://www.district.in/movies/cinema-near-me
2488,cafe tesu,33100,9,1552,$0.14,2,28,https://www.district.in/dining/ncr/cafe-tesu-adchini-new-delhi
2489,burger king koregaon park,18100,4,5362,$0.15,6,23,https://www.district.in/dining/pune/burger-king-koregaon-park
2490,bookmyshow in anand,33100,17,142,$0.01,1,21,https://www.district.in/movies/anand-movie-tickets
2491,movies in theatres now,27100,5,3220,$0.02,5,15,https://www.district.in/movies/
2492,movies in theaters,27100,7,1552,$0.02,9,24,https://www.district.in/movies/new-delhi-movie-tickets
2493,movie near me,27100,3,5362,$0.03,8,24,https://www.district.in/movies/cinema-near-me
2494,movie in theaters,27100,6,2181,$0.02,3,22,https://www.district.in/movies/new-delhi-movie-tickets
2495,marathi latest movies,33100,23,89,$0.10,1,29,https://www.district.in/movies/marathi-movies-tickets-in-mumbai
2496,jonathan's,40500,26,79,$0,1,57,https://www.district.in/dining/hyderabad/jonathans-kitchen-financial-district
2497,wanted 2009 film,33100,16,496,$0,1,28,https://www.district.in/movies/wanted-2009-movie-tickets-MV215628
2498,things to do in bangalore india,33100,12,496,$0.10,48,22,https://www.district.in/activities/bengaluru-activity-tickets/
2499,things to do bangalore,33100,3,5362,$0.15,42,29,https://www.district.in/activities/bengaluru-activity-tickets/
2500,rahu ketu hindi movie,33100,11,1118,$0,1,22,https://www.district.in/movies/rahu-ketu-movie-tickets-in-gurgaon-MV206246
2501,pvr gaur city greater noida,33100,3,5362,$0.07,5,20,https://www.district.in/movies/pvr-gaur-city-gaur-city-mall-greater-noida-in-new-delhi-CD1025087
2502,pushpa park malad east,27100,30,69,$0.13,5,19,https://www.district.in/dining/mumbai/prasad-malad-east
2503,neha bhasin,33100,11,1118,$0,1,27,https://www.district.in/events/neha-bhasin/artist
2504,nearest movie theater,27100,4,5362,$0.02,3,50,https://www.district.in/movies/cinema-near-me
2505,nearby cinema halls,33100,4,10062,$0.01,4,19,https://www.district.in/movies/cinema-near-me
2506,my show,33100,3,3220,$0.08,1,32,https://www.district.in/movies/
2507,kannada picture,40500,30,69,$0.01,1,30,https://www.district.in/movies/mysuru-movie-tickets
2508,just chill delhi,27100,9,847,$0.02,2,18,https://www.district.in/events/just-chill-water-park-may29-2025-buy-tickets
2509,internet gaming zone,27100,67,69,$0,1,31,https://www.district.in/events/netzone-gaming-lounge-2025-buy-tickets
2510,concert,33100,5,3220,$0.35,1,40,https://www.district.in/events/
2511,bilaspur pvr,33100,2,5362,$0.06,1,20,https://www.district.in/movies/pvr-rama-magneto-mall-bilaspur-in-bilaspur-CD1020667
2512,bad good ugly,33100,11,847,$0,1,35,https://www.district.in/movies/good-bad-ugly-movie-tickets-in-sattur-MV171374
2513,aura mall bhopal pvr,27100,4,2181,$0.04,9,21,https://www.district.in/movies/pvr-aura-mall-shahpura-bhopal-in-bhopal-CD1019971
2514,akbar tomb location,33100,7,1552,$0.08,5,21,https://www.district.in/events/akbars-tomb-sikandra-buy-tickets
2515,6th underground,27100,40,69,$0,1,60,https://www.district.in/events/too-much-information-by-shreya-priyam-roy-may14-2026-buy-tickets
2516,to do in bangalore,33100,6,5362,$0.15,42,28,https://www.district.in/activities/bengaluru-activity-tickets/
2517,third wave coffee near me,27100,49,69,$0.04,12,31,https://www.district.in/activities/workshops-in-hyderabad/
2518,swagat holiday mall,22200,8,847,$0.15,8,20,https://www.district.in/movies/devgn-cinex-formerly-ny-swagat-mall-gandhinagar-in-kalol-CD1039338
2519,smoke culture by steve,22200,7,2181,$0,2,12,https://www.district.in/dining/kochi/smoke-culture-by-steve-ernakulam-city
2520,zepto login,33100,15,185,$0.18,1,27,https://www.district.in/movies/
2521,rockstar movie 2011,33100,16,374,$0.04,1,47,https://www.district.in/movies/rockstar-2011-movie-tickets-MV137395
2522,restaurants in ahmedabad,27100,39,69,$0.17,8,24,https://www.district.in/
2523,ramoji film city in hyderabad entry fee,40500,15,496,$0.11,25,23,https://www.district.in/events/ramoji-studio-tour-jan23-2025-buy-tickets
2524,rahu ketu movie,33100,15,496,$0.04,1,25,https://www.district.in/movies/rahu-ketu-movie-tickets-MV206246
2525,pvr ujjain,33100,3,3220,$0.03,4,29,https://www.district.in/movies/pvr-treasure-bazaar-mall-nanakheda-ujjain-in-ujjain-CD1019947
2526,pvr palazzo the nexus vijaya mall,9900,4,2181,$0.07,15,19,https://www.district.in/movies/pvr-palazzo-the-nexus-vijaya-mall-chennai-in-chennai-CD1022274
2527,pure home and living,33100,18,195,$0.08,100,21,https://www.district.in/stores/pure-home-living-sector-69-gurgaon-SDP-80853933
2528,priya cinemas madurai,27100,19,109,$0.21,3,22,https://www.district.in/movies/
2529,polo victory cinema,27100,38,69,$0,10,25,https://www.district.in/movies/jaipur-movie-tickets
2530,pkl 2025 starting date,18100,8,1118,$0,1,25,https://www.district.in/events/pkl-2025-jaipur-team
2531,sushma theatre hyderabad,33100,2,5362,$0.10,3,17,https://www.district.in/movies/sushma-70mm-2k-dolby-digital-vanasthalipuram-hyderabad-in-hyderabad-CD4496
2532,timing of qutub minar,33100,38,69,$0.06,5,20,https://www.district.in/events/qutub-minar-jan1-1970-buy-tickets
2533,karuppu movie release date,14800,6,3220,$0,1,21,https://www.district.in/movies/karuppu-movie-tickets-MV200421
2534,kantara 1,27100,15,496,$0.03,1,30,https://www.district.in/movies/kantara-a-legend-chapter-1-movie-tickets-MV165830
2535,kabaddi 2025,33100,8,1118,$0,1,55,https://www.district.in/events/pkl-2025-jaipur-team
2536,just chill park,27100,4,2181,$0.02,2,16,https://www.district.in/events/just-chill-water-park-may29-2025-buy-tickets
2537,in movie theatre,33100,5,5362,$0.01,3,31,https://www.district.in/movies/cinema-near-me
2538,gujarat titans vs punjab kings match,720,17,168,$0,1,22,https://www.district.in/events/screening-of-gt-vs-pbks-gujarat-titans-vs-punjab-kings-may3-2026-buy-tickets
2539,new movies of mohanlal,33100,51,69,$0,1,42,https://www.district.in/movies/patriot-movie-tickets-MV207412
2540,nearest cinema hall,33100,5,10062,$0.02,3,23,https://www.district.in/movies/cinema-near-me
2541,navrang cinemas,33100,3,3220,$0.27,4,21,https://www.district.in/movies/navrang-cineplex-general-ganj-kanpur-in-kanpur-CD7706
2542,movies playing nearby,33100,3,10062,$0,1,36,https://www.district.in/movies/cinema-near-me
2543,mishra's,33100,7,3220,$0.15,1,22,https://www.district.in/dining/raipur/mishras-sweets-restaurant-tatibandh
2544,burger king pune koregaon park,33100,5,3220,$0.16,7,23,https://www.district.in/dining/pune/burger-king-koregaon-park
2545,bookmyshow prayagraj,27100,18,142,$0.01,1,26,https://www.district.in/
2546,dada boudi restaurant,33100,13,652,$0,3,23,https://www.district.in/dining/kolkata/dada-boudi-restaurant-barrackpore
2547,zomato login,27100,9,652,$0.14,1,27,https://www.district.in/
2548,meaning of ofcourse in hindi,33100,47,69,$0,1,22,https://www.district.in/movies/
2549,luna et sol,27100,9,1552,$0.17,3,21,https://www.district.in/dining/mumbai/luna-et-sol-lower-parel
2550,leader movie 2026,27100,10,1118,$0,1,25,https://www.district.in/movies/leader-movie-tickets-MV214837
2551,lakshmi cinemas,27100,8,1552,$0.02,11,30,https://www.district.in/movies/sree-lakshmi-cinemas-a-c-2k-dolby-atmos-thiruninravur-chennai-in-chennai-CD43338
2552,my bar headquarters,27100,7,2181,$0,8,24,https://www.district.in/dining/ncr/my-bar-headquarters-connaught-place-new-delhi
2553,mohiniyattam 2,4400,11,1118,$0,1,26,https://www.district.in/movies/bharathanatyam-2-mohiniyattam-movie-tickets-MV217990
2554,mikka singh,40500,14,652,$0,1,59,https://www.district.in/events/mika-singh/artist
2555,tamil to malayalam,33100,83,69,$0.23,1,22,https://www.district.in/events/thalapathified-tamil-singalong-jamming-bangalore-may17-2026-buy-tickets
2556,suraj cineplex,33100,9,496,$0.02,1,27,https://www.district.in/movies/suraj-cineplex-bhutnath-road-junagadh-in-jetpur-CD917
2557,saket nagar,33100,95,69,$0.02,10,31,https://www.district.in/movies/dhurandhar-the-revenge-movie-tickets-in-new-delhi-MV211577
2558,pvr bhopal,27100,4,2181,$0.03,8,29,https://www.district.in/movies/pvr-aura-mall-shahpura-bhopal-in-bhopal-CD1019971
2559,good and bad ugly,33100,11,652,$0,1,36,https://www.district.in/movies/good-bad-ugly-movie-tickets-in-sattur-MV171374
2560,gali number 5,27100,14,301,$0.16,4,23,https://www.district.in/dining/chandigarh/veg-gali-punjabi-restaurant-phase-5-mohali
2561,feroz shah kotla fort,33100,10,1552,$0,2,15,https://www.district.in/events/kotla-firoz-shah-buy-tickets
2562,bookmyshow bhilai,33100,20,89,$0.03,1,27,https://www.district.in/movies/bhilai-movie-tickets
2563,bhabhiji ghar par hai movie,1900,7,1552,$0.08,1,29,https://www.district.in/movies/bhabiji-ghar-par-hain-movie-tickets-MV213044
2564,best restaurants delhi,40500,60,69,$0.21,8,28,https://www.district.in/
2565,assi movie,27100,12,652,$0.23,1,26,https://www.district.in/movies/assi-movie-tickets-MV213944
2566,anand telugu,33100,45,69,$0,1,46,https://www.district.in/movies/kurnool-movie-tickets
2567,aaryan movies,22200,12,652,$0,1,26,https://www.district.in/movies/aaryan-movie-tickets-in-tonk-MV187270
2568,6 underground,33100,59,69,$0,1,27,https://www.district.in/events/too-much-information-by-shreya-priyam-roy-may14-2026-buy-tickets
2569,entry fee ramoji film city,40500,11,496,$0.13,30,17,https://www.district.in/events/ramoji-studio-tour-jan23-2025-buy-tickets
2570,trichy la cinema,33100,27,69,$0.01,1,21,https://www.district.in/movies/
2571,treasure island mall ti mall,33100,17,185,$0.35,13,22,https://www.district.in/movies/pvr-treasure-island-mall-south-tukoganj-indore-in-indore-CD1024420
2572,today tamil movie,33100,5,3220,$0,1,55,https://www.district.in/movies/tamil-movies-tickets-in-chennai
2573,things to do in bangalore,40500,6,3220,$0.13,37,23,https://www.district.in/activities/bengaluru-activity-tickets/
2574,theatre the myth of reality,22200,13,652,$0.12,1,28,https://www.district.in/movies/theatre-the-myth-of-reality-movie-tickets-in-tonk-MV207044
2575,theater near,590,5,5362,$0.02,3,47,https://www.district.in/movies/cinema-near-me
2576,store for jewelry,33100,75,69,$0.24,20,57,https://www.district.in/stores/jewellery-stores-in-gurgaon
2577,srh versus,2900,39,69,$0,1,22,https://www.district.in/events/screening-of-srh-vs-rcb-tata-ipl-2026-may22-2026-buy-tickets
2578,skyjumper ggn,33100,5,5362,$0.20,7,21,https://www.district.in/events/skyjumper-amusement-park-ild-trade-center-gurugram-buy-tickets
2579,sambhavam,6600,16,248,$0,1,29,https://www.district.in/movies/sambhavam-adhyayam-onnu-movie-tickets-in-pollachi-MV216202
2580,salaar part 2,33100,5,5362,$0,1,22,https://www.district.in/movies/salaar-part-2-shouryanga-parvam-movie-tickets-MV178311
2581,ugly the movie,33100,20,185,$0,1,32,https://www.district.in/movies/ugly-story-movie-tickets-MV220846
2582,udupi garden,27100,11,1552,$0,11,30,https://www.district.in/dining/bangalore/new-udupi-garden-1-marathahalli-bangalore
2583,metro inox,33100,6,3220,$0.01,2,28,https://www.district.in/movies/metro-inox-cinema-m-g-road-mumbai-in-greater-mumbai-CD1013616
2584,kis kisko pyaar karoon 2 cast,33100,8,1118,$0,1,22,https://www.district.in/movies/kis-kisko-pyaar-karoon-2-movie-tickets-in-abohar-MV194544
2585,kerala blasters next match,74000,7,1118,$0,1,27,https://www.district.in/events/isl-2025-26-kerala-blasters-fc-vs--mohammedan-sc-buy-tickets
2586,hotel ramdev international belgaum,33100,21,142,$0.23,5,21,https://www.district.in/dining/belgaum/hotel-ramdev-1-belgaum-locality
2587,restaurants in jayanagar bangalore,33100,67,69,$0.04,9,23,https://www.district.in/movies/dhurandhar-the-revenge-movie-tickets-in-bengaluru-MV211577
2588,restaurants ahmedabad,27100,32,69,$0.17,8,29,https://www.district.in/
2589,recent telugu new movies,27100,12,374,$0.04,1,48,https://www.district.in/movies/upcoming-telugu-movies
2590,rama magneto mall bilaspur,33100,7,847,$0.51,5,20,https://www.district.in/movies/pvr-rama-magneto-mall-deendayal-upadhaya-marg-bilaspur-in-bilaspur-CD1020667
2591,parasakthi release date,33100,28,69,$0.05,1,28,https://www.district.in/movies/parasakthi-movie-tickets-MV189198
2592,new hindi bollywood movies download,33100,20,109,$0.06,1,26,https://www.district.in/movies/upcoming-hindi-movies
2593,near theater,27100,5,5362,$0.06,5,28,https://www.district.in/movies/cinema-near-me
2594,near movie theater,27100,3,5362,$0.04,6,23,https://www.district.in/movies/cinema-near-me
2595,nazrul tirtha kolkata,33100,4,2181,$0.14,3,22,https://www.district.in/movies/nazrultirtha-cinema-kolkata-in-kolkata-CD1102200
2596,movie lux,135000,30,69,$0,1,32,https://www.district.in/movies/the-lux-cinema-yogi-icon-petlad-in-nadiad-CD1003779
2597,honey don't,27100,27,79,$0,1,46,https://www.district.in/movies/honey-don-t-movie-tickets-MV197762
2598,haunted 3d return release date,33100,7,2181,$0,1,31,https://www.district.in/movies/haunted-3d-echoes-of-the-past-movie-tickets-MV196086
2599,green leaf thane,40500,18,195,$0,5,27,https://www.district.in/dining/mumbai/green-leaf-multicuisine-family-restaurant-ghodbunder-road-thane
2600,bounce,33100,4,3220,$0.14,8,43,https://www.district.in/events/bounce-inc-mumbai-buy-tickets
2601,bk,33100,15,248,$0.07,1,32,https://www.district.in/dining/ncr/bk-cafe-by-burger-king-netaji-subhash-place-new-delhi
2602,bangla cinema,33100,53,69,$0.01,1,27,https://www.district.in/movies/bhooth-bangla-movie-tickets-in-new-delhi-MV177766
2603,drishyam hindi cast,33100,7,1552,$0,1,22,https://www.district.in/movies/drishyam-2015-movie-tickets-MV140721
2604,dhurandhar movie duration,10,25,109,$0,1,13,https://www.district.in/movies/dhurandhar-movie-tickets-in-gurgaon-MV201380
2605,darshana rajendran,40500,34,69,$0,1,30,https://www.district.in/movies/patriot-movie-tickets-MV207412
2606,cast of michael 2026 film,5400,13,652,$0,1,45,https://www.district.in/movies/michael-movie-tickets-MV185320
2607,cast of mardaani 3,33100,8,1118,$0,1,24,https://www.district.in/movies/mardaani-3-movie-tickets-MV185767
2608,cast of hari hara veera mallu,9900,8,1552,$0,1,26,https://www.district.in/movies/hari-hara-veera-mallu-part-1-sword-vs-spirit-movie-tickets-in-chamba-MV143010
2609,spice factory,33100,17,301,$0.33,4,29,https://www.district.in/dining/ludhiana/the-spice-factory-gurdev-nagar
2610,royal challengers bengaluru tickets,9900,6,1552,$0.07,1,27,https://www.district.in/events/screening-of-pbks-vs-rcb-punjab-kings-vs-royal-challengers-bengaluru-may17-2026-buy-tickets
2611,rockstar hindi movie,40500,25,109,$0.04,1,25,https://www.district.in/movies/rockstar-2011-movie-tickets-MV137395
2612,restaurant ahmedabad,27100,32,69,$0.08,6,28,https://www.district.in/
2613,qutub minar timing,33100,33,69,$0.39,2,23,https://www.district.in/events/qutub-minar-jan1-1970-buy-tickets
2614,zomato corporate office,33100,26,79,$0,6,24,https://www.district.in/
2615,united kingdom of kerala,27100,10,1118,$0,1,33,https://www.district.in/movies/united-kingdom-of-kerala-ukok-movie-tickets-MV198004
2616,they will kill you,40500,22,142,$0,1,31,https://www.district.in/movies/they-will-kill-you-movie-tickets-in-somanur-MV210607
2617,the sheep detectives,110000,17,301,$0.58,1,38,https://www.district.in/movies/the-sheep-detectives-movie-tickets-MV212070
2618,kantara chapter 1 showtimes,720,3,10062,$0.09,2,22,https://www.district.in/movies/kantara-a-legend-chapter-1-movie-tickets-in-bengaluru-MV165830
2619,hoppers movie,4400,17,374,$0.14,1,38,https://www.district.in/movies/hoppers-movie-tickets-MV178243
2620,hindi marathi,33100,59,69,$0,1,24,https://www.district.in/movies/raja-shivaji-movie-tickets-in-hyderabad-MV170361
2621,gt next match,22200,8,847,$0,1,57,https://www.district.in/events/gujarat-titans-team
2622,fun world water park,33100,6,3220,$0.03,5,19,https://www.district.in/events/fun-world-amusement-park-bengaluru-2025-buy-tickets
2623,eva the mall,33100,4,2181,$0.10,5,21,https://www.district.in/movies/pvr-eva-mall-manjalpur-vadodara-in-vadodara-CD1019943
2624,dna 2025 film,33100,13,652,$0,1,44,https://www.district.in/movies/dna-movie-tickets-MV187819
2625,dirty good,22200,7,1552,$0.13,3,30,https://www.district.in/dining/ncr/dirty-good-netaji-nagar-new-delhi
2626,dandiya,33100,45,69,$0.09,1,41,https://www.district.in/
2627,lingam images,40500,53,69,$0,1,30,https://www.district.in/movies/santhalinga-cinemas-multiplex-dolby-atmos-4k-laser-oragadam-in-chennai-CD1102078
2628,lake shore mall hyderabad,33100,10,2181,$0.19,1,29,https://www.district.in/movies/pvr-lakeshore-mall-y-junction-hyderabad-in-hyderabad-CD1102157
2629,beauty movie,33100,21,168,$0.05,1,30,https://www.district.in/movies/beauty-movie-tickets-MV205761
2630,bangalore lido mall,27100,9,847,$0.23,6,23,https://www.district.in/movies/inox-lido-mall-ulsoor-bengaluru-in-bengaluru-CD1020718
2631,12a railway colony,5400,11,1118,$0,1,25,https://www.district.in/movies/12a-railway-colony-movie-tickets-in-mau-MV194036
2632,coffee shops in jubilee hills,33100,21,142,$0,5,16,https://www.district.in/dining/hyderabad/kohe-the-coffee-shop-jubilee-hills
2633,chans,27100,18,142,$0,1,19,https://www.district.in/dining/bangalore/hungry-chan-varthur-main-road-whitefield-bangalore
2634,bro code movie,9900,9,2181,$0.04,1,41,https://www.district.in/movies/bro-code-movie-tickets-MV205047
2635,pvr orion mall dr rajkumar road,33100,4,2181,$0.13,5,18,https://www.district.in/movies/pvr-orion-mall-dr-rajkumar-road-bengaluru-in-bengaluru-CD1022299
2636,pure home living,33100,22,142,$0.08,100,21,https://www.district.in/stores/pure-home-living-sector-69-gurgaon-SDP-80853933
2637,pizza movie,49500,63,69,$0,1,32,https://www.district.in/events/pizza-making-workshop-for-mothers-day-pune-fc-road-may8-2026-buy-tickets
2638,parampara flavours of india,33100,7,2181,$0.09,4,21,https://www.district.in/dining/hyderabad/parampara-flavours-of-india-banjara-hills
2639,meghana foods koramangala,33100,3,3220,$0.09,6,21,https://www.district.in/dining/bangalore/meghana-foods-koramangala-5th-block
2640,k star mall in chembur,40500,6,1552,$0.07,3,22,https://www.district.in/movies/fun-cinema-k-star-mall-chembur-e-mumbai-in-mumbai-CD145
2641,just chill water park in delhi,27100,10,1552,$0.02,2,22,https://www.district.in/events/just-chill-water-park-may29-2025-buy-tickets
2642,just chill water & fun park delhi,27100,8,1552,$0.02,2,25,https://www.district.in/events/just-chill-water-park-may29-2025-buy-tickets
2643,jp cinema,33100,11,496,$0.17,5,17,https://www.district.in/movies/jp-cinemas-chandhanagar-hyderabad-in-hyderabad-CD1021025
2644,suraj cineplex junagadh,33100,9,496,$0.02,1,22,https://www.district.in/movies/suraj-cineplex-bhutnath-road-junagadh-in-junagadh-CD917
2645,sky jumping trampoline park gurgaon,33100,4,5362,$0.11,8,20,https://www.district.in/events/skyjumper-amusement-park-ild-trade-center-gurugram-buy-tickets
2646,dear donna,33100,19,185,$0.09,1,28,https://www.district.in/dining/ncr/dear-donna-qutab-institutional-area-new-delhi
2647,casting of drishyam,33100,6,1552,$0,1,43,https://www.district.in/movies/drishyam-2015-movie-tickets-MV140721
2648,cast of tu yaa main,33100,12,652,$0,1,28,https://www.district.in/movies/tu-yaa-main-movie-tickets-in-ajmer-MV192644
2649,best places to go in delhi,33100,21,142,$0.06,15,40,https://www.district.in/activities/
2650,ramoji film city entry charges,40500,12,496,$0.13,30,23,https://www.district.in/events/ramoji-studio-tour-jan23-2025-buy-tickets
2651,ramoji film city entry charge,40500,32,69,$0.11,25,18,https://www.district.in/events/ramoji-studio-tour-jan23-2025-buy-tickets
2652,pvr cinemas bokaro,33100,3,3220,$0.02,6,20,https://www.district.in/movies/pvr-bokaro-bokaro-steel-city-bokaro-in-bokaro-CD1023489
2653,punjab vs rcb,60500,6,2181,$0,1,31,https://www.district.in/events/screening-of-pbks-vs-rcb-tata-ipl-2026-may17-2026-buy-tickets
2654,pro kabaddi time table 2025,12100,24,79,$0,1,28,https://www.district.in/events/pkl-2025-chennai-team
2655,messi india tour,8100,4,10062,$0.14,9,33,https://www.district.in/events/messi-2025-india-tour-ticket-booking
2656,good restaurants in delhi,33100,88,69,$0.12,7,30,https://www.district.in/movies/new-delhi-movie-tickets
2657,filmy for 2026 south,5400,1,10062,$0,1,46,https://www.district.in/movies/upcoming-movies
2658,now you see me 3 cast,27100,12,306,$0,1,31,https://www.district.in/movies/now-you-see-me-now-you-don-t-movie-tickets-MV186215
2659,new release tamil film,27100,14,246,$0.01,1,55,https://www.district.in/movies/upcoming-tamil-movies
2660,mumbai indians vs gujarat titans matches,90500,27,59,$0,1,22,https://www.district.in/events/ipl-ticket-booking
2661,muds,27100,59,56,$0,1,34,https://www.district.in/events/mom-mud-may10-2026-buy-tickets
2662,water park in hyderabad india,27100,6,4390,$0.16,3,31,https://www.district.in/activities/water-parks-in-hyderabad/
2663,vadapalani vijaya mall,27100,3,2636,$0.15,4,22,https://www.district.in/movies/pvr-palazzo-the-nexus-vijaya-mall-chennai-in-chennai-CD1022274
2664,the souled store near me,22200,11,915,$0.12,55,28,https://www.district.in/stores/the-souled-store-elan-miracle-gurgaon-SDP-15573327
2665,youth movie 2026 ott release date,27100,28,56,$0,1,27,https://www.district.in/movies/youth-movie-tickets-MV213456
2666,yadav dhaba,22200,10,1785,$0,2,25,https://www.district.in/dining/ncr/yadav-dhaba-sector-37-faridabad
2667,raja dhaba,27100,15,533,$0,1,27,https://www.district.in/dining/ncr/raja-dhaba-amrapali-dream-valley-greater-noida
2668,pvr cinemas howrah,27100,2,4390,$0.04,1,19,https://www.district.in/movies/pvr-avani-river-side-mall-howrah-kolkata-in-kolkata-CD1022262
2669,pvr cinema ranchi,27100,3,2636,$0.02,2,20,https://www.district.in/movies/pvr-nucleus-mall-lalpur-circular-road-ranchi-in-ranchi-CD1023490
2670,play in tamil movies,27100,39,56,$0,1,52,https://www.district.in/events/thalapathified-tamil-singalong-jamming-bangalore-may17-2026-buy-tickets
2671,tamil film new release,27100,11,306,$0.01,1,55,https://www.district.in/movies/upcoming-tamil-movies
2672,rohan joshi,22200,13,533,$0,1,24,https://www.district.in/events/rohan-joshi/artist
2673,movie on gandhi,27100,67,56,$0.01,1,61,https://www.district.in/movies/ishwar-satya-hai-movie-tickets-in-kadapa-MV218149
2674,malls near me phoenix,22200,67,56,$0.12,23,42,https://www.district.in/movies/dhurandhar-the-revenge-movie-tickets-in-pune-MV211577
2675,love marriage movie,18100,12,693,$0,1,31,https://www.district.in/movies/love-marriage-movie-tickets-MV199006
2676,latest hindi movies,27100,19,116,$0.02,1,63,https://www.district.in/movies/upcoming-hindi-movies
2677,kings film,27100,26,65,$0,1,64,https://www.district.in/
2678,junior 2025,12100,11,693,$0,1,40,https://www.district.in/movies/junior-movie-tickets-MV199940
2679,how many districts are in tamil nadu,27100,51,56,$0,1,23,https://www.district.in/movies/chennai-movie-tickets
2680,handi restaurant jaipur,18100,11,693,$0.13,7,21,https://www.district.in/dining/jaipur/handi-restaurant-vaishali-nagar
2681,glass onion restaurant,22200,5,2636,$0,7,22,https://www.district.in/dining/hyderabad/the-glass-onion-gachibowli
2682,genie movies,27100,43,56,$0,1,43,https://www.district.in/movies/genie-movie-tickets-MV164071
2683,gaming centre near me,27100,4,8238,$0.18,6,15,https://www.district.in/activities/game-zones-in-delhi-ncr/
2684,gagan cinema,27100,5,2636,$0.07,3,19,https://www.district.in/movies/gagan-theatre-nand-nagri-new-delhi-in-new-delhi-CD1102060
2685,film ko,27100,24,89,$0,1,43,https://www.district.in/movies/upcoming-hindi-movies
2686,eesha,22200,9,1785,$0.13,1,30,https://www.district.in/movies/eesha-movie-tickets-in-ron-MV211321
2687,dna movie 2025,27100,10,915,$0,1,42,https://www.district.in/movies/dna-movie-tickets-MV187819
2688,city centre mall patna,27100,4,1785,$0,1,13,https://www.district.in/movies/inox-city-centre-mall-lodipur-patna-in-patna-CD1029980
2689,chak de india actors,27100,12,406,$0,1,42,https://www.district.in/movies/chak-de-india-2007-movie-tickets-MV141257
2690,bookmyshow ongole,33100,2,4390,$0.02,1,27,https://www.district.in/movies/ongole-movie-tickets
2691,bookmyshow ghaziabad,22200,28,56,$0.07,1,25,https://www.district.in/movies/ghaziabad-movie-tickets
2692,bookmyshow alappuzha,27100,10,306,$0,1,26,https://www.district.in/movies/alappuzha-movie-tickets
2693,bangalore aquarium,27100,5,2636,$0.13,2,27,https://www.district.in/events/aquarium-paradise-bengaluru-2025-buy-tickets
2694,amusement parks near me,33100,26,65,$0.52,2,15,https://www.district.in/events/thrillville-entertainment-zone-2025-buy-tickets
2695,alpha movie,27100,10,1270,$0,1,26,https://www.district.in/movies/alpha-movie-tickets-MV175697
2696,vs cinema,27100,4,1785,$0.02,1,20,https://www.district.in/movies/satyam-vs-cinema-pilkhuwa-in-noida-CD59455
2697,vaibhav theatre bengaluru karnataka,27100,2,4390,$0.06,1,20,https://www.district.in/movies/vaibhav-digital-4k-dolby-7-1-sanjaynagar-bengaluru-in-bengaluru-CD1049257
2698,vaazha 2 cast,33100,7,1785,$0,1,28,https://www.district.in/movies/vaazha-ii-biopic-of-a-billion-bros-movie-tickets-in-vita-MV214231
2699,the brown table,18100,11,693,$0.33,8,44,https://www.district.in/dining/bangalore/the-brown-table-1-malleshwaram-bangalore
2700,tamil movies newly released,22200,24,65,$0,1,74,https://www.district.in/movies/chennai-movie-tickets
2701,meaning of own in hindi,27100,44,56,$0,1,25,https://www.district.in/events/wear-your-art-embroidery-on-your-own-clothes-may25-2026-buy-tickets
2702,main hoon na cast,27100,10,915,$0,1,30,https://www.district.in/movies/main-hoon-na-movie-tickets-in-pen-MV208320
2703,jujutsu kaisen movie,12100,13,533,$0.59,1,16,https://www.district.in/movies/jujutsu-kaisen-execution-movie-tickets-MV209727
2704,ipl cricket logo,27100,53,56,$0,1,27,https://www.district.in/events/tata-ipl-2026-match-58-punjab-kings-vs-mumbai-indians-buy-tickets
2705,ip vijaya varanasi,22200,2,4390,$0.14,5,21,https://www.district.in/movies/ip-cinemas-ip-vijaya-mall-bhelupur-varanasi-in-varanasi-CD1039499
2706,india vs west indies tickets,18100,4,2135,$0.16,1,23,https://www.district.in/events/idfc-first-bank-series-2nd-test-india-vs-west-indies--delhi-buy-tickets
2707,idli kadai movies,27100,10,915,$0.16,1,33,https://www.district.in/movies/idli-kadai-movie-tickets-in-nimbahera-MV178251
2708,new upcoming movies,22200,4,2636,$0.01,1,20,https://www.district.in/movies/upcoming-movies
2709,movies tamil play,27100,27,56,$0,1,46,https://www.district.in/events/thalapathified-tamil-singalong-jamming-bangalore-may17-2026-buy-tickets
2710,movie new,33100,8,1270,$0.28,1,52,https://www.district.in/movies/upcoming-movies
2711,movie for u,27100,19,89,$0,1,30,https://www.district.in/movies/krishnavataram-part-1-the-heart-hridayam-movie-tickets-in-gurgaon-MV219513
2712,eternal limited,14800,47,56,$0,1,45,https://www.district.in/policies/terms-of-service
2713,district 9 noida,27100,4,4390,$0.24,3,23,https://www.district.in/play/district-9-noida-sector-33-noida-slots-booking
2714,de de pyaar de 2 release date,27100,14,246,$0.20,1,31,https://www.district.in/movies/de-de-pyaar-de-2-movie-tickets-MV171264
2715,hanuman cast,27100,10,915,$0,1,46,https://www.district.in/movies/chiranjeevi-hanuman-the-eternal-movie-tickets-MV204399
2716,go karting in hyderabad,27100,5,8238,$0.08,4,15,https://www.district.in/events/pitstop-2025-buy-tickets
2717,go karting hyderabad,27100,6,4390,$0.27,3,22,https://www.district.in/events/pitstop-2025-buy-tickets
2718,bangalore tiffin room,12100,12,533,$1.19,5,23,https://www.district.in/dining/pune/bangalore-tiffin-room-shivaji-nagar
2719,ashok anil multiplex,22200,5,2636,$0.02,1,19,https://www.district.in/movies/miraj-cinemas-ashok-anil-multiplex-ulhasnagar-in-navi-mumbai-CD4818
2720,anand paradise,27100,3,2636,$0,1,26,https://www.district.in/movies/anand-paradise-multiplex-3d-4k-dolby-atmos-andaman-housing-coop-society-port-blair-in-port-blair-CD7350
2721,adventure park,27100,22,116,$0.31,4,28,https://www.district.in/activities/theme-parks-in-delhi-ncr/
2722,accused movie,27100,13,533,$0,1,45,https://www.district.in/movies/accused-movie-tickets-in-ron-MV203183
2723,republic of karting mumbai,6600,7,1785,$0.06,8,25,https://www.district.in/events/republic-of-karting--naigaon-buy-tickets
2724,pizzeria vaatika cafe varanasi,27100,9,915,$0,1,14,https://www.district.in/dining/varanasi/pizzeria-vaatika-cafe-assi-ghat
2725,new release tamil films,22200,15,246,$0,1,71,https://www.district.in/movies/upcoming-tamil-movies
2726,new movie releases malayalam,27100,7,915,$0.13,1,49,https://www.district.in/movies/upcoming-malayalam-movies
2727,phoenix united mall,27100,5,1270,$0.02,5,23,https://www.district.in/movies/pvr-phoenix-united-mall-alambagh-lucknow-in-lucknow-CD1023574
2728,paradise movie,18100,9,915,$0,1,23,https://www.district.in/movies/the-paradise-movie-tickets-MV185027
2729,once more,27100,9,1785,$0.03,1,30,https://www.district.in/movies/once-more-movie-tickets-MV183239
2730,ojas gautam,27100,35,56,$0,1,29,https://www.district.in/movies/dhurandhar-the-revenge-movie-tickets-MV211577
2731,new south movie 2025,27100,25,65,$0,1,35,https://www.district.in/movies/upcoming-movies
2732,new released malayalam movies,27100,5,1785,$0,1,13,https://www.district.in/movies/upcoming-malayalam-movies
2733,new movies release malayalam,27100,8,915,$0.13,1,45,https://www.district.in/movies/upcoming-malayalam-movies
2734,new movie releases kollywood,27100,8,915,$0.03,1,47,https://www.district.in/movies/tamil-movies-tickets-in-chennai
2735,new movie release tamil,22200,9,533,$0,1,62,https://www.district.in/movies/upcoming-tamil-movies
2736,new movie release malayalam,27100,8,915,$0,1,29,https://www.district.in/movies/upcoming-malayalam-movies
2737,neemsi restaurant jp nagar,9900,11,693,$0.07,6,22,https://www.district.in/dining/bangalore/neemsi-jp-nagar-bangalore
2738,movies counter,27100,47,56,$0,1,26,https://www.district.in/movies/grand-cinemas-karnur-bus-stop-hosur-in-hosur-CD1015289
2739,moti rave,22200,3,2636,$0.16,4,22,https://www.district.in/movies/rave-moti-cinemas-naveen-nagar-kanpur-in-kanpur-CD1021087
2740,messi kolkata,4400,6,2636,$0.12,4,29,https://www.district.in/events/messi-2025-india-tour-ticket-booking
2741,mandi king arabian restaurant,18100,10,693,$0.06,4,21,https://www.district.in/dining/bangalore/mandi-king-arabian-restaurant-kammanahalli-bangalore
2742,malayalam new release movies,27100,11,533,$0,1,13,https://www.district.in/movies/upcoming-malayalam-movies
2743,late checkout,27100,10,693,$0.27,3,33,https://www.district.in/dining/mumbai/late-checkout-lower-parel
2744,sona cinemas,27100,4,4390,$0,1,27,https://www.district.in/movies/gold-cinema-sona-borivali-e-mumbai-in-mumbai-CD870
2745,shree datta snacks,27100,12,533,$0,4,23,https://www.district.in/dining/mumbai/shree-datta-snacks-new-panvel-navi-mumbai
2746,raju chur chur naan,12100,9,1270,$0.15,9,23,https://www.district.in/dining/ncr/raju-chur-chur-naan-1-sector-12-dwarka-new-delhi
2747,rajhans cinema ahmedabad nikol,27100,3,2636,$0.31,1,21,https://www.district.in/movies/rajhans-cinemas-nikol-ahmedabad-in-ahmedabad-CD1050995
2748,raj restaurant,22200,18,159,$0.30,3,25,https://www.district.in/dining/mumbai/raj-restaurant-chembur
2749,tomorrow t20 match,27100,37,56,$0.51,1,49,https://www.district.in/events/ipl-ticket-booking
2750,ten down street,27100,29,59,$0.27,3,32,https://www.district.in/dining/chennai/10-downing-street-t-nagar
2751,tamil new movies released,22200,15,203,$0,1,55,https://www.district.in/movies/tamil-movies-tickets-in-chennai
2752,social khar mumbai,27100,10,533,$0.11,3,22,https://www.district.in/dining/KharSocial
2753,shakti shalini,18100,3,4390,$0.22,1,32,https://www.district.in/movies/shakti-shalini-movie-tickets-MV189188
2754,ip vijaya cinema varanasi,22200,2,4390,$0.14,5,20,https://www.district.in/movies/ip-cinemas-ip-vijaya-mall-bhelupur-varanasi-in-varanasi-CD1039499
2755,hotel shreyas,27100,27,59,$0.16,12,30,https://www.district.in/dining/pune/hotel-shreyas-deccan-gymkhana
2756,haunted 3d returns,22200,8,1270,$0.14,1,34,https://www.district.in/movies/haunted-3d-echoes-of-the-past-movie-tickets-MV196086
2757,gagan cinema: delhi,27100,3,4390,$0.13,2,20,https://www.district.in/movies/gagan-theatre-nand-nagri-new-delhi-in-new-delhi-CD1102060
2758,dave and busters,22200,12,693,$0.12,13,35,https://www.district.in/events/dave-and-busters-infiniti-mall-andheri-mumbai-2025-buy-tickets
2759,csk all match 2026,2900,4,2636,$0.34,1,32,https://www.district.in/events/chennai-super-kings-team
2760,chidiya film,27100,15,306,$0.10,1,28,https://www.district.in/movies/chidiya-movie-tickets-in-gurgaon-MV197754
2761,cast of main hoon na,33100,15,306,$0,1,28,https://www.district.in/movies/main-hoon-na-2004-movie-tickets-MV208320
2762,cast of ghajini movie,27100,10,693,$0,1,42,https://www.district.in/movies/ghajini-2005-movie-tickets-MV173943
2763,cast of drishyam 3,9900,7,1785,$0,1,23,https://www.district.in/movies/drishyam-3-malayalam-movie-tickets-MV200342
2764,cafe co2,27100,41,56,$0,6,28,https://www.district.in/dining/goa/cafe-co2-1-vagator
2765,bombay adda,27100,9,1785,$0,3,27,https://www.district.in/dining/bangalore/bombay-adda-koramangala-7th-block-bangalore
2766,gigi bombay,27100,31,59,$0.11,3,27,https://www.district.in/dining/mumbai/gigi-linking-road-bandra-west
2767,frozen fun gelato mumbai,27100,9,693,$0,1,23,https://www.district.in/dining/mumbai/frozen-fun-gelato-ice-cream-lower-parel
2768,festival today india,27100,19,138,$0,1,44,https://www.district.in/events/
2769,farmers cafe,18100,21,116,$0,4,25,https://www.district.in/dining/dehradun/farmers-cafe-bake-house-rajpur
2770,biergarten brewery & kitchen,27100,39,56,$0.09,6,15,https://www.district.in/dining/bangalore/biergarten-koramangala-5th-block-bangalore
2771,actors in om shanti om,27100,12,406,$0,1,42,https://www.district.in/movies/om-shanti-om-2007-movie-tickets-MV157817
2772,top restaurants jaipur,27100,51,56,$0.06,13,25,https://www.district.in/
2773,youth tamil movie,22200,17,246,$0.08,1,26,https://www.district.in/movies/youth-movie-tickets-MV213456
2774,what festivals are on today,27100,27,59,$0,1,36,https://www.district.in/events/
2775,tomb safdarjung,27100,9,1785,$0.05,7,19,https://www.district.in/events/safdarjung-tomb-buy-tickets
2776,tiranga hotel,33100,12,915,$0.03,1,22,https://www.district.in/dining/pune/hotel-tiranga-hadapsar
2777,the conjuring last rites release date,33100,12,533,$0,1,44,https://www.district.in/movies/the-conjuring-last-rites-movie-tickets-MV175734
2778,tamil movies new,27100,9,533,$0.08,1,57,https://www.district.in/movies/tamil-movies-tickets-in-chennai
2779,sterling cinema mumbai,22200,21,89,$0.32,8,20,https://www.district.in/movies/mumbai-movie-tickets
2780,september hindi,27100,85,56,$0,1,22,https://www.district.in/movies/upcoming-hindi-movies
2781,release new tamil movies,22200,13,306,$0,1,71,https://www.district.in/movies/upcoming-tamil-movies
2782,recent tamil movies released,22200,15,246,$0,1,75,https://www.district.in/movies/upcoming-tamil-movies
2783,malayalam film new release,27100,8,693,$0.13,1,47,https://www.district.in/movies/upcoming-malayalam-movies
2784,loop cinema,27100,2,4390,$0.04,4,20,https://www.district.in/movies/loop-cinemas-surat-in-surat-CD1061574
2785,kiss 2025,27100,12,693,$0,1,26,https://www.district.in/movies/kiss-movie-tickets-MV190252
2786,indiranagar social,27100,7,915,$0.31,5,19,https://www.district.in/dining/bangalore/indiranagar-social-indiranagar-bangalore
2787,pvr cinemas sangam,22200,3,2636,$0.09,7,20,https://www.district.in/movies/pvr-c-b-square-chakala-formerly-sangam-cinema-andheri-east-mumbai-in-mumbai-CD1023314
2788,pvr avani,27100,3,2636,$0.04,1,27,https://www.district.in/movies/pvr-avani-river-side-mall-howrah-kolkata-in-kolkata-CD1022262
2789,pondicherry muruga theatre,27100,2,4390,$0.22,4,20,https://www.district.in/movies/murugaa-theatre-a-c-dts-christie-4k-lasar-kamaraj-salai-puducherry-in-puducherry-CD1042439
2790,pitstop go karting,22200,2,4390,$0,8,22,https://www.district.in/events/pitstop-2025-buy-tickets
2791,new movies released tamil,22200,10,693,$0,1,73,https://www.district.in/movies/upcoming-tamil-movies
2792,cinema bangalore,27100,9,915,$0.02,7,32,https://www.district.in/movies/
2793,cast of welcome to the jungle 2025,27100,11,693,$0,1,31,https://www.district.in/movies/welcome-to-the-jungle-movie-tickets-MV165834
2794,cast of parasakthi,27100,11,533,$0,1,27,https://www.district.in/movies/parasakthi-movie-tickets-in-vele-MV189198
2795,fun blast,14800,7,2636,$0,3,23,https://www.district.in/events/fun-blast-baroda-jun16-2025-buy-tickets
2796,forum rex walk,27100,17,159,$0,7,24,https://www.district.in/movies/pvr-directors-cut-forum-rex-walk-brigade-road-bengaluru-in-bengaluru-CD1024350
2797,border 2 showtimes,10,4,4390,$0,2,14,https://www.district.in/movies/border-2-movie-tickets-in-noida-MV174744
2798,bask by coffee palavakkam,8100,12,693,$0.13,9,23,https://www.district.in/dining/chennai/bask-by-coffee-palavakkam-palavakkam
2799,7 movie roles 2026,1900,1,8238,$0,1,43,https://www.district.in/movies/upcoming-movies
2800,2 bhk diner & key club,27100,18,203,$0.32,3,22,https://www.district.in/dining/pune/2bhk-diner-key-club-bund-garden
2801,ulhasnagar ashok anil,22200,3,2636,$0,1,21,https://www.district.in/movies/miraj-cinemas-ashok-anil-multiplex-ulhasnagar-in-navi-mumbai-CD4818
2802,upcoming new films,22200,4,4390,$0.06,1,86,https://www.district.in/movies/upcoming-movies
2803,the only place,27100,11,915,$0.25,3,24,https://www.district.in/dining/bangalore/the-only-place-church-street
2804,taro's,27100,77,56,$0.02,1,31,https://www.district.in/dining/hyderabad/taro-restaurant-jubilee-hills
2805,vaibhav sanjay nagar,27100,2,4390,$0.06,1,19,https://www.district.in/movies/vaibhav-digital-4k-dolby-7-1-sanjaynagar-bengaluru-in-bengaluru-CD1049257
2806,vaibhav cinemas,27100,6,2636,$0.03,1,19,https://www.district.in/movies/vaibhav-digital-4k-dolby-7-1-sanjaynagar-bengaluru-in-bengaluru-CD1049257
2807,oh dough mumbai,9900,11,693,$0.42,7,22,https://www.district.in/dining/mumbai/oh-dough-fort
2808,now you see me now you don't,27100,18,159,$0,1,57,https://www.district.in/movies/now-you-see-me-now-you-don-t-movie-tickets-MV186215
2809,paradise release date,27100,10,693,$0,1,30,https://www.district.in/movies/the-paradise-movie-tickets-MV185027
2810,new released movies tamil,22200,14,306,$0,1,54,https://www.district.in/movies/tamil-movies-tickets-in-chennai
2811,f1 movie release date,14800,64,56,$0,1,37,https://www.district.in/movies/
2812,eta mall,27100,2,4390,$0,4,28,https://www.district.in/movies/cinepolis-eta-namma-mall-binny-pete-bengaluru-in-bengaluru-CD128
2813,dusk,22200,53,56,$0,1,37,https://www.district.in/dining/mumbai/dusk-the-park-navi-mumbai-cbd-belapur-navi-mumbai
2814,cool com movie,27100,5,1270,$0,1,27,https://www.district.in/movies/upcoming-hindi-movies
2815,cast of dacoit,18100,7,1270,$0,1,24,https://www.district.in/movies/dacoit-movie-tickets-MV169188
2816,bookmyshow alleppey,27100,7,693,$0.03,1,21,https://www.district.in/movies/alappuzha-movie-tickets
2817,book tickets online,27100,3,2636,$0.12,41,69,https://www.district.in/movies/
2818,k charcoal,49500,17,246,$0,6,34,https://www.district.in/dining/ahmedabad/ks-charcoal-bodakdev
2819,genie movie,27100,9,915,$0,1,30,https://www.district.in/movies/genie-movie-tickets-MV164071
2820,best restaurants pune,27100,44,56,$0.40,9,24,https://www.district.in/
2821,2bhk diner & key club,27100,8,1270,$0,3,14,https://www.district.in/dining/pune/2bhk-diner-key-club-bund-garden
2822,x men dark phoenix film,27100,9,693,$0,1,53,https://www.district.in/movies/x-men-dark-phoenix-movie-tickets-MV331
2823,little hearts telugu movie,27100,13,406,$0.10,1,27,https://www.district.in/movies/little-hearts-movie-tickets-MV205180
2824,koramangala club road,9900,63,56,$0.22,14,20,https://www.district.in/dining/bangalore/the-koramangala-club-koramangala-7th-block-bangalore
2825,king film,22200,10,1785,$0,1,38,https://www.district.in/movies/king-movie-tickets-MV208857
2826,movies in bangalore,27100,5,2636,$0.02,8,24,https://www.district.in/movies/bengaluru-movie-tickets
2827,movie of mystery,27100,38,56,$0,1,69,https://www.district.in/movies/dark-tracking-movie-tickets-MV219713
2828,star world cinemas,33100,12,406,$0,2,23,https://www.district.in/movies/av-starworld-cinemas-bandhwa-pull-ghazipur-in-ghazipur-CD1042457
2829,royal challengers vs kings tickets,40500,3,2636,$0,1,40,https://www.district.in/events/ipl-ticket-booking
2830,romance genre movie,22200,33,56,$1.63,1,63,https://www.district.in/movies/
2831,rakkasapuradhol,27100,9,1270,$0,1,22,https://www.district.in/movies/rakkasapuradhol-movie-tickets-MV212639
2832,square of numbers from 1 to 50,27100,50,56,$0,1,21,https://www.district.in/movies/asian-mukta-a2-cinemas-mjr-square-narapally-in-hyderabad-CD1041683
2833,so from su,27100,19,246,$0,1,37,https://www.district.in/movies/su-from-so-movie-tickets-MV202623
2834,s vc,27100,32,56,$0,1,58,https://www.district.in/movies/svc-cinemas-city-square-mall-kurnool-in-kurnool-CD15527
2835,war 2 cast,27100,9,693,$0,1,24,https://www.district.in/movies/war-2-movie-tickets-in-lalgudi-MV161358
2836,vishal cinemas,27100,6,915,$0,12,30,https://www.district.in/movies/inox-vishal-mall-rajouri-garden-new-delhi-in-gurgaon-CD1018962
2837,velvet bombay,27100,13,306,$0,1,35,https://www.district.in/dining/mumbai/bombay-velvet-dombivali-east
2838,v cinema,27100,6,2636,$0.02,1,18,https://www.district.in/movies/v-cinema-mc-road-koothattukulam-in-kochi-CD5061
2839,tomorrow ipl match 2026,27100,10,533,$0.08,1,23,https://www.district.in/events/ipl-ticket-booking
2840,tickets for india vs england,27100,43,56,$0.24,9,39,https://www.district.in/events/sports-in-gurgaon-book-tickets
2841,the old mirchi biryani,27100,9,1785,$0,6,15,https://www.district.in/dining/chennai/the-old-mirchi-biryani-thuraipakkam
2842,karan aujla new songs,27100,17,203,$0,1,13,https://www.district.in/events/karan-aujla/artist
2843,ip vijaya mall varanasi,27100,3,2636,$0.15,3,20,https://www.district.in/movies/ip-cinemas-ip-vijaya-mall-bhelupur-varanasi-in-varanasi-CD1039499
2844,ip mall vijaya,27100,2,4390,$0.15,3,21,https://www.district.in/movies/ip-cinemas-ip-vijaya-mall-bhelupur-varanasi-in-varanasi-CD1039499
2845,chak de india movie cast,27100,15,246,$0,1,44,https://www.district.in/movies/chak-de-india-2007-movie-tickets-MV141257
2846,chak de cast,22200,10,406,$0,1,24,https://www.district.in/movies/chak-de-india-2007-movie-tickets-MV141257
2847,cast of mission impossible 8,27100,64,56,$0,1,42,https://www.district.in/movies/mission-impossible-the-final-reckoning-movie-tickets-in-kochi-MV166278
2848,cast of idli kadai,22200,8,1270,$0,1,26,https://www.district.in/movies/idli-kadai-movie-tickets-in-nimbahera-MV178251
2849,bookmyshow rourkela,22200,21,65,$0,1,24,https://www.district.in/movies/rourkela-movie-tickets
2850,govind garden restaurant,33100,8,1270,$0.22,10,21,https://www.district.in/dining/pune/govind-garden-restaurant-narhe
2851,govardhan theater,18100,6,915,$0.10,6,20,https://www.district.in/movies/goverdhan-theatre-near-yeshwantpur-railway-station-bengaluru-in-bengaluru-CD579
2852,gk m block market delhi,27100,46,56,$0.04,1,24,https://www.district.in/stores/
2853,fun republic mall lucknow,33100,8,693,$0.08,6,16,https://www.district.in/movies/fun-cinema-fun-republic-mall-gomti-nagar-lucknow-in-lucknow-CD144
2854,eternal ltd,14800,101,56,$0,1,32,https://www.district.in/policies/terms-of-service
2855,eden park restaurant,27100,17,246,$0,7,24,https://www.district.in/dining/bangalore/eden-park-cunningham-road
2856,dinner ideas near me,27100,12,693,$0.07,14,25,https://www.district.in/activities/
2857,dhurandhar movie time,27100,3,4390,$0.02,1,21,https://www.district.in/movies/dhurandhar-the-revenge-movie-tickets-in-gurgaon-MV211577
2858,arasan movie release date,10,8,915,$0,1,5,https://www.district.in/movies/arasan-promo-launch-movie-tickets-in-coimbatore-MV207724
2859,amir's,27100,111,56,$0,1,54,https://www.district.in/dining/kolkata/amir-fast-food-centre-sector-3-salt-lake
2860,99 club login,0,30,56,$0,1,12,https://www.district.in/
2861,pvr ranchi,27100,3,2636,$0.03,1,27,https://www.district.in/movies/pvr-nucleus-mall-lalpur-circular-road-ranchi-in-ranchi-CD1023490
2862,pvr pondicherry,27100,4,1785,$0.04,9,29,https://www.district.in/movies/pvr-providence-mall-providence-mall-pondicherry-in-puducherry-CD1025204
2863,pvr mangalore,22200,2,4390,$0.01,2,25,https://www.district.in/movies/pvr-nexus-mall-pandeshwar-mangalore-in-mangalore-CD1025117
2864,pvr acropolis ahmedabad,27100,2,4390,$0.03,6,23,https://www.district.in/movies/pvr-acropolis-acropolis-mall-ahmedabad-in-ahmedabad-CD1022291
2865,pavilion mall ludhiana,12100,2,4390,$0.02,8,21,https://www.district.in/movies/pvr-pavilion-mall-ludhiana-in-ludhiana-CD1023581
2866,oh dough fort,18100,6,1785,$0.29,4,22,https://www.district.in/dining/mumbai/oh-dough-fort
2867,new upcoming films,27100,5,2636,$0.15,1,69,https://www.district.in/movies/upcoming-hindi-movies
2868,mario galaxy movie,27100,41,56,$0.11,1,30,https://www.district.in/movies/the-super-mario-galaxy-movie-movie-tickets-in-vele-MV206127
2869,malayalam cinema new release,27100,6,1270,$0,1,47,https://www.district.in/movies/upcoming-malayalam-movies
2870,maharashtra districts,27100,62,56,$0,1,26,https://www.district.in/movies/sm2-cherish-cinema-badlapur-in-badlapur-CD1047917
2871,maharaja chat,22200,12,693,$0.14,10,20,https://www.district.in/dining/hyderabad/maharaja-chat-hitech-city
2872,the glass onion,22200,14,306,$0,7,22,https://www.district.in/dining/hyderabad/the-glass-onion-gachibowli
2873,tata jamshedpur,27100,79,56,$4.27,3,27,https://www.district.in/events/isl-2025-26-jamshedpur-fc-vs-jsw-bengaluru-fc-buy-tickets
2874,tamil new release,27100,9,533,$0.03,1,55,https://www.district.in/movies/tamil-movies-tickets-in-chennai
2875,tamil 2026 movies,22200,8,1270,$0.50,1,29,https://www.district.in/movies/upcoming-tamil-movies
2876,surya the soldier,27100,10,915,$0.05,1,21,https://www.district.in/movies/surya-the-brave-soldier-2018-movie-tickets-MV151754
2877,sri mu saravana bhavan,27100,10,1270,$0.15,1,21,https://www.district.in/dining/kochi/sri-mu-saravana-bhavan-chittor-road
2878,son of sardaar 2 cast,14800,9,915,$0,1,27,https://www.district.in/movies/son-of-sardaar-2-movie-tickets-MV194117
2879,sector 9 movie,27100,35,56,$0.04,1,79,https://www.district.in/
2880,kolkata messi,27100,8,2636,$0,1,35,https://www.district.in/events/messi-2025-india-tour-ticket-booking
2881,ko film,27100,16,203,$0,1,43,https://www.district.in/movies/upcoming-hindi-movies
2882,indian festivals today,27100,30,56,$0,1,68,https://www.district.in/events/
2883,vrindavan restaurant,27100,21,116,$0.14,3,27,https://www.district.in/dining/mumbai/vrindavan-azad-nagar
2884,truffles st marks,27100,8,1785,$0.07,7,20,https://www.district.in/dining/bangalore/truffles-st-marks-road
2885,phoenix citadel,27100,15,533,$0.02,5,28,https://www.district.in/movies/inox-phoenix-citadel-mall-indore-in-indore-CD1024424
2886,om shanti cast,27100,7,1785,$0,1,25,https://www.district.in/movies/om-shanti-om-2007-movie-tickets-MV157817
2887,new movies release in tamil,22200,6,1270,$0,1,72,https://www.district.in/movies/upcoming-tamil-movies
2888,new movies malayalam,27100,17,151,$0,1,21,https://www.district.in/movies/upcoming-malayalam-movies
2889,new malayalam released movies,27100,7,1270,$0.13,1,45,https://www.district.in/movies/upcoming-malayalam-movies
2890,new bollywood movie 2025,27100,10,533,$0,1,50,https://www.district.in/movies/upcoming-hindi-movies
2891,mumbai indians tickets,22200,8,1270,$0.13,4,17,https://www.district.in/events/ipl-ticket-booking
2892,malayalam movie new release,27100,8,915,$0.13,1,45,https://www.district.in/movies/upcoming-malayalam-movies
2893,main hoon na movie cast,27100,9,915,$0,1,30,https://www.district.in/movies/main-hoon-na-movie-tickets-in-pen-MV208320
2894,remo's,27100,8,533,$0,1,38,https://www.district.in/dining/kolkata/remos-the-coffee-shop-global-bistro-hindustan-park
2895,prashanth nagar bangalore,27100,38,56,$0.15,3,16,https://www.district.in/dining/bangalore/prashanth-1-vijay-nagar-bangalore
2896,festival of color holi,27100,65,56,$4.64,1,52,https://www.district.in/events/fake-holi-party-chennai-first-ever-colours-water-festival-in-theme-park-may22-2026-buy-tickets
2897,district nine,27100,10,693,$0.03,1,77,https://www.district.in/play/district-9-noida-sector-33-noida-slots-booking
2898,bier library,27100,13,533,$0.08,1,27,https://www.district.in/dining/bangalore/the-bier-library-sarjapur-road-bangalore
2899,bhajan bhajan,27100,14,203,$0.02,1,26,https://www.district.in/events/bhajan-rave-x-flow-jam-collective-at-3-art-house-may15-2026-buy-tickets
2900,best mumbai restaurants,33100,63,56,$0.16,8,31,https://www.district.in/
2901,baluchi,33100,29,73,$0.08,1,29,https://www.district.in/dining/BaluchiBangalore
2902,ashok anil,22200,2,4390,$0.02,1,24,https://www.district.in/movies/miraj-cinemas-ashok-anil-multiplex-ulhasnagar-in-navi-mumbai-CD4818
2903,arcade games near me,22200,15,306,$0.20,10,15,https://www.district.in/activities/game-zones-activities-in-hyderabad/
2904,csk match 2026,27100,8,915,$0,1,29,https://www.district.in/events/tata-ipl-2026-match-48--delhi-capitals-vs-chennai-super-kings-buy-tickets
2905,telusa telugu kitchen and bar,9900,12,533,$0.40,9,32,https://www.district.in/dining/hyderabad/telusa-telugu-kitchen-and-bar-1-kokapet
2906,tamil cinema new release,22200,9,693,$0,1,73,https://www.district.in/movies/upcoming-tamil-movies
2907,salaam namaste film,27100,13,406,$0.06,1,48,https://www.district.in/movies/salaam-namaste-2005-movie-tickets-MV198528
2908,royal's restaurant,27100,6,2636,$0.09,2,22,https://www.district.in/dining/ncr/the-royal-restaurant-and-bar-indirapuram-ghaziabad
2909,things hindi meaning,27100,58,56,$0,1,17,https://www.district.in/events/wear-your-art-embroidery-on-your-own-clothes-may25-2026-buy-tickets
2910,newly released movies tamil,22200,12,406,$0.30,1,73,https://www.district.in/movies/tamil-movies-tickets-in-chennai
2911,new movie tamil releases,22200,13,306,$0,1,71,https://www.district.in/movies/upcoming-tamil-movies
2912,new movie releases tamil,22200,11,306,$0,1,73,https://www.district.in/movies/upcoming-tamil-movies
2913,navratri message hindi,27100,70,56,$0,1,22,https://www.district.in/
2914,movies of genelia d'souza,27100,72,56,$0,1,40,https://www.district.in/movies/raja-shivaji-movie-tickets-MV170361
2915,movies mod cafe,18100,2,4390,$0,1,20,https://www.district.in/dining/ncr/mod-the-cabana-cafe-saket-new-delhi
2916,movie theaters in bangalore,27100,8,1270,$0.02,7,28,https://www.district.in/movies/bengaluru-movie-tickets
2917,movie tamil play,27100,25,65,$0,1,47,https://www.district.in/movies/kara-movie-tickets-MV213475
2918,moradabad wave,27100,2,4390,$0.03,1,22,https://www.district.in/movies/wave-cinemas-moradabad-in-moradabad-CD1041056
2919,metro mall,33100,17,246,$0,8,30,https://www.district.in/movies/inox-metro-junction-mall-netivali-village-kalyan-in-greater-mumbai-CD1029567
2920,mass jathara release date,4400,23,73,$0,1,21,https://www.district.in/movies/mass-jathara-movie-tickets-MV181742
2921,malayalam new movies released,27100,12,406,$0.13,1,47,https://www.district.in/movies/upcoming-malayalam-movies
2922,gaming near me,27100,11,693,$0.10,8,24,https://www.district.in/activities/game-zones-in-bengaluru/
2923,filmy 2026 movie,0,7,915,$0,1,12,https://www.district.in/movies/upcoming-movies
2924,euphoria the fine dine,18100,17,203,$0.18,5,12,https://www.district.in/dining/surat/euphoria-pal-gam
2925,kushi 2023,27100,9,1270,$0.06,1,49,https://www.district.in/movies/kushi-2023-movie-tickets-MV154164
2926,iris café & kitchen jp nagar,22200,7,1785,$0.10,5,22,https://www.district.in/dining/bangalore/iris-cafe-kitchen-1-jp-nagar-bangalore
2927,innocent movies,27100,9,533,$0,1,42,https://www.district.in/movies/innocent-movie-tickets-MV208043
2928,idli kadai movie,27100,12,693,$0.11,1,40,https://www.district.in/movies/idli-kadai-movie-tickets-in-karad-MV178251
2929,i p vijaya mall varanasi,27100,3,2636,$0.15,3,20,https://www.district.in/movies/ip-cinemas-ip-vijaya-mall-bhelupur-varanasi-in-varanasi-CD1039499
2930,i p vijaya,27100,3,2636,$0.15,3,20,https://www.district.in/movies/ip-cinemas-ip-vijaya-mall-bhelupur-varanasi-in-varanasi-CD1039499
2931,best restaurants in chennai india,27100,72,56,$1.24,9,16,https://www.district.in/movies/
2932,bangalore movies,27100,5,2636,$0.02,6,50,https://www.district.in/movies/
2933,azadi 2025,22200,11,533,$0,1,25,https://www.district.in/movies/azadi-movie-tickets-MV197102
2934,aurangabad prozone mall,27100,14,306,$0.23,3,24,https://www.district.in/movies/inox-prozone-mall-chilkalthana-aurangabad-in-aurangabad-CD1029156
2935,ashok anil ulhasnagar,22200,3,2636,$0.02,1,19,https://www.district.in/movies/miraj-cinemas-ashok-anil-multiplex-ulhasnagar-in-navi-mumbai-CD4818
2936,apr cinema gaya,27100,3,2636,$0.01,1,21,https://www.district.in/movies/apr-cinemas-dolby-atmos-christie-laser-gaya-in-gaya-CD9668
2937,anubhav singh bassi,27100,17,306,$0.31,1,21,https://www.district.in/events/anubhav-singh-bassi/artist
2938,dave and buster,27100,10,533,$0.14,14,43,https://www.district.in/events/dave-and-busters-2025-buy-tickets
2939,cinepolis nexus shantiniketan,33100,2,4390,$0.03,2,29,https://www.district.in/movies/cinepolis-nexus-shantiniketan-thigalarapalya-bengaluru-in-bengaluru-CD7508
2940,cast of marco 2024,33100,7,1785,$0,1,34,https://www.district.in/movies/marco-movie-tickets-MV167247
2941,romeo movie,27100,14,406,$0,1,26,https://www.district.in/movies/o-romeo-movie-tickets-MV206123
2942,restaurant delhi,27100,34,56,$0.07,7,31,https://www.district.in/
2943,r cricket,27100,12,246,$0,1,49,https://www.district.in/play/r-r-box-cricket-amberpet-hyderabad-slots-booking
2944,pvr tickets,27100,20,89,$0.02,14,31,https://www.district.in/movies/cinema-near-me
2945,play area near me,27100,6,4390,$0.06,15,12,https://www.district.in/activities/kids-play-in-delhi-ncr/
2946,the autumn house,18100,9,1785,$0.16,5,48,https://www.district.in/dining/ncr/the-autumn-house-anand-vihar-new-delhi
2947,unlocked cafe,27100,58,56,$0.06,3,21,https://www.district.in/dining/ncr/unlocked-bar-kitchen-escape-room-sector-15-gurgaon
2948,yes minister bowling bar & kitchen,22200,4,4390,$0.26,9,14,https://www.district.in/events/bowling-blast-pass-yes-minister-2025-buy-tickets
2949,tamil play tamil movies,27100,20,116,$0,1,44,https://www.district.in/events/thalapathified-tamil-singalong-jamming-bangalore-may17-2026-buy-tickets
2950,tamil films new releases,22200,21,89,$0,1,73,https://www.district.in/movies/chennai-movie-tickets
2951,surya bakery,27100,21,116,$0.08,3,21,https://www.district.in/dining/coimbatore/surya-bakery-singanallur
2952,srh vs rr tickets,27100,1,8238,$0.07,1,18,https://www.district.in/events/ipl-ticket-booking
2953,salaam namaste movie,27100,15,306,$0,1,38,https://www.district.in/movies/salaam-namaste-2005-movie-tickets-MV198528
2954,recliners,33100,74,56,$0.19,100,71,https://www.district.in/movies/krishnavataram-part-1-the-heart-hridayam-movie-tickets-in-lucknow-MV219513
2955,rave moti in kanpur,27100,2,4390,$0.14,3,22,https://www.district.in/movies/rave-moti-cinemas-naveen-nagar-kanpur-in-kanpur-CD1021087
2956,pvr icon,18100,8,1270,$0.07,6,25,https://www.district.in/movies/pvr-icon-hitech-madhapur-hyderabad-in-hyderabad-CD1022280
2957,punjab kings tickets,27100,2,8238,$0,1,29,https://www.district.in/events/punjab-kings-team
2958,pro kabaddi today,27100,24,65,$0,1,45,https://www.district.in/events/pkl-2025-chennai-team
2959,mansarovar plaza jaipur,22200,44,56,$0,9,22,https://www.district.in/dining/jaipur/mansarovar-pizza-plaza-mansarovar
2960,malayalam movies new releases,27100,8,915,$0.13,1,45,https://www.district.in/movies/upcoming-malayalam-movies
2961,m5 mall,8100,4,2636,$0.93,1,10,https://www.district.in/movies/inox-m5-ecity-bengaluru-in-hosur-CD1088533
2962,khar social mumbai maharashtra,27100,17,138,$0.11,3,22,https://www.district.in/dining/KharSocial
2963,o pedro bkc,22200,9,693,$0,4,21,https://www.district.in/dining/mumbai/o-pedro-bandra-kurla-complex
2964,new tamil release movies,22200,17,151,$0,1,72,https://www.district.in/movies/tamil-movies-tickets-in-chennai
2965,new tamil movies to be released,22200,10,533,$0,1,51,https://www.district.in/movies/upcoming-tamil-movies
2966,new south movies 2025,22200,16,203,$0,1,29,https://www.district.in/movies/upcoming-movies
2967,new malayalam film release,27100,11,406,$0.13,1,37,https://www.district.in/movies/upcoming-malayalam-movies
2968,movies with reviews,27100,72,56,$1.38,1,92,https://www.district.in/movies/gulkandi-movie-tickets-MV221122
2969,movie mood,40500,37,56,$0.26,1,30,https://www.district.in/events/screening-of-in-the-mood-for-lovescc-candlelight-cinema-may24-2026-buy-tickets
2970,mothers veg plaza,22200,13,406,$0.14,7,22,https://www.district.in/dining/trivandrum/mothers-veg-plaza-palayam
2971,messi in kolkata,27100,10,1270,$0.13,7,28,https://www.district.in/events/messi-2025-india-tour-ticket-booking
2972,cross river mall,60500,3,4390,$0,3,32,https://www.district.in/movies/cinepolis-cross-river-mall-shahdara-new-delhi-in-faridabad-CD1333
2973,club babylon,27100,19,159,$0,6,28,https://www.district.in/dining/ahmedabad/savannah-club-babylon-sola
2974,cast of premam,22200,8,693,$0,1,24,https://www.district.in/movies/premam-2015-movie-tickets-MV159965
2975,indian today festival,27100,34,56,$0,1,38,https://www.district.in/events/
2976,india bangalore,480,10,1785,$0,1,61,https://www.district.in/events/my-story-india-chapter-yo-yo-honey-singh-live-in-bengaluru-2026-buy-tickets
2977,games near me,27100,8,1785,$0.07,5,42,https://www.district.in/activities/game-zones-activities-in-bengaluru/
2978,akshardham movie,6600,7,1785,$0.74,1,23,https://www.district.in/movies/akshardham-operation-vajra-shakti-movie-tickets-MV200384
2979,1st street,27100,65,56,$0.15,4,35,https://www.district.in/dining/ncr/gram-street-coffee-dlf-phase-1-gurgaon
2980,cheap meaning in hindi,33100,41,56,$0,1,14,https://www.district.in/movies/
2981,new film releases malayalam,27100,6,1270,$0,1,38,https://www.district.in/movies/upcoming-malayalam-movies
2982,movies bangalore,27100,4,2636,$0.02,7,39,https://www.district.in/movies/bengaluru-movie-tickets
2983,movie jungle movie,27100,65,56,$0.06,1,40,https://www.district.in/movies/upcoming-hindi-movies
2984,late check out,27100,7,915,$0.10,3,19,https://www.district.in/dining/mumbai/late-checkout-lower-parel
2985,water park hyd,27100,22,138,$0.15,4,39,https://www.district.in/events/wonderla-amusement-park-hyderabad-buy-tickets
2986,vaibhav theatre bangalore,27100,2,4390,$0.06,1,21,https://www.district.in/movies/vaibhav-digital-4k-dolby-7-1-sanjaynagar-bengaluru-in-bengaluru-CD1049257
2987,utkal kanika galleria bhubaneswar,27100,9,533,$0.22,8,17,https://www.district.in/movies/pvr-utkal-galleria-gautam-nagar-bhubneshwar-in-bhubaneswar-CD1017390
2988,ustaad bhagat singh release date,22200,14,306,$0.09,1,25,https://www.district.in/movies/ustaad-bhagat-singh-movie-tickets-MV161614
2989,gujarati picture,33100,17,138,$0.01,1,27,https://www.district.in/movies/gujarati-movies-tickets-in-ahmedabad
2990,go karting race hyderabad,27100,15,306,$0.14,3,8,https://www.district.in/events/pitstop-2025-buy-tickets
2991,fighter 2024,33100,10,915,$0,1,27,https://www.district.in/movies/fighter-2024-movie-tickets-MV145127
2992,festivals of india today,27100,32,56,$0,1,39,https://www.district.in/events/
2993,shreyas hotel pune,27100,30,56,$0.15,14,26,https://www.district.in/dining/pune/hotel-shreyas-deccan-gymkhana
2994,royalty restaurant,27100,11,406,$0.09,2,25,https://www.district.in/dining/ncr/the-royal-restaurant-and-bar-indirapuram-ghaziabad
2995,ramakrishna theater in hyderabad,27100,18,151,$0.13,3,21,https://www.district.in/movies/svc-rama-krishna-70mm-barco-4k-laser-shadnagar-in-shadnagar-CD4881
2996,pump house,27100,16,406,$0,3,27,https://www.district.in/dining/bangalore/the-pump-house-seegehalli-bangalore
2997,pickleball court near me,14800,7,1785,$0.07,6,19,https://www.district.in/play/pickleball-courts-in-gurgaon
2998,peddi movie,22200,10,1785,$0,1,24,https://www.district.in/movies/peddi-movie-tickets-MV194276
2999,pa pa movie,27100,12,533,$0,1,22,https://www.district.in/movies/pa-pa-o-naanna-movie-tickets-in-rayachoti-MV186712
3000,online booking for ticket,27100,8,915,$0.13,33,86,https://www.district.in/movies/
3001,new release movies 2026,27100,4,4390,$0.62,1,33,https://www.district.in/movies/upcoming-movies
3002,new release malayalam movies,22200,7,1270,$0,1,47,https://www.district.in/movies/upcoming-malayalam-movies
3003,new movies tamil released,22200,17,159,$0,1,72,https://www.district.in/movies/tamil-movies-tickets-in-chennai
3004,new movie tamil release,22200,13,306,$0,1,62,https://www.district.in/movies/upcoming-tamil-movies
3005,karim's original from jama masjid delhi-6,33100,6,2636,$0.09,2,21,https://www.district.in/dining/kolkata/karims-original-from-jama-masjid-delhi-6-sector-1-salt-lake
3006,jujutsu kaisen movies,14800,11,693,$0.58,1,44,https://www.district.in/movies/jujutsu-kaisen-execution-movie-tickets-MV209727
3007,ind vs wi tickets,18100,2,4390,$0.16,1,39,https://www.district.in/events/idfc-first-bank-series-2nd-test-india-vs-west-indies--delhi-buy-tickets
3008,hyd water parks,27100,11,1785,$0.15,4,32,https://www.district.in/activities/water-parks-activities-in-hyderabad/
3009,gt karnal,27100,99,56,$0.10,3,18,https://www.district.in/events/jurasik-park-inn-delhi-ncr-buy-tickets
3010,england vs india tickets,14800,62,53,$0.08,10,45,https://www.district.in/events/sports-in-gurgaon-book-tickets
3011,dhurandhar akshaye khanna,27100,75,56,$0,1,21,https://www.district.in/movies/dhurandhar-the-revenge-movie-tickets-MV211577
3012,csk and rr,27100,23,65,$0,1,19,https://www.district.in/events/ipl-ticket-booking
3013,brat kannada movie,27100,14,306,$0.08,1,30,https://www.district.in/movies/brat-movie-tickets-MV208163
3014,best food restaurants in jaipur,27100,49,56,$0.06,13,24,https://www.district.in/
3015,bengaluru movie,27100,6,2636,$0.02,8,29,https://www.district.in/movies/bengaluru-movie-tickets
3016,anil ashok theatre ulhasnagar,22200,3,2636,$0,1,20,https://www.district.in/movies/miraj-cinemas-ashok-anil-multiplex-ulhasnagar-in-navi-mumbai-CD4818
3017,tamil released new movies,22200,31,56,$0,1,72,https://www.district.in/movies/tamil-movies-tickets-in-chennai
3018,stories brewery & kitchen,22200,7,1270,$0.57,11,15,https://www.district.in/dining/bangalore/stories-brewery-kitchen-btm-bangalore
3019,river cross mall,27100,3,2636,$0.19,1,21,https://www.district.in/movies/cinepolis-cross-river-mall-shahdara-new-delhi-in-faridabad-CD1333
3020,ramakrishna theatre in hyderabad,27100,21,73,$0.13,3,23,https://www.district.in/movies/svc-rama-krishna-70mm-barco-4k-laser-shadnagar-in-shadnagar-CD4881
3021,qr code book,12100,101,56,$0.88,1,56,https://www.district.in/policies/terms-of-service
3022,youth movie tamil,27100,11,533,$0.10,1,25,https://www.district.in/movies/youth-movie-tickets-MV213456
3023,tamil movies new release,22200,14,246,$0,1,72,https://www.district.in/movies/tamil-movies-tickets-in-chennai
3024,synd,27100,101,56,$0.07,1,51,https://www.district.in/dining/kashipur/synd-celebration-kashipur-locality
3025,sundarakanda movie,5400,11,533,$0,1,25,https://www.district.in/movies/sundarakanda-movie-tickets-MV185955
3026,skywalk mall chennai,27100,9,1270,$0.04,5,28,https://www.district.in/movies/pvr-ampa-skywalk-mall-aminjikarai-chennai-in-chennai-CD1022258
3027,skycity mall borivali,27100,14,246,$0.08,1,15,https://www.district.in/movies/inox-megaplex-oberoi-sky-city-mall-mumbai-in-mumbai-CD1089402
3028,silver storm,27100,19,151,$0.47,1,26,https://www.district.in/events/silver-storm-water-amusement-park-may-2025-buy-tickets
3029,live concert venues,27100,2,8238,$0.10,1,19,https://www.district.in/events/
3030,inox gsm mall,14800,3,2636,$0.15,7,20,https://www.district.in/movies/inox-gsm-mall-madinaguda-hyderabad-in-hyderabad-CD1020780
3031,honey movie 2026,22200,15,306,$0,1,24,https://www.district.in/movies/honey-movie-tickets-MV212926
3032,genie film,4400,9,915,$0,1,57,https://www.district.in/movies/genie-movie-tickets-MV164071
3033,flying jatt,22200,13,533,$0.04,1,24,https://www.district.in/movies/a-flying-jatt-2016-movie-tickets-MV140102
3034,film a flying jatt,22200,15,406,$0.01,1,44,https://www.district.in/movies/a-flying-jatt-2016-movie-tickets-MV140102
3035,new malayalam movies released,27100,11,406,$0,1,13,https://www.district.in/movies/upcoming-malayalam-movies
3036,naagzilla movie,27100,7,1785,$0.41,1,22,https://www.district.in/movies/naagzilla-movie-tickets-MV196180
3037,mysterious film,27100,43,56,$0,1,72,https://www.district.in/movies/dev-das-na-leela-movie-tickets-MV219859
3038,cast of kishkindhapuri,5400,12,406,$0,1,25,https://www.district.in/movies/kishkindhapuri-2025-movie-tickets-MV204357
3039,cafe sarwaa,27100,20,159,$0.02,4,28,https://www.district.in/dining/trivandrum/cafe-sarwaa-thycaud
3040,bookmyshow in ghaziabad,27100,20,73,$0.03,1,21,https://www.district.in/
3041,10th downing street,27100,17,306,$0.27,3,33,https://www.district.in/dining/chennai/10-downing-street-t-nagar
3042,zen café,27100,29,59,$0.09,4,37,https://www.district.in/dining/ncr/cafe-zen-sector-39-gurgaon
3043,wpl match today,14800,18,116,$0,1,17,https://www.district.in/events/womens-premier-league-2026-team
3044,what festival is on today,27100,24,65,$0,1,42,https://www.district.in/events/
3045,upcoming new movie,27100,6,1785,$0.15,1,61,https://www.district.in/movies/upcoming-movies
3046,top restaurants chennai,27100,106,56,$0.05,8,25,https://www.district.in/movies/chennai-movie-tickets
3047,om shanti om actors,27100,11,533,$0,1,42,https://www.district.in/movies/om-shanti-om-2007-movie-tickets-MV157817
3048,new releases tamil movies,22200,10,693,$0,1,71,https://www.district.in/movies/upcoming-tamil-movies
3049,new release movie in tamil,22200,9,533,$0,1,71,https://www.district.in/movies/tamil-movies-tickets-in-chennai
3050,new malayalam movies to release,27100,8,1270,$0.13,1,38,https://www.district.in/movies/upcoming-malayalam-movies
3051,new malayalam films released,27100,13,306,$0.13,1,40,https://www.district.in/movies/upcoming-malayalam-movies
3052,new hindi movies 2025,27100,26,62,$0.36,1,49,https://www.district.in/movies/upcoming-hindi-movies
3053,new bollywood movies 2025,27100,18,151,$0,1,41,https://www.district.in/movies/upcoming-hindi-movies
3054,new and upcoming movies,27100,4,2636,$0.39,2,68,https://www.district.in/movies/upcoming-movies
3055,mr x 2026,3600,9,1270,$0,1,24,https://www.district.in/movies/mr-x-movie-tickets-MV162388
3056,movie in hindi latest,27100,18,203,$0.03,1,80,https://www.district.in/movies/upcoming-hindi-movies
3057,mirza ismail road,27100,38,56,$0,6,23,https://www.district.in/dining/jaipur/ratnika-mi-road
3058,mayasabha movie,2900,9,1785,$0.17,1,25,https://www.district.in/movies/mayasabha-the-hall-of-illusion-movie-tickets-MV210897
3059,test ind vs wi,27100,20,116,$0,1,37,https://www.district.in/events/idfc-first-bank-series-2nd-test-india-vs-west-indies--delhi-buy-tickets
3060,tamil movie new release,22200,14,306,$0,1,71,https://www.district.in/movies/tamil-movies-tickets-in-chennai
3061,social park street,27100,14,246,$0.13,2,37,https://www.district.in/dining/kolkata/park-street-social-park-street-area
3062,rolling loud india,22200,3,4390,$0.04,10,21,https://www.district.in/events/rolling-loud-india-2026-buy-tickets
3063,roast ccx,22200,12,533,$0,1,24,https://www.district.in/dining/hyderabad/roast-ccx-banjara-hills
3064,rana pratap bagh,27100,35,56,$0.05,5,23,https://www.district.in/dining/ncr/premannhar-rana-pratap-bagh-new-delhi
3065,premam malayalam movie cast,27100,6,1785,$0,1,26,https://www.district.in/movies/premam-2015-movie-tickets-MV159965
3066,hotel tiranga,33100,13,693,$0,1,28,https://www.district.in/dining/pune/hotel-tiranga-hadapsar
3067,govind garden restaurant pimple saudagar,27100,10,915,$0.06,5,19,https://www.district.in/dining/pune/govind-garden-pimple-saudagar
3068,govind garden pimple saudagar,27100,10,693,$0.04,4,22,https://www.district.in/dining/pune/govind-garden-pimple-saudagar
3069,gaming arcade near me,22200,7,1785,$0.20,10,15,https://www.district.in/activities/game-zones-in-delhi-ncr/
3070,cast of dna 2025 film,27100,9,915,$0,1,42,https://www.district.in/movies/dna-movie-tickets-MV187819
3071,bounce up,14800,28,59,$0.15,8,31,https://www.district.in/events/bounce-up-ahmedabad-apr30-2026-buy-tickets
3072,bastian empire,14800,7,1785,$0.39,6,23,https://www.district.in/dining/pune/bastian-empire-ghorpadi
3073,banga cinema,590,5,1270,$0.01,1,20,https://www.district.in/movies/anmol-surya-cinema-banga-in-banga-CD1102232
3074,aakhri sawal,27100,6,4390,$0,1,23,https://www.district.in/movies/aakhri-sawal-movie-tickets-MV217285
3075,100 days love movie,33100,12,533,$0.62,1,42,https://www.district.in/movies/100-days-love-story-movie-tickets-MV215098
3076,emerald mall,22200,7,915,$0,8,27,https://www.district.in/movies/inox-megaplex-emerald-ashiyana-lucknow-in-lucknow-CD1023485
3077,cosy box,27100,27,73,$0.07,2,27,https://www.district.in/dining/kolkata/cosy-box-park-street-area
3078,cast of saiyaara film,8100,11,693,$0,1,24,https://www.district.in/movies/saiyaara-movie-tickets-MV196147
3079,today festival india,27100,22,116,$0,1,44,https://www.district.in/events/
3080,spice garden layout,27100,45,56,$0,16,26,https://www.district.in/dining/bangalore/hotel-spice-garden-marathahalli-bangalore
3081,sangeetha restaurant t nagar,14800,10,533,$0.14,9,19,https://www.district.in/dining/chennai/sangeetha-veg-restaurant-1-t-nagar
3082,vijaya mall vadapalani,27100,4,1785,$0.13,4,25,https://www.district.in/movies/pvr-palazzo-the-nexus-vijaya-mall-chennai-in-chennai-CD1022274
3083,mindiyum paranjum,5400,15,306,$0,1,24,https://www.district.in/movies/mindiyum-paranjum-movie-tickets-in-mala-MV212122
3084,meaning obliterate,27100,70,56,$0,1,42,https://www.district.in/policies/terms-of-service
3085,malayalam movies new release,27100,7,1270,$0.13,1,45,https://www.district.in/movies/upcoming-malayalam-movies
3086,k's charcoal ahmedabad,14800,11,915,$0.20,4,22,https://www.district.in/dining/ahmedabad/ks-charcoal-bodakdev
3087,jana nayagan released,14800,5,4390,$0,1,21,https://www.district.in/movies/jana-nayagan-movie-tickets-MV188681
3088,j p nagar restaurants,33100,75,56,$0.04,9,24,https://www.district.in/movies/kd-movie-tickets-in-bengaluru-MV157420
3089,rajat kapoor actor,33100,20,159,$0,1,44,https://www.district.in/events/rajat-kapoor/artist
3090,pvr in pondicherry,27100,2,4390,$0.03,4,20,https://www.district.in/movies/pvr-providence-mall-providence-mall-pondicherry-in-puducherry-CD1025204
3091,pvr ecx chanakyapuri delhi,12100,2,4390,$0.05,7,20,https://www.district.in/movies/pvr-ecx-chanakyapuri-new-delhi-in-gurgaon-CD1022277
3092,new tamil movies for release,22200,9,693,$0,1,60,https://www.district.in/movies/upcoming-tamil-movies
3093,new released tamil movies,22200,21,89,$0,1,72,https://www.district.in/movies/tamil-movies-tickets-in-chennai
3094,new released movies in tamil,22200,16,203,$0,1,72,https://www.district.in/movies/upcoming-tamil-movies
3095,new released movies 2026,320,4,4390,$0.01,1,53,https://www.district.in/movies/upcoming-movies
3096,new release tamil movies,18100,5,2636,$0.02,1,10,https://www.district.in/movies/tamil-movies-tickets-in-chennai
3097,new release movies kollywood,27100,10,533,$0.01,1,56,https://www.district.in/movies/upcoming-tamil-movies
3098,movie time,27100,9,1270,$0.12,1,20,https://www.district.in/movies/movietime-malad-w-mumbai-in-mumbai-CD1040387
3099,evil dead burn,27100,11,1270,$0,1,39,https://www.district.in/movies/evil-dead-burn-movie-tickets-MV207239
3100,euphoria movie 2026,22200,15,406,$0,1,23,https://www.district.in/movies/euphoria-movie-tickets-MV209354
3101,cast of street fighter 2026,12100,7,1785,$0,1,30,https://www.district.in/movies/street-fighter-movie-tickets-MV204027
3102,bookmyshow bengaluru,27100,25,59,$0.03,1,26,https://www.district.in/movies/bengaluru-movie-tickets
3103,best indian restaurants in jaipur,33100,34,56,$0.20,12,18,https://www.district.in/
3104,ashok anil multiplex ulhasnagar,22200,3,2636,$0.02,1,11,https://www.district.in/movies/miraj-cinemas-ashok-anil-multiplex-ulhasnagar-in-navi-mumbai-CD4818
3105,ar mall,18100,3,2636,$0.01,1,36,https://www.district.in/movies/rajhans-multiplex-ar-mall-surat-in-surat-CD1029105
3106,apr gaya,27100,2,4390,$0.01,1,21,https://www.district.in/movies/apr-cinemas-dolby-atmos-christie-laser-gaya-in-gaya-CD9668
3107,drive movie 2025,27100,8,1785,$0,1,21,https://www.district.in/movies/drive-movie-tickets-MV211326
3108,doomsday release date,14800,46,56,$0,1,40,https://www.district.in/movies/avengers-doomsday-movie-tickets-in-gajuwaka-MV176735
3109,chennai city gangsters,27100,12,693,$0,1,31,https://www.district.in/movies/chennai-city-gangsters-movie-tickets-in-chennai-MV178141
3110,cast of retro film,49500,12,406,$0,1,38,https://www.district.in/movies/retro-movie-tickets-MV186597
3111,v cinemas,27100,2,4390,$0.30,1,26,https://www.district.in/movies/v-cinema-mc-road-koothattukulam-in-kochi-CD5061
3112,today festival in india,27100,23,89,$0,1,44,https://www.district.in/events/
3113,tn 2026 movie,18100,9,1270,$0,1,21,https://www.district.in/movies/tn-2026-movie-tickets-in-una-MV217870
3114,tangra,27100,18,151,$0,3,40,https://www.district.in/dining/kolkata/golden-empire-tangra
3115,tamil play tamil movie,27100,10,406,$0,1,45,https://www.district.in/movies/tamil-movies-tickets-in-thane
3116,tamil new releases,27100,20,89,$0.01,1,57,https://www.district.in/movies/tamil-movies-tickets-in-chennai
3117,sbr horizon,27100,3,2636,$1.09,11,30,https://www.district.in/movies/inox-sbr-horizon-seegehalli-whitefield-hoskote-road-bengaluru-in-bengaluru-CD1020738
3118,sarpatta,27100,10,915,$0.06,1,40,https://www.district.in/movies/sarpatta-2-movie-tickets-MV160828
3119,restaurants chennai,22200,20,138,$0.31,7,27,https://www.district.in/
3120,r j 14,27100,17,159,$0.08,1,37,https://www.district.in/dining/jaipur/rj-14-ep-tonk-road
3121,pvr cinema pondicherry,27100,3,2636,$0.03,4,20,https://www.district.in/movies/pvr-providence-mall-providence-mall-pondicherry-in-puducherry-CD1025204
3122,online rakhi,4400,107,56,$0.11,100,50,https://www.district.in/movies/licence-movie-tickets-MV218470
3123,new tamil film release,22200,14,246,$0,1,73,https://www.district.in/movies/upcoming-tamil-movies
3124,new malayalam movie to release,27100,8,915,$0.13,1,35,https://www.district.in/movies/upcoming-malayalam-movies
3125,mummy movie 2017,22200,15,406,$0.22,1,63,https://www.district.in/movies/the-mummy-2017-movie-tickets-MV218960
3126,mumbai to chor bazaar,9900,27,56,$0.16,1,27,https://www.district.in/events/
3127,just blr,18100,19,151,$0,3,24,https://www.district.in/dining/bangalore/just-blr-1-brigade-road-bangalore
3128,ikk kudi movie,2400,12,533,$0.73,1,32,https://www.district.in/movies/ikk-kudi-movie-tickets-in-gauribidanur-MV186654
3129,huber and holly,22200,20,151,$0.31,9,22,https://www.district.in/dining/mumbai/huber-holly-santacruz-east
3130,hotel western,22200,21,116,$0.38,8,27,https://www.district.in/dining/mumbai/hotel-western-mira-road
3131,govinda cinema,27100,3,4390,$0,1,26,https://www.district.in/movies/govinda-cinemas-unipolar-beam-3d-kuttippuram-road-edappal-in-edappal-CD1027244
3132,forum vijaya mall chennai,27100,5,1785,$0.02,4,15,https://www.district.in/movies/pvr-palazzo-the-nexus-vijaya-mall-chennai-in-chennai-CD1022274
3133,farzi beach,27100,25,89,$0.13,2,20,https://www.district.in/dining/goa/farzi-beach-morjim
3134,dhaba square,12100,9,1270,$0.07,8,19,https://www.district.in/dining/bangalore/dhaba-square-whitefield-bangalore
3135,m block market greater kailash,27100,16,246,$0,1,24,https://www.district.in/stores/street-junkies-m-block-market-greater-kailash-2-new-delhi-SDP-85398213
3136,latest films in hindi,27100,19,151,$0.02,1,62,https://www.district.in/movies/upcoming-hindi-movies
3137,bhoot bangla akshay kumar,12100,11,1270,$0,1,26,https://www.district.in/movies/bhooth-bangla-movie-tickets-MV177766
3138,best tamil movies 2026,2400,15,203,$0,1,47,https://www.district.in/movies/upcoming-tamil-movies
3139,best indian restaurant jaipur,33100,45,56,$0.30,11,18,https://www.district.in/
3140,anil ashok,22200,3,2636,$0,1,23,https://www.district.in/movies/miraj-cinemas-ashok-anil-multiplex-ulhasnagar-in-navi-mumbai-CD4818
3141,andrea,33100,13,693,$0,1,40,https://www.district.in/events/andrea-jeremia/artist
3142,ama cafe delhi,40500,6,2636,$0,1,25,https://www.district.in/dining/ncr/ama-cafe-majnu-ka-tila
3143,akshardham film,27100,6,2636,$0.19,1,34,https://www.district.in/movies/akshardham-operation-vajra-shakti-movie-tickets-in-surat-MV200384
3144,chennai super kings match 2026,3600,3,2636,$0.07,1,24,https://www.district.in/events/tata-ipl-2026-match-48--delhi-capitals-vs-chennai-super-kings-buy-tickets
3145,champion telugu movie,22200,17,246,$0.14,1,31,https://www.district.in/movies/champion-movie-tickets-MV193511
3146,cast of ustaad bhagat singh,27100,10,693,$0,1,25,https://www.district.in/movies/ustaad-bhagat-singh-movie-tickets-MV161614
3147,border 2 showtime,27100,3,4390,$0,1,18,https://www.district.in/movies/border-2-movie-tickets-in-noida-MV174744
3148,bombay adda mumbai,27100,16,533,$0.19,7,24,https://www.district.in/dining/mumbai/bombay-adda-andheri-east
3149,banjara gourmet dining,27100,15,406,$0.04,4,22,https://www.district.in/dining/ahmedabad/banjara-gourmet-dining-bodakdev
3150,wave mall in ludhiana,22200,40,56,$0.03,3,22,https://www.district.in/events/masti-zone-wave-mall-ludhiana-2025-buy-tickets
3151,thyagaraj stadium,9900,31,56,$0.19,10,22,https://www.district.in/events/sports-in-gurgaon-book-tickets
3152,mansarovar plaza,22200,16,203,$0,12,28,https://www.district.in/dining/jaipur/mansarovar-pizza-plaza-mansarovar
3153,malayalam films new releases,27100,13,306,$0.13,1,45,https://www.district.in/movies/upcoming-malayalam-movies
3154,lockdown 2026,6600,7,1785,$0,1,35,https://www.district.in/movies/lockdown-movie-tickets-MV173228
3155,kathanar,9900,9,1785,$0,1,30,https://www.district.in/movies/kathanar-the-wild-sorcerer-movie-tickets-MV166128
3156,jana nayagan ticket booking open date,1300,3,2636,$0.06,1,16,https://www.district.in/movies/jana-nayagan-movie-tickets-MV188681
3157,ip vijaya,22200,3,2636,$0,2,25,https://www.district.in/movies/ip-cinemas-ip-vijaya-mall-bhelupur-varanasi-in-varanasi-CD1039499
3158,innocent movie,27100,9,1270,$0,1,41,https://www.district.in/movies/innocent-movie-tickets-MV208043
3159,tamil new release movies,22200,11,406,$0,1,73,https://www.district.in/movies/upcoming-tamil-movies
3160,tamil a movie list,27100,22,89,$0,1,34,https://www.district.in/movies/upcoming-tamil-movies
3161,eta mall bangalore,27100,2,4390,$0,4,23,https://www.district.in/movies/cinepolis-eta-namma-mall-binny-pete-bengaluru-in-bengaluru-CD128
3162,dan's,27100,11,693,$1.21,1,41,https://www.district.in/events/dans-gaming-hub-2026-buy-tickets
3163,colours mall raipur,27100,3,2636,$0.15,3,21,https://www.district.in/movies/colors-cinemas-colors-mall-raipur-in-raipur-CD44956
3164,cast of the amazing spider man film,33100,9,915,$0,1,56,https://www.district.in/movies/the-amazing-spider-man-movie-tickets-in-pinjore-MV208550
3165,cast of now you see me 3,27100,12,306,$0,1,33,https://www.district.in/movies/now-you-see-me-now-you-don-t-movie-tickets-MV186215
3166,raktabeej 2,2900,12,533,$0,1,28,https://www.district.in/movies/raktabeej-2-movie-tickets-in-dubai-MV200138
3167,rakshasa movie,6600,10,915,$0.18,1,27,https://www.district.in/movies/rakasa-movie-tickets-MV213886
3168,premam casting,27100,10,693,$0,1,24,https://www.district.in/movies/premam-2015-movie-tickets-MV159965
3169,premam actors,27100,7,1270,$0,1,27,https://www.district.in/movies/premam-2015-movie-tickets-MV159965
3170,prathichaya movie,5400,10,1270,$0,1,26,https://www.district.in/movies/prathichaya-movie-tickets-in-ashtamichira-MV215545
3171,park street social,27100,6,1270,$0.09,2,22,https://www.district.in/dining/kolkata/park-street-social-park-street-area
3172,new tamil films released,22200,15,246,$0,1,72,https://www.district.in/movies/tamil-movies-tickets-in-chennai
3173,new release tamil movie,27100,7,1270,$0.03,1,56,https://www.district.in/movies/tamil-movies-tickets-in-chennai
3174,new movies released malayalam,27100,8,915,$0.13,1,47,https://www.district.in/movies/upcoming-malayalam-movies
3175,new movies released in tamil,22200,14,203,$0,1,71,https://www.district.in/movies/tamil-movies-tickets-in-chennai
3176,new movie malayalam,27100,15,151,$0,1,21,https://www.district.in/movies/upcoming-malayalam-movies
3177,new hindi movie 2025,33100,22,89,$0.05,1,41,https://www.district.in/movies/upcoming-movies
3178,movies new,27100,7,693,$0.44,2,65,https://www.district.in/movies/upcoming-movies
3179,miraj cinema near me,14800,7,1785,$0.05,3,10,https://www.district.in/movies/miraj-cinemas-tgn-lotus-elite-sunkadakatte-in-bengaluru-CD52080
3180,mardaani 3 release date,27100,19,151,$0,1,36,https://www.district.in/movies/mardaani-3-movie-tickets-MV185767
3181,mango plus cinemas,18100,3,2636,$0,7,21,https://www.district.in/movies/mango-plus-cinemas-nikol-ahmedabad-in-ahmedabad-CD1004161
3182,shiv ganga,27100,14,406,$0.06,2,18,https://www.district.in/movies/shiva-ganga-theatres-4k-gaddiannaram-formerly-asian-shiva-ganga-hyderabad-in-hyderabad-CD1102147
3183,govardhan theater yeshwanthpur,9900,5,1785,$0.21,5,20,https://www.district.in/movies/goverdhan-theatre-near-yeshwantpur-railway-station-bengaluru-in-bengaluru-CD579
3184,ghat,27100,23,116,$0,1,39,https://www.district.in/events/mahalaxmi-dhobi-ghat-guided-walking-tour-with-tripadvisor-tour--jul21-2022-buy-tickets
3185,films bangalore,27100,4,2636,$0.02,6,27,https://www.district.in/movies/
3186,film mohabbatein,27100,28,59,$0.05,1,49,https://www.district.in/movies/mohabbatein-2000-movie-tickets-MV163623
3187,bar b q,27100,17,246,$0.10,4,27,https://www.district.in/dining/pune/bar-bq-chinchwad
3188,baaghi 4 movie,1600,9,1270,$0,1,27,https://www.district.in/movies/baaghi-4-movie-tickets-in-gurgaon-MV178565
3189,arcade near me,22200,4,8238,$0.45,8,22,https://www.district.in/activities/game-zones-in-delhi-ncr/
3190,akshardham temple movie,27100,7,1785,$0.01,1,36,https://www.district.in/movies/akshardham-operation-vajra-shakti-movie-tickets-in-surat-MV200384
3191,youth film,22200,15,333,$0,1,26,https://www.district.in/movies/youth-movie-tickets-MV213456
3192,tamil upcoming movies,22200,2,3596,$0,1,19,https://www.district.in/movies/upcoming-tamil-movies
3193,tamil movies upcoming,22200,4,2160,$0.01,1,40,https://www.district.in/movies/upcoming-tamil-movies
3194,tamil movie romance,22200,43,46,$0.11,1,47,https://www.district.in/movies/youth-movie-tickets-MV213456
3195,starbucks bangalore indiranagar,2900,7,1462,$0.07,1,19,https://www.district.in/dining/bangalore/starbucks-coffee-indiranagar-bangalore
3196,south united football club,22200,12,437,$0.29,6,19,https://www.district.in/play/south-united-football-club-south-united-football-club-bengaluru-slots-booking
3197,sattva pure veg restaurant,12100,12,437,$0.14,4,22,https://www.district.in/dining/bangalore/sattva-pure-vegeterian-restaurant-majestic-bangalore
3198,saiyaara movie wikipedia,10,37,46,$0,1,13,https://www.district.in/movies/saiyaara-2025-movie-tickets-MV196147
3199,rr dc,22200,10,437,$0,1,20,https://www.district.in/events/screening-of-dc-vs-rr-tata-ipl-2026-may17-2026-buy-tickets
3200,romance movies tamil,22200,27,53,$0.34,1,30,https://www.district.in/movies/29-movie-tickets-MV219989
3201,vinay pathak,22200,15,437,$0,1,24,https://www.district.in/events/vinay-pathak/artist
3202,upcoming tamil films,22200,6,1041,$0.01,1,30,https://www.district.in/movies/upcoming-tamil-movies
3203,upcoming films in tamil,22200,7,750,$0,1,50,https://www.district.in/movies/upcoming-tamil-movies
3204,tu meri main tera movie 2025,22200,10,750,$0.03,1,31,https://www.district.in/movies/tu-meri-main-tera-main-tera-tu-meri-movie-tickets-in-una-MV186636
3205,toto garage,22200,7,1462,$0.11,2,27,https://www.district.in/dining/mumbai/totos-garage-pali-hill-bandra-west
3206,tnpl 2025 schedule,27100,5,1041,$0,1,19,https://www.district.in/events/shriram-capital-tnpl-2025-team
3207,the yellow bowl,18100,16,333,$0,2,19,https://www.district.in/dining/ncr/the-yellow-bowl-vikaspuri-new-delhi
3208,tdi mall kundli sonipat,22200,4,1462,$0.09,1,21,https://www.district.in/movies/akr-cinemas-tdi-mall-kundli-district-sonipat-in-kundli-CD1018615
3209,jamshedpur vs mumbai city,590,4,2160,$0,1,5,https://www.district.in/events/isl-2025-26-jamshedpur-fc-vs-mumbai-city-fc-buy-tickets
3210,j p nagar central mall,22200,4,1462,$0.09,5,23,https://www.district.in/movies/inox-central-mantri-junction-jp-nagar-bengaluru-in-bengaluru-CD1020726
3211,hyderabad house,18100,13,568,$0.52,3,24,https://www.district.in/dining/lucknow/hyderabad-house-gomti-nagar
3212,hotel pandian egmore chennai,2400,14,202,$0.25,62,20,https://www.district.in/dining/chennai/hotel-pandian-egmore
3213,gurgaon places to go,22200,12,250,$0.10,5,20,https://www.district.in/activities/
3214,ground zero 2025,27100,9,1041,$0,1,31,https://www.district.in/movies/ground-zero-movie-tickets-MV194131
3215,gini,12100,14,202,$0,1,55,https://www.district.in/events/gini/artist
3216,pvr vellore,18100,4,1462,$0.04,2,24,https://www.district.in/movies/pvr-velocity-gandhi-nagar-vellore-in-vellore-CD1023566
3217,pvr movie timings,22200,6,750,$0.03,1,20,https://www.district.in/movies/pvr-mall-of-dehradun-in-dehradun-CD1040152
3218,pvr marketcity kurla,22200,3,3596,$0.06,1,20,https://www.district.in/movies/pvr-market-city-kurla-w-mumbai-in-mumbai-CD1022270
3219,pvr escape express avenue mall,18100,1,6748,$0.04,6,18,https://www.district.in/movies/hdfc-millennia-pvr-escape-express-avenue-mall-chennai-in-chennai-CD1022257
3220,puranpoli ghar,22200,16,333,$0.15,4,26,https://www.district.in/dining/mumbai/bhaskars-puranpoli-ghar-kandivali-west
3221,neon genesis evangelion anime,22200,65,46,$0,1,69,https://www.district.in/events/anime-india-delhi-2026-buy-tickets
3222,near by theater,18100,3,2160,$0.03,5,20,https://www.district.in/movies/cinema-near-me
3223,mrithyunjay,22200,9,1041,$0,1,24,https://www.district.in/movies/mrithyunjay-movie-tickets-in-bengaluru-MV191671
3224,movies lulu mall,22200,5,2160,$0.02,1,29,https://www.district.in/movies/pvr-lulu-lulu-international-shopping-mall-kochi-in-kochi-CD1022294
3225,miraj cinema subhash nagar,18100,3,2160,$0.14,4,12,https://www.district.in/movies/miraj-cinemas-ivory-tower-subhash-nagar-in-gurgaon-CD1338
3226,meat and eat,22200,9,750,$0.63,1,20,https://www.district.in/dining/bangalore/meat-and-eat-1-bommasandra-bangalore
3227,meaning of read in hindi,22200,39,46,$0.56,1,24,https://www.district.in/events/wear-your-art-embroidery-on-your-own-clothes-may25-2026-buy-tickets
3228,kiss movie 2025,22200,13,437,$0,1,22,https://www.district.in/movies/kiss-movie-tickets-MV190252
3229,kiss 2025 film,22200,12,437,$0,1,24,https://www.district.in/movies/kiss-movie-tickets-MV190252
3230,romeo s3,5400,11,568,$0,1,32,https://www.district.in/movies/romeo-s3-movie-tickets-MV197065
3231,raghu dixit,22200,21,130,$0,1,24,https://www.district.in/events/raghu-dixit/artist
3232,raghavendra theatre,14800,6,2160,$0.20,3,20,https://www.district.in/movies/miraj-cinemas-raghavendra-malkajgiri-in-hyderabad-CD25026
3233,cinema hall,33100,5,3596,$0.02,1,28,https://www.district.in/movies/cinema-near-me
3234,chennai express cast,22200,11,437,$0,1,19,https://www.district.in/movies/chennai-express-movie-tickets-MV138357
3235,brat movie,14800,13,333,$0,1,33,https://www.district.in/movies/brat-movie-tickets-MV208163
3236,bookmyshow nanded,22200,19,73,$0.01,1,24,https://www.district.in/movies/nanded-movie-tickets
3237,bob's bar koramangala,12100,8,1041,$0.15,5,21,https://www.district.in/dining/bangalore/bobs-bar-koramangala-7th-block-bangalore
3238,blue sea restaurant,14800,10,750,$0.15,3,37,https://www.district.in/dining/hyderabad/blue-sea-diamond-multi-cuisine-restaurant-chandrayanagutta
3239,blr brewing co hsr layout,18100,10,568,$0.25,8,13,https://www.district.in/dining/bangalore/blr-brewing-co-hsr-bangalore
3240,golmaal unlimited fun,22200,11,568,$0,1,47,https://www.district.in/movies/golmaal-fun-unlimited-2006-movie-tickets-MV205736
3241,food plaza,18100,10,1041,$0.10,1,24,https://www.district.in/dining/muzaffarpur/food-plaza-muzaffarpur-locality-muzaffarpur-city
3242,farm regency,22200,12,333,$0.08,13,28,https://www.district.in/dining/mumbai/farm-regency-resort-borivali-west
3243,district movie ticket,27100,1,6748,$0.27,2,25,https://www.district.in/movies/
3244,distance from mumbai to delhi,22200,69,46,$0,1,11,https://www.district.in/movies/
3245,conjuring cinema,22200,4,3596,$0,1,21,https://www.district.in/movies/the-conjuring-last-rites-movie-tickets-in-chennai-MV175734
3246,biswa comedy,18100,9,750,$0,1,23,https://www.district.in/events/biswa-kalyan-rath/artist
3247,7 rules movie com kannada,5400,28,46,$0,1,27,https://www.district.in/movies/dhruti-movie-tickets-MV221123
3248,vinay pathak actor,22200,33,46,$0,1,38,https://www.district.in/events/vinay-pathak/artist
3249,thug life movie,22200,10,750,$0,1,31,https://www.district.in/movies/thug-life-movie-tickets-MV167821
3250,subhash nagar miraj cinemas,22200,3,2160,$0.16,3,29,https://www.district.in/movies/miraj-cinemas-ivory-tower-subhash-nagar-in-gurgaon-CD1338
3251,sri udupi park,22200,11,568,$0.19,11,23,https://www.district.in/dining/bangalore/sri-udupi-park-2-whitefield-bangalore
3252,hsr high street,33100,37,46,$0,7,25,https://www.district.in/dining/bangalore/five-star-2-hsr-bangalore
3253,hopleaf restobar and lounge,0,10,1041,$0,1,4,https://www.district.in/dining/mumbai/hopleaf-1-borivali-west
3254,honey movie,22200,15,250,$0,1,28,https://www.district.in/movies/honey-movie-tickets-MV212926
3255,h d movie area,22200,10,250,$0.08,1,20,https://www.district.in/movies/hyderabad-movie-tickets
3256,gurleen pannu,18100,10,750,$0,1,23,https://www.district.in/events/gurleen-pannu/artist
3257,gsm mall & multiplex,18100,5,1462,$0.20,11,20,https://www.district.in/movies/inox-gsm-mall-madinaguda-hyderabad-in-hyderabad-CD1020780
3258,foodie street,22200,5,1462,$0.20,3,22,https://www.district.in/dining/hyderabad/the-foodie-street-meerpet
3259,fan india movie,22200,32,46,$0.08,1,60,https://www.district.in/movies/hyderabad-movie-tickets
3260,kick 2 movie,27100,12,568,$0,1,21,https://www.district.in/movies/kick-2-movie-tickets-MV161030
3261,khajuraho dreams,22200,9,1462,$0,1,22,https://www.district.in/movies/khajuraho-dreams-movie-tickets-MV210167
3262,jyoti restaurant pune,22200,4,1462,$0,9,22,https://www.district.in/dining/pune/jyoti-kondhwa
3263,jana nayagan trailer,22200,10,333,$0,1,30,https://www.district.in/movies/jana-nayagan-trailer-celebration-movie-tickets-MV212778
3264,isobel coffee house,14800,9,1041,$0.24,6,22,https://www.district.in/dining/bangalore/isobel-coffee-house-lavelle-road-bangalore
3265,neemsi restaurant basavanagudi,22200,9,1041,$0.09,4,21,https://www.district.in/dining/bangalore/neemsi-basavanagudi-bangalore
3266,movies of upendra,22200,37,46,$0,1,47,https://www.district.in/movies/45-2025-movie-tickets-MV188239
3267,distance mumbai to delhi,22200,71,46,$3.01,1,33,https://www.district.in/movies/
3268,dhurandhar part 2 release date,9900,26,53,$0.01,1,31,https://www.district.in/movies/dhurandhar-the-revenge-movie-tickets-MV211577
3269,dhurandhar 2 tickets,18100,4,2160,$0.02,8,25,https://www.district.in/movies/dhurandhar-the-revenge-movie-tickets-in-gurgaon-MV211577
3270,della adventure,22200,18,697,$0.23,43,37,https://www.district.in/events/della-adventure-park-jun-2025-buy-tickets
3271,cricket nets,18100,13,437,$0.02,96,52,https://www.district.in/play/cricket-nets-in-gurgaon
3272,corner house hsr sector 2,14800,7,1462,$0.30,15,19,https://www.district.in/dining/bangalore/corner-house-ice-creams-1-hsr-bangalore
3273,city mall 36 raipur,22200,4,1462,$0.24,4,21,https://www.district.in/movies/inox-city-mall-36-g-e-road-raipur-in-raipur-CD1019937
3274,cinepolis in hubli,22200,2,3596,$0.04,1,20,https://www.district.in/movies/cinepolis-urban-oasis-mall-rajendra-nagar-hubli-in-hubli-CD121
3275,cast of sumathi valavu,9900,11,568,$0,1,25,https://www.district.in/movies/sumathi-valavu-movie-tickets-MV187974
3276,carnival cinemas,27100,33,46,$0.17,4,28,https://www.district.in/movies/magic-frames-kalpana-cinemas-4k-laser-atmos-iritty-in-iritty-CD1088548
3277,bookmyshow vellore,27100,24,48,$0.01,2,27,https://www.district.in/movies/vellore-movie-tickets
3278,bob's bar wood street,22200,18,166,$0.10,1,24,https://www.district.in/dining/bangalore/bobs-bar-richmond-road-bangalore
3279,baroda restaurant,18100,27,59,$0.04,5,20,https://www.district.in/
3280,baati chokha restaurant taste of banaras,9900,9,568,$0.25,9,20,https://www.district.in/dining/ncr/baati-chokha-restaurant-taste-of-banaras-hajipur-noida
3281,avatar 3 release date in india,22200,8,750,$0,1,25,https://www.district.in/movies/avatar-fire-and-ash-2025-movie-tickets-MV165236
3282,arrs multiplex theater salem,22200,26,46,$0.19,2,21,https://www.district.in/movies/jana-nayagan-movie-tickets-MV188681
3283,shiva ganga theatre dilsukhnagar,22200,1,6748,$0,3,12,https://www.district.in/movies/shiva-ganga-theatres-4k-gaddiannaram-formerly-asian-shiva-ganga-hyderabad-in-hyderabad-CD1102147
3284,rp's,22200,9,750,$0.05,1,21,https://www.district.in/dining/ahmedabad/rps-pizzeria-sola
3285,pvr shalimar bagh,22200,2,3596,$0.04,2,20,https://www.district.in/movies/pvr-shalimar-bagh-dlf-city-centre-mall-new-delhi-in-new-delhi-CD1022278
3286,pvr cinemas lower parel,22200,3,2160,$0.06,5,18,https://www.district.in/movies/pvr-icon-phoenix-palladium-lower-parel-mumbai-in-mumbai-CD1022255
3287,pvr ampa mall,9900,3,2160,$0.05,14,19,https://www.district.in/movies/pvr-ampa-skywalk-mall-aminjikarai-chennai-in-chennai-CD1022258
3288,orange 2010,22200,10,750,$0,1,24,https://www.district.in/movies/orange-2010-movie-tickets-MV160920
3289,new movies releasing this weekend,22200,5,1462,$0.15,1,88,https://www.district.in/movies/upcoming-movies
3290,new in theater,22200,7,1041,$0.02,1,40,https://www.district.in/movies/new-delhi-movie-tickets
3291,upcoming films tamil,22200,5,1462,$0.01,1,35,https://www.district.in/movies/upcoming-tamil-movies
3292,tickets booking cricket,22200,4,1462,$0.06,24,58,https://www.district.in/events/ipl-ticket-booking
3293,thug life film,22200,12,437,$0,1,47,https://www.district.in/movies/thug-life-movie-tickets-MV167821
3294,things to do in mumbai,33100,4,3596,$0.15,41,27,https://www.district.in/activities/mumbai-activity-tickets/
3295,theme park,22200,7,2160,$0.51,2,25,https://www.district.in/activities/theme-parks-in-mumbai/
3296,theme amusement parks,22200,11,1041,$0.13,3,16,https://www.district.in/activities/theme-parks-activities-in-delhi-ncr/
3297,tamil romantic film,22200,22,53,$0,1,30,https://www.district.in/movies/29-movie-tickets-MV219989
3298,sunny sanskari ki tulsi kumari release date,1900,10,750,$0,1,23,https://www.district.in/movies/sunny-sanskari-ki-tulsi-kumari-movie-tickets-MV170481
3299,pvr nanded,18100,2,3596,$0.03,1,24,https://www.district.in/movies/pvr-treasure-bazaar-mall-vasarani-nanded-in-nanded-CD1018970
3300,prakambanam movie,27100,9,1462,$0.09,1,20,https://www.district.in/movies/prakambanam-movie-tickets-MV213509
3301,new movie releases this week,22200,4,3596,$0.01,1,11,https://www.district.in/movies/upcoming-movies
3302,new movie of yash,18100,12,333,$0,1,35,https://www.district.in/movies/toxic-a-fairy-tale-for-grown-ups-movie-tickets-MV168613
3303,mkt,22200,14,250,$0.17,2,22,https://www.district.in/dining/ncr/mkt-1-chanakyapuri-new-delhi
3304,mamma's,22200,8,2160,$0,1,22,https://www.district.in/dining/solapur/mammas-kitchen-solapur-locality
3305,love you muddu,22200,9,1041,$0,1,19,https://www.district.in/movies/love-you-muddu-movie-tickets-MV208452
3306,sholay movie release date,14800,27,48,$0,1,27,https://www.district.in/movies/sholay-the-final-cut-1975-movie-tickets-MV169630
3307,ramayan movie release date,18100,8,1041,$0,1,35,https://www.district.in/movies/ramayana-movie-tickets-MV176276
3308,jayam cinemas,22200,2,3596,$0.51,1,22,https://www.district.in/movies/jayam-cinemas-gobichettipalayam-in-gobichettipalayam-CD1042162
3309,ipl match 2025,22200,17,113,$0,1,62,https://www.district.in/events/ipl-ticket-booking
3310,ikkis release date,5400,53,46,$0,1,32,https://www.district.in/movies/ikkis-movie-tickets-MV173204
3311,ibm movies telugu 2026,12100,3,3596,$0,1,30,https://www.district.in/movies/upcoming-telugu-movies
3312,haal movie,22200,11,750,$0.16,1,22,https://www.district.in/movies/haal-movie-tickets-MV205485
3313,gurgaon mall,22200,55,46,$1.20,1,25,https://www.district.in/movies/dhurandhar-the-revenge-movie-tickets-in-gurgaon-MV211577
3314,fun cinema,22200,8,1041,$0.02,2,25,https://www.district.in/movies/fun-cinemas-republic-mall-mdc-sector-5-chandigarh-in-panchkula-CD136
3315,dance studio near me,18100,43,46,$0.23,4,12,https://www.district.in/activities/workshops-in-pune/
3316,chennai super kings royal challengers bangalore,33100,38,46,$0,1,14,https://www.district.in/events/ipl-ticket-booking
3317,central mall in jp nagar,22200,4,2160,$0.09,5,22,https://www.district.in/movies/inox-central-mantri-junction-jp-nagar-bengaluru-in-bengaluru-CD1020726
3318,cast of kalamkaval,22200,10,750,$0,1,28,https://www.district.in/movies/kalamkaval-movie-tickets-MV190445
3319,best places to see in hyderabad,22200,84,46,$0.14,7,42,https://www.district.in/activities/
3320,food santa,22200,11,437,$0.20,3,19,https://www.district.in/dining/sikar/santa-banta-bakery-and-fast-food-sikar-locality
3321,download tamil movie,22200,49,46,$0.08,1,25,https://www.district.in/movies/krishnavataram-part-1-the-heart-hridayam-movie-tickets-MV219513
3322,district movie,22200,2,6748,$0.24,3,31,https://www.district.in/movies/
3323,baahubali the conclusion release date,14800,32,46,$0,1,66,https://www.district.in/movies/baahubali-2-the-conclusion-2017-movie-tickets-in-edappadi-MV144917
3324,ama cafe rajpur road,12100,9,750,$0.16,7,23,https://www.district.in/dining/dehradun/ama-cafe-rajpur
3325,actors of jolly llb 2,22200,9,750,$0,1,41,https://www.district.in/movies/jolly-llb-2-2017-movie-tickets-MV139630
3326,warehouse cafe,22200,15,333,$0,3,25,https://www.district.in/dining/ncr/warehouse-cafe-connaught-place-new-delhi
3327,war 2 bookmyshow,1300,9,333,$0.06,1,23,https://www.district.in/movies/war-2-movie-tickets-in-gurgaon-MV161358
3328,veeram film,27100,30,46,$0,1,41,https://www.district.in/movies/veeram-2014-movie-tickets-MV196562
3329,upcoming tamil film,22200,4,1462,$0.01,1,42,https://www.district.in/movies/upcoming-tamil-movies
3330,things to do in india mumbai,22200,45,46,$0.21,74,30,https://www.district.in/activities/mumbai-activity-tickets/
3331,tea villa cafe,22200,11,568,$0,8,22,https://www.district.in/dining/chennai/tea-villa-cafe-anna-nagar-east
3332,taste of kerala,22200,22,124,$0.33,2,20,https://www.district.in/dining/ncr/taste-of-kerala-sector-81-faridabad
3333,starbucks indiranagar,40500,8,1041,$0.05,1,19,https://www.district.in/dining/bangalore/starbucks-coffee-indiranagar-bangalore
3334,salim & sulaiman,22200,19,166,$0,1,52,https://www.district.in/events/salimsulaiman/artist
3335,restaurants in vadodara,18100,42,46,$0.14,5,20,https://www.district.in/
3336,yaakay bar and canteen,22200,17,202,$0.13,4,21,https://www.district.in/dining/bangalore/yaakay-bar-and-canteen-sahakara-nagar-bangalore
3337,maa inti bangaram release date,8100,8,1462,$0,1,24,https://www.district.in/movies/maa-inti-bangaaram-movie-tickets-MV213146
3338,kulcha kulture lajpat nagar,9900,10,750,$0.10,4,21,https://www.district.in/dining/ncr/kulcha-kulture-lajpat-nagar-2-new-delhi
3339,kollywood download,22200,41,46,$0.08,1,13,https://www.district.in/movies/ulundurpet-movie-tickets
3340,india vs england tickets,33100,33,46,$0.32,1,14,https://www.district.in/events/sports-in-gurgaon-book-tickets
3341,pvr mumbai lower parel,22200,3,3596,$0.07,7,19,https://www.district.in/movies/pvr-icon-phoenix-palladium-lower-parel-mumbai-in-mumbai-CD1022255
3342,pollachi thangam theatre,18100,3,2160,$0.01,1,20,https://www.district.in/movies/thangam-cinemas-a-c-4k-3d-dolby-atmos-pollachi-in-pollachi-CD1037509
3343,new movies theatre,22200,4,3596,$0.02,1,54,https://www.district.in/movies/ahmedabad-movie-tickets
3344,new films in theater,22200,9,750,$0.04,1,62,https://www.district.in/movies/cinema-near-me
3345,movies jalsa,22200,11,333,$0,1,46,https://www.district.in/movies/jalsa-2008-movie-tickets-MV193093
3346,mirai film,9900,15,333,$0,1,30,https://www.district.in/movies/mirai-movie-tickets-MV172573
3347,delhi capitals vs rajasthan royals match,480,3,3596,$0,1,22,https://www.district.in/events/tata-ipl-2026-match-43-rajasthan-royals-vs-delhi-capitals-may1-2026-buy-tickets
3348,chin lung brewery marathalli bellandur,22200,21,59,$0.20,5,19,https://www.district.in/dining/bangalore/chin-lung-brewery-kadubeesanahalli-bangalore
3349,cafe co2 goa,9900,7,1462,$0.09,4,28,https://www.district.in/dining/goa/cafe-co2-vagator
3350,biswa kalyan rath,22200,14,568,$0.54,1,19,https://www.district.in/events/biswa-kalyan-rath/artist
3351,big cinemas,14800,28,46,$0.01,1,37,https://www.district.in/movies/cinemas-in-greater-noida
3352,asian ganga,22200,1,6748,$0.08,3,17,https://www.district.in/movies/shiva-ganga-theatres-4k-gaddiannaram-formerly-asian-shiva-ganga-hyderabad-in-hyderabad-CD1102147
3353,arrs cinemas salem,22200,24,48,$0.19,2,21,https://www.district.in/movies/jana-nayagan-movie-tickets-MV188681
3354,application paytm,22200,27,46,$0.03,11,62,https://www.district.in/
3355,4 street,22200,5,2160,$0.14,4,26,https://www.district.in/dining/ncr/4th-street-cafe-preet-vihar-new-delhi
3356,hey balwanth,18100,10,568,$0.30,1,28,https://www.district.in/movies/hey-balwanth-movie-tickets-MV215215
3357,guru theatre madurai,22200,20,73,$0.02,5,21,https://www.district.in/movies/madurai-movie-tickets
3358,fun republic cinema,22200,5,1041,$0.03,1,24,https://www.district.in/movies/fun-cinemas-republic-mall-mdc-sector-5-chandigarh-in-mohali-CD136
3359,siliguri city center inox,22200,3,2160,$0.20,1,21,https://www.district.in/movies/inox-city-centre-matigara-siliguri-in-siliguri-CD1030074
3360,romantic movies tamil,22200,37,46,$0,1,29,https://www.district.in/movies/lik-love-insurance-kompany-movie-tickets-MV177390
3361,rcb versus,22200,32,46,$0,1,24,https://www.district.in/events/screening-of-rcb-vs-mi-tata-ipl-2026-may10-2026-buy-tickets
3362,ramkrishna restaurant,22200,13,437,$0.11,3,21,https://www.district.in/dining/pune/ram-krishna-camp-area
3363,rakshasa,12100,26,73,$0.10,1,30,https://www.district.in/movies/rakasa-movie-tickets-MV213886
3364,raghavendra theater,6600,3,3596,$0.11,4,21,https://www.district.in/movies/miraj-cinemas-raghavendra-malkajgiri-in-hyderabad-CD25026
3365,pvr kurla,18100,3,2160,$0.04,1,24,https://www.district.in/movies/pvr-market-city-kurla-w-mumbai-in-mumbai-CD1022270
3366,the old house,22200,37,46,$0.04,2,22,https://www.district.in/dining/mysore/the-old-house-chamrajpura
3367,tamil romantic movie,22200,18,124,$0,1,30,https://www.district.in/movies/29-movie-tickets-MV219989
3368,lower parel pvr,22200,2,3596,$0.07,7,20,https://www.district.in/movies/pvr-icon-phoenix-palladium-lower-parel-mumbai-in-mumbai-CD1022255
3369,lokah cast,1300,9,750,$0,1,26,https://www.district.in/movies/lokah-chapter-one-chandra-movie-tickets-in-kota-MV202649
3370,live music near me,22200,9,1462,$0.08,8,21,https://www.district.in/events/
3371,koramangala 6th block,22200,42,46,$0,12,23,https://www.district.in/events/arjun-rampal-live-sunburn-union-may16-2026-buy-tickets
3372,karting,22200,7,2160,$0.06,1,38,https://www.district.in/events/formula-karting-pune-2025-buy-tickets
3373,kaalidas 2,720,10,750,$0,1,24,https://www.district.in/movies/kaalidas-2-movie-tickets-MV203137
3374,new hindi movie 2026,18100,7,1462,$0.16,1,31,https://www.district.in/movies/upcoming-hindi-movies
3375,new films in theatres,22200,8,1041,$0.04,1,28,https://www.district.in/movies/hyderabad-movie-tickets
3376,my lord,18100,9,1462,$0,1,27,https://www.district.in/movies/my-lord-movie-tickets-MV188746
3377,minerva theatre,18100,2,3596,$0.20,1,24,https://www.district.in/movies/minerva-empire-cinemaz-chandamukku-kottarakara-in-kottarakara-CD3906
3378,project hail mary movie tickets,33100,4,2160,$0.03,1,20,https://www.district.in/movies/project-hail-mary-movie-tickets-in-chennai-MV200953
3379,pasta street,22200,17,166,$0.04,5,26,https://www.district.in/dining/bangalore/pasta-street-indiranagar
3380,farm regency gorai,18100,16,202,$0.09,14,23,https://www.district.in/dining/mumbai/farm-regency-resort-borivali-west
3381,events meaning hindi,22200,43,46,$0,1,18,https://www.district.in/movies/
3382,district movie tickets,9900,1,6748,$0.36,4,77,https://www.district.in/movies/
3383,dacoit release date,22200,28,46,$0,1,28,https://www.district.in/movies/dacoit-movie-tickets-MV169188
3384,cricket england vs india tickets,33100,65,43,$0.33,1,31,https://www.district.in/events/sports-in-gurgaon-book-tickets
3385,cinépolis royal meenakshi mall,22200,3,2160,$0.14,6,21,https://www.district.in/movies/cinepolis-royal-meenakshi-mall-bannerghatta-road-bengaluru-in-bengaluru-CD115
3386,cast of the kerala story,22200,7,1041,$0,1,43,https://www.district.in/movies/the-kerala-story-2023-movie-tickets-MV161987
3387,cast jolly llb 2,22200,6,1462,$0,1,35,https://www.district.in/movies/jolly-llb-2-2017-movie-tickets-MV139630
3388,inox quest mall kolkata,22200,3,2160,$0.04,2,21,https://www.district.in/movies/inox-quest-mall-ballygunge-kolkata-in-kolkata-CD1020727
3389,good fortune,6600,17,166,$0,1,45,https://www.district.in/movies/good-fortune-movie-tickets-MV199238
3390,go karting gurgaon,22200,6,3596,$0.04,14,24,https://www.district.in/events/f9-gokarting-sector-59-buy-tickets
3391,bayleaf cafe,22200,10,437,$0.01,5,26,https://www.district.in/dining/mumbai/bayleaf-cafe-juhu
3392,bar vs hyd,22200,15,124,$0,1,22,https://www.district.in/
3393,b w club delhi,22200,10,1041,$0.17,2,19,https://www.district.in/dining/ncr/club-bw-the-suryaa-new-delhi-new-friends-colony-new-delhi
3394,asian ganga theatre,27100,1,6748,$0.23,4,21,https://www.district.in/movies/shiva-ganga-theatres-4k-gaddiannaram-formerly-asian-shiva-ganga-hyderabad-in-hyderabad-CD1102147
3395,appetito,27100,11,568,$0.06,1,22,https://www.district.in/dining/ncr/appetito-knowledge-park-greater-noida
3396,ampa skywalk pvr,12100,3,2160,$0.08,8,19,https://www.district.in/movies/pvr-ampa-skywalk-mall-aminjikarai-chennai-in-chennai-CD1022258
3397,vissannapeta,9900,7,1462,$0.03,1,19,https://www.district.in/movies/telugu-movies-tickets-in-vissannapeta
3398,yuki,14800,13,333,$0,1,35,https://www.district.in/dining/bangalore/yuki-whitefield-bangalore
3399,villupuram kalyan theatre,18100,3,2160,$0.07,1,20,https://www.district.in/movies/kalyan-cinemas-a-c-dts-kk-nagar-villupuram-in-puducherry-CD1032901
3400,vgp theme park in chennai,22200,7,1041,$0.11,15,31,https://www.district.in/events/vgp-universal-kingdom-jan1-1970-buy-tickets
3401,upcoming movies in tamil,22200,5,1462,$0.03,1,11,https://www.district.in/movies/upcoming-tamil-movies
3402,upcoming movie in tamil,22200,5,1462,$0.01,1,36,https://www.district.in/movies/upcoming-tamil-movies
3403,umrao mall,18100,3,2160,$0.22,7,20,https://www.district.in/movies/inox-umrao-mall-mahanagar-lucknow-in-lucknow-CD1023480
3404,persian darbar pune,22200,10,750,$0,2,20,https://www.district.in/dining/pune/persian-darbar-camp-area
3405,pbks match,9900,8,750,$0.03,1,55,https://www.district.in/events/punjab-kings-team
3406,orange movie,27100,19,130,$0,1,26,https://www.district.in/movies/orange-2010-movie-tickets-in-wyra-MV160920
3407,odisha hotel,22200,34,46,$0.15,6,26,https://www.district.in/dining/bhubaneswar/odisha-hotel-bjb-nagar-bhubaneshwar
3408,new release movies this week,22200,3,3596,$0.05,1,59,https://www.district.in/movies/upcoming-movies
3409,new movie releases this weekend,22200,6,1462,$0.15,1,88,https://www.district.in/movies/upcoming-movies
3410,new english movies,22200,6,1462,$0.12,1,39,https://www.district.in/movies/upcoming-english-movies
3411,near tourist places near me,22200,107,46,$0.40,3,12,https://www.district.in/activities/
3412,mumbai versus punjab,8100,50,46,$0,1,39,https://www.district.in/events/screening-of-mi-vs-pbks-mumbai-indians-vs-punjab-kings-apr16-2026-buy-tickets
3413,movies of krishna,22200,26,73,$0,1,39,https://www.district.in/movies/krishnavataram-part-1-the-heart-hridayam-movie-tickets-MV219513
3414,movie movie,27100,40,46,$0.68,1,67,https://www.district.in/movies/krishnavataram-part-1-the-heart-hridayam-movie-tickets-MV219513
3415,miraj city pulse cinema,22200,5,1462,$0.18,1,20,https://www.district.in/movies/miraj-cinemas-city-pulse-ahmedabad-in-ahmedabad-CD171
3416,marco 2024,33100,11,568,$0,1,27,https://www.district.in/movies/marco-movie-tickets-in-pen-MV167247
3417,malayalam movies 2026,33100,5,1462,$0,1,29,https://www.district.in/movies/upcoming-malayalam-movies
3418,m2k pitampura rani bagh,22200,3,2160,$0.06,1,20,https://www.district.in/movies/m2k-pitampura-new-delhi-in-new-delhi-CD1038832
3419,sainath hotel,22200,8,1041,$0.21,2,20,https://www.district.in/dining/hyderabad/sri-sainath-hotel-boduppal
3420,romantic tamil movies,22200,30,46,$0.34,1,30,https://www.district.in/movies/chennai-movie-tickets
3421,pvr inox vegas mall,8100,3,2160,$0.20,6,19,https://www.district.in/movies/pvr-vegas-dwarka-new-delhi-in-gurgaon-CD1022286
3422,the black pearl,22200,20,113,$0.11,15,84,https://www.district.in/dining/chennai/the-black-pearl-1-sholinganallur
3423,telugu movie orange,22200,67,46,$0,1,34,https://www.district.in/movies/guntur-movie-tickets
3424,sunidhi chauhan concert,6600,2,6748,$0.65,3,23,https://www.district.in/events/sunidhi-chauhan-india-2025-tour-ticket-booking
3425,sirsa ohm,22200,1,6748,$0.01,1,20,https://www.district.in/movies/ohm-cine-garden-hissar-road-sirsa-in-sirsa-CD6079
3426,si nonna's,12100,18,130,$0.05,1,20,https://www.district.in/dining/bangalore/si-nonnas-the-original-sourdough-pizza-indiranagar-bangalore
3427,shiva ganga theatre hyderabad,27100,1,6748,$0.13,7,20,https://www.district.in/movies/shiva-ganga-theatres-4k-gaddiannaram-formerly-asian-shiva-ganga-hyderabad-in-hyderabad-CD1102147
3428,shiva ganga theater dilsukhnagar,22200,2,6748,$0.07,3,17,https://www.district.in/movies/shiva-ganga-theatres-4k-gaddiannaram-formerly-asian-shiva-ganga-hyderabad-in-hyderabad-CD1102147
3429,games and arcade,22200,11,568,$0.24,3,12,https://www.district.in/activities/game-zones-in-delhi-ncr/
3430,fan film hindi,22200,16,202,$0.08,1,46,https://www.district.in/movies/fan-2016-movie-tickets-MV140055
3431,hindustan park,22200,44,46,$0.12,4,19,https://www.district.in/dining/kolkata/indthalia-hindustan-park
3432,guru cinema hall,22200,16,124,$0.13,2,23,https://www.district.in/movies/
3433,gurgaon go karting,22200,6,3596,$0.06,16,24,https://www.district.in/events/f9-gokarting-sector-59-buy-tickets
3434,gupta brothers,22200,18,124,$0.04,3,25,https://www.district.in/dining/kolkata/gupta-brothers-santoshpur
3435,ginny weds sunny 2,1600,11,568,$0,1,28,https://www.district.in/movies/ginny-wedss-sunny-2-movie-tickets-MV215284
3436,ghatak 1996 movie,22200,8,1462,$0.05,1,34,https://www.district.in/movies/ghatak-1996-movie-tickets-MV192991
3437,ganga theatre hyderabad,22200,2,6748,$0.08,2,17,https://www.district.in/movies/shiva-ganga-theatres-4k-gaddiannaram-formerly-asian-shiva-ganga-hyderabad-in-hyderabad-CD1102147
3438,fun cinema movies,22200,3,3596,$0.03,1,38,https://www.district.in/movies/fun-cinema-dd-city-mall-maharani-laxmibai-road-gwalior-in-gwalior-CD141
3439,biswa comedian,18100,14,568,$0,1,23,https://www.district.in/events/biswa-kalyan-rath/artist
3440,baahubali release date,14800,33,46,$0.18,1,27,https://www.district.in/movies/baahubali-the-epic-movie-tickets-MV201775
3441,antera kitchen and bar nagole,9900,8,1041,$0.19,10,22,https://www.district.in/dining/hyderabad/antera-kitchen-and-bar-1-nagole
3442,albert theatre,22200,5,3596,$0,2,25,https://www.district.in/movies/albert-theatre-egmore-chennai-in-chennai-CD1007054
3443,cricket match tickets booking,14800,4,1462,$0.03,9,12,https://www.district.in/
3444,corner house whitefield,12100,8,1041,$0.15,11,19,https://www.district.in/dining/bangalore/corner-house-ice-creams-1-whitefield-bangalore
3445,conjuring the last rites,22200,10,750,$0,1,45,https://www.district.in/movies/the-conjuring-last-rites-movie-tickets-MV175734
3446,cinepolis tnr north city,22200,2,3596,$0.05,7,20,https://www.district.in/movies/cinepolis-tnr-north-city-suchitra-hyderabad-in-hyderabad-CD1039952
3447,cinema ticket booking,22200,3,3596,$0.04,5,21,https://www.district.in/movies/
3448,chutney maami,18100,11,750,$0.91,1,27,https://www.district.in/dining/trivandrum/chutney-maami-venjaramoodu
3449,chennai express actors,22200,8,1462,$0,1,34,https://www.district.in/movies/chennai-express-movie-tickets-MV138357
3450,chaitanya food court hyderabad,12100,14,568,$0.11,2,19,https://www.district.in/dining/hyderabad/chaitanya-food-court-kukatpally
3451,cast of chennai express,18100,9,1041,$0,1,29,https://www.district.in/movies/chennai-express-2013-movie-tickets-in-jatni-MV138357
3452,cast of andhra king taluka,22200,10,437,$0,1,31,https://www.district.in/movies/andhra-king-taluka-movie-tickets-MV204572
3453,cafe manana,12100,13,437,$0.16,8,43,https://www.district.in/dining/chennai/cafe-manana-1-anna-nagar-east
3454,bun butter jam movie,4400,12,568,$0.07,1,28,https://www.district.in/movies/bun-butter-jam-movie-tickets-in-ron-MV179440
3455,jolly llb cast,22200,10,437,$0,1,37,https://www.district.in/movies/jolly-llb-3-movie-tickets-MV172789
3456,janta sweet home,22200,22,124,$0.06,3,19,https://www.district.in/dining/jodhpur/janta-sweet-home-food-court-station-road
3457,hotel ella gachibowli,22200,56,46,$0.44,34,22,https://www.district.in/dining/hyderabad/ellaa-hotel-gachibowli
3458,tamil movie upcoming,22200,3,3596,$0.01,1,40,https://www.district.in/movies/upcoming-tamil-movies
3459,spa malayalam movie,5400,11,750,$0,1,22,https://www.district.in/movies/spa-movie-tickets-MV215062
3460,rolling loud,18100,8,1041,$0.06,9,67,https://www.district.in/events/rolling-loud-india-2026-buy-tickets
3461,ribbons and balloons the cake shop,22200,15,250,$0.11,2,20,https://www.district.in/dining/mumbai/ribbons-and-balloons-the-cake-shop-bhayandar
3462,udupi 2 mumbai,18100,16,333,$0.05,2,19,https://www.district.in/dining/mumbai/udupi-2-mumbai-bandra-kurla-complex
3463,things to do at mumbai,27100,11,437,$0.27,40,46,https://www.district.in/activities/mumbai-activity-tickets/
3464,the great pre wedding show,22200,12,568,$0.21,2,30,https://www.district.in/movies/the-great-pre-wedding-show-movie-tickets-MV208867
3465,pvr khanna,22200,3,2160,$0.01,2,25,https://www.district.in/movies/pvr-the-celebration-mall-dlf-phase-5-khanna-in-khanna-CD1023579
3466,pvr in lower parel,22200,2,3596,$0.07,7,21,https://www.district.in/movies/pvr-icon-phoenix-palladium-lower-parel-mumbai-in-mumbai-CD1022255
3467,pvr cinemas khanna,22200,2,3596,$0.02,1,21,https://www.district.in/movies/pvr-the-celebration-mall-dlf-phase-5-khanna-in-khanna-CD1023579
3468,places to visit near me near me,22200,9,750,$0.04,7,25,https://www.district.in/activities/
3469,on the rocks,18100,10,437,$1.55,5,20,https://www.district.in/dining/karimnagar/on-the-rocks-karimnagar-locality-karimnagar-city
3470,odeon mall,5400,5,3596,$0.02,3,20,https://www.district.in/movies/inox-odeon-4k-laser-dolby-atmos-dts-x-rtc-x-roads-in-hyderabad-CD1022247
3471,museum of goa mog,22200,14,568,$0.09,6,20,https://www.district.in/events/mog-museum-of-goa-buy-tickets
3472,mr mrs,22200,55,46,$0,1,29,https://www.district.in/movies/mr-mrs-bachelor-movie-tickets-MV177121
3473,mighty raju,22200,46,46,$0,1,24,https://www.district.in/movies/mythri-theatres-jagadamba-theatre-dolby-atmos-2k-ghatkesar-hyderabad-in-hyderabad-CD1039849
3474,maharashtra map with districts,27100,63,46,$0,4,15,https://www.district.in/
3475,logix mall noida city centre,22200,16,202,$0.12,5,22,https://www.district.in/movies/pvr-superplex-logix-sector-32-noida-in-new-delhi-CD1024414
3476,krishna restaurant,18100,30,46,$0.04,3,24,https://www.district.in/
3477,kkr vs mi 2026,22200,7,1041,$0,1,20,https://www.district.in/events/screening-of-kkr-vs-mi-tata-ipl-2026-may20-2026-buy-tickets
3478,jolly llb movie cast,22200,12,333,$0,1,45,https://www.district.in/movies/jolly-llb-3-movie-tickets-MV172789
3479,fan movie hindi,22200,16,202,$0.08,1,37,https://www.district.in/movies/fan-2016-movie-tickets-MV140055
3480,dhurandhar 2 advance booking,10,5,2160,$0,4,7,https://www.district.in/movies/dhurandhar-the-revenge-movie-tickets-MV211577
3481,desi lane topsia,22200,9,1462,$0,1,19,https://www.district.in/dining/kolkata/desi-lane-topsia
3482,club bw delhi,22200,8,1462,$0,3,20,https://www.district.in/dining/ncr/club-bw-the-suryaa-new-delhi-new-friends-colony-new-delhi
3483,jtm mall,22200,2,3596,$0.05,5,18,https://www.district.in/movies/inox-jtm-mall-malviya-nagar-jaipur-in-jaipur-CD1024433
3484,jasleen royal,22200,18,250,$0,1,24,https://www.district.in/events/jasleen-royal/artist
3485,jana nayagan new release date,0,5,3596,$0,1,4,https://www.district.in/movies/jana-nayagan-movie-tickets-MV188681
3486,hubli booking,18100,8,568,$0.38,1,23,https://www.district.in/movies/hubli-movie-tickets
3487,gulshan e iran restaurant mumbai,22200,9,750,$0.16,2,23,https://www.district.in/dining/mumbai/gulshan-e-iran-cst
3488,charlie the movie,22200,26,59,$0.06,1,42,https://www.district.in/movies/lucky-charlie-movie-tickets-in-bommidi-MV207462
3489,cafeteria and co,22200,13,333,$0,3,20,https://www.district.in/dining/ncr/cafeteria-co-vijay-nagar-new-delhi
3490,cafe irani chai mahim,22200,13,333,$0,2,12,https://www.district.in/dining/mumbai/cafe-irani-chaii-mahim
3491,bookmyshow kalyan,22200,24,48,$0.01,1,24,https://www.district.in/movies/kalyan-movie-tickets
3492,b w club,22200,9,1041,$0.15,1,21,https://www.district.in/dining/ncr/club-bw-the-suryaa-new-delhi-new-friends-colony-new-delhi
3493,b m cinemas,22200,3,2160,$0,1,23,https://www.district.in/movies/bm-cinemas-kakkattil-in-kakkattil-CD52682
3494,albert theatre egmore,22200,5,3596,$0.09,2,26,https://www.district.in/movies/albert-theatre-egmore-chennai-in-chennai-CD1007054
3495,145 bandra mumbai,18100,10,568,$0.18,3,21,https://www.district.in/dining/mumbai/145-bandra-pali-hill-bandra-west
3496,what movies are playing nearby,22200,5,2160,$0,1,46,https://www.district.in/movies/cinema-near-me
3497,upcoming movies tamil,22200,7,1041,$0,1,19,https://www.district.in/movies/upcoming-tamil-movies
3498,upcoming movie tamil,22200,5,1462,$0.01,1,32,https://www.district.in/movies/upcoming-tamil-movies
3499,england vs india cricket tickets,135000,40,46,$0.23,2,35,https://www.district.in/events/sports-in-gurgaon-book-tickets
3500,download latest movies in tamil,22200,43,46,$0,1,47,https://www.district.in/movies/chennai-movie-tickets
3501,csk team 2026 players list,22200,49,46,$0,1,25,https://www.district.in/events/chennai-super-kings-team
3502,cricket ticket booking,14800,2,3596,$0.03,9,20,https://www.district.in/events/ipl-ticket-booking
3503,conjuring english movie,12100,17,202,$0.14,1,80,https://www.district.in/movies/the-conjuring-last-rites-movie-tickets-MV175734
3504,coming up tamil movie,22200,7,750,$0.01,1,33,https://www.district.in/movies/upcoming-tamil-movies
3505,cold rock cafe,22200,9,1462,$0,4,21,https://www.district.in/dining/ncr/cold-rock-cafe-gaur-city-2-greater-noida
3506,club bw,22200,10,1041,$0,2,25,https://www.district.in/dining/ncr/club-bw-the-suryaa-new-delhi-new-friends-colony-new-delhi
3507,civil lines chole bhature,22200,18,202,$0.12,5,13,https://www.district.in/dining/ncr/civil-lines-bhature-chole-manesar-gurgaon
3508,cafe irani chai,18100,16,202,$0,3,19,https://www.district.in/dining/mumbai/cafe-irani-chaii-chembur
3509,new movies in theaters,22200,5,1462,$0.02,2,12,https://www.district.in/movies/hyderabad-movie-tickets
3510,new movie in theaters,22200,10,568,$0.02,1,12,https://www.district.in/movies/hyderabad-movie-tickets
3511,neptune magnet mall mumbai,22200,4,2160,$0.08,5,21,https://www.district.in/movies/cinepolis-magnet-mall-bhandup-w-mumbai-in-greater-mumbai-CD318
3512,mumbaikars,22200,28,59,$0,1,23,https://www.district.in/dining/mumbai/mumbaikars-khau-galli-malad-west
3513,maharaja restaurant,18100,16,166,$0.03,1,24,https://www.district.in/dining/pune/hotel-maharaja-pimpri
3514,m2k pitampura delhi,27100,3,2160,$0.03,1,20,https://www.district.in/movies/m2k-pitampura-new-delhi-in-new-delhi-CD1038832
3515,lulu mall kochi movies,22200,3,2160,$0.03,1,18,https://www.district.in/movies/pvr-lulu-lulu-international-shopping-mall-kochi-in-kochi-CD1022294
3516,love and war film,22200,7,2160,$0,1,26,https://www.district.in/movies/love-war-movie-tickets-MV169730
3517,lonavala della adventure park,22200,10,750,$0.23,37,40,https://www.district.in/events/della-adventure-park-jun-2025-buy-tickets
3518,tiffin center,22200,20,130,$0.06,1,25,https://www.district.in/dining/chennai/chennai-tiffin-center-anna-nagar-west
3519,sports near me,22200,4,6748,$0.07,7,32,https://www.district.in/play/
3520,restaurants in ecr road,22200,77,46,$0.04,9,20,https://www.district.in/events/vgp-wonder-world-chennai-may18-2025-buy-tickets
3521,happy raja movie,22200,10,1041,$0.05,1,23,https://www.district.in/movies/happy-raj-movie-tickets-MV212079
3522,hai jawani toh ishq hona hai,22200,7,2160,$0.06,1,27,https://www.district.in/movies/hai-jawani-toh-ishq-hona-hai-movie-tickets-MV203409
3523,flo church street,22200,13,437,$0,5,21,https://www.district.in/dining/bangalore/flo-church-street-bangalore
3524,krishna rapper,27100,14,333,$0,1,26,https://www.district.in/events/krsna/artist
3525,koi & co bar and kitchen,22200,8,1462,$0.07,4,22,https://www.district.in/dining/hyderabad/koi-co-bar-and-kitchen-sainikpuri-secunderabad
3526,kavitha theatre 4k 3d,12100,18,95,$0.28,5,21,https://www.district.in/movies/cinemas-in-surandai
3527,irani chai mahim,22200,13,333,$0.07,2,24,https://www.district.in/dining/mumbai/cafe-irani-chaii-mahim
3528,i am god movie,22200,20,124,$0.13,1,22,https://www.district.in/movies/i-am-god-movie-tickets-MV208446
3529,hyd cafe,22200,38,46,$0.04,6,31,https://www.district.in/
3530,hubli cinepolis,22200,2,3596,$0.04,1,29,https://www.district.in/movies/cinepolis-urban-oasis-mall-rajendra-nagar-hubli-in-hubli-CD121
3531,high spirits cafe pune,22200,17,166,$0,2,12,https://www.district.in/dining/pune/high-spirits-mundhwa
3532,balaji cinemas,27100,1,6748,$0.22,2,27,https://www.district.in/movies/balaji-4k-atmos-3d-cinema-chikkalasandra-uttarahalli-main-road-bengaluru-in-bengaluru-CD9487
3533,baaghi 4 cast,22200,12,568,$0,1,32,https://www.district.in/movies/baaghi-4-movie-tickets-in-udgir-MV178565
3534,awara 1951,22200,11,750,$0,1,45,https://www.district.in/movies/awara-1951-movie-tickets-MV185263
3535,animal park release date,18100,40,46,$0,1,10,https://www.district.in/movies/animal-park-movie-tickets-MV189204
3536,al saj kitchen,22200,7,1041,$0,2,20,https://www.district.in/dining/kochi/al-saj-kitchen-aluva
3537,5 movies 2025,22200,11,437,$0,1,61,https://www.district.in/movies/upcoming-movies
3538,1980's a nostalgic restaurant kalpetta,18100,9,1041,$0.10,1,28,https://www.district.in/dining/kalpetta/1980s-nostalgic-restaurant-kalpetta-locality
3539,salem arrs cinemas,18100,24,48,$0.06,3,21,https://www.district.in/movies/inox-reliance-mall-five-roads-junction-salem-in-salem-CD1030078
3540,pvr saket,22200,8,1462,$0.03,5,26,https://www.district.in/movies/pvr-anupam-saket-new-delhi-in-gurgaon-CD1022245
3541,pvr in saket,22200,7,2160,$0.04,4,23,https://www.district.in/movies/pvr-select-city-walk-saket-new-delhi-in-gurgaon-CD1022254
3542,pristine mall,22200,3,2160,$0.07,3,19,https://www.district.in/movies/pristine-mall-sec-31-faridabad-in-gurgaon-CD24792
3543,osaka granite city,18100,35,46,$0,1,28,https://www.district.in/dining/hyderabad/osaka-jubilee-hills
3544,war 2 rated,22200,11,437,$0,1,48,https://www.district.in/movies/war-2-movie-tickets-MV161358
3545,upcoming movies of tamil,22200,6,1041,$0.01,1,35,https://www.district.in/movies/upcoming-tamil-movies
3546,tea halt,22200,7,1041,$0.29,1,22,https://www.district.in/dining/ncr/tea-halt-sector-31
3547,smash guys,12100,10,750,$0.77,1,39,https://www.district.in/dining/bangalore/smash-guys-burger-kitchen-sanjay-nagar-bangalore
3548,shiva ganga theater,22200,1,6748,$0.07,3,20,https://www.district.in/movies/shiva-ganga-theatres-4k-gaddiannaram-formerly-asian-shiva-ganga-hyderabad-in-hyderabad-CD1102147
3549,sharma sweets,18100,22,113,$0.01,1,21,https://www.district.in/dining/ludhiana/sharma-sweets-jawahar-nagar
3550,rippan swamy,22200,20,124,$0,1,26,https://www.district.in/movies/rippan-swaamy-movie-tickets-in-hisar-MV204402
3551,quotation gang,22200,8,1462,$0.62,1,24,https://www.district.in/movies/quotation-gang-part-1-2024-movie-tickets-MV153627
3552,pvr select city walk,22200,4,2160,$0.04,3,12,https://www.district.in/movies/pvr-select-city-walk-saket-new-delhi-in-gurgaon-CD1022254
3553,pvr cinema yamunanagar,9900,3,2160,$0.02,5,19,https://www.district.in/movies/pvr-city-mall-workshop-road-yamunanagar-in-yamunanagar-CD1020679
3554,this weekend new release movies,22200,5,2160,$0.15,1,87,https://www.district.in/movies/upcoming-movies
3555,the taj story movie,18100,14,333,$0.08,1,32,https://www.district.in/movies/the-taj-story-movie-tickets-MV207272
3556,lulu mall film,22200,4,2160,$0.03,1,20,https://www.district.in/movies/pvr-superplex-lulu-lulu-mall-lucknow-in-lucknow-CD1024415
3557,lick lavonne ice cream kitchen,22200,14,250,$0.27,10,24,https://www.district.in/dining/bangalore/lick-lavonne-ice-cream-kitchen-indiranagar-bangalore
3558,kalyan rath,22200,12,568,$0,1,44,https://www.district.in/events/biswa-kalyan-rath/artist
3559,kadi city,22200,7,2160,$0,2,25,https://www.district.in/movies/city-gold-kadi-in-kadi-CD1102114
3560,inox janak place west mall,22200,3,2160,$0.08,5,20,https://www.district.in/movies/inox-janak-place-district-centre-new-delhi-in-gurgaon-CD1018956
3561,night clubs in delhi,27100,48,46,$0.27,2,14,https://www.district.in/events/
3562,new release film today,18100,6,1462,$0.02,1,77,https://www.district.in/movies/upcoming-movies
3563,new movie releases by week,22200,4,1462,$0.01,1,67,https://www.district.in/movies/upcoming-movies
3564,new film releases today,18100,5,2160,$0.03,1,84,https://www.district.in/movies/upcoming-movies
3565,new film in theatre,22200,5,3596,$0.05,1,50,https://www.district.in/movies/new-delhi-movie-tickets
3566,museum of illusions new delhi,22200,8,2160,$0.10,11,15,https://www.district.in/events/museum-of-illusions-new-delhi-2026-buy-tickets
3567,mr zoo keeper,4400,11,568,$0,1,28,https://www.district.in/movies/mr-zoo-keeper-movie-tickets-in-koothattukulam-MV203179
3568,movie at nandan,22200,11,250,$0.15,1,22,https://www.district.in/movies/kolkata-movie-tickets
3569,mixed board,22200,67,46,$0.18,4,33,https://www.district.in/events/board-games-meetup-bangalore-apr25-2026-buy-tickets
3570,club b w,22200,9,1462,$0.17,2,19,https://www.district.in/dining/ncr/club-bw-the-suryaa-new-delhi-new-friends-colony-new-delhi
3571,city center siliguri inox,22200,2,3596,$0.09,1,23,https://www.district.in/movies/inox-city-centre-matigara-siliguri-in-siliguri-CD1030074
3572,hotel manorama vijayawada,22200,17,113,$0.17,24,27,https://www.district.in/dining/vijayawada/hotel-manorama-1-governorpet
3573,horseback riding,22200,21,113,$0.62,1,25,https://www.district.in/events/horse-riding-with-zippy-oct-2025-buy-tickets
3574,hashtag kolkata,27100,10,568,$0,3,27,https://www.district.in/dining/kolkata/hashtag-chowringhee
3575,food mall,27100,13,568,$0,1,27,https://www.district.in/dining/patna/the-food-mall-1-khajpura
3576,best romance hindi movies,22200,45,46,$0.04,1,31,https://www.district.in/movies/
3577,apple multiplex,18100,4,3596,$0,6,25,https://www.district.in/movies/apple-multiplex-gota-ahmedabad-in-ahmedabad-CD1058869
3578,akhanda 2 thaandavam,22200,18,130,$0.02,1,42,https://www.district.in/movies/akhanda-2-thaandavam-movie-tickets-MV179673
3579,8th day cafe & bakery,22200,18,130,$0.10,4,23,https://www.district.in/dining/kolkata/8th-day-cafe-bakery-southern-avenue
3580,cinema box office,12100,55,46,$0.01,1,91,https://www.district.in/movies/hyderabad-movie-tickets
3581,cast of jolly llb 2,22200,9,750,$0,1,24,https://www.district.in/movies/jolly-llb-2-2017-movie-tickets-MV139630
3582,café 27,22200,12,750,$0.22,3,21,https://www.district.in/dining/ncr/cafe-27-kailash-colony-new-delhi
3583,bora bora juhu mumbai,22200,10,568,$0.17,3,19,https://www.district.in/dining/mumbai/bora-bora-1-juhu
3584,bookmyshow in navi mumbai,22200,26,46,$0.06,1,21,https://www.district.in/movies/navi-mumbai-movie-tickets
3585,bombay restaurant,18100,30,48,$0,5,25,https://www.district.in/dining/mumbai/bombay-restaurant-wadala
3586,top movies south,22200,45,46,$0,1,45,https://www.district.in/
3587,market in margao,22200,86,46,$0,1,19,https://www.district.in/movies/inox-osia-a-wing-margao-goa-in-goa-CD1029279
3588,love and war movie,22200,7,2160,$0,1,42,https://www.district.in/movies/love-war-movie-tickets-MV169730
3589,logo of ganesh,22200,102,46,$0.01,1,39,https://www.district.in/events/dj-ganesh-at-empire-apr24-2026-buy-tickets
3590,veer cinemas,18100,2,3596,$0,1,20,https://www.district.in/movies/veer-cinemas-virat-nagar-satna-in-satna-CD1023136
3591,upcoming tamil movie,22200,2,3596,$0.01,1,40,https://www.district.in/movies/upcoming-tamil-movies
3592,romantic movie tamil,22200,22,95,$0.34,1,29,https://www.district.in/movies/29-movie-tickets-MV219989
3593,restaurants coimbatore,22200,22,95,$0.26,6,26,https://www.district.in/
3594,restaurant pune,22200,38,46,$0.06,8,26,https://www.district.in/
3595,pvr show time,22200,4,1462,$0.03,1,20,https://www.district.in/movies/pvr-parshvanath-mall-kanth-road-moradabad-in-moradabad-CD1023578
3596,p v r cinema show time,22200,9,333,$0.03,1,33,https://www.district.in/movies/pvr-parshvanath-mall-kanth-road-moradabad-in-moradabad-CD1023578
3597,kkr gt,22200,9,750,$0,1,21,https://www.district.in/events/screening-of-kkr-vs-gt-tata-ipl-2026-may16-2026-buy-tickets
3598,kick 2 film,27100,9,750,$0,1,21,https://www.district.in/movies/kick-2-movie-tickets-MV161030
3599,chutney chang,22200,16,250,$0.22,8,27,https://www.district.in/dining/bangalore/chutney-chang-church-street
3600,cafe amudham,22200,21,95,$0,4,26,https://www.district.in/dining/bangalore/cafe-amudham-brookefield-bangalore
3601,haldiram lajpat nagar,18100,10,750,$0.07,4,20,https://www.district.in/dining/ncr/haldirams-lajpat-nagar-2-defence-colony-new-delhi
3602,go karting in gurgaon,18100,6,3596,$0.10,11,14,https://www.district.in/events/f9-gokarting-sector-59-buy-tickets
3603,gatha vaibhava,18100,9,1041,$0,1,37,https://www.district.in/movies/gatha-vaibhava-movie-tickets-MV209180
3604,ganga shiva theatre hyderabad,22200,2,6748,$0.08,2,20,https://www.district.in/movies/shiva-ganga-theatres-4k-gaddiannaram-formerly-asian-shiva-ganga-hyderabad-in-hyderabad-CD1102147
3605,galaxy mall,22200,5,3596,$0,3,25,https://www.district.in/movies/fun-cinema-galaxy-mall-sector-7-ambala-in-ambala-CD131
3606,ccl 2026,390,88,46,$0,1,24,https://www.district.in/
3607,cast of tehran 2025,14800,15,202,$0,1,26,https://www.district.in/movies/tehran-movie-tickets-MV152788
3608,candies mumbai bandra,22200,6,2160,$0.06,3,26,https://www.district.in/dining/mumbai/candies-1-pali-hill-bandra-west
3609,bombay to barcelona library cafe,12100,18,130,$0.15,9,26,https://www.district.in/dining/mumbai/bombay-to-barcelona-library-caf%C3%A9-marol
3610,bharat mandapam gate no 4,8100,50,46,$0.09,4,22,https://www.district.in/events/music-in-gurgaon-book-tickets
3611,bangalore canteen karve nagar,9900,10,1041,$0.24,8,31,https://www.district.in/dining/pune/bangalore-canteen-1-karve-nagar
3612,baahubali movie cast,22200,12,437,$0,1,42,https://www.district.in/movies/baahubali-the-beginning-movie-tickets-MV208773
3613,2026 tamil movies,27100,8,750,$0,1,32,https://www.district.in/movies/upcoming-tamil-movies
3614,things to do in mumbai india,27100,41,46,$0.27,40,50,https://www.district.in/activities/things-to-do-in-mumbai
3615,sir madam movie,18100,10,568,$0,1,30,https://www.district.in/movies/sir-madam-movie-tickets-MV201756
3616,siliguri inox city centre,22200,2,3596,$0.20,1,21,https://www.district.in/movies/inox-city-centre-matigara-siliguri-in-siliguri-CD1030074
3617,royal dhaba,12100,10,1041,$0.10,2,21,https://www.district.in/dining/mumbai/royal-dhaba-1-badlapur-thane
3618,qutub minar ticket,27100,1,6748,$0.24,8,24,https://www.district.in/events/qutub-minar-jan1-1970-buy-tickets
3619,pvr lower parel,22200,2,3596,$0.05,5,21,https://www.district.in/movies/pvr-icon-phoenix-palladium-lower-parel-mumbai-in-mumbai-CD1022255
3620,yogi adityanath movie,18100,8,1462,$0.35,1,28,https://www.district.in/movies/ajey-the-untold-story-of-a-yogi-movie-tickets-MV194426
3621,samay,22200,11,750,$0,1,37,https://www.district.in/events/samay-raina/artist
3622,wild bean cafe,9900,27,53,$0.09,2,21,https://www.district.in/dining/ncr/wild-bean-cafe-vikaspuri-new-delhi
3623,vijay hazare trophy delhi,18100,36,46,$0,1,26,https://www.district.in/
3624,things to see mumbai,22200,39,46,$0.21,74,33,https://www.district.in/activities/mumbai-activity-tickets/
3625,malayalam movie 2026,2900,12,250,$0,1,29,https://www.district.in/movies/upcoming-malayalam-movies
3626,main tera hero actors,22200,9,750,$0,1,35,https://www.district.in/movies/main-tera-hero-2014-movie-tickets-MV138913
3627,logix city centre mall noida,260,14,202,$0,1,20,https://www.district.in/movies/pvr-superplex-logix-sector-32-noida-in-new-delhi-CD1024414
3628,licence movie masoom sharma,390,4,2160,$0,1,30,https://www.district.in/movies/licence-movie-tickets-MV218470
3629,lakshmi theatre arcot,22200,2,3596,$0,1,19,https://www.district.in/movies/lakshmi-theatre-4k-a-c-arani-road-arcot-in-arcot-CD1037518
3630,kundli tdi mall,22200,3,2160,$0.26,1,20,https://www.district.in/movies/akr-cinemas-tdi-mall-kundli-district-sonipat-in-kundli-CD1018615
3631,karama restaurant,22200,8,750,$0.10,2,23,https://www.district.in/dining/bangalore/karama-restaurant-frazer-town
3632,honey film,22200,13,333,$0,1,30,https://www.district.in/movies/honey-movie-tickets-MV212926
3633,haunted 3d release date,22200,7,2160,$0,1,30,https://www.district.in/movies/haunted-3d-echoes-of-the-past-movie-tickets-MV196086
3634,gold cinema,22200,8,1041,$0.02,1,19,https://www.district.in/movies/gold-cinemas-in-jaipur
3635,gab bar,22200,11,437,$0,1,22,https://www.district.in/dining/nellore/gabbar-nellore-locality
3636,farm with animals,22200,21,95,$0.01,30,22,https://www.district.in/events/barnyard-animal-petting-farm-2025-buy-tickets
3637,farm regency resort gorai,18100,15,202,$0.08,26,18,https://www.district.in/dining/mumbai/farm-regency-resort-borivali-west
3638,new to theaters,22200,8,568,$0.05,1,62,https://www.district.in/movies/new-delhi-movie-tickets
3639,new movies english,22200,6,1462,$0.12,1,62,https://www.district.in/movies/upcoming-english-movies
3640,new hindi movies 2026,27100,8,1041,$0.07,1,30,https://www.district.in/movies/upcoming-hindi-movies
3641,n y cinemas,22200,6,2160,$0.04,1,20,https://www.district.in/movies/devgn-cinex-formerly-ny-chandkheda-ahmedabad-in-ahmedabad-CD61478
3642,mrityunjay movie,27100,9,1041,$0,1,25,https://www.district.in/movies/mrithyunjay-movie-tickets-in-hyderabad-MV191671
3643,mis teacher,18100,12,437,$0,1,34,https://www.district.in/movies/miss-teacher-2016-movie-tickets-MV146019
3644,miraj subhash nagar,18100,3,2160,$0.30,2,21,https://www.district.in/movies/miraj-cinemas-ivory-tower-subhash-nagar-in-gurgaon-CD1338
3645,milan juice center,12100,21,113,$0.18,5,20,https://www.district.in/dining/hyderabad/milan-juice-center-mehdipatnam
3646,biswa kalyan,22200,14,568,$0,1,36,https://www.district.in/events/biswa-kalyan-rath/artist
3647,bhandup magnet mall,22200,5,1462,$0.08,4,21,https://www.district.in/movies/cinepolis-magnet-mall-bhandup-w-mumbai-in-greater-mumbai-CD318
3648,discount coupon bookmyshow,27100,85,46,$0.27,4,34,https://www.district.in/
3649,cinema bmx,14800,19,95,$0.14,7,23,https://www.district.in/movies/ambernath-movie-tickets
3650,cast of tehran 2025,14800,15,202,$0,1,26,https://www.district.in/movies/tehran-movie-tickets-MV152788
3651,candies mumbai bandra,22200,6,2160,$0.06,3,26,https://www.district.in/dining/mumbai/candies-1-pali-hill-bandra-west
3652,bombay to barcelona library cafe,12100,18,130,$0.15,9,26,https://www.district.in/dining/mumbai/bombay-to-barcelona-library-caf%C3%A9-marol
3653,bharat mandapam gate no 4,8100,50,46,$0.09,4,22,https://www.district.in/events/music-in-gurgaon-book-tickets
3654,bangalore canteen karve nagar,9900,10,1041,$0.24,8,31,https://www.district.in/dining/pune/bangalore-canteen-1-karve-nagar
3655,baahubali movie cast,22200,12,437,$0,1,42,https://www.district.in/movies/baahubali-the-beginning-movie-tickets-MV208773
3656,2026 tamil movies,27100,8,750,$0,1,32,https://www.district.in/movies/upcoming-tamil-movies
3657,things to do in mumbai india,27100,41,46,$0.27,40,50,https://www.district.in/activities/things-to-do-in-mumbai
3658,sir madam movie,18100,10,568,$0,1,30,https://www.district.in/movies/sir-madam-movie-tickets-MV201756
3659,siliguri inox city centre,22200,2,3596,$0.20,1,21,https://www.district.in/movies/inox-city-centre-matigara-siliguri-in-siliguri-CD1030074
3660,royal dhaba,12100,10,1041,$0.10,2,21,https://www.district.in/dining/mumbai/royal-dhaba-1-badlapur-thane
3661,qutub minar ticket,27100,1,6748,$0.24,8,24,https://www.district.in/events/qutub-minar-jan1-1970-buy-tickets
3662,pvr lower parel,22200,2,3596,$0.05,5,21,https://www.district.in/movies/pvr-icon-phoenix-palladium-lower-parel-mumbai-in-mumbai-CD1022255
3663,yogi adityanath movie,18100,8,1462,$0.35,1,28,https://www.district.in/movies/ajey-the-untold-story-of-a-yogi-movie-tickets-MV194426
3664,samay,22200,11,750,$0,1,37,https://www.district.in/events/samay-raina/artist
3665,wild bean cafe,9900,27,53,$0.09,2,21,https://www.district.in/dining/ncr/wild-bean-cafe-vikaspuri-new-delhi
3666,vijay hazare trophy delhi,18100,36,46,$0,1,26,https://www.district.in/
3667,things to see mumbai,22200,39,46,$0.21,74,33,https://www.district.in/activities/mumbai-activity-tickets/
3668,malayalam movie 2026,2900,12,250,$0,1,29,https://www.district.in/movies/upcoming-malayalam-movies
3669,main tera hero actors,22200,9,750,$0,1,35,https://www.district.in/movies/main-tera-hero-2014-movie-tickets-MV138913
3670,logix city centre mall noida,260,14,202,$0,1,20,https://www.district.in/movies/pvr-superplex-logix-sector-32-noida-in-new-delhi-CD1024414
3671,licence movie masoom sharma,390,4,2160,$0,1,30,https://www.district.in/movies/licence-movie-tickets-MV218470
3672,lakshmi theatre arcot,22200,2,3596,$0,1,19,https://www.district.in/movies/lakshmi-theatre-4k-a-c-arani-road-arcot-in-arcot-CD1037518
3673,kundli tdi mall,22200,3,2160,$0.26,1,20,https://www.district.in/movies/akr-cinemas-tdi-mall-kundli-district-sonipat-in-kundli-CD1018615
3674,karama restaurant,22200,8,750,$0.10,2,23,https://www.district.in/dining/bangalore/karama-restaurant-frazer-town
3675,honey film,22200,13,333,$0,1,30,https://www.district.in/movies/honey-movie-tickets-MV212926
3676,haunted 3d release date,22200,7,2160,$0,1,30,https://www.district.in/movies/haunted-3d-echoes-of-the-past-movie-tickets-MV196086
3677,gold cinema,22200,8,1041,$0.02,1,19,https://www.district.in/movies/gold-cinemas-in-jaipur
3678,gab bar,22200,11,437,$0,1,22,https://www.district.in/dining/nellore/gabbar-nellore-locality
3679,farm with animals,22200,21,95,$0.01,30,22,https://www.district.in/events/barnyard-animal-petting-farm-2025-buy-tickets
3680,farm regency resort gorai,18100,15,202,$0.08,26,18,https://www.district.in/dining/mumbai/farm-regency-resort-borivali-west
3681,new to theaters,22200,8,568,$0.05,1,62,https://www.district.in/movies/new-delhi-movie-tickets
3682,new movies english,22200,6,1462,$0.12,1,62,https://www.district.in/movies/upcoming-english-movies
3683,new hindi movies 2026,27100,8,1041,$0.07,1,30,https://www.district.in/movies/upcoming-hindi-movies
3684,n y cinemas,22200,6,2160,$0.04,1,20,https://www.district.in/movies/devgn-cinex-formerly-ny-chandkheda-ahmedabad-in-ahmedabad-CD61478
3685,mrityunjay movie,27100,9,1041,$0,1,25,https://www.district.in/movies/mrithyunjay-movie-tickets-in-hyderabad-MV191671
3686,mis teacher,18100,12,437,$0,1,34,https://www.district.in/movies/miss-teacher-2016-movie-tickets-MV146019
3687,miraj subhash nagar,18100,3,2160,$0.30,2,21,https://www.district.in/movies/miraj-cinemas-ivory-tower-subhash-nagar-in-gurgaon-CD1338
3688,milan juice center,12100,21,113,$0.18,5,20,https://www.district.in/dining/hyderabad/milan-juice-center-mehdipatnam
3689,biswa kalyan,22200,14,568,$0,1,36,https://www.district.in/events/biswa-kalyan-rath/artist
3690,bhandup magnet mall,22200,5,1462,$0.08,4,21,https://www.district.in/movies/cinepolis-magnet-mall-bhandup-w-mumbai-in-greater-mumbai-CD318
3691,discount coupon bookmyshow,27100,85,46,$0.27,4,34,https://www.district.in/
3692,cinema bmx,14800,19,95,$0.14,7,23,https://www.district.in/movies/ambernath-movie-tickets
3693,cast of sirai,2900,11,568,$0,1,26,https://www.district.in/movies/sirai-movie-tickets-MV204053
3694,cast of main tera hero,22200,15,130,$0,1,24,https://www.district.in/movies/main-tera-hero-2014-movie-tickets-in-ghaziabad-MV138913
3695,emerald mithai shop,14800,15,333,$0.29,7,20,https://www.district.in/dining/hyderabad/emerald-mithai-shop-banjara-hills
3696,eden park,27100,31,46,$0.32,7,29,https://www.district.in/dining/bangalore/eden-park-cunningham-road
3697,discount coupons bookmyshow,27100,26,46,$0.27,4,23,https://www.district.in/movies/
3698,delhi versus punjab,18100,6,1041,$0,1,18,https://www.district.in/events/tata-ipl-2026-match-55-punjab-kings-vs-delhi-capitals-buy-tickets
3699,coolie bookmyshow,22200,14,130,$0.91,2,21,https://www.district.in/
3700,cinépolis hubli,22200,2,3596,$0.04,1,29,https://www.district.in/movies/cinepolis-urban-oasis-mall-rajendra-nagar-hubli-in-hubli-CD121
3701,paytm insider,90500,2,3596,$0.21,1,45,https://www.district.in/
3702,n y cinema,22200,4,6748,$0.04,1,21,https://www.district.in/movies/devgn-cinex-formerly-ny-seven-sky-bhuj-in-bhuj-CD61949
3703,mps tickets,18100,3,2160,$0,1,20,https://www.district.in/movies/mps-cinemas-karuvampalayam-tirupur-in-palladam-CD659
3704,movie time pitampura,22200,2,3596,$0.12,2,20,https://www.district.in/movies/movietime-cinemas-pitampura-new-delhi-in-new-delhi-CD1040662
3705,miraj cinemas ahmedabad,22200,7,1462,$0.13,2,18,https://www.district.in/movies/miraj-cinemas-city-pulse-ahmedabad-in-ahmedabad-CD171
3706,maya bangalore,14800,9,1462,$0.26,6,23,https://www.district.in/dining/bangalore/maya-1-jayanagar-bangalore
3707,thug life the movie,22200,11,568,$0,1,46,https://www.district.in/movies/thug-life-movie-tickets-MV167821
3708,royale heritage mall,22200,9,333,$0.13,7,19,https://www.district.in/movies/inox-royal-heritage-mall-nibm-ext-pune-in-pune-CD1019929
3709,ranjeet hanuman road,22200,21,73,$0.09,6,19,https://www.district.in/dining/indore/radhe-radhe-ranjeet-hanuman
3710,raja rani temple in bhubaneswar,22200,10,1041,$0.06,3,29,https://www.district.in/events/rajarani-temple-buy-tickets
3711,raja rani temple,22200,8,1041,$0,6,21,https://www.district.in/events/rajarani-temple-buy-tickets
3712,pvr nexus mall kukatpally hyderabad,22200,3,2160,$0.03,2,19,https://www.district.in/movies/pvr-nexus-mall-formerly-forum-sujana-kukatpally-hyderabad-in-hyderabad-CD1022267
3713,ipl cricket ticket price,22200,2,6748,$0.04,1,56,https://www.district.in/events/ipl-ticket-booking
3714,golmaal unlimited,22200,13,437,$0,1,48,https://www.district.in/movies/golmaal-fun-unlimited-2006-movie-tickets-MV205736
3715,galaxy cinema naroda ahmedabad,22200,8,568,$0.11,5,21,https://www.district.in/movies/devi-multiplex-naroda-ahmedabad-in-ahmedabad-CD900
3716,lulu mall ernakulam movies,22200,5,1041,$0.03,2,21,https://www.district.in/movies/pvr-lulu-lulu-international-shopping-mall-kochi-in-kochi-CD1022294
3717,kabab magic,22200,12,568,$3.33,4,26,https://www.district.in/dining/bangalore/kabab-magic-bannerghatta-road
3718,cast of war 2019,27100,9,568,$0,1,43,https://www.district.in/movies/war-2019-movie-tickets-MV134072
3719,bookmyshow panvel,18100,4,1462,$0,1,23,https://www.district.in/movies/pvr-orion-mall-panvel-mumbai-in-greater-mumbai-CD1018529
3720,atlantis hsr,33100,7,1041,$0,1,27,https://www.district.in/dining/bangalore/atlantis-hsr-bangalore
3721,art cafe,22200,35,46,$0,3,25,https://www.district.in/events/art-workshops-broadway-feb4-2026-buy-tickets
3722,anime world app,27100,32,46,$0.03,1,21,https://www.district.in/events/anime-india-delhi-2026-buy-tickets
3723,albert cinemas,22200,2,3596,$0,2,25,https://www.district.in/movies/albert-theatre-egmore-chennai-in-chennai-CD1007054
3724,2025 movies list,22200,26,51,$0,1,57,https://www.district.in/movies/upcoming-movies
3725,today new movie release,22200,4,2160,$0.03,1,57,https://www.district.in/movies/new-delhi-movie-tickets
3726,today ipl match venue,22200,10,333,$0.01,1,11,https://www.district.in/events/ipl-ticket-booking
3727,the 13th floor,22200,7,1041,$0,11,23,https://www.district.in/dining/bangalore/the-13th-floor-mg-road-bangalore
3728,sri vishnu park,22200,6,3596,$0.19,4,21,https://www.district.in/dining/bangalore/sri-vishnu-park-shanti-nagar-bangalore
3729,spice court jaipur,14800,6,1462,$0,4,19,https://www.district.in/dining/jaipur/spice-court-civil-lines
3730,south x mall kanpur,18100,3,2160,$0.05,3,11,https://www.district.in/movies/pvr-south-x-mall-kidwai-nagar-kanpur-in-kanpur-CD1023484
3731,saket pvr,33100,6,2160,$0.03,9,30,https://www.district.in/movies/pvr-anupam-saket-new-delhi-in-gurgaon-CD1022245
3732,water park noida,22200,4,3596,$0.04,7,22,https://www.district.in/events/worlds-of-wonder-wow-water-park-buy-tickets
3733,wadala imax,18100,4,3596,$0.04,1,21,https://www.district.in/movies/miraj-cinemas-imax-wadala-in-mumbai-CD1038682
3734,upcoming kollywood movies,22200,8,750,$0.01,1,40,https://www.district.in/movies/upcoming-tamil-movies
3735,udaipur files release date,22200,7,1041,$0,1,32,https://www.district.in/movies/udaipur-files-movie-tickets-MV200438
3736,miss teacher,22200,12,333,$0,1,39,https://www.district.in/movies/miss-teacher-2016-movie-tickets-MV146019
3737,main tera hero movie cast,22200,12,250,$0,1,23,https://www.district.in/movies/main-tera-hero-2014-movie-tickets-MV138913
3738,krishna radha,22200,52,46,$0.12,16,29,https://www.district.in/movies/krishnavataram-part-1-the-heart-hridayam-movie-tickets-MV219513
3739,kochi lulu mall movies,22200,3,2160,$0.03,2,19,https://www.district.in/movies/pvr-lulu-lulu-international-shopping-mall-kochi-in-kochi-CD1022294
3740,kabaddi match 2025,2400,8,750,$0,1,28,https://www.district.in/events/pkl-2025-delhi-team
3741,jamming goat 3.0,22200,12,568,$0.09,5,22,https://www.district.in/dining/bangalore/jamming-goat-3-0-marathahalli-bangalore
3742,indian premier league ticket price,22200,2,6748,$0.03,10,25,https://www.district.in/events/ipl-ticket-booking
3743,india national cricket team vs pakistan national cricket team tickets,22200,27,46,$0,1,21,https://www.district.in/events/sports-in-gurgaon-book-tickets
3744,pvr cinema: ahmedabad ranip,22200,4,1462,$0.06,4,21,https://www.district.in/movies/pvr-arved-transcube-vijay-nagar-ahmedabad-in-ahmedabad-CD1020682
3745,project hail mary movie ticket,9900,4,2160,$0.03,1,27,https://www.district.in/movies/project-hail-mary-movie-tickets-in-chennai-MV200953
3746,paanch minar,22200,9,1041,$0,1,23,https://www.district.in/movies/paanch-minar-movie-tickets-MV209714
3747,orange film telugu,27100,30,46,$0,1,50,https://www.district.in/movies/guntur-movie-tickets
3748,new released movies today,22200,9,568,$0.03,1,60,https://www.district.in/movies/new-delhi-movie-tickets
3749,new movies movie theater,22200,4,3596,$0.02,1,39,https://www.district.in/movies/cinema-near-me
3750,movies tamil download,22200,25,46,$0.04,1,37,https://www.district.in/movies/krishnavataram-part-1-the-heart-hridayam-movie-tickets-MV219513
3751,movies at nandan,22200,10,250,$0.15,1,22,https://www.district.in/movies/kolkata-movie-tickets
3752,guwahati pan bazar,18100,43,46,$0.22,6,19,https://www.district.in/dining/guwahati/the-vintage-bar-pan-bazaar
3753,central mall jp nagar bangalore,22200,4,2160,$0.25,5,22,https://www.district.in/movies/inox-central-mantri-junction-jp-nagar-bengaluru-in-bengaluru-CD1020726
3754,cafe in pune koregaon park,22200,19,202,$0,7,14,https://www.district.in/dining/pune/cafe-parmeshwaram-koregaon-park
3755,bookmyshow bharuch,22200,19,73,$0.06,1,24,https://www.district.in/movies/bharuch-movie-tickets
3756,blr brewing co kanakapura road,22200,61,46,$0.14,5,22,https://www.district.in/dining/bangalore/blr-brewing-co-marathahalli-bangalore
3757,bhoot bangla budget,27100,31,46,$0,1,30,https://www.district.in/movies/bhooth-bangla-movie-tickets-MV177766
3758,baahubali movie release date,22200,9,750,$0,1,40,https://www.district.in/movies/baahubali-the-epic-movie-tickets-in-chennai-MV201775
3759,asian ganga shiva,22200,1,6748,$0.08,3,20,https://www.district.in/movies/shiva-ganga-theatres-4k-gaddiannaram-formerly-asian-shiva-ganga-hyderabad-in-hyderabad-CD1102147
3760,4 hub movie,22200,9,437,$0,1,33,https://www.district.in/movies/movietime-hub-mall-goregaon-e-mumbai-in-navi-mumbai-CD1040385
3761,earth cafe bkc,18100,8,1041,$0,3,19,https://www.district.in/dining/mumbai/earth-cafe-@-bkc-bandra-kurla-complex
3762,delhi night club,22200,42,46,$0.05,6,24,https://www.district.in/events/nightlife-in-gurgaon-book-tickets
3763,city 36 mall raipur,22200,3,2160,$0.21,4,21,https://www.district.in/movies/inox-city-mall-36-g-e-road-raipur-in-raipur-CD1019937
3764,chin lung resto bar residency road,12100,6,1462,$0.45,13,19,https://www.district.in/dining/bangalore/chin-lung-resto-bar-residency-road-residency-road-bangalore
3765,cast of final destination bloodlines,33100,7,1462,$0,1,28,https://www.district.in/movies/final-destination-bloodlines-movie-tickets-MV175963
3766,cast of aadu 3,14800,11,437,$0,1,26,https://www.district.in/movies/aadu-3-movie-tickets-MV207461
3767,cast of 3bhk,22200,9,750,$0,1,29,https://www.district.in/movies/3bhk-movie-tickets-MV189950
3768,tea halt gurgaon,22200,6,1041,$0.29,1,21,https://www.district.in/dining/ncr/tea-halt-sector-31
3769,spirit 2027,10,9,1041,$0,1,18,https://www.district.in/movies/spirit-movie-tickets-MV145423
3770,regal,18100,20,124,$0.12,1,37,https://www.district.in/movies/regal-cinema-kozhikode-in-kozhikode-CD1102287
3771,recent english movies,22200,21,73,$0.23,1,89,https://www.district.in/movies/new-delhi-movie-tickets
3772,rams tea house,9900,9,1462,$0.27,10,22,https://www.district.in/dining/chennai/rams-tea-house-1-anna-nagar-east
3773,quotation movie,8100,10,750,$0,1,36,https://www.district.in/movies/quotation-gang-part-1-2024-movie-tickets-MV153627
3774,pvr sangam,22200,2,3596,$0.04,2,25,https://www.district.in/movies/pvr-sangam-r-k-puram-new-delhi-in-new-delhi-CD1020651
3775,pvr cinemas kurla,22200,3,2160,$0.07,1,20,https://www.district.in/movies/pvr-market-city-kurla-w-mumbai-in-mumbai-CD1022270
3776,pvr bhartiya mall of bengaluru,22200,3,2160,$0.08,6,20,https://www.district.in/movies/pvr-bhartiya-mall-of-bengaluru-bhartiya-city-mall-bengaluru-in-bengaluru-CD1020740
3777,pune city mall,22200,51,46,$0.03,7,31,https://www.district.in/movies/bhooth-bangla-movie-tickets-in-pune-MV177766
3778,prema kavali,22200,11,568,$0.07,1,24,https://www.district.in/movies/prema-kavali-2011-movie-tickets-in-bengaluru-MV179729
3779,new movies at movie theater,22200,5,2160,$0.04,1,86,https://www.district.in/movies/
3780,movierulz bookmyshow,2400,6,750,$0.73,1,48,https://www.district.in/movies/
3781,marz o rin,22200,10,750,$0,9,22,https://www.district.in/dining/pune/marz-o-rin-mg-road
3782,maharashtra lunch home,18100,10,750,$0.08,3,19,https://www.district.in/dining/mumbai/maharashtra-lunch-home-vashi-navi-mumbai
3783,shetty lunch home jayanagar,22200,8,1462,$0.27,4,19,https://www.district.in/dining/bangalore/shetty-lunch-home-1-jayanagar-bangalore
3784,shanthi cinema,18100,13,250,$0.20,2,21,https://www.district.in/movies/santhi-cinemas-a-c-4k-dolby-atmos-pudukkottai-in-pudukkottai-CD4045
3785,rr vs mi 2026,22200,6,1462,$0.14,1,20,https://www.district.in/events/screening-of-mi-vs-rr-tata-ipl-2026-may24-2026-buy-tickets
3786,foodie junction,18100,8,1462,$0.10,1,21,https://www.district.in/dining/arakkonam/foodie-junction-1-arakkonam-locality-arakonam
3787,film rate,22200,20,95,$6.56,1,26,https://www.district.in/movies/new-delhi-movie-tickets
3788,jollygunj jp nagar,22200,11,568,$0.16,4,22,https://www.district.in/dining/bangalore/jollygunj-jp-nagar-bangalore
3789,irani cafe mahim,14800,11,568,$0.26,7,23,https://www.district.in/dining/mumbai/cafe-irani-chaii-mahim
3790,bastian beach club,18100,9,1041,$0.19,2,19,https://www.district.in/dining/mumbai/bastian-beach-club-1-juhu
3791,asian shiva ganga,22200,1,6748,$0.08,3,20,https://www.district.in/movies/shiva-ganga-theatres-4k-gaddiannaram-formerly-asian-shiva-ganga-hyderabad-in-hyderabad-CD1102147
3792,albert cinema,22200,3,2160,$0.09,2,18,https://www.district.in/movies/albert-theatre-egmore-chennai-in-chennai-CD1007054
3793,40 feet road,22200,19,113,$0.10,4,21,https://www.district.in/dining/trivandrum/40-feet-2-kulathoor
3794,z square mall kanpur,22200,8,568,$0.01,2,12,https://www.district.in/movies/inox-z-square-mall-bada-chauraha-kanpur-in-kanpur-CD1023481
3795,vgp amusement park in chennai,22200,6,1462,$0.19,16,28,https://www.district.in/events/vgp-universal-kingdom-jan1-1970-buy-tickets
3796,vegas mall pvr,9900,2,3596,$0.12,1,19,https://www.district.in/movies/pvr-vegas-dwarka-new-delhi-in-gurgaon-CD1022286
3797,dunkin donuts,22200,23,95,$0.08,1,24,https://www.district.in/dining/bangalore/dunkin-donuts-coffee-cunningham-road-bangalore
3798,dining in pune,22200,29,51,$0.05,12,26,https://www.district.in/
3799,crown mall lucknow,18100,2,3596,$0.55,5,20,https://www.district.in/movies/inox-lucknow-crown-mall-faizabad-road-lucknow-in-lucknow-CD1023483
3800,closest movie,22200,5,3596,$0,1,27,https://www.district.in/movies/cinema-near-me
3801,chennai express movie cast,18100,13,333,$0,1,41,https://www.district.in/movies/chennai-express-movie-tickets-MV138357
3802,chaitanya food court kukatpally,14800,12,568,$0.19,3,19,https://www.district.in/dining/hyderabad/chaitanya-food-court-kukatpally
3803,cast of kis kisko pyaar karoon,9900,6,1462,$0,1,24,https://www.district.in/movies/kis-kisko-pyaar-karoon-2015-movie-tickets-in-Mandi-Dabwali-MV140735
3804,bookmyshow navi mumbai,22200,17,113,$0.02,1,20,https://www.district.in/
3805,bombay canteen,22200,16,202,$0.20,2,25,https://www.district.in/dining/thebombaycanteen
3806,watsons,18100,24,43,$0.23,2,37,https://www.district.in/dining/bangalore/watsons-ulsoor
3807,washing soda for laundry,18100,73,38,$0.02,21,17,https://www.district.in/events/mahalaxmi-dhobi-ghat-guided-walking-tour-with-tripadvisor-tour--jul21-2022-buy-tickets
3808,trampoline parks pune,18100,12,463,$0.02,1,28,https://www.district.in/activities/theme-parks-activities-in-pune/
3809,things to do in jaipur,22200,6,1192,$0.16,41,15,https://www.district.in/activities/things-to-do-in-jaipur
3810,the mafia family kitchen & bar,12100,32,38,$0.08,13,27,https://www.district.in/dining/pune/the-mafia-sky-lounge-chandan-nagar
3811,terns coimbatore,12100,13,356,$0.04,1,25,https://www.district.in/dining/coimbatore/terns-sitra
3812,surti hotel mumbai,18100,18,92,$0,2,19,https://www.district.in/dining/mumbai/surti-kalbadevi
3813,tamil movies released today,18100,7,848,$0.03,1,55,https://www.district.in/movies/tamil-movies-tickets-in-chennai
3814,shiva rajkumar movies,18100,61,38,$0,1,18,https://www.district.in/movies/peddi-movie-tickets-MV194276
3815,shirdi water park,14800,13,356,$0.07,12,21,https://www.district.in/events/wet-n-joy-waterpark-shirdi-apr3-2025-buy-tickets
3816,royal cafe,22200,17,204,$0,3,25,https://www.district.in/dining/bangalore/royal-cafe-bengaluru-yelahanka-bangalore
3817,rohini city centre,18100,90,38,$0.08,4,21,https://www.district.in/movies/dhurandhar-the-revenge-movie-tickets-in-new-delhi-MV211577
3818,rcb vs kkr 2026,1300,4,1192,$0.12,1,23,https://www.district.in/events/screening-of-rcb-vs-kkr-tata-ipl-2026-may13-2026-buy-tickets
3819,rangoli inox,18100,2,2932,$0,1,23,https://www.district.in/movies/inox-forum-rangoli-mall-belur-howrah-in-kolkata-CD1029337
3820,r adda mumbai,14800,8,848,$0,5,19,https://www.district.in/dining/mumbai/r-adda-juhu
3821,pvr cinemas jabalpur,18100,2,2932,$0.03,1,22,https://www.district.in/movies/pvr-ka-mall-jabalpur-in-jabalpur-CD1057799
3822,pvr cinema udaipur,18100,3,1761,$0.02,4,30,https://www.district.in/movies/pvr-celebration-mall-udaipur-in-udaipur-CD1019902
3823,pvr bareilly,18100,3,1761,$0.04,2,24,https://www.district.in/movies/pvr-phoenix-united-phoenix-united-mall-bareilly-in-bareilly-CD1023580
3824,pvr allahabad,18100,3,1761,$0.03,4,25,https://www.district.in/movies/pvr-vinayak-sardar-patel-marg-prayagraj-in-allahabad-CD1025114
3825,phoenix mall pvr cinemas,18100,8,848,$0.04,1,19,https://www.district.in/movies/pvr-phoenix-market-city-nagar-road-pune-in-pune-CD1022265
3826,om shanti shanti shantihi,8100,14,271,$0,1,23,https://www.district.in/movies/om-shanti-shanti-shantihi-movie-tickets-MV211630
3827,neelkanth sweets gomti nagar lucknow,18100,7,611,$0.09,2,20,https://www.district.in/dining/lucknow/neelkanth-sweets-gomti-nagar
3828,messi in india,18100,8,1761,$0,1,44,https://www.district.in/events/messi-2025-india-tour-ticket-booking
3829,lucknow super giants vs gujarat titans match,18100,30,38,$0,1,21,https://www.district.in/events/ipl-ticket-booking
3830,kanimangalam kovilakam movie,8100,5,2932,$0,1,25,https://www.district.in/movies/kanimangalam-kovilakam-movie-tickets-MV212127
3831,jolly llb 3 cast,14800,6,1192,$0,1,24,https://www.district.in/movies/jolly-llb-3-movie-tickets-MV172789
3832,jaya lake town,14800,23,59,$0.08,3,20,https://www.district.in/dining/kolkata/tea-junction-lake-town
3833,hyatt regency thrissur,18100,51,38,$0.87,24,26,https://www.district.in/dining/thrissur/regency-cafe-hyatt-regency-puzhakkal
3834,gt kkr,18100,10,463,$0,1,20,https://www.district.in/events/screening-of-kkr-vs-gt-tata-ipl-2026-may16-2026-buy-tickets
3835,gold cinema agra,18100,3,1761,$0.17,1,20,https://www.district.in/movies/gold-cinema-ashok-cosmos-mall-sanjay-place-agra-in-agra-CD4327
3836,fort restaurants,14800,10,463,$0.17,3,38,https://www.district.in/dining/mumbai/fort-restaurant-1-fort
3837,flashback film,12100,5,2932,$0,1,40,https://www.district.in/movies/flashback-movie-tickets-MV153634
3838,festival near by me,18100,7,5502,$0.14,1,52,https://www.district.in/events/fests-fairs-in-gurgaon-book-tickets
3839,famous ice cream,14800,5,1761,$0,5,19,https://www.district.in/dining/hyderabad/famous-ice-creams-nampally
3840,dog hindi,18100,34,38,$0,1,42,https://www.district.in/events/pet-moms-plant-moms-sugar-moms-baby-moms-unite-may10-2026-buy-tickets
3841,club gurgaon,18100,7,1761,$0.51,3,24,https://www.district.in/events/nightlife-in-gurgaon-book-tickets
3842,magic frames,9900,1,5502,$0.02,1,39,https://www.district.in/movies/magic-frames-cinemas-karukachal-in-pala-CD1102227
3843,lovely sweets,14800,27,59,$0,2,23,https://www.district.in/dining/jalandhar/lovely-sweets-gt-road
3844,live time with seconds in india,18100,30,38,$0.05,2,50,https://www.district.in/events/ye-live-in-india-2026-buy-tickets
3845,little goa goa,18100,9,611,$0,1,19,https://www.district.in/dining/goa/little-goa-kitchen-and-bar-mapusa
3846,little french house,18100,7,1192,$0.42,2,26,https://www.district.in/dining/ahmedabad/little-french-house-navrangpura
3847,la vie en rose cafe & bistro,18100,11,1192,$0.13,5,12,https://www.district.in/dining/hyderabad/la-vie-en-rose-cafe-bistro-gachibowli
3848,blabber all day borivali,9900,17,135,$0.47,4,21,https://www.district.in/dining/mumbai/blabber-all-day-borivali-east
3849,barbeque holic,18100,10,611,$0.20,8,26,https://www.district.in/dining/hyderabad/barbeque-holic-kondapur
3850,bangalore koramangala forum mall,18100,20,101,$0.03,2,21,https://www.district.in/movies/pvr-nexus-formerly-forum-koramangala-bengaluru-in-bengaluru-CD1022297
3851,athiradi release date,1000,17,106,$0,1,23,https://www.district.in/movies/athiradi-movie-tickets-MV208195
3852,amethyst restaurant chennai,18100,12,356,$0,1,18,https://www.district.in/dining/chennai/amethyst-cafe-thousand-lights
3853,alibag fort,12100,10,463,$0.19,1,19,https://www.district.in/events/kolaba-fort-alibag-buy-tickets
3854,ahmedabad city gold ashram road,18100,3,1761,$0.03,1,20,https://www.district.in/movies/city-gold-ashram-road-in-ahmedabad-CD1102111
3855,adventure parks in delhi ncr,18100,4,5502,$0.04,13,25,https://www.district.in/activities/theme-parks-activities-in-delhi-ncr/
3856,aakash gupta,18100,16,204,$0,1,23,https://www.district.in/events/aakash-gupta/artist
3857,concert tickets,5400,2,5502,$0.42,1,44,https://www.district.in/events/
3858,cast of weapons 2025 film,12100,8,1192,$0,1,52,https://www.district.in/movies/weapons-2025-movie-tickets-MV196890
3859,bombay brasserie indiranagar,18100,7,611,$0.30,4,19,https://www.district.in/dining/bangalore/bombay-brasserie-indiranagar
3860,bomb 2025,12100,12,463,$0,1,42,https://www.district.in/movies/bomb-movie-tickets-MV200281
3861,vr mall chennai,18100,6,1761,$0.02,1,19,https://www.district.in/movies/pvr-vr-mall-anna-nagar-chennai-in-chennai-CD1022304
3862,vala movie 2025,18100,9,848,$0,1,28,https://www.district.in/movies/vala-story-of-a-bangle-movie-tickets-MV206126
3863,thug life ott,9900,44,38,$0.05,1,26,https://www.district.in/
3864,things to do in hyderabad,22200,9,611,$0.23,31,21,https://www.district.in/activities/hyderabad-activity-tickets/
3865,the gt road restaurant,18100,11,356,$0.21,3,22,https://www.district.in/dining/ncr/the-gt-road-connaught-place-new-delhi
3866,the buck stops here,18100,10,463,$0,2,11,https://www.district.in/dining/ncr/the-buck-stops-here-dlf-cyber-city
3867,house of boho,12100,9,1192,$0,2,17,https://www.district.in/dining/ncr/house-of-boho-south-extension-2-new-delhi
3868,festivals near me,4400,7,2932,$0.41,1,46,https://www.district.in/events/
3869,mehfil takeaway,8100,10,848,$0.15,3,19,https://www.district.in/dining/hyderabad/mehfil-takeaway-banjara-hills
3870,meher theatre agra uttar pradesh,18100,2,2932,$0.14,1,30,https://www.district.in/movies/meher-theater-baluganj-agra-in-agra-CD5147
3871,madhuvidhu movie,2900,11,463,$0,1,22,https://www.district.in/movies/madhuvidhu-movie-tickets-MV213260
3872,lucknow cinema movies,18100,4,1761,$0.01,3,32,https://www.district.in/movies/lucknow-movie-tickets
3873,koi and co,18100,10,611,$0.03,1,21,https://www.district.in/dining/hyderabad/koi-co-bar-and-kitchen-sainikpuri-secunderabad
3874,kipling cafe in chennai,22200,19,92,$0.05,1,23,https://www.district.in/dining/chennai/kipling-cafe-akkarai
3875,jamun goa,18100,26,59,$0,4,25,https://www.district.in/dining/goa/jamun-assagao
3876,jaipur entertainment paradise,18100,4,1761,$0.05,3,23,https://www.district.in/movies/miraj-cinemas-entertainment-paradise-jaipur-in-jaipur-CD9149
3877,iron lung film,18100,15,271,$0,1,28,https://www.district.in/movies/iron-lung-movie-tickets-MV215565
3878,movie online,18100,19,77,$0.61,1,60,https://www.district.in/movies/
3879,events local,12100,7,611,$0.09,1,54,https://www.district.in/events/
3880,empire restaurant indiranagar,18100,5,1192,$0.26,10,20,https://www.district.in/dining/bangalore/empire-restaurant-since-1966-indiranagar-bangalore
3881,demon slayer movie release date,22200,32,38,$0,1,11,https://www.district.in/movies/demon-slayer-kimetsu-no-yaiba-infinity-castle-movie-tickets-in-gurgaon-MV191860
3882,deli,18100,11,271,$0.26,1,36,https://www.district.in/dining/ncr/the-deli-mayur-vihar-new-delhi
3883,csk match today,18100,7,848,$0,1,18,https://www.district.in/events/chennai-super-kings-team
3884,coffee since 1999,14800,7,1192,$0,8,20,https://www.district.in/dining/chennai/coffee-since-1999-2-thousand-lights
3885,chocolate laboratory chennai,14800,11,611,$0.17,4,21,https://www.district.in/dining/chennai/sandys-chocolate-laboratory-nungambakkam
3886,chennai super kings vs royal challengers bengaluru,4400,56,38,$0,1,22,https://www.district.in/events/ipl-ticket-booking
3887,chennai super kings upcoming match,6600,6,1192,$0.05,1,30,https://www.district.in/events/chennai-super-kings-team
3888,cha bar,14800,19,101,$0,7,25,https://www.district.in/dining/kolkata/cha-bar-park-street-area
3889,cast of fast x part 2,18100,5,1761,$0,1,48,https://www.district.in/movies/fast-x-part-2-movie-tickets-MV163468
3890,capital social,18100,9,463,$0.02,1,20,https://www.district.in/dining/capitalsocial
3891,block 16 restaurant,18100,73,38,$0.16,3,52,https://www.district.in/dining/mumbai/44-the-food-hub-2-kandivali-east
3892,best of adventure movies,18100,52,38,$0.02,1,63,https://www.district.in/movies/
3893,bangalore canteen jm road,14800,22,77,$0.21,3,31,https://www.district.in/dining/pune/bangalore-canteen-1-karve-nagar
3894,baahubali 2 cast,18100,9,848,$0,1,18,https://www.district.in/movies/baahubali-2-the-conclusion-2017-movie-tickets-MV144917
3895,angammal,14800,17,135,$0,1,26,https://www.district.in/movies/angammal-movie-tickets-in-mau-MV210163
3896,7 movies telugu 2026,8100,2,5502,$0.04,1,29,https://www.district.in/movies/upcoming-telugu-movies
3897,seasons restaurant electronic city,18100,4,1192,$0,11,14,https://www.district.in/dining/bangalore/seasons-electronic-city
3898,pvr pacific mall,18100,3,1761,$0.03,2,20,https://www.district.in/movies/pvr-pacific-subhash-nagar-new-delhi-in-new-delhi-CD1022260
3899,project hum,18100,9,848,$0.24,3,23,https://www.district.in/dining/mumbai/project-hum-pali-hill-bandra-west
3900,pritam da dhaba dadar east,18100,8,611,$0.53,3,19,https://www.district.in/dining/mumbai/pritam-da-dhaba-dadar-east
3901,pratap the dhaba,12100,18,135,$0.26,8,22,https://www.district.in/dining/mumbai/pratap-the-dhaba-oshiwara
3902,phoenix market city pvr,18100,6,1761,$0.05,3,20,https://www.district.in/movies/pvr-phoenix-marketcity-mall-whitefield-road-bengaluru-in-bengaluru-CD1022300
3903,pati patni,14800,11,611,$0.01,1,22,https://www.district.in/movies/pati-patni-aur-woh-do-movie-tickets-MV186836
3904,papam prathap,8100,10,611,$0.09,1,23,https://www.district.in/movies/papam-prathap-movie-tickets-MV219055
3905,music and festival,18100,3,2932,$1.46,1,33,https://www.district.in/events/musicland-mumbai-buy-tickets
3906,v r mall chennai,18100,5,1761,$0.16,2,40,https://www.district.in/movies/pvr-vr-mall-anna-nagar-chennai-in-chennai-CD1022304
3907,ticket of wow noida,18100,5,1761,$0.13,7,18,https://www.district.in/events/worlds-of-wonder-wow-water-park-buy-tickets
3908,things to see delhi,18100,12,204,$0.16,36,46,https://www.district.in/activities/
3909,the fisherman's wharf hyderabad,12100,16,135,$0.18,5,18,https://www.district.in/dining/hyderabad/the-fishermans-wharf-financial-district
3910,tamil film release today,18100,8,463,$0.01,1,73,https://www.district.in/movies/tamil-movies-tickets-in-chennai
3911,t d i mall,18100,6,1761,$0.16,3,19,https://www.district.in/movies/akr-cinemas-tdi-mall-kundli-district-sonipat-in-kundli-CD1018615
3912,suga n spice,18100,26,43,$0.04,1,23,https://www.district.in/dining/dwarka/sugar-n-spice-dwarka-locality
3913,sirai 2025 movie,18100,18,106,$0.15,1,21,https://www.district.in/movies/sirai-movie-tickets-MV204053
3914,krishnan kitchen,18100,2,2932,$0.13,3,21,https://www.district.in/dining/mumbai/krishnans-kitchen-4-bungalows
3915,krishna kitchen,12100,19,92,$0,4,23,https://www.district.in/dining/hyderabad/krishnas-kitchen-2-madhapur
3916,jal vihar,18100,15,204,$0.10,3,20,https://www.district.in/events/jalavihar-hyderabad-2025-buy-tickets
3917,imran khan musician,18100,12,463,$0,1,48,https://www.district.in/imran-khan/artist
3918,honest restaurant avadh,12100,7,848,$0.01,1,19,https://www.district.in/dining/morbi/honest-avadh-hotel-2-morbi-locality
3919,csk vs gt 2026,390,11,463,$0.03,1,22,https://www.district.in/events/screening-of-gt-vs-csk-tata-ipl-2026-apr26-2026-buy-tickets
3920,coffee sangam,9900,40,38,$0.14,5,30,https://www.district.in/dining/indore/sangam-coffee-house-restaurant-vijay-nagar
3921,chairman's resto bar,18100,7,1192,$0.15,3,22,https://www.district.in/dining/bangalore/chairmans-restobar-jalahalli-bangalore
3922,businessman 2012,22200,10,848,$0.13,1,48,https://www.district.in/movies/businessman-2012-movie-tickets-in-damoh-MV151036
3923,blue cinemas,18100,3,1761,$0.48,1,24,https://www.district.in/movies/blue-cinemas-rgb-laser-4k-dolby-atmos-vellore-in-vellore-CD1041804
3924,gangotri bar and restaurant,14800,6,1761,$0,5,11,https://www.district.in/dining/bangalore/gangotri-bar-restaurant-hsr-bangalore
3925,fun fiesta,18100,3,1761,$0.01,1,23,https://www.district.in/movies/miraj-cinemas-funfiesta-nalasopara-w-in-mumbai-CD59121
3926,fountain city water park,18100,9,848,$0.19,2,11,https://www.district.in/events/fountain-city-water-park-2025-buy-tickets
3927,delhi club house,18100,30,38,$0.07,3,29,https://www.district.in/dining/ncr/delhi-club-house-r-k-puram-new-delhi
3928,benne,9900,17,164,$0.07,1,26,https://www.district.in/dining/mumbai/benne-1-juhu
3929,aubree,18100,25,77,$0.18,73,58,https://www.district.in/dining/bangalore/aubree-cakes-desserts-more-koramangala-6th-block-bangalore
3930,alreem thammanam,18100,5,1192,$0.13,2,21,https://www.district.in/dining/kochi/hotel-al-reem-vyttila
3931,4 movies roles,9900,7,463,$0,1,49,https://www.district.in/movies/upcoming-movies
3932,worlds of wonder noida tickets,22200,4,2932,$0.21,3,18,https://www.district.in/events/worlds-of-wonder-wow-water-park-buy-tickets
3933,upcoming telugu film,18100,7,848,$0.06,1,57,https://www.district.in/movies/upcoming-telugu-movies
3934,pvr jabalpur,8100,3,1761,$0.01,2,22,https://www.district.in/movies/pvr-ka-mall-jabalpur-in-jabalpur-CD1057799
3935,pvp multiplex,9900,2,2932,$0.18,5,24,https://www.district.in/movies/pvp-multiplex-4k-rgb-laser-dolby-atmos-nagercoil-in-nagercoil-CD1041753
3936,paradise cast,22200,4,1761,$0,1,25,https://www.district.in/movies/the-paradise-movie-tickets-MV185027
3937,new hollywood movies 2025,18100,30,38,$0.84,6,59,https://www.district.in/movies/upcoming-movies
3938,movies in development,18100,36,38,$0.17,1,45,https://www.district.in/movies/upcoming-movies
3939,matteo coffea,18100,7,1192,$0.20,5,21,https://www.district.in/dining/bangalore/matteo-coffea-church-street
3940,sigree restaurant in mumbai,18100,18,106,$0.21,4,23,https://www.district.in/dining/mumbai/sigree-global-grill-malad-west
3941,sangam circle,18100,46,38,$0.20,6,21,https://www.district.in/dining/bangalore/sangam-bar-and-restaurant-new-bel-road-bangalore
3942,restaurants bhubaneswar,18100,31,38,$0.11,3,24,https://www.district.in/
3943,pvr udaipur,14800,3,1761,$0.02,3,23,https://www.district.in/movies/pvr-celebration-mall-udaipur-in-udaipur-CD1019902
3944,water parks in shirdi,18100,19,101,$0.04,15,28,https://www.district.in/events/wet-n-joy-waterpark-shirdi-apr3-2025-buy-tickets
3945,udupi ruchi restaurant,12100,9,611,$0.09,3,22,https://www.district.in/dining/bangalore/cafe-udupi-ruchi-hsr-bangalore
3946,tourist family movie download,49500,10,271,$0.89,1,38,https://www.district.in/movies/tourist-family-movie-tickets-MV185675
3947,the rustle nest,9900,8,1761,$0.21,10,22,https://www.district.in/dining/pune/the-rustle-nest-baner
3948,svf cinemas howrah,18100,2,2932,$0.03,3,21,https://www.district.in/movies/svf-cinemas-platina-mall-howrah-in-kolkata-CD1102203
3949,singer imran khan,18100,13,356,$0,1,18,https://www.district.in/imran-khan/artist
3950,shuttle badminton court near me,18100,8,848,$0.34,5,12,https://www.district.in/play/
3951,shop no 8,18100,29,38,$0.13,2,33,https://www.district.in/dining/ncr/shop-no-1-ashok-vihar-new-delhi
3952,seasons restaurant electronic city bangalore,18100,5,1761,$0.12,6,19,https://www.district.in/dining/bangalore/seasons-electronic-city
3953,sangam circle bangalore,18100,44,38,$0.15,5,19,https://www.district.in/dining/bangalore/sangam-city-market-bangalore
3954,wonder world,22200,13,356,$0.08,6,19,https://www.district.in/events/vgp-wonder-world-chennai-may18-2025-buy-tickets
3955,metro walk adventure island,18100,10,848,$0,3,11,https://www.district.in/events/adventure-island-limited-2025-buy-tickets
3956,mayan movie,18100,7,1192,$0.34,1,34,https://www.district.in/movies/mayan-movie-tickets-MV183775
3957,krishna theatre trivandrum,14800,9,271,$0.30,1,21,https://www.district.in/movies/krishna-aur-chitthi-movie-tickets-in-trivandrum-MV221078
3958,inox megaplex,12100,7,1192,$0.20,7,18,https://www.district.in/movies/inox-megaplex-phoenix-mall-of-the-millennium-wakad-pune-in-pune-CD1023543
3959,inox forum mall,14800,3,1761,$0.06,7,21,https://www.district.in/movies/inox-forum-mall-elgin-road-kolkata-in-kolkata-CD1020721
3960,raipur ambuja mall,18100,7,848,$0.36,1,21,https://www.district.in/movies/inox-ambuja-city-centre-mowa-raipur-in-raipur-CD1019938
3961,pvr palladium mall,18100,3,1761,$0.04,6,18,https://www.district.in/movies/pvr-palladium-mall-thaltej-ahmedabad-in-ahmedabad-CD1032362
3962,pvr mbd,12100,4,1192,$0.03,5,19,https://www.district.in/movies/pvr-mbd-neopolis-mall-sehdev-market-jalandhar-in-jalandhar-CD1024990
3963,pappu da dhaba thane,14800,8,1192,$0.11,2,19,https://www.district.in/dining/mumbai/pappu-da-dhaba-panch-pakhadi-thane-west
3964,pani puri com,18100,9,848,$0.06,4,32,https://www.district.in/dining/ahmedabad/pani-puri-com-nikol
3965,orion mall panvel pvr,12100,3,1761,$0.09,6,22,https://www.district.in/movies/pvr-orion-mall-panvel-mumbai-in-greater-mumbai-CD1018529
3966,ninja inflatable park,12100,3,2932,$1.26,4,32,https://www.district.in/events/ninja-inflatable-park-bengaluru-dec-2025-buy-tickets
3967,nearby restaurants from my location,18100,20,77,$0.13,16,15,https://www.district.in/
3968,nair mess chepauk,12100,12,356,$0.32,5,28,https://www.district.in/dining/chennai/nair-mess-triplicane
3969,music festival,18100,18,101,$0.19,1,78,https://www.district.in/events/
3970,movies download top sites,18100,63,38,$0.03,1,33,https://www.district.in/play/gorally-jpnagar-gorally-pickleball-jp-nagar-kanakpura-rd-bengaluru-slots-booking
3971,movie time cubic mall,18100,19,77,$0.09,3,24,https://www.district.in/movies/movietime-chembur-mumbai-in-thane-CD1040113
3972,movie bookmyshow,14800,7,611,$0.02,2,52,https://www.district.in/movies/
3973,mi vs csk tickets,1300,6,611,$0.05,13,24,https://www.district.in/events/ipl-ticket-booking
3974,csk match schedule,12100,8,611,$0.02,1,16,https://www.district.in/events/chennai-super-kings-team
3975,comedy clubs near me,18100,11,463,$0.01,1,28,https://www.district.in/events/comedy-in-gurgaon-book-tickets
3976,cinepolis eta namma mall,14800,2,2932,$0.15,6,21,https://www.district.in/movies/cinepolis-eta-namma-mall-binny-pete-bengaluru-in-bengaluru-CD128
3977,cinema lucknow,18100,6,1761,$0.02,2,41,https://www.district.in/movies/lucknow-movie-tickets
3978,chiranjeevi hanuman,18100,7,1761,$0,1,25,https://www.district.in/movies/chiranjeevi-hanuman-the-eternal-movie-tickets-MV204399
3979,forum rangoli mall,18100,2,2932,$0,2,19,https://www.district.in/movies/inox-forum-rangoli-mall-belur-howrah-in-howrah-CD1029337
3980,fortune multiplex,18100,10,204,$0.01,1,21,https://www.district.in/movies/upcoming-movies-in-ichalkaranji
3981,festival near me,18100,9,1192,$0.14,1,52,https://www.district.in/events/
3982,fest near me,4400,6,2932,$0.41,1,49,https://www.district.in/events/
3983,fat fish goa,14800,12,463,$0.23,2,18,https://www.district.in/dining/goa/fat-fish-baga
3984,ega cinemas chennai,18100,2,2932,$0.17,1,33,https://www.district.in/movies/ega-cinemas-rgb-laser-dolby-audio-couple-sofa-kilpauk-chennai-in-chennai-CD1042615
3985,edm mall pvr,12100,2,2932,$0.05,5,21,https://www.district.in/movies/pvr-edm-edm-mall-ghaziabad-in-new-delhi-CD1020700
3986,cafe encanto,12100,13,271,$0,6,23,https://www.district.in/dining/hyderabad/encanto-nagole
3987,battle of galwan movie release date,6600,22,77,$0,1,29,https://www.district.in/movies/maatrubhumi-may-war-rest-in-peace-movie-tickets-MV201390
3988,bangalore to mumbai,18100,102,38,$0.23,30,19,https://www.district.in/movies/
3989,baba hotel,14800,15,204,$0.19,2,32,https://www.district.in/dining/ncr/baba-hotel-2-dilshad-garden-new-delhi
3990,agra movie download,18100,10,356,$0.07,1,22,https://www.district.in/movies/agra-movie-tickets-MV209402
3991,5th street,18100,9,611,$0.25,4,23,https://www.district.in/dining/hyderabad/the-fifth-street-jubilee-hills
3992,3 2012,22200,11,463,$0,1,37,https://www.district.in/movies/3-2012-movie-tickets-MV156026
3993,1 january 2026,18100,50,38,$0,1,23,https://www.district.in/movies/upcoming-hindi-movies
3994,rnr biryani jayanagar,18100,10,848,$0.44,5,18,https://www.district.in/dining/bangalore/rnr-biryani-taste-of-1953-1-jayanagar-bangalore
3995,pvr pathankot,14800,2,2932,$0.03,2,23,https://www.district.in/movies/pvr-novelty-mall-dalhousie-road-pathankot-in-pathankot-CD1023560
3996,pvr icon hitech madhapur hyderabad,22200,2,2932,$0.09,1,21,https://www.district.in/movies/pvr-icon-hitech-madhapur-hyderabad-in-hyderabad-CD1022280
3997,victory theatre,14800,28,39,$0,3,23,https://www.district.in/movies/
3998,things to do in delhi india,18100,9,611,$0.09,61,34,https://www.district.in/activities/
3999,things to do in delhi,22200,6,1192,$0.14,37,23,https://www.district.in/activities/
4000,the hub indore,9900,17,106,$0.13,5,25,https://www.district.in/dining/indore/the-coffee-concept-1-vijay-nagar
4001,tea post the desi cafe,14800,11,611,$0.17,8,19,https://www.district.in/dining/rajkot/tea-post-the-desi-cafe-kalawad-road
4002,tamarind restaurant,14800,43,38,$0.34,5,24,https://www.district.in/dining/bangalore/tamarind-bar-and-restaurant-banaswadi-bangalore
4003,svf cinemas,9900,9,848,$0.06,1,22,https://www.district.in/movies/svf-cinemas-platina-mall-howrah-in-kolkata-CD1102203
4004,laura's,18100,11,271,$0.10,1,23,https://www.district.in/dining/pushkar/lauras-cafe-choti-basti
4005,kantara 2 ticket booking,1600,2,2932,$0.05,3,21,https://www.district.in/movies/kantara-a-legend-chapter-1-movie-tickets-in-bengaluru-MV165830
4006,jollygunj whitefield,9900,11,611,$0.19,7,22,https://www.district.in/dining/bangalore/jollygunj-whitefield-bangalore
4007,movie in jalandhar,9900,4,1761,$0.03,1,30,https://www.district.in/movies/jalandhar-movie-tickets
4008,movie firefly,18100,9,848,$0.05,1,31,https://www.district.in/movies/firefly-movie-tickets-MV177709
4009,pacific mall faridabad,9900,10,271,$0.02,5,19,https://www.district.in/movies/pvr-pacific-mall-the-mall-of-faridabad-nit-nit-bus-stand-faridabad-in-gurgaon-CD1023790
4010,near me festival,18100,7,1192,$0.14,1,47,https://www.district.in/events/
4011,pookie movie 2026,14800,10,611,$0.06,1,21,https://www.district.in/movies/pookie-movie-tickets-MV212036
4012,on de roof restaurant chennai,18100,8,1192,$0.08,4,21,https://www.district.in/dining/chennai/on-de-roof-anna-nagar-east
4013,nexus cinemas,18100,8,356,$0.01,1,21,https://www.district.in/movies/cinepolis-nexus-seawoods-navi-mumbai-in-mumbai-CD57700
4014,nearest tennis court to me,18100,5,1761,$0.10,3,16,https://www.district.in/play/
4015,foodie corner,14800,7,1192,$0.09,1,22,https://www.district.in/dining/kanpur/foodies-corner-nawab-ganj
4016,fairfield by marriott goa anjuna,18100,62,38,$0.23,18,16,https://www.district.in/dining/goa/fairfield-by-marriott-anjuna
4017,dc vs dv,18100,12,164,$0,1,32,https://www.district.in/events/delhi-capitals-team
4018,coolie showtimes,18100,4,2932,$0.01,1,22,https://www.district.in/movies/coolie-movie-tickets-in-vijayawada-MV172677
4019,concerts near me,18100,4,1761,$0.20,1,22,https://www.district.in/events/
4020,cavo restro cafe,9900,8,1192,$0.12,3,32,https://www.district.in/dining/ahmedabad/cavo-restro-cafe-ambli
4021,cast of vash level 2,4400,7,1192,$0,1,27,https://www.district.in/movies/vash-level-2-movie-tickets-MV188260
4022,cast of the paradise,4400,6,1761,$0,1,42,https://www.district.in/movies/the-paradise-movie-tickets-MV185027
4023,cast of eko,18100,10,611,$0,1,24,https://www.district.in/movies/eko-movie-tickets-MV209846
4024,cast of ambikapathy,5400,6,1761,$0,1,24,https://www.district.in/movies/ambikapathy-2013-movie-tickets-in-sira-MV201922
4025,cafe de piccolo,18100,12,356,$0,3,19,https://www.district.in/dining/cafedepiccolo
4026,bookmyshow kanchipuram,14800,26,38,$0.01,1,22,https://www.district.in/movies/kanchipuram-movie-tickets
4027,bombay adda andheri,6600,9,1192,$0.13,5,22,https://www.district.in/dining/mumbai/bombay-adda-andheri-east
4028,bomb movie,12100,11,463,$0,1,39,https://www.district.in/movies/bomb-movie-tickets-MV200281
4029,ishwar nagar,18100,26,41,$0.06,3,16,https://www.district.in/movies/svc-eeshwar-4k-laser-dolby-7-1-attapur-hyderabad-in-hyderabad-CD1018796
4030,indra movie 2025,18100,15,271,$0.14,1,27,https://www.district.in/movies/indra-movie-tickets-MV169169
4031,haiku the asian kitchen,18100,40,38,$0.21,5,12,https://www.district.in/dining/hyderabad/haiku-banjara-hills
4032,go karting in pune,18100,10,848,$0.36,1,11,https://www.district.in/events/formula-karting-pune-2025-buy-tickets
4033,go goa gone 2 movie,18100,6,2932,$0,1,29,https://www.district.in/movies/go-goa-gone-2-movie-tickets-MV142506
4034,girija cinema theatre thrissur,18100,26,39,$0.24,1,22,https://www.district.in/movies/a-film-by-giri-movie-tickets-in-thrissur-MV221111
4035,bandar movie,18100,8,1761,$0,1,25,https://www.district.in/movies/bandar-movie-tickets-MV203149
4036,azad pur delhi,18100,94,38,$0.10,2,19,https://www.district.in/movies/mortal-kombat-ii-movie-tickets-in-new-delhi-MV171960
4037,ashok cosmos mall agra,12100,2,2932,$0.14,12,20,https://www.district.in/movies/gold-cinema-ashok-cosmos-mall-sanjay-place-agra-in-agra-CD4327
4038,adventure island metro walk,18100,5,1761,$0,3,11,https://www.district.in/events/adventure-island-limited-2025-buy-tickets
4039,pvr phoenix mall,12100,6,1761,$0.04,8,21,https://www.district.in/movies/pvr-phoenix-marketcity-mall-whitefield-road-bengaluru-in-bengaluru-CD1022300
4040,prem rog movie,18100,18,106,$0,1,18,https://www.district.in/movies/prem-rog-movie-tickets-in-jamui-MV218781
4041,prana resorts and banquet,18100,68,38,$0.20,11,21,https://www.district.in/dining/pune/river-deck-cafe-by-prana-resorts-ravet
4042,movie showtimes in vadodara,18100,3,2932,$0.01,1,30,https://www.district.in/movies/vadodara-movie-tickets
4043,movie max cinemas,14800,4,1192,$0.14,7,29,https://www.district.in/movies/moviemax-pr-mall-wall-tax-road-chennai-in-chennai-CD1102281
4044,momos point kamla nagar,14800,6,1192,$0,2,10,https://www.district.in/dining/ncr/momos-point-kamla-nagar-new-delhi
4045,mi vs rr 2026,18100,6,1192,$0,1,20,https://www.district.in/events/screening-of-mi-vs-rr-tata-ipl-2026-may24-2026-buy-tickets
4046,mahalakshmi theatre,18100,5,2932,$0,1,24,https://www.district.in/movies/mahalaxmi-complex-kothapet-hyderabad-in-hyderabad-CD1052124
4047,release date,22200,7,1192,$0,1,45,https://www.district.in/movies/upcoming-movies
4048,r r cinema roorkee,18100,3,1761,$0.01,1,20,https://www.district.in/movies/roorkee-movie-tickets
4049,swach south indian cafe madhapur,9900,8,1192,$0.15,6,28,https://www.district.in/dining/hyderabad/swach-south-indian-cafe-madhapur
4050,srk miraj cinemas,18100,2,2932,$0.02,7,21,https://www.district.in/movies/miraj-cinemas-srk-mall-coimbatore-in-coimbatore-CD10279
4051,something to do this weekend,18100,2,5502,$0.22,1,34,https://www.district.in/activities/
4052,soda bottle opener wala,22200,17,164,$0,6,13,https://www.district.in/dining/kolkata/sodabottleopenerwala-prince-anwar-shah-road
4053,sandy's chocolate lab,18100,11,356,$0.46,3,19,https://www.district.in/dining/chennai/sandys-chocolate-laboratory-nungambakkam
4054,regal square,18100,22,77,$0.16,7,19,https://www.district.in/movies/inox-nexus-indore-central-regal-square-indore-in-indore-CD1024422
4055,venkateshwara theatre 4k 3d,14800,20,77,$0.19,16,20,https://www.district.in/movies/sri-venkateswara-theatre-a-c-4k-rgb-laser-dolby-guduvanchery-chennai-in-chennai-CD28925
4056,upcoming telugu movie,320,2,2932,$0,1,39,https://www.district.in/movies/upcoming-telugu-movies
4057,udupi sri krishna bhavan bangalore,9900,8,848,$0.45,6,21,https://www.district.in/dining/bangalore/udupi-sri-krishna-bhavan-since-1926-basavanagudi-bangalore
4058,trampoline park mumbai,18100,7,2932,$0.04,18,24,https://www.district.in/events/bounce-inc-mumbai-buy-tickets
4059,today tnpl match,18100,7,611,$0,1,37,https://www.district.in/events/shriram-capital-tnpl-2025-team
4060,tnr north city mall,12100,2,5502,$0.15,10,20,https://www.district.in/movies/cinepolis-tnr-north-city-suchitra-hyderabad-in-hyderabad-CD1039952
4061,tirupur usha cinemas,18100,3,1761,$0.04,2,20,https://www.district.in/movies/usha-multiplex-dharapuram-road-tirupur-in-tirupur-CD663
4062,thick milkshake factory,18100,19,164,$0.17,2,22,https://www.district.in/dining/hyderabad/the-thickshake-factory-manikonda
4063,the gt road,14800,17,135,$0.40,8,47,https://www.district.in/dining/ncr/the-gt-road-connaught-place-new-delhi
4064,telugu movies 2026,22200,4,1761,$0.02,1,30,https://www.district.in/movies/upcoming-telugu-movies
4065,karnataka food centre,18100,9,1192,$0.09,2,22,https://www.district.in/dining/ncr/karnataka-food-centre-r-k-puram-new-delhi
4066,joshi marg,14800,17,101,$0.10,5,19,https://www.district.in/dining/mumbai/joshi-house-1-worli
4067,ipl cricket apps,18100,46,38,$0.12,1,41,https://www.district.in/events/sunrisers-hyderabad-team
4068,inox rangoli mall,18100,3,1761,$0,1,18,https://www.district.in/movies/inox-forum-rangoli-mall-belur-howrah-in-kolkata-CD1029337
4069,haldiram karol bagh,18100,5,1192,$0.16,11,22,https://www.district.in/dining/ncr/haldirams-karol-bagh-new-delhi
4070,gurugram restaurant,18100,26,48,$0.24,9,26,https://www.district.in/dining/
4071,goa cricket team,18100,106,38,$0,1,30,https://www.district.in/
4072,cinemas in hyderabad,18100,7,1192,$0.01,3,33,https://www.district.in/movies/cinemas-in-hyderabad
4073,cinema blue,18100,10,204,$0,1,36,https://www.district.in/movies/blue-cinemas-rgb-laser-4k-dolby-atmos-vellore-in-vellore-CD1041804
4074,cast of bha bha ba,18100,9,463,$0,1,35,https://www.district.in/movies/bha-bha-ba-movie-tickets-MV198971
4075,camp burger,18100,21,77,$0.07,2,24,https://www.district.in/dining/pune/camp-new-burger-pune-solapur-road
4076,bookmyshow khammam,22200,16,92,$0,1,24,https://www.district.in/movies/khammam-movie-tickets
4077,hafeez cricketer,18100,32,38,$0.02,1,41,https://www.district.in/play/gameazon-box-cricket-football-turf-balapur-hyderabad-slots-booking
4078,formula for ncr,18100,76,38,$0,1,24,https://www.district.in/activities/
4079,dlf phase 4,18100,78,38,$0.15,6,20,https://www.district.in/stores/
4080,creed movies,12100,60,38,$0,1,73,https://www.district.in/play/creed-sports-arena-jalpally-hyderabad-slots-booking
4081,comedy club near me,18100,6,1761,$0.01,1,40,https://www.district.in/activities/comedy-shows-near-me/
4082,best movies adventure,18100,34,38,$0.02,1,46,https://www.district.in/movies/
4083,beatles cafe cafe delmar,18100,31,38,$0.07,2,22,https://www.district.in/dining/rishikesh/beatles-cafe-tapovan
4084,bastian bangalore,18100,13,356,$0.24,1,24,https://www.district.in/dining/bangalore/bastian-garden-city-st-marks-road-bangalore
4085,barrys sky lounge bar & kitchen,12100,7,1192,$0.22,11,19,https://www.district.in/dining/bangalore/barrys-sky-lounge-kalyan-nagar-bangalore
4086,bang bang noodles,8100,11,463,$0.42,4,32,https://www.district.in/dining/mumbai/bang-bang-noodle-goregaon-west
4087,ashok theatre,22200,8,848,$0.07,2,25,https://www.district.in/movies/ashok-theatre-a-c-4k-dolby-atmos-pondicherry-in-puducherry-CD29761
4088,ashok cosmos mall,9900,2,2932,$0.42,13,19,https://www.district.in/movies/gold-cinema-ashok-cosmos-mall-sanjay-place-agra-in-agra-CD4327
4089,4 star movie,18100,21,59,$0,1,26,https://www.district.in/movies/fun-cinema-k-star-mall-chembur-e-mumbai-in-mumbai-CD145
4090,things to do weekend,18100,4,2932,$0.22,1,20,https://www.district.in/activities/
4091,thick shake factory,18100,24,59,$0.08,2,19,https://www.district.in/dining/hyderabad/the-thickshake-factory-sainikpuri-secunderabad
4092,with love movie tamil,22200,12,463,$0,1,30,https://www.district.in/movies/with-love-movie-tickets-MV212336
4093,us cinemas,12100,5,2932,$0.28,5,26,https://www.district.in/movies/us-cinemas-eros-mall-indirapuram-ghaziabad-in-new-delhi-CD2608
4094,upcoming telugu movies,22200,2,2932,$0.01,1,20,https://www.district.in/movies/upcoming-telugu-movies
4095,palakkad priyadarshini theatre,18100,5,848,$0.49,1,20,https://www.district.in/movies/priyadarsini-cinema-priyadarsini-road-palakkad-in-vadakkencherry-CD1020862
4096,new irani restaurant,12100,9,848,$0.20,8,23,https://www.district.in/dining/ahmedabad/new-irani-restaurant-bhadra
4097,movies hyderabad,18100,3,2932,$0.01,4,30,https://www.district.in/movies/hyderabad-movie-tickets
4098,movie with maya,18100,8,1192,$0.07,1,56,https://www.district.in/movies/maya-movie-tickets-MV215064
4099,magic frame,12100,1,5502,$0.03,1,39,https://www.district.in/movies/magic-frames-cinemas-karukachal-in-pala-CD1102227
4100,lsg vs csk 2026,18100,4,1761,$0.17,1,20,https://www.district.in/events/screening-of-lsg-vs-csk-tata-ipl-2026-may15-2026-buy-tickets
4101,laalo krishna sada sahaayate,18100,11,463,$0.03,1,31,https://www.district.in/movies/laalo-krishna-sada-sahaayate-movie-tickets-MV204602
4102,rolls 21,18100,4,1761,$0,1,38,https://www.district.in/dining/bangalore/rolls-21-nagarbhavi-bangalore
4103,lakshmi stores,9900,72,38,$0.20,4,22,https://www.district.in/movies/grand-cinemas-karnur-bus-stop-hosur-in-hosur-CD1015289
4104,kd the devil release date,18100,22,59,$0,1,27,https://www.district.in/movies/kd-movie-tickets-MV157420
4105,kattalan movie,18100,8,1192,$0,1,21,https://www.district.in/movies/kattalan-movie-tickets-MV191696
4106,jinn the movie,18100,29,41,$0,1,35,https://www.district.in/movies/jinn-movie-tickets-MV211745
4107,inda cafe,18100,8,848,$0.05,1,22,https://www.district.in/dining/kollam/inda-cafe-1-varkala
4108,hyd movies,18100,3,2932,$0.01,3,45,https://www.district.in/movies/hyderabad-movie-tickets
4109,film ashoka,22200,55,38,$0.04,1,31,https://www.district.in/movies/koratagere-movie-tickets
4110,dude cast,6600,5,1761,$0,1,42,https://www.district.in/movies/dude-movie-tickets-in-vele-MV197550
4111,bharath theater,18100,2,2932,$0.12,1,21,https://www.district.in/movies/bharath-theatre-4k-rgb-laser-dolby-atmos-washermenpet-chennai-in-chennai-CD3960
4112,amethyst cafe,18100,12,463,$0.15,1,23,https://www.district.in/dining/chennai/amethyst-cafe-thousand-lights
4113,al reem thammanam,18100,2,2932,$0,3,19,https://www.district.in/dining/kochi/hotel-al-reem-vyttila
4114,desi vibes,14800,23,77,$0.24,2,23,https://www.district.in/dining/ncr/desi-vibes-gaur-city-1-greater-noida
4115,dd cinemas,9900,7,1192,$0.10,3,21,https://www.district.in/movies/dd-cinemas-viva-city-mall-jaipur-in-jaipur-CD1038300
4116,dd cinema,18100,2,2932,$0.02,1,37,https://www.district.in/movies/bharat-dd-plex-asfabad-firozabad-in-firozabad-CD24971
4117,darshan restaurant,14800,14,271,$0.10,3,22,https://www.district.in/dining/vadodara/darshan-restaurant-sayajigunj
4118,cold storage movie,12100,10,611,$0,1,42,https://www.district.in/movies/cold-storage-movie-tickets-MV204116
4119,city gold ashram road ahmedabad,18100,3,1761,$0.03,1,20,https://www.district.in/movies/city-gold-ashram-road-in-ahmedabad-CD1102111
4120,cinema in vadodara,18100,8,848,$0.01,1,33,https://www.district.in/movies/vadodara-movie-tickets
4121,chalston beach resort goa,18100,44,38,$0.14,36,21,https://www.district.in/dining/goa/chalston-restaurant-calangute
4122,chal mera putt 4,12100,6,1761,$0.76,1,27,https://www.district.in/movies/chal-mera-putt-4-movie-tickets-in-goa-MV179232
4123,cast of materialists,9900,12,271,$0,1,32,https://www.district.in/movies/materialists-movie-tickets-MV193414
4124,cast of 120 bahadur,9900,9,611,$0,1,24,https://www.district.in/movies/120-bahadur-movie-tickets-in-ropar-MV177733
4125,bombay house,14800,14,271,$0,5,24,https://www.district.in/dining/mumbai/the-bombay-house-dahisar-west
4126,sobha mall inox,18100,3,1761,$1.08,2,19,https://www.district.in/movies/inox-sobha-city-mall-puzhakkal-thrissur-in-edappal-CD1030142
4127,sikkim house,14800,11,611,$0.13,5,24,https://www.district.in/dining/ncr/sikkim-house-chanakyapuri-new-delhi
4128,sakura matcha bar,14800,6,2932,$0.22,4,26,https://www.district.in/dining/bangalore/sakura-matcha-bar-jp-nagar-bangalore
4129,vizag restaurants,18100,18,135,$0.03,1,24,https://www.district.in/
4130,things to to do this weekend,18100,2,5502,$0.22,1,20,https://www.district.in/activities/bengaluru-activity-tickets/
4131,things do this weekend,18100,3,2932,$0.22,1,39,https://www.district.in/activities/
4132,the local,18100,11,463,$0.11,4,43,https://www.district.in/dining/bangalore/the-local-kalyan-nagar-bangalore
4133,the living room,18100,12,463,$0.26,4,21,https://www.district.in/dining/bangalore/the-living-room-cafe-brigade-road-bangalore
4134,that's tamil,18100,20,48,$0,1,71,https://www.district.in/movies/29-movie-tickets-MV219989
4135,romeo lane nagpur,9900,8,1192,$0.33,1,32,https://www.district.in/dining/nagpur/romeo-lane-laxmi-nagar
4136,read people like a book,14800,85,38,$0.02,60,23,https://www.district.in/events/coffee-quiet-reading-by-awadh-reads-lucknow-book-club-may10-2026-buy-tickets
4137,rcb vs pbks 2026,18100,7,1761,$0,1,19,https://www.district.in/events/screening-of-pbks-vs-rcb-tata-ipl-2026-may17-2026-buy-tickets
4138,pvr superplex inorbit mall cyberabad,6600,3,2932,$0.21,7,20,https://www.district.in/movies/pvr-inorbit-cyberabad-hyderabad-in-hyderabad-CD1022263
4139,pvr promenade vasant kunj,18100,1,5502,$0.05,3,11,https://www.district.in/movies/pvr-promenade-vasant-kunj-new-delhi-in-new-delhi-CD1019394
4140,pvr cinema jabalpur,18100,3,1761,$0.03,1,23,https://www.district.in/movies/pvr-ka-mall-jabalpur-in-jabalpur-CD1057799
4141,places in east delhi,18100,70,38,$0.06,1,22,https://www.district.in/activities/
4142,pappu da dhaba,18100,10,611,$0,1,19,https://www.district.in/dining/bangalore/pappu-da-dhaba-marathahalli-bangalore
4143,neelkanth lucknow,18100,13,356,$0.09,2,21,https://www.district.in/dining/lucknow/neelkanth-sweets-gomti-nagar
4144,mortal kombat 2 cast,18100,9,463,$0,1,37,https://www.district.in/movies/mortal-kombat-ii-movie-tickets-in-raikal-MV171960
4145,momos point,14800,21,106,$0,2,23,https://www.district.in/dining/ncr/delicious-momo-point-tilak-nagar-new-delhi
4146,momo point,14800,11,848,$0,2,23,https://www.district.in/dining/ncr/delicious-momo-point-tilak-nagar-new-delhi
4147,movie of indian,18100,13,271,$0.02,1,44,https://www.district.in/movies/upcoming-hindi-movies
4148,lockdown movie 2026,14800,9,611,$0.31,1,26,https://www.district.in/movies/lockdown-movie-tickets-MV173228
4149,khyber,18100,36,38,$0.05,10,40,https://www.district.in/dining/mumbai/khyber-fort
4150,jaya cinema laketown,14800,46,38,$0.08,3,21,https://www.district.in/movies/cinepolis-lake-mall-rashbehari-kolkata-in-kolkata-CD1041
4151,entertainment paradise,18100,3,2932,$0.01,4,25,https://www.district.in/movies/miraj-cinemas-entertainment-paradise-jaipur-in-jaipur-CD9149
4152,empire hsr layout,18100,4,1761,$0.15,7,21,https://www.district.in/dining/bangalore/empire-restaurant-since-1966-hsr-bangalore
4153,elante mall chandigarh,18100,14,204,$0.04,1,19,https://www.district.in/movies/pvr-elante-mall-chandigarh-in-mohali-CD1025099
4154,ega cinema,18100,3,1761,$0.15,1,38,https://www.district.in/movies/ega-cinemas-rgb-laser-dolby-audio-couple-sofa-kilpauk-chennai-in-chennai-CD1042615
4155,eat punjab,14800,11,463,$0.06,3,27,https://www.district.in/dining/ahmedabad/eat-punjab-gurukul
4156,downtown noida,14800,8,848,$0.10,2,19,https://www.district.in/dining/ncr/downtown-noida-alfresco-pub-brewery-sector-62-noida
4157,cast of vaazha,2400,5,1192,$0,1,28,https://www.district.in/movies/vaazha-ii-biopic-of-a-billion-bros-movie-tickets-MV214231
4158,bookmyshow near me,18100,10,204,$0.03,2,19,https://www.district.in/
4159,assi movie release date,18100,10,463,$0.49,1,27,https://www.district.in/movies/assi-movie-tickets-MV213944
4160,apple cinemas,18100,10,463,$0.03,5,32,https://www.district.in/movies/apple-cinema-bapunagar-ahmedabad-in-ahmedabad-CD1017128
4161,adventure park in delhi,18100,5,5502,$0.18,5,12,https://www.district.in/activities/theme-parks-in-delhi-ncr/
4162,acropolis cinepolis,14800,2,2932,$0.08,1,20,https://www.district.in/movies/cinepolis-acropolis-mall-rajdanga-road-kolkata-in-kolkata-CD148
4163,kiosk kaffee,22200,13,271,$0,4,26,https://www.district.in/dining/pune/kiosk-kaffee-pune-solapur-road
4164,jana nayagan ticket booking date,18100,5,1192,$0.01,1,19,https://www.district.in/movies/jana-nayagan-movie-tickets-MV188681
4165,inox sattva necklace mall,9900,2,2932,$0.16,5,21,https://www.district.in/movies/inox-sattva-necklace-mall-kavadiguda-hyderabad-in-hyderabad-CD1020781
4166,inox prozone mall coimbatore,12100,3,1761,$0.07,6,21,https://www.district.in/movies/inox-prozone-mall-sathy-road-coimbatore-in-coimbatore-CD1025103
4167,humayun tomb museum,12100,9,611,$0.15,2,28,https://www.district.in/events/humayuns-tomb-buy-tickets
4168,hotel kalasagar,18100,11,271,$0.11,9,26,https://www.district.in/dining/pune/hotel-kalasagar-pimpri
4169,hot breads,27100,36,38,$0.16,9,29,https://www.district.in/dining/chennai/hot-breads-kilpauk
4170,haji ali juice centre,18100,27,48,$0,4,12,https://www.district.in/dining/mumbai/haji-ali-juice-center-tardeo
4171,gravity mall,12100,7,1761,$0.01,3,22,https://www.district.in/movies/cinepolis-gravity-mall-patna-in-patna-CD1054545
4172,go goa gone 2,18100,6,1761,$0,1,10,https://www.district.in/movies/go-goa-gone-2-movie-tickets-MV142506
4173,food village,18100,62,38,$0.13,7,23,https://www.district.in/dining/hisar/the-food-village-1-hisar-locality
4174,welcome to the jungle 2025 release date,18100,14,204,$0,1,48,https://www.district.in/movies/welcome-to-the-jungle-movie-tickets-MV165834
4175,the park delhi connaught place,18100,31,38,$0.66,63,33,https://www.district.in/dining/ncr/aqua-the-park-connaught-place-new-delhi
4176,social kitchen restaurant,12100,13,271,$0.08,4,46,https://www.district.in/dining/ncr/the-social-kitchen-1-sector-39-gurgaon
4177,sobha mall,18100,16,135,$0.15,5,21,https://www.district.in/movies/inox-sobha-city-mall-puzhakkal-thrissur-in-edappal-CD1030142
4178,xplore trampoline and amusement park,14800,3,5502,$0.31,5,26,https://www.district.in/events/xplore-2026-buy-tickets
4179,worlds of wonder ticket water park,22200,2,2932,$0.21,3,17,https://www.district.in/events/worlds-of-wonder-wow-water-park-buy-tickets
4180,wet n joy water park rates,22200,17,101,$0.05,18,15,https://www.district.in/events/wet-n-joy-water-park--amusement-park-buy-tickets
4181,things to explore in delhi,18100,8,848,$0.16,40,39,https://www.district.in/activities/
4182,tennis court near me,18100,5,2932,$0.11,3,16,https://www.district.in/play/
4183,svf cinema howrah,18100,5,2932,$0.08,1,21,https://www.district.in/movies/svf-cinemas-platina-mall-howrah-in-kolkata-CD1102203
4184,water park mumbai,22200,15,271,$0.10,11,23,https://www.district.in/activities/water-parks-activities-in-mumbai/
4185,upcoming new telugu movies,22200,8,611,$0.01,1,51,https://www.district.in/movies/upcoming-telugu-movies
4186,udupi sri krishna bhavan,9900,25,59,$0.45,6,19,https://www.district.in/dining/mangalore/udupi-sri-krishna-bhavan-bhavathi
4187,tirupati restaurant,14800,30,38,$0.02,1,23,https://www.district.in/
4188,palakkad priya theatre,18100,20,77,$0.14,1,21,https://www.district.in/movies/priyadarsini-cinema-priyadarsini-road-palakkad-in-vadakkencherry-CD1020862
4189,night club in gurgaon,18100,8,1192,$0.16,5,12,https://www.district.in/events/nightlife-in-gurgaon-book-tickets
4190,narasimha avatar movie,8100,12,463,$0.03,1,26,https://www.district.in/movies/mahavatar-narsimha-movie-tickets-MV183788
4191,muhammadi palace,12100,11,463,$0.11,6,22,https://www.district.in/dining/jaipur/muhammadi-palace-pink-city
4192,movie october,18100,27,43,$0,1,42,https://www.district.in/movies/october-2018-movie-tickets-in-malur-MV252
4193,movie max cinema,18100,5,1192,$0.11,3,21,https://www.district.in/movies/moviemax-pr-mall-wall-tax-road-chennai-in-chennai-CD1102281
4194,middle class tamil movie,18100,19,106,$0.09,1,26,https://www.district.in/movies/middle-class-movie-tickets-in-una-MV208925
4195,lavie en rose cafe,18100,9,848,$0.08,3,21,https://www.district.in/dining/hyderabad/la-vie-en-rose-cafe-bistro-gachibowli
4196,rangoli mall belur,18100,8,848,$0,2,19,https://www.district.in/movies/inox-forum-rangoli-mall-belur-howrah-in-kolkata-CD1029337
4197,ramayan release date,22200,40,38,$0,1,38,https://www.district.in/movies/ramayana-movie-tickets-MV176276
4198,raj's spanish cafe,12100,11,356,$0.08,3,26,https://www.district.in/dining/kolkata/raj-spanish-cafe-new-market-area
4199,pvr cinemas allahabad,18100,4,1192,$0.05,3,22,https://www.district.in/movies/pvr-vinayak-sardar-patel-marg-prayagraj-in-allahabad-CD1025114
4200,pvr cinema ticket,18100,52,38,$0.03,2,25,https://www.district.in/movies/dhurandhar-the-revenge-movie-tickets-in-gurgaon-MV211577
4201,pvr cinema edm mall,14800,4,1761,$0.04,2,22,https://www.district.in/movies/pvr-edm-edm-mall-ghaziabad-in-new-delhi-CD1020700
4202,pratap da dhaba,12100,22,77,$0.24,8,23,https://www.district.in/dining/mumbai/pratap-the-dhaba-oshiwara
4203,one8 commune pune,9900,10,463,$0.46,6,23,https://www.district.in/dining/pune/one8-commune-koregaon-park
4204,genres for movies,18100,75,38,$0,1,64,https://www.district.in/movies/
4205,game palacio,14800,3,1761,$0.32,1,23,https://www.district.in/events/the-game-palacio-delhi-ansal-plaza-nov14-2025-buy-tickets
4206,films in october,22200,23,48,$0,1,32,https://www.district.in/movies/october-2018-movie-tickets-in-malur-MV252
4207,festivals in near me,18100,6,1761,$0.14,1,45,https://www.district.in/events/fests-fairs-in-gurgaon-book-tickets
4208,ek din movie,22200,8,848,$0,1,24,https://www.district.in/movies/ek-din-movie-tickets-MV201930
4209,ega theatre chennai,18100,3,1761,$0.15,1,36,https://www.district.in/movies/ega-cinemas-rgb-laser-dolby-audio-couple-sofa-kilpauk-chennai-in-chennai-CD1042615
4210,ega cinemas kilpauk,18100,2,2932,$0.15,1,35,https://www.district.in/movies/ega-cinemas-rgb-laser-dolby-audio-couple-sofa-kilpauk-chennai-in-chennai-CD1042615
4211,kuai kitchen,12100,9,848,$0.18,4,20,https://www.district.in/dining/mumbai/kuai-kitchen-colaba
4212,kipling restaurant chennai,22200,15,164,$0.05,1,24,https://www.district.in/dining/chennai/kipling-cafe-akkarai
4213,kailash parbat near me,18100,31,38,$0.05,5,21,https://www.district.in/dining/bangalore/kailash-parbat-kalyan-nagar-bangalore
4214,jaws 1975 movie,22200,16,204,$0.49,1,71,https://www.district.in/movies/jaws-1975-movie-tickets-in-koheda-MV155762
4215,ishan pure veg,18100,14,463,$0.42,5,20,https://www.district.in/dining/pune/ishan-pure-veg-shivaji-nagar
4216,ipl match today stadium,22200,9,463,$0.01,1,60,https://www.district.in/events/ipl-ticket-booking
4217,hyderabad film city,18100,27,59,$0.08,8,21,https://www.district.in/events/ramoji-studio-tour-jan23-2025-buy-tickets
4218,hyderabad chef,18100,11,611,$0.07,3,21,https://www.district.in/dining/bangalore/hyderabad-chefs-whitefield-bangalore
4219,bha bha ba release date,18100,19,92,$0,1,31,https://www.district.in/movies/bha-bha-ba-movie-tickets-MV198971
4220,anu ega cinemas,18100,4,1192,$0.15,1,32,https://www.district.in/movies/ega-cinemas-rgb-laser-dolby-audio-couple-sofa-kilpauk-chennai-in-chennai-CD1042615
4221,anand sweets whitefield,9900,5,1192,$0.29,9,20,https://www.district.in/dining/bangalore/anand-sweets-and-savouries-whitefield-bangalore
4222,amusement park in chennai,22200,18,164,$0.06,5,13,https://www.district.in/events/vgp-wonder-world-chennai-may18-2025-buy-tickets
4223,devi theatre 70 mm,18100,3,1761,$0.14,11,20,https://www.district.in/movies/devi-70mm-4k-laser-dolby-atmos-rtc-x-roads-hyderabad-in-hyderabad-CD1065724
4224,date night ideas,18100,51,38,$0.30,1,44,https://www.district.in/activities/delhi-ncr-activity-tickets/
4225,cool joint,14800,8,1192,$0,15,27,https://www.district.in/dining/bangalore/cool-joint-jayanagar
4226,café udupi ruchi,18100,32,38,$0.11,3,21,https://www.district.in/dining/pune/cafe-udupi-1-viman-nagar
4227,businessman movie telugu,22200,38,38,$0.08,1,28,https://www.district.in/movies/
4228,champion 2025,12100,9,848,$0,1,45,https://www.district.in/movies/champion-movie-tickets-MV193511
4229,cape goa,22200,19,101,$0.07,11,28,https://www.district.in/dining/goa/the-cape-goa-3-cavelossim
4230,cafe antonio,12100,7,848,$0.09,4,37,https://www.district.in/dining/goa/cafe-antonio-anjuna
4231,bounce inc mumbai,18100,8,1192,$0.04,12,21,https://www.district.in/events/bounce-inc-mumbai-buy-tickets
4232,tata wpl,18100,7,611,$0,1,23,https://www.district.in/events/womens-premier-league-2026-team
4233,satyam janak place,18100,3,1761,$0.04,1,20,https://www.district.in/movies/inox-janak-place-district-centre-new-delhi-in-gurgaon-CD1018956
4234,salliyargal,12100,8,1192,$0,1,23,https://www.district.in/movies/salliyargal-movie-tickets-in-mangaldoi-MV212656
4235,restaurants in gachibowli hyderabad,14800,40,38,$0.04,9,21,https://www.district.in/events/rock-on-harris-hyderabad-2026-buy-tickets
4236,rangoli mall inox,18100,2,2932,$0,1,18,https://www.district.in/movies/inox-forum-rangoli-mall-belur-howrah-in-kolkata-CD1029337
4237,radha theatre kozhikode,12100,2,2932,$0.21,1,17,https://www.district.in/movies/magic-frames-radha-4k-3d-dolby-7-1-ultra-bass-sm-street-calicut-in-kozhikode-CD1054742
4238,pvr kolhapur,18100,2,2932,$0.03,1,24,https://www.district.in/movies/pvr-dyp-city-mall-kavala-naka-kolhapur-in-kolhapur-CD1019885
4239,prozone mall coimbatore inox,18100,3,1761,$0.03,6,21,https://www.district.in/movies/inox-prozone-mall-sathy-road-in-coimbatore-CD1025103
4240,the paradise by tunga mumbai,18100,38,38,$0.18,24,18,https://www.district.in/dining/mumbai/ganga-the-paradise-by-tunga-mahakali
4241,the fixx,18100,8,356,$0.10,4,37,https://www.district.in/dining/bangalore/the-fixx-1-koramangala-4th-block-bangalore
4242,manasa theatre,22200,5,848,$0.24,1,24,https://www.district.in/movies/manasa-rgb-laser-atmos-cinemas-konankunte-bengaluru-in-bengaluru-CD1042222
4243,local events,18100,2,5502,$0.12,1,39,https://www.district.in/events/
4244,local event,18100,7,1192,$0.12,1,24,https://www.district.in/events/
4245,kanimangalam kovilakam,14800,8,1192,$0.34,1,22,https://www.district.in/movies/kanimangalam-kovilakam-movie-tickets-MV212127
4246,kahani craft bar and kitchen,14800,7,1192,$0.07,3,22,https://www.district.in/dining/bangalore/kahani-craft-bar-and-kitchen-jalahalli-bangalore
4247,jan neta,12100,7,1192,$0,1,25,https://www.district.in/movies/jan-neta-movie-tickets-MV212360
4248,ikk panjab,18100,9,356,$0.33,1,19,https://www.district.in/dining/ncr/ikk-panjab-rajouri-garden-new-delhi
4249,pookie movie,18100,9,848,$0.04,1,21,https://www.district.in/movies/pookie-movie-tickets-MV212036
4250,pariwar dhaba,18100,6,1761,$0.23,5,22,https://www.district.in/dining/hyderabad/pariwar-dhaba-tolichowki
4251,palaxi cinemas perinthalmanna,18100,5,848,$0.11,1,31,https://www.district.in/movies/perinthalmanna-movie-tickets
4252,ntr age,22200,43,38,$0,1,24,https://www.district.in/events/pata-aata-telugu-music-jam-night-khammam-may17-2026-buy-tickets
4253,nilave movie 2026,18100,8,1192,$0,1,22,https://www.district.in/movies/nilave-movie-tickets-MV215063
4254,neelkanth sweets gomti nagar,14800,8,611,$0.15,5,19,https://www.district.in/dining/lucknow/neelkanth-sweets-gomti-nagar
4255,nair mess chennai,12100,13,356,$0.34,5,23,https://www.district.in/dining/chennai/nair-mess-triplicane
4256,movies in lucknow,18100,3,2932,$0.01,4,27,https://www.district.in/movies/lucknow-movie-tickets
4257,movies in june,18100,5,1761,$0,1,66,https://www.district.in/movies/upcoming-movies
4258,minerva,14800,12,356,$1.79,3,36,https://www.district.in/movies/minerva-empire-cinemaz-chandamukku-kottarakara-in-kottarakara-CD3906
4259,filmy 4 2026,12100,5,1192,$0,1,25,https://www.district.in/movies/upcoming-hindi-movies
4260,elan mercado,9900,5,848,$0.30,5,14,https://www.district.in/movies/pvr-elan-mercado-sector-80-gurugram-in-gurgaon-CD1016452
4261,ek deewane ki deewani release date,1900,11,463,$0,1,28,https://www.district.in/movies/ek-deewane-ki-deewaniyat-2025-movie-tickets-MV190438
4262,coffee home,18100,8,463,$0,3,24,https://www.district.in/dining/ncr/coffee-home-connaught-place-new-delhi
4263,cocktail hindi movie,18100,19,106,$0.13,1,18,https://www.district.in/movies/cocktail-2012-movie-tickets-MV137856
4264,cinepolis acropolis,12100,2,2932,$0.21,1,19,https://www.district.in/movies/cinepolis-acropolis-mall-rajdanga-road-kolkata-in-kolkata-CD148
4265,haq movie release date,12100,12,271,$0.01,1,27,https://www.district.in/movies/haq-movie-tickets-MV206631
4266,bharath theatre chennai,18100,2,2932,$0.12,1,19,https://www.district.in/movies/bharath-theatre-4k-rgb-laser-dolby-atmos-washermenpet-chennai-in-chennai-CD3960
4267,best restaurants vadodara,18100,44,38,$0.15,2,19,https://www.district.in/
4268,bambukat 2,18100,8,1761,$0,1,23,https://www.district.in/movies/bambukat-2-movie-tickets-MV214284
4269,anjan theater,18100,32,38,$0.06,1,21,https://www.district.in/movies/bengaluru-movie-tickets
4270,5 movie rulez2 com 2025 telugu,9900,20,48,$0,1,39,https://www.district.in/movies/upcoming-movies
4271,toxic cast,2900,8,848,$0,1,38,https://www.district.in/movies/toxic-a-fairy-tale-for-grown-ups-movie-tickets-MV168613
4272,tollywood upcoming movie,18100,1,5502,$0,1,38,https://www.district.in/movies/upcoming-telugu-movies
4273,rmz galleria mall,18100,9,356,$0,5,20,https://www.district.in/movies/inox-galleria-mall-yelahanka-bengaluru-in-bengaluru-CD1020731
4274,rever glasshouse cafe,14800,4,1761,$0.24,2,22,https://www.district.in/dining/kolkata/rever-glasshouse-cafe-southern-avenue
4275,restaurants in bhubaneswar,18100,41,38,$0.15,4,20,https://www.district.in/
4276,rangoon place,18100,21,101,$0,1,23,https://www.district.in/dining/solapur/rangoon-restro-solapur-locality
4277,raja saab movie songs,14800,39,38,$0,1,26,https://www.district.in/movies/anantapur-movie-tickets
4278,pvr panipat,14800,2,2932,$0.04,2,23,https://www.district.in/movies/pvr-fun-city-barsad-road-panipat-in-panipat-CD1020671
4279,pvr cinemas moradabad,18100,3,1761,$0.05,1,19,https://www.district.in/movies/pvr-parshvanath-mall-kanth-road-moradabad-in-moradabad-CD1023578
4280,pvr bangalore phoenix mall,18100,3,1761,$0.05,3,20,https://www.district.in/movies/pvr-phoenix-marketcity-mall-whitefield-road-bengaluru-in-bengaluru-CD1022300
4281,park residency kakkanad,1900,13,164,$0.42,54,21,https://www.district.in/dining/kochi/hotel-park-residency-1-kakkanad
4282,paradise movie release date,14800,10,611,$0,1,40,https://www.district.in/movies/the-paradise-movie-tickets-MV185027
4283,yolo movies,18100,8,848,$0.10,1,29,https://www.district.in/movies/yolo-movie-tickets-MV205247
4284,wow noida tickets,22200,2,2932,$0.21,3,17,https://www.district.in/events/worlds-of-wonder-wow-water-park-buy-tickets
4285,when is rcb match 2026,18100,31,38,$0,1,28,https://www.district.in/events/screening-of-srh-vs-rcb-tata-ipl-2026-may22-2026-buy-tickets
4286,the game super park,18100,45,38,$0.05,5,27,https://www.district.in/activities/theme-parks-in-pune/
4287,svf cinema,9900,7,1192,$0,1,28,https://www.district.in/movies/svf-cinemas-platina-mall-howrah-in-kolkata-CD1102203
4288,suncity movie hisar,18100,5,848,$0.02,1,38,https://www.district.in/movies/suncity-cinemas-suncity-mall-hisar-in-hisar-CD1036568
4289,spice goa restaurant,18100,10,463,$0.06,4,22,https://www.district.in/dining/goa/spice-goa-restaurant-mapusa
4290,sobha city thrissur inox,18100,3,1761,$0.23,1,24,https://www.district.in/movies/inox-sobha-city-mall-puzhakkal-thrissur-in-edappal-CD1030142
4291,sobha city mall inox,18100,2,2932,$0.11,1,23,https://www.district.in/movies/inox-sobha-city-mall-puzhakkal-thrissur-in-edappal-CD1030142
4292,sea tales restaurant,18100,8,1192,$0.02,5,20,https://www.district.in/dining/chennai/sea-tales-restaurant-injambakkam
4293,veerdency resort,8100,24,59,$0.17,22,20,https://www.district.in/dining/bangalore/veerdency-luxury-resort-devanahalli
4294,upcoming movies telugu,22200,4,2932,$0,1,19,https://www.district.in/movies/upcoming-telugu-movies
4295,u s cinemas,14800,7,1192,$0.13,2,30,https://www.district.in/movies/us-cinemas-eros-mall-indirapuram-ghaziabad-in-new-delhi-CD2608
4296,truffles sanjay nagar,18100,16,135,$0,5,20,https://www.district.in/dining/bangalore/truffles-new-bel-road
4297,things to do in this weekend,18100,2,5502,$0.02,1,19,https://www.district.in/activities/
4298,mahalaxmi hotel,14800,16,204,$0.21,1,22,https://www.district.in/dining/pune/mahalaxmi-hotel-chinchwad
4299,lake city mall,18100,11,356,$0,5,20,https://www.district.in/movies/inox-lake-city-mall-ashok-nagar-udaipur-in-udaipur-CD1019904
4300,kutty movie in tamil 2026 cast,5400,10,271,$0,1,28,https://www.district.in/movies/youth-movie-tickets-MV213456
4301,k cinemas,12100,8,611,$0,1,21,https://www.district.in/movies/k-cinemas-bahraich-in-bahraich-CD1100729
4302,hyderabad cinema,18100,6,1761,$0.01,3,38,https://www.district.in/movies/hyderabad-movie-tickets
4303,housemate movie,18100,20,77,$0.26,1,24,https://www.district.in/movies/housemates-movie-tickets-in-ron-MV202707
4304,haunted restaurant,18100,10,611,$0.04,4,25,https://www.district.in/dining/chennai/haunted-anna-nagar-east
4305,gaming parlour near me,18100,6,2932,$0.32,5,12,https://www.district.in/activities/game-zones-in-delhi-ncr/
4306,gaming center,12100,17,204,$0.12,1,22,https://www.district.in/activities/game-zones-in-delhi-ncr/
4307,game parlour near me,18100,6,2932,$0.32,5,12,https://www.district.in/activities/game-zones-activities-in-delhi-ncr/
4308,forum mall movie,18100,6,1192,$0.02,1,18,https://www.district.in/movies/pvr-superplex-forum-mall-kanakapura-road-bengaluru-in-bengaluru-CD1022305
4309,nearest comedy club to me,18100,12,611,$0.49,1,23,https://www.district.in/events/comedy-in-gurgaon-book-tickets
4310,nair mess triplicane,12100,14,271,$0.34,5,19,https://www.district.in/dining/chennai/nair-mess-triplicane
4311,movies in hyderabad,18100,3,2932,$0.01,4,30,https://www.district.in/movies/hyderabad-movie-tickets
4312,messi india,18100,8,1192,$0,1,38,https://www.district.in/events/messi-2025-india-tour-ticket-booking
4313,blackmail 2025,3600,10,611,$0.02,1,26,https://www.district.in/movies/blackmail-movie-tickets-MV202023
4314,baahubali 2 the conclusion cast,18100,10,463,$0,1,60,https://www.district.in/movies/baahubali-2-the-conclusion-2017-movie-tickets-MV144917
4315,apple cinema,18100,12,271,$0.04,2,20,https://www.district.in/movies/apple-cinema-bapunagar-ahmedabad-in-ahmedabad-CD1017128
4316,agarwal caterers,14800,7,1192,$0.13,9,20,https://www.district.in/dining/jaipur/agarwal-caterers-vaishali-nagar
4317,events free near me,18100,4,2932,$0.07,1,36,https://www.district.in/events/
4318,dive bkc mumbai,18100,8,1192,$0.10,2,19,https://www.district.in/dining/mumbai/bkc-dive-bandra-kurla-complex
4319,desi vibes noida,14800,10,463,$0.10,3,18,https://www.district.in/dining/ncr/desi-vibes-gaur-city-1-greater-noida
4320,date ideas night,12100,74,38,$0.55,1,47,https://www.district.in/activities/delhi-ncr-activity-tickets/
4321,corner house jayanagar 9th block,12100,5,2932,$0.41,14,20,https://www.district.in/dining/bangalore/corner-house-ice-creams-jayanagar-bangalore
4322,city gold theatre ashram road,18100,3,1761,$0.45,1,21,https://www.district.in/movies/city-gold-ashram-road-in-ahmedabad-CD1102111
4323,cast of rockstar 2011,18100,12,356,$0,1,47,https://www.district.in/movies/rockstar-2011-movie-tickets-MV137395
4324,yuhi,14800,16,164,$0.13,8,27,https://www.district.in/dining/mumbai/yuhi-powai
4325,elephant and co baner,12100,4,1761,$0.21,8,22,https://www.district.in/dining/pune/elephant-co-baner
4326,ega multiplex chennai,18100,3,1761,$0.15,1,25,https://www.district.in/movies/ega-cinemas-rgb-laser-dolby-audio-couple-sofa-kilpauk-chennai-in-chennai-CD1042615
4327,date release,22200,5,1761,$0,1,36,https://www.district.in/movies/upcoming-hindi-movies
4328,city gold ahmedabad ashram road,18100,2,2932,$0.03,1,19,https://www.district.in/movies/city-gold-ashram-road-in-ahmedabad-CD1102111
4329,cinepolis: p&m mall,22200,3,1761,$0.01,1,21,https://www.district.in/movies/cinepolis-p-m-mall-patliputra-colony-patna-in-patna-CD152
4330,cinepolis v3s,9900,2,2932,$0.09,1,20,https://www.district.in/movies/cinepolis-v3s-mall-laxmi-nagar-new-delhi-in-new-delhi-CD1335
4331,chennai super kings match today,14800,5,1192,$0.02,1,37,https://www.district.in/events/chennai-super-kings-team
4332,cecilia's pizzeria,9900,9,848,$0.28,7,21,https://www.district.in/dining/ncr/cecilias-pizzeria-rajouri-garden-new-delhi
4333,water park in pune,22200,14,356,$0.17,21,18,https://www.district.in/activities/water-parks-in-pune/
4334,vijay cross road,18100,18,92,$0.14,5,19,https://www.district.in/dining/ahmedabad/lords-navrangpura
4335,usha multiplex cinemas,18100,6,611,$0.40,1,19,https://www.district.in/movies/usha-multiplex-dharapuram-road-tirupur-in-tirupur-CD663
4336,true black speciality coffee jubilee hills,18100,8,1192,$0.47,5,19,https://www.district.in/dining/hyderabad/true-black-speciality-coffee-jubilee-hills
4337,marriott chakan,14800,41,38,$0.47,12,26,https://www.district.in/dining/pune/momo-2go-courtyard-by-marriott-pune-chakan-chakan
4338,leader movie,18100,14,271,$0.03,1,24,https://www.district.in/movies/leader-movie-tickets-MV214837
4339,landlord kannada movie,18100,13,356,$0.21,5,21,https://www.district.in/movies/landlord-movie-tickets-MV210379
4340,karuppu movie download,320,2,5502,$0,1,21,https://www.district.in/movies/karuppu-movie-tickets-MV200421
4341,ownership of zomato,18100,69,38,$0,1,35,https://www.district.in/policies/terms-of-service
4342,old street cafe & bar,12100,7,1761,$0.25,8,34,https://www.district.in/dining/mumbai/old-street-cafe-bar-hill-road-bandra-west
4343,night date ideas,18100,55,38,$0.16,1,29,https://www.district.in/activities/delhi-ncr-activity-tickets/
4344,my lord 2026,18100,11,848,$0,1,22,https://www.district.in/movies/my-lord-movie-tickets-MV188746
4345,mr bhatura,18100,10,848,$0.09,4,22,https://www.district.in/dining/ncr/mr-bhatura-1-sector-72-noida
4346,movies in vadodara,18100,5,1192,$0.01,2,19,https://www.district.in/movies/vadodara-movie-tickets
4347,movie yolo,18100,12,356,$0.04,1,28,https://www.district.in/movies/yolo-movie-tickets-MV205247
4348,mona cinema,18100,5,848,$0.01,1,23,https://www.district.in/movies/patna-movie-tickets
4349,the girlfriend movie release date,18100,18,92,$0,1,30,https://www.district.in/movies/the-girlfriend-movie-tickets-MV167570
4350,stuff to do this weekend,18100,2,5502,$0.22,1,23,https://www.district.in/activities/
4351,street arabiya,18100,18,106,$0.13,3,19,https://www.district.in/dining/coimbatore/street-arabiya-singanallur
4352,sobha city inox cinemas,18100,2,2932,$0.03,1,20,https://www.district.in/movies/inox-sobha-city-mall-puzhakkal-thrissur-in-edappal-CD1030142
4353,sapna sangeeta lumiere,18100,6,611,$0.09,7,17,https://www.district.in/movies/sapna-sangeeta-lumiere-indore-in-indore-CD1040248
4354,pvr vasant kunj promenade,18100,2,2932,$0.06,2,23,https://www.district.in/movies/pvr-promenade-vasant-kunj-new-delhi-in-new-delhi-CD1019394
4355,pvr cinemax odeon ghatkopar mumbai,18100,3,1761,$0.03,3,11,https://www.district.in/movies/pvr-odeon-ghatkopar-east-mumbai-in-navi-mumbai-CD1013617
4356,playing dates,18100,5,2932,$0.16,1,30,https://www.district.in/events/
4357,us cinema,18100,7,1192,$0.10,3,33,https://www.district.in/movies/us-cinema-galaxy-blue-sapphire-plaza-greater-noida-west-in-new-delhi-CD40328
4358,kerala story 2 cast,14800,9,848,$0,1,26,https://www.district.in/movies/the-kerala-story-2-goes-beyond-movie-tickets-MV214234
4359,inox forum mall elgin road,18100,3,1761,$0.03,3,21,https://www.district.in/movies/inox-forum-mall-elgin-road-kolkata-in-kolkata-CD1020721
4360,indian republic canteen,18100,11,463,$0.20,6,27,https://www.district.in/dining/ncr/indian-republic-canteen-connaught-place-new-delhi
4361,indian movies indian movie,18100,17,106,$0.02,1,68,https://www.district.in/movies/upcoming-hindi-movies
4362,indian messi,18100,7,1761,$0,1,47,https://www.district.in/events/messi-2025-india-tour-ticket-booking
4363,hyd chefs,18100,11,463,$0.06,3,21,https://www.district.in/dining/bangalore/hyderabad-chefs-whitefield-bangalore
4364,housemates movie,12100,15,204,$0.27,1,27,https://www.district.in/movies/housemates-movie-tickets-MV202707
4365,good adventure movies,18100,58,38,$0.04,1,41,https://www.district.in/movies/
4366,gold cinema thane,18100,2,2932,$0,2,19,https://www.district.in/movies/gold-cinema-prabhat-plaza-thane-w-in-thane-CD873
4367,go karting pune,18100,11,463,$0.14,2,19,https://www.district.in/events/formula-karting-pune-2025-buy-tickets
4368,go karting delhi ncr,14800,23,59,$0.03,14,9,https://www.district.in/activities/go-karting-in-delhi-ncr/
4369,casa bella vista,12100,20,77,$0.40,3,31,https://www.district.in/dining/chandigarh/casa-bella-vista-pizzeria-sector-10
4370,bookmyshow mbnr,480,17,92,$0,1,21,https://www.district.in/movies/mahbubnagar-movie-tickets
4371,bookmyshow goa,18100,19,59,$0.03,8,26,https://www.district.in/movies/goa-movie-tickets
4372,bombay brasserie,22200,13,271,$0.31,3,25,https://www.district.in/dining/bangalore/bombay-brasserie-indiranagar
4373,best download websites for movies,18100,39,38,$0.03,1,41,https://www.district.in/movies/
4374,benne juhu,12100,9,848,$0.29,1,26,https://www.district.in/dining/mumbai/benne-1-juhu
4375,auda auditorium shela,22200,32,38,$0.11,6,17,https://www.district.in/events/mere-krishn-a-live-theatrical-experience-of-shree-krishns-life-tour-ticket-booking
4376,ashram road city gold,18100,3,1761,$0.45,1,21,https://www.district.in/movies/city-gold-ashram-road-in-ahmedabad-CD1102111
4377,deepak dhaba,18100,12,463,$0.06,1,21,https://www.district.in/dining/barnala/deepak-dhaba-2-barnala-locality
4378,dance clubs in gurgaon,18100,7,1761,$0.51,3,11,https://www.district.in/events/nightlife-in-gurgaon-book-tickets
4379,csk upcoming matches,9900,5,1192,$0.08,1,35,https://www.district.in/events/chennai-super-kings-team
4380,coconut grove,18100,18,164,$0.27,4,25,https://www.district.in/dining/bangalore/coconut-grove-church-street
4381,christian basti guwahati,18100,15,164,$0.15,3,20,https://www.district.in/dining/guwahati/annapurnam-christian-basti
4382,cast of son of sardaar,12100,7,848,$0,1,33,https://www.district.in/movies/son-of-sardaar-2012-movie-tickets-MV137897
4383,cast of now you see me,22200,9,356,$0,1,59,https://www.district.in/movies/now-you-see-me-now-you-don-t-movie-tickets-MV186215
4384,cast of king 2026,12100,6,1192,$0,1,39,https://www.district.in/movies/king-movie-tickets-MV208857
4385,cast of 28 years later,14800,9,611,$0,1,58,https://www.district.in/movies/28-years-later-movie-tickets-MV185671
4386,calicut cafe,18100,12,463,$0,3,24,https://www.district.in/dining/kottayam/calicut-cafe-kottayam-locality
4387,cafe azzure,18100,18,106,$0.86,6,25,https://www.district.in/dining/bangalore/cafe-azzure-yelahanka-bangalore
4388,tirupur usha theatre,18100,5,848,$0.05,2,20,https://www.district.in/movies/usha-multiplex-dharapuram-road-tirupur-in-tirupur-CD663
4389,things to do this weekend,2900,2,5502,$0.27,1,41,https://www.district.in/activities/bengaluru-activity-tickets/
4390,thane gold cinema,18100,5,848,$0.13,2,20,https://www.district.in/movies/gold-cinema-prabhat-plaza-thane-w-in-thane-CD873
4391,telugu film businessman,18100,26,41,$0.12,1,39,https://www.district.in/movies/nellore-movie-tickets
4392,surti hotel,14800,33,38,$0.03,7,23,https://www.district.in/dining/mumbai/surti-kalbadevi
4393,shuttle court near me,18100,7,1192,$0.17,5,12,https://www.district.in/play/
4394,sanjay cineplex,14800,1,5502,$0,1,22,https://www.district.in/movies/sanjay-cineplex-2k-dolby-atmos-banjariya-janpurl-chowk-motihari-in-motihari-CD1096482
4395,waterpark in mumbai,18100,4,1761,$0.07,12,36,https://www.district.in/activities/water-parks-in-mumbai/
4396,water park in mumbai,22200,7,1761,$0.07,13,15,https://www.district.in/activities/water-parks-in-mumbai/
4397,war 1 movie,18100,38,38,$0,1,43,https://www.district.in/movies/war-2019-movie-tickets-MV134072
4398,veera mallu,18100,10,611,$0,1,36,https://www.district.in/movies/hari-hara-veera-mallu-part-1-sword-vs-spirit-movie-tickets-in-chamba-MV143010
4399,lord of the drinks worli,18100,18,135,$0,5,12,https://www.district.in/dining/mumbai/lord-of-the-drinks-worli
4400,longuinhos beach resort goa,18100,39,38,$0.16,31,20,https://www.district.in/dining/goa/longuinhos-beach-resort-1-colva
4401,l b nagar hyderabad telangana,18100,104,38,$0.18,4,27,https://www.district.in/movies/hyderabad-movie-tickets
4402,kim near me,18100,72,38,$0.08,3,20,https://www.district.in/dining/ncr/kim-korean-sector-18-noida
4403,kannada a movie,18100,23,48,$0,1,39,https://www.district.in/movies/kannada-movies-tickets-in-delhi-ncr
4404,inox: elpro city square,18100,3,1761,$0.12,5,20,https://www.district.in/movies/inox-elpro-city-square-chinchwad-pune-in-pune-CD1019931
4405,inox hiland park location,12100,4,2932,$0,1,19,https://www.district.in/movies/inox-metropolis-mall-hiland-park-kolkata-in-kolkata-CD1020713
4406,rua beach cafe,14800,5,1761,$0.22,3,23,https://www.district.in/dining/mumbai/rua-beach-cafe-gorai
4407,rmz galleria mall bangalore,12100,12,204,$0.25,6,22,https://www.district.in/movies/inox-galleria-mall-yelahanka-bengaluru-in-bengaluru-CD1020731
4408,restaurant mumbai,18100,52,38,$0.06,10,34,https://www.district.in/
4409,ramayana release date,5400,16,135,$0,1,29,https://www.district.in/movies/ramayana-movie-tickets-MV176276
4410,radha theatre calicut,12100,2,2932,$0.21,1,17,https://www.district.in/movies/magic-frames-radha-4k-3d-dolby-7-1-ultra-bass-sm-street-calicut-in-kozhikode-CD1054742
4411,pvr gwalior,18100,4,1192,$0.02,3,24,https://www.district.in/movies/pvr-keshar-towers-race-course-road-gwalior-in-gwalior-CD1018429
4412,movies in hyd,18100,3,2932,$0.01,4,35,https://www.district.in/movies/hyderabad-movie-tickets
4413,movie showtimes vadodara,18100,3,2932,$0.01,1,34,https://www.district.in/movies/vadodara-movie-tickets
4414,movie on dogs,18100,103,38,$0,1,53,https://www.district.in/movies/7-dogs-movie-tickets-MV221412
4415,moradabad pvr,18100,2,2932,$0.05,1,19,https://www.district.in/movies/pvr-parshvanath-mall-kanth-road-moradabad-in-moradabad-CD1023578
4416,films october,22200,20,77,$0,1,33,https://www.district.in/movies/october-2018-movie-tickets-in-malur-MV252
4417,films hyderabad,18100,4,1761,$0.01,3,69,https://www.district.in/movies/hyderabad-movie-tickets
4418,february hindi,880,58,38,$0,1,37,https://www.district.in/movies/upcoming-hindi-movies
4419,f1 cast,14800,10,356,$0,1,39,https://www.district.in/movies/f1-the-movie-2025-movie-tickets-MV175956
4420,happy patel khatarnak jasoos,260,11,611,$0,1,29,https://www.district.in/movies/happy-patel-khatarnak-jasoos-movie-tickets-MV211419
4421,gurgaon disco club,18100,8,1192,$0.05,8,22,https://www.district.in/events/nightlife-in-gurgaon-book-tickets
4422,go karting delhi,12100,11,463,$0.15,7,16,https://www.district.in/activities/go-karting-in-delhi-ncr/
4423,gajuwaka junction,9900,18,135,$0.10,5,32,https://www.district.in/dining/visakhapatnam/99-food-junction-gajuwaka-vizag
4424,forum mall koramangala,22200,11,204,$0.12,5,21,https://www.district.in/movies/pvr-nexus-formerly-forum-koramangala-bengaluru-in-bengaluru-CD1022297
4425,fire and ash,22200,20,101,$0,1,26,https://www.district.in/movies/avatar-fire-and-ash-2025-movie-tickets-MV165236
4426,film city hyderabad,18100,24,59,$0.08,8,21,https://www.district.in/events/ramoji-studio-tour-jan23-2025-buy-tickets
4427,carry on jatta movie punjabi,18100,11,271,$0,1,39,https://www.district.in/movies/carry-on-jatta-4-movie-tickets-MV208122
4428,best restaurants in vijayawada,18100,43,38,$0.11,9,13,https://www.district.in/dining/
4429,bengal vs baroda,18100,53,38,$0,1,21,https://www.district.in/
4430,baahubali the conclusion cast,18100,10,463,$0,1,32,https://www.district.in/movies/baahubali-2-the-conclusion-2017-movie-tickets-MV144917
4431,b near me,18100,24,59,$0.02,1,40,https://www.district.in/dining/chennai/b-b-briyani-catering-alandur
4432,r adda mumbai,14800,8,848,$0,5,19,https://www.district.in/dining/mumbai/r-adda-juhu
4433,pvr cinemas jabalpur,18100,2,2932,$0.03,1,22,https://www.district.in/movies/pvr-ka-mall-jabalpur-in-jabalpur-CD1057799
4434,pvr cinema udaipur,18100,3,1761,$0.02,4,30,https://www.district.in/movies/pvr-celebration-mall-udaipur-in-udaipur-CD1019902
4435,pvr bareilly,18100,3,1761,$0.04,2,24,https://www.district.in/movies/pvr-phoenix-united-phoenix-united-mall-bareilly-in-bareilly-CD1023580
4436,pvr allahabad,18100,3,1761,$0.03,4,25,https://www.district.in/movies/pvr-vinayak-sardar-patel-marg-prayagraj-in-allahabad-CD1025114
4437,phoenix mall pvr cinemas,18100,8,848,$0.04,1,19,https://www.district.in/movies/pvr-phoenix-market-city-nagar-road-pune-in-pune-CD1022265
4438,om shanti shanti shantihi,8100,14,271,$0,1,23,https://www.district.in/movies/om-shanti-shanti-shantihi-movie-tickets-MV211630
4439,neelkanth sweets gomti nagar lucknow,18100,7,611,$0.09,2,20,https://www.district.in/dining/lucknow/neelkanth-sweets-gomti-nagar
4440,messi in india,18100,8,1761,$0,1,44,https://www.district.in/events/messi-2025-india-tour-ticket-booking
4441,lucknow super giants vs gujarat titans match,18100,30,38,$0,1,21,https://www.district.in/events/ipl-ticket-booking
4442,tamil movies released today,18100,7,848,$0.03,1,55,https://www.district.in/movies/tamil-movies-tickets-in-chennai
4443,shiva rajkumar movies,18100,61,38,$0,1,18,https://www.district.in/movies/peddi-movie-tickets-MV194276
4444,shirdi water park,14800,13,356,$0.07,12,21,https://www.district.in/events/wet-n-joy-waterpark-shirdi-apr3-2025-buy-tickets
4445,royal cafe,22200,17,204,$0,3,25,https://www.district.in/dining/bangalore/royal-cafe-bengaluru-yelahanka-bangalore
4446,rohini city centre,18100,90,38,$0.08,4,21,https://www.district.in/movies/dhurandhar-the-revenge-movie-tickets-in-new-delhi-MV211577
4447,rcb vs kkr 2026,1300,4,1192,$0.12,1,23,https://www.district.in/events/screening-of-rcb-vs-kkr-tata-ipl-2026-may13-2026-buy-tickets
4448,rangoli inox,18100,2,2932,$0,1,23,https://www.district.in/movies/inox-forum-rangoli-mall-belur-howrah-in-kolkata-CD1029337
4449,watsons,18100,24,43,$0.23,2,37,https://www.district.in/dining/bangalore/watsons-ulsoor
4450,washing soda for laundry,18100,73,38,$0.02,21,17,https://www.district.in/events/mahalaxmi-dhobi-ghat-guided-walking-tour-with-tripadvisor-tour--jul21-2022-buy-tickets
4451,trampoline parks pune,18100,12,463,$0.02,1,28,https://www.district.in/activities/theme-parks-activities-in-pune/
4452,things to do in jaipur,22200,6,1192,$0.16,41,15,https://www.district.in/activities/things-to-do-in-jaipur
4453,the mafia family kitchen & bar,12100,32,38,$0.08,13,27,https://www.district.in/dining/pune/the-mafia-sky-lounge-chandan-nagar
4454,terns coimbatore,12100,13,356,$0.04,1,25,https://www.district.in/dining/coimbatore/terns-sitra
4455,surti hotel mumbai,18100,18,92,$0,2,19,https://www.district.in/dining/mumbai/surti-kalbadevi
4456,kanimangalam kovilakam movie,8100,5,2932,$0,1,25,https://www.district.in/movies/kanimangalam-kovilakam-movie-tickets-MV212127
4457,jolly llb 3 cast,14800,6,1192,$0,1,24,https://www.district.in/movies/jolly-llb-3-movie-tickets-MV172789
4458,jaya lake town,14800,23,59,$0.08,3,20,https://www.district.in/dining/kolkata/tea-junction-lake-town
4459,hyatt regency thrissur,18100,51,38,$0.87,24,26,https://www.district.in/dining/thrissur/regency-cafe-hyatt-regency-puzhakkal
4460,gt kkr,18100,10,463,$0,1,20,https://www.district.in/events/screening-of-kkr-vs-gt-tata-ipl-2026-may16-2026-buy-tickets
4461,gold cinema agra,18100,3,1761,$0.17,1,20,https://www.district.in/movies/gold-cinema-ashok-cosmos-mall-sanjay-place-agra-in-agra-CD4327
4462,fort restaurants,14800,10,463,$0.17,3,38,https://www.district.in/dining/mumbai/fort-restaurant-1-fort
4463,flashback film,12100,5,2932,$0,1,40,https://www.district.in/movies/flashback-movie-tickets-MV153634
4464,festival near by me,18100,7,5502,$0.14,1,52,https://www.district.in/events/fests-fairs-in-gurgaon-book-tickets
4465,famous ice cream,14800,5,1761,$0,5,19,https://www.district.in/dining/hyderabad/famous-ice-creams-nampally
4466,dog hindi,18100,34,38,$0,1,42,https://www.district.in/events/pet-moms-plant-moms-sugar-moms-baby-moms-unite-may10-2026-buy-tickets
4467,club gurgaon,18100,7,1761,$0.51,3,24,https://www.district.in/events/nightlife-in-gurgaon-book-tickets
4468,magic frames,9900,1,5502,$0.02,1,39,https://www.district.in/movies/magic-frames-cinemas-karukachal-in-pala-CD1102227
4469,lovely sweets,14800,27,59,$0,2,23,https://www.district.in/dining/jalandhar/lovely-sweets-gt-road
4470,live time with seconds in india,18100,30,38,$0.05,2,50,https://www.district.in/events/ye-live-in-india-2026-buy-tickets
4471,little goa goa,18100,9,611,$0,1,19,https://www.district.in/dining/goa/little-goa-kitchen-and-bar-mapusa
4472,little french house,18100,7,1192,$0.42,2,26,https://www.district.in/dining/ahmedabad/little-french-house-navrangpura
4473,la vie en rose cafe & bistro,18100,11,1192,$0.13,5,12,https://www.district.in/dining/hyderabad/la-vie-en-rose-cafe-bistro-gachibowli
4474,blabber all day borivali,9900,17,135,$0.47,4,21,https://www.district.in/dining/mumbai/blabber-all-day-borivali-east
4475,barbeque holic,18100,10,611,$0.20,8,26,https://www.district.in/dining/hyderabad/barbeque-holic-kondapur
4476,bangalore koramangala forum mall,18100,20,101,$0.03,2,21,https://www.district.in/movies/pvr-nexus-formerly-forum-koramangala-bengaluru-in-bengaluru-CD1022297
4477,athiradi release date,1000,17,106,$0,1,23,https://www.district.in/movies/athiradi-movie-tickets-MV208195
4478,amethyst restaurant chennai,18100,12,356,$0,1,18,https://www.district.in/dining/chennai/amethyst-cafe-thousand-lights
4479,alibag fort,12100,10,463,$0.19,1,19,https://www.district.in/events/kolaba-fort-alibag-buy-tickets
4480,ahmedabad city gold ashram road,18100,3,1761,$0.03,1,20,https://www.district.in/movies/city-gold-ashram-road-in-ahmedabad-CD1102111
4481,adventure parks in delhi ncr,18100,4,5502,$0.04,13,25,https://www.district.in/activities/theme-parks-activities-in-delhi-ncr/
4482,aakash gupta,18100,16,204,$0,1,23,https://www.district.in/events/aakash-gupta/artist
4483,concert tickets,5400,2,5502,$0.42,1,44,https://www.district.in/events/
4484,cast of weapons 2025 film,12100,8,1192,$0,1,52,https://www.district.in/movies/weapons-2025-movie-tickets-MV196890
4485,bombay brasserie indiranagar,18100,7,611,$0.30,4,19,https://www.district.in/dining/bangalore/bombay-brasserie-indiranagar
4486,bomb 2025,12100,12,463,$0,1,42,https://www.district.in/movies/bomb-movie-tickets-MV200281
4487,empire restaurant hsr layout,18100,5,1192,$0.24,10,19,https://www.district.in/dining/bangalore/empire-restaurant-since-1966-hsr-bangalore
4488,ega multiplex,18100,4,1192,$0.15,1,38,https://www.district.in/movies/ega-cinemas-rgb-laser-dolby-audio-couple-sofa-kilpauk-chennai-in-chennai-CD1042615
4489,ega cinema chennai,18100,3,1761,$0.15,1,36,https://www.district.in/movies/ega-cinemas-rgb-laser-dolby-audio-couple-sofa-kilpauk-chennai-in-chennai-CD1042615
4490,district zomato,18100,1,5502,$0.29,2,38,https://www.district.in/
4491,dc pbks,18100,8,1192,$0.20,1,20,https://www.district.in/events/screening-of-dc-vs-pbks-tata-ipl-2026-apr25-2026-buy-tickets
4492,city gold ashram road,18100,3,1761,$0.02,1,10,https://www.district.in/movies/city-gold-ashram-road-in-ahmedabad-CD1102111
4493,cinema in lucknow,14800,6,1761,$0.01,1,38,https://www.district.in/movies/cinemas-in-lucknow
4494,chennai timings,18100,91,38,$0,1,26,https://www.district.in/events/vgp-wonder-world-chennai-may18-2025-buy-tickets
4495,chennai super kings upcoming matches,6600,5,1192,$0.05,1,32,https://www.district.in/events/chennai-super-kings-team
4496,cast of wake up dead man,9900,10,356,$0,1,44,https://www.district.in/movies/wake-up-dead-man-a-knives-out-mystery-movie-tickets-in-mau-MV174477
4497,cast of narivetta,9900,9,611,$0,1,24,https://www.district.in/movies/narivetta-movie-tickets-MV188680
4498,c g movie,12100,16,135,$0,1,32,https://www.district.in/movies/mola-love-hoge-movie-tickets-MV221281
4499,bombay cocktail bar andheri west,18100,7,1192,$0.18,4,21,https://www.district.in/dining/mumbai/bombay-cocktail-bar-veera-desai-area
4500,sortd cafe,18100,7,1192,$0.26,4,22,https://www.district.in/dining/chennai/sortd-cafe-alwarpet
4501,magical frames,18100,5,5502,$0.16,1,19,https://www.district.in/movies/magic-frames-cinemas-karukachal-in-pala-CD1102227
4502,lsg vs rcb 2026,18100,6,1192,$0,1,20,https://www.district.in/events/screening-of-lsg-vs-rcb-tata-ipl-2026-may7-2026-buy-tickets
4503,krishna theatre,14800,7,1192,$0,1,23,https://www.district.in/movies/krishna-theatre-a-c-4k-dolby-atmos-ongole-in-ongole-CD1102107
4504,jalandhar street,27100,9,848,$0.20,9,27,https://www.district.in/dining/bangalore/jalandhar-street-koramangala-5th-block-bangalore
4505,in pune water park,22200,31,38,$0.06,15,27,https://www.district.in/activities/water-parks-activities-in-pune/
4506,hindi new movie,18100,18,101,$0.11,1,62,https://www.district.in/movies/upcoming-hindi-movies
4507,pvr xperia palava mumbai,12100,2,2932,$0.05,7,22,https://www.district.in/movies/pvr-lodha-xperia-palava-mumbai-in-navi-mumbai-CD1018533
4508,pvr city centre guwahati,14800,3,1761,$0.04,3,10,https://www.district.in/movies/pvr-city-centre-g-s-road-guwahati-in-guwahati-CD1020678
4509,pratap da dhaba andheri,18100,13,356,$0.43,3,21,https://www.district.in/dining/mumbai/pratap-the-dhaba-oshiwara
4510,places to see at vijayawada,18100,70,38,$0.02,1,20,https://www.district.in/movies/
4511,oru vadakkan pranaya parvam,9900,12,463,$0,1,28,https://www.district.in/movies/oru-vadakkan-pranaya-parvvam-movie-tickets-MV197491
4512,nexus mbd neopolis mall,14800,6,611,$0.19,4,23,https://www.district.in/movies/cinepolis-nexus-mbd-ludhiana-in-ludhiana-CD151
4513,neelkanth sweets lucknow,14800,13,271,$0.15,5,22,https://www.district.in/dining/lucknow/neelkanth-sweets-gomti-nagar
4514,nagarjuna indiranagar,18100,8,1192,$0.09,1,21,https://www.district.in/dining/bangalore/nagarjuna-since-1984-indiranagar-bangalore
4515,n y cinema hapur,18100,4,1192,$0,1,20,https://www.district.in/movies/devgn-cinex-hapur-in-hapur-CD62143
4516,movies theaters in hyderabad,18100,8,1192,$0.01,3,30,https://www.district.in/movies/hyderabad-movie-tickets
4517,movies june,18100,6,848,$0,1,71,https://www.district.in/movies/upcoming-movies
4518,movies download app,12100,26,38,$0.02,2,17,https://www.district.in/
4519,movies bookmyshow,18100,11,204,$0.02,2,24,https://www.district.in/movies/
4520,momo's point,18100,7,1192,$0.09,1,19,https://www.district.in/dining/ncr/momos-point-kamla-nagar-new-delhi
4521,magnolia bakery gurgaon,6600,12,356,$0.25,2,28,https://www.district.in/dining/ncr/magnolia-bakery-6-golf-course-road-gurgaon
4522,sage farm cafe,12100,6,1192,$0.26,3,25,https://www.district.in/dining/hyderabad/sage-farm-cafe-1-jubilee-hills
4523,heart cup coffee gachibowli,18100,9,611,$0.05,3,11,https://www.district.in/dining/hyderabad/heart-cup-coffee-gachibowli
4524,goan restaurants in panjim,18100,49,38,$0.16,12,14,https://www.district.in/dining/goa/goan-kitchen-morjim
4525,forum mall koramangala bangalore,18100,20,77,$0.02,3,19,https://www.district.in/movies/pvr-nexus-formerly-forum-koramangala-bengaluru-in-bengaluru-CD1022297
4526,foodies hub,18100,8,1192,$0.50,1,24,https://www.district.in/dining/ncr/foodies-hub-delhi-cantt-new-delhi
4527,bharathanatyam movie,0,15,271,$0,1,17,https://www.district.in/movies/bharathanatyam-2-mohiniyattam-movie-tickets-MV217990
4528,behram baug,18100,11,356,$0,4,25,https://www.district.in/dining/mumbai/behram-baug-ki-biryani-jogeshwari
4529,banana leaf andheri,14800,9,611,$0.13,7,19,https://www.district.in/dining/mumbai/banana-leaf-7-bungalows
4530,baahubali the epic release date,18100,9,611,$0,1,27,https://www.district.in/movies/baahubali-the-epic-movie-tickets-in-chennai-MV201775
4531,aditya nagar,18100,38,38,$0.12,3,18,https://www.district.in/play/freehit-indoor-cricket-nets-freehit-indoor-cricket-nets-hyderabad-slots-booking
4532,154 breakfast club jp nagar,18100,5,1761,$0.06,4,21,https://www.district.in/dining/bangalore/154-breakfast-club-jp-nagar-bangalore
4533,worlds of wonder noida ticket,18100,2,5502,$0.12,7,16,https://www.district.in/events/worlds-of-wonder-wow-water-park-buy-tickets
4534,wave mall lucknow,18100,5,1761,$0.09,5,20,https://www.district.in/movies/wave-cinemas-lucknow-in-lucknow-CD1041121
4535,water park pune,22200,14,356,$0.96,15,24,https://www.district.in/activities/water-parks-activities-in-pune/
4536,usha cinema,18100,2,2932,$0.04,2,21,https://www.district.in/movies/usha-multiplex-dharapuram-road-tirupur-in-tirupur-CD663
4537,upcoming movies akshay kumar,18100,47,38,$2.05,1,32,https://www.district.in/movies/bhooth-bangla-movie-tickets-MV177766
4538,moviesda padayappa,14800,3,2397,$0.06,1,29,https://www.district.in/movies/padayappa-1999-movie-tickets-MV211242
4539,movies release date,14800,4,1440,$3.18,1,86,https://www.district.in/movies/upcoming-movies
4540,movies playing near me,14800,3,2397,$0.08,1,63,https://www.district.in/movies/cinema-near-me
4541,movies mantri mall,14800,3,1440,$0.02,1,20,https://www.district.in/movies/inox-mantri-square-malleshwaram-bengaluru-in-bengaluru-CD1020725
4542,movies download 2025,14800,14,87,$0.66,1,24,https://www.district.in/
4543,metro walk in rohini delhi,12100,32,31,$0.02,1,21,https://www.district.in/activities/
4544,metro walk delhi rohini,14800,11,291,$0.01,1,15,https://www.district.in/events/adventure-island-limited-2025-buy-tickets
4545,mango tree restaurant,12100,18,111,$0.13,1,23,https://www.district.in/dining/vadodara/the-mango-tree-restaurant-banquet-sayajipura
4546,manasa sharma,3600,26,39,$0,1,29,https://www.district.in/movies/rakasa-movie-tickets-MV213886
4547,little hearts 2024,12100,8,975,$0,1,41,https://www.district.in/movies/little-hearts-2024-movie-tickets-MV174217
4548,latest tamil movies to be released,14800,11,291,$0,1,45,https://www.district.in/movies/tamil-movies-tickets-in-chennai
4549,latest movie list tamil,14800,11,167,$0.58,1,57,https://www.district.in/movies/tamil-movies-tickets-in-chennai
4550,waterpark in ahmedabad,18100,44,31,$0.06,1,16,https://www.district.in/activities/water-parks-in-ahmedabad/
4551,water kingdom tickets,14800,5,975,$0.02,10,21,https://www.district.in/events/water-kingdom-mumbai-2025-buy-tickets
4552,udaipur files movies,14800,8,975,$0,1,35,https://www.district.in/movies/udaipur-files-movie-tickets-MV200438
4553,udaipur files movie,14800,8,975,$0,1,34,https://www.district.in/movies/udaipur-files-movie-tickets-in-ron-MV200438
4554,trampoline park chennai,12100,6,2397,$2,2,17,https://www.district.in/events/dugout-trampoline--sports-arena--the-marina-mall---chennai-buy-tickets
4555,tirumala theater,14800,5,2397,$0.27,1,26,https://www.district.in/movies/tirumala-theater-sri-lakshmi-nagar-colony-nalgonda-in-nalgonda-CD4340
4556,tipsy bull,18100,27,34,$0,8,26,https://www.district.in/dining/bangalore/tipsy-bull-the-bar-exchange-mahadevapura-bangalore
4557,haunted 3d ghost of the past release date,12100,6,1440,$0.01,1,24,https://www.district.in/movies/haunted-3d-echoes-of-the-past-movie-tickets-MV196086
4558,geetham veg restaurant porur,14800,6,694,$0.06,4,22,https://www.district.in/dining/chennai/geetham-veg-restaurant-porur
4559,gali 2025,14800,8,291,$0,1,7,https://www.district.in/movies/nache-dulha-gali-gali-movie-tickets-MV210151
4560,galaxy paradise 1,14800,4,1440,$0.18,4,17,https://www.district.in/movies/galaxy-paradise-miniplex-begur-road-bengaluru-in-hosur-CD9710
4561,fun park in delhi,18100,4,4499,$0.05,5,33,https://www.district.in/activities/theme-parks-activities-in-delhi-ncr/
4562,fast 5 movie,14800,29,31,$0.20,1,60,https://www.district.in/movies/
4563,sangam mess bangalore,12100,8,694,$0.58,4,22,https://www.district.in/dining/bangalore/sangam-mess-kammanahalli
4564,roman dine,12100,8,975,$0.20,2,24,https://www.district.in/dining/surat/roman-dine-nana-varachha
4565,release dates movies,14800,5,694,$0,1,71,https://www.district.in/movies/upcoming-movies
4566,rd parade tickets,14800,53,31,$0,1,25,https://link.district.in/DSTRKT/4gq514i8
4567,rasoi dhaba,12100,10,378,$0.06,1,22,https://www.district.in/dining/dehradun/rasoi-dhaba-morowala
4568,rainbow restaurant,14800,25,39,$0,2,23,https://www.district.in/dining/kolkata/rainbow-restaurant-2-ajoy-nagar
4569,raftaar theme park,14800,6,1440,$0.06,4,20,https://www.district.in/events/gokarting-at-raftaar-2025-buy-tickets
4570,radio bar,12100,32,31,$0.10,4,22,https://www.district.in/dining/bangalore/radio-bar-bellandur-bangalore
4571,pvr jalgaon,14800,3,1440,$0.03,1,23,https://www.district.in/movies/pvr-utsav-kirti-mall-navi-peth-jalgaon-in-jalgaon-CD1018966
4572,projapati 2,12100,11,378,$0.18,2,32,https://www.district.in/movies/projapati-2-movie-tickets-in-kolkata-MV209387
4573,pranav sharma,12100,20,75,$0,1,40,https://www.district.in/events/pranav-sharma/artist
4574,petrol pump near me open now near me,14800,57,31,$0.01,1,19,https://www.district.in/movies/sm2-cherish-cinema-badlapur-in-badlapur-CD1047917
4575,paashh,9900,17,87,$0.19,3,23,https://www.district.in/dining/mumbai/paashh-pali-hill-bandra-west
4576,night club in guwahati,14800,42,31,$0.01,1,10,https://www.district.in/
4577,nfc al bake,14800,37,31,$0.18,2,22,https://www.district.in/dining/ncr/al-bake-6-new-friends-colony-new-delhi
4578,new movies list tamil,14800,16,87,$0.58,1,57,https://www.district.in/movies/tamil-movies-tickets-in-chennai
4579,naivedya thali restaurant,9900,12,378,$0.11,3,22,https://www.district.in/dining/pune/naivedya-thali-restaurant-1-jm-road
4580,museum of goa,18100,20,87,$0.19,5,20,https://www.district.in/events/mog-museum-of-goa-buy-tickets
4581,kumar's cafe,14800,8,975,$0.13,1,22,https://www.district.in/dining/mumbai/kumars-cafe-malad-east
4582,kulcha land amritsar,14800,9,694,$0,3,18,https://www.district.in/dining/amritsar/the-kulcha-land-ranjit-avenue
4583,kulcha land,14800,10,500,$0,5,24,https://www.district.in/dining/amritsar/the-kulcha-land-ranjit-avenue
4584,kavitha theater,14800,7,694,$0.03,1,21,https://www.district.in/movies/kavitha-theatre-a-c-dts-sivagurunathapuram-surandai-in-puliyankudi-CD7679
4585,kabaddi 2025 schedule,14800,42,31,$0,1,32,https://www.district.in/events/pkl-2025-delhi-team
4586,innocent malayalam movie,14800,9,694,$0,1,22,https://www.district.in/movies/innocent-movie-tickets-MV208043
4587,india a vs,14800,10,291,$0,1,24,https://www.district.in/events/india-vs-afghanistan-1st-odi-jun14-2026-buy-tickets
4588,elements mall pvr,14800,2,2397,$0.05,1,18,https://www.district.in/movies/pvr-msr-elements-mall-tanisandhra-main-road-bengaluru-in-bengaluru-CD1022269
4589,elements mall bangalore pvr,14800,2,2397,$0.07,1,20,https://www.district.in/movies/pvr-msr-elements-mall-tanisandhra-main-road-bengaluru-in-bengaluru-CD1022269
4590,devil movie release date,8100,14,222,$0,1,44,https://www.district.in/movies/the-devil-movie-tickets-in-bengaluru-MV183379
4591,deck of brews,14800,18,87,$0.20,1,18,https://www.district.in/dining/bangalore/deck-of-brews-kadubeesanahalli-bangalore
4592,dadar plaza,14800,5,975,$0.27,1,23,https://www.district.in/movies/plaza-cinema-dadar-w-mumbai-in-mumbai-CD2847
4593,copper kitchen chennai,12100,16,167,$0.05,4,21,https://www.district.in/dining/chennai/copper-kitchen-porur
4594,comal,14800,16,111,$0.62,4,23,https://www.district.in/dining/bangalore/comal-1-mg-road-bangalore
4595,cinemas in ranchi,12100,7,975,$0.02,1,21,https://www.district.in/movies/ranchi-movie-tickets
4596,cast of homebound 2025,14800,8,694,$0,1,35,https://www.district.in/movies/homebound-movie-tickets-MV206138
4597,cast of anaganaga oka raju,1300,8,500,$0,1,25,https://www.district.in/movies/anaganaga-oka-raju-movie-tickets-in-udgir-MV151347
4598,chaiwala,14800,26,35,$0,1,36,https://www.district.in/dining/ahmedabad/chaiwala-chandkheda
4599,cast spirit,14800,12,291,$0,1,29,https://www.district.in/movies/spirit-movie-tickets-in-tonk-MV145423
4600,cast of varanasi 2027,14800,40,31,$0,1,26,https://www.district.in/movies/varanasi-movie-tickets-in-vele-MV209276
4601,bookmyshow patiala,12100,18,63,$0,1,21,https://www.district.in/movies/
4602,blue diamond mall,14800,4,975,$0.27,2,18,https://www.district.in/movies/miraj-cinemas-blue-diamond-mall-calicut-in-kozhikode-CD1022927
4603,blr brewing co,14800,19,82,$0.25,11,21,https://www.district.in/dining/bangalore/blr-brewing-co-marathahalli-bangalore
4604,bhuj movie,14800,12,291,$0,1,22,https://www.district.in/movies/bhuj-movie-tickets
4605,bhayandar maxus mall,12100,2,2397,$0.09,1,16,https://www.district.in/movies/maxus-cinemas-bhayandar-in-mumbai-CD1067730
4606,avani riverside mall howrah,14800,9,291,$0.07,3,33,https://www.district.in/movies/pvr-avani-river-side-mall-howrah-kolkata-in-kolkata-CD1022262
4607,annalakshmi,14800,23,48,$0.07,1,36,https://www.district.in/dining/chennai/annalakshmi-restaurant-chetpet
4608,amusement park delhi ncr,18100,4,4499,$0.05,5,19,https://www.district.in/activities/theme-parks-activities-in-delhi-ncr/
4609,alibaba and 41 dishes,12100,20,82,$0.04,1,19,https://www.district.in/dining/kochi/ali-baba-41-dishes-panampilly-nagar
4610,aditya trade center ameerpet,14800,52,31,$0.10,3,17,https://www.district.in/dining/hyderabad/promenade-aditya-park-ameerpet
4611,2025 movie releases,12100,38,31,$0.01,1,70,https://www.district.in/movies/upcoming-movies
4612,sunny leone movie list,12100,33,31,$0,1,28,https://www.district.in/events/
4613,sri ganapathy military hotel,12100,6,1440,$0.13,6,22,https://www.district.in/dining/chennai/sri-ganapathy-military-hotel-3-vepery
4614,shooting firing range,14800,21,82,$0.05,1,21,https://www.district.in/events/elite-shooting-range--indiranagar-buy-tickets
4615,water theme park bangalore,14800,13,378,$0.11,36,34,https://www.district.in/events/fun-world-amusement-park-bengaluru-2025-buy-tickets
4616,water park gurgaon,14800,5,2397,$0.07,10,21,https://www.district.in/activities/water-parks-in-gurgaon/
4617,wankhede stadium mumbai,8100,11,291,$0.50,1,33,https://www.district.in/events/mca-museum--stadium-tour-buy-tickets
4618,viviana mall movie,14800,3,2397,$0.04,1,20,https://www.district.in/movies/cinepolis-lake-shore-thane-ex-cinepolis-viviana-mall-thane-in-greater-mumbai-CD114
4619,v7 hotel,14800,29,31,$0.17,33,32,https://www.district.in/dining/chennai/high-hotel-v7-porur
4620,today ipl match which stadium,12100,5,975,$0,1,8,https://www.district.in/events/ipl-ticket-booking
4621,ticket of water kingdom,14800,7,694,$0.19,4,21,https://www.district.in/events/water-kingdom-mumbai-2025-buy-tickets
4622,theme park in mumbai,18100,6,4499,$0.16,4,12,https://www.district.in/activities/theme-parks-activities-in-mumbai/
4623,theme park delhi,14800,5,2397,$0.06,4,15,https://www.district.in/activities/theme-parks-in-delhi-ncr/
4624,the j,14800,14,222,$0.14,2,22,https://www.district.in/dining/mumbai/the-j-nerul-navi-mumbai
4625,the hub mall,14800,4,975,$0,3,18,https://www.district.in/movies/movietime-hub-mall-goregaon-e-mumbai-in-navi-mumbai-CD1040385
4626,the caffeine baar cafe & roastery,12100,23,39,$0.15,4,19,https://www.district.in/dining/bangalore/the-caffeine-baar-jayanagar-bangalore
4627,thaai kizhavi movie,4400,12,378,$0.10,1,25,https://www.district.in/movies/thaai-kizhavi-movie-tickets-MV212782
4628,tamilnadu cinemas tirupur,14800,5,694,$0,1,17,https://www.district.in/movies/tamil-nadu-cinemas-palladam-road-tirupur-in-sulur-CD1037491
4629,tamilnadu cinemas,14800,5,694,$0,1,22,https://www.district.in/movies/tamil-nadu-cinemas-palladam-road-tirupur-in-sulur-CD1037491
4630,tamil new movie list,14800,15,111,$0.58,1,57,https://www.district.in/movies/upcoming-tamil-movies
4631,tamil movies new list,14800,15,134,$0.58,1,57,https://www.district.in/movies/tamil-movies-tickets-in-chennai
4632,tamil movie new list,14800,20,63,$0.58,1,57,https://www.district.in/movies/tamil-movies-tickets-in-chennai
4633,taj tristar,14800,42,29,$0.17,27,31,https://www.district.in/dining/hyderabad/flavours-of-tmh-taj-tristar-sd-road-secunderabad
4634,svf habra,9900,2,2397,$0.01,1,18,https://www.district.in/movies/svf-cinemas-city-centre-mall-habra-in-habra-CD1102198
4635,surat movie ticket booking,14800,3,2397,$0.02,3,31,https://www.district.in/movies/surat-movie-tickets
4636,smr vinay metro mall,12100,2,2397,$0.21,7,17,https://www.district.in/movies/inox-smr-vinay-metro-mall-hyderabad-in-hyderabad-CD1022248
4637,shahjahan mughal,14800,75,31,$0,1,40,https://www.district.in/events/red-fort-jan1-1970-buy-tickets
4638,gurgaon water park,14800,11,500,$0.18,2,18,https://www.district.in/activities/water-parks-activities-in-gurgaon/
4639,green cinema,14800,10,167,$0,1,21,https://www.district.in/movies/cinepolis-cinemas-green-city-square-bathinda-in-bathinda-CD1089929
4640,golden joy restaurant,12100,10,500,$0.19,8,28,https://www.district.in/dining/kolkata/golden-joy-tangra
4641,garden vada pav,12100,9,500,$0.04,3,23,https://www.district.in/dining/pune/garden-vada-pav-centre-camp-area
4642,garden by su,14800,10,694,$0.07,3,22,https://www.district.in/dining/bangalore/garden-by-su-jayanagar-bangalore
4643,fun republic mall coimbatore,18100,7,500,$0.01,1,11,https://www.district.in/movies/cinepolis-fun-cinema-republic-mall-peelamedu-coimbatore-in-coimbatore-CD135
4644,fcb live,14800,23,34,$0.02,1,62,https://www.district.in/events/watch-el-clsico-live-at-smaaash-real-madrid-vs-fc-barcelona-mumbai-may9-2026-buy-tickets
4645,miraj cinemas: geeta theatre,14800,2,2397,$0.16,8,15,https://www.district.in/movies/miraj-cinemas-geeta-chandanagar-in-hyderabad-CD10249
4646,miraj anupam cinemas,12100,3,1440,$0.24,6,21,https://www.district.in/movies/miraj-cinemas-anupam-mall-goregaon-e-in-mumbai-CD1480
4647,malabar hotel,12100,9,500,$0.10,2,34,https://www.district.in/dining/mumbai/malabar-hotel-2-sakinaka
4648,magadheera movie cast,14800,15,134,$0,1,34,https://www.district.in/movies/magadheera-movie-tickets-MV156635
4649,machine 2017 film,14800,7,1440,$0.02,1,53,https://www.district.in/movies/machine-2017-movie-tickets-in-noida-MV139645
4650,luno lounge bar and kitchen,14800,7,975,$0.06,3,21,https://www.district.in/dining/hyderabad/luno-lounge-bar-kitchen-financial-district
4651,love insurance kompany movie,720,9,694,$0,1,34,https://www.district.in/movies/lik-love-insurance-kompany-movie-tickets-MV177390
4652,liberty theatre rohtak,9900,18,63,$0.01,1,22,https://www.district.in/movies/cinemas-in-rohtak
4653,liberty cinema rohtak,9900,20,39,$0.01,1,21,https://www.district.in/movies/cinemas-in-rohtak
4654,kathanar release date,8100,22,39,$0,1,28,https://www.district.in/movies/kathanar-the-wild-sorcerer-movie-tickets-MV166128
4655,kai manam,12100,13,378,$0.19,3,21,https://www.district.in/dining/chennai/kaimanam-gopalapuram
4656,jaipur movie,14800,3,2397,$0.01,6,40,https://www.district.in/movies/jaipur-movie-tickets
4657,isl football today,14800,28,31,$0,1,40,https://www.district.in/events/isl-2025-26-fc-goa-vs-mohun-bagan-sg-buy-tickets
4658,ipl cricket match tickets,14800,1,3419,$0.06,26,29,https://www.district.in/events/ipl-ticket-booking
4659,inox gwalior,12100,2,2397,$0.01,1,21,https://www.district.in/movies/inox-db-mall-race-course-road-gwalior-in-gwalior-CD1018430
4660,inox crystal palm,9900,22,48,$0.05,9,19,https://www.district.in/movies/inox-crystal-mall-crystal-mall-jamnagar-in-jamnagar-CD1019907
4661,innocent malayalam movies,12100,10,378,$0.20,1,29,https://www.district.in/movies/innocent-movie-tickets-MV208043
4662,hridayam movie in hindi,14800,13,111,$0.03,1,9,https://www.district.in/movies/krishnavataram-part-1-the-heart-hridayam-movie-tickets-in-hyderabad-MV219513
4663,hindi picture sholay,14800,35,31,$0.01,1,30,https://www.district.in/movies/cinema-near-me
4664,new tamil film list,14800,16,111,$0.58,1,57,https://www.district.in/movies/tamil-movies-tickets-in-chennai
4665,movies playing in theaters near me,14800,4,2397,$0.05,3,29,https://www.district.in/movies/cinema-near-me
4666,movie tickets india,18100,2,2397,$0.27,1,66,https://www.district.in/movies/
4667,movie list of surya,14800,73,31,$0,1,36,https://www.district.in/movies/ravulapalem-movie-tickets
4668,elora's,14800,24,63,$0.16,1,17,https://www.district.in/dining/indore/elora-3-rajendra-nagar
4669,dining in noida,14800,21,63,$0.09,13,23,https://www.district.in/
4670,dil 1990 movie,14800,7,1440,$0,1,47,https://www.district.in/movies/dil-1990-movie-tickets-MV192379
4671,cin cin mumbai,14800,10,378,$0.57,3,29,https://www.district.in/dining/mumbai/cincin-bandra-kurla-complex
4672,chennai cinema,14800,7,975,$0.03,2,74,https://www.district.in/movies/chennai-movie-tickets
4673,cast of rocky aur rani kii prem kahaani,18100,18,75,$0,1,28,https://www.district.in/movies/rocky-aur-rani-kii-prem-kahaani-2023-movie-tickets-in-vasai-MV144128
4674,cast of aaryan,14800,11,291,$0,1,26,https://www.district.in/movies/aaryan-movie-tickets-in-tonk-MV187270
4675,cafe 1947 manali,12100,13,222,$0.03,1,16,https://www.district.in/dining/manali/cafe-1947-tibetan-colony
4676,camera photo,14800,71,31,$0.03,10,48,https://www.district.in/events/camera-photo-holder-may9-2026-buy-tickets
4677,cafes in c scheme,14800,11,378,$0,11,13,https://www.district.in/dining/jaipur/c-scheme-cafe-c-scheme
4678,bookmyshow mohali,12100,13,111,$0.03,2,21,https://www.district.in/movies/pvr-mohali-walk-sector-62-mohali-in-mohali-CD1034377
4679,bob's bar jp nagar,14800,6,1440,$0.22,1,21,https://www.district.in/dining/bangalore/bobs-bar-1-jp-nagar-bangalore
4680,big district in kerala,14800,44,31,$0,1,29,https://www.district.in/events/isl-2025-26-kerala-blasters-fc-vs--mohammedan-sc-buy-tickets
4681,bengaluru bhavan,12100,16,167,$0.37,4,21,https://www.district.in/dining/hyderabad/bengaluru-bhavan-kondapur
4682,balaji store,14800,73,31,$0.12,2,19,https://www.district.in/movies/bengaluru-movie-tickets
4683,anand restaurant,12100,33,31,$0.04,2,23,https://www.district.in/
4684,21 september 2025,14800,86,31,$0,1,25,https://www.district.in/movies/upcoming-movies
4685,2025 movie release,14800,8,500,$0,1,65,https://www.district.in/movies/upcoming-movies
4686,soy soi,14800,16,111,$0,3,23,https://www.district.in/dining/chennai/soy-soi-kotturpuram
4687,shree ji restaurant,12100,20,82,$0.08,4,20,https://www.district.in/dining/ncr/shree-ji-restaurant-rohini-new-delhi
4688,shiva bollywood movie,14800,9,378,$0,1,21,https://www.district.in/movies/shiva-bollywood-theater-purani-basti-bus-stand-baloda-bazar-in-baloda-bazar-CD9734
4689,sabar bonda,14800,13,222,$0,1,43,https://www.district.in/movies/sabar-bonda-movie-tickets-in-rahata-MV206150
4690,restaurants in trivandrum city,12100,29,31,$0.07,2,28,https://www.district.in/
4691,release dates for movies,14800,2,2397,$3.18,1,90,https://www.district.in/movies/upcoming-movies
4692,ranchi cinema,12100,6,1440,$0.01,1,22,https://www.district.in/movies/ranchi-movie-tickets
4693,ramoji film city ticket counter,14800,21,48,$0.14,4,29,https://www.district.in/events/ramoji-studio-tour-jan23-2025-buy-tickets
4694,raja theatre pondicherry,14800,4,975,$0,1,18,https://www.district.in/movies/raja-talkies-a-c-dts-sony-4k-puducherry-in-puducherry-CD1037506
4695,pvr cinema vijayawada,14800,6,694,$0.07,6,18,https://www.district.in/movies/pvr-ripples-mall-mg-road-vijaywada-in-vijayawada-CD1023468
4696,purple martini goa,14800,9,975,$0.28,1,18,https://www.district.in/dining/goa/purple-martini-seaside-lounge-and-restobar-anjuna
4697,pathirathri movie,14800,9,694,$0.23,2,32,https://www.district.in/movies/pathirathri-movie-tickets-MV207780
4698,paras cinemas,12100,5,1440,$0.37,4,18,https://www.district.in/movies/inox-coca-cola-imax-paras-nehru-place-delhi-in-new-delhi-CD1018957
4699,padayappa film,5400,26,35,$0,1,32,https://www.district.in/movies/padayappa-1999-movie-tickets-MV211242
4700,online movies website free,14800,50,31,$0.23,1,59,https://www.district.in/movies/
4701,yuva hindi film,18100,16,134,$0,1,42,https://www.district.in/movies/yuva-2004-movie-tickets-MV215494
4702,toxic 2026,9900,13,291,$0,1,43,https://www.district.in/movies/toxic-a-fairy-tale-for-grown-ups-movie-tickets-MV168613
4703,the boho house cocktail bar,9900,7,975,$0.05,5,23,https://www.district.in/dining/pune/the-boho-house-cocktail-bar-balewadi
4704,l g rock cafe,18100,8,975,$0.18,3,32,https://www.district.in/dining/ncr/lg-rock-cafe-qutab-institutional-area-new-delhi
4705,krishna kuteera,14800,12,291,$0,3,23,https://www.district.in/dining/bangalore/krishna-kuteera-bommanahalli-bangalore
4706,karthikeyan theatre,14800,7,694,$0.02,1,20,https://www.district.in/movies/karthikeyan-theatre-near-km-photo-solutions-kaveripattinam-in-karimangalam-CD1033352
4707,kairali restaurant,12100,9,694,$0.08,3,22,https://www.district.in/dining/bangalore/kairali-restaurant-bommasandra
4708,jalaram khaman house,9900,20,87,$0.34,3,19,https://www.district.in/dining/ahmedabad/shri-jay-jalaram-khaman-house-1-mani-nagar
4709,inox sunny trade center,14800,2,2397,$0.02,1,21,https://www.district.in/movies/inox-sunny-trade-center-mansarovar-jaipur-in-jaipur-CD1024431
4710,inox mall of mysore,8100,2,2397,$0.03,5,20,https://www.district.in/movies/inox-mall-of-mysore-mg-road-mysuru-in-mysuru-CD1023556
4711,i dreams theatre,12100,4,975,$0.09,1,37,https://www.district.in/movies/idream-cinemas-4k-rgb-laser-royapuram-chennai-in-chennai-CD1037502
4712,hyderabad central,14800,8,500,$0.24,4,24,https://www.district.in/movies/pvr-panjagutta-central-mall-hyderabad-in-hyderabad-CD1022251
4713,gullu's,12100,9,500,$0,1,22,https://www.district.in/dining/ncr/gullus-dlf-phase-4-gurgaon
4714,ganesh talkies,14800,32,31,$0.01,6,24,https://www.district.in/movies/ganesh-talkies-near-lord-shiva-temple-athagarh-in-banki-CD9610
4715,laser tag,14800,9,694,$0.22,6,24,https://www.district.in/events/g-sector-laser-tag-chennai-2025-buy-tickets
4716,de de pyaar de 2 cast,14800,11,291,$0,1,27,https://www.district.in/movies/de-de-pyaar-de-2-movie-tickets-MV171264
4717,dadar plaza cinema,14800,4,975,$0.08,1,19,https://www.district.in/movies/plaza-cinema-dadar-w-mumbai-in-mumbai-CD2847
4718,cricket wpl,18100,11,291,$0,1,48,https://www.district.in/events/womens-premier-league-2026-team
4719,cooperage football ground,14800,51,31,$0.18,5,15,https://www.district.in/play/cooperage-big-turf-churchgate-churchgate-mumbai-slots-booking
4720,city mall movie theatre,14800,4,1440,$0.01,1,21,https://www.district.in/movies/cinema-near-me
4721,cast of vash,12100,8,975,$0,1,26,https://www.district.in/movies/vash-level-2-movie-tickets-MV188260
4722,cast of kanchana 3,14800,9,291,$0,1,24,https://www.district.in/movies/kanchana-3-movie-tickets-MV657
4723,cafe dori,14800,21,82,$0,5,24,https://www.district.in/dining/ncr/cafe-dori-sector-59-gurgaon
4724,bookmyshow mehsana,12100,27,31,$0.01,1,21,https://www.district.in/movies/mehsana-movie-tickets
4725,bmg mall rewari haryana,14800,3,1440,$0.13,3,18,https://www.district.in/movies/bmg-cinema-bmg-mall-leo-chowk-rewari-in-rewari-CD5105
4726,beach terrace,9900,16,134,$0.40,1,35,https://www.district.in/dining/chennai/the-beach-terrace-bay-bar-kitchen-injambakkam
4727,balaghat miraj cinema,14800,8,291,$0,1,21,https://www.district.in/movies/miraj-cinemas-kalpataru-mall-balaghat-in-balaghat-CD167
4728,asian mukta a2 cinemas sensation,14800,3,1440,$0.22,10,19,https://www.district.in/movies/asian-mukta-a2-cinemas-mjr-square-narapally-in-hyderabad-CD1041683
4729,andheri restaurants,14800,73,31,$0.09,5,25,https://www.district.in/events/music-in-mumbai-book-tickets
4730,entertainment park in delhi,14800,5,2397,$0.06,4,15,https://www.district.in/activities/theme-parks-in-delhi-ncr/
4731,delhi area,14800,92,31,$0.02,1,42,https://www.district.in/events/anime-india-delhi-2026-buy-tickets
4732,zomato district,14800,1,4499,$0.19,3,23,https://www.district.in/
4733,wow noida ticket price,14800,2,2397,$0.17,1,14,https://www.district.in/events/worlds-of-wonder-wow-water-park-buy-tickets
4734,west in delhi,14800,111,31,$0.14,1,31,https://www.district.in/events/ye-live-in-india-2026-buy-tickets
4735,west delhi india,14800,65,31,$0.12,1,39,https://www.district.in/events/ye-live-in-india-2026-buy-tickets
4736,vijay store,14800,38,31,$0.15,3,19,https://www.district.in/events/thalapathified-tamil-singalong-jamming-bangalore-may17-2026-buy-tickets
4737,vaibhav theatre 4k 3d,12100,7,694,$0.15,15,20,https://www.district.in/movies/vaibhav-digital-4k-dolby-7-1-sanjaynagar-bengaluru-in-bengaluru-CD1049257
4738,top restaurants in gurgaon,14800,31,31,$0.20,8,12,https://www.district.in/events/nightlife-in-gurgaon-book-tickets
4739,pvr juhu,14800,2,2397,$0.06,3,23,https://www.district.in/movies/pvr-dynamix-juhu-mumbai-in-navi-mumbai-CD1018522
4740,priyadarshini grand,9900,11,378,$0.16,5,19,https://www.district.in/dining/bangalore/priyadarshini-grand-basaveshwara-nagar
4741,predator badlands release date,14800,23,48,$0,1,26,https://www.district.in/movies/predator-badlands-movie-tickets-MV185586
4742,plantain leaf restaurant tirupati,12100,9,694,$0.40,3,19,https://www.district.in/dining/tirupati/plantain-leaf-pai-viceroy-tirumala
4743,phule,14800,10,500,$0,1,38,https://www.district.in/movies/phule-movie-tickets-MV172421
4744,pco vasant vihar,12100,7,975,$0.52,3,28,https://www.district.in/dining/ncr/pco-vasant-vihar-new-delhi
4745,pco delhi,12100,27,34,$0.19,4,28,https://www.district.in/dining/ncr/pco-vasant-vihar-new-delhi
4746,padayappa tamil movie,5400,18,87,$0,1,28,https://www.district.in/movies/padayappa-1999-movie-tickets-MV211242
4747,nido craft kitchen & bar,12100,8,694,$0.16,7,19,https://www.district.in/dining/bangalore/nido-craft-kitchen-bar-sahakara-nagar-bangalore
4748,next galleria mall musarambagh,9900,9,291,$0.55,4,19,https://www.district.in/events/bustterz-next-galleria-mall-musarambagh-2025-buy-tickets
4749,new movie releases tollywood,14800,4,2397,$0.02,1,39,https://www.district.in/movies/upcoming-telugu-movies
4750,napoli jaipur,14800,8,694,$0.08,5,22,https://www.district.in/dining/jaipur/napoli-pizzeria-bistro-c-scheme
4751,museum of illusions new delhi tickets,22200,6,975,$0.20,19,17,https://www.district.in/events/museum-of-illusions-new-delhi-2026-buy-tickets
4752,mr x movie,9900,10,500,$0.17,1,25,https://www.district.in/movies/mr-x-movie-tickets-MV162388
4753,movies in chennai,12100,4,1440,$0.02,4,18,https://www.district.in/movies/chennai-movie-tickets
4754,movie yuva,14800,39,31,$0,1,37,https://www.district.in/movies/yuva-2004-movie-tickets-MV215494
4755,movie in chennai,14800,5,1440,$0.02,4,56,https://www.district.in/movies/chennai-movie-tickets
4756,miraj cinemas fun fiesta,12100,4,975,$0.06,1,20,https://www.district.in/movies/miraj-cinemas-funfiesta-nalasopara-w-in-mumbai-CD59121
4757,miraj cinema jaipur,12100,3,1440,$0.02,3,20,https://www.district.in/movies/miraj-cinemas-entertainment-paradise-jaipur-in-jaipur-CD9149
4758,milan cinema,14800,4,975,$0,2,23,https://www.district.in/movies/milan-cinemas-2k-3d-dolby-7-1-nayadikunnu-mannarkkad-in-palakkad-CD1039949
4759,mantri square movie,14800,2,2397,$0.02,1,21,https://www.district.in/movies/inox-mantri-square-malleshwaram-bengaluru-in-bengaluru-CD1020725
4760,ganesh talkies,14800,32,31,$0.01,6,24,https://www.district.in/movies/ganesh-talkies-near-lord-shiva-temple-athagarh-in-banki-CD9610
4761,laser tag,14800,9,694,$0.22,6,24,https://www.district.in/events/g-sector-laser-tag-chennai-2025-buy-tickets
4762,de de pyaar de 2 cast,14800,11,291,$0,1,27,https://www.district.in/movies/de-de-pyaar-de-2-movie-tickets-MV171264
4763,dadar plaza cinema,14800,4,975,$0.08,1,19,https://www.district.in/movies/plaza-cinema-dadar-w-mumbai-in-mumbai-CD2847
4764,cricket wpl,18100,11,291,$0,1,48,https://www.district.in/events/womens-premier-league-2026-team
4765,cooperage football ground,14800,51,31,$0.18,5,15,https://www.district.in/play/cooperage-big-turf-churchgate-churchgate-mumbai-slots-booking
4766,city mall movie theatre,14800,4,1440,$0.01,1,21,https://www.district.in/movies/cinema-near-me
4767,cast of vash,12100,8,975,$0,1,26,https://www.district.in/movies/vash-level-2-movie-tickets-MV188260
4768,cast of kanchana 3,14800,9,291,$0,1,24,https://www.district.in/movies/kanchana-3-movie-tickets-MV657
4769,cafe dori,14800,21,82,$0,5,24,https://www.district.in/dining/ncr/cafe-dori-sector-59-gurgaon
4770,bookmyshow mehsana,12100,27,31,$0.01,1,21,https://www.district.in/movies/mehsana-movie-tickets
4771,bmg mall rewari haryana,14800,3,1440,$0.13,3,18,https://www.district.in/movies/bmg-cinema-bmg-mall-leo-chowk-rewari-in-rewari-CD5105
4772,beach terrace,9900,16,134,$0.40,1,35,https://www.district.in/dining/chennai/the-beach-terrace-bay-bar-kitchen-injambakkam
4773,balaghat miraj cinema,14800,8,291,$0,1,21,https://www.district.in/movies/miraj-cinemas-kalpataru-mall-balaghat-in-balaghat-CD167
4774,entertainment park in delhi,14800,5,2397,$0.06,4,15,https://www.district.in/activities/theme-parks-in-delhi-ncr/
4775,delhi area,14800,92,31,$0.02,1,42,https://www.district.in/events/anime-india-delhi-2026-buy-tickets
4776,asian mukta a2 cinemas sensation,14800,3,1440,$0.22,10,19,https://www.district.in/movies/asian-mukta-a2-cinemas-mjr-square-narapally-in-hyderabad-CD1041683
4777,andheri restaurants,14800,73,31,$0.09,5,25,https://www.district.in/events/music-in-mumbai-book-tickets
4778,uttar dakshin by naivedhyam,9900,12,378,$0.23,8,20,https://www.district.in/dining/nagpur/uttar-dakshin-by-naivedhyam-1-pratap-nagar
4779,turf cricket,12100,5,4499,$0.66,1,22,https://www.district.in/play/box-cricket-turfs-in-gurgaon
4780,truffles bangalore kalyan nagar,14800,5,1440,$0.11,5,21,https://www.district.in/dining/bangalore/truffles-kalyan-nagar
4781,trampoline park hyderabad,12100,9,500,$0.04,7,19,https://www.district.in/activities/theme-parks-in-hyderabad/
4782,time pass,14800,38,31,$0.13,1,30,https://www.district.in/movies/timepass-movie-tickets-MV200478
4783,the mahabharata book,14800,73,31,$0.01,89,36,https://www.district.in/events/mere-krishn-a-live-theatrical-experience-of-shree-krishns-life-ahmedabad-2026-buy-tickets
4784,tere naam 2 film release date,14800,26,34,$0,1,32,https://www.district.in/movies/
4785,skylight cinema,9900,6,500,$0.10,5,21,https://www.district.in/movies/skylit-cinemas-sahara-mall-gurugram-in-gurgaon-CD1039765
4786,sky thru rooftop restaurant,9900,19,82,$0.02,5,27,https://www.district.in/dining/chennai/sky-thru-porur
4787,shiva film,14800,27,34,$0,1,40,https://www.district.in/movies/shiva-ganga-theatres-4k-gaddiannaram-formerly-asian-shiva-ganga-hyderabad-in-hyderabad-CD1102147
4788,shantiniketan mall,12100,14,167,$0.23,2,22,https://www.district.in/movies/cinepolis-nexus-shantiniketan-thigalarapalya-bengaluru-in-bengaluru-CD7508
4789,sarovar portico surajkund,9900,35,31,$0.21,26,21,https://www.district.in/dining/ncr/panoramic-the-sarovar-portico-surajkund-suraj-kund-faridabad
4790,sagar sweets restaurant,9900,9,500,$0.36,7,19,https://www.district.in/dining/jamshedpur/sagar-sweets-1-gamharia
4791,reset by plan b,27100,12,500,$0,7,16,https://www.district.in/dining/ncr/reset-by-plan-b-sector-83-gurgaon
4792,rangoli ice cream,14800,18,134,$0,1,18,https://www.district.in/dining/ahmedabad/rangoli-ice-cream-gurukul
4793,woodside inn bandra,12100,46,31,$0.25,4,19,https://www.district.in/dining/mumbai/woodside-inn-colaba
4794,mango cinema,12100,2,2397,$0.01,1,26,https://www.district.in/movies/mango-plus-cinemas-nikol-ahmedabad-in-ahmedabad-CD1004161
4795,maharaja multiplex in erode,14800,19,63,$0,1,24,https://www.district.in/movies/chhotu-maharaj-cinema-puthur-erode-in-erode-CD1049135
4796,maadeva,9900,10,500,$0,1,27,https://www.district.in/movies/maadeva-movie-tickets-MV198948
4797,lik movie download,8100,8,378,$0.11,1,25,https://www.district.in/movies/lik-love-insurance-kompany-movie-tickets-MV177390
4798,kung fu panda 5,9900,8,975,$0,1,33,https://www.district.in/movies/kung-fu-panda-5-movie-tickets-in-pali-MV186831
4799,kitty su club mumbai,14800,19,82,$0.14,3,24,https://www.district.in/dining/KittySuMumbai
4800,kalpetta new bus stand,9900,28,34,$0.09,2,19,https://www.district.in/dining/kalpetta/new-form-restaurant-kalpetta-locality
4801,kaa,12100,8,694,$0,1,34,https://www.district.in/movies/kaa-the-forest-movie-tickets-in-malur-MV171806
4802,jewel of nizam the minar,14800,13,222,$0.18,4,15,https://www.district.in/dining/hyderabad/jewel-of-nizam-the-minar-the-golkonda-resort-gandipet
4803,jaipur malviya nagar,12100,93,31,$0.26,6,21,https://www.district.in/events/naram-lehja-20-by-kanha-kamboj-jun4-2026-buy-tickets
4804,jaan 1996 movie,14800,12,378,$0,1,33,https://www.district.in/movies/jaan-1996-movie-tickets-MV144013
4805,innocent movie malayalam,1900,8,694,$0,1,24,https://www.district.in/movies/innocent-movie-tickets-MV208043
4806,indus flavour,14800,18,134,$0.22,1,23,https://www.district.in/dining/ncr/indus-flavour-proudly-vegetarian-karkardooma-new-delhi
4807,idream cinemas chennai,12100,3,1440,$0.09,1,21,https://www.district.in/movies/idream-cinemas-4k-rgb-laser-royapuram-chennai-in-chennai-CD1037502
4808,ramoji film city hyderabad telangana,14800,42,31,$0.15,5,40,https://www.district.in/events/ramoji-studio-tour-jan23-2025-buy-tickets
4809,private movie,14800,10,500,$0.04,1,16,https://www.district.in/movies/private-movie-tickets-MV207451
4810,picture picture,14800,62,31,$0.24,1,72,https://www.district.in/movies/picture-boyz-movie-tickets-in-neelapalle-MV218974
4811,mr tea cafe,12100,10,694,$0.17,2,28,https://www.district.in/dining/kota/mr-tea-cafe-sangam-1-rk-puram-e
4812,movie theater chennai,14800,7,975,$0.03,2,59,https://www.district.in/movies/chennai-movie-tickets
4813,movie release by date,14800,2,2397,$3.18,1,85,https://www.district.in/movies/upcoming-movies
4814,movie max,14800,7,975,$0.01,1,20,https://www.district.in/movies/moviemax-pr-mall-wall-tax-road-chennai-in-chennai-CD1102281
4815,miraj anupam cinemas goregaon,14800,3,2397,$0.27,3,20,https://www.district.in/movies/miraj-cinemas-anupam-mall-goregaon-e-in-mumbai-CD1480
4816,dubai khalifa tickets,14800,13,222,$0.54,28,45,https://www.district.in/events/at-the-top-burj-khalifa-buy-tickets
4817,dhumketu movie download,50,19,75,$0,1,13,https://www.district.in/movies/dhumketu-movie-tickets-MV201964
4818,delhi lucknow,18100,66,31,$0.21,31,35,https://www.district.in/events/ipl-ticket-booking
4819,dd d d,14800,16,134,$0,1,30,https://www.district.in/movies/bharat-dd-plex-asfabad-firozabad-in-firozabad-CD24971
4820,csk vs kkr tickets,1000,3,1440,$0.09,18,21,https://www.district.in/events/chennai-super-kings-team
4821,copper kitchen porur,14800,6,694,$0.07,4,19,https://www.district.in/dining/chennai/copper-kitchen-porur
4822,citi centre,14800,6,500,$0.24,5,26,https://www.district.in/movies/inox-chennai-citi-centre-mylapore-chennai-in-kolathur-CD1020774
4823,cast of maharani,14800,10,378,$0,1,29,https://www.district.in/movies/maharani-movie-tickets-in-vele-MV198043
4824,cast of devil's double next level,9900,8,500,$0,1,35,https://www.district.in/movies/devil-s-double-next-level-movie-tickets-MV188696
4825,cast of de de pyaar de,12100,9,378,$0,1,42,https://www.district.in/movies/de-de-pyaar-de-2019-movie-tickets-MV681
4826,carnatic cafe sunder nursery,18100,9,500,$0.47,2,31,https://www.district.in/dining/ncr/carnatic-cafe-sunder-nagar-new-delhi
4827,bookmyshow tirunelveli,14800,24,32,$0.02,1,22,https://www.district.in/movies/tirunelveli-movie-tickets
4828,fountain restaurant,14800,11,694,$0,1,22,https://www.district.in/dining/ahmedabad/the-fountain-chandkheda
4829,filmy filmy 2026,9900,8,378,$0,1,26,https://www.district.in/movies/upcoming-hindi-movies
4830,films by release date,14800,5,975,$0.01,1,72,https://www.district.in/movies/upcoming-movies
4831,film release calendar,14800,5,694,$3.18,1,90,https://www.district.in/movies/upcoming-hindi-movies
4832,downtown mall new town,14800,3,1440,$0.05,4,19,https://www.district.in/movies/pvr-uniworld-downtown-mall-new-town-kolkata-in-kolkata-CD1022284
4833,cast of the conjuring,18100,10,291,$0,1,56,https://www.district.in/movies/the-conjuring-last-rites-movie-tickets-MV175734
4834,cast of thammudu,9900,10,378,$0,1,26,https://www.district.in/movies/thammudu-movie-tickets-MV172434
4835,bhavnagar maxus,14800,5,694,$0,1,21,https://www.district.in/movies/maxus-cinema-bhavnagar-in-bhavnagar-CD1102110
4836,bharjari bhojana,9900,8,975,$0.51,7,32,https://www.district.in/dining/bangalore/bharjari-bhojana-2-malleshwaram-bangalore
4837,baan phad thai,8100,17,134,$1.05,4,22,https://www.district.in/dining/bangalore/baan-phad-thai-indiranagar-bangalore
4838,al wadi yemeni restaurant,12100,7,1440,$0.21,7,27,https://www.district.in/dining/hyderabad/al-wadi-yemeni-restaurant-tolichowki
4839,akshay kumar bhoot bangla,14800,10,500,$0,1,35,https://www.district.in/movies/bhooth-bangla-movie-tickets-MV177766
4840,worlds of wonder ticket price,14800,2,2397,$0.24,1,10,https://www.district.in/events/worlds-of-wonder-wow-water-park-buy-tickets
4841,water world,14800,29,35,$0.08,2,41,https://www.district.in/events/fun-world-amusement-park-bengaluru-2025-buy-tickets
4842,the tanjore tiffin room bandra,12100,8,975,$0.17,12,23,https://www.district.in/dining/mumbai/the-tanjore-tiffin-room-pali-hill-bandra-west
4843,tata ipl match,12100,10,378,$0.03,1,62,https://www.district.in/events/ipl-ticket-booking
4844,tamil new movies list,14800,14,134,$0.58,1,57,https://www.district.in/movies/tamil-movies-tickets-in-chennai
4845,yuva bollywood movie,18100,16,111,$0,1,47,https://www.district.in/movies/yuva-2004-movie-tickets-MV215494
4846,yo tibet,9900,7,975,$0.39,5,19,https://www.district.in/dining/ncr/yo-tibet-safdarjung-new-delhi
4847,new telugu cinema releases,14800,23,39,$0.02,1,37,https://www.district.in/movies/kakinada-movie-tickets
4848,movies release dates,14800,2,2397,$0.09,1,72,https://www.district.in/movies/upcoming-movies
4849,mohan ji puri wale,12100,25,48,$0,1,25,https://www.district.in/dining/haridwar/mohan-ji-puri-wale-ranipur
4850,minerva cinemas,14800,1,4499,$0.12,1,23,https://www.district.in/movies/minerva-empire-cinemaz-chandamukku-kottarakara-in-kottarakara-CD3906
4851,private movies,14800,5,975,$0.04,1,19,https://www.district.in/movies/private-movie-tickets-MV207451
4852,pjp jamshedpur,12100,3,1440,$0.02,1,21,https://www.district.in/movies/pjp-cinepolis-city-centre-mall-mauja-jamshedpur-in-jamshedpur-CD26785
4853,pizzeria,14800,19,82,$0.30,2,36,https://www.district.in/dining/vadodara/infi-pizzeria-manjalpur
4854,padaiyaanda maaveeraa,14800,9,694,$0,1,22,https://www.district.in/movies/padaiyaanda-maaveeraa-movie-tickets-MV206174
4855,o romeo cast,9900,10,378,$0,1,29,https://www.district.in/movies/o-romeo-movie-tickets-MV206123
4856,new movies in theaters telugu,14800,6,1440,$0.03,1,43,https://www.district.in/movies/telugu-movies-tickets-in-hyderabad
4857,new malayalam movies 2025,12100,37,31,$0,1,28,https://www.district.in/movies/upcoming-malayalam-movies
4858,g t world mall,14800,6,500,$0.03,1,24,https://www.district.in/movies/pvr-gt-world-mall-magadi-road-bengaluru-in-bengaluru-CD1022303
4859,fun food water park,1900,10,694,$0,1,35,https://www.district.in/events/fun-n-food-water-park-summer-offers-jun3-2025-buy-tickets
4860,frame cinema thanjavur,9900,8,291,$0.10,1,21,https://www.district.in/movies/thanjavur-movie-tickets
4861,films in theatres,14800,5,1440,$0.02,3,48,https://www.district.in/movies/cinema-near-me
4862,east bengal match today,14800,14,167,$0,1,25,https://www.district.in/events/sports-events-in-kolkata-book-tickets
4863,east 7th pizza & deli,9900,8,694,$0.32,6,26,https://www.district.in/dining/mumbai/east-7th-pizza-deli-hill-road-bandra-west
4864,download tamil movies website,14800,35,31,$0,1,31,https://www.district.in/movies/
4865,devi movie in tamil,14800,30,31,$0.02,1,43,https://www.district.in/movies/devi-cineplex-anna-salai-chennai-in-chennai-CD4184
4866,cricket nets near me,14800,5,2397,$0.81,8,12,https://www.district.in/play/cricket-nets-in-gurgaon
4867,combermere shimla,14800,43,29,$0.20,54,22,https://www.district.in/dining/shimla/hotel-combermere-longwood
4868,cinepolis gravity mall,9900,2,2397,$0.07,6,20,https://www.district.in/movies/cinepolis-gravity-mall-patna-in-patna-CD1054545
4869,chappal shops near me,14800,22,48,$0.05,17,17,https://www.district.in/stores/footwear-stores-in-gurgaon
4870,ccd square,14800,13,291,$0.15,4,19,https://www.district.in/dining/ncr/the-square-by-cafe-coffee-day-connaught-place-new-delhi
4871,cast of rowdy rathore,12100,15,134,$0,1,23,https://www.district.in/movies/rowdy-rathore-2012-movie-tickets-MV137847
4872,bro code movie release date,9900,4,2397,$0,1,40,https://www.district.in/movies/bro-code-movie-tickets-in-rewa-MV205047
4873,borivali banjara family restaurant and party hall,12100,22,63,$0.12,8,22,https://www.district.in/dining/mumbai/banjara-dhaba-borivali-west
4874,book ticket,14800,5,694,$0.15,39,70,https://www.district.in/movies/
4875,kerala hotel trivandrum,27100,9,694,$0.34,98,51,https://www.district.in/dining/trivandrum/kerala-hotel-kulathoor
4876,inox star mall,18100,2,2397,$0,1,22,https://www.district.in/movies/inox-star-mall-madhyamgram-kolkata-in-kolkata-CD1020732
4877,inox metro junction mall kalyan,12100,2,2397,$0.15,2,19,https://www.district.in/movies/inox-metro-junction-mall-netivali-village-kalyan-in-greater-mumbai-CD1029567
4878,how to your dragon movie,12100,9,378,$0,1,50,https://www.district.in/movies/how-to-train-your-dragon-movie-tickets-in-thane-MV183911
4879,house of mg ahmedabad,14800,28,30,$0.18,40,22,https://www.district.in/dining/ahmedabad/agashiye-the-house-of-mg-lal-darwaja
4880,hotel kass,14800,28,31,$0.17,8,25,https://www.district.in/dining/hyderabad/hotel-kass-kompally
4881,have more new delhi,14800,10,378,$0.10,2,23,https://www.district.in/dining/ncr/havemore-saket-new-delhi
4882,garam masala airoli,9900,7,975,$0,5,17,https://www.district.in/dining/mumbai/garam-masala-airoli-navi-mumbai
4883,mobile telugu movies download,14800,14,87,$0.01,1,24,https://www.district.in/movies/a-film-by-giri-movie-tickets-MV221111
4884,masaledaar desi rasoi vadapalani,8100,29,34,$0.06,1,19,https://www.district.in/dining/chennai/masaledaar-desi-rasoi-egmore
4885,lulu mall pvr,12100,8,694,$0.05,3,19,https://www.district.in/movies/pvr-superplex-lulu-lulu-mall-lucknow-in-lucknow-CD1024415
4886,love today movies,14800,32,31,$0,1,50,https://www.district.in/movies/anantapur-movie-tickets
4887,lexington towers,12100,18,75,$0.37,7,24,https://www.district.in/play/indiqube-lexington-tower-sg-palya-bengaluru-slots-booking
4888,latest tamil movie release,14800,7,694,$0,1,57,https://www.district.in/movies/tamil-movies-tickets-in-chennai
4889,krishna das,14800,16,222,$0.50,1,62,https://www.district.in/events/krishna-das/artist
4890,karthikeyan cinema,14800,7,378,$0.40,1,22,https://www.district.in/movies/karthikeyan-theatre-near-km-photo-solutions-kaveripattinam-in-karimangalam-CD1033352
4891,kadri cafe,12100,11,378,$0.75,3,29,https://www.district.in/dining/mangalore/kadri-cafe-1-kadri
4892,k r bakers,12100,18,111,$0.15,1,22,https://www.district.in/dining/kochi/k-r-restaurant-bakes-aluva
4893,mps movies,12100,2,2397,$0.61,1,23,https://www.district.in/movies/mps-cinemas-karuvampalayam-tirupur-in-palladam-CD659
4894,mps movie,9900,8,291,$0,1,22,https://www.district.in/movies/mps-cinemas-karuvampalayam-tirupur-in-palladam-CD659
4895,movie ticket in india,18100,2,2397,$0.27,1,67,https://www.district.in/movies/
4896,movie release calendar,14800,4,975,$3.18,1,89,https://www.district.in/movies/upcoming-hindi-movies
4897,backyard cafe,14800,8,694,$0.12,3,27,https://www.district.in/dining/hyderabad/backyard-cafe-sainikpuri-secunderabad
4898,antera kitchen and bar indiranagar,12100,9,975,$0.39,6,21,https://www.district.in/dining/bangalore/antera-kitchen-and-bar-indiranagar-bangalore
4899,animal cast,14800,8,378,$0,1,22,https://www.district.in/movies/animal-2023-movie-tickets-MV142563
4900,anand sweets sarjapur,12100,6,694,$0.19,8,19,https://www.district.in/dining/bangalore/anand-sweets-and-savouries-sarjapur-road-bangalore
4901,amusement park in delhi and ncr,14800,5,2397,$0.05,8,24,https://www.district.in/activities/theme-parks-in-delhi-ncr/
4902,amma hotel,12100,5,2397,$0.11,4,22,https://www.district.in/dining/bangalore/amma-hotel-kumaraswamy-layout-bangalore
4903,sep 21,14800,10,291,$0,1,34,https://www.district.in/movies/september-21-movie-tickets-MV218454
4904,saptadingar guptodhon,2900,8,975,$0,1,22,https://www.district.in/movies/saptadingar-guptodhon-movie-tickets-in-kolkata-MV217284
4905,sai priya beach resort vizag,14800,20,48,$0.09,18,15,https://www.district.in/dining/visakhapatnam/sai-priya-beach-resort-rushikonda-vizag
4906,pvr cinemas juhu,14800,2,2397,$0.07,3,20,https://www.district.in/movies/pvr-dynamix-juhu-mumbai-in-navi-mumbai-CD1018522
4907,pvr vikaspuri,14800,2,2397,$0.04,3,23,https://www.district.in/movies/pvr-vikaspuri-virjanand-marg-new-delhi-in-new-delhi-CD1018964
4908,pvr priya,12100,2,2397,$0.04,8,21,https://www.district.in/movies/pvr-imax-with-laser-priya-vasant-vihar-new-delhi-in-new-delhi-CD1022246
4909,pvr orion uptown mall,12100,2,2397,$0.06,9,18,https://www.district.in/movies/pvr-orion-uptown-old-madras-road-bengaluru-in-bengaluru-CD1022306
4910,pondicherry raja theatre,14800,3,1440,$0.13,1,22,https://www.district.in/movies/raja-talkies-a-c-dts-sony-4k-puducherry-in-puducherry-CD1037506
4911,plaza theatre dadar,14800,5,694,$0.27,1,18,https://www.district.in/movies/plaza-cinema-dadar-w-mumbai-in-mumbai-CD2847
4912,pista house secunderabad,9900,10,694,$0.11,9,19,https://www.district.in/dining/hyderabad/pista-house-sd-road-secunderabad
4913,pco new delhi,12100,9,378,$0.08,2,29,https://www.district.in/dining/ncr/pco-vasant-vihar-new-delhi
4914,new tamil movies name,14800,30,31,$0.03,1,57,https://www.district.in/movies/upcoming-tamil-movies
4915,new tamil movie list,14800,15,111,$0.07,1,57,https://www.district.in/movies/tamil-movies-tickets-in-chennai
4916,new tamil cinema list,14800,13,167,$0.58,1,57,https://www.district.in/movies/tamil-movies-tickets-in-chennai
4917,new punjabi dhaba hsr,14800,7,378,$0.11,1,21,https://www.district.in/dining/bangalore/punjabi-dhaba-hsr-bangalore
4918,near me theatre,14800,6,1440,$0.07,4,19,https://www.district.in/movies/cinema-near-me
4919,mp movies,14800,6,500,$0,1,22,https://www.district.in/movies/action-movies-in-sarangpur-mp
4920,movies sunday,14800,14,111,$0,1,61,https://www.district.in/movies/delhi-ncr-movie-tickets
4921,movie pet detective,14800,10,694,$0.13,1,28,https://www.district.in/movies/the-pet-detective-movie-tickets-MV191001
4922,movie majic,14800,7,694,$0,1,21,https://www.district.in/movies/movie-magic-cinema-loni-ghaziabad-in-new-delhi-CD58001
4923,mittal mega mall in panipat,14800,4,2397,$0.06,1,22,https://www.district.in/movies/fun-cinema-mittal-mega-mall-huda-panipat-in-panipat-CD147
4924,miraj cinema azadpur,12100,6,1440,$0.06,1,21,https://www.district.in/movies/miraj-cinemas-aakash-azadpur-in-new-delhi-CD1074336
4925,metro walk delhi,14800,15,222,$0.01,1,21,https://www.district.in/events/adventure-island-limited-2025-buy-tickets
4926,mayur pan house hyderabad,9900,7,975,$0.27,6,20,https://www.district.in/dining/hyderabad/mayur-pan-house-abids
4927,mango trees restaurant,14800,29,31,$0.06,1,21,https://www.district.in/dining/vadodara/the-mango-tree-restaurant-banquet-sayajipura
4928,manasa theater,12100,6,500,$0,5,23,https://www.district.in/movies/manasa-rgb-laser-atmos-cinemas-konankunte-bengaluru-in-bengaluru-CD1042222
4929,mama miso,12100,18,87,$0.17,3,23,https://www.district.in/dining/goa/mama-miso-elevated-asian-majorda
4930,machine 2017,14800,9,694,$0.01,1,36,https://www.district.in/movies/machine-2017-movie-tickets-MV139645
4931,lsg vs dc 2026,590,27,32,$0,1,23,https://www.district.in/events/ipl-ticket-booking
4932,list of new tamil movies,14800,15,134,$0.58,1,57,https://www.district.in/movies/tamil-movies-tickets-in-chennai
4933,liberty cinemas: rohtak,12100,18,63,$0,1,21,https://www.district.in/movies/cinemas-in-rohtak
4934,latest tamil movies release,14800,5,975,$0,1,56,https://www.district.in/movies/tamil-movies-tickets-in-chennai
4935,latest tamil movies list,14800,13,111,$0.58,1,57,https://www.district.in/movies/tamil-movies-tickets-in-chennai
4936,latest released tamil movies,14800,7,694,$0,1,56,https://www.district.in/movies/tamil-movies-tickets-in-chennai
4937,latest movie release in tamil,14800,7,500,$0,1,56,https://www.district.in/movies/tamil-movies-tickets-in-chennai
4938,royal china bandra,12100,10,378,$0.31,4,19,https://www.district.in/dining/mumbai/royal-china-hill-road-bandra-west
4939,reset by plan b sector 42,12100,19,82,$0.17,5,23,https://www.district.in/dining/ncr/reset-by-plan-b-sector-83-gurgaon
4940,release date of hera pheri 3,22200,29,31,$0,1,32,https://www.district.in/movies/hera-pheri-3-movie-tickets-MV161162
4941,written and directed by god,12100,20,87,$0.03,1,25,https://www.district.in/movies/written-directed-by-god-movie-tickets-MV197494
4942,wpl today,14800,8,378,$0,1,27,https://www.district.in/events/womens-premier-league-2026-team
4943,worlds of wonder amusement park ticket price,14800,2,4499,$0.10,1,10,https://www.district.in/events/worlds-of-wonder-wow-water-park-buy-tickets
4944,wildlife water park,14800,15,222,$0.15,1,41,https://www.district.in/events/wild-waters-2025-buy-tickets
4945,underdoggs hebbal,9900,8,694,$0.25,9,22,https://www.district.in/dining/bangalore/underdoggs-hebbal-sahakara-nagar-bangalore
4946,the kerala story 2 goes beyond,12100,14,291,$0.11,1,29,https://www.district.in/movies/the-kerala-story-2-goes-beyond-movie-tickets-MV214234
4947,the green door,9900,17,222,$0.13,3,41,https://www.district.in/dining/mumbai/the-green-door-1-goregaon-west
4948,teahouse,12100,19,87,$0.22,3,36,https://www.district.in/dining/chennai/tea-house-t-nagar
4949,tea villa cafe jayanagar,14800,7,975,$0.04,4,11,https://www.district.in/dining/bangalore/tea-villa-cafe-jayanagar-bangalore
4950,svf cinema durgapur,12100,4,2397,$0.22,3,21,https://www.district.in/movies/svf-cinemas-junction-mall-durgapur-in-durgapur-CD1102224
4951,tamil nadu vs delhi,14800,38,31,$0,1,9,https://www.district.in/
4952,tamil latest release,14800,9,291,$0,1,57,https://www.district.in/movies/tamil-movies-tickets-in-chennai
4953,tamil film padayappa,14800,19,75,$0.06,1,32,https://www.district.in/movies/padayappa-1999-movie-tickets-MV211242
4954,sri balaji theatre,14800,10,378,$0.20,7,22,https://www.district.in/movies/balaji-4k-atmos-3d-cinema-chikkalasandra-uttarahalli-main-road-bengaluru-in-bengaluru-CD9487
4955,srh rcb,14800,10,378,$0.27,1,21,https://www.district.in/events/screening-of-srh-vs-rcb-tata-ipl-2026-may22-2026-buy-tickets
4956,senthil theatre coimbatore,18100,25,31,$0.44,1,17,https://www.district.in/movies/coimbatore-movie-tickets
4957,scm cinema sitapur,12100,3,1440,$0,1,21,https://www.district.in/movies/scm-cinema-sitapur-in-sitapur-CD1093531
4958,rose sardana,22200,32,31,$0,1,32,https://www.district.in/movies/iiz-indian-institute-of-zombies-movie-tickets-MV219534
4959,kazan japanese ramen,9900,10,378,$0.35,8,22,https://www.district.in/dining/bangalore/kazan-japanese-ramen-church-street-bangalore
4960,kanchipuram karthikeyan theatre,14800,32,31,$0.02,1,20,https://www.district.in/movies/tamil-movies-tickets-in-kanchipuram
4961,james dino,14800,16,222,$0.64,1,55,https://www.district.in/events/dino-james/artist
4962,india song,14800,32,31,$0.14,1,47,https://www.district.in/events/ye-live-in-india-2026-buy-tickets
4963,idreams theatre royapuram,12100,3,1440,$0.09,1,25,https://www.district.in/movies/idream-cinemas-4k-rgb-laser-royapuram-chennai-in-chennai-CD1037502
4964,gung the palace green park,12100,8,694,$0.16,5,19,https://www.district.in/dining/ncr/gung-the-palace-green-park-new-delhi
4965,guerilla diner,14800,7,694,$0.18,3,31,https://www.district.in/dining/bangalore/guerilla-diner-ulsoor-bangalore
4966,grover's vineyard,12100,13,291,$0.07,2,22,https://www.district.in/events/grovers-vineyard-tour-tasting-bengaluru-2025-buy-tickets
4967,gokul theatre,14800,5,694,$0.16,3,23,https://www.district.in/movies/svc-cinemas-gokul-a-c-2k-dolby-allipuram-vizag-in-vizag-CD22884
4968,kitchen sutra,14800,11,222,$0.13,1,21,https://www.district.in/dining/kolkata/kitchen-sutra-chandannagar
4969,city mall cinemas,14800,5,694,$0.12,1,17,https://www.district.in/movies/miraj-cinemas-city-mall-sonipat-in-kundli-CD7766
4970,cinema in movies,12100,4,2397,$0.11,1,44,https://www.district.in/movies/cinema-near-me
4971,chennai movie theater,14800,5,2397,$0.02,4,52,https://www.district.in/movies/chennai-movie-tickets
4972,cast of kiss 2025 film,14800,10,500,$0,1,37,https://www.district.in/movies/kiss-movie-tickets-MV190252
4973,cafe in raipur,12100,39,31,$0,1,23,https://www.district.in/
4974,cafe athyeka,14800,7,975,$0,3,23,https://www.district.in/dining/ncr/cafe-athyeka-sector-16b-noida
4975,bollywood hindi movie list,14800,9,500,$0,1,32,https://www.district.in/movies/upcoming-hindi-movies
4976,godari gattupaina,880,6,1440,$0,1,21,https://www.district.in/movies/godari-gattupaina-movie-tickets-MV219475
4977,fun parks in mumbai,14800,5,4499,$0.05,12,20,https://www.district.in/activities/theme-parks-activities-in-mumbai/
4978,fish for aquarium price,18100,82,31,$0.01,95,37,https://www.district.in/events/aquarium-paradise-bengaluru-2025-buy-tickets
4979,delhi subhash nagar,14800,89,31,$0.14,2,20,https://www.district.in/movies/dacoit-movie-tickets-in-new-delhi-MV169188
4980,delhi metro walk,14800,13,378,$0.01,1,20,https://www.district.in/events/adventure-island-limited-2025-buy-tickets
4981,anomie movie,12100,11,500,$0,1,21,https://www.district.in/movies/anomie-the-equation-of-death-movie-tickets-MV212634
4982,animal movie cast,14800,8,500,$0,1,17,https://www.district.in/movies/animal-2023-movie-tickets-MV142563
4983,al jawahar restaurant,12100,15,222,$0,3,17,https://www.district.in/dining/ncr/al-jawahar-jama-masjid-new-delhi
4984,7th street,14800,18,75,$0.13,4,30,https://www.district.in/dining/jhunjhunu/7th-street-cafe-jhunjhunu-locality
4985,1oak,12100,25,35,$0.55,7,27,https://www.district.in/dining/ncr/1-oak-cafe-bar-defence-colony-new-delhi
4986,worlds of wonder water park tickets price,14800,4,2397,$0.17,1,21,https://www.district.in/events/worlds-of-wonder-wow-water-park-buy-tickets
4987,tulip chowk,18100,38,31,$0.39,12,17,https://www.district.in/dining/ncr/tulip-club-house-1-sector-69-gurgaon
4988,trampoline parks hyderabad,14800,11,500,$0.04,10,19,https://www.district.in/activities/theme-parks-activities-in-hyderabad/
4989,zaitoon restaurant tambaram,9900,17,87,$0.11,4,21,https://www.district.in/dining/chennai/zaitoon-restaurant-grill-selaiyur
4990,padayappa movie,14800,26,39,$0.06,1,42,https://www.district.in/movies/padayappa-1999-movie-tickets-in-chennai-MV211242
4991,oudh 1590,12100,16,167,$0.37,1,22,https://www.district.in/dining/kolkata/oudh-1590-madhyamgram
4992,offer hindi meaning,14800,37,31,$0,1,21,https://www.district.in/movies/
4993,new tamil movies recently released,14800,15,111,$0,1,56,https://www.district.in/movies/tamil-movies-tickets-in-chennai
4994,new release movies telugu,9900,4,2397,$0.02,1,55,https://www.district.in/movies/upcoming-telugu-movies
4995,mrx movie,9900,10,378,$0.17,1,31,https://www.district.in/movies/mr-x-movie-tickets-MV162388
4996,movies releasing in 2025,14800,16,111,$0.39,1,65,https://www.district.in/movies/upcoming-movies
4997,movies playing in theatres near me,14800,3,4499,$0.02,4,33,https://www.district.in/movies/cinema-near-me
4998,movie release date,14800,5,975,$0.02,1,17,https://www.district.in/movies/upcoming-movies
4999,miraj multiplex gulbarga,14800,2,2397,$0.03,1,20,https://www.district.in/movies/miraj-cinemas-shradha-mall-gulbarga-in-kalaburagi-CD174
5000,miraj cinema jodhpur,14800,3,1440,$0.09,3,20,https://www.district.in/movies/miraj-cinemas-bioscope-jodhpur-in-jodhpur-CD176
5001,milan cinemas,14800,2,2397,$0,2,23,https://www.district.in/movies/milan-cinemas-2k-3d-dolby-7-1-nayadikunnu-mannarkkad-in-palakkad-CD1039949
5002,maxus cinema bhavnagar,12100,3,1440,$0.01,1,21,https://www.district.in/movies/maxus-cinema-victoriya-park-bhavnagar-in-bhavnagar-CD1102110
5003,list of new movies in tamil,14800,18,63,$0.58,1,57,https://www.district.in/movies/upcoming-tamil-movies
5004,restaurant kochi,12100,37,31,$0,7,24,https://www.district.in/
5005,red fort built by,14800,42,31,$0,1,9,https://www.district.in/events/red-fort-jan1-1970-buy-tickets
5006,ravi gupta comedy,9900,8,694,$2.31,1,39,https://www.district.in/events/ravi-gupta/artist
5007,range shots,14800,9,378,$0.05,1,28,https://www.district.in/events/champions-shooting-range-andheri-east-2025-buy-tickets
5008,queen margherita pizzeria,12100,10,500,$0.38,5,23,https://www.district.in/dining/mumbai/queen-margheritas-pizzeria-malad-west
5009,qavalli aerocity,14800,13,291,$0.09,2,16,https://www.district.in/dining/ncr/qavalli-aerocity-new-delhi
5010,pizza point,12100,16,134,$0.15,1,22,https://www.district.in/dining/moradabad/pizza-point-2-moradabad-locality
5011,ganpati laxmi photo,14800,105,31,$0.01,70,30,https://www.district.in/movies/saluru-movie-tickets
5012,fun world amusement park tickets,14800,6,975,$0.05,11,14,https://www.district.in/events/fun-world-amusement-park-bengaluru-2025-buy-tickets
5013,fun mall coimbatore,14800,5,694,$0.02,1,18,https://www.district.in/movies/cinepolis-fun-cinema-republic-mall-peelamedu-coimbatore-in-coimbatore-CD135
5014,films releasing tomorrow,14800,5,2397,$0.01,1,44,https://www.district.in/movies/upcoming-movies
5015,eurasia indore,12100,11,378,$0.17,1,32,https://www.district.in/dining/indore/eurasia-by-pass-road-north
5016,esha movie,14800,8,500,$0.05,1,22,https://www.district.in/movies/eesha-movie-tickets-MV211321
5017,episode one powai,14800,8,500,$0.18,1,21,https://www.district.in/dining/mumbai/episode-one-powai
5018,distance from vizag to hyderabad,14800,80,31,$0.29,1,19,https://www.district.in/movies/
5019,gurgaon good restaurants,14800,51,31,$0.07,12,27,https://www.district.in/dining/
5020,bangalore amusement park,18100,5,2397,$0.11,10,29,https://www.district.in/activities/theme-parks-activities-in-bengaluru/
5021,balaji stores,12100,60,31,$0.18,2,20,https://www.district.in/movies/bengaluru-movie-tickets
5022,avatar the way of water,14800,38,31,$0,1,9,https://www.district.in/movies/avatar-the-way-of-water-2022-movie-tickets-MV145118
5023,amro cafe,14800,10,694,$0.05,3,21,https://www.district.in/dining/hyderabad/amro-cafe-gachibowli
5024,29 movie,14800,9,975,$0,1,25,https://www.district.in/movies/29-movie-tickets-MV219989
5025,dc versus punjab,6600,11,378,$0,1,22,https://www.district.in/events/tata-ipl-2026-match-55-punjab-kings-vs-delhi-capitals-buy-tickets
5026,date movie release date,14800,4,1440,$3.18,1,84,https://www.district.in/movies/upcoming-movies
5027,csk next match 2026,1000,5,1440,$0.01,1,25,https://www.district.in/events/chennai-super-kings-team
5028,csk match schedule 2026,4400,2,2397,$0.07,1,29,https://www.district.in/events/chennai-super-kings-team
5029,csk ipl match,12100,6,975,$0.20,1,44,https://www.district.in/events/chennai-super-kings-team
5030,congratulations brother,12100,7,975,$0,1,34,https://www.district.in/movies/congratulations-brother-movie-tickets-in-bengaluru-MV209995
5031,city cinema city mall,14800,4,975,$0.01,1,39,https://www.district.in/movies/fun-cinema-city-mall-indraprastha-industrial-area-kota-in-kota-CD143
5032,cast of maalik,14800,8,500,$0,1,25,https://www.district.in/movies/maalik-movie-tickets-MV177731
5033,cappuccino blast mall avenue,22200,10,500,$0,6,13,https://www.district.in/dining/lucknow/cappuccino-blast-hazratganj
5034,capella bakery,14800,7,975,$0.18,2,22,https://www.district.in/dining/mangalore/capella-patisserie-kadri
5035,bookmyshow eluru,14800,8,291,$0.04,1,22,https://www.district.in/movies/svc-cinemas-4k-laser-atmos-cmr-mall-eluru-in-eluru-CD1019166
5036,bollywood movie yuva,14800,18,87,$0,1,46,https://www.district.in/movies/yuva-2004-movie-tickets-MV215494
5037,kohinoor cinema jaipur,12100,3,1440,$0.05,2,21,https://www.district.in/movies/kohinoor-cinema-dolby-atmos-sanganer-jaipur-in-jaipur-CD3872
5038,kgf 2 release date,12100,43,31,$0,1,8,https://www.district.in/movies/k-g-f-chapter-2-movie-tickets-MV135612
5039,karnataka bhavan delhi,1600,6,975,$0.85,1,14,https://www.district.in/dining/ncr/karnataka-bhavan-chanakyapuri-new-delhi
5040,karan aujla concert tickets,14800,3,3419,$0.06,1,22,https://www.district.in/events/karan-aujla/artist
5041,jana nayagan movie 2026,14800,3,2397,$0.08,1,33,https://www.district.in/movies/jana-nayagan-movie-tickets-MV188681
5042,idreams chennai,12100,4,975,$0.09,1,21,https://www.district.in/movies/idream-cinemas-4k-rgb-laser-royapuram-chennai-in-chennai-CD1037502
5043,thug life box office collection,12100,77,31,$0,1,25,https://www.district.in/
5044,the daily all day pune,14800,16,134,$0.09,2,21,https://www.district.in/dining/pune/the-daily-all-day-1-koregaon-park
5045,the brew estate,12100,14,167,$0.15,6,42,https://www.district.in/dining/chandigarh/the-brew-estate-chandigarh-industrial-area
5046,thaikelavi movie,14800,26,39,$0.09,1,23,https://www.district.in/movies/thaai-kizhavi-movie-tickets-MV212782
5047,telugu cinema new release,14800,11,291,$0.02,1,34,https://www.district.in/movies/telugu-movies-tickets-in-hyderabad
5048,swaran cinema hoshiarpur,14800,3,1440,$0.07,1,19,https://www.district.in/movies/swarn-theatre-roshan-road-hoshiarpur-in-hoshiarpur-CD4151
5049,sujata mastani sadashiv peth,14800,5,975,$0.53,3,18,https://www.district.in/dining/pune/sujata-mastani-sadashiv-peth
5050,sree ramana theater,14800,1,4499,$0.12,4,21,https://www.district.in/movies/sree-ramana-gold-4k-dolby-7-1-amberpet-hyderabad-in-hyderabad-CD36376
5051,skydeck rooftop restaurant,14800,10,500,$0.15,2,19,https://www.district.in/dining/udaipur/skydeck-rooftop-restaurant-hiran-magri
5052,shotgun gun range,14800,49,31,$0.03,1,25,https://www.district.in/events/elite-shooting-range--indiranagar-buy-tickets
5053,pco bar,9900,81,31,$0.32,4,36,https://www.district.in/dining/ncr/pco-1-vasant-vihar-new-delhi
5054,ny cinemas gandhinagar,9900,2,2397,$0.27,5,21,https://www.district.in/movies/devgn-cinex-formerly-ny-swagat-mall-gandhinagar-in-gandhinagar-CD1039338
5055,new u,14800,47,31,$0.03,4,28,https://www.district.in/movies/krishnavataram-part-1-the-heart-hridayam-movie-tickets-in-new-delhi-MV219513
5056,navjivan restaurant,9900,9,694,$0.06,3,19,https://www.district.in/dining/surat/navjivan-restaurant-new-textile-market
5057,mr tea,14800,13,378,$0.16,2,19,https://www.district.in/dining/nellore/mr-tea-1-nellore-locality
5058,movies in indore,14800,3,2397,$0.01,4,35,https://www.district.in/movies/indore-movie-tickets
5059,movies com 2026,14800,2,2397,$0.42,1,32,https://www.district.in/movies/upcoming-movies
5060,movies and release dates,14800,2,2397,$3.18,1,90,https://www.district.in/movies/upcoming-movies
5061,wankhede cricket stadium,8100,13,291,$0.50,1,25,https://www.district.in/events/mca-museum--stadium-tour-buy-tickets
5062,vivacity mall,12100,5,694,$0.01,4,19,https://www.district.in/movies/dd-cinemas-viva-city-mall-jaipur-in-jaipur-CD1038300
5063,vijaya mall,12100,5,975,$0.04,3,22,https://www.district.in/movies/pvr-palazzo-the-nexus-vijaya-mall-chennai-in-chennai-CD1022274
5064,vegas mall dwarka,12100,7,500,$0,1,17,https://www.district.in/movies/pvr-vegas-dwarka-new-delhi-in-gurgaon-CD1022286
5065,ved arcade mall,12100,15,111,$0.21,6,19,https://www.district.in/movies/rajhans-cinema-vastral-ahmedabad-in-ahmedabad-CD17669
5066,utsav restaurants,14800,13,222,$0.08,3,22,https://www.district.in/dining/mumbai/utsav-restaurant-prabhadevi
5067,upcoming movies hollywood,1900,5,1440,$0.23,1,14,https://www.district.in/movies/upcoming-english-movies
5068,tomorrow release film,14800,5,1440,$0.06,1,65,https://www.district.in/movies/upcoming-movies
5069,today movie release tollywood,14800,5,1440,$0.01,1,32,https://www.district.in/movies/upcoming-telugu-movies
5070,yuva the movie,14800,28,32,$0,1,41,https://www.district.in/movies/yuva-2004-movie-tickets-MV215494
5071,sa vs nz live,14800,27,31,$0.08,1,9,https://www.district.in/
5072,rare rabbit near me,12100,24,48,$0.27,53,24,https://www.district.in/stores/
5073,pvr rk cineplex,14800,4,1440,$0.05,5,19,https://www.district.in/movies/pvr-rk-cineplex-rk-complex-hyderabad-in-hyderabad-CD1022256
5074,play tamil kannada,12100,53,31,$0,1,33,https://www.district.in/events/totebag-painting-may10-2026-buy-tickets
5075,theme parks in delhi ncr,14800,9,500,$0.05,8,26,https://www.district.in/activities/theme-parks-in-delhi-ncr/
5076,theme park in bangalore,18100,7,1440,$0.20,9,13,https://www.district.in/activities/theme-parks-in-bengaluru/
5077,tamil movies list latest,14800,18,75,$0.58,1,57,https://www.district.in/movies/tamil-movies-tickets-in-chennai
5078,sri lakshmi theatre,14800,2,4499,$0.24,4,24,https://www.district.in/movies/svc-sri-lakshmi-theatre-kharmanghat-hyderabad-in-hyderabad-CD13958
5079,spirit cast,12100,7,1440,$0,1,39,https://www.district.in/movies/spirit-movie-tickets-MV145423
5080,shankar prasad,18100,16,87,$0,1,32,https://www.district.in/movies/mana-shankara-varaprasad-garu-movie-tickets-in-una-MV203929
5081,senthil kumaran theatre in coimbatore,18100,35,31,$0.44,1,20,https://www.district.in/movies/coimbatore-movie-tickets
5082,scm cinemas sitapur,14800,3,1440,$0,1,20,https://www.district.in/movies/scm-cinema-sitapur-in-sitapur-CD1093531
5083,sai complex,14800,86,31,$0.11,2,16,https://www.district.in/movies/darling-2010-movie-tickets-in-vizag-MV217928
5084,restaurants in tvm,14800,44,31,$0.05,2,26,https://www.district.in/movies/
5085,restaurants in trivandrum,12100,38,31,$0.24,2,17,https://www.district.in/
5086,movie show in chennai,14800,7,500,$0.02,3,66,https://www.district.in/movies/chennai-movie-tickets
5087,movie magic,12100,6,975,$0,1,21,https://www.district.in/movies/movie-magic-south-avenue-mall-jabalpur-in-jabalpur-CD10223
5088,movie in theatre,14800,7,694,$0.02,6,19,https://www.district.in/movies/
5089,movie cult,14800,9,694,$0.22,1,35,https://www.district.in/movies/cult-movie-tickets-in-hosur-MV211894
5090,maxus bhavnagar,9900,3,1440,$0.01,1,21,https://www.district.in/movies/maxus-cinema-victoriya-park-bhavnagar-in-bhavnagar-CD1102110
5091,masaledaar desi rasoi egmore,6600,8,694,$0.25,1,19,https://www.district.in/dining/chennai/masaledaar-desi-rasoi-egmore
5092,mantri mall movie,14800,3,1440,$0.02,1,21,https://www.district.in/movies/inox-mantri-square-malleshwaram-bengaluru-in-bengaluru-CD1020725
5093,mangroove taproom & kitchen,9900,7,975,$0.20,9,22,https://www.district.in/dining/bangalore/mangroove-taproom-and-kitchen-bommanahalli-bangalore
5094,krs bakery,14800,11,500,$0.23,1,19,https://www.district.in/dining/coimbatore/kovai-k-r-s-bakery-rs-puram
5095,kothalavadi movie,14800,11,378,$0,1,25,https://www.district.in/movies/kothalavadi-movie-tickets-MV201845
5096,khaira punjabi dhaba,12100,11,500,$0.04,1,20,https://www.district.in/dining/dehradun/khaira-punjabi-dhaba-jolly-grant-dehradun
5097,jurassic world rebirth showtimes,14800,6,1440,$0.02,1,41,https://www.district.in/movies/jurassic-world-rebirth-movie-tickets-in-gurgaon-MV178018
5098,iplt20 com 2026,2900,7,694,$0.09,1,26,https://www.district.in/events/ipl-ticket-booking
5099,india vs nz tickets,9900,17,82,$0.07,12,37,https://www.district.in/events/?showRedirectionPopup=true
5100,green cinemas,14800,15,87,$0,1,22,https://www.district.in/movies/cinepolis-cinemas-green-city-square-bathinda-in-bathinda-CD1089929
5101,go native hsr,12100,8,975,$0.33,10,24,https://www.district.in/dining/bangalore/go-native-hsr-bangalore
5102,galaxy paradise bangalore,14800,8,500,$0.18,4,21,https://www.district.in/movies/galaxy-paradise-miniplex-begur-road-bengaluru-in-bengaluru-CD9710
5103,explore tamil meaning,14800,42,31,$0,1,17,https://www.district.in/movies/
5104,district tickets,14800,1,4499,$0.25,2,47,https://www.district.in/
5105,dil cinema,14800,15,134,$0,1,35,https://www.district.in/movies/chand-mera-dil-movie-tickets-MV182354
5106,cricket turf,14800,5,2397,$0.32,3,23,https://www.district.in/play/box-cricket-turfs-in-gurgaon
5107,cholan mess,14800,10,500,$0,9,25,https://www.district.in/dining/chennai/cholan-mess-1-ramapuram
5108,candies at bandra reclamation,12100,17,134,$0.14,8,22,https://www.district.in/dining/mumbai/candies-reclamation-bandra-west
5109,cafe paradise,12100,12,378,$0.06,2,30,https://www.district.in/dining/mumbai/cafe-paradise-hotel-nerul-navi-mumbai
5110,cafe jaipur,14800,34,31,$0.19,11,26,https://www.district.in/
5111,c t m ahmedabad,14800,8,694,$0.14,1,19,https://www.district.in/movies/revolution-multiplex-ctm-ahmedabad-in-ahmedabad-CD1037
5112,birch bhubaneswar,12100,11,500,$0,1,31,https://www.district.in/dining/bhubaneswar/birch-patia-bhubaneshwar
5113,best tamil movies 2025,14800,48,31,$0,1,31,https://www.district.in/movies/
5114,al bake delhi,14800,10,694,$0.18,2,20,https://www.district.in/dining/ncr/al-bake-new-friends-colony-new-delhi
5115,week in hindi language,14800,55,31,$0,1,25,https://www.district.in/movies/hyderabad-movie-tickets
5116,worlds of wonder noida ticket price,14800,2,2397,$0.04,14,14,https://www.district.in/events/worlds-of-wonder-wow-water-park-buy-tickets
5117,love marriage movie 2025,14800,11,378,$0,1,38,https://www.district.in/movies/love-marriage-movie-tickets-MV199006
5118,karigari connaught place,9900,11,291,$0.53,6,22,https://www.district.in/dining/ncr/karigari-by-chef-harpal-singh-sokhi-connaught-place-new-delhi
5119,karam movie,12100,18,134,$0,1,30,https://www.district.in/movies/karam-movie-tickets-in-jamui-MV204497
5120,karafa jubilee hills,12100,8,694,$0.25,4,19,https://www.district.in/dining/hyderabad/karafa-1-jubilee-hills
5121,kaimanam,9900,13,291,$0.16,8,19,https://www.district.in/dining/chennai/kaimanam-akkarai
5122,juice junction,9900,16,167,$0.46,7,23,https://www.district.in/dining/bangalore/juice-junction-1-jp-nagar-bangalore
5123,idream cinemas royapuram,12100,4,975,$0.09,1,25,https://www.district.in/movies/idream-cinemas-4k-rgb-laser-royapuram-chennai-in-chennai-CD1037502
5124,hotel narayana mangalore,12100,23,63,$0.23,2,17,https://www.district.in/dining/mangalore/hotel-narayana-bunder
5125,halli hatti,18100,8,694,$0.06,2,32,https://www.district.in/dining/mysore/halli-hatti-sakthi-nagar
5126,gt csk,14800,5,2397,$0,1,19,https://www.district.in/events/screening-of-gt-vs-csk-tata-ipl-2026-apr26-2026-buy-tickets
5127,the board room,18100,9,694,$0.24,5,22,https://www.district.in/dining/chennai/the-board-room-mylapore
5128,tara ji,14800,19,111,$0,1,65,https://www.district.in/dining/bilaspur/hotel-tara-ji-sarkanda
5129,svf haldia,14800,2,2397,$0,1,20,https://www.district.in/movies/svf-cinemas-city-centre-mall-haldia-in-haldia-CD1102197
5130,the tuscan table,9900,9,694,$0.26,7,24,https://www.district.in/dining/chennai/the-tuscan-table-alwarpet
5131,tamil movie release this week,14800,7,694,$0.01,1,35,https://www.district.in/movies/tamil-movies-tickets-in-chennai
5132,spice it,12100,12,378,$0.11,2,21,https://www.district.in/dining/mumbai/spice-it-ibis-navi-mumbai-turbhe-navi-mumbai
5133,south avenue jabalpur,12100,5,694,$1.17,2,21,https://www.district.in/movies/movie-magic-south-avenue-mall-jabalpur-in-jabalpur-CD10223
5134,shubh sagar restaurant,12100,14,291,$0.07,2,19,https://www.district.in/dining/mumbai/shubh-sagar-restaurant-kurla
5135,shott nesco,8100,2,2397,$0.62,4,20,https://www.district.in/events/shott-nesco-mumbai-jul18-2025-buy-tickets
5136,shankar ehsaan loy,14800,13,500,$0,1,17,https://www.district.in/events/raagon-tour-shankar-ehsaan-loy-live-in-bengaluru-2026-buy-tickets
5137,shadow force,9900,22,75,$0,1,44,https://www.district.in/movies/shadow-force-movie-tickets-MV193780
5138,santosham satvik south indian restaurant,14800,32,31,$0.06,3,22,https://www.district.in/dining/mumbai/santosham-marine-lines
5139,sambavam,18100,19,82,$0,1,28,https://www.district.in/movies/kumaara-sambavam-movie-tickets-in-hisar-MV205772
5140,salaar release date,14800,11,378,$0,1,17,https://www.district.in/movies/salaar-part-2-shouryanga-parvam-movie-tickets-MV178311
5141,sagar juice centre,14800,22,87,$0.13,4,21,https://www.district.in/dining/satara/sagar-juice-centre-satara-locality
5142,road house bluez mumbai,12100,6,975,$0.25,4,20,https://www.district.in/dining/mumbai/road-house-bluez-1-hill-road-bandra-west
5143,recently released tamil movies,12100,22,39,$0,1,75,https://www.district.in/movies/tamil-movies-tickets-in-chennai
5144,ravi gupta comedian,12100,8,694,$0,1,32,https://www.district.in/events/ravi-gupta/artist
5145,rave 3 mall,14800,16,87,$0,5,19,https://www.district.in/movies/rave-moti-cinemas-naveen-nagar-kanpur-in-kanpur-CD1021087
5146,new tamil movie name,14800,20,75,$0.58,1,57,https://www.district.in/movies/upcoming-tamil-movies
5147,new movie list tamil,14800,17,75,$0.58,1,57,https://www.district.in/movies/upcoming-tamil-movies
5148,nagaland kitchen,14800,10,378,$0.20,3,23,https://www.district.in/dining/ncr/nagalands-kitchen-green-park-new-delhi
5149,murugan cinemas rgb 4k 3d,14800,3,1440,$0.10,7,20,https://www.district.in/movies/murugan-cinemas-plf-4k-ambattur-chennai-in-chennai-CD1042465
5150,movies release calendar,14800,5,694,$0.01,1,70,https://www.district.in/movies/upcoming-hindi-movies
5151,movies playing in theater near me,18100,4,2397,$0.02,4,34,https://www.district.in/movies/cinema-near-me
5152,movies indore,14800,3,2397,$0.01,4,29,https://www.district.in/movies/indore-movie-tickets
5153,movie yogi,14800,44,31,$0,1,47,https://www.district.in/movies/ajey-the-untold-story-of-a-yogi-movie-tickets-MV194426
5154,mirage bangalore,12100,12,222,$0.61,1,21,https://www.district.in/dining/bangalore/mirage-bar-yelahanka
5155,mannat near me,9900,25,35,$0.02,1,22,https://www.district.in/dining/pune/mannat-family-restaurant-pimpri
5156,mankar dosa,14800,16,167,$0.11,1,21,https://www.district.in/dining/pune/mankar-dosa-1-kalyani-nagar
5157,mangalore pearl restaurant bangalore,14800,7,975,$0.36,9,22,https://www.district.in/dining/bangalore/mangalore-pearl-seafood-restaurant-1-ulsoor-bangalore
5158,release date of film,14800,4,2397,$0,1,70,https://www.district.in/movies/upcoming-movies
5159,raakaasa movie,1900,13,222,$0.09,1,26,https://www.district.in/movies/raakaasa-movie-tickets-in-hyderabad-MV213886
5160,pvr cuddalore,14800,3,1440,$0.04,1,22,https://www.district.in/movies/pvr-v-square-mall-bharathy-road-cuddalore-in-kondur-CD1019086
5161,prakash raj movie,14800,38,31,$0,1,49,https://www.district.in/movies/happy-raj-movie-tickets-MV212079
5162,pco bar delhi vasant vihar,14800,32,31,$0.47,2,22,https://www.district.in/dining/ncr/pco-vasant-vihar-new-delhi
5163,pco bar delhi,12100,41,31,$0.19,4,28,https://www.district.in/dining/ncr/pco-vasant-vihar-new-delhi
5164,paras cinema,9900,6,975,$0.18,10,20,https://www.district.in/movies/paras-cinema-outside-zorawar-singh-gate-jaipur-in-jaipur-CD1018024
5165,online movie websites,14800,32,31,$1.13,1,58,https://www.district.in/movies/
5166,galaxy paradise theatre,18100,5,694,$0.20,9,20,https://www.district.in/movies/galaxy-paradise-miniplex-begur-road-bengaluru-in-bengaluru-CD9710
5167,fun republic mall in coimbatore,14800,6,694,$0.01,1,28,https://www.district.in/movies/cinepolis-fun-cinema-republic-mall-peelamedu-coimbatore-in-coimbatore-CD135
5168,eros imax mumbai,9900,5,694,$0.30,11,20,https://www.district.in/movies/eros-inox-imax-cinema-churchgate-mumbai-in-mumbai-CD1029687
5169,big chill connaught place,14800,8,694,$0.27,1,18,https://www.district.in/dining/ncr/the-big-chill-3-connaught-place-new-delhi
5170,basant lok delhi,12100,39,31,$0.13,9,21,https://www.district.in/events/
5171,bangalore brewing company,14800,45,31,$0.19,4,19,https://www.district.in/dining/bangalore/blr-brewing-co-1-whitefield-bangalore
5172,aquarium paradise bangalore,14800,5,2397,$0.07,1,27,https://www.district.in/events/aquarium-paradise-bengaluru-2025-buy-tickets
5173,andhra king taluka release date,14800,9,378,$0,1,28,https://www.district.in/movies/andhra-king-taluka-movie-tickets-MV204572
5174,4u hub,9900,3,1440,$0,1,25,https://www.district.in/dining/ncr/south-indian-hub-4u-1-ina-new-delhi
5175,entertainment park in mumbai,14800,10,975,$0.05,12,27,https://www.district.in/activities/theme-parks-activities-in-mumbai/
5176,distance from hyderabad to pune,14800,59,31,$0.17,1,19,https://www.district.in/movies/
5177,dhadak 2 movie,9900,11,500,$0.02,1,31,https://www.district.in/movies/dhadak-2-movie-tickets-MV173914
5178,coimbatore fun mall,14800,6,975,$0.01,1,30,https://www.district.in/movies/cinepolis-fun-cinema-republic-mall-peelamedu-coimbatore-in-coimbatore-CD135
5179,city mall theater,14800,3,1440,$0.01,1,22,https://www.district.in/movies/miraj-cinemas-city-mall-sonipat-in-kundli-CD7766
5180,cinema rajkot,12100,7,975,$0.02,1,21,https://www.district.in/movies/rajkot-movie-tickets
5181,cine movie,12100,10,222,$0.18,1,77,https://www.district.in/movies/cine-square-cinemas-tirupati-nagar-indore-in-indore-CD19107
5182,cast of the spirit,9900,13,222,$0,1,43,https://www.district.in/movies/spirit-movie-tickets-MV145423
5183,cast of project hail mary film,14800,10,378,$0,1,32,https://www.district.in/movies/project-hail-mary-movie-tickets-MV200953
5184,by the bay,12100,16,167,$0.69,3,17,https://www.district.in/dining/hyderabad/by-the-bay-necklace-road
5185,bollywood dhaba,12100,23,48,$0.05,1,22,https://www.district.in/dining/pune/bollywood-dhaba-hadapsar
5186,water park in bangalore,14800,9,975,$0.16,13,13,https://www.district.in/activities/water-parks-in-bengaluru/
5187,wallpaper maa kali,14800,27,31,$0,1,28,https://www.district.in/movies/kangula-maa-kali-ra-danda-nacha-movie-tickets-MV219753
5188,vrindavan veg restaurant,14800,22,63,$0,5,19,https://www.district.in/dining/pune/vrindavan-pure-veg-lonavala
5189,vala movies,14800,7,694,$0,1,22,https://www.district.in/movies/vala-story-of-a-bangle-movie-tickets-in-guna-MV206126
5190,udupi kitchen,12100,19,87,$0.21,8,20,https://www.district.in/dining/bangalore/udupi-kitchen-1-sahakara-nagar-bangalore
5191,moviesda padayappa,14800,3,2397,$0.06,1,29,https://www.district.in/movies/padayappa-1999-movie-tickets-MV211242
5192,movies release date,14800,4,1440,$3.18,1,86,https://www.district.in/movies/upcoming-movies
5193,movies playing near me,14800,3,2397,$0.08,1,63,https://www.district.in/movies/cinema-near-me
5194,movies mantri mall,14800,3,1440,$0.02,1,20,https://www.district.in/movies/inox-mantri-square-malleshwaram-bengaluru-in-bengaluru-CD1020725
5195,movies download 2025,14800,14,87,$0.66,1,24,https://www.district.in/
5196,metro walk in rohini delhi,12100,32,31,$0.02,1,21,https://www.district.in/activities/
5197,metro walk delhi rohini,14800,11,291,$0.01,1,15,https://www.district.in/events/adventure-island-limited-2025-buy-tickets
5198,mango tree restaurant,12100,18,111,$0.13,1,23,https://www.district.in/dining/vadodara/the-mango-tree-restaurant-banquet-sayajipura
5199,manasa sharma,3600,26,39,$0,1,29,https://www.district.in/movies/rakasa-movie-tickets-MV213886
5200,little hearts 2024,12100,8,975,$0,1,41,https://www.district.in/movies/little-hearts-2024-movie-tickets-MV174217
5201,latest tamil movies to be released,14800,11,291,$0,1,45,https://www.district.in/movies/tamil-movies-tickets-in-chennai
5202,latest movie list tamil,14800,11,167,$0.58,1,57,https://www.district.in/movies/tamil-movies-tickets-in-chennai
5203,waterpark in ahmedabad,18100,44,31,$0.06,1,16,https://www.district.in/activities/water-parks-in-ahmedabad/
5204,water kingdom tickets,14800,5,975,$0.02,10,21,https://www.district.in/events/water-kingdom-mumbai-2025-buy-tickets
5205,udaipur files movies,14800,8,975,$0,1,35,https://www.district.in/movies/udaipur-files-movie-tickets-MV200438
5206,udaipur files movie,14800,8,975,$0,1,34,https://www.district.in/movies/udaipur-files-movie-tickets-in-ron-MV200438
5207,trampoline park chennai,12100,6,2397,$2,2,17,https://www.district.in/events/dugout-trampoline--sports-arena--the-marina-mall---chennai-buy-tickets
5208,tirumala theater,14800,5,2397,$0.27,1,26,https://www.district.in/movies/tirumala-theater-sri-lakshmi-nagar-colony-nalgonda-in-nalgonda-CD4340
5209,tipsy bull,18100,27,34,$0,8,26,https://www.district.in/dining/bangalore/tipsy-bull-the-bar-exchange-mahadevapura-bangalore
5210,sangam mess bangalore,12100,8,694,$0.58,4,22,https://www.district.in/dining/bangalore/sangam-mess-kammanahalli
5211,roman dine,12100,8,975,$0.20,2,24,https://www.district.in/dining/surat/roman-dine-nana-varachha
5212,release dates movies,14800,5,694,$0,1,71,https://www.district.in/movies/upcoming-movies
5213,rd parade tickets,14800,53,31,$0,1,25,https://link.district.in/DSTRKT/4gq514i8
5214,rasoi dhaba,12100,10,378,$0.06,1,22,https://www.district.in/dining/dehradun/rasoi-dhaba-morowala
5215,rainbow restaurant,14800,25,39,$0,2,23,https://www.district.in/dining/kolkata/rainbow-restaurant-2-ajoy-nagar
5216,raftaar theme park,14800,6,1440,$0.06,4,20,https://www.district.in/events/gokarting-at-raftaar-2025-buy-tickets
5217,radio bar,12100,32,31,$0.10,4,22,https://www.district.in/dining/bangalore/radio-bar-bellandur-bangalore
5218,pvr jalgaon,14800,3,1440,$0.03,1,23,https://www.district.in/movies/pvr-utsav-kirti-mall-navi-peth-jalgaon-in-jalgaon-CD1018966
5219,projapati 2,12100,11,378,$0.18,2,32,https://www.district.in/movies/projapati-2-movie-tickets-in-kolkata-MV209387
5220,pranav sharma,12100,20,75,$0,1,40,https://www.district.in/events/pranav-sharma/artist
5221,petrol pump near me open now near me,14800,57,31,$0.01,1,19,https://www.district.in/movies/sm2-cherish-cinema-badlapur-in-badlapur-CD1047917
5222,paashh,9900,17,87,$0.19,3,23,https://www.district.in/dining/mumbai/paashh-pali-hill-bandra-west
5223,night club in guwahati,14800,42,31,$0.01,1,10,https://www.district.in/
5224,nfc al bake,14800,37,31,$0.18,2,22,https://www.district.in/dining/ncr/al-bake-6-new-friends-colony-new-delhi
5225,new movies list tamil,14800,16,87,$0.58,1,57,https://www.district.in/movies/tamil-movies-tickets-in-chennai
5226,naivedya thali restaurant,9900,12,378,$0.11,3,22,https://www.district.in/dining/pune/naivedya-thali-restaurant-1-jm-road
5227,museum of goa,18100,20,87,$0.19,5,20,https://www.district.in/events/mog-museum-of-goa-buy-tickets
5228,kumar's cafe,14800,8,975,$0.13,1,22,https://www.district.in/dining/mumbai/kumars-cafe-malad-east
5229,kulcha land amritsar,14800,9,694,$0,3,18,https://www.district.in/dining/amritsar/the-kulcha-land-ranjit-avenue
5230,kulcha land,14800,10,500,$0,5,24,https://www.district.in/dining/amritsar/the-kulcha-land-ranjit-avenue
5231,kavitha theater,14800,7,694,$0.03,1,21,https://www.district.in/movies/kavitha-theatre-a-c-dts-sivagurunathapuram-surandai-in-puliyankudi-CD7679
5232,kabaddi 2025 schedule,14800,42,31,$0,1,32,https://www.district.in/events/pkl-2025-delhi-team
5233,innocent malayalam movie,14800,9,694,$0,1,22,https://www.district.in/movies/innocent-movie-tickets-MV208043
5234,india a vs,14800,10,291,$0,1,24,https://www.district.in/events/india-vs-afghanistan-1st-odi-jun14-2026-buy-tickets
5235,haunted 3d ghost of the past release date,12100,6,1440,$0.01,1,24,https://www.district.in/movies/haunted-3d-echoes-of-the-past-movie-tickets-MV196086
5236,geetham veg restaurant porur,14800,6,694,$0.06,4,22,https://www.district.in/dining/chennai/geetham-veg-restaurant-porur
5237,gali 2025,14800,8,291,$0,1,7,https://www.district.in/movies/nache-dulha-gali-gali-movie-tickets-MV210151
5238,galaxy paradise 1,14800,4,1440,$0.18,4,17,https://www.district.in/movies/galaxy-paradise-miniplex-begur-road-bengaluru-in-hosur-CD9710
5239,fun park in delhi,18100,4,4499,$0.05,5,33,https://www.district.in/activities/theme-parks-activities-in-delhi-ncr/
5240,fast 5 movie,14800,29,31,$0.20,1,60,https://www.district.in/movies/
5241,elements mall pvr,14800,2,2397,$0.05,1,18,https://www.district.in/movies/pvr-msr-elements-mall-tanisandhra-main-road-bengaluru-in-bengaluru-CD1022269
5242,elements mall bangalore pvr,14800,2,2397,$0.07,1,20,https://www.district.in/movies/pvr-msr-elements-mall-tanisandhra-main-road-bengaluru-in-bengaluru-CD1022269
5243,devil movie release date,8100,14,222,$0,1,44,https://www.district.in/movies/the-devil-movie-tickets-in-bengaluru-MV183379
5244,deck of brews,14800,18,87,$0.20,1,18,https://www.district.in/dining/bangalore/deck-of-brews-kadubeesanahalli-bangalore
5245,dadar plaza,14800,5,975,$0.27,1,23,https://www.district.in/movies/plaza-cinema-dadar-w-mumbai-in-mumbai-CD2847
5246,copper kitchen chennai,12100,16,167,$0.05,4,21,https://www.district.in/dining/chennai/copper-kitchen-porur
5247,comal,14800,16,111,$0.62,4,23,https://www.district.in/dining/bangalore/comal-1-mg-road-bangalore
5248,cinemas in ranchi,12100,7,975,$0.02,1,21,https://www.district.in/movies/ranchi-movie-tickets
5249,cast of homebound 2025,14800,8,694,$0,1,35,https://www.district.in/movies/homebound-movie-tickets-MV206138
5250,cast of anaganaga oka raju,1300,8,500,$0,1,25,https://www.district.in/movies/anaganaga-oka-raju-movie-tickets-in-udgir-MV151347
5251,chaiwala,14800,26,35,$0,1,36,https://www.district.in/dining/ahmedabad/chaiwala-chandkheda
5252,cast spirit,14800,12,291,$0,1,29,https://www.district.in/movies/spirit-movie-tickets-in-tonk-MV145423
5253,cast of varanasi 2027,14800,40,31,$0,1,26,https://www.district.in/movies/varanasi-movie-tickets-in-vele-MV209276
5254,bookmyshow patiala,12100,18,63,$0,1,21,https://www.district.in/movies/
5255,blue diamond mall,14800,4,975,$0.27,2,18,https://www.district.in/movies/miraj-cinemas-blue-diamond-mall-calicut-in-kozhikode-CD1022927
5256,blr brewing co,14800,19,82,$0.25,11,21,https://www.district.in/dining/bangalore/blr-brewing-co-marathahalli-bangalore
5257,bhuj movie,14800,12,291,$0,1,22,https://www.district.in/movies/bhuj-movie-tickets
5258,bhayandar maxus mall,12100,2,2397,$0.09,1,16,https://www.district.in/movies/maxus-cinemas-bhayandar-in-mumbai-CD1067730
5259,avani riverside mall howrah,14800,9,291,$0.07,3,33,https://www.district.in/movies/pvr-avani-river-side-mall-howrah-kolkata-in-kolkata-CD1022262
5260,annalakshmi,14800,23,48,$0.07,1,36,https://www.district.in/dining/chennai/annalakshmi-restaurant-chetpet
5261,amusement park delhi ncr,18100,4,4499,$0.05,5,19,https://www.district.in/activities/theme-parks-activities-in-delhi-ncr/
5262,alibaba and 41 dishes,12100,20,82,$0.04,1,19,https://www.district.in/dining/kochi/ali-baba-41-dishes-panampilly-nagar
5263,aditya trade center ameerpet,14800,52,31,$0.10,3,17,https://www.district.in/dining/hyderabad/promenade-aditya-park-ameerpet
5264,2025 movie releases,12100,38,31,$0.01,1,70,https://www.district.in/movies/upcoming-movies
5265,sunny leone movie list,12100,33,31,$0,1,28,https://www.district.in/events/
5266,sri ganapathy military hotel,12100,6,1440,$0.13,6,22,https://www.district.in/dining/chennai/sri-ganapathy-military-hotel-3-vepery
5267,shooting firing range,14800,21,82,$0.05,1,21,https://www.district.in/events/elite-shooting-range--indiranagar-buy-tickets
5268,samridhi kochi,9900,10,500,$0.26,3,22,https://www.district.in/dining/kochi/samridhi-@-kochi-kacherippady
5269,rose cafe,14800,13,291,$0.03,2,23,https://www.district.in/dining/ncr/rose-cafe-malviya-nagar-new-delhi
5270,release schedule movies,14800,4,975,$0.01,1,71,https://www.district.in/movies/upcoming-hindi-movies
5271,rajkot movie,14800,4,1440,$0.01,1,25,https://www.district.in/movies/rajkot-movie-tickets
5272,raid 2 movie download,40500,8,500,$0.10,1,42,https://www.district.in/movies/raid-2-movie-tickets-MV169288
5273,pro kabaddi 2025 live,14800,44,31,$0,1,40,https://www.district.in/
5274,peter hu,14800,8,975,$0.06,2,23,https://www.district.in/dining/kolkata/peter-hu-park-street-area
5275,pet detective movies,12100,11,378,$0.34,1,29,https://www.district.in/movies/the-pet-detective-movie-tickets-MV191001
5276,orion mall bangalore,14800,20,63,$0.35,1,18,https://www.district.in/movies/pvr-orion-mall-dr-rajkumar-road-bengaluru-in-bengaluru-CD1022299
5277,wet n joy shirdi water park,12100,13,378,$0.09,3,20,https://www.district.in/events/wet-n-joy-waterpark-shirdi-apr3-2025-buy-tickets
5278,the udupi kitchen,14800,14,222,$0.09,4,22,https://www.district.in/dining/bangalore/udupi-kitchen-electronic-city-bangalore
5279,the bengal files release date,14800,14,222,$0.05,1,37,https://www.district.in/movies/the-bengal-files-movie-tickets-MV178611
5280,sunny trade center,14800,3,1440,$0.05,2,21,https://www.district.in/movies/inox-sunny-trade-center-mansarovar-jaipur-in-jaipur-CD1024431
5281,sunny leone movies name,9900,46,31,$0,1,25,https://www.district.in/
5282,somras bar & kitchen,14800,8,975,$0.22,5,18,https://www.district.in/dining/bangalore/somras-bar-and-kitchen-1-hsr-bangalore
5283,shree ram dhaba,12100,18,111,$0.09,5,21,https://www.district.in/dining/ncr/shri-ram-dhaba-lajpat-nagar-1-new-delhi
5284,water park worlds of wonder ticket price,14800,5,1440,$0.08,5,19,https://www.district.in/events/worlds-of-wonder-wow-water-park-buy-tickets
5285,wankhede,201000,15,167,$0.12,1,22,https://www.district.in/events/mca-museum--stadium-tour-buy-tickets
5286,us cinemas greater noida,12100,2,2397,$0.14,5,33,https://www.district.in/movies/us-cinema-galaxy-blue-sapphire-plaza-greater-noida-west-in-new-delhi-CD40328
5287,truffles kalyan nagar,12100,6,1440,$0.16,6,19,https://www.district.in/dining/bangalore/truffles-kalyan-nagar
5288,tosh e daan,12100,11,500,$0.24,6,19,https://www.district.in/dining/hyderabad/tosh-e-daan-gachibowli
5289,mars theatre,12100,8,291,$0,1,21,https://www.district.in/movies/
5290,list of latest tamil movie,14800,12,167,$0.58,1,57,https://www.district.in/movies/tamil-movies-tickets-in-chennai
5291,latest release tamil movies,14800,11,291,$0,1,56,https://www.district.in/movies/tamil-movies-tickets-in-chennai
5292,latest movies released in tamil,14800,8,378,$0,1,57,https://www.district.in/movies/tamil-movies-tickets-in-chennai
5293,latest marathi movies,14800,31,31,$0.07,1,31,https://www.district.in/movies/marathi-movies-tickets-in-mumbai
5294,kbd 2025,14800,9,500,$0,1,41,https://www.district.in/events/pkl-2025-delhi-team
5295,kantara chapter 1 cast,12100,15,222,$0.09,1,25,https://www.district.in/movies/kantara-a-legend-chapter-1-movie-tickets-in-gurgaon-MV165830
5296,isha store,14800,43,31,$0.68,100,53,https://www.district.in/movies/svc-eeshwar-4k-laser-dolby-7-1-attapur-hyderabad-in-hyderabad-CD1018796
5297,imperial kitchen venpalavattom,9900,24,39,$0.18,5,22,https://www.district.in/dining/trivandrum/imperial-kitchen-kumarapuram
5298,hotel 7/12,14800,12,378,$0,2,23,https://www.district.in/dining/pune/hotel-7-12-lonavala
5299,hera pheri 3 movie release date,22200,11,291,$0,1,11,https://www.district.in/movies/hera-pheri-3-movie-tickets-MV161162
5300,heart cup coffee kondapur,14800,28,31,$0,7,12,https://www.district.in/dining/hyderabad/heart-cup-coffee-kothaguda
5301,haunted 3d ghosts of the past release date,6600,16,167,$0,1,22,https://www.district.in/movies/haunted-ghosts-of-the-past-3d-movie-tickets-MV196086
5302,fun n food,12100,2,2397,$0.21,6,18,https://www.district.in/events/fun-n-food-water-park-summer-offers-jun3-2025-buy-tickets
5303,new telugu movie 2025,18100,29,31,$0.24,1,54,https://www.district.in/movies/
5304,new movies list in tamil,14800,18,75,$0.58,1,57,https://www.district.in/movies/tamil-movies-tickets-in-chennai
5305,new movies in tamil list,14800,16,111,$0.58,1,57,https://www.district.in/movies/upcoming-tamil-movies
5306,new movie tamil list,14800,19,75,$0.58,1,57,https://www.district.in/movies/tamil-movies-tickets-in-chennai
5307,new movie list in tamil,14800,16,82,$0.58,1,57,https://www.district.in/movies/upcoming-tamil-movies
5308,new film list tamil,14800,19,63,$0,1,56,https://www.district.in/movies/chennai-movie-tickets
5309,ncs square mall,12100,2,2397,$0.15,1,20,https://www.district.in/movies/inox-ncs-square-adabari-guwahati-in-guwahati-CD1020675
5310,nagpur restaurant,14800,23,48,$0.88,4,24,https://www.district.in/
5311,mukkam cinemas,12100,3,2397,$0.08,1,17,https://www.district.in/movies/mukkam-movie-tickets
5312,movies in viviana mall thane,14800,2,2397,$0.04,1,20,https://www.district.in/movies/cinepolis-lake-shore-thane-ex-cinepolis-viviana-mall-thane-in-greater-mumbai-CD114
5313,movies 100,14800,26,35,$0,1,68,https://www.district.in/
5314,movie releases by date,14800,3,1440,$3.18,1,84,https://www.district.in/movies/upcoming-movies
5315,miraj cinemas goregaon,9900,2,2397,$0.35,6,21,https://www.district.in/movies/miraj-cinemas-anupam-mall-goregaon-e-in-greater-mumbai-CD1480
5316,minerva empire,14800,2,2397,$0.12,1,23,https://www.district.in/movies/minerva-empire-cinemaz-chandamukku-kottarakara-in-kottarakara-CD3906
5317,mayur pan house,14800,9,694,$0.08,2,19,https://www.district.in/dining/hyderabad/mayur-pan-house-abids
5318,central in hyderabad,14800,15,111,$0.24,4,24,https://www.district.in/movies/pvr-panjagutta-central-mall-hyderabad-in-hyderabad-CD1022251
5319,capital delhi,14800,35,31,$0,1,65,https://www.district.in/events/delhi-capitals-team
5320,brewing untold stories,14800,11,378,$0.28,6,19,https://www.district.in/dining/bangalore/brewing-untold-stories-jayanagar-bangalore
5321,bookmyshow asansol,12100,29,31,$0.01,1,21,https://www.district.in/movies/asansol-movie-tickets
5322,bioscope jodhpur,14800,2,2397,$0.11,3,21,https://www.district.in/movies/miraj-cinemas-bioscope-jodhpur-in-jodhpur-CD176
5323,basant lok,14800,26,39,$0.10,3,19,https://www.district.in/
5324,bar bar,14800,24,63,$0.06,1,26,https://www.district.in/dining/chandigarh/barbar-sector-35
5325,amusement park bangalore,14800,7,975,$0.09,11,29,https://www.district.in/activities/theme-parks-in-bengaluru/
5326,amoeba sports bar,14800,11,694,$0.05,5,21,https://www.district.in/events/amoeba-i-phoenix-kurla-jun-2025-buy-tickets
5327,7 block,14800,89,31,$0.11,5,22,https://www.district.in/events/arjun-rampal-live-sunburn-union-may16-2026-buy-tickets
5328,dude movie cast,9900,7,1440,$0,1,39,https://www.district.in/movies/dude-movie-tickets-in-vele-MV197550
5329,download tamil movie website,14800,32,31,$0,1,22,https://www.district.in/movies/
5330,devaki cinema,14800,7,378,$0.04,1,18,https://www.district.in/movies/devaki-cinemas-south-nada-police-station-road-guruvayur-in-varadium-CD4759
5331,date release movies,14800,4,2397,$3.18,1,86,https://www.district.in/movies/upcoming-movies
5332,coimbatore brookefields,12100,15,111,$0.04,1,21,https://www.district.in/movies/pvr-brookefields-mall-krishnaswamy-road-coimbatore-in-sulur-CD1025106
5333,cinemas chennai,14800,7,975,$0.02,4,60,https://www.district.in/movies/chennai-movie-tickets
5334,cinema movies,12100,5,1440,$0.11,1,22,https://www.district.in/movies/
5335,cinema in jb,14800,23,39,$0,1,20,https://www.district.in/movies/pvr-c-b-square-chakala-formerly-sangam-cinema-andheri-east-mumbai-in-mumbai-CD1023314
5336,cast of spider man far from home,14800,13,167,$0,1,73,https://www.district.in/movies/spider-man-far-from-home-movie-tickets-in-kozhinjampara-MV561
5337,cast of mirage 2025,9900,9,500,$0,1,26,https://www.district.in/movies/mirage-movie-tickets-MV187474
5338,mangalore pearl,14800,10,500,$0.01,4,24,https://www.district.in/dining/bangalore/mangalore-pearl-seafood-restaurant-1-ulsoor-bangalore
5339,mall in kolkata,14800,51,31,$0,1,18,https://www.district.in/movies/dhurandhar-the-revenge-movie-tickets-in-kolkata-MV211577
5340,lulu mall pvr kochi,14800,3,1440,$0.06,1,21,https://www.district.in/movies/pvr-lulu-lulu-international-shopping-mall-kochi-in-kochi-CD1022294
5341,list of hindi movies,14800,16,111,$0,1,43,https://www.district.in/movies/upcoming-hindi-movies
5342,kushi tamil movies,14800,26,48,$0,1,31,https://www.district.in/movies/kushi-2000-movie-tickets-in-chennai-MV206433
5343,kavitha cinema,14800,43,31,$0,1,24,https://www.district.in/movies/magic-frames-kalpana-cinemas-4k-laser-atmos-iritty-in-iritty-CD1088548
5344,wpl.today,14800,37,31,$0,1,24,https://www.district.in/events/womens-premier-league-2026-team
5345,wagamama,9900,18,167,$0.36,3,29,https://www.district.in/dining/mumbai/wagamama-churchgate
5346,upcoming bollywood movies 2025,18100,5,975,$0,1,38,https://www.district.in/movies/upcoming-hindi-movies
5347,dose camp,14800,12,378,$0.39,5,21,https://www.district.in/dining/bangalore/dose-camp-since-1990-jayanagar-bangalore
5348,dil movie 1990,14800,10,500,$0,1,36,https://www.district.in/movies/dil-1990-movie-tickets-MV192379
5349,dhurandhar 2 movie tickets,10,4,1440,$0.02,7,8,https://www.district.in/movies/dhurandhar-the-revenge-movie-tickets-in-gurgaon-MV211577
5350,delhi as capital,14800,22,48,$0,1,44,https://www.district.in/events/delhi-capitals-team
5351,close water park,14800,18,134,$0.04,6,18,https://www.district.in/activities/water-parks-in-mumbai/
5352,cinemas in city mall,14800,6,1440,$0.01,1,29,https://www.district.in/movies/fun-cinema-city-mall-indraprastha-industrial-area-kota-in-kota-CD143
5353,cinema in city mall,14800,3,1440,$0.02,1,37,https://www.district.in/movies/fun-cinema-city-mall-indraprastha-industrial-area-kota-in-kota-CD143
5354,pet detective movie,14800,14,222,$0.52,1,25,https://www.district.in/movies/the-pet-detective-movie-tickets-MV191001
5355,ny cinema gandhinagar,14800,2,2397,$0.11,5,17,https://www.district.in/movies/devgn-cinex-formerly-ny-swagat-mall-gandhinagar-in-gandhinagar-CD1039338
5356,mr x film,14800,10,694,$0.06,1,24,https://www.district.in/movies/mr-x-movie-tickets-MV162388
5357,movies yogi,14800,73,31,$0,1,31,https://www.district.in/movies/lik-love-insurance-kompany-movie-tickets-MV177390
5358,movies released in 2025,14800,11,222,$0,1,59,https://www.district.in/movies/upcoming-movies
5359,movie names tamil,14800,31,31,$0,1,30,https://www.district.in/movies/chennai-movie-tickets
5360,mitra da dhaba,12100,8,975,$0.06,1,21,https://www.district.in/dining/ncr/mitra-da-dhaba-west-patel-nagar-new-delhi
5361,theory patisserie & cafe,12100,7,975,$0.37,9,20,https://www.district.in/dining/hyderabad/theory-cafe-dessert-bar-jubilee-hills
5362,the grid,12100,5,2397,$0.02,5,84,https://www.district.in/events/the-grid--kalyan-nagar-buy-tickets
5363,telugu new movies in theatres,14800,6,975,$0.01,1,31,https://www.district.in/movies/telugu-movies-tickets-in-hyderabad
5364,sushant shopping arcade,12100,24,35,$0.24,4,18,https://www.district.in/dining/ncr/asian-aisle-sushant-lok-gurgaon
5365,surve pune,14800,8,975,$0.14,4,22,https://www.district.in/dining/pune/surves-pure-non-veg-pune-solapur-road
5366,surf turf,12100,20,63,$0.09,7,29,https://www.district.in/dining/chennai/surf-turf-kovalam
5367,surat movie ticket,14800,3,2397,$0.02,3,28,https://www.district.in/movies/surat-movie-tickets
5368,shooting area,14800,12,222,$0.05,1,19,https://www.district.in/events/elite-shooting-range--indiranagar-buy-tickets
5369,sanjay cinema,14800,4,2397,$0.46,1,21,https://www.district.in/movies/sanjay-talkies-civil-lines-agra-in-agra-CD7610
5370,road house bluez,14800,8,694,$0.22,3,23,https://www.district.in/dining/mumbai/road-house-bluez-azad-nagar
5371,release date movie,14800,7,694,$3.18,1,84,https://www.district.in/movies/upcoming-movies
5372,recent released movies in tamil,14800,9,291,$0,1,56,https://www.district.in/movies/tamil-movies-tickets-in-chennai
5373,recent release movies in telugu,14800,9,378,$0.02,1,41,https://www.district.in/movies/telugu-movies-tickets-in-hyderabad
5374,nagpur restaurant,14800,23,48,$0.88,4,24,https://www.district.in/
5375,mukkam cinemas,12100,3,2397,$0.08,1,17,https://www.district.in/movies/mukkam-movie-tickets
5376,movies in viviana mall thane,14800,2,2397,$0.04,1,20,https://www.district.in/movies/cinepolis-lake-shore-thane-ex-cinepolis-viviana-mall-thane-in-greater-mumbai-CD114
5377,movies 100,14800,26,35,$0,1,68,https://www.district.in/
5378,movie releases by date,14800,3,1440,$3.18,1,84,https://www.district.in/movies/upcoming-movies
5379,miraj cinemas goregaon,9900,2,2397,$0.35,6,21,https://www.district.in/movies/miraj-cinemas-anupam-mall-goregaon-e-in-greater-mumbai-CD1480
5380,minerva empire,14800,2,2397,$0.12,1,23,https://www.district.in/movies/minerva-empire-cinemaz-chandamukku-kottarakara-in-kottarakara-CD3906
5381,mayur pan house,14800,9,694,$0.08,2,19,https://www.district.in/dining/hyderabad/mayur-pan-house-abids
5382,central in hyderabad,14800,15,111,$0.24,4,24,https://www.district.in/movies/pvr-panjagutta-central-mall-hyderabad-in-hyderabad-CD1022251
5383,capital delhi,14800,35,31,$0,1,65,https://www.district.in/events/delhi-capitals-team
5384,brewing untold stories,14800,11,378,$0.28,6,19,https://www.district.in/dining/bangalore/brewing-untold-stories-jayanagar-bangalore
5385,bookmyshow asansol,12100,29,31,$0.01,1,21,https://www.district.in/movies/asansol-movie-tickets
5386,bioscope jodhpur,14800,2,2397,$0.11,3,21,https://www.district.in/movies/miraj-cinemas-bioscope-jodhpur-in-jodhpur-CD176
5387,basant lok,14800,26,39,$0.10,3,19,https://www.district.in/
5388,bar bar,14800,24,63,$0.06,1,26,https://www.district.in/dining/chandigarh/barbar-sector-35
5389,amusement park bangalore,14800,7,975,$0.09,11,29,https://www.district.in/activities/theme-parks-in-bengaluru/
5390,amoeba sports bar,14800,11,694,$0.05,5,21,https://www.district.in/events/amoeba-i-phoenix-kurla-jun-2025-buy-tickets
5391,7 block,14800,89,31,$0.11,5,22,https://www.district.in/events/arjun-rampal-live-sunburn-union-may16-2026-buy-tickets
5392,dude movie cast,9900,7,1440,$0,1,39,https://www.district.in/movies/dude-movie-tickets-in-vele-MV197550
5393,download tamil movie website,14800,32,31,$0,1,22,https://www.district.in/movies/
5394,devaki cinema,14800,7,378,$0.04,1,18,https://www.district.in/movies/devaki-cinemas-south-nada-police-station-road-guruvayur-in-varadium-CD4759
5395,date release movies,14800,4,2397,$3.18,1,86,https://www.district.in/movies/upcoming-movies
5396,coimbatore brookefields,12100,15,111,$0.04,1,21,https://www.district.in/movies/pvr-brookefields-mall-krishnaswamy-road-coimbatore-in-sulur-CD1025106
5397,cinemas chennai,14800,7,975,$0.02,4,60,https://www.district.in/movies/chennai-movie-tickets
5398,cinema movies,12100,5,1440,$0.11,1,22,https://www.district.in/movies/
5399,cinema in jb,14800,23,39,$0,1,20,https://www.district.in/movies/pvr-c-b-square-chakala-formerly-sangam-cinema-andheri-east-mumbai-in-mumbai-CD1023314
5400,cast of spider man far from home,14800,13,167,$0,1,73,https://www.district.in/movies/spider-man-far-from-home-movie-tickets-in-kozhinjampara-MV561
5401,cast of mirage 2025,9900,9,500,$0,1,26,https://www.district.in/movies/mirage-movie-tickets-MV187474
5402,worlds of wonder noida water park ticket price,14800,2,4499,$0.10,6,16,https://www.district.in/events/worlds-of-wonder-wow-water-park-buy-tickets
5403,wonderla chennai ticket,18100,4,1440,$0.11,2,16,https://www.district.in/events/wonderla-amusement-park-chennai-2026-buy-tickets
5404,wagamama,9900,18,167,$0.36,3,29,https://www.district.in/dining/mumbai/wagamama-churchgate
5405,upcoming bollywood movies 2025,18100,5,975,$0,1,38,https://www.district.in/movies/upcoming-hindi-movies
5406,wpl.today,14800,37,31,$0,1,24,https://www.district.in/events/womens-premier-league-2026-team
5407,pet detective movie,14800,14,222,$0.52,1,25,https://www.district.in/movies/the-pet-detective-movie-tickets-MV191001
5408,ny cinema gandhinagar,14800,2,2397,$0.11,5,17,https://www.district.in/movies/devgn-cinex-formerly-ny-swagat-mall-gandhinagar-in-gandhinagar-CD1039338
5409,mr x film,14800,10,694,$0.06,1,24,https://www.district.in/movies/mr-x-movie-tickets-MV162388
5410,movies yogi,14800,73,31,$0,1,31,https://www.district.in/movies/lik-love-insurance-kompany-movie-tickets-MV177390
5411,movies released in 2025,14800,11,222,$0,1,59,https://www.district.in/movies/upcoming-movies
5412,movie names tamil,14800,31,31,$0,1,30,https://www.district.in/movies/chennai-movie-tickets
5413,mitra da dhaba,12100,8,975,$0.06,1,21,https://www.district.in/dining/ncr/mitra-da-dhaba-west-patel-nagar-new-delhi
5414,theory patisserie & cafe,12100,7,975,$0.37,9,20,https://www.district.in/dining/hyderabad/theory-cafe-dessert-bar-jubilee-hills
5415,the grid,12100,5,2397,$0.02,5,84,https://www.district.in/events/the-grid--kalyan-nagar-buy-tickets
5416,telugu new movies in theatres,14800,6,975,$0.01,1,31,https://www.district.in/movies/telugu-movies-tickets-in-hyderabad
5417,sushant shopping arcade,12100,24,35,$0.24,4,18,https://www.district.in/dining/ncr/asian-aisle-sushant-lok-gurgaon
5418,surve pune,14800,8,975,$0.14,4,22,https://www.district.in/dining/pune/surves-pure-non-veg-pune-solapur-road
5419,surf turf,12100,20,63,$0.09,7,29,https://www.district.in/dining/chennai/surf-turf-kovalam
5420,surat movie ticket,14800,3,2397,$0.02,3,28,https://www.district.in/movies/surat-movie-tickets
5421,shooting area,14800,12,222,$0.05,1,19,https://www.district.in/events/elite-shooting-range--indiranagar-buy-tickets
5422,sanjay cinema,14800,4,2397,$0.46,1,21,https://www.district.in/movies/sanjay-talkies-civil-lines-agra-in-agra-CD7610
5423,road house bluez,14800,8,694,$0.22,3,23,https://www.district.in/dining/mumbai/road-house-bluez-azad-nagar
5424,release date movie,14800,7,694,$3.18,1,84,https://www.district.in/movies/upcoming-movies
5425,recent released movies in tamil,14800,9,291,$0,1,56,https://www.district.in/movies/tamil-movies-tickets-in-chennai
5426,recent release movies in telugu,14800,9,378,$0.02,1,41,https://www.district.in/movies/telugu-movies-tickets-in-hyderabad
5427,pvr cinemas global mall,14800,2,2397,$0.09,8,19,https://www.district.in/movies/pvr-global-mall-mysore-road-bengaluru-in-bengaluru-CD1022307
5428,prabhas raja saab,14800,23,48,$0,1,28,https://www.district.in/movies/the-raja-saab-movie-tickets-MV169449
5429,pista house vanasthalipuram,9900,3,1440,$0.20,8,20,https://www.district.in/dining/hyderabad/pista-house-2-vanasthalipuram
5430,karl residency,12100,38,31,$0.26,25,20,https://www.district.in/dining/mumbai/hotel-karl-residency-near-andheri-west-station
5431,imax hyderabad,9900,8,378,$0.02,1,21,https://www.district.in/events/laser-shooter-enter-the-battlefield-prasads-multiplex-jul-2025-buy-tickets
5432,hollywood upcoming films,14800,6,975,$0.62,7,66,https://www.district.in/movies/upcoming-english-movies
5433,guntupalli,9900,37,31,$0.32,5,20,https://www.district.in/events/buddhist-remains-guntupalli-buy-tickets
5434,german bakery lonavala,12100,9,1440,$0.04,2,19,https://www.district.in/dining/pune/german-bakery-wunder-bar-lonavala
5435,fun parks in delhi,14800,4,2397,$0.03,10,18,https://www.district.in/activities/theme-parks-activities-in-delhi-ncr/
5436,fun mall in coimbatore,14800,4,975,$0.03,1,10,https://www.district.in/movies/cinepolis-fun-cinema-republic-mall-peelamedu-coimbatore-in-coimbatore-CD135
5437,mangalore pearl,14800,10,500,$0.01,4,24,https://www.district.in/dining/bangalore/mangalore-pearl-seafood-restaurant-1-ulsoor-bangalore
5438,mall in kolkata,14800,51,31,$0,1,18,https://www.district.in/movies/dhurandhar-the-revenge-movie-tickets-in-kolkata-MV211577
5439,lulu mall pvr kochi,14800,3,1440,$0.06,1,21,https://www.district.in/movies/pvr-lulu-lulu-international-shopping-mall-kochi-in-kochi-CD1022294
5440,list of hindi movies,14800,16,111,$0,1,43,https://www.district.in/movies/upcoming-hindi-movies
5441,kushi tamil movies,14800,26,48,$0,1,31,https://www.district.in/movies/kushi-2000-movie-tickets-in-chennai-MV206433
5442,kavitha cinema,14800,43,31,$0,1,24,https://www.district.in/movies/magic-frames-kalpana-cinemas-4k-laser-atmos-iritty-in-iritty-CD1088548
5443,cast of aaromaley,8100,7,500,$0,1,25,https://www.district.in/movies/aaromaley-movie-tickets-MV208761
5444,bookmyshow dhanbad,9900,19,63,$0.24,1,21,https://www.district.in/movies/dhanbad-movie-tickets
5445,bookmyshow akola,14800,19,48,$0,1,22,https://www.district.in/movies/akola-movie-tickets
5446,bengal files release date,12100,14,167,$0,1,37,https://www.district.in/movies/the-bengal-files-movie-tickets-MV178611
5447,apps new movie,14800,14,222,$0.13,3,82,https://www.district.in/movies/
5448,amusement park in mumbai,18100,5,4499,$0.11,5,12,https://www.district.in/activities/theme-parks-in-mumbai/
5449,al bek,14800,32,31,$0,5,24,https://www.district.in/dining/bangalore/al-bek-1-sarjapur-road-bangalore
5450,ad mall gorakhpur,12100,4,975,$0.43,2,20,https://www.district.in/movies/gorakhpur-movie-tickets
5451,7th block,14800,20,63,$0.13,5,15,https://www.district.in/dining/bangalore/g-street-koramangala-7th-block-bangalore
5452,dose camp,14800,12,378,$0.39,5,21,https://www.district.in/dining/bangalore/dose-camp-since-1990-jayanagar-bangalore
5453,dil movie 1990,14800,10,500,$0,1,36,https://www.district.in/movies/dil-1990-movie-tickets-MV192379
5454,dhurandhar 2 movie tickets,10,4,1440,$0.02,7,8,https://www.district.in/movies/dhurandhar-the-revenge-movie-tickets-in-gurgaon-MV211577
5455,delhi as capital,14800,22,48,$0,1,44,https://www.district.in/events/delhi-capitals-team
5456,close water park,14800,18,134,$0.04,6,18,https://www.district.in/activities/water-parks-in-mumbai/
5457,cinemas in city mall,14800,6,1440,$0.01,1,29,https://www.district.in/movies/fun-cinema-city-mall-indraprastha-industrial-area-kota-in-kota-CD143
5458,cinema in city mall,14800,3,1440,$0.02,1,37,https://www.district.in/movies/fun-cinema-city-mall-indraprastha-industrial-area-kota-in-kota-CD143
5459,things to do in pune,18100,5,2397,$0.15,31,39,https://www.district.in/activities/pune-activity-tickets/
5460,telugu movies latest releases,14800,28,31,$0.02,1,41,https://www.district.in/movies/hyderabad-movie-tickets
5461,tamil latest movie list,14800,28,31,$0.03,1,57,https://www.district.in/movies/
5462,table restaurant mumbai,12100,26,35,$0.34,1,30,https://www.district.in/dining/mumbai/the-table-colaba
5463,soy yum,12100,10,500,$0.09,4,27,https://www.district.in/dining/kolkata/soy-yum-sector-1-salt-lake
5464,shree krishna veg court,12100,8,694,$0.09,4,22,https://www.district.in/dining/pune/shree-krishna-veg-court-viman-nagar
5465,shree jee restaurant,12100,12,291,$0.09,2,19,https://www.district.in/dining/ncr/shree-jee-govind-puram-ghaziabad
5466,senthil murugan theatre,18100,25,34,$0.44,1,19,https://www.district.in/movies/murugan-cinemas-plf-4k-ambattur-chennai-in-chennai-CD1042465
5467,sapphire mall,14800,6,1440,$0,5,24,https://www.district.in/movies/pvr-vaishnavi-sapphire-mall-yashwantpur-bengaluru-in-bengaluru-CD1022273
5468,sanjay cinema agra,14800,2,2397,$0.46,1,21,https://www.district.in/movies/sanjay-talkies-civil-lines-agra-in-agra-CD7610
5469,youth movie release date,14800,11,222,$0,1,27,https://www.district.in/movies/youth-movie-tickets-MV213456
5470,you mee,22200,21,82,$0.29,1,25,https://www.district.in/dining/ncr/youmee-sector-14-dwarka-new-delhi
5471,we bury the dead,18100,32,31,$0,1,36,https://www.district.in/movies/we-bury-the-dead-movie-tickets-MV210326
5472,vasundhara palace,12100,25,34,$0.14,17,20,https://www.district.in/dining/bangalore/vasundhara-palace-1-sarjapur-road-bangalore
5473,vapour brewpub and diner,14800,7,694,$0.12,6,20,https://www.district.in/dining/bangalore/vapour-brewpub-and-diner-sarjapur-road-bangalore
5474,vanilla miel café pali village,12100,9,694,$0.21,8,20,https://www.district.in/dining/mumbai/vanilla-miel-pali-hill-bandra-west
5475,upcoming hollywood film,14800,8,378,$1,7,68,https://www.district.in/movies/upcoming-movies
5476,miraj cinemas jaipur,12100,2,2397,$0.01,3,20,https://www.district.in/movies/miraj-cinemas-entertainment-paradise-jaipur-in-jaipur-CD9149
5477,miraj cinemas funfiesta,14800,3,1440,$0.08,2,20,https://www.district.in/movies/miraj-cinemas-funfiesta-nalasopara-w-in-mumbai-CD59121
5478,maruthi theatre,14800,8,694,$0,4,24,https://www.district.in/movies/maruthi-theatre-pulivendula-in-pulivendula-CD1102068
5479,maruthi cinemas,14800,7,378,$0,1,22,https://www.district.in/movies/maruthi-e-cinemas-4k-atmos-mananthavady-in-mananthavady-CD38446
5480,latest tamil movie list,14800,16,87,$0.58,1,57,https://www.district.in/movies/tamil-movies-tickets-in-chennai
5481,kolkata knight riders vs rajasthan royals matches,14800,34,31,$0,1,20,https://www.district.in/events/ipl-ticket-booking
5482,isl today football match,74000,28,31,$0,1,42,https://www.district.in/events/isl-2025-26-fc-goa-vs-mohun-bagan-sg-buy-tickets
5483,ipl match tickets,18100,1,4499,$0.15,3,19,https://www.district.in/events/ipl-ticket-booking
5484,rameshwaram cafe hyderabad,14800,15,222,$0.02,1,17,https://www.district.in/dining/hyderabad/the-rameshwaram-cafe-madhapur
5485,raju weds rambai movie,14800,16,134,$0.18,1,28,https://www.district.in/movies/raju-weds-rambai-movie-tickets-MV209832
5486,pvr vasant vihar,14800,2,2397,$0.06,5,29,https://www.district.in/movies/pvr-imax-with-laser-priya-vasant-vihar-new-delhi-in-new-delhi-CD1022246
5487,punjab 95,12100,21,63,$0,1,27,https://www.district.in/movies/panjab-95-movie-tickets-in-kota-MV164616
5488,paradise cafe,12100,13,291,$0.06,1,30,https://www.district.in/dining/ncr/paradise-cafe-vijay-nagar-new-delhi
5489,padma theater ernakulam,14800,21,48,$0,1,25,https://www.district.in/movies/kochi-movie-tickets
5490,new telugu movies in theaters,14800,2,2397,$0.02,1,10,https://www.district.in/movies/telugu-movies-tickets-in-hyderabad
5491,new sikkim house,12100,10,500,$0,1,17,https://www.district.in/dining/ncr/sikkim-house-chanakyapuri-new-delhi
5492,nehru place 2,18100,39,31,$0.11,4,20,https://www.district.in/dining/NehruPlaceSocial
5493,fun park in bangalore,14800,10,975,$0.09,11,34,https://www.district.in/activities/theme-parks-in-bengaluru/
5494,f9 go karting sector 59,12100,5,2397,$0.32,7,21,https://www.district.in/events/f9-gokarting-sector-59-buy-tickets
5495,immortal tamil movie,12100,9,694,$0.21,1,26,https://www.district.in/movies/immortal-movie-tickets-MV197775
5496,hotel sohail,9900,10,291,$0.17,3,20,https://www.district.in/dining/hyderabad/hotel-sohail-malakpet
5497,gokulam mall,14800,7,378,$0.12,3,21,https://www.district.in/movies/cinepolis-gokulam-galleria-mall-arayidathupalam-kozhikode-in-kozhikode-CD56333
5498,founders of youtube,22200,103,31,$0,1,52,https://www.district.in/events/founders-room-the-fundraising-journey-by-zocodeclub-may30-2026-buy-tickets
5499,fisherman's wharf,14800,16,167,$0.37,12,26,https://www.district.in/dining/bangalore/the-fishermans-wharf-yelahanka-bangalore
5500,cafe kathaa,14800,7,975,$0,2,23,https://www.district.in/dining/pune/cafe-kathaa-fc-road
5501,bollywood movies releasing in january 2026,880,2,4499,$0.01,1,45,https://www.district.in/movies/upcoming-hindi-movies
5502,beverages outlet,14800,45,31,$4.77,1,19,https://www.district.in/events/totebag-painting-may10-2026-buy-tickets
5503,amutha surabhi hotel,14800,15,291,$0.04,1,20,https://www.district.in/dining/pollachi/amutha-surabhi-pollachi-locality
5504,al taza kaloor,18100,5,1440,$0,3,19,https://www.district.in/dining/kochi/al-taza-1-kaloor
5505,al saba restaurant,12100,9,500,$0.21,6,21,https://www.district.in/dining/hyderabad/al-saba-restaurant-yousufguda
5506,aditya mall ghaziabad,14800,2,2397,$0.03,2,27,https://www.district.in/movies/new-us-cinemas-aditya-mall-ghaziabad-in-new-delhi-CD25281
5507,a square mall,9900,56,31,$0.15,8,40,https://www.district.in/movies/asian-mukta-a2-cinemas-mjr-square-narapally-in-hyderabad-CD1041683
5508,drishyam 3 malayalam release date,9900,8,694,$0,1,22,https://www.district.in/movies/drishyam-3-malayalam-movie-tickets-MV200342
5509,daak coffee house,9900,8,694,$0.07,3,22,https://www.district.in/dining/hyderabad/daak-coffee-house-jubilee-hills
5510,copper kitchen restaurant chennai,12100,22,63,$0.05,4,21,https://www.district.in/dining/chennai/copper-kitchen-porur
5511,cnc cinemas tirur,12100,1,4499,$0.09,1,21,https://www.district.in/movies/cnc-cinemaas-rgb-laser-4k-atmos-triple-beam-3d-tirur-in-tirur-CD1088219
5512,cinépolis sudha,14800,2,2397,$0.01,1,22,https://www.district.in/movies/cinepolis-sudha-cinemas-rajpal-nagar-hyderabad-in-hyderabad-CD3870
5513,cat cafe in mumbai,12100,14,222,$0.09,6,10,https://www.district.in/dining/mumbai/cat-caf%C3%A9-studio-1-versova
5514,cast of dhadak,14800,7,694,$0,1,26,https://www.district.in/movies/dhadak-2018-movie-tickets-MV303
5515,cast of couple friendly,14800,11,291,$0,1,27,https://www.district.in/movies/couple-friendly-movie-tickets-in-vele-MV204055
5516,mandi 36,14800,10,975,$0,2,23,https://www.district.in/dining/hyderabad/mandi-@-36-arabian-kitchen-gachibowli
5517,malayalam movie innocent,14800,9,694,$0,1,22,https://www.district.in/movies/innocent-movie-tickets-MV208043
5518,latest tamil movies name,14800,19,63,$0.58,1,76,https://www.district.in/movies/upcoming-tamil-movies
5519,kd movie release date,9900,8,694,$0,1,32,https://www.district.in/movies/kd-movie-tickets-MV157420
5520,indore theatre,480,10,378,$0.01,1,29,https://www.district.in/movies/
5521,india and sports,14800,97,31,$0.19,1,39,https://www.district.in/events/airsoft-gun-india-sports-arena-mumbai-apr15-2025-buy-tickets
5522,idlygo xpress,9900,16,134,$0.25,7,12,https://www.district.in/dining/kolkata/idlygo-xpress-maniktala
5523,hotel malabar,12100,31,31,$0.27,5,20,https://www.district.in/dining/chennai/malabar-hotel-purasavakkam
5524,thrissur jose theatre,14800,31,31,$0,1,22,https://www.district.in/movies/thrissur-movie-tickets
5525,the food studio,14800,19,75,$0.11,3,22,https://www.district.in/dining/mumbai/the-food-studio-1-malad-west
5526,telugu film new release,14800,16,111,$0.04,1,60,https://www.district.in/movies/upcoming-telugu-movies
5527,talli bar & kitchen,12100,13,500,$0.17,12,27,https://www.district.in/dining/pune/talli-bar-kitchen-baner
5528,swaran hoshiarpur,14800,4,975,$0.11,1,15,https://www.district.in/movies/swarn-theatre-roshan-road-hoshiarpur-in-hoshiarpur-CD4151
5529,surat cinema ticket booking,14800,4,1440,$0.01,1,31,https://www.district.in/movies/surat-movie-tickets
5530,sunny leone movies list,12100,27,34,$0,1,28,https://www.district.in/events/3rd-anniversary-ft-sunny-leone-apr24-2026-buy-tickets
5531,stalin movie,14800,15,167,$0,1,22,https://www.district.in/movies/stalin-2006-movie-tickets-MV204184
5532,sikkim house delhi,14800,3,1440,$0,1,18,https://www.district.in/dining/ncr/sikkim-house-chanakyapuri-new-delhi
5533,shelter beach resort,14800,40,31,$0.17,41,30,https://www.district.in/dining/chennai/shelter-beach-resorts-kovalam
5534,rewari bmg mall,12100,4,1440,$0.18,3,19,https://www.district.in/movies/bmg-cinema-bmg-mall-leo-chowk-rewari-in-rewari-CD5105
5535,release movies date,14800,2,2397,$3.18,1,88,https://www.district.in/movies/upcoming-movies
5536,release date movies,14800,3,2397,$3.18,1,84,https://www.district.in/movies/upcoming-movies
5537,recent tamil movies list,12100,30,31,$0,1,58,https://www.district.in/movies/tamil-movies-tickets-in-chennai
5538,rakki theatre,9900,9,500,$0.20,1,18,https://www.district.in/movies/rakki-rgb-laser-4k-ambattur-in-chennai-CD1042635
5539,pvr bhiwandi,12100,3,1440,$0.01,1,19,https://www.district.in/movies/pvr-haseen-bhiwandi-thane-in-mumbai-CD1018532
5540,punjabi swag,12100,13,291,$0.01,1,21,https://www.district.in/dining/bangalore/punjabi-swag-btm
5541,punjab next match,14800,6,694,$0.04,1,21,https://www.district.in/events/punjab-kings-team
5542,punjab kings vs sunrisers hyderabad matches,14800,12,222,$0,1,21,https://www.district.in/events/tata-ipl-2026-match-49--sunrisers-hyderabad-vs-punjab-kings-buy-tickets
5543,picture release date,14800,5,975,$3.18,1,82,https://www.district.in/movies/upcoming-movies
5544,pco bar vasant vihar,12100,70,31,$0.16,2,28,https://www.district.in/dining/ncr/pco-1-vasant-vihar-new-delhi
5545,parks near,14800,32,31,$0.03,1,48,https://www.district.in/activities/water-parks-in-mumbai/
5546,olive street food cafe hsr layout,12100,7,975,$0.20,13,27,https://www.district.in/dining/bangalore/olive-street-food-cafe-hsr-bangalore
5547,nonna,14800,32,31,$0.04,1,29,https://www.district.in/dining/mumbai/si-nonnas-the-original-sourdough-pizza-cbd-belapur-navi-mumbai
5548,mumbai fun park,14800,5,4499,$0.06,7,27,https://www.district.in/activities/theme-parks-in-mumbai/
5549,movie ticket booking inox,12100,11,222,$0.04,5,22,https://www.district.in/movies/inox-the-marina-mall-omr-egatoor-chennai-in-chennai-CD1020778
5550,miraj cinema goregaon,9900,2,2397,$0.35,6,21,https://www.district.in/movies/miraj-cinemas-anupam-mall-goregaon-e-in-greater-mumbai-CD1480
5551,maxus cinemas: bhavnagar,14800,2,2397,$0,1,21,https://www.district.in/movies/maxus-cinema-bhavnagar-in-bhavnagar-CD1102110
5552,machine 2017 movie,14800,8,1440,$0.02,1,61,https://www.district.in/movies/machine-2017-movie-tickets-in-noida-MV139645
5553,list of latest tamil movies,14800,15,134,$0.58,1,75,https://www.district.in/movies/tamil-movies-tickets-in-chennai
5554,silver screen,14800,7,975,$1.04,1,21,https://www.district.in/movies/silver-screen-multiplex-vavdi-godhra-in-godhra-CD4106
5555,sanjay talkies agra,14800,2,2397,$0,1,18,https://www.district.in/movies/sanjay-talkies-civil-lines-agra-in-agra-CD7610
5556,roastery coffee house sector 144 noida,12100,9,694,$0.20,3,21,https://www.district.in/dining/ncr/roastery-coffee-house-sector-144-noida
5557,hotel shauryawada bhosari,9900,8,975,$0.15,6,22,https://www.district.in/dining/pune/hotel-shauryawada-bhosari
5558,hotel al reem athani,9900,30,31,$0.08,1,20,https://www.district.in/dining/kochi/hotel-al-reem-vyttila
5559,grand masti 4,8100,8,694,$0.05,1,30,https://www.district.in/movies/mastiii-4-movie-tickets-in-delhi-ncr-MV170761
5560,geeta pav bhaji,12100,8,975,$0.16,7,21,https://www.district.in/dining/pune/geeta-pav-bhaji-pimpri
5561,frame cinemas thanjavur,9900,10,222,$0.10,1,25,https://www.district.in/movies/thanjavur-movie-tickets
5562,food stories hyderabad,14800,16,363,$0.13,14,22,https://www.district.in/dining/hyderabad/the-foodstories-cafe-srinagar-colony
5563,fenny lounge bangalore,14800,6,975,$0.17,3,19,https://www.district.in/dining/bangalore/fennys-lounge-and-kitchen-koramangala-7th-block
5564,dugout trampoline park and sports arena,9900,6,2397,$0.14,9,25,https://www.district.in/events/dugout-trampoline--sports-arena--the-marina-mall---chennai-buy-tickets
5565,dolphin hotel vizag,14800,34,31,$0.11,63,36,https://www.district.in/dining/visakhapatnam/dolphin-hotel-jagadamba-junction-vizag
5566,dadar plaza theatre,14800,4,975,$0.10,1,21,https://www.district.in/movies/plaza-cinema-dadar-w-mumbai-in-mumbai-CD2847
5567,crust and co,8100,11,378,$0.08,4,31,https://www.district.in/dining/chennai/crust-co-neelangarai
5568,cricket stadium wankhede,8100,14,222,$0.50,1,22,https://www.district.in/events/mca-museum--stadium-tour-buy-tickets
5569,clara goa,12100,10,694,$0.14,2,25,https://www.district.in/dining/goa/clara-beach-haven-vagator
5570,cinepolis nsp,12100,3,1440,$0.13,1,19,https://www.district.in/movies/cinepolis-pacific-nsp2-pitampura-new-delhi-in-new-delhi-CD52078
5571,cinemas in indore,14800,6,1440,$0.01,3,22,https://www.district.in/movies/cinemas-in-indore
5572,cinema in malayalam,14800,8,975,$0.25,1,29,https://www.district.in/movies/malayalam-movies-tickets-in-kochi
5573,cinema hall in ranchi,14800,7,975,$0.01,1,9,https://www.district.in/movies/ranchi-movie-tickets
5574,cast of maalik 2025,18100,10,378,$13.21,1,25,https://www.district.in/movies/maalik-movie-tickets-MV177731
5575,cast of kattalan,2900,10,500,$0,1,21,https://www.district.in/movies/kattalan-movie-tickets-MV191696
5576,capitals delhi,14800,16,222,$0,1,54,https://www.district.in/events/delhi-capitals-team
5577,bombay shiv sagar restaurant,12100,9,500,$0.36,7,22,https://www.district.in/dining/kolkata/bombay-shiv-sagar-camac-street-area
5578,bomb tamil movie,12100,10,500,$0.15,1,27,https://www.district.in/movies/bomb-movie-tickets-MV200281
5579,bharathanatyam 2024,1600,11,378,$0,1,18,https://www.district.in/movies/bharathanatyam-2024-movie-tickets-MV177387
5580,barbeque nation park street,12100,7,500,$0.14,10,12,https://www.district.in/dining/kolkata/barbeque-nation-park-street-area
5581,bangalore wonderla,14800,16,222,$0.07,2,23,https://www.district.in/events/wonderla-amusement-park-bangalore-buy-tickets
5582,abhinaya theater,12100,2,2397,$0.24,6,19,https://www.district.in/movies/abhinay-theatre-2k-cinema-gandhinagar-bangalore-in-bengaluru-CD47384
5583,36 city mall bilaspur,14800,10,222,$0,1,21,https://www.district.in/movies/bilaspur-movie-tickets
5584,120 bahadur release date,14800,12,167,$0,1,46,https://www.district.in/movies/120-bahadur-movie-tickets-MV177733
5585,vr mall stop,22200,30,31,$0.28,7,22,https://www.district.in/movies/pvr-vr-mall-anna-nagar-chennai-in-chennai-CD1022304
5586,vismaya cinema perinthalmanna,12100,3,1440,$0.04,1,17,https://www.district.in/movies/vismaya-cinemas-4k-dolby-atmos-lic-road-perinthalmanna-in-edappal-CD4124
5587,vanilla miel cafe pali village,14800,9,694,$0.14,5,15,https://www.district.in/dining/mumbai/vanilla-miel-pali-hill-bandra-west
5588,true black speciality coffee the loft hitech city,9900,7,694,$0.25,8,20,https://www.district.in/dining/hyderabad/true-black-speciality-coffee-hitech-city
5589,toxic yash,12100,11,694,$0,1,32,https://www.district.in/movies/toxic-a-fairy-tale-for-grown-ups-movie-tickets-MV168613
5590,pvr subhash nagar,12100,2,1960,$0.05,3,21,https://www.district.in/movies/pvr-pacific-subhash-nagar-new-delhi-in-new-delhi-CD1022260
5591,paris panini,12100,11,408,$0.05,1,23,https://www.district.in/dining/bangalore/paris-panini-gourmet-sandwiches-wraps-indiranagar-bangalore
5592,panda plan,12100,9,567,$0.07,1,35,https://www.district.in/movies/panda-plan-movie-tickets-in-gadag-MV178886
5593,new south indian movies list 2026,8100,12,181,$0,1,32,https://www.district.in/movies/upcoming-movies
5594,new movie li,12100,8,567,$0.14,1,75,https://www.district.in/movies/upcoming-movies
5595,new malayalam movies list,9900,12,136,$0,1,7,https://www.district.in/movies/upcoming-malayalam-movies
5596,new andhra meals hotel valasaravakkam,9900,9,309,$0.13,4,24,https://www.district.in/dining/chennai/new-andhra-meals-hotel-valasaravakkam
5597,mumbai pune mumbai film,12100,31,25,$0.13,1,40,https://www.district.in/movies/
5598,mr chai,12100,15,181,$0.08,1,22,https://www.district.in/dining/hyderabad/mr-chai-narapally
5599,movie elante,12100,4,797,$0.01,2,21,https://www.district.in/movies/pvr-elante-mall-chandigarh-in-mohali-CD1025099
5600,momos corner,12100,9,567,$0.18,3,23,https://www.district.in/dining/ncr/momos-corner-subhash-nagar-new-delhi
5601,mollywood times,2900,7,797,$0,1,28,https://www.district.in/movies/mollywood-times-movie-tickets-MV213261
5602,maxus cinemas sakinaka,9900,2,1960,$0.01,1,21,https://www.district.in/movies/maxus-cinemas-saki-naka-in-mumbai-CD1067732
5603,maxus cinema jari mari,9900,3,1177,$0.01,1,19,https://www.district.in/movies/maxus-cinemas-saki-naka-in-mumbai-CD1067732
5604,youth 2026 movie release date,12100,7,567,$0,1,22,https://www.district.in/movies/youth-movie-tickets-MV213456
5605,tamil movie list download,12100,26,25,$0,1,26,https://www.district.in/movies/
5606,tamil movie download list,14800,26,,$0,1,47,https://www.district.in/movies/ulundurpet-movie-tickets
5607,sardarji londonwaley,9900,12,408,$0.09,4,23,https://www.district.in/dining/bangalore/sardarji-londonwaley-kalyan-nagar-bangalore
5608,sardar restaurant tardeo,12100,6,797,$0.03,1,19,https://www.district.in/dining/mumbai/sardar-pav-bhaji-tardeo
5609,sardar pav bhaji in mumbai,12100,9,567,$0.02,1,21,https://www.district.in/dining/mumbai/sardar-pav-bhaji-tardeo
5610,sanmax cinemas,9900,16,110,$0.05,1,21,https://www.district.in/movies/cinemas-in-nichlaul
5611,sammy sosa,9900,11,238,$0.21,9,61,https://www.district.in/dining/mumbai/sammy-sosa-oshiwara
5612,royal cinema rewa,9900,8,238,$0,1,20,https://www.district.in/movies/rewa-movie-tickets
5613,red flowers movie,12100,8,797,$0,1,16,https://www.district.in/movies/red-flower-movie-tickets-MV195373
5614,wpl 2026 starting date,12100,10,309,$0,1,25,https://www.district.in/events/womens-premier-league-2026-team
5615,upcoming movie malayalam,12100,4,,$0.01,1,37,https://www.district.in/movies/upcoming-malayalam-movies
5616,udaipur files collection,12100,15,110,$0,1,28,https://www.district.in/movies/udaipur-files-movie-tickets-MV200438
5617,trichy cinema theatre,12100,8,567,$0.01,1,25,https://www.district.in/movies/upcoming-movies-in-trichy
5618,tony's,12100,11,408,$0,1,34,https://www.district.in/dining/bangalore/tonys-restobar-koramangala-2nd-block-bangalore
5619,today release movie bollywood,12100,6,797,$0.01,1,61,https://www.district.in/movies/upcoming-hindi-movies
5620,today film release bollywood,12100,9,309,$0.01,1,83,https://www.district.in/movies/upcoming-hindi-movies
5621,the tanjore tiffin room nesco,12100,8,567,$0.13,4,23,https://www.district.in/dining/mumbai/the-tanjore-tiffin-room-goregaon-east
5622,tavern,12100,20,67,$0.12,1,29,https://www.district.in/dining/kochi/the-tavern-mg-road
5623,sri vishnu palace,12100,7,408,$0.17,6,19,https://www.district.in/dining/bangalore/sri-vishnu-palace-marathahalli-bangalore
5624,sri sai ram parlour,12100,8,408,$0.15,4,22,https://www.district.in/dining/visakhapatnam/sri-sairam-parlour-dwaraka-nagar-vizag
5625,jjk movie,14800,10,567,$0.01,1,44,https://www.district.in/movies/jujutsu-kaisen-execution-movie-tickets-MV209727
5626,jigris movie,12100,27,29,$0,1,24,https://www.district.in/movies/jigris-movie-tickets-MV204695
5627,janta hotel,12100,8,797,$0.09,2,20,https://www.district.in/dining/gwalior/janta-hotel-city-center
5628,inox r city mall,8100,2,1960,$0.10,4,22,https://www.district.in/movies/inox-r-city-ghatkopar-w-mumbai-in-mumbai-CD1013613
5629,ilios rajouri garden,12100,7,1177,$0.07,2,22,https://www.district.in/dining/ncr/ilios-raja-garden-new-delhi
5630,hyderabad biryani hotel,9900,17,110,$0.17,4,25,https://www.district.in/dining/bangalore/hyderabad-biryani-hotel-malleshwaram-bangalore
5631,hotel new punjabi dhaba,12100,7,797,$0.07,1,19,https://www.district.in/dining/chennai/hotel-new-punjabi-dhaba-thirumudivakkam
5632,gwalior fun cinema,12100,2,1960,$0,1,21,https://www.district.in/movies/fun-cinema-dd-city-mall-maharani-laxmibai-road-gwalior-in-gwalior-CD141
5633,grs snow park,12100,10,309,$0.39,10,21,https://www.district.in/events/grs-snow-park-mysuru-2025-buy-tickets
5634,green leaf restaurant,9900,12,309,$0.04,3,38,https://www.district.in/dining/bangalore/green-leaf-restaurant-bannerghatta-road-bangalore
5635,gloria's,12100,19,67,$0.40,1,47,https://www.district.in/dining/mumbai/gloria-byculla
5636,gk 1,12100,16,90,$0.15,3,19,https://www.district.in/dining/ncr/g-k-corner-greater-kailash-gk-1-new-delhi
5637,galleria cinema dibrugarh,12100,3,1177,$0,1,21,https://www.district.in/movies/galleria-cinema-sohum-mal-dibrugarh-in-dibrugarh-CD3062
5638,gajanand pauva house,9900,10,797,$0.17,7,20,https://www.district.in/dining/ahmedabad/gajanand-pauva-house-c-g-road
5639,fun cinemas gwalior,12100,3,1177,$0.01,1,20,https://www.district.in/movies/fun-cinema-dd-city-mall-maharani-laxmibai-road-gwalior-in-gwalior-CD141
5640,french toast fort kochi,12100,11,408,$0.12,2,22,https://www.district.in/dining/kochi/french-toast-fort-kochi
5641,forum mall in kukatpally,12100,7,1177,$0.11,3,19,https://www.district.in/movies/pvr-nexus-mall-formerly-forum-sujana-kukatpally-hyderabad-in-hyderabad-CD1022267
5642,flashback movie prabhu deva,9900,7,1177,$0,1,30,https://www.district.in/movies/flashback-movie-tickets-MV153634
5643,dyp city mall kolhapur maharashtra,9900,4,797,$0.15,4,21,https://www.district.in/movies/pvr-dyp-city-mall-kavala-naka-kolhapur-in-kolhapur-CD1019885
5644,dylan's cafe,12100,19,67,$0.19,1,21,https://www.district.in/dining/shillong/dylans-cafe-laitumkhrah
5645,donna sky lounge,9900,8,1177,$0.17,2,19,https://www.district.in/dining/mumbai/donna-sky-lounge-1-sanpada-navi-mumbai
5646,district sports club bkc,12100,21,39,$0.14,4,12,https://www.district.in/play/
5647,mercy movies,12100,10,408,$0,1,46,https://www.district.in/movies/mercy-movie-tickets-MV217516
5648,mbd neopolis mall jalandhar,12100,4,797,$0.17,4,19,https://www.district.in/movies/pvr-mbd-neopolis-mall-sehdev-market-jalandhar-in-jalandhar-CD1024990
5649,malayalam movies new,9900,12,136,$0,1,15,https://www.district.in/movies/upcoming-malayalam-movies
5650,madurai idly shop,12100,10,408,$0,3,17,https://www.district.in/dining/bangalore/madurai-idly-shop-indiranagar
5651,lotus court,12100,20,61,$0.15,4,27,https://www.district.in/dining/pune/lotus-court-family-restaurant-pimple-gurav
5652,korum inox thane,9900,3,1177,$0.12,2,19,https://www.district.in/movies/inox-korum-mall-mangal-pandey-road-thane-w-in-navi-mumbai-CD1018545
5653,binge central,12100,26,29,$0.08,3,39,https://www.district.in/dining/ncr/mamagoto-sector-62-noida
5654,berlin indore,12100,6,1177,$0,1,22,https://www.district.in/dining/indore/berlin-haus-de-gourmet-vijay-nagar
5655,bait ul mandi,9900,26,29,$1.88,2,21,https://www.district.in/dining/mumbai/bait-al-mandi-mohammad-ali-road
5656,b cinemas anjoor,12100,14,90,$0,1,20,https://www.district.in/movies/kunnamkulam-movie-tickets
5657,anaia cafe,12100,9,797,$0.26,3,19,https://www.district.in/dining/bangalore/anaia-indiranagar-bangalore
5658,activities for kids,12100,34,25,$0.16,30,32,https://www.district.in/activities/kids-play-in-mumbai/
5659,a p dhillon concert,12100,3,1960,$0,1,22,https://www.district.in/events/ap-dhillon/artist
5660,10 downing street bar chennai,9900,6,567,$0.32,4,23,https://www.district.in/dining/chennai/10-downing-street-t-nagar
5661,cinema theatre chennai,12100,8,567,$0.07,1,58,https://www.district.in/movies/chennai-movie-tickets
5662,chand mera dil release date,880,4,1177,$0,1,30,https://www.district.in/movies/chand-mera-dil-movie-tickets-MV182354
5663,cast of vaa vaathiyaar,5400,11,238,$0,1,25,https://www.district.in/movies/vaa-vaathiyaar-movie-tickets-in-somanur-MV173940
5664,cast of tanvi the great,12100,9,408,$0,1,41,https://www.district.in/movies/tanvi-the-great-movie-tickets-MV197127
5665,cast of king film,12100,9,567,$0,1,29,https://www.district.in/movies/king-movie-tickets-MV208857
5666,cast of haq 2025,12100,11,181,$0,1,35,https://www.district.in/movies/haq-2025-movie-tickets-MV206631
5667,cafe indore,12100,30,26,$0.05,5,28,https://www.district.in/
5668,wonderla ticket booking,12100,6,567,$0.20,3,17,https://www.district.in/events/wonderla-amusement-park-bangalore-buy-tickets
5669,which film released today,12100,10,309,$0.02,1,82,https://www.district.in/movies/upcoming-movies
5670,vr cinemas,18100,8,567,$0.13,1,24,https://www.district.in/movies/pvr-vr-mall-anna-nagar-chennai-in-chennai-CD1022304
5671,virgin courtyard chandigarh,12100,9,567,$0.82,1,37,https://www.district.in/dining/chandigarh/virgin-courtyard-sector-7
5672,vadam,8100,8,797,$1.66,1,27,https://www.district.in/movies/vadam-movie-tickets-in-pollachi-MV215836
5673,upcoming malayalam films,12100,4,797,$0.20,1,32,https://www.district.in/movies/upcoming-malayalam-movies
5674,top latest movies,12100,28,25,$1.05,1,62,https://www.district.in/movies/
5675,the underground comedy club,9900,6,567,$0.13,7,24,https://www.district.in/events/late-night-sexy-jokes-koramangala-jul4-2025-buy-tickets
5676,the soundtrack cafe,9900,6,797,$0.50,8,30,https://www.district.in/dining/pune/the-soundtrack-cafe-pimple-nilakh
5677,the dreaming tree restaurant,9900,10,309,$0.30,3,20,https://www.district.in/dining/tiruvannamalai/the-dreaming-tree-tiruvannamalai-locality
5678,tandoori taal indiranagar,12100,43,25,$0.15,4,19,https://www.district.in/dining/bangalore/tandoori-taal-race-course-road-bangalore
5679,tandoori taal bangalore,12100,11,238,$0.26,4,19,https://www.district.in/dining/bangalore/tandoori-taal-1-indiranagar
5680,taj mahal ticket cost,12100,9,567,$0.71,1,28,https://www.district.in/events/taj-mahal-monument-buy-tickets
5681,srinivasapuram,9900,58,25,$0.14,5,16,https://www.district.in/movies/mvr-cinemas-dolby-7-1-dolby-atmos-4k-rgb-laser-guduvanchery-in-chennai-CD1101384
5682,sreeja ravi,9900,39,25,$0,1,37,https://www.district.in/movies/kara-movie-tickets-MV213475
5683,spunky gourmet cafe,12100,7,1177,$0.32,3,22,https://www.district.in/dining/mumbai/spunky-gourmet-cafe-1-bandstand-bandra-west
5684,spicy villa restaurant,880,15,136,$0,1,14,https://www.district.in/dining/bangalore/spice-villa-restaurant-sarjapur-road-bangalore
5685,spice villa restaurant,12100,31,25,$0.15,3,18,https://www.district.in/dining/bangalore/spice-villa-restaurant-sarjapur-road-bangalore
5686,soka cocktail bar,9900,24,39,$0.79,6,21,https://www.district.in/dining/bangalore/soka-indiranagar-bangalore
5687,smoke hub barbeque t nagar,12100,9,408,$0.27,5,10,https://www.district.in/dining/chennai/smoke-hub-barbeque-t-nagar
5688,shawarma daddy,9900,12,309,$0.03,3,22,https://www.district.in/dining/kochi/shawarma-daddy-kaloor
5689,sardarji da dhaba,12100,14,136,$0.03,1,22,https://www.district.in/dining/ncr/sardar-ji-da-dhaba-3-sector-19-faridabad
5690,roastery coffee house jahangirabad palace,12100,9,567,$0.67,4,25,https://www.district.in/dining/lucknow/roastery-coffee-house-kaiserbagh
5691,raj vs del,12100,16,110,$0,1,20,https://www.district.in/events/screening-of-dc-vs-rr-tata-ipl-2026-may17-2026-buy-tickets
5692,quest mall inox,12100,4,1177,$0.02,1,20,https://www.district.in/movies/inox-quest-mall-ballygunge-kolkata-in-kolkata-CD1020727
5693,pvr hubli,9900,4,1960,$0.05,1,20,https://www.district.in/movies/pvr-inorbit-mall-hubli-in-hubli-CD1102225
5694,pvr city centre,9900,6,1177,$0.08,2,20,https://www.district.in/movies/pvr-city-centre-g-s-road-guwahati-in-guwahati-CD1020678
5695,pavillion mall pune,9900,8,309,$0.15,4,21,https://www.district.in/movies/pvr-icon-pavillion-mall-shivajinagar-pune-in-pune-CD1019924
5696,olan restaurant thrissur,12100,8,567,$0.09,1,21,https://www.district.in/dining/thrissur/olan-restaurant-kizhakkumpattukara
5697,ny cinema surendranagar,9900,4,797,$0,1,19,https://www.district.in/movies/surendranagar-movie-tickets
5698,movie at patna,9900,4,1177,$0.01,2,39,https://www.district.in/movies/patna-movie-tickets
5699,miraj cinemas: ambernath,12100,2,1960,$0.21,1,19,https://www.district.in/movies/miraj-cinemas-star-ambernath-newly-renovated-in-ambernath-CD7322
5700,mirabelle,9900,13,181,$0.20,6,24,https://www.district.in/dining/kolkata/mirabelle-hindustan-park
5701,mardaani 3 cast,6600,6,1177,$0,1,23,https://www.district.in/movies/mardaani-3-movie-tickets-MV185767
5702,mallika theatre,12100,2,1960,$0.22,1,15,https://www.district.in/movies/mallika-plex-dolby-atmos-near-feroke-old-bridge-calicut-in-kozhikode-CD31792
5703,mall pvr,12100,7,797,$0.06,3,26,https://www.district.in/movies/pvr-city-center-raipur-in-raipur-CD1019933
5704,malayalam upcoming films,12100,7,567,$0.20,1,33,https://www.district.in/movies/upcoming-malayalam-movies
5705,latest movies released bollywood,12100,11,238,$0.08,1,80,https://www.district.in/movies/upcoming-hindi-movies
5706,kottakkal theatre,9900,5,1960,$0.03,1,17,https://www.district.in/movies/kottakkal-movie-tickets
5707,korum inox,9900,2,1960,$0.12,2,20,https://www.district.in/movies/inox-korum-mall-mangal-pandey-road-thane-w-in-navi-mumbai-CD1018545
5708,ki and ka film,12100,34,25,$0,1,30,https://www.district.in/movies/ohm-cine-garden-hissar-road-sirsa-in-sirsa-CD6079
5709,kausar mandi,12100,14,181,$0.37,2,22,https://www.district.in/dining/kozhikode/kausar-kuzhimandhi-vellayil
5710,kadamba samrat,9900,4,797,$0.18,10,19,https://www.district.in/dining/bangalore/kadamba-samrat-vijay-nagar-bangalore
5711,josh brar,9900,12,238,$0,1,32,https://www.district.in/events/josh-brar/artist
5712,irani cafe kharadi pune,12100,4,1177,$0.14,4,21,https://www.district.in/dining/pune/irani-cafe-kharadi
5713,nakshatra mall dadar,9900,3,1177,$0.17,5,20,https://www.district.in/movies/inox-nakshatra-mall-dadar-w-mumbai-in-greater-mumbai-CD1013609
5714,moviemax andheri east,9900,3,1177,$0.21,6,19,https://www.district.in/movies/moviemax-andheri-e-mumbai-in-mumbai-CD27218
5715,movie magic cinema,12100,2,1960,$0.07,1,37,https://www.district.in/movies/movie-magic-cinema-loni-ghaziabad-in-new-delhi-CD58001
5716,dylan cafe,9900,13,238,$0,1,28,https://www.district.in/dining/shillong/dylans-cafe-laitumkhrah
5717,delicia restaurant,5400,17,110,$0,1,20,https://www.district.in/dining/hyderabad/delicia-multi-cuisine-restaurant-tellapur
5718,danny's coffee bar,12100,9,567,$0.03,4,22,https://www.district.in/dining/ahmedabad/dannys-coffee-bar-c-g-road
5719,corridor seven coffee roastery standing room,12100,41,25,$0.23,4,19,https://www.district.in/dining/nagpur/corridor-seven-coffee-roasters-sitabuldi
5720,corner house hrbr layout,12100,4,797,$0.17,6,21,https://www.district.in/dining/bangalore/corner-house-ice-creams-kalyan-nagar-bangalore
5721,cold feet film,9900,53,25,$0,1,27,https://www.district.in/movies/the-drama-movie-tickets-MV211828
5722,city gold cinema motera,12100,3,1177,$0.02,1,20,https://www.district.in/movies/city-gold-motera-in-ahmedabad-CD1102112
5723,cinema in theatre,12100,6,797,$0.03,2,24,https://www.district.in/movies/
5724,cinema hall chennai,12100,10,309,$0.01,3,34,https://www.district.in/movies/cinemas-in-chennai
5725,chaar diwaari,12100,11,408,$0,1,30,https://www.district.in/events/chaar-diwaari/artist
5726,cast of benz film,12100,12,238,$0,1,26,https://www.district.in/movies/benz-movie-tickets-MV172797
5727,cafe 1991,12100,22,52,$0.25,3,20,https://www.district.in/dining/lucknow/caf%C3%A8-1991-gomti-nagar
5728,bollywood movie kaun,14800,15,90,$0,1,34,https://www.district.in/movies/new-delhi-movie-tickets
5729,hotel samrat chanakyapuri,12100,20,52,$0.27,65,36,https://www.district.in/dining/ncr/hotel-samrat-chanakyapuri-new-delhi
5730,hotel madurai veedu,9900,22,52,$0.06,7,19,https://www.district.in/dining/puducherry/madurai-veedu-bussy-street-mg-road
5731,harley's ivory lounge jp nagar,12100,31,25,$0.16,5,22,https://www.district.in/dining/bangalore/harleys-fine-baking-jp-nagar-bangalore
5732,gurgaon delhi,12100,13,136,$0.05,1,25,https://www.district.in/activities/
5733,funcity big cinemas,9900,6,567,$0.15,2,21,https://www.district.in/movies/ulhasnagar-movie-tickets
5734,fun cinema in gwalior,12100,2,1960,$0.01,1,19,https://www.district.in/movies/fun-cinema-dd-city-mall-maharani-laxmibai-road-gwalior-in-gwalior-CD141
5735,first ipl match 2026,12100,18,71,$0,1,26,https://www.district.in/events/ipl-ticket-booking
5736,filmy4web 2026,14800,6,408,$0,1,26,https://www.district.in/movies/upcoming-hindi-movies
5737,farmhouse pizza,12100,28,32,$1.09,1,21,https://www.district.in/dining/ncr/the-farmhouse-pizza-1-pratap-vihar-ghaziabad
5738,cafe khan market,12100,20,71,$0.01,1,23,https://www.district.in/dining/ncr/cafe-delhi-heights-khan-market-new-delhi
5739,cafe in the entrance,12100,12,238,$0.15,3,23,https://www.district.in/dining/chennai/the-entrance-cafe-kilpauk
5740,brahma hotel pune,12100,16,67,$0.20,3,22,https://www.district.in/dining/pune/hotel-brahma-regency-akurdi
5741,brahma garden pune,12100,33,25,$0.09,2,20,https://www.district.in/dining/pune/brahma-pure-veg-sinhgad-road
5742,border 2 movie release date,12100,16,110,$0,1,30,https://www.district.in/movies/border-2-movie-tickets-MV174744
5743,big yellow door satya niketan,14800,7,797,$1.77,3,10,https://www.district.in/dining/ncr/big-yellow-door-satyaniketan-new-delhi
5744,best hindi movies to watch,12100,31,25,$0.05,1,33,https://www.district.in/movies/
5745,bengal sweet centre,12100,11,309,$0.51,4,19,https://www.district.in/dining/ncr/bengali-sweet-centre-south-extension-1-new-delhi
5746,barbeque nation koramangala,9900,7,408,$0.17,6,20,https://www.district.in/dining/bangalore/barbeque-nation-koramangala-1st-block
5747,babu biryani,9900,10,567,$0.08,2,23,https://www.district.in/dining/hyderabad/chitti-babu-biryani-l-b-nagar
5748,baba ji dhaba,12100,11,567,$0.07,1,21,https://www.district.in/dining/gwalior/baba-ji-dhaba-prasad-nagar
5749,ansal plaza mall,12100,11,309,$0.09,3,35,https://www.district.in/movies/moviemax-ansal-plaza-gurugram-in-gurgaon-CD1016377
5750,allu arjun happy movie,14800,13,181,$0,1,28,https://www.district.in/movies/happy-be-happy-movie-tickets-MV217805
5751,akurdi jai ganesh,12100,2,1960,$0.10,3,19,https://www.district.in/movies/inox-jai-ganesh-vision-mall-akurdi-pune-in-pune-CD1019927
5752,650 the global kitchen ahmedabad,12100,12,238,$0.38,4,22,https://www.district.in/dining/ahmedabad/650-the-global-kitchen-ambavadi
5753,urooj ashfaq,9900,13,309,$0,1,20,https://www.district.in/events/urooj-ashfaq/artist
5754,upper crust,9900,14,238,$0.14,2,21,https://www.district.in/dining/ahmedabad/upper-crust-prahlad-nagar
5755,uk cineplex,9900,2,1960,$0.22,3,22,https://www.district.in/movies/uk-cineplex-hyderabad-in-hyderabad-CD1084596
5756,today movie show,12100,4,1177,$0.02,2,43,https://www.district.in/movies/hyderabad-movie-tickets
5757,the esplanade mall,8100,3,1177,$0.10,6,21,https://www.district.in/movies/cinepolis-the-esplanade-gurugram-in-gurgaon-CD52071
5758,tanjore tiffin room,9900,11,408,$0.03,1,24,https://www.district.in/dining/mumbai/the-tanjore-tiffin-room-pali-hill-bandra-west
5759,t hut,9900,9,567,$0.24,4,22,https://www.district.in/dining/bangalore/t-hut-hennur-bangalore
5760,sunrisers hyderabad vs rr,12100,6,1177,$0,1,21,https://www.district.in/events/screening-of-srh-vs-rr-sunrisers-hyderabad-vs-rajasthan-royals-apr13-2026-buy-tickets
5761,sri aarvee hotel coimbatore,12100,14,110,$0.26,7,20,https://www.district.in/dining/coimbatore/sri-aarvee-hotels-gandhipuram
5762,wonderla bangalore ticket booking,12100,4,797,$0.20,3,20,https://www.district.in/events/wonderla-amusement-park-bangalore-buy-tickets
5763,which movies are released today,9900,7,797,$0.01,1,86,https://www.district.in/movies/upcoming-movies
5764,kannappa cast,9900,9,567,$0,1,25,https://www.district.in/movies/kannappa-movie-tickets-MV168316
5765,kalam kaval movie,12100,11,309,$0.17,2,33,https://www.district.in/movies/kalamkaval-movie-tickets-MV190445
5766,k rustom,12100,19,71,$0.03,1,24,https://www.district.in/dining/mumbai/k-rustom-ice-cream-churchgate
5767,humayun tomb timing,12100,14,110,$0.48,1,17,https://www.district.in/events/humayuns-tomb-buy-tickets
5768,hotel vaibhav varanasi,12100,26,25,$0.10,5,20,https://www.district.in/dining/varanasi/hotel-vaibhav-nadesar
5769,hotel shelton rajahmundry,9900,31,25,$0.31,21,20,https://www.district.in/dining/rajahmundry/hotel-shelton-rajamahendri-rajahmundry-locality
5770,grand entree,12100,15,90,$0.25,2,21,https://www.district.in/dining/kochi/grand-entr%C3%A9e-vennala
5771,golden gate,12100,68,25,$0.13,7,24,https://www.district.in/dining/kolkata/golden-gate-jadavpur
5772,fun cinema gwalior,12100,2,1960,$0.01,1,19,https://www.district.in/movies/fun-cinema-dd-city-mall-maharani-laxmibai-road-gwalior-in-gwalior-CD141
5773,diesel 2025 film,12100,12,238,$0,1,28,https://www.district.in/movies/diesel-movie-tickets-MV190440
5774,dhurandhar the revenge movie,8100,12,238,$0.06,1,31,https://www.district.in/movies/dhurandhar-the-revenge-movie-tickets-in-rayagada-MV211577
5775,dheeram movie,12100,10,408,$0.11,1,23,https://www.district.in/movies/dheeram-movie-tickets-MV208897
5776,dakshin thindi jayanagar 5th block,9900,9,408,$0.62,5,27,https://www.district.in/dining/bangalore/dakshin-thindi-jayanagar-bangalore
5777,corner house banashankari,12100,6,1177,$0.14,4,21,https://www.district.in/dining/bangalore/corner-house-ice-creams-banashankari-bangalore
5778,cooch behar palace,12100,7,797,$0.15,1,20,https://www.district.in/events/cooch-behar-palace-buy-tickets
5779,conçu banjara hills,12100,10,567,$0.21,3,21,https://www.district.in/dining/hyderabad/con%C3%A7u-banjara-hills
5780,choudhary hotel,9900,10,408,$0.11,1,23,https://www.district.in/dining/ncr/choudhary-hotel-1-ballabhgarh-faridabad
5781,chennai super kings vs mumbai indians tickets,2400,8,408,$0.11,3,19,https://www.district.in/events/ipl-ticket-booking
5782,chandra metro,12100,17,61,$0.11,4,20,https://www.district.in/movies/inox-national-virugambakkam-chennai-in-chennai-CD1020773
5783,celebration club lokhandwala,12100,32,25,$0.17,6,18,https://www.district.in/dining/mumbai/supreme-spice-celebration-club-andheri-lokhandwala
5784,cast of mad square,12100,9,408,$0,1,23,https://www.district.in/movies/mad-square-movie-tickets-MV190097
5785,cast of k ramp,12100,11,238,$0,1,25,https://www.district.in/movies/k-ramp-movie-tickets-MV189464
5786,cast of bun butter jam,9900,17,110,$0,1,35,https://www.district.in/movies/bun-butter-jam-movie-tickets-MV179440
5787,cast of bhairavam,12100,9,408,$0,1,24,https://www.district.in/movies/bhairavam-movie-tickets-MV181773
5788,campanella rooftop restro café,12100,8,567,$0.11,4,22,https://www.district.in/dining/ahmedabad/campanella-ambli
5789,caffe tonino,12100,37,25,$0,3,22,https://www.district.in/dining/ncr/caffe-tonino-sector-21-dwarka-new-delhi
5790,bookmyshow satna,12100,20,39,$0,1,21,https://www.district.in/movies/satna-movie-tickets
5791,blr brewing co marathahalli,12100,16,90,$0.14,6,18,https://www.district.in/dining/bangalore/blr-brewing-co-marathahalli-bangalore
5792,garv movie,12100,20,61,$0,1,30,https://www.district.in/movies/garv-pride-and-honour-2004-movie-tickets-MV172252
5793,galaxy cinema jaipur,12100,3,1177,$0.01,1,22,https://www.district.in/movies/galaxy-cinema-mansarovar-sp-9-shipra-path-jaipur-in-jaipur-CD62624
5794,funky movie release date,12100,11,181,$0,1,34,https://www.district.in/movies/funky-movie-tickets-MV185871
5795,fun time arena,12100,56,25,$0.15,4,20,https://www.district.in/events/thrillville-entertainment-zone-2025-buy-tickets
5796,fun plaza,9900,8,567,$0.01,1,20,https://www.district.in/movies/fun-plaza-kotkapura-moga-road-kotkapura-in-kotkapura-CD1008311
5797,farmhouse kitchen & bakery,9900,6,797,$0.17,6,20,https://www.district.in/dining/bangalore/the-farmhouse-kitchen-bakery-varthur-main-road-whitefield-bangalore
5798,dyp city mall,12100,9,238,$0.07,5,20,https://www.district.in/movies/pvr-dyp-city-mall-kavala-naka-kohlapur-in-kolhapur-CD1019885
5799,doolally khar,12100,7,797,$0.99,1,24,https://www.district.in/dining/mumbai/doolally-taproom-khar
5800,barton center mg road,12100,27,26,$0.57,5,23,https://www.district.in/dining/bangalore/the-13th-floor-mg-road-bangalore
5801,bangalore parks,12100,27,39,$0.30,9,24,https://www.district.in/activities/bengaluru-activity-tickets/
5802,avatar movie release date,12100,31,25,$0,1,45,https://www.district.in/movies/avatar-fire-and-ash-2025-movie-tickets-in-gurgaon-MV165236
5803,avatar film release date,12100,31,25,$0,1,49,https://www.district.in/movies/avatar-fire-and-ash-2025-movie-tickets-in-gurgaon-MV165236
5804,aqua imagica surat,9900,15,181,$0.03,18,23,https://www.district.in/events/aqua-imagicaa-surat-buy-tickets
5805,platform 65,12100,17,110,$0.07,6,23,https://www.district.in/dining/bangalore/platform-65-bannerghatta-road-bangalore
5806,phoenix tamil movie,12100,16,90,$0.20,1,28,https://www.district.in/movies/phoenix-movie-tickets-MV200880
5807,pet detective malayalam movie,12100,12,181,$0.42,1,24,https://www.district.in/movies/the-pet-detective-movie-tickets-in-kozhikode-MV191001
5808,peacock restaurant,12100,19,67,$0.12,4,25,https://www.district.in/dining/udaipur/peacock-restaurant-city-centre
5809,pandaga restaurant,12100,15,110,$0.43,4,22,https://www.district.in/dining/hyderabad/pandaga-1-kondapur
5810,noida stadium,8100,18,71,$0,2,21,https://www.district.in/play/push-sports-academy-noida-stadium-sector-21a-noida-slots-booking
5811,new movie of kapil sharma,12100,9,408,$0,1,42,https://www.district.in/movies/daadi-ki-shaadi-movie-tickets-MV217282
5812,new film listings,12100,7,797,$0.14,1,81,https://www.district.in/movies/cinema-near-me
5813,movie list new,12100,7,408,$0.14,1,85,https://www.district.in/movies/upcoming-movies
5814,malayalam movie upcoming,12100,4,1177,$0,1,32,https://www.district.in/movies/upcoming-malayalam-movies
5815,malabar village restaurant,9900,16,110,$0.07,1,22,https://www.district.in/dining/thodupuzha/malabar-village-food-court-thodupuzha-locality
5816,madras chronicle,12100,18,71,$0.13,3,22,https://www.district.in/dining/chennai/madras-chronicle-mahabalipuram
5817,list new movie,12100,11,238,$0.14,1,85,https://www.district.in/movies/upcoming-movies
5818,kay cinemas,12100,3,1177,$0.01,1,21,https://www.district.in/movies/kay-cinemas-devi-road-kotdwar-in-kotdwar-CD4163
5819,soro the village pub,12100,7,567,$0,3,9,https://www.district.in/dining/goa/soro-the-village-pub-assagao
5820,soro goa,12100,12,309,$0,3,22,https://www.district.in/dining/goa/soro-the-village-pub-assagao
5821,sindhi chicken pitampura menu,9900,6,567,$0,1,18,https://www.district.in/dining/ncr/sindhi-chicken-corner-pitampura-new-delhi
5822,shaunki sardar,14800,12,238,$0.17,1,26,https://www.district.in/movies/shaunki-sardar-movie-tickets-MV187995
5823,sardar ji da dhaba,12100,12,309,$0.03,1,22,https://www.district.in/dining/ncr/sardar-ji-da-dhaba-3-sector-19-faridabad
5824,sanju weds geetha 2,14800,9,567,$0,1,30,https://www.district.in/movies/sanju-weds-geetha-2-movie-tickets-MV187371
5825,sangeetha veg restaurant poonamallee,9900,10,136,$0.12,2,21,https://www.district.in/dining/chennai/sangeetha-veg-restaurant-1-poonamalle
5826,sandhya 35mm theatre hyderabad,12100,6,567,$0,1,20,https://www.district.in/movies/sandhya-35mm-2k-dolby-atmos-jawahar-nagar-hyderabad-in-koheda-CD7251
5827,roastery coffee house c scheme,12100,9,408,$0.11,4,20,https://www.district.in/dining/jaipur/roastery-coffee-house-c-scheme
5828,rcb tickets booking,12100,6,567,$0,1,55,https://www.district.in/events/ipl-ticket-booking
5829,welcome restaurant,9900,9,567,$0.07,1,38,https://www.district.in/dining/mumbai/welcome-restaurant-old-panvel-navi-mumbai
5830,wah ji wah,12100,21,67,$0.12,2,22,https://www.district.in/dining/ncr/delhi-wah-ji-wah-1-vijay-nagar-new-delhi
5831,vikaspuri pvr,12100,2,1960,$0.04,1,21,https://www.district.in/movies/pvr-vikaspuri-virjanand-marg-new-delhi-in-new-delhi-CD1018964
5832,v3s mall movies,9900,2,1960,$0.02,1,20,https://www.district.in/movies/cinepolis-v3s-mall-laxmi-nagar-new-delhi-in-new-delhi-CD1335
5833,torii,12100,21,52,$0.17,4,26,https://www.district.in/dining/mumbai/torii-by-gauri-khan-khar
5834,top restaurants in chandigarh,14800,54,25,$0.13,2,10,https://www.district.in/
5835,theatre chennai,12100,11,309,$0.04,1,46,https://www.district.in/movies/chennai-movie-tickets
5836,the qube,12100,13,181,$0.06,5,19,https://www.district.in/dining/ncr/the-qube-the-leela-palace-chanakyapuri-new-delhi
5837,the farmer restaurant,12100,10,238,$0.17,7,39,https://www.district.in/dining/sangrur/the-farmers-cafe-sangrur-locality
5838,the backyard brew,9900,19,71,$0.19,4,24,https://www.district.in/dining/mumbai/bakehouse-the-backyard-brew-andheri-lokhandwala
5839,taverns,12100,19,67,$0.12,1,46,https://www.district.in/dining/jaipur/taverns-lounge-and-curry-house-1-gopalbari
5840,tajmahal ticket booking,12100,4,1177,$0.49,3,26,https://www.district.in/events/taj-mahal-monument-buy-tickets
5841,sundara kanda movie 2025,12100,14,181,$0,1,25,https://www.district.in/movies/sundarakanda-movie-tickets-MV185955
5842,su from so cast,12100,8,567,$0,1,32,https://www.district.in/movies/su-from-so-movie-tickets-MV202623
5843,skycity,9900,30,25,$1.27,9,27,https://www.district.in/movies/inox-megaplex-oberoi-sky-city-mall-mumbai-in-mumbai-CD1089402
5844,sky stories,12100,8,797,$0.17,2,18,https://www.district.in/dining/pune/sky-stories-baner
5845,shivaji maharaj film,14800,5,1177,$0,1,27,https://www.district.in/movies/raja-shivaji-movie-tickets-MV170361
5846,sethi da dhaba,9900,17,71,$0.13,3,22,https://www.district.in/dining/kochi/sethi-da-dhaba-kadavanthra
5847,secret spot cafe,9900,8,567,$0.75,5,29,https://www.district.in/dining/bangalore/secret-spot-cafe-jayanagar-bangalore
5848,sea link worli,12100,104,25,$0.01,1,19,https://www.district.in/events/bandra-walking-tour-by-tripadvisor-tour-aug2-2022-buy-tickets
5849,red flower movie,12100,10,408,$0,1,38,https://www.district.in/movies/red-flower-movie-tickets-MV195373
5850,rao's hotel,9900,6,1177,$0.05,2,21,https://www.district.in/dining/ncr/rao-hotel-manesar
5851,mall nagpur,12100,17,136,$0,3,22,https://www.district.in/movies/cinepolis-vr-nagpur-mall-rambagh-road-nagpur-in-nagpur-CD24782
5852,magic movie cinema,12100,4,1960,$0.04,1,38,https://www.district.in/movies/movie-magic-cinema-loni-ghaziabad-in-new-delhi-CD58001
5853,litti chokha corner jai matadi food zone,12100,5,1177,$0.13,5,19,https://www.district.in/dining/bangalore/litti-chokha-corner-jai-matadi-food-zone-hsr-bangalore
5854,lazy suzy,14800,11,309,$0.13,7,25,https://www.district.in/dining/bangalore/lazy-suzy-indiranagar
5855,kings family dhaba,9900,17,136,$0.05,1,20,https://www.district.in/dining/hyderabad/kings-family-dhaba-sangareddy
5856,kgf 2 movie,9900,17,71,$0.05,1,16,https://www.district.in/movies/k-g-f-chapter-2-movie-tickets-MV135612
5857,kannur food kitchen,9900,5,1177,$0.17,7,24,https://www.district.in/dining/bangalore/kannur-food-kitchen-btm-bangalore
5858,kamakya theatre,9900,3,1177,$0.16,1,22,https://www.district.in/movies/kamakhya-4k-dolby-atmos-3d-a-c-cinema-banashankari-bengaluru-in-bengaluru-CD1039879
5859,jai krishna restaurant,12100,8,567,$0,1,21,https://www.district.in/dining/srinagar/jai-krishna-vaishno-dhaba-dal-gate
5860,hoy maharaja dhaba,9900,9,567,$0.44,2,26,https://www.district.in/dining/mumbai/hoy-maharaja-dhaba-goregaon-east
5861,hotel murugan,12100,14,136,$0.10,1,21,https://www.district.in/dining/coimbatore/sri-murugan-hotel-1-singanallur
5862,rasikas restaurant,9900,23,39,$0.18,1,22,https://www.district.in/dining/salem/rasikas-restaurant-seelanaickenpatti
5863,raceway gokarting,12100,3,3678,$0.12,4,22,https://www.district.in/events/raceway-gokarting-buy-tickets
5864,race movie in hindi,12100,35,25,$0,1,29,https://www.district.in/movies/hyderabad-movie-tickets
5865,quest mall kolkata inox,12100,2,1960,$0.04,1,21,https://www.district.in/movies/inox-quest-mall-ballygunge-kolkata-in-kolkata-CD1020727
5866,pvr mahagun ghaziabad,9900,3,1177,$0.04,4,20,https://www.district.in/movies/pvr-mahagun-mahagun-metro-mall-ghaziabad-in-new-delhi-CD1020699
5867,play bae cafe,14800,7,797,$0.04,5,20,https://www.district.in/dining/chennai/play-bae-cafe-besant-nagar
5868,patriot movie malayalam,8100,8,567,$0,1,26,https://www.district.in/movies/patriot-movie-tickets-MV207412
5869,panchami restaurant,12100,8,567,$0.08,3,21,https://www.district.in/dining/pune/panchami-pure-veg-parvati
5870,pakka local hitech city,12100,9,408,$0.30,4,19,https://www.district.in/dining/hyderabad/pakka-local-hitech-city
5871,pakka local gachibowli,12100,9,567,$0.12,4,19,https://www.district.in/dining/hyderabad/pakka-local-gachibowli
5872,nom nom express,12100,9,567,$0.16,1,21,https://www.district.in/dining/mumbai/nom-nom-express-kharghar-navi-mumbai
5873,nakodar chowk,9900,42,25,$0.13,2,20,https://www.district.in/dining/jalandhar/the-backyard-1-nakodar-road
5874,mysore movies,12100,4,1177,$0.01,1,33,https://www.district.in/movies/mysuru-movie-tickets
5875,movies about revenge,12100,46,25,$0,1,50,https://www.district.in/movies/
5876,movie madurai,12100,4,1177,$0.02,1,28,https://www.district.in/movies/madurai-movie-tickets
5877,motera city gold,9900,3,1177,$0,1,21,https://www.district.in/movies/city-gold-motera-in-ahmedabad-CD1102112
5878,england vs sa live,18100,40,25,$0.03,1,40,https://www.district.in/
5879,dhurandhar ticket booking,12100,2,1960,$0.07,3,21,https://www.district.in/movies/dhurandhar-the-revenge-movie-tickets-in-new-delhi-MV211577
5880,dharam palace noida,9900,2,1960,$0.28,8,20,https://www.district.in/movies/movietime-dharam-palace-mall-noida-in-new-delhi-CD1040157
5881,coorg cuisine madikeri,12100,34,25,$0.08,1,22,https://www.district.in/dining/madikeri/taste-of-coorg-madikeri-locality
5882,coolie the powerhouse,12100,11,408,$0,1,24,https://www.district.in/movies/coolie-the-powerhouse-movie-tickets-MV201522
5883,comedian in hindi,14800,27,26,$0,1,17,https://www.district.in/events/dubble-feat-shashi-dhiman-rupali-tyagi-may10-2026-buy-tickets
5884,city gold motera,9900,2,1960,$0,1,20,https://www.district.in/movies/city-gold-motera-in-ahmedabad-CD1102112
5885,cinepolis hadapsar,14800,2,1960,$0.42,13,17,https://www.district.in/movies/cinepolis-seasons-mall-hadapsar-pune-in-pune-CD153
5886,cinemas trichy,12100,12,181,$0.15,1,25,https://www.district.in/movies/trichy-movie-tickets
5887,cinemas in trichy,12100,8,567,$0.04,1,24,https://www.district.in/movies/upcoming-movies-in-trichy
5888,cinema surat,12100,6,1177,$0.01,1,31,https://www.district.in/movies/surat-movie-tickets
5889,chennai cinema halls,12100,9,408,$0.01,1,35,https://www.district.in/movies/cinemas-in-chennai
5890,casting of jai bhim,12100,11,238,$0,1,40,https://www.district.in/movies/jai-bhim-movie-tickets-MV202685
5891,cast of pallichattambi,9900,10,408,$0,1,27,https://www.district.in/movies/pallichattambi-movie-tickets-MV213263
5892,heer express movie,12100,11,309,$0,1,42,https://www.district.in/movies/heer-express-movie-tickets-MV199462
5893,got tea,14800,16,181,$0.09,2,20,https://www.district.in/dining/ncr/got-tea-sector-85-gurgaon
5894,geetham veg restaurant velachery,9900,6,567,$0.14,7,21,https://www.district.in/dining/chennai/geetham-veg-restaurant-velachery
5895,gaur city mall noida,12100,9,238,$0.49,1,21,https://www.district.in/movies/pvr-gaur-city-gaur-city-mall-greater-noida-in-new-delhi-CD1025087
5896,galaxy mall ambala,12100,2,1960,$0.01,1,21,https://www.district.in/movies/fun-cinema-galaxy-mall-sector-7-ambala-in-ambala-CD131
5897,fourth floor,8100,11,309,$0.20,1,41,https://www.district.in/movies/fourth-floor-movie-tickets-in-chennai-MV215069
5898,filmy new movie,1000,11,136,$0.09,1,51,https://www.district.in/movies/upcoming-hindi-movies
5899,filmy movies bollywood 2026,12100,8,408,$0.01,1,32,https://www.district.in/movies/upcoming-hindi-movies
5900,best shopping mall delhi,12100,42,25,$0.03,4,21,https://www.district.in/activities/
5901,best restaurants lucknow,14800,31,25,$0.70,3,18,https://www.district.in/
5902,barbeque nation chennai vadapalani,12100,7,408,$0.14,4,18,https://www.district.in/dining/chennai/barbeque-nation-vadapalani
5903,banng,12100,18,71,$0.15,3,22,https://www.district.in/dining/ncr/banng-sector-43-gurgaon
5904,baker's arch garden cafe,12100,30,25,$0.08,1,16,https://www.district.in/dining/trivandrum/bakers-arch-ambalamukku
5905,baba dairy chandigarh,9900,10,567,$0.30,3,22,https://www.district.in/dining/chandigarh/baba-dairy-sector-21
5906,antony movie download in tamil,9900,23,27,$0,1,31,https://www.district.in/movies/patriot-movie-tickets-MV207412
5907,anand dosa stall,12100,38,25,$0.14,3,25,https://www.district.in/dining/mumbai/anand-stall-vile-parle-east
5908,4 movie roles telugu 2026,12100,3,1960,$0,1,24,https://www.district.in/movies/upcoming-telugu-movies
5909,27 august 2025,12100,63,25,$0,1,27,https://www.district.in/movies/upcoming-movies
5910,which movie today release,12100,6,797,$0.02,1,80,https://www.district.in/movies/upcoming-movies
5911,velocity international circuit,9900,3,3678,$0.34,4,32,https://www.district.in/events/gokarting-velocity-international-circuit-sep17-2025-buy-tickets
5912,trampoline park bangalore,14800,4,1960,$0.13,2,18,https://www.district.in/events/skyjumper-amusement-park-garuda-mall-bengaluru-buy-tickets
5913,thyme and whisk,12100,17,181,$0.10,1,22,https://www.district.in/dining/bangalore/thyme-whisk-whitefield-bangalore
5914,the wildhood,12100,11,309,$0.13,2,22,https://www.district.in/dining/chandigarh/the-wildhood-sector-82-mohali
5915,the veg venjan restaurant,12100,20,61,$0.18,4,20,https://www.district.in/dining/hyderabad/the-veg-venjan-himayath-nagar
5916,the comedy theatre indiranagar bangalore,12100,6,797,$0.16,9,22,https://www.district.in/events/all-star-lineup-comedy-show-jul16-2025-buy-tickets
5917,tamil new movies 2026,8100,15,110,$0,1,29,https://www.district.in/movies/upcoming-tamil-movies
5918,sundarakanda movie 2025,5400,9,567,$0,1,25,https://www.district.in/movies/sundarakanda-movie-tickets-MV185955
5919,sri vinayaka cinemas 4k 3d,12100,6,1177,$0.17,9,15,https://www.district.in/movies/sri-vinayaka-cinemas-a-c-dts-4k-varthur-bengaluru-in-bengaluru-CD4196
5920,sri devi cinemas,12100,3,1177,$0,1,16,https://www.district.in/movies/sri-devi-cinemas-3d-4k-dolby-atmos-punjaipuliyampatti-in-punjai-puliampatti-CD5058
5921,sports in delhi,12100,65,25,$0.33,2,20,https://www.district.in/activities/fitness-activity-activities-in-delhi-ncr/
5922,mysore film,12100,5,1177,$0.01,1,35,https://www.district.in/movies/mysuru-movie-tickets
5923,preethi asrani movies,12100,38,25,$0,1,25,https://www.district.in/movies/29-movie-tickets-MV219989
5924,places to visit in delhi with friends,14800,8,408,$0.07,5,11,https://www.district.in/activities/
5925,patliputra golambar,9900,45,25,$0.31,7,21,https://www.district.in/dining/patna/eatplan8-patliputra-colony
5926,pallichattambi ott release date,1300,19,61,$1.48,1,22,https://www.district.in/movies/pallichattambi-movie-tickets-MV213263
5927,nexus mall mysore,12100,7,408,$0.02,2,20,https://www.district.in/movies/pvr-inox-nexus-mall-centre-city-mysuru-in-mysuru-CD1024988
5928,new punjabi movie 2026,18100,8,408,$0.04,1,32,https://www.district.in/movies/upcoming-punjabi-movies
5929,new malayalam film list,12100,12,136,$0,1,56,https://www.district.in/movies/upcoming-malayalam-movies
5930,galleria dibrugarh,12100,2,1960,$0.07,1,21,https://www.district.in/movies/galleria-cinema-sohum-mal-dibrugarh-in-dibrugarh-CD3062
5931,fresh catch seafood restaurant,9900,11,238,$0.11,3,23,https://www.district.in/dining/mysore/fresh-catch-seafood-restaurant-gokulam
5932,flashback movie ott,9900,6,1177,$0.10,1,25,https://www.district.in/movies/flashback-movie-tickets-MV153634
5933,dyp mall kolhapur,9900,3,1177,$0.15,4,22,https://www.district.in/movies/pvr-dyp-city-mall-kavala-naka-kolhapur-in-kolhapur-CD1019885
5934,dn regalia,9900,5,1177,$0.04,1,24,https://www.district.in/movies/inox-dn-regalia-mall-patrapada-bhubaneswar-in-bhubaneswar-CD1017393
5935,dc rcb,12100,5,3678,$0,1,20,https://www.district.in/events/screening-of-dc-vs-rcb-tata-ipl-2026-apr27-2026-buy-tickets
5936,d cinemas chalakudy,12100,2,1960,$0.05,1,16,https://www.district.in/movies/d-cinemas-4k-south-junction-chalakudy-in-thrissur-CD1035939
5937,d bapi,12100,16,181,$0.02,1,22,https://www.district.in/dining/kolkata/d-bapi-biriyani-2-barrackpore
5938,cinema angel,12100,4,1960,$0,1,36,https://www.district.in/movies/angel-cinema-varachha-surat-in-surat-CD28486
5939,cast of salaam venky,12100,10,567,$0,1,24,https://www.district.in/movies/salaam-venky-movie-tickets-MV156978
5940,book wonderla tickets,12100,5,567,$0.21,6,16,https://www.district.in/events/wonderla-amusement-park-bangalore-buy-tickets
5941,karan aujla concert mumbai,9900,2,3678,$0.03,7,26,https://www.district.in/events/karan-aujla-p-pop-culture-india-tour-tour-ticket-booking
5942,jogeshwari misal & bhel,12100,7,797,$0.11,2,18,https://www.district.in/dining/pune/jogeshwari-misal-bhel-old-mumbai-pune-highway
5943,iris cafe and kitchen jayanagar,12100,21,52,$0.24,4,21,https://www.district.in/dining/bangalore/iris-cafe-kitchen-1-jp-nagar-bangalore
5944,inox korum mall,12100,2,1960,$0.05,3,19,https://www.district.in/movies/inox-korum-mall-mangal-pandey-road-thane-w-in-navi-mumbai-CD1018545
5945,indian anime,9900,12,238,$0.38,1,43,https://www.district.in/events/anime-india-delhi-2026-buy-tickets
5946,india air book,480,63,25,$0.06,9,66,https://www.district.in/events/bbcastle-delhi-tour-2026-buy-tickets
5947,i deli cafe,12100,9,567,$0.12,2,31,https://www.district.in/dining/kochi/ideli-cafe-kaloor
5948,hyd delhi,12100,60,23,$0.29,38,31,https://www.district.in/
5949,hindi places,12100,66,25,$0,1,30,https://www.district.in/movies/dhurandhar-the-revenge-movie-tickets-in-new-delhi-MV211577
5950,haunted 3d release date 2026,90,6,797,$0,1,5,https://www.district.in/movies/haunted-3d-echoes-of-the-past-movie-tickets-MV196086
5951,haldiram chandni chowk,12100,5,567,$0.25,8,19,https://www.district.in/dining/ncr/haldirams-chandni-chowk-new-delhi
5952,gokul bite,12100,9,797,$0.23,4,24,https://www.district.in/dining/mumbai/gokul-bite-colaba
5953,bhopal cafe,12100,42,25,$0.03,1,32,https://www.district.in/
5954,balakrishna theatre,9900,3,1177,$0,1,20,https://www.district.in/movies/sri-balakrishna-talkies-4k-dolby-atmos-in-tuticorin-CD1007282
5955,bakery the junction,12100,7,567,$0.11,4,21,https://www.district.in/dining/chennai/bakery-junction-1-porur
5956,avatara mumbai,12100,36,25,$0.20,4,22,https://www.district.in/dining/mumbai/avat-ra-1-santacruz-west
5957,anand sweets koramangala,12100,10,238,$0.12,4,20,https://www.district.in/dining/bangalore/anand-sweets-and-savouries-koramangala-5th-block-bangalore
5958,anand stall mumbai,12100,11,408,$0.14,3,24,https://www.district.in/dining/mumbai/anand-stall-vile-parle-east
5959,ajay movie yogi,12100,10,238,$0,1,27,https://www.district.in/movies/ajey-the-untold-story-of-a-yogi-movie-tickets-MV194426
5960,agent jack,12100,23,52,$0.08,2,39,https://www.district.in/dining/mumbai/agent-jacks-bar-vashi-navi-mumbai
5961,aangan garden restaurant,9900,8,567,$0.13,5,22,https://www.district.in/dining/ahmedabad/aangan-garden-restaurant-1-bopal
5962,sandwich king sandwiches,12100,14,181,$0.14,2,22,https://www.district.in/dining/ncr/sandwich-king-amrapali-dream-valley-greater-noida
5963,sambar cafe,9900,31,25,$0.07,5,22,https://www.district.in/dining/ahmedabad/sambar-cafe-bodakdev
5964,relay movie,9900,16,136,$0,1,37,https://www.district.in/movies/relay-movie-tickets-in-leh-MV202966
5965,rajkot crystal mall,12100,3,1177,$0.20,2,21,https://www.district.in/movies/movie-time-crystal-mall-kalawad-road-rajkot-in-rajkot-CD1040088
5966,qla cinema,12100,2,1960,$0.04,2,20,https://www.district.in/movies/qla-cinemas-dremz-mall-gurugram-in-gurgaon-CD1054967
5967,pvr #hubli,9900,5,1177,$0.06,1,18,https://www.district.in/movies/pvr-inorbit-mall-hubli-in-hubli-CD1102225
5968,wall tax road,12100,33,25,$0.11,3,25,https://www.district.in/movies/moviemax-pr-mall-wall-tax-road-chennai-in-kolathur-CD1102281
5969,miss ginko,12100,13,238,$0.70,1,23,https://www.district.in/dining/kolkata/miss-ginko-gariahat
5970,mi 10,12100,106,25,$0.02,39,50,https://www.district.in/events/screening-of-rcb-vs-mi-tata-ipl-2026-may10-2026-buy-tickets
5971,mayura bakery and sweets,9900,9,567,$0.27,7,19,https://www.district.in/dining/bangalore/mayura-bakery-and-sweets-whitefield-bangalore
5972,maxus cinemas bhayander,12100,3,1177,$0.19,2,21,https://www.district.in/movies/maxus-cinemas-bhayandar-in-mumbai-CD1067730
5973,malayalam movies upcoming,12100,4,1177,$0.20,1,32,https://www.district.in/movies/upcoming-malayalam-movies
5974,maji sagar tardeo,9900,11,408,$0.15,2,19,https://www.district.in/dining/mumbai/maji-sagar-1-tardeo
5975,mahalaxmi theatre,12100,1,3678,$0.23,6,19,https://www.district.in/movies/mahalaxmi-complex-kothapet-hyderabad-in-hyderabad-CD1052124
5976,maha avatar narasimha,9900,9,309,$0,1,53,https://www.district.in/movies/mahavatar-narsimha-movie-tickets-MV183788
5977,landlord movie,8100,8,567,$0.01,1,33,https://www.district.in/movies/landlord-movie-tickets-MV210379
5978,kukatpally viswanath theatre,14800,2,3678,$0.14,2,18,https://www.district.in/movies/viswanath-theater-70mm-a-c-kukatpally-hyderabad-in-hyderabad-CD4360
5979,kovai cinema,12100,7,408,$0.03,1,33,https://www.district.in/movies/coimbatore-movie-tickets
5980,king singer,12100,40,25,$0,1,46,https://www.district.in/events/king/artist
5981,kc restaurant,9900,11,309,$0.20,5,31,https://www.district.in/dining/ncr/kc-restaurant-satyaniketan-new-delhi
5982,kapil sharma movie new,12100,37,25,$0,1,37,https://www.district.in/movies/daadi-ki-shaadi-movie-tickets-MV217282
5983,kannada film kgf,12100,18,61,$0.06,1,55,https://www.district.in/movies/k-g-f-chapter-2-movie-tickets-MV135612
5984,jai movie,12100,11,408,$0,1,24,https://www.district.in/movies/jai-movie-tickets-MV208482
5985,movies now,12100,4,1177,$0.02,1,82,https://www.district.in/movies/pune-movie-tickets
5986,movie theatres chennai,12100,7,797,$0.01,1,46,https://www.district.in/movies/chennai-movie-tickets
5987,movie patang,8100,16,136,$0.24,1,27,https://www.district.in/movies/patang-movie-tickets-in-vele-MV209388
5988,zaitoon restaurant indiranagar,9900,19,39,$0.42,6,19,https://www.district.in/dining/bangalore/zaitoon-airport-road
5989,yellow movie,9900,12,309,$0,1,41,https://www.district.in/movies/yellow-movie-tickets-in-vele-MV209681
5990,writers cafe,14800,12,309,$0.03,5,24,https://www.district.in/dining/chennai/writers-cafe-taramani
5991,wild waters water & amusement theme park hyderabad photos,12100,21,67,$0.39,1,27,https://www.district.in/events/wild-waters-2025-buy-tickets
5992,which movie is releasing today,12100,8,567,$0.02,1,52,https://www.district.in/movies/new-delhi-movie-tickets
5993,speed movie,14800,21,52,$0,1,62,https://www.district.in/movies/speed-movie-tickets-in-gangavathi-MV206103
5994,speed english movie,12100,17,90,$1.64,1,62,https://www.district.in/movies/speed-movie-tickets-MV206103
5995,skymall,12100,13,181,$0.07,4,29,https://www.district.in/movies/movietime-cinemas-sky-mall-erragadda-x-road-hyderabad-in-secunderabad-CD1040594
5996,singh dhaba,9900,12,408,$0.09,1,19,https://www.district.in/dining/ncr/singh-dhaba-azadpur-new-delhi
5997,shubham cinema lucknow,9900,21,32,$0.11,1,21,https://www.district.in/movies/lucknow-movie-tickets
5998,shivraj dhaba,12100,16,136,$0.04,1,21,https://www.district.in/dining/pune/shivraj-dhaba-karad-1-pimpri
5999,sardar pav bhaji tardeo mumbai,12100,9,408,$0.03,1,25,https://www.district.in/dining/mumbai/sardar-pav-bhaji-tardeo
6000,pvr elante,12100,2,1960,$0.03,6,21,https://www.district.in/movies/pvr-elante-mall-chandigarh-in-mohali-CD1025099
6001,pvr capital mall,9900,3,1177,$0,1,21,https://www.district.in/movies/pvr-the-capital-mall-nalasopara-e-mumbai-in-vasai-CD1018527
6002,pss cinemas tenkasi,12100,3,1177,$0.08,1,20,https://www.district.in/movies/pss-multiplex-railway-feeder-road-tenkasi-in-tenkasi-CD1037510
6003,places hindi,12100,41,25,$0,1,19,https://www.district.in/movies/dhurandhar-the-revenge-movie-tickets-in-new-delhi-MV211577
6004,palladium social,9900,5,567,$0.31,6,22,https://www.district.in/dining/PalladiumSocial
6005,padmam veg restaurant,9900,9,309,$0.13,3,20,https://www.district.in/dining/chennai/padmam-veg-restaurant-t-nagar
6006,original hanumanthu devi mess since 1930,9900,41,25,$0.05,8,22,https://www.district.in/dining/mysore/hotel-hanumanthu-mandi-mohalla
6007,online book,12100,58,25,$1.01,19,73,https://www.district.in/movies/
6008,new movie listings,12100,6,797,$0.14,1,79,https://www.district.in/movies/mumbai-movie-tickets
6009,nandhana palace andhra style restaurant anna nagar,8100,9,408,$0.20,4,21,https://www.district.in/dining/chennai/nandhana-palace-anna-nagar-west
6010,mozon restaurant,9900,7,567,$0.23,2,22,https://www.district.in/dining/kozhikode/mozon-restaurant-palayam
6011,movies in mysore,12100,4,1177,$0.04,3,17,https://www.district.in/movies/mysuru-movie-tickets
6012,morning hindi,12100,55,25,$0,1,24,https://www.district.in/movies/divine-cineplex-kurukshetra-in-kurukshetra-CD1089013
6013,mini punjab bandra,12100,8,797,$0.30,5,19,https://www.district.in/dining/mumbai/mini-punjab-pali-hill-bandra-west
6014,maxus cinema bhayander,12100,3,1177,$0.36,1,20,https://www.district.in/movies/maxus-cinemas-bhayandar-in-mumbai-CD1067730
6015,mardaani movie cast,12100,17,71,$0,1,29,https://www.district.in/movies/mardaani-3-movie-tickets-MV185767
6016,mall near,12100,45,25,$0.09,6,32,https://www.district.in/movies/bmg-cinema-bmg-mall-leo-chowk-rewari-in-rewari-CD5105
6017,live football barcelona vs real madrid,22200,9,309,$0.05,1,30,https://www.district.in/events/watch-el-clsico-live-at-smaaash-real-madrid-vs-fc-barcelona-mumbai-may9-2026-buy-tickets
6018,leaping windows mumbai,9900,12,238,$0.18,3,21,https://www.district.in/dining/leapingwindows
6019,knighthouse,9900,10,408,$0.14,7,21,https://www.district.in/dining/jaipur/knighthouse-c-scheme
6020,recent bengali movies,14800,17,90,$0.22,1,17,https://www.district.in/movies/bengali-movies-tickets-in-kolkata
6021,rasika restaurant,12100,14,181,$0.09,2,20,https://www.district.in/dining/jalgaon/rasika-pure-veg-restaurant-jalgaon-locality
6022,rajnandgaon chhattisgarh,9900,28,29,$0,1,21,https://www.district.in/movies/v-y-luxe-rajnandgaon-in-rajnandgaon-CD1102247
6023,rajasthan royals vs mumbai indians tickets,12100,4,1177,$0.05,1,17,https://www.district.in/events/ipl-ticket-booking
6024,raja store,12100,20,61,$0.13,2,19,https://www.district.in/
6025,raj imperial,12100,2,1960,$0.01,1,22,https://www.district.in/movies/inox-raj-imperial-varachha-road-surat-in-surat-CD1020709
6026,rage room,12100,4,3678,$0.18,2,43,https://www.district.in/events/rage-room-delhi-2025-buy-tickets
6027,karavalli vivanta bengaluru residency road,9900,44,25,$0.30,4,22,https://www.district.in/dining/bangalore/karavalli-the-gateway-hotel-residency-road
6028,kantara chapter 2 release date,9900,28,25,$0,1,31,https://www.district.in/movies/kantara-a-legend-chapter-1-movie-tickets-MV165830
6029,kajal place,12100,8,1177,$0.30,1,19,https://www.district.in/dining/jhansi/kajal-the-town-place-restaurant-shivaji-nagar
6030,k cinema,12100,8,408,$0,1,20,https://www.district.in/movies/k-cinemas-bahraich-in-bahraich-CD1100729
6031,jaya multiplex,12100,24,26,$0.01,1,21,https://www.district.in/movies/jana-nayagan-movie-tickets-MV188681
6032,ishtaa pure vegetarian,9900,11,238,$0.23,4,17,https://www.district.in/dining/ahmedabad/ishtaa-truly-south-indian-bodakdev
6033,india vs uae tickets,12100,23,32,$0,1,35,https://www.district.in/events/?showRedirectionPopup=true
6034,i want to see you hindi meaning,12100,27,25,$0,1,24,https://www.district.in/movies/
6035,hotel svm grand dairy farm road,12100,50,25,$0.15,8,19,https://www.district.in/dining/hyderabad/hotel-svm-grand-bowenpally-secunderabad
6036,hotel sonar tori,9900,28,25,$0.13,15,20,https://www.district.in/dining/agartala/hotel-sonar-tori-ram-nagar-agartala
6037,haldiram sector 18 noida,480,14,136,$0.06,4,16,https://www.district.in/dining/ncr/haldirams-3-sector-18-noida
6038,cricket 2016 ipl,12100,40,25,$0,1,38,https://www.district.in/events/ipl-ticket-booking
6039,haldiram sector 18 noida,480,14,136,$0.06,4,16,https://www.district.in/dining/ncr/haldirams-3-sector-18-noida
6040,cricket 2016 ipl,12100,40,25,$0,1,38,https://www.district.in/events/ipl-ticket-booking
6041,chinese pearl,12100,10,567,$0.06,4,19,https://www.district.in/dining/bangalore/china-pearl-kalyan-nagar-bangalore
6042,chai break salt lake,14800,11,408,$0.06,1,10,https://www.district.in/dining/kolkata/chai-break-cafe-bar-city-centre-1-sector-1-salt-lake
6043,bus ticket haryana,12100,70,25,$0.02,1,33,https://www.district.in/movies/divine-cineplex-kurukshetra-in-kurukshetra-CD1089013
6044,bookmyshow panipat,12100,16,61,$0.02,1,21,https://www.district.in/movies/panipat-movie-tickets
6045,bookmyshow gajuwaka,9900,23,27,$0.06,1,21,https://www.district.in/movies/gajuwaka-movie-tickets
6046,fun mall coimbatore movie,12100,3,1177,$0.01,1,29,https://www.district.in/movies/cinepolis-fun-cinema-republic-mall-peelamedu-coimbatore-in-coimbatore-CD135
6047,eesha movie release date,9900,10,309,$0.03,1,26,https://www.district.in/movies/eesha-movie-tickets-MV211321
6048,dvg benne dosa,9900,16,136,$0.11,3,19,https://www.district.in/dining/pune/dvg-benne-dosa-magarpatta
6049,dhurandhar: the revenge time duration,8100,16,71,$0,1,30,https://www.district.in/movies/dhurandhar-the-revenge-movie-tickets-MV211577
6050,dhurandhar the revenge release date,720,25,27,$0,1,31,https://www.district.in/movies/dhurandhar-the-revenge-movie-tickets-MV211577
6051,demon slayer infinity castle arc movie,18100,17,67,$0.26,1,39,https://www.district.in/movies/demon-slayer-kimetsu-no-yaiba-infinity-castle-movie-tickets-in-gurgaon-MV191860
6052,bharat talkies bhopal madhya pradesh,12100,7,567,$0.07,2,18,https://www.district.in/movies/bharat-cineplex-hamidia-road-bhopal-in-bhopal-CD9729
6053,bharat cineplex bhopal,12100,5,1177,$0.33,4,20,https://www.district.in/movies/bharat-cineplex-hamidia-road-bhopal-in-bhopal-CD9729
6054,bhansaghar,12100,7,797,$0.26,2,19,https://www.district.in/dining/ncr/bhansaghar-safdarjung-new-delhi
6055,avatar release schedule,4400,37,25,$0,1,44,https://www.district.in/movies/avatar-fire-and-ash-2025-movie-tickets-MV165236
6056,altaf's cafe,9900,56,25,$0.01,1,27,https://www.district.in/dining/manipal/altafs-cafe-vidyaratna-nagar
6057,agent jacks,12100,16,136,$0.08,2,23,https://www.district.in/dining/mumbai/agent-jacks-bar-vashi-navi-mumbai
6058,adipur vinay cinema,12100,2,1960,$0,1,20,https://www.district.in/movies/roongta-vinay-cinema-adipur-gandhidham-in-gandhidham-CD1053508
6059,7th floor,12100,21,52,$0.25,3,48,https://www.district.in/dining/durg-bhilai/the-7th-floor-by-hotel-grand-dhillon-nehru-nagar
6060,45 movie release date,12100,49,25,$0.03,1,23,https://www.district.in/movies/45-movie-tickets-in-jind-MV188239
6061,10 downing street pub chennai,12100,6,567,$0.46,3,22,https://www.district.in/dining/chennai/10-downing-street-t-nagar
6062,youth tamil movie 2026,320,11,181,$0,1,47,https://www.district.in/movies/youth-movie-tickets-MV213456
6063,zane's cafe,12100,8,567,$0.14,5,16,https://www.district.in/dining/mumbai/zanes-cafe-lower-parel
6064,wave mall kaushambi,12100,3,1177,$0.08,3,20,https://www.district.in/movies/wave-cinemas-kaushambi-in-new-delhi-CD1041051
6065,war 2 advance booking,12100,5,797,$0.05,2,26,https://www.district.in/movies/war-2-movie-tickets-in-gurgaon-MV161358
6066,vikas kunj,12100,77,25,$0.09,5,18,https://www.district.in/movies/dhurandhar-the-revenge-movie-tickets-in-new-delhi-MV211577
6067,upcoming movies malayalam,880,5,797,$0.01,1,46,https://www.district.in/movies/upcoming-malayalam-movies
6068,top hindi meaning,12100,37,25,$0,1,20,https://www.district.in/movies/
6069,theatre coimbatore,12100,8,567,$0.02,1,38,https://www.district.in/movies/coimbatore-movie-tickets
6070,koodal,9900,11,408,$0,1,25,https://www.district.in/movies/koodal-movie-tickets-in-kochi-MV200006
6071,kd the devil movie,1900,10,567,$0,1,32,https://www.district.in/movies/kd-the-devil-movie-tickets-MV157420
6072,ip sigra,9900,3,1177,$0.04,1,21,https://www.district.in/movies/ip-cinemas-ip-sigra-mall-shastri-nagar-varanasi-in-varanasi-CD1039215
6073,inox lake city mall,12100,2,1960,$0.05,3,21,https://www.district.in/movies/inox-lake-city-mall-ashok-nagar-udaipur-in-udaipur-CD1019904
6074,india vs namibia tickets,880,18,52,$0.10,8,34,https://www.district.in/events/?showRedirectionPopup=true
6075,pista house suchitra,9900,22,32,$0.52,5,21,https://www.district.in/dining/hyderabad/pista-house-kompally
6076,pincode goa,12100,20,52,$0,1,19,https://www.district.in/dining/goa/pincode-bungalow-anjuna
6077,papaya tree hotel,12100,23,32,$0.11,25,24,https://www.district.in/dining/indore/nazaara-papaya-tree-hotel-rau
6078,pan cinemas arakkunnam,9900,1,3678,$0.11,1,20,https://www.district.in/movies/pan-cinemas-4k-atmos-arakkunnam-in-arakkunnam-CD1049288
6079,paashh mumbai,12100,10,408,$0.17,4,20,https://www.district.in/dining/mumbai/paashh-pali-hill-bandra-west
6080,one8 commune goa,9900,9,567,$0.16,2,21,https://www.district.in/dining/goa/one8-commune-goa-assagao
6081,old custom house,14800,14,238,$0.15,4,22,https://www.district.in/dining/mumbai/old-custom-house-food-hub-fort
6082,nizam restaurant,9900,13,309,$0.07,2,19,https://www.district.in/dining/kolkata/nizam-restaurant-taltala
6083,mujhse shaadi karogi cast,8100,10,408,$0,1,41,https://www.district.in/movies/mujhse-shaadi-karogi-2004-movie-tickets-MV221952
6084,movies on shivaji maharaj,12100,10,309,$0,1,8,https://www.district.in/movies/raja-shivaji-movie-tickets-MV170361
6085,movies in fun mall,12100,2,1960,$0.01,1,21,https://www.district.in/movies/cinepolis-fun-cinema-republic-mall-peelamedu-coimbatore-in-coimbatore-CD135
6086,movies at fun mall coimbatore,12100,2,1960,$0.01,1,26,https://www.district.in/movies/cinepolis-fun-cinema-republic-mall-peelamedu-coimbatore-in-coimbatore-CD135
6087,movie listings,12100,4,1960,$3,1,47,https://www.district.in/movies/bengaluru-movie-tickets
6088,movie in hindi,12100,19,71,$0.01,1,60,https://www.district.in/movies/upcoming-hindi-movies
6089,maxx cinema,4400,4,797,$0.22,1,23,https://www.district.in/movies/maxx-cinema-mg-mall-sector-14-sonipat-in-kundli-CD1012997
6090,maxus cinema sakinaka,12100,2,1960,$0,1,21,https://www.district.in/movies/maxus-cinemas-saki-naka-in-mumbai-CD1067732
6091,mantra cafe,12100,11,238,$0.03,1,28,https://www.district.in/dining/gokarna/mantra-cafe-gokarna-locality
6092,malayalam upcoming movie,12100,3,1177,$0,1,30,https://www.district.in/movies/upcoming-malayalam-movies
6093,maji sagar tardeo mumbai,12100,7,567,$0.14,2,19,https://www.district.in/dining/mumbai/maji-sagar-1-tardeo
6094,magician movies,12100,104,25,$0,1,21,https://www.district.in/movies/magic-frames-cinemas-falcon-mall-4k-rgb-laser-dolby-atmos-in-thrissur-CD1102311
6095,magic movie,12100,11,408,$0,1,21,https://www.district.in/movies/movie-magic-cinema-loni-ghaziabad-in-new-delhi-CD58001
6096,maa inti bangaram movie release date,8100,7,797,$0,1,24,https://www.district.in/movies/maa-inti-bangaaram-movie-tickets-MV213146
6097,love story 2021 film,9900,11,309,$0,1,44,https://www.district.in/movies/love-story-2021-movie-tickets-MV141866
6098,leaping windows andheri,9900,9,408,$0.18,3,23,https://www.district.in/dining/leapingwindows
6099,krantijyoti vidyalay marathi madhyam,8100,12,309,$0.26,1,25,https://www.district.in/movies/krantijyoti-vidyalay-marathi-madhyam-movie-tickets-MV210895
6100,rustomjee ice cream churchgate,12100,10,408,$0.03,1,23,https://www.district.in/dining/mumbai/k-rustom-ice-cream-churchgate
6101,reset by plan b sector 29,12100,27,26,$0.12,3,22,https://www.district.in/dining/ncr/reset-by-plan-b-sector-83-gurgaon
6102,recent movies released bollywood,1000,12,181,$0,1,71,https://www.district.in/movies/upcoming-hindi-movies
6103,rcb vs srh 2026 tickets,9900,3,1960,$0.13,5,26,https://www.district.in/events/screening-of-srh-vs-rcb-tata-ipl-2026-may22-2026-buy-tickets
6104,ravi teja film list,12100,39,25,$0,1,27,https://www.district.in/movies/ugly-story-movie-tickets-MV220846
6105,ramayana movie cast,12100,11,567,$0,1,39,https://www.district.in/movies/ramayana-movie-tickets-MV176276
6106,pvr cinema kota,12100,3,1177,$0.03,5,20,https://www.district.in/movies/pvr-cinemall-indraprastha-industrial-area-kota-in-kota-CD1019922
6107,prasaditya mall and multiplex,9900,15,90,$0.25,5,23,https://www.district.in/movies/rajahmundry-movie-tickets
6108,power star,12100,17,110,$0,1,32,https://www.district.in/movies/power-star-movie-tickets-in-aurangabad-bihar-MV199696
6109,poona food truck,12100,7,797,$0,1,17,https://www.district.in/dining/poona-food-truck-food-truck
6110,playing match app,12100,14,71,$0.43,1,5,https://www.district.in/
6111,gayatri cinema ratlam,9900,20,32,$0.38,1,21,https://www.district.in/movies/devgn-cinex-formerly-ny-anand-big-mall-ratlam-in-ratlam-CD63010
6112,fun fiesta cinema,9900,4,1177,$0.14,2,21,https://www.district.in/movies/miraj-cinemas-funfiesta-nalasopara-w-in-mumbai-CD59121
6113,forum mall kanakapura road,12100,6,567,$0.02,1,8,https://www.district.in/movies/pvr-superplex-forum-mall-kanakapura-road-bengaluru-in-bengaluru-CD1022305
6114,flashback movie telugu,12100,3,1960,$0.16,1,29,https://www.district.in/movies/flashback-movie-tickets-MV153634
6115,festival tomorrow,12100,11,238,$0,1,39,https://www.district.in/events/
6116,effingut colaba,9900,18,67,$0.14,5,17,https://www.district.in/dining/mumbai/effingut-colaba
6117,haryana vs punjab,12100,22,32,$0,1,22,https://www.district.in/events/punjab-kings-team
6118,gokul pure veg,9900,25,39,$0.14,6,19,https://www.district.in/dining/pune/gokul-pure-veg-kondhwa
6119,cafe ekante,12100,21,61,$0.03,3,22,https://www.district.in/dining/kolkata/cafe-ekante-floating-boat-new-town
6120,anupam sweets,12100,12,238,$0.13,2,21,https://www.district.in/dining/ncr/anupam-sweets-restaurant-sector-86-faridabad
6121,akhtar samosa,12100,14,181,$0.22,5,22,https://www.district.in/dining/pune/akhtars-samosa-salunkhe-vihar-road
6122,akhanda 2 cast,8100,16,90,$0,1,25,https://www.district.in/movies/akhanda-2-thaandavam-movie-tickets-MV179673
6123,action movie in tamil,12100,33,25,$0.19,1,48,https://www.district.in/movies/mr-x-movie-tickets-MV162388
6124,aadeshwari biryani center,12100,6,797,$0.09,2,26,https://www.district.in/dining/mumbai/aadeshwari-biryani-centre-matunga-east
6125,desi lane restaurant,14800,15,181,$0.03,1,22,https://www.district.in/dining/kolkata/desi-lane-topsia
6126,deep singh punjabi dhaba,12100,7,797,$0.09,2,23,https://www.district.in/dining/ahmedabad/baba-deepsingh-punjabi-dhaba-vatva
6127,dasara movie,12100,15,181,$0,1,21,https://www.district.in/movies/dasara-2023-movie-tickets-MV145566
6128,copa villa,12100,8,567,$0.28,3,18,https://www.district.in/dining/pune/copa-villa-pimple-nilakh
6129,coimbatore cinemas,14800,6,1177,$0.03,1,23,https://www.district.in/movies/coimbatore-movie-tickets
6130,cinema in trichy,12100,8,567,$0,1,16,https://www.district.in/movies/upcoming-movies-in-trichy
6131,chandravilas restaurant,12100,10,408,$0.13,3,24,https://www.district.in/dining/ahmedabad/chandravilas-restaurant-since-1900-manek-chowk
6132,chandra mall,12100,8,309,$0.15,5,22,https://www.district.in/movies/inox-national-virugambakkam-chennai-in-chennai-CD1020773
6133,champion restaurant,9900,5,797,$0.10,2,31,https://www.district.in/dining/kozhikode/champion-restaurant-1-kuttichira
6134,cast of sundarakanda,12100,9,408,$0,1,29,https://www.district.in/movies/sundarakanda-movie-tickets-MV185955
6135,cast of sonu ke titu ki sweety,14800,9,309,$0,1,25,https://www.district.in/movies/sonu-ke-titu-ki-sweety-2018-movie-tickets-MV193
6136,cast of happy raj,5400,6,567,$0,1,24,https://www.district.in/movies/happy-raj-movie-tickets-MV212079
6137,cafe safar family restaurant,12100,18,71,$0.24,5,23,https://www.district.in/dining/mumbai/cafe-safar-oshiwara
6138,bukhara restaurant reviews,12100,18,90,$0,1,18,https://www.district.in/dining/ncr/bukhara-itc-maurya-chanakyapuri-new-delhi
6139,broadway cinemas tirupur,12100,15,71,$0.01,1,20,https://www.district.in/movies/
6140,bookmyshow bhilwara,12100,14,71,$0.03,1,21,https://www.district.in/movies/bhilwara-movie-tickets
6141,bollywood films released today,12100,9,309,$0.01,1,82,https://www.district.in/movies/upcoming-hindi-movies
6142,the quorum mumbai,12100,94,25,$0.20,5,20,https://www.district.in/events/
6143,the happy yard,12100,9,567,$1.69,3,21,https://www.district.in/dining/hyderabad/the-happy-yard-bar-kitchen-jubilee-hills
6144,the amazing spider man cast 2,12100,9,309,$0,1,69,https://www.district.in/movies/the-amazing-spider-man-2-2014-movie-tickets-MV208553
6145,thane anand theatre,12100,6,408,$0,1,21,https://www.district.in/movies/thane-movie-tickets
6146,tenzin kitchen tibetan restaurant,9900,7,797,$0.17,5,22,https://www.district.in/dining/bangalore/tenzin-kitchen-koramangala-7th-block
6147,taqashi mandi,9900,12,309,$0.05,1,22,https://www.district.in/dining/thrissur/taqashi-mandi-chalakudy
6148,sport in delhi,12100,13,309,$0.33,2,21,https://www.district.in/activities/sports-in-delhi-ncr/
6149,sitara grand lb nagar,9900,33,25,$0.32,18,19,https://www.district.in/dining/hyderabad/hotel-sitara-grand-l-b-nagar
6150,sir mutha venkatasubba rao concert hall,12100,39,25,$0,5,10,https://www.district.in/events/spb-80-a-grand-musical-tribute-jun14-2026-buy-tickets
6151,singer weekend,12100,25,32,$0.57,1,80,https://www.district.in/events/
6152,sikandar 2025,8100,27,29,$0,1,37,https://www.district.in/movies/
6153,shiv kailash dairy pune,12100,11,408,$0.29,3,23,https://www.district.in/dining/pune/shiv-kailash-camp-area
6154,shin chan india movie,14800,18,71,$0,1,37,https://www.district.in/movies/shin-chan-the-spicy-kasukabe-dancers-in-india-movie-tickets-in-gurgaon-MV198610
6155,sagar chinese,9900,12,408,$0.08,3,19,https://www.district.in/dining/mumbai/sagar-chinese-and-fast-food-corner-castle-mill-thane-west-thane
6156,virgin courtyard,12100,9,408,$0.82,1,38,https://www.district.in/dining/chandigarh/virgin-courtyard-sector-7
6157,triton ahmedabad,9900,7,797,$0,1,32,https://www.district.in/dining/ahmedabad/triton-bodakdev
6158,toxic movie cast,3600,7,567,$0,1,40,https://www.district.in/movies/toxic-a-fairy-tale-for-grown-ups-movie-tickets-MV168613
6159,the little easy,12100,9,567,$0.33,10,38,https://www.district.in/dining/mumbai/the-little-easy-bandra-linking-road-bandra-west
6160,the entrance cafe,12100,5,1177,$0.12,5,37,https://www.district.in/dining/chennai/the-entrance-cafe-kilpauk
6161,zora mall raipur,12100,11,567,$0.86,1,15,https://www.district.in/movies/pvr-zora-the-mall-raipur-in-raipur-CD1056680
6162,which movies are releasing today,12100,5,1177,$0.01,1,70,https://www.district.in/movies/upcoming-movies
6163,where is today's ipl match,12100,21,52,$0,1,8,https://www.district.in/events/ipl-ticket-booking
6164,vr mall inox surat,12100,2,1960,$0.02,3,21,https://www.district.in/movies/inox-vr-surat-dumas-road-surat-in-surat-CD1020707
6165,sammy's,12100,16,181,$0,1,21,https://www.district.in/dining/mumbai/sammys-b-kurla
6166,rumaan hotel tolichowki,9900,11,238,$0.06,7,21,https://www.district.in/dining/hyderabad/hotel-rumaan-tolichowki
6167,romantic videos tamil,12100,19,52,$0,1,32,https://www.district.in/movies/29-movie-tickets-MV219989
6168,rcb ticket booking,12100,6,408,$0.03,1,33,https://www.district.in/events/ipl-ticket-booking
6169,ranga 70mm cinema,12100,3,3678,$0.10,3,21,https://www.district.in/movies/ranga-theatre-70mm-jeedimetla-hyderabad-in-hyderabad-CD1041244
6170,rajhans cinema bharuch,9900,5,1177,$0.01,1,19,https://www.district.in/movies/rajhans-cinemas-city-center-mall-bharuch-in-bharuch-CD1051626
6171,raja gobi jp nagar,9900,44,25,$0.24,16,27,https://www.district.in/dining/bangalore/mr-gobi-jp-nagar-bangalore
6172,radha krishna theater,12100,8,567,$0.05,1,21,https://www.district.in/movies/radha-krishna-cine-theatre-newly-renovated-penumuru-in-chittoor-CD1030389
6173,r mall,12100,6,1177,$0,4,23,https://www.district.in/movies/miraj-cinemas-r-mall-mulund-in-navi-mumbai-CD1013961
6174,pvr cinemas panipat,9900,2,1960,$0.04,2,21,https://www.district.in/movies/pvr-fun-city-barsad-road-panipat-in-panipat-CD1020671
6175,pvr cinema hubli,12100,3,1177,$0.05,1,20,https://www.district.in/movies/pvr-inorbit-mall-hubli-in-hubli-CD1102225
6176,pkl 2025 live,720,12,136,$0,1,31,https://www.district.in/events/pkl-2025-delhi-team
6177,thane best restaurants,12100,34,25,$0.03,4,18,https://www.district.in/
6178,telugu movies releasing in january 2026,9900,6,797,$0,1,45,https://www.district.in/movies/upcoming-movies
6179,speed the movie,14800,24,32,$0,1,71,https://www.district.in/movies/speed-movie-tickets-in-gangavathi-MV206103
6180,siddiq kabab center,12100,29,26,$0.21,4,23,https://www.district.in/dining/bangalore/siddique-kabab-centre-frazer-town
6181,sethi dhaba,9900,13,238,$0.07,2,22,https://www.district.in/dining/chandigarh/sethi-dhaba-lohgarh-zirakpur
6182,roastery coffee house dwarka,9900,6,567,$0.30,3,22,https://www.district.in/dining/ncr/roastery-coffee-house-sector-17-dwarka-new-delhi
6183,msx mall greater noida,12100,4,797,$1.19,2,19,https://www.district.in/movies/msx-cinemas-greater-noida-in-greater-noida-CD1092168
6184,meenakshi bhavan,9900,17,136,$0.04,1,21,https://www.district.in/dining/chennai/sri-meenakshi-bhavan-selaiyur
6185,maxx cinemas,4400,3,1177,$0.29,1,21,https://www.district.in/movies/maxx-cinema-mg-mall-sector-14-sonipat-in-kundli-CD1012997
6186,maxus cinema bhayandar,9900,3,1177,$0.04,1,21,https://www.district.in/movies/maxus-cinemas-bhayandar-in-mumbai-CD1067730
6187,mall of faridabad,12100,6,567,$0.03,8,19,https://www.district.in/movies/pvr-pacific-mall-the-mall-of-faridabad-nit-nit-bus-stand-faridabad-in-gurgaon-CD1023790
6188,madurai inox,12100,3,1177,$0,1,23,https://www.district.in/movies/inox-vishaal-de-mall-gokhale-road-madurai-in-madurai-CD1029680
6189,lucknow best restaurants,14800,42,25,$0.05,2,22,https://www.district.in/
6190,latest films download,12100,32,25,$0.12,1,77,https://www.district.in/movies/
6191,latest best films,12100,28,26,$0,1,62,https://www.district.in/movies/
6192,kk cinemas,12100,2,1960,$0.03,1,18,https://www.district.in/movies/k-k-cinemas-a-c-4k-rgb-laser-dolby-atmos-minjur-in-chennai-CD22684
6193,kingdome klub & kitchen,12100,5,1177,$0.06,1,20,https://www.district.in/dining/hyderabad/kingdome-klub-kitchen-financial-district
6194,garv salman khan,12100,16,110,$0,1,32,https://www.district.in/movies/garv-pride-and-honour-2004-movie-tickets-MV172252
6195,garv movie salman khan,9900,28,27,$0,1,32,https://www.district.in/movies/garv-pride-and-honour-2004-movie-tickets-MV172252
6196,film on shivaji maharaj,14800,13,309,$0,1,29,https://www.district.in/movies/raja-shivaji-movie-tickets-MV170361
6197,dance club in hyderabad,12100,90,25,$0.02,2,24,https://www.district.in/events/
6198,crystal mall rajkot,12100,5,567,$0,2,17,https://www.district.in/movies/movie-time-crystal-mall-kalawad-road-rajkot-in-rajkot-CD1040088
6199,controll movie,12100,9,567,$0,1,25,https://www.district.in/movies/controll-movie-tickets-MV207158
6200,citrus hotel ghaziabad,9900,22,29,$0.29,3,19,https://www.district.in/dining/ncr/citrus-cafe-lemon-tree-hotel-kaushambi-ghaziabad
6201,cinema theaters in coimbatore,12100,12,309,$0.03,1,28,https://www.district.in/movies/coimbatore-movie-tickets
6202,cinema in chennai,12100,8,797,$0.01,3,51,https://www.district.in/movies/chennai-movie-tickets
6203,chhotu maharaj cinema,9900,7,797,$0.04,1,19,https://www.district.in/movies/chhotu-maharaj-cinema-indore-in-indore-CD1059115
6204,chandra metro mall,12100,8,408,$0.11,11,20,https://www.district.in/movies/inox-national-virugambakkam-chennai-in-chennai-CD1020773
6205,kerala story 2 ott release date,6600,16,71,$0.20,1,30,https://www.district.in/movies/the-kerala-story-2-goes-beyond-movie-tickets-MV214234
6206,kerala cafe fort kochi,9900,8,567,$0.01,3,19,https://www.district.in/dining/kochi/kerala-cafe-1-fort-kochi
6207,jetlee telugu movie,2400,9,567,$0,1,26,https://www.district.in/movies/jetlee-movie-tickets-MV213451
6208,jan neta release date,9900,4,1960,$0,1,32,https://www.district.in/movies/jan-neta-movie-tickets-MV212360
6209,ip mughal,12100,3,1177,$0,1,21,https://www.district.in/movies/ip-cinemas-ip-mughal-multiplex-chandauli-district-mughalsarai-in-mughalsarai-CD1039214
6210,inox r-city mall,12100,3,1177,$0.05,4,21,https://www.district.in/movies/inox-r-city-ghatkopar-w-mumbai-in-mumbai-CD1013613
6211,inox korum,12100,2,1960,$0.05,3,19,https://www.district.in/movies/inox-korum-mall-mangal-pandey-road-thane-w-in-navi-mumbai-CD1018545
6212,inox in quest mall,12100,5,1177,$0.04,1,21,https://www.district.in/movies/inox-quest-mall-ballygunge-kolkata-in-kolkata-CD1020727
6213,inox in madurai,12100,3,1960,$0.01,1,22,https://www.district.in/movies/inox-vishaal-de-mall-gokhale-road-madurai-in-madurai-CD1029680
6214,indian discord,12100,28,25,$0,1,29,https://www.district.in/movies/
6215,india bake,12100,43,25,$0.04,1,29,https://www.district.in/dining/kolkata/bake-india-new-town
6216,hotel shree ganesh,12100,21,39,$0.14,1,21,https://www.district.in/dining/pune/shree-ganesh-hotel-and-snacks-pimpri
6217,harishankar veg restro,9900,10,408,$0.04,6,20,https://www.district.in/dining/jaipur/harishankar-veg-restro-mansarovar
6218,grounded café,12100,8,567,$0.42,3,22,https://www.district.in/dining/chennai/grounded-cafe-mambakkam
6219,green signal veg,12100,30,25,$0.43,3,22,https://www.district.in/dining/pune/green-signal-deccan-gymkhana
6220,cc2 inox,12100,2,1960,$0,1,20,https://www.district.in/movies/inox-city-centre-ii-rajarhat-kolkata-in-kolkata-CD1020724
6221,broadway bar restaurant,9900,9,408,$0.15,3,28,https://www.district.in/dining/kolkata/hotel-broadway-chandni-chowk
6222,bookmyshow dhurandhar,12100,13,110,$0.01,1,21,https://www.district.in/movies/
6223,bollywood spices,12100,15,181,$0,1,12,https://www.district.in/dining/chandigarh/bollywood-spices-vip-road-zirakpur
6224,bollywood releases today,12100,6,797,$0.01,1,71,https://www.district.in/movies/upcoming-hindi-movies
6225,bihu attack,1600,8,797,$0,1,21,https://www.district.in/movies/bihu-attack-movie-tickets-in-bareja-MV210901
6226,big cinema in ulhasnagar,12100,2,1960,$0,1,20,https://www.district.in/movies/ulhasnagar-movie-tickets
6227,bharat talkies bhopal,12100,5,1177,$0.08,2,20,https://www.district.in/movies/bharat-cineplex-hamidia-road-bhopal-in-bhopal-CD9729
6228,best restaurant in noida,12100,46,25,$0.08,8,11,https://www.district.in/
6229,babaji dhaba,12100,23,52,$0.03,1,22,https://www.district.in/dining/gwalior/baba-ka-dhaba-city-center
6230,baba dhaba,12100,12,408,$0.04,1,22,https://www.district.in/dining/patna/baba-dhaba-hajipur
6231,ayodhya upachar,9900,8,567,$0.13,4,19,https://www.district.in/dining/bangalore/namma-ayodhya-upachar-kengeri-bangalore
6232,asr cinema patna,12100,4,1177,$0.01,3,21,https://www.district.in/movies/patna-movie-tickets
6233,aromatic cafe,12100,7,797,$0.05,2,22,https://www.district.in/dining/ncr/aromatic-cafe-pandav-nagar-new-delhi
6234,amritsari truly north indian restaurant,12100,6,797,$0.12,4,22,https://www.district.in/dining/bangalore/amritsari-truly-north-indian-koramangala-5th-block-bangalore
6235,2026 new movies,14800,6,1177,$1.85,1,38,https://www.district.in/movies/upcoming-movies
6236,18 spot,12100,61,25,$0.16,5,19,https://www.district.in/dining/pune/spot-11-enjoy-family-resto-bar-dhanori
6237,1135 ad restaurant,12100,16,90,$0.40,1,24,https://www.district.in/dining/jaipur/1135-ad-amer
6238,oona the one,12100,19,67,$1.33,3,22,https://www.district.in/dining/ranchi/oona-the-one-1-kadru
6239,nice juice centre,12100,11,408,$0,3,17,https://www.district.in/dining/hyderabad/nice-juice-centre-tolichowki
6240,nh 37 restaurant,12100,8,797,$0,4,18,https://www.district.in/dining/pune/nh-37-dhaba-model-colony
6241,new andhra meals hotel chennai,9900,8,408,$0.13,4,22,https://www.district.in/dining/chennai/new-andhra-meals-hotel-valasaravakkam
6242,movies in surat,12100,2,1960,$0.01,3,32,https://www.district.in/movies/surat-movie-tickets
6243,mi piaci mehrauli,8100,7,797,$0.44,3,20,https://www.district.in/dining/ncr/mi-piaci-1-mehrauli-new-delhi
6244,mcdonalds mg road bangalore,12100,6,1177,$0.07,1,19,https://www.district.in/dining/bangalore/mcdonalds-mg-road
6245,zomato bangalore,12100,6,408,$0.08,4,28,https://www.district.in/
6246,the barkhana,9900,10,309,$0.32,10,18,https://www.district.in/dining/pune/the-barkhana-wakad
6247,tandoor park kolkata,12100,11,309,$0.17,4,23,https://www.district.in/dining/kolkata/tandoor-park-dhakuria
6248,tandoor house,12100,10,567,$0,2,22,https://www.district.in/dining/kolkata/tandoor-house-gariahat
6249,taj mahal ticket booking,12100,4,1177,$0.88,11,32,https://www.district.in/events/taj-mahal-monument-buy-tickets
6250,sri sairam theatre,14800,38,25,$0,1,21,https://www.district.in/movies/svc-sri-sairam-movie-land-library-road-cart-stand-road-anakapalle-in-vizag-CD1018799
6251,sri kalidas m plex,12100,8,238,$0.08,1,22,https://www.district.in/movies/sri-kalidas-m-plex-4k-rgb-laser-dolby-atmos-thoongampara-kattakada-trivandrum-in-panachamoodu-CD1037497
6252,soul space spirit,12100,4,797,$0.15,7,17,https://www.district.in/movies/pvr-central-spirit-mall-bellandur-bengaluru-in-bengaluru-CD1022298
6253,saathiya movies,9900,21,52,$0.02,1,42,https://www.district.in/movies/saathiya-2002-movie-tickets-MV169688
6254,reminder of him movie,12100,14,181,$0,1,27,https://www.district.in/movies/reminders-of-him-movie-tickets-in-bengaluru-MV207195
6255,the king singer,12100,60,25,$0,1,32,https://www.district.in/events/king/artist
6256,tandoori nights,12100,12,309,$0.13,1,22,https://www.district.in/dining/lucknow/tandoori-nights-1-indira-nagar
6257,surrender movie,9900,13,238,$0,1,32,https://www.district.in/movies/surrender-movie-tickets-in-ron-MV201802
6258,manoj bhavan veg restaurant,12100,11,567,$0.04,1,20,https://www.district.in/dining/chennai/manoj-bhavan-veg-restaurant-ramapuram
6259,maji sagar restaurant,9900,10,408,$0.15,2,21,https://www.district.in/dining/mumbai/maji-sagar-1-tardeo
6260,lazy leopard,9900,11,238,$0.39,3,19,https://www.district.in/dining/chennai/lazy-leopard-gopalapuram
6261,khalifa movie,12100,8,567,$0,1,26,https://www.district.in/movies/khalifa-movie-tickets-MV157430
6262,kapila resorts,9900,29,25,$0.14,6,36,https://www.district.in/dining/pune/kapila-resorts-wagholi
6263,just friends movie,12100,74,25,$0.01,1,45,https://www.district.in/events/bhajan-jamming-with-gk-das-friends-may16-2026-buy-tickets
6264,jodhpur cinema hall,12100,7,797,$0.01,1,21,https://www.district.in/movies/jodhpur-movie-tickets
6265,ip sigra varanasi,9900,2,1960,$0.04,1,23,https://www.district.in/movies/ip-cinemas-ip-sigra-mall-shastri-nagar-varanasi-in-varanasi-CD1039215
6266,inox vr mall surat,12100,3,1960,$0.02,4,20,https://www.district.in/movies/inox-vr-surat-dumas-road-surat-in-surat-CD1020707
6267,inox c 21 mall,12100,3,1177,$0.27,5,20,https://www.district.in/movies/inox-c-21-mall-sheetal-nagar-indore-in-indore-CD1024421
6268,hotel sitara grand lb nagar,9900,31,25,$0.32,18,19,https://www.district.in/dining/hyderabad/hotel-sitara-grand-l-b-nagar
6269,hard rock cafe in chennai,12100,4,1960,$0.80,3,23,https://www.district.in/dining/chennai/hard-rock-cafe-nungambakkam
6270,hanuman dhaba,12100,10,567,$0.04,4,21,https://www.district.in/dining/jaipur/hanuman-dhaba-sikar-road
6271,halli jonne biryani,12100,10,309,$0.24,4,22,https://www.district.in/dining/bangalore/halli-jonne-biriyani-jayanagar
6272,great inspiring movies,12100,44,25,$0,1,34,https://www.district.in/movies/sankeerthana-movie-tickets-MV219384
6273,panchali pure veg,9900,20,61,$0.41,5,19,https://www.district.in/dining/pune/panchali-restaurant-jm-road
6274,new cinema list,12100,8,309,$0.14,1,86,https://www.district.in/movies/upcoming-movies
6275,nayagan movie,14800,8,797,$0,1,43,https://www.district.in/movies/jana-nayagan-movie-tickets-MV188681
6276,naidu's,12100,16,181,$0.03,1,27,https://www.district.in/dining/bangalore/naidus-nati-style-restaurant-kr-puram-bangalore
6277,mrithyunjay movie,12100,11,408,$0,1,25,https://www.district.in/movies/mrithyunjay-movie-tickets-in-bengaluru-MV191671
6278,movies list new,12100,10,238,$0.14,1,82,https://www.district.in/movies/upcoming-movies
6279,movies in patna,12100,3,1960,$0.01,4,21,https://www.district.in/movies/patna-movie-tickets
6280,movie on shivaji maharaj,12100,15,136,$0,1,8,https://www.district.in/movies/raja-shivaji-movie-tickets-MV170361
6281,mkv movie cinemas,14800,14,71,$0,1,22,https://www.district.in/movies/mvr-cinemas-dolby-7-1-dolby-atmos-4k-rgb-laser-guduvanchery-in-chennai-CD1101384
6282,mitron navi mumbai,9900,7,1177,$0.08,2,21,https://www.district.in/dining/mumbai/mitron-turbhe-navi-mumbai
6283,mini punjab mumbai,12100,28,26,$0.13,3,21,https://www.district.in/dining/mumbai/mini-punjab-restaurant-bar-vashi-navi-mumbai
6284,millers 46 steak house & bar,12100,8,408,$0.31,4,22,https://www.district.in/dining/bangalore/millers-46-vasanth-nagar
6285,military hotel,12100,12,408,$0,2,22,https://www.district.in/dining/bangalore/bengaluru-military-hotel-sarjapur-road-bangalore
6286,maxx cinema sonipat,12100,2,1960,$0.03,1,21,https://www.district.in/movies/maxx-cinema-mg-mall-sector-14-sonipat-in-kundli-CD1012997
6287,mantras cafe,12100,11,238,$0.03,1,22,https://www.district.in/dining/indore/mantras-cafe-mr-10-road
6288,mahagun mall pvr,12100,3,1177,$0.05,2,21,https://www.district.in/movies/pvr-mahagun-mahagun-metro-mall-ghaziabad-in-new-delhi-CD1020699
6289,madurai cinemas,12100,7,797,$0,1,21,https://www.district.in/movies/madurai-movie-tickets
6290,list of the new movies,12100,13,136,$0.14,1,83,https://www.district.in/movies/upcoming-movies
6291,list new movies,12100,10,238,$0.14,1,82,https://www.district.in/movies/upcoming-movies
6292,rim naam,12100,7,797,$0.17,4,23,https://www.district.in/dining/bangalore/rim-naam-the-oberoi-mg-road-bangalore
6293,rao hotel,9900,5,1960,$0.05,2,23,https://www.district.in/dining/ncr/rao-hotel-manesar
6294,queen pod,14800,9,567,$0.05,3,28,https://www.district.in/dining/gangtok/queens-pod-arithang
6295,pvr grand mall,12100,3,1177,$0.06,7,17,https://www.district.in/movies/pvr-grand-mall-velachery-chennai-in-chennai-CD1022271
6296,pongal release tamil movies 2026,9900,6,567,$0,1,29,https://www.district.in/movies/upcoming-tamil-movies
6297,hideaway cafe and bar,12100,46,25,$0.13,3,22,https://www.district.in/dining/kolkata/hideaway-cafe-lake-market-area
6298,happy be happy movie,12100,12,238,$0,1,29,https://www.district.in/movies/happy-be-happy-movie-tickets-MV217805
6299,gold cinema morena,12100,4,797,$0,1,21,https://www.district.in/movies/gold-cinema-hariraj-cinema-compound-morena-in-morena-CD7726
6300,gokul restaurant,12100,17,136,$0.12,3,22,https://www.district.in/dining/rourkela/gokul-restaurant-1-raurkela-industrialship
6301,galaxy mall ambala city,12100,2,1960,$0.01,1,21,https://www.district.in/movies/fun-cinema-galaxy-mall-sector-7-ambala-in-ambala-CD131
6302,fun mall,12100,8,567,$0.21,2,22,https://www.district.in/movies/cinepolis-fun-cinema-republic-mall-peelamedu-coimbatore-in-coimbatore-CD135
6303,festivals tomorrow,12100,12,181,$0,1,40,https://www.district.in/events/
6304,egg rolling near me,12100,10,238,$0.15,6,22,https://www.district.in/dining/sirsa/bengal-egg-roll-corner-sirsa-locality-sirsa
6305,dine club,12100,25,29,$0.71,1,20,https://www.district.in/dining/
6306,brahma garden,12100,50,25,$0.09,2,21,https://www.district.in/dining/pune/brahma-pure-veg-sinhgad-road
6307,bhagyoday hotel,9900,20,52,$0.09,1,19,https://www.district.in/dining/ahmedabad/hotel-bhagyoday-restaurant-nikol
6308,best movie roles telugu 2026,12100,3,1177,$0,1,29,https://www.district.in/movies/upcoming-telugu-movies
6309,best current movies,12100,37,25,$1.05,1,67,https://www.district.in/movies/
6310,barbeque nation pune kalyani nagar,12100,15,90,$0.20,5,19,https://www.district.in/dining/pune/barbeque-nation-kalyani-nagar
6311,badmaash sarjapur,9900,8,567,$0.12,6,22,https://www.district.in/dining/bangalore/badmaash-sarjapur-sarjapur-road-bangalore
6312,arabian grill,9900,9,408,$0.07,1,19,https://www.district.in/dining/kochi/the-arabian-grill-fort-kochi
6313,anand stall dosa,9900,19,90,$0.35,5,29,https://www.district.in/dining/mumbai/anand-stall-vile-parle-east
6314,amar punjabi foods,12100,9,408,$0.54,1,20,https://www.district.in/dining/kota/amar-punjabi-foods-talwandi
6315,aladdin shawarma,9900,21,52,$0.07,3,21,https://www.district.in/dining/chennai/aladdin-shawarma-1-besant-nagar
6316,agatya pure veg,12100,6,797,$0.15,1,22,https://www.district.in/dining/pune/agatya-pure-veg-dhanori
6317,11 point club,12100,7,567,$0.15,6,16,https://www.district.in/play/11point-pickleball-club-kadubeesanahalli-bengaluru-slots-booking
6318,drishyam 3 malayalam,9900,8,408,$0,1,21,https://www.district.in/movies/drishyam-3-malayalam-movie-tickets-MV200342
6319,draupathi 2,9900,9,567,$0,1,27,https://www.district.in/movies/draupathi-2-movie-tickets-MV212928
6320,dhurandhar the revenge time duration,8100,17,71,$0,1,30,https://www.district.in/movies/dhurandhar-the-revenge-movie-tickets-MV211577
6321,cosy box mumbai,12100,13,238,$0.13,4,20,https://www.district.in/dining/mumbai/cosy-box-lower-parel
6322,city center inox,12100,8,567,$0.03,1,20,https://www.district.in/movies/inox-city-centre-matigara-siliguri-in-siliguri-CD1030074
6323,cinema trichy,12100,11,309,$0.15,1,24,https://www.district.in/movies/upcoming-movies-in-trichy
6324,christmas celebration,14800,26,39,$0.77,1,22,https://www.district.in/events/christmas-celebrations-in-new-delhi-book-tickets
6325,chettinad canteen,9900,10,408,$0.16,2,22,https://www.district.in/dining/chennai/chettinad-canteen-teynampet
6326,chadha's the north indian food corner,9900,39,25,$0.21,2,23,https://www.district.in/dining/mumbai/chadhas-bhayandar
6327,cast of mirai 2025 film,12100,10,309,$0,1,27,https://www.district.in/movies/mirai-movie-tickets-MV172573
6328,cast of junior 2025,12100,9,567,$0,1,39,https://www.district.in/movies/junior-movie-tickets-MV199940
6329,cast of alpha 2026,9900,9,567,$0,1,39,https://www.district.in/movies/alpha-movie-tickets-MV175697
6330,cast of aan paavam pollathathu,12100,11,238,$0,1,23,https://www.district.in/movies/aan-paavam-pollathathu-movie-tickets-MV207453
6331,c3 cinemas laurel mall,8100,3,1177,$0,1,17,https://www.district.in/movies/c3-cinemas-rohini-rgb-laser-dolby-atmos-mamandur-in-chennai-CD1102116
6332,bookmyshow raichur,12100,28,25,$0,1,21,https://www.district.in/movies/raichur-movie-tickets
6333,bombay lassi chennai,12100,21,61,$0.15,2,24,https://www.district.in/dining/chennai/bombay-classic-lassi-gst-road
6334,white house restaurant,12100,10,309,$0,1,16,https://www.district.in/dining/pune/the-white-house-aundh
6335,toni daa dhaba,12100,9,309,$0.17,1,18,https://www.district.in/dining/pune/toni-daa-dhaba-old-mumbai-pune-highway
6336,today hindi movie release,9900,7,567,$0.02,1,61,https://www.district.in/movies/upcoming-hindi-movies
6337,tipsy turk,9900,11,309,$0.52,3,21,https://www.district.in/dining/nagpur/tipsy-turk-sadar
6338,theater surat,12100,9,408,$0.01,1,23,https://www.district.in/movies/surat-movie-tickets
6339,yash toxic,6600,13,309,$0,1,32,https://www.district.in/movies/toxic-a-fairy-tale-for-grown-ups-movie-tickets-MV168613
6340,zoey's good vibes only,12100,32,25,$0.17,4,32,https://www.district.in/dining/bangalore/zoeys-sarjapur-road
6341,zuru zuru,9900,33,25,$0.25,3,29,https://www.district.in/dining/indore/zuru-restrobar-cafe-by-pass-road-south
6342,zarza club and terrace jaipur,12100,7,797,$0.06,5,18,https://www.district.in/dining/jaipur/zarza-club-terrace-bais-godam
6343,wpl 2026 final,12100,7,567,$0,1,22,https://www.district.in/events/womens-premier-league-2026-team
6344,world square mall,14800,63,25,$0,6,19,https://www.district.in/activities/chennai-activity-tickets/
6345,tehran movie release date,12100,30,25,$0.11,1,25,https://www.district.in/movies/tehran-movie-tickets-MV152788
6346,t near me,12100,28,25,$0,1,22,https://www.district.in/dining/kochi/t-t-aluva
6347,suyodhana movie,480,9,567,$0,1,24,https://www.district.in/movies/suyodhana-movie-tickets-in-goa-MV217431
6348,sunny da dhaba,12100,9,408,$0.16,1,20,https://www.district.in/dining/pune/sunny-da-dhaba-old-mumbai-pune-highway
6349,sujana mall,1900,7,1177,$0.24,4,22,https://www.district.in/movies/pvr-nexus-mall-formerly-forum-sujana-kukatpally-hyderabad-in-hyderabad-CD1022267
6350,st cinemas,9900,2,1960,$0.18,1,26,https://www.district.in/movies/st-cinemas-4k-laser-dolby-atmos-golden-mall-mattoor-kalady-in-kochi-CD1033632
6351,spice terrace,14800,21,52,$0.23,5,24,https://www.district.in/dining/bangalore/spice-terrace-jw-marriott-lavelle-road
6352,skye rooftop by eternia,12100,12,238,$1.03,6,21,https://www.district.in/dining/pune/skye-rooftop-by-eternia-senapati-bapat-road
6353,silver spoon restaurant,9900,9,408,$0.07,1,22,https://www.district.in/dining/moradabad/silver-spoon-restaurant-2-moradabad-locality
6354,shree tirumala theater,12100,2,1960,$0.25,7,26,https://www.district.in/movies/sri-tirumala-theatre-2k-a-c-dts-kakinada-in-kakinada-CD4918
6355,sharma tea,12100,13,309,$0.23,4,19,https://www.district.in/dining/kolkata/sharma-tea-kidderpore
6356,restaurant harigarh,12100,22,39,$0.04,3,22,https://www.district.in/dining/udaipur/hari-garh-restaurant-chandpole
6357,resorts in bangalore for day outing,22200,100,25,$0.18,71,19,https://www.district.in/activities/bengaluru-activity-tickets/
6358,rebel singer,12100,21,67,$0,1,49,https://www.district.in/events/reble/artist
6359,rcity mall inox,8100,3,1177,$0.10,4,21,https://www.district.in/movies/inox-r-city-ghatkopar-w-mumbai-in-mumbai-CD1013613
6360,pvr cinemas dwarka sector 21,12100,2,1960,$0.06,4,19,https://www.district.in/movies/pvr-pacific-d21-dwarka-new-delhi-in-gurgaon-CD1022287
6361,punjab vs haryana,12100,20,67,$0,1,23,https://www.district.in/events/punjab-kings-team
6362,pomodoro bandra,12100,13,238,$0,1,23,https://www.district.in/dining/mumbai/pomodoro-pasta-coffee-bar-pali-hill-bandra-west
6363,time zone near me,9900,12,238,$0.07,4,20,https://www.district.in/events/timezone-south-city-mall-kolkata-buy-tickets
6364,the biere club hsr layout,9900,7,797,$0.26,5,17,https://www.district.in/dining/bangalore/the-biere-club-hsr-bangalore
6365,thalassery cafe,9900,10,567,$0.14,3,22,https://www.district.in/dining/bangalore/thalassery-cafe-new-bel-road-bangalore
6366,mahalaxmi cinema hyderabad,9900,1,3678,$0.16,2,18,https://www.district.in/movies/mahalaxmi-complex-kothapet-hyderabad-in-hyderabad-CD1052124
6367,lucknow tunday kababi,9900,29,27,$0,1,15,https://www.district.in/dining/lucknow/tunday-kababi-2-aminabad
6368,logo for kabaddi,12100,42,25,$0,1,27,https://www.district.in/
6369,leaping windows versova,9900,16,136,$0.18,3,23,https://www.district.in/dining/leapingwindows
6370,la patron cafe,9900,56,25,$0.05,6,24,https://www.district.in/dining/ahmedabad/patron-naroda
6371,kailas bhel food court,12100,8,567,$0.14,1,22,https://www.district.in/dining/pune/kailas-bhel-shivapur
6372,just friends movies,12100,61,25,$0.01,1,49,https://www.district.in/events/bhajan-jamming-with-gk-das-friends-may16-2026-buy-tickets
6373,jalsa hd movie,12100,22,29,$0,1,32,https://www.district.in/movies/guntur-movie-tickets
6374,inox vr surat,12100,2,1960,$0.02,4,21,https://www.district.in/movies/inox-vr-surat-dumas-road-surat-in-surat-CD1020707
6375,india women vs south africa women tickets,12100,29,25,$0.04,16,38,https://www.district.in/events/womens-premier-league-2026-team
6376,pebble bangalore,14800,8,797,$0.09,4,24,https://www.district.in/dining/bangalore/pebble-the-jungle-lounge-sadashiv-nagar-bangalore
6377,patang the film,8100,9,408,$0.24,1,24,https://www.district.in/movies/patang-movie-tickets-MV209388
6378,patang movie,14800,12,238,$0.08,1,28,https://www.district.in/movies/patang-movie-tickets-in-rath-MV209388
6379,param sundari movie download,12100,9,408,$0.16,1,23,https://www.district.in/movies/param-sundari-movie-tickets-MV186420
6380,out n beyond cafe & bistro,12100,7,567,$0.07,4,21,https://www.district.in/dining/kolkata/out-n-beyond-cafe-bistro-sector-2-salt-lake
6381,ny cinemas surendranagar,12100,4,797,$0,1,20,https://www.district.in/movies/devgn-cinex-formerly-ny-surendranagar-in-surendranagar-CD62131
6382,new movie in theatre,12100,5,797,$0.01,3,9,https://www.district.in/movies/
6383,new film list,12100,8,408,$0.06,1,88,https://www.district.in/movies/upcoming-hindi-movies
6384,nagar kumar,12100,19,67,$0.18,5,35,https://www.district.in/dining/ahmedabad/kumars-the-taste-of-sweet-india-mani-nagar
6385,muskaan hotel,12100,20,39,$0.28,5,22,https://www.district.in/dining/dehradun/new-muskan-hotel-majra
6386,mr x tamil movie,12100,9,797,$0.12,1,24,https://www.district.in/movies/mr-x-movie-tickets-MV162388
6387,movies in jodhpur,9900,2,1960,$0.01,1,22,https://www.district.in/movies/jodhpur-movie-tickets
6388,movie new list,12100,10,238,$0.14,1,81,https://www.district.in/movies/upcoming-movies
6389,movie listing,12100,4,1960,$3,1,78,https://www.district.in/movies/bengaluru-movie-tickets
6390,mini punjab,12100,17,110,$0.12,2,21,https://www.district.in/dining/mumbai/mini-punjab-live-kitchen-mira-road
6391,mi vs srh 2026,12100,7,567,$0,1,20,https://www.district.in/events/screening-of-mi-vs-srh-tata-ipl-2026-apr29-2026-buy-tickets
6392,mi vs kkr tickets,12100,4,797,$0.11,1,27,https://www.district.in/events/ipl-ticket-booking
6393,mgb felicity mall nellore,12100,7,408,$0.28,3,17,https://www.district.in/movies/parvi-cinemas-mgb-nellore-in-nellore-CD1101388
6394,maryada ramanna multi cusine restaurant,12100,13,136,$0.16,4,17,https://www.district.in/dining/hyderabad/maryada-ramanna-restaurant-kothaguda
6395,district eoffice,9900,41,25,$0,1,15,https://link.district.in/DSTRKT/slOne8
6396,diamond plaza pvr,12100,3,1177,$0.09,1,20,https://www.district.in/movies/pvr-diamond-plaza-jassore-road-kolkata-in-kolkata-CD1020735
6397,dhurandhar the revenge cast,320,10,309,$0,1,28,https://www.district.in/movies/dhurandhar-the-revenge-movie-tickets-in-naidupeta-MV211577
6398,dhirendra movie,9900,7,64,$0.05,1,29,https://www.district.in/movies/dhurandhar-movie-tickets-in-kolkata-MV201380
6399,delhi se andheri,14800,14,110,$0.23,4,18,https://www.district.in/dining/mumbai/delhi-se-oshiwara
6400,dadar nakshatra mall,12100,2,1960,$0.13,2,17,https://www.district.in/movies/inox-nakshatra-mall-dadar-w-mumbai-in-greater-mumbai-CD1013609
6401,csk versus,8100,38,25,$0,1,23,https://www.district.in/events/tata-ipl-2026-match-48--delhi-capitals-vs-chennai-super-kings-buy-tickets
6402,crystal mall in rajkot,12100,10,309,$0.20,2,20,https://www.district.in/movies/movie-time-crystal-mall-kalawad-road-rajkot-in-rajkot-CD1040088
6403,cream centre juhu,9900,9,309,$0.15,3,19,https://www.district.in/dining/mumbai/cream-centre-vegetarian-legacy-since-1958-juhu
6404,cinepolis bsr mall,9900,2,1960,$0.13,7,19,https://www.district.in/movies/cinepolis-bsr-mall-omr-thoraipakkam-chennai-in-chennai-CD9505
6405,cinema theatres in trichy,12100,14,181,$0.01,1,24,https://www.district.in/movies/upcoming-movies-in-trichy
6406,igloos rooftop restaurant,9900,9,567,$0.30,5,21,https://www.district.in/dining/chennai/igloos-koyambedu
6407,hyderabad delhi,12100,19,61,$0.29,38,52,https://www.district.in/events/tata-ipl-2026-match-31-sunrisers-hyderabad-vs-delhi-capitals-buy-tickets
6408,havfun trampoline park,12100,4,1960,$0.04,4,25,https://www.district.in/events/havfun-trampoline-park-chennai-2026-buy-tickets
6409,gold cinema santacruz,12100,2,1960,$0.12,3,21,https://www.district.in/movies/gold-cinema-santacruz-w-mumbai-in-greater-mumbai-CD1017731
6410,golbari,9900,11,309,$0.24,2,22,https://www.district.in/dining/kolkata/golbari-shyam-bazar
6411,go karting noida,12100,3,1960,$0.04,11,20,https://www.district.in/events/formula-karting-noida-2025-buy-tickets
6412,gaur city mall pvr,12100,4,1177,$0.23,1,20,https://www.district.in/movies/pvr-gaur-city-gaur-city-mall-greater-noida-in-new-delhi-CD1025087
6413,fun mall movies,12100,3,1960,$0.01,1,37,https://www.district.in/movies/cinepolis-fun-cinema-republic-mall-peelamedu-coimbatore-in-coimbatore-CD135
6414,fun mall coimbatore movies,12100,3,1177,$0.01,1,25,https://www.district.in/movies/cinepolis-fun-cinema-republic-mall-peelamedu-coimbatore-in-coimbatore-CD135
6415,foo andheri,12100,20,52,$0.54,4,22,https://www.district.in/dining/mumbai/foo-asian-tapas-oshiwara
6416,fisherman's hook,12100,3,1960,$0.01,88,22,https://www.district.in/dining/mumbai/fishermans-hook-malad-west
6417,best latest movies,12100,20,52,$1.05,1,62,https://www.district.in/movies/
6418,battle of galwan movie,12100,10,309,$0,1,32,https://www.district.in/movies/battle-of-galwan-movie-tickets-MV201390
6419,barbeque ville wakad,12100,8,797,$0.10,4,24,https://www.district.in/dining/pune/barbeque-ville-wakad
6420,aquarium paradise photos,12100,8,1960,$0.14,1,34,https://www.district.in/events/aquarium-paradise-bengaluru-2025-buy-tickets
6421,angel cinema,12100,5,1960,$0,1,21,https://www.district.in/movies/angel-cinema-varachha-surat-in-surat-CD28486
6422,anand stall,12100,12,408,$0.14,3,24,https://www.district.in/dining/mumbai/anand-stall-vile-parle-east
6423,ahluwalia's the great mall of kota,9900,4,1177,$0.08,5,21,https://www.district.in/movies/inox-ahluwalias-great-mall-dhanmandi-kota-in-kota-CD1019919
6424,civil lines social,12100,6,797,$0.26,2,22,https://www.district.in/dining/ncr/civil-lines-social-civil-lines-new-delhi
6425,cast of diesel 2025 film,12100,6,1177,$0,1,28,https://www.district.in/movies/diesel-movie-tickets-MV190440
6426,cast of akhanda 2 thaandavam,12100,11,238,$0,1,25,https://www.district.in/movies/akhanda-2-thaandavam-2025-movie-tickets-MV179673
6427,bookmyshow dibrugarh,12100,21,29,$0,1,21,https://www.district.in/movies/dibrugarh-movie-tickets
6428,vgp marine kingdom ticket,12100,5,797,$0.15,13,13,https://www.district.in/events/vgp-marine-kingdom--chennai-buy-tickets
6429,vanas,12100,7,797,$0.24,1,22,https://www.district.in/dining/mangalore/vanas-mallikatte
6430,trichy city cinemas,12100,9,408,$0,1,23,https://www.district.in/movies/upcoming-movies-in-trichy
6431,trichy cinema,12100,8,567,$0,1,26,https://www.district.in/movies/upcoming-movies-in-trichy
6432,tribanadhari barbarik movie,9900,12,309,$0,1,22,https://www.district.in/movies/tribanadhari-barbarik-movie-tickets-in-leh-MV187291
6433,trampoline park noida,12100,12,408,$0.25,7,19,https://www.district.in/events/skyjumper-amusement-park-spectrum-mall-noida-buy-tickets
6434,todays movie show,9900,7,567,$0.02,2,16,https://www.district.in/movies/pune-movie-tickets
6435,theatre in trichy,12100,16,90,$0.01,1,25,https://www.district.in/movies/trichy-movie-tickets
6436,the exotic shawarma,12100,11,797,$0.05,3,21,https://www.district.in/dining/hyderabad/the-exotic-shawarma-attapur
6437,nakshatra dadar,12100,2,1960,$0.11,3,20,https://www.district.in/movies/inox-nakshatra-mall-dadar-w-mumbai-in-greater-mumbai-CD1013609
6438,mumbai film city,12100,13,181,$0.25,2,26,https://www.district.in/events/mumbai-filmcity-tour-with-bollywood-park-2025-buy-tickets
6439,movie theatre chennai,12100,8,567,$0.01,1,43,https://www.district.in/movies/cinemas-in-chennai
6440,movie theater kingston,14800,33,25,$0.56,1,29,https://www.district.in/movies/cinema-near-me
6441,movie now,12100,4,1960,$0.02,2,46,https://www.district.in/movies/
6442,mgb felicity mall,12100,4,1177,$0.33,8,17,https://www.district.in/movies/parvi-cinemas-mgb-nellore-in-indukurpet-CD1101388
6443,manam mess,12100,7,797,$0.12,5,27,https://www.district.in/dining/puducherry/manam-mess-1-heritage-town
6444,malayalam upcoming movies,12100,3,1177,$0,1,16,https://www.district.in/movies/upcoming-malayalam-movies
6445,maji sagar restaurant tardeo,12100,9,567,$0.14,2,21,https://www.district.in/dining/mumbai/maji-sagar-1-tardeo
6446,luck dhaba,9900,9,567,$0.14,1,19,https://www.district.in/dining/moradabad/new-punjabi-lucky-dhaba-moradabad-locality
6447,list of new movies,12100,8,408,$0.14,1,82,https://www.district.in/movies/upcoming-movies
6448,which movie release today,12100,4,1960,$0.01,1,40,https://www.district.in/movies/upcoming-movies
6449,what to do,12100,5,1960,$0.47,3,31,https://www.district.in/activities/
6450,uttar marathi movie,12100,11,309,$0.18,3,22,https://www.district.in/movies/uttar-movie-tickets-MV209391
6451,ulhasnagar big cinema,12100,2,1960,$0,1,17,https://www.district.in/movies/ulhasnagar-movie-tickets
6452,top movies recent,12100,32,25,$0,1,69,https://www.district.in/movies/new-delhi-movie-tickets
6453,today movies show,12100,6,797,$0.01,1,50,https://www.district.in/movies/
6454,theatres trichy,12100,13,181,$0,1,25,https://www.district.in/movies/trichy-movie-tickets
6455,shiva multiplex,12100,20,32,$0,1,20,https://www.district.in/movies/hyderabad-movie-tickets
6456,shiv kailash pune,12100,4,1960,$0.29,3,30,https://www.district.in/dining/pune/shiv-kailash-camp-area
6457,shetty multiplex gulbarga,14800,2,1960,$0.09,1,21,https://www.district.in/movies/shetty-cinemas-kalaburagi-in-kalaburagi-CD1078694
6458,shetty cinema gulbarga,14800,3,1177,$0.28,1,21,https://www.district.in/movies/shetty-cinemas-kalaburagi-in-kalaburagi-CD1078694
6459,sandwedges,9900,6,797,$0.12,3,19,https://www.district.in/dining/ncr/sandwedges-raj-nagar-ghaziabad
6460,rr ka match kab hai,590,8,408,$0,1,21,https://www.district.in/events/rajasthan-royals-ipl-2026-team
6461,r world inox,12100,2,1960,$0.09,2,22,https://www.district.in/movies/inox-r-world-kasturba-road-rajkot-in-rajkot-CD1030076
6462,quattro bistro lonavala,9900,10,309,$0.03,1,20,https://www.district.in/dining/pune/quattro-bistro-lonavala
6463,pvr mall,12100,6,1177,$0.04,2,22,https://www.district.in/movies/pvr-mall-of-jaipur-vaishali-nagar-jaipur-in-jaipur-CD1024434
6464,pvp mall,14800,10,309,$0.22,6,20,https://www.district.in/movies/cinepolis-pvp-square-mogalrajapuram-vijayawada-in-vijayawada-CD155
6465,punha shivaji raje bhosale,12100,10,408,$0,1,23,https://www.district.in/movies/punha-shivajiraje-bhosale-movie-tickets-in-vele-MV208027
6466,places to go in delhi with friends,12100,11,408,$0.10,6,32,https://www.district.in/activities/
6467,pjp cinema,9900,6,1177,$0.06,1,21,https://www.district.in/movies/pjp-cinepolis-city-centre-mall-mauja-in-jamshedpur-CD26785
6468,pihu baug menu,12100,4,1177,$0,1,24,https://www.district.in/dining/ahmedabad/pihu-baug-gota
6469,patriot malayalam movie release date,9900,7,797,$0,1,21,https://www.district.in/movies/patriot-movie-tickets-MV207412
6470,palazzo in chennai,12100,3,1177,$0.03,1,23,https://www.district.in/movies/pvr-palazzo-the-nexus-vijaya-mall-chennai-in-chennai-CD1022274
6471,olan restaurant wayanad,12100,42,25,$0.01,1,19,https://www.district.in/dining/kalpetta/olan-restaurant-kalpetta-locality
6472,gokulam restaurant,12100,17,90,$0,2,22,https://www.district.in/dining/mysore/gokulam-restaurant-gokulam
6473,glow cafe,12100,11,309,$0,8,24,https://www.district.in/dining/chennai/glow-cafe-2-nungambakkam
6474,fun mall movie,12100,4,1177,$0.01,1,26,https://www.district.in/movies/cinepolis-fun-cinema-republic-mall-peelamedu-coimbatore-in-coimbatore-CD135
6475,freesia by express inn,9900,33,25,$0.45,9,20,https://www.district.in/dining/mumbai/freesia-by-express-inn-boisar
6476,famous studios,14800,40,25,$0,6,24,https://www.district.in/dining/mumbai/famous-digital-studios-private-limited-kurla
6477,famous studio,12100,39,25,$0.05,5,39,https://www.district.in/dining/mumbai/famous-digital-studios-private-limited-kurla
6478,korkai,9900,11,408,$0.06,2,22,https://www.district.in/dining/chennai/korkai-injambakkam
6479,khan market cafe,12100,17,71,$0.01,1,24,https://www.district.in/dining/ncr/cafe-delhi-heights-khan-market-new-delhi
6480,jimis burger vashi,12100,8,797,$0.21,4,22,https://www.district.in/dining/mumbai/jimis-burger-vashi-navi-mumbai
6481,ivory by the lake,12100,7,797,$0.13,3,18,https://www.district.in/dining/bangalore/ivory-by-the-lake-craft-kitchen-and-bar-rajarajeshwari-nagar-bangalore
6482,inox kolkata quest mall,12100,3,1177,$0.14,1,20,https://www.district.in/movies/inox-quest-mall-ballygunge-kolkata-in-kolkata-CD1020727
6483,indore best restaurants,12100,78,25,$0.03,4,25,https://www.district.in/movies/
6484,imperial multi cuisine restaurant,12100,10,408,$0.07,2,19,https://www.district.in/dining/hyderabad/imperial-multicuisine-restaurant-tolichowki
6485,i belonged to your world,18100,66,25,$0.05,2,11,https://www.district.in/events/queer-open-mic-at-3-art-house-may17-2026-buy-tickets
6486,hotel shubham palace narsingi,9900,21,32,$0.17,17,19,https://www.district.in/dining/hyderabad/hotel-shubham-palace-gandipet
6487,hotel abhishek,9900,20,52,$0.20,1,22,https://www.district.in/dining/rohtak/abhishek-hotel-rohtak-locality
6488,horror places in delhi,14800,65,25,$0.23,1,9,https://www.district.in/movies/
6489,hindi film release today,9900,11,181,$0.02,1,52,https://www.district.in/movies/upcoming-hindi-movies
6490,guntakal andhra pradesh,9900,30,26,$0,1,18,https://www.district.in/movies/guntakal-movie-tickets
6491,divya cinema,12100,15,90,$0.02,3,24,https://www.district.in/movies/divyaa-movie-tickets-in-kadi-MV216925
6492,dharam palace mall noida,12100,2,1960,$0.19,3,37,https://www.district.in/movies/movietime-dharam-palace-mall-noida-in-new-delhi-CD1040157
6493,dharam palace mall,12100,2,1960,$0.18,4,21,https://www.district.in/movies/movietime-dharam-palace-mall-noida-in-new-delhi-CD1040157
6494,desi lane,12100,16,110,$0,1,22,https://www.district.in/dining/kolkata/desi-lane-topsia
6495,dc squad 2026,14800,35,25,$0,1,21,https://www.district.in/events/screening-of-rcb-vs-dc-tata-ipl-2026-apr18-2026-buy-tickets
6496,dadan handi mutton,12100,42,25,$0.04,5,32,https://www.district.in/dining/patna/dadan-handi-meat-rukanpura
6497,city gold motera ahmedabad,12100,3,1177,$0,1,20,https://www.district.in/movies/city-gold-motera-in-ahmedabad-CD1102112
6498,cinemas coimbatore,12100,7,797,$0.03,1,38,https://www.district.in/movies/coimbatore-movie-tickets
6499,cinema theatres in chennai,12100,5,1960,$0.04,1,46,https://www.district.in/movies/chennai-movie-tickets
6500,cine,12100,61,25,$0,1,63,https://www.district.in/movies/cine-square-cinemas-tirupati-nagar-indore-in-indore-CD19107
6501,china pearl china,12100,9,797,$0.06,4,19,https://www.district.in/dining/kolkata/china-pearl-tangra
6502,china pearl,12100,12,238,$0.07,4,20,https://www.district.in/dining/bangalore/china-pearl-kalyan-nagar-bangalore
6503,cast of pride and prejudice 2005,12100,26,29,$0,1,59,https://www.district.in/movies/pride-and-prejudice-2005-movie-tickets-MV202886
6504,brahma garden restaurant,12100,35,25,$0.20,3,21,https://www.district.in/dining/pune/brahma-pure-veg-sinhgad-road
6505,bookmyshow kothamangalam,12100,23,27,$0,1,21,https://www.district.in/movies/malayalam-movies-tickets-in-kothamangalam
6506,booking taj mahal ticket,12100,4,797,$0.49,3,22,https://www.district.in/events/taj-mahal-monument-buy-tickets
6507,bombay lassi,12100,20,67,$0.11,3,24,https://www.district.in/dining/chennai/bombay-classic-lassi-gst-road
6508,biriyani zone,12100,13,181,$0.38,3,22,https://www.district.in/dining/bangalore/biriyani-zone-marathahalli
6509,best movies latest,12100,17,67,$1.05,1,63,https://www.district.in/movies/
6510,benne dosa bandra,9900,9,797,$0,1,24,https://www.district.in/dining/mumbai/benne-pali-hill-bandra-west
6511,bangalore canteen,12100,7,1177,$0.05,2,22,https://www.district.in/dining/pune/bangalore-canteen-1-karve-nagar
6512,baba dairy,12100,13,238,$0.13,2,24,https://www.district.in/dining/chandigarh/baba-dairy-sector-21
6513,altaf cafe,9900,37,25,$0.01,1,25,https://www.district.in/dining/manipal/altafs-cafe-vidyaratna-nagar
6514,adyar ananda,12100,16,136,$0.21,4,21,https://www.district.in/dining/chennai/a2b-adyar-ananda-bhavan-adyar
6515,12 fail cast,12100,8,567,$0,1,30,https://www.district.in/movies/12th-fail-2023-movie-tickets-in-mumbai-MV165204
6516,11th avenue cafe bistro,12100,9,408,$0.02,2,24,https://www.district.in/dining/guwahati/11th-avenue-cafe-bistro-1-six-mile
6517,telugu matter,9900,40,25,$0,1,60,https://www.district.in/movies/anantapur-movie-tickets
6518,tandoor park,12100,16,136,$0,2,22,https://www.district.in/dining/kolkata/tandoor-park-dhakuria
6519,taiki,12100,12,309,$0.17,3,37,https://www.district.in/dining/bangalore/taiki-hsr-bangalore
6520,svc mahalakshmi,12100,1,3678,$0.23,4,15,https://www.district.in/movies/mahalaxmi-complex-kothapet-hyderabad-in-hyderabad-CD1052124
6521,surajkund in faridabad,12100,19,67,$0.14,2,37,https://www.district.in/events/suraj-kund-buy-tickets
6522,super duper marathi movie,880,8,797,$0.12,1,24,https://www.district.in/movies/super-duperr-movie-tickets-MV215398
6523,sudarshan 35,12100,2,1960,$0,1,19,https://www.district.in/movies/sudarshan-35mm-4k-laser-dolby-atmos-rtc-x-roads-hyderabad-in-hyderabad-CD1065725
6524,street arabiya ganapathy,9900,9,567,$0.11,3,19,https://www.district.in/dining/coimbatore/street-arabiya-ganapathy
6525,soulspace spirit,14800,5,567,$0.27,8,19,https://www.district.in/movies/pvr-central-spirit-mall-bellandur-bengaluru-in-bengaluru-CD1022298
6526,soul bistro & lounge,9900,19,71,$0.09,6,17,https://www.district.in/dining/udaipur/soul-pichola
6527,sobremesa,12100,6,797,$0,1,21,https://www.district.in/dining/hyderabad/sobremesa-bakehouse-cafe-kitchen-jubilee-hills
6528,skydeck rr nagar,9900,12,238,$0.09,3,22,https://www.district.in/dining/bangalore/skydeck-resto-pub-kitchen-rajarajeshwari-nagar-bangalore
6529,sky mall,9900,7,1177,$0.22,3,39,https://www.district.in/movies/movietime-cinemas-sky-mall-erragadda-x-road-hyderabad-in-hyderabad-CD1040594
6530,mangal city mall,12100,6,567,$0.14,6,20,https://www.district.in/movies/mangal-multiplex-vijay-nagar-indore-in-indore-CD1015630
6531,maji sagar,12100,10,309,$0.14,2,21,https://www.district.in/dining/mumbai/maji-sagar-1-tardeo
6532,latest movies name,12100,16,90,$0,1,61,https://www.district.in/movies/upcoming-movies
6533,latest movies 2025,9900,28,25,$0,1,54,https://www.district.in/movies/upcoming-movies
6534,latest malayalam movies list,12100,12,136,$0,1,64,https://www.district.in/movies/upcoming-malayalam-movies
6535,kuuraku brigade road bangalore,12100,9,567,$0,3,23,https://www.district.in/dining/bangalore/kuuraku-brigade-road-bangalore
6536,krishna avatar,6600,5,1960,$0.01,1,20,https://www.district.in/movies/krishnavataram-part-1-the-heart-hridayam-movie-tickets-MV219513
6537,khan market cafes,12100,22,52,$0,1,16,https://www.district.in/dining/ncr/cafe-delhi-heights-khan-market-new-delhi
6538,vrindavan dhaba bhopal,12100,9,567,$0.04,6,19,https://www.district.in/dining/bhopal/vrindavan-dhaba-hoshangabad-road
6539,vinay cinema adipur,12100,2,1960,$0,1,20,https://www.district.in/movies/roongta-vinay-cinema-adipur-gandhidham-in-gandhidham-CD1053508
6540,vijay hazare trophy delhi matches,9900,32,25,$0.08,1,23,https://www.district.in/
6541,trichy cinemas,12100,10,408,$0,1,21,https://www.district.in/movies/upcoming-movies-in-trichy
6542,tracking jaipur golden,12100,61,25,$0,1,13,https://www.district.in/
6543,yumma swami,8100,8,309,$0.11,4,23,https://www.district.in/dining/pune/yumma-swami-camp-area
6544,mumbai film city mumbai,12100,16,238,$0.11,1,24,https://www.district.in/events/mumbai-filmcity-tour-with-bollywood-park-2025-buy-tickets
6545,msx mall in greater noida,12100,3,1177,$0.17,3,21,https://www.district.in/movies/msx-cinemas-greater-noida-in-greater-noida-CD1092168
6546,movie in madurai,12100,4,1177,$0,1,16,https://www.district.in/movies/madurai-movie-tickets
6547,middle class movie,12100,15,181,$0.18,1,26,https://www.district.in/movies/middle-class-movie-tickets-MV208925
6548,mcdonald's mg road bangalore,12100,5,797,$0.07,1,20,https://www.district.in/dining/bangalore/mcdonalds-mg-road
6549,top movies 10,12100,32,25,$0,1,71,https://www.district.in/movies/
6550,today movie releases bollywood,480,4,1177,$0,1,79,https://www.district.in/movies/upcoming-hindi-movies
6551,things to do in ahmedabad,12100,5,1960,$0.12,35,21,https://www.district.in/activities/things-to-do-in-ahmedabad
6552,the sassy spoon,9900,27,29,$0.13,5,38,https://www.district.in/dining/pune/the-sassy-spoon-koregaon-park
6553,the bullet train movie,12100,19,67,$0,1,69,https://www.district.in/movies/bullet-train-movie-tickets-MV146350
6554,tgi fridays,12100,12,309,$0.06,1,22,https://www.district.in/dining/ncr/tgi-fridays-vasant-kunj-new-delhi
6555,taj mahal ticket price,12100,5,1177,$0.29,2,39,https://www.district.in/events/taj-mahal-monument-buy-tickets
6556,surajkund faridabad,12100,19,67,$0,5,23,https://www.district.in/events/suraj-kund-buy-tickets
6557,siliguri city centre,12100,18,110,$0,1,16,https://www.district.in/movies/inox-city-centre-matigara-siliguri-in-siliguri-CD1030074
6558,sangeetha restaurant adyar,12100,7,408,$0.33,6,28,https://www.district.in/dining/chennai/sangeetha-veg-restaurant-adyar
6559,roastery coffee house hyderabad,5400,12,181,$0,1,6,https://www.district.in/dining/hyderabad/roastery-coffee-house-1-banjara-hills
6560,restaurant green leaf,12100,27,29,$0.03,2,22,https://www.district.in/dining/ncr/green-leaf-restaurant-2-manesar-gurgaon
6561,raghavendra nagar,12100,47,25,$0.16,5,18,https://www.district.in/play/ra-square-sports-arena-cricket-football-pickleball-gaddi-annaram-hyderabad-slots-booking
6562,pvr cinemas cp67 mall,9900,3,1177,$0.08,3,20,https://www.district.in/movies/pvr-cp67-mall-sector-67-mohali-in-mohali-CD1015096
6563,pss tenkasi,12100,5,797,$0.08,1,20,https://www.district.in/movies/pss-multiplex-railway-feeder-road-tenkasi-in-tenkasi-CD1037510
6564,priyadarshini veg,9900,7,797,$0.14,3,19,https://www.district.in/dining/bangalore/priyadarshini-veg-1-sarjapur-road-bangalore
6565,priyadarshini restaurant,9900,11,408,$0.07,1,22,https://www.district.in/dining/bangalore/priyadarshini-restaurant-majestic
6566,places to visit with friends in delhi,1000,11,238,$0,5,7,https://www.district.in/activities/
6567,pizza artist,12100,27,29,$0.17,5,21,https://www.district.in/dining/bangalore/chef-art-pizza-1-btm-bangalore
6568,koa cafe,12100,22,52,$0.07,3,20,https://www.district.in/dining/vadodara/koa-cafe-1-bhayli
6569,jockey movie 2026,9900,13,309,$0,1,23,https://www.district.in/movies/jockey-movie-tickets-MV207067
6570,j's near me,12100,21,29,$0.19,1,19,https://www.district.in/dining/ludhiana/js-foods-ludhiana-junction
6571,iris cafe hsr,9900,8,797,$0.08,5,20,https://www.district.in/dining/bangalore/iris-cafe-hsr-bangalore
6572,ideal kitchen,12100,9,797,$0.15,3,38,https://www.district.in/dining/hyderabad/ideal-kitchen-l-b-nagar
6573,hubli pvr,9900,2,1960,$0.06,1,20,https://www.district.in/movies/pvr-inorbit-mall-hubli-in-hubli-CD1102225
6574,hotel sidheshwari ashram,9900,13,238,$0.18,3,23,https://www.district.in/dining/kolkata/hotel-sidheshwari-ashram-new-market-area
6575,hotel ngt non veg,12100,9,797,$0.10,3,19,https://www.district.in/dining/bangalore/hotel-n-g-t-non-veg-rajarajeshwari-nagar-bangalore
6576,hotel jubilee ridge hyderabad,12100,17,67,$0.32,16,20,https://www.district.in/dining/hyderabad/hotel-jubilee-ridge-jubilee-hills
6577,hotel ashoka egmore,12100,16,71,$0.14,11,20,https://www.district.in/dining/chennai/hotel-ashoka-abhinandan-egmore
6578,hillstar restaurant,12100,8,797,$0.17,3,22,https://www.district.in/dining/hyderabad/hillstar-restaurant-khairatabad
6579,high street mall thane west,12100,5,797,$0,1,20,https://www.district.in/movies/cinepolis-high-street-mall-thane-formerly-cinema-star-high-street-mumbai-in-mumbai-CD1027253
6580,hfm highway food mall,12100,47,25,$0,1,29,https://www.district.in/dining/limbdi/mcdonalds-limbdi-locality
6581,hebbal social,9900,6,797,$0.21,5,20,https://www.district.in/dining/bangalore/hebbal-social-hebbal-bangalore
6582,grounded cafe,9900,8,567,$0.13,6,23,https://www.district.in/dining/chennai/grounded-cafe-by-the-hawk-anna-nagar-east
6583,garv pride and honour,12100,15,181,$0,1,32,https://www.district.in/movies/garv-pride-and-honour-2004-movie-tickets-MV172252
6584,galleria market in gurgaon,12100,64,25,$0.04,1,25,https://www.district.in/stores/
6585,fun city big cinema,9900,4,797,$0.15,2,21,https://www.district.in/movies/ulhasnagar-movie-tickets
6586,four points by sheraton bengaluru whitefield,9900,45,25,$0.55,18,13,https://www.district.in/dining/bangalore/the-eatery-four-points-by-sheraton-bengaluru-whitefield-bangalore
6587,foo nesco,12100,11,181,$0.24,5,18,https://www.district.in/dining/mumbai/foo-asian-tapas-goregaon-east
6588,filmy file movies,12100,33,25,$0,1,29,https://www.district.in/movies/upcoming-hindi-movies
6589,fat fish anjuna,12100,7,797,$0.07,4,19,https://www.district.in/dining/goa/fat-fish-anjuna-anjuna
6590,captain kunafa,9900,10,567,$0.10,3,21,https://www.district.in/dining/hyderabad/captain-kunafa-sainikpuri-secunderabad
6591,bookmyshow ulhasnagar,12100,23,27,$0,1,21,https://www.district.in/movies/ulhasnagar-movie-tickets
6592,bookmyshow hajipur,9900,21,32,$0.01,1,21,https://www.district.in/movies/hajipur-movie-tickets
6593,bombay lassi triplicane,12100,32,25,$0.15,2,22,https://www.district.in/dining/chennai/zambazzar-lassi-shop-triplicane
6594,bismil,12100,13,181,$0,1,31,https://www.district.in/events/bismil/artist
6595,big yellow door,14800,11,408,$3.48,2,18,https://www.district.in/dining/ncr/big-yellow-door-satyaniketan-new-delhi
6596,big cinema ulhasnagar,12100,2,1960,$0,1,17,https://www.district.in/movies/ulhasnagar-movie-tickets
6597,bento b,9900,10,309,$0.14,3,31,https://www.district.in/dining/vadodara/bento-b-1-nizampura
6598,barcelona vs madrid live,18100,7,797,$0.07,1,40,https://www.district.in/events/watch-el-clsico-live-at-smaaash-real-madrid-vs-fc-barcelona-mumbai-may9-2026-buy-tickets
6599,bala cinema,9900,13,136,$0.01,1,42,https://www.district.in/movies/mythri-theatres-vimal-70mm-ac-4k-laser-dolby-atmos-balanagar-newly-renovated-hyderabad-in-hyderabad-CD1039848
6600,art resort goa,9900,30,25,$0.29,31,22,https://www.district.in/dining/goa/art-resort-palolem
6601,anand theatre thane,9900,8,238,$0.17,1,22,https://www.district.in/movies/thane-movie-tickets
6602,althaf food court,12100,15,136,$0.07,2,21,https://www.district.in/dining/chennai/althaf-food-court-t-nagar
6603,alankar veg restaurant,12100,12,181,$0.06,1,25,https://www.district.in/dining/trivandrum/alankar-pure-veg-restaurant-thycaud
6604,action tamil movie,14800,44,25,$0,1,17,https://www.district.in/movies/mr-x-movie-tickets-MV162388
6605,3 wise monkeys,9900,5,1177,$0.15,3,24,https://www.district.in/dining/mumbai/3-wise-monkeys-khar
6606,145 kala ghoda,12100,9,408,$0.28,3,22,https://www.district.in/dining/mumbai/145-kala-ghoda-churchgate
6607,films in mysore,12100,4,1177,$0.01,1,35,https://www.district.in/movies/mysuru-movie-tickets
6608,elite cinema hisar,9900,4,797,$0.01,1,21,https://www.district.in/movies/elite-cinemas-railway-road-hisar-in-hisar-CD1045235
6609,dhurandhar movie near me,12100,3,1960,$0.02,6,21,https://www.district.in/movies/dhurandhar-the-revenge-movie-tickets-in-hyderabad-MV211577
6610,dhurandhar 2 wiki,12100,15,71,$0,1,31,https://www.district.in/movies/dhurandhar-the-revenge-movie-tickets-in-vele-MV211577
6611,dhandoraa,12100,11,567,$0,1,36,https://www.district.in/movies/dhandoraa-movie-tickets-MV209997
6612,devil the british secret agent,14800,12,309,$0,1,9,https://www.district.in/movies/devil-the-british-secret-agent-2023-movie-tickets-MV143942
6613,devdas 2002 cast,14800,13,181,$0,1,42,https://www.district.in/movies/devdas-2002-movie-tickets-MV158305
6614,crown mall,9900,2,1960,$0.36,1,33,https://www.district.in/movies/inox-lucknow-crown-mall-faizabad-road-lucknow-in-lucknow-CD1023483
6615,copper chimney worli,9900,8,309,$0.08,6,20,https://www.district.in/dining/copper-worli
6616,cinepolis modi mall,12100,3,1177,$0.10,4,20,https://www.district.in/movies/cinepolis-modi-mall-formerly-spice-mall-noida-in-noida-CD3134
6617,china pearl chinese,12100,9,408,$0.06,4,18,https://www.district.in/dining/kolkata/china-pearl-tangra
6618,chennai super kings vs,12100,3,1960,$0,1,38,https://www.district.in/events/tata-ipl-2026-match-37--chennai-super-kings-vs-gujarat-titans-buy-tickets
6619,cast of padayappa,6600,11,181,$0,1,23,https://www.district.in/movies/padayappa-1999-movie-tickets-MV211242
6620,toy room delhi,12100,9,567,$0,2,17,https://www.district.in/dining/ncr/toy-room-aloft-hotel-aerocity-new-delhi
6621,theatre trichy,12100,12,181,$0,1,25,https://www.district.in/movies/trichy-movie-tickets
6622,the serra rooftop cafe,12100,11,309,$0.03,3,20,https://www.district.in/dining/kolkata/serra-cafe-sector-5-salt-lake
6623,the living room coimbatore,12100,9,567,$0.22,6,24,https://www.district.in/dining/coimbatore/the-living-room-peelamedu
6624,the barnyard co,8100,8,567,$0,6,17,https://www.district.in/dining/ahmedabad/the-barnyard-co-chandkheda
6625,taj mahal tickets price,12100,9,309,$0.71,1,33,https://www.district.in/events/taj-mahal-monument-buy-tickets
6626,t2 near me,9900,11,136,$0.04,3,32,https://www.district.in/dining/jaipur/t-t-malviya-nagar
6627,sri krishna theatre,12100,6,1177,$0.09,4,21,https://www.district.in/movies/mythri-sri-krishna-theatre-near-rainbow-concept-school-mahbubnagar-in-mahbubnagar-CD1039864
6628,sp grand days,12100,40,25,$0.25,26,22,https://www.district.in/dining/trivandrum/sp-grand-days-thycaud
6629,vimal theater complex,12100,3,1960,$0.12,6,21,https://www.district.in/movies/mythri-theatres-vimal-70mm-ac-4k-laser-dolby-atmos-balanagar-newly-renovated-hyderabad-in-hyderabad-CD1039848
6630,vazha 2 ott release date,4400,31,25,$0,1,25,https://www.district.in/movies/vaazha-ii-biopic-of-a-billion-bros-movie-tickets-MV214231
6631,mirai 2025,9900,12,238,$0,1,37,https://www.district.in/movies/mirai-movie-tickets-MV172573
6632,meesha movie 2025,12100,11,309,$0,1,27,https://www.district.in/movies/meesha-movie-tickets-MV202228
6633,mataam al tur,9900,12,309,$0.13,4,22,https://www.district.in/dining/bangalore/maatam-al-tur-frazer-town-bangalore
6634,mall of asia movies,9900,2,1960,$0.08,1,28,https://www.district.in/movies/inox-megaplex-mall-of-asia-byatarayanapura-bengaluru-in-bengaluru-CD1025975
6635,mahesh prasad veg restaurant,12100,15,110,$0.06,4,10,https://www.district.in/dining/mysore/mahesh-prasad-chamrajpura
6636,love kush sweets,9900,7,797,$0.08,3,18,https://www.district.in/dining/ncr/love-kush-sweets-badarpur-border-faridabad
6637,latest hindi movie release,12100,5,1177,$0.08,1,68,https://www.district.in/movies/upcoming-hindi-movies
6638,latest good movie,12100,21,52,$1.05,1,63,https://www.district.in/movies/
6639,latest film releases hindi,12100,3,1177,$0.12,1,80,https://www.district.in/movies/upcoming-hindi-movies
6640,landlord film,9900,8,567,$0.16,1,35,https://www.district.in/movies/landlord-movie-tickets-in-mau-MV210379
6641,kerala store,12100,18,67,$0.21,2,17,https://www.district.in/movies/the-kerala-story-2-goes-beyond-movie-tickets-MV214234
6642,junior movie release date,9900,10,309,$0,1,44,https://www.district.in/movies/junior-movie-tickets-MV199940
6643,jungle cafe goa,12100,12,309,$0.11,4,23,https://www.district.in/dining/goa/jungle-cafe-porvorim
6644,iron hill hyderabad,12100,18,90,$0.05,3,17,https://www.district.in/dining/hyderabad/ironhill-kukatpally
6645,india national cricket team vs namibia national cricket team tickets,12100,27,25,$0.07,5,21,https://www.district.in/events/?showRedirectionPopup=true
6646,humayun's tomb tickets,14800,4,1960,$0.65,1,13,https://www.district.in/events/humayuns-tomb-buy-tickets
6647,rustom ice cream mumbai,12100,14,181,$0,1,8,https://www.district.in/dining/mumbai/k-rustom-ice-cream-churchgate
6648,restaurants in vashi,14800,43,25,$0.16,2,18,https://www.district.in/movies/cinemas-in-navi-mumbai
6649,restaurant jaipur,12100,27,27,$0.21,10,25,https://www.district.in/
6650,rcb vs srh tickets,12100,2,1960,$0.12,26,24,https://www.district.in/events/screening-of-srh-vs-rcb-tata-ipl-2026-may22-2026-buy-tickets
6651,pvr cinema dwarka sector 21,12100,3,1177,$0.06,5,19,https://www.district.in/movies/pvr-pacific-d21-dwarka-new-delhi-in-gurgaon-CD1022287
6652,pvr cinema diamond plaza,12100,4,797,$0.05,1,21,https://www.district.in/movies/pvr-diamond-plaza-jassore-road-kolkata-in-kolkata-CD1020735
6653,punjabi chaap,1600,20,71,$0,1,19,https://www.district.in/dining/ncr/punjabi-chaap-corner-sainik-colony-faridabad
6654,pjp cinemas,12100,6,1177,$0.01,1,21,https://www.district.in/movies/pjp-cinemas-mall-of-ranchi-ranchi-in-ranchi-CD1012898
6655,oji ramen,8100,8,797,$0.10,2,29,https://www.district.in/dining/chennai/oji-ramen-abhiramapuram
6656,odia new movie,9900,25,27,$0.14,1,15,https://www.district.in/movies/movieex-cinema-balasore-in-balasore-CD1056892
6657,new movies l,12100,19,52,$0.14,1,78,https://www.district.in/movies/upcoming-movies
6658,new movie list,12100,12,136,$5.02,1,62,https://www.district.in/movies/upcoming-hindi-movies
6659,new bengali cinema,12100,9,408,$0.38,1,29,https://www.district.in/movies/bengali-movies-tickets-in-kolkata
6660,new andhra meals valasaravakkam,9900,10,309,$0.13,4,24,https://www.district.in/dining/chennai/new-andhra-meals-hotel-valasaravakkam
6661,namo tandoori chai,9900,13,309,$0.07,3,21,https://www.district.in/dining/jaipur/namo-tandoori-chai-malviya-nagar
6662,nagarjuna chimney jayanagar,9900,8,408,$1.53,6,17,https://www.district.in/dining/bangalore/nagarjuna-chimney-jayanagar
6663,my book,12100,29,25,$0.30,12,21,https://www.district.in/movies/
6664,msx mall,12100,3,1177,$1.19,2,21,https://www.district.in/movies/msx-cinemas-greater-noida-in-greater-noida-CD1092168
6665,mowgli movie 2025,390,13,238,$0,1,25,https://www.district.in/movies/mowgli-movie-tickets-MV186758
6666,movie theater coimbatore,12100,6,1177,$0.03,1,34,https://www.district.in/movies/coimbatore-movie-tickets
6667,movie list south,9900,40,25,$0.14,1,29,https://www.district.in/movies/upcoming-hindi-movies
6668,fun mall cinema,12100,2,1960,$0.01,1,37,https://www.district.in/movies/cinepolis-fun-cinema-republic-mall-peelamedu-coimbatore-in-coimbatore-CD135
6669,dutt gurukripa restaurant,12100,9,408,$0.13,4,21,https://www.district.in/dining/indore/dutt-guru-kripa-south-tukoganj
6670,dust bunny,9900,25,39,$0.03,1,49,https://www.district.in/movies/dust-bunny-movie-tickets-in-karkala-MV206048
6671,hotel o2 oxygen,9900,28,25,$0.09,32,25,https://www.district.in/dining/kolkata/branches-hotel-o2-oxygen-kaikhali
6672,hotel deccan pavilion,12100,56,25,$0.19,20,18,https://www.district.in/dining/pune/deccan-pavilion-sinhgad-road
6673,hidden garden cafe,12100,6,1960,$0.03,1,22,https://www.district.in/dining/agra/the-hidden-garden-cafe-tajganj
6674,good movies to watch bollywood,12100,50,25,$0.01,1,35,https://www.district.in/movies/upcoming-hindi-movies
6675,giri manja,12100,10,309,$0.64,2,27,https://www.district.in/dining/mangalore/giri-manjas-bhavathi
6676,gilt club,9900,13,238,$0.11,4,28,https://www.district.in/dining/pune/gilt-club-kharadi
6677,forum mall hyd,12100,9,567,$0.10,5,24,https://www.district.in/movies/pvr-nexus-mall-formerly-forum-sujana-kukatpally-hyderabad-in-hyderabad-CD1022267
6678,bread and moulds,14800,15,181,$0.01,45,21,https://www.district.in/dining/ncr/bread-and-moulds-pitampura-new-delhi
6679,blue sea tea & snacks,12100,4,1960,$0.20,7,21,https://www.district.in/dining/hyderabad/blue-sea-tea-snacks-railway-station-road-secunderabad
6680,bhoot bangla showtimes,6600,3,1960,$0.01,1,20,https://www.district.in/movies/bhooth-bangla-movie-tickets-in-gurgaon-MV177766
6681,bhabhi ki,12100,6,1177,$0,1,29,https://www.district.in/dining/jaipur/bhabhi-ki-rasoi-durgapura
6682,best dining in chandigarh,14800,25,39,$0.11,2,25,https://www.district.in/
6683,beauty movie 2025,12100,15,110,$0.22,1,24,https://www.district.in/movies/beauty-movie-tickets-MV205761
6684,atindra multiplex,9900,12,181,$0.11,3,20,https://www.district.in/movies/rathindra-multiplex-kolkata-in-kolkata-CD1101366
6685,assi movie taapsee pannu,12100,11,238,$0.19,1,26,https://www.district.in/movies/assi-movie-tickets-MV213944
6686,arti cinemas,12100,6,408,$0.54,2,30,https://www.district.in/dining/durgapur/arti-cinemas-durgapur-locality
6687,ap dhillon concert,6600,4,1960,$0.12,3,15,https://www.district.in/events/ap-dhillon/artist
6688,andhra meals hotel valasaravakkam,12100,10,309,$0.14,3,21,https://www.district.in/dining/chennai/new-andhra-meals-hotel-valasaravakkam
6689,al bait mandi,12100,9,408,$0.13,2,21,https://www.district.in/dining/puducherry/al-bait-mandi-restaurant-mg-road
6690,999 club,9900,26,25,$0.46,1,26,https://www.district.in/events/nightlife-in-gurgaon-book-tickets
6691,diablo noida,12100,9,797,$0.11,2,21,https://www.district.in/events/the-brunch-club-diablo-noida-apr5-2026-buy-tickets
6692,demon slayer infinity castle tickets,12100,3,1960,$0.21,1,37,https://www.district.in/movies/demon-slayer-kimetsu-no-yaiba-infinity-castle-movie-tickets-in-gurgaon-MV191860
6693,d n regalia,12100,5,797,$0,1,22,https://www.district.in/movies/inox-dn-regalia-mall-patrapada-bhubaneswar-in-bhubaneswar-CD1017393
6694,cinema in jodhpur,12100,6,1177,$0.01,1,21,https://www.district.in/movies/jodhpur-movie-tickets
6695,cast of jai bhim,14800,12,238,$0,1,37,https://www.district.in/movies/jai-bhim-movie-tickets-MV202685
6696,cast of detective ujjwalan,12100,8,567,$0,1,26,https://www.district.in/movies/detective-ujjwalan-movie-tickets-MV197024
6697,pvr subhash nagar,12100,2,1960,$0.05,3,21,https://www.district.in/movies/pvr-pacific-subhash-nagar-new-delhi-in-new-delhi-CD1022260
6698,paris panini,12100,11,408,$0.05,1,23,https://www.district.in/dining/bangalore/paris-panini-gourmet-sandwiches-wraps-indiranagar-bangalore
6699,panda plan,12100,9,567,$0.07,1,35,https://www.district.in/movies/panda-plan-movie-tickets-in-gadag-MV178886
6700,new south indian movies list 2026,8100,12,181,$0,1,32,https://www.district.in/movies/upcoming-movies
6701,new movie li,12100,8,567,$0.14,1,75,https://www.district.in/movies/upcoming-movies
6702,new malayalam movies list,9900,12,136,$0,1,7,https://www.district.in/movies/upcoming-malayalam-movies
6703,new andhra meals hotel valasaravakkam,9900,9,309,$0.13,4,24,https://www.district.in/dining/chennai/new-andhra-meals-hotel-valasaravakkam
6704,mumbai pune mumbai film,12100,31,25,$0.13,1,40,https://www.district.in/movies/
6705,mr chai,12100,15,181,$0.08,1,22,https://www.district.in/dining/hyderabad/mr-chai-narapally
6706,movie elante,12100,4,797,$0.01,2,21,https://www.district.in/movies/pvr-elante-mall-chandigarh-in-mohali-CD1025099
6707,momos corner,12100,9,567,$0.18,3,23,https://www.district.in/dining/ncr/momos-corner-subhash-nagar-new-delhi
6708,mollywood times,2900,7,797,$0,1,28,https://www.district.in/movies/mollywood-times-movie-tickets-MV213261
6709,maxus cinemas sakinaka,9900,2,1960,$0.01,1,21,https://www.district.in/movies/maxus-cinemas-saki-naka-in-mumbai-CD1067732
6710,maxus cinema jari mari,9900,3,1177,$0.01,1,19,https://www.district.in/movies/maxus-cinemas-saki-naka-in-mumbai-CD1067732
6711,youth 2026 movie release date,12100,7,567,$0,1,22,https://www.district.in/movies/youth-movie-tickets-MV213456
6712,tamil movie list download,12100,26,25,$0,1,26,https://www.district.in/movies/
6713,tamil movie download list,14800,26,,$0,1,47,https://www.district.in/movies/ulundurpet-movie-tickets
6714,sardarji londonwaley,9900,12,408,$0.09,4,23,https://www.district.in/dining/bangalore/sardarji-londonwaley-kalyan-nagar-bangalore
6715,sardar restaurant tardeo,12100,6,797,$0.03,1,19,https://www.district.in/dining/mumbai/sardar-pav-bhaji-tardeo
6716,sardar pav bhaji in mumbai,12100,9,567,$0.02,1,21,https://www.district.in/dining/mumbai/sardar-pav-bhaji-tardeo
6717,sanmax cinemas,9900,16,110,$0.05,1,21,https://www.district.in/movies/cinemas-in-nichlaul
6718,sammy sosa,9900,11,238,$0.21,9,61,https://www.district.in/dining/mumbai/sammy-sosa-oshiwara
6719,royal cinema rewa,9900,8,238,$0,1,20,https://www.district.in/movies/rewa-movie-tickets
6720,red flowers movie,12100,8,797,$0,1,16,https://www.district.in/movies/red-flower-movie-tickets-MV195373
6721,wpl 2026 starting date,12100,10,309,$0,1,25,https://www.district.in/events/womens-premier-league-2026-team
6722,upcoming movie malayalam,12100,4,,$0.01,1,37,https://www.district.in/movies/upcoming-malayalam-movies
6723,udaipur files collection,12100,15,110,$0,1,28,https://www.district.in/movies/udaipur-files-movie-tickets-MV200438
6724,trichy cinema theatre,12100,8,567,$0.01,1,25,https://www.district.in/movies/upcoming-movies-in-trichy
6725,tony's,12100,11,408,$0,1,34,https://www.district.in/dining/bangalore/tonys-restobar-koramangala-2nd-block-bangalore
6726,today release movie bollywood,12100,6,797,$0.01,1,61,https://www.district.in/movies/upcoming-hindi-movies
6727,today film release bollywood,12100,9,309,$0.01,1,83,https://www.district.in/movies/upcoming-hindi-movies
6728,the tanjore tiffin room nesco,12100,8,567,$0.13,4,23,https://www.district.in/dining/mumbai/the-tanjore-tiffin-room-goregaon-east
6729,tavern,12100,20,67,$0.12,1,29,https://www.district.in/dining/kochi/the-tavern-mg-road
6730,sri vishnu palace,12100,7,408,$0.17,6,19,https://www.district.in/dining/bangalore/sri-vishnu-palace-marathahalli-bangalore
6731,sri sai ram parlour,12100,8,408,$0.15,4,22,https://www.district.in/dining/visakhapatnam/sri-sairam-parlour-dwaraka-nagar-vizag
6732,jjk movie,14800,10,567,$0.01,1,44,https://www.district.in/movies/jujutsu-kaisen-execution-movie-tickets-MV209727
6733,jigris movie,12100,27,29,$0,1,24,https://www.district.in/movies/jigris-movie-tickets-MV204695
6734,janta hotel,12100,8,797,$0.09,2,20,https://www.district.in/dining/gwalior/janta-hotel-city-center
6735,inox r city mall,8100,2,1960,$0.10,4,22,https://www.district.in/movies/inox-r-city-ghatkopar-w-mumbai-in-mumbai-CD1013613
6736,ilios rajouri garden,12100,7,1177,$0.07,2,22,https://www.district.in/dining/ncr/ilios-raja-garden-new-delhi
6737,hyderabad biryani hotel,9900,17,110,$0.17,4,25,https://www.district.in/dining/bangalore/hyderabad-biryani-hotel-malleshwaram-bangalore
6738,hotel new punjabi dhaba,12100,7,797,$0.07,1,19,https://www.district.in/dining/chennai/hotel-new-punjabi-dhaba-thirumudivakkam
6739,gwalior fun cinema,12100,2,1960,$0,1,21,https://www.district.in/movies/fun-cinema-dd-city-mall-maharani-laxmibai-road-gwalior-in-gwalior-CD141
6740,grs snow park,12100,10,309,$0.39,10,21,https://www.district.in/events/grs-snow-park-mysuru-2025-buy-tickets
6741,green leaf restaurant,9900,12,309,$0.04,3,38,https://www.district.in/dining/bangalore/green-leaf-restaurant-bannerghatta-road-bangalore
6742,gloria's,12100,19,67,$0.40,1,47,https://www.district.in/dining/mumbai/gloria-byculla
6743,gk 1,12100,16,90,$0.15,3,19,https://www.district.in/dining/ncr/g-k-corner-greater-kailash-gk-1-new-delhi
6744,galleria cinema dibrugarh,12100,3,1177,$0,1,21,https://www.district.in/movies/galleria-cinema-sohum-mal-dibrugarh-in-dibrugarh-CD3062
6745,gajanand pauva house,9900,10,797,$0.17,7,20,https://www.district.in/dining/ahmedabad/gajanand-pauva-house-c-g-road
6746,fun cinemas gwalior,12100,3,1177,$0.01,1,20,https://www.district.in/movies/fun-cinema-dd-city-mall-maharani-laxmibai-road-gwalior-in-gwalior-CD141
6747,french toast fort kochi,12100,11,408,$0.12,2,22,https://www.district.in/dining/kochi/french-toast-fort-kochi
6748,forum mall in kukatpally,12100,7,1177,$0.11,3,19,https://www.district.in/movies/pvr-nexus-mall-formerly-forum-sujana-kukatpally-hyderabad-in-hyderabad-CD1022267
6749,flashback movie prabhu deva,9900,7,1177,$0,1,30,https://www.district.in/movies/flashback-movie-tickets-MV153634
6750,dyp city mall kolhapur maharashtra,9900,4,797,$0.15,4,21,https://www.district.in/movies/pvr-dyp-city-mall-kavala-naka-kolhapur-in-kolhapur-CD1019885
6751,dylan's cafe,12100,19,67,$0.19,1,21,https://www.district.in/dining/shillong/dylans-cafe-laitumkhrah
6752,donna sky lounge,9900,8,1177,$0.17,2,19,https://www.district.in/dining/mumbai/donna-sky-lounge-1-sanpada-navi-mumbai
6753,district sports club bkc,12100,21,39,$0.14,4,12,https://www.district.in/play/
6754,mercy movies,12100,10,408,$0,1,46,https://www.district.in/movies/mercy-movie-tickets-MV217516
6755,mbd neopolis mall jalandhar,12100,4,797,$0.17,4,19,https://www.district.in/movies/pvr-mbd-neopolis-mall-sehdev-market-jalandhar-in-jalandhar-CD1024990
6756,malayalam movies new,9900,12,136,$0,1,15,https://www.district.in/movies/upcoming-malayalam-movies
6757,madurai idly shop,12100,10,408,$0,3,17,https://www.district.in/dining/bangalore/madurai-idly-shop-indiranagar
6758,lotus court,12100,20,61,$0.15,4,27,https://www.district.in/dining/pune/lotus-court-family-restaurant-pimple-gurav
6759,korum inox thane,9900,3,1177,$0.12,2,19,https://www.district.in/movies/inox-korum-mall-mangal-pandey-road-thane-w-in-navi-mumbai-CD1018545
6760,binge central,12100,26,29,$0.08,3,39,https://www.district.in/dining/ncr/mamagoto-sector-62-noida
6761,berlin indore,12100,6,1177,$0,1,22,https://www.district.in/dining/indore/berlin-haus-de-gourmet-vijay-nagar
6762,bait ul mandi,9900,26,29,$1.88,2,21,https://www.district.in/dining/mumbai/bait-al-mandi-mohammad-ali-road
6763,b cinemas anjoor,12100,14,90,$0,1,20,https://www.district.in/movies/kunnamkulam-movie-tickets
6764,anaia cafe,12100,9,797,$0.26,3,19,https://www.district.in/dining/bangalore/anaia-indiranagar-bangalore
6765,activities for kids,12100,34,25,$0.16,30,32,https://www.district.in/activities/kids-play-in-mumbai/
6766,a p dhillon concert,12100,3,1960,$0,1,22,https://www.district.in/events/ap-dhillon/artist
6767,10 downing street bar chennai,9900,6,567,$0.32,4,23,https://www.district.in/dining/chennai/10-downing-street-t-nagar
6768,cinema theatre chennai,12100,8,567,$0.07,1,58,https://www.district.in/movies/chennai-movie-tickets
6769,chand mera dil release date,880,4,1177,$0,1,30,https://www.district.in/movies/chand-mera-dil-movie-tickets-MV182354
6770,cast of vaa vaathiyaar,5400,11,238,$0,1,25,https://www.district.in/movies/vaa-vaathiyaar-movie-tickets-in-somanur-MV173940
6771,cast of tanvi the great,12100,9,408,$0,1,41,https://www.district.in/movies/tanvi-the-great-movie-tickets-MV197127
6772,cast of king film,12100,9,567,$0,1,29,https://www.district.in/movies/king-movie-tickets-MV208857
6773,cast of haq 2025,12100,11,181,$0,1,35,https://www.district.in/movies/haq-2025-movie-tickets-MV206631
6774,cafe indore,12100,30,26,$0.05,5,28,https://www.district.in/
6775,maple 99,12100,16,90,$0,3,22,https://www.district.in/dining/ahmedabad/italian-bistro-maple-99-chandkheda
6776,malayalam latest movie,12100,24,32,$0,1,41,https://www.district.in/movies/upcoming-malayalam-movies
6777,live near me,12100,3,1960,$0.06,1,20,https://www.district.in/events/
6778,latest hindi movies released,12100,11,181,$0.08,1,79,https://www.district.in/movies/upcoming-hindi-movies
6779,latest and best movies,12100,20,52,$0,1,61,https://www.district.in/movies/new-delhi-movie-tickets
6780,kcs restaurant,12100,9,408,$0.09,3,21,https://www.district.in/dining/ahmedabad/kc-restaurant-mani-nagar
6781,kay cinema,12100,3,1177,$0,1,23,https://www.district.in/movies/kay-cinemas-devi-road-kotdwar-in-kotdwar-CD4163
6782,tiger yaki,18100,15,309,$0,8,26,https://www.district.in/dining/mumbai/tiger-yaki-andheri-lokhandwala
6783,thatte idli bidadi,9900,27,39,$0.07,2,22,https://www.district.in/dining/bangalore/bidadi-thatte-idli-1-banashankari-bangalore
6784,telugu romance,14800,21,39,$0,1,22,https://www.district.in/movies/godari-gattupaina-movie-tickets-in-hyderabad-MV219475
6785,tamil new movie 2026,2400,12,136,$0,1,46,https://www.district.in/movies/upcoming-tamil-movies
6786,tamil movie action,12100,26,32,$0.19,1,47,https://www.district.in/movies/mr-x-movie-tickets-MV162388
6787,surat theatre,12100,7,797,$0.01,1,34,https://www.district.in/movies/surat-movie-tickets
6788,story coffee,9900,18,110,$0.04,5,35,https://www.district.in/dining/bangalore/story-coffee-1-kalyan-nagar-bangalore
6789,spiceklub,9900,16,110,$0.14,6,20,https://www.district.in/dining/mumbai/spiceklub-lower-parel
6790,social bellandur,12100,5,797,$0.26,1,22,https://www.district.in/dining/bangalore/bellandur-social-bellandur-bangalore
6791,smart cricket,12100,28,25,$0.67,1,21,https://www.district.in/events/tata-ipl-2026-match-55-punjab-kings-vs-delhi-capitals-buy-tickets
6792,sazz kitchen and lounge coimbatore,12100,9,567,$0.15,3,19,https://www.district.in/dining/coimbatore/sazz-kitchen-lounge-ukkadam
6793,maple 99,12100,16,90,$0,3,22,https://www.district.in/dining/ahmedabad/italian-bistro-maple-99-chandkheda
6794,malayalam latest movie,12100,24,32,$0,1,41,https://www.district.in/movies/upcoming-malayalam-movies
6795,live near me,12100,3,1960,$0.06,1,20,https://www.district.in/events/
6796,latest hindi movies released,12100,11,181,$0.08,1,79,https://www.district.in/movies/upcoming-hindi-movies
6797,latest and best movies,12100,20,52,$0,1,61,https://www.district.in/movies/new-delhi-movie-tickets
6798,kcs restaurant,12100,9,408,$0.09,3,21,https://www.district.in/dining/ahmedabad/kc-restaurant-mani-nagar
6799,kay cinema,12100,3,1177,$0,1,23,https://www.district.in/movies/kay-cinemas-devi-road-kotdwar-in-kotdwar-CD4163
6800,kantara chapter 1 movie,12100,11,309,$0.09,1,28,https://www.district.in/movies/kantara-a-legend-chapter-1-movie-tickets-in-bengaluru-MV165830
6801,k k cinemas,12100,2,1960,$0,1,20,https://www.district.in/movies/k-k-cinemas-a-c-4k-rgb-laser-dolby-atmos-minjur-in-chennai-CD22684
6802,jjk movies,6600,12,238,$0.01,1,30,https://www.district.in/movies/jujutsu-kaisen-execution-movie-tickets-MV209727
6803,irreversible movie,9900,42,25,$0,1,41,https://www.district.in/movies/obsession-movie-tickets-MV212841
6804,inox shipra mall ghaziabad,12100,3,1177,$0.03,5,22,https://www.district.in/movies/inox-shipra-mall-indirapuram-ghaziabad-in-new-delhi-CD1020698
6805,ilios,18100,16,136,$0,3,37,https://www.district.in/dining/ncr/ilios-raja-garden-new-delhi
6806,hubli pvr cinemas,9900,3,1177,$0.06,1,18,https://www.district.in/movies/pvr-inorbit-mall-hubli-in-hubli-CD1102225
6807,hotel decent,12100,18,52,$0.33,1,28,https://www.district.in/dining/ankleshwar/hotel-decent-1-ankleshwar-locality
6808,hot chips veg restaurant,12100,8,567,$0.38,4,23,https://www.district.in/dining/coimbatore/hot-chips-veg-restaurant-ukkadam
6809,restaurants in banjara hills,12100,33,25,$0.11,8,11,https://www.district.in/activities/hyderabad-activity-tickets/
6810,pvr velocity silk mill gandhi nagar,12100,2,1960,$0.05,4,17,https://www.district.in/movies/pvr-velocity-gandhi-nagar-vellore-in-vellore-CD1023566
6811,pvr milap mumbai,12100,5,797,$0.19,5,19,https://www.district.in/movies/pvr-milap-kandivali-w-mumbai-in-mumbai-CD1018525
6812,pvr mahagun,12100,2,1960,$0.05,2,20,https://www.district.in/movies/pvr-mahagun-mahagun-metro-mall-ghaziabad-in-new-delhi-CD1020699
6813,pushpa 2 cast,12100,12,238,$0,1,16,https://www.district.in/movies/pushpa-2-the-rule-2024-movie-tickets-in-hyderabad-MV160594
6814,pride and honour,12100,18,90,$0,1,45,https://www.district.in/movies/garv-pride-and-honour-2004-movie-tickets-MV172252
6815,paras one33,12100,9,238,$0.71,4,19,https://www.district.in/events/masti-zone-paras-one-33-noida-2025-buy-tickets
6816,palazzo vadapalani,12100,2,1960,$0.04,7,24,https://www.district.in/movies/pvr-palazzo-the-nexus-vijaya-mall-chennai-in-chennai-CD1022274
6817,one8 commune lower parel,12100,9,567,$0.20,4,19,https://www.district.in/dining/mumbai/one8-commune-lower-parel-lower-parel
6818,nuremberg movies,12100,20,67,$0,1,33,https://www.district.in/movies/nuremberg-movie-tickets-in-raigarh-MV207303
6819,nh 37 pune,12100,6,567,$0.64,2,19,https://www.district.in/dining/pune/nh-37-dhaba-model-colony
6820,nexus westend mall,40500,10,309,$0.05,2,21,https://www.district.in/movies/cinepolis-nexus-westend-aundh-pune-in-pune-CD127
6821,new films list,12100,12,181,$5.02,1,50,https://www.district.in/movies/upcoming-movies
6822,new bengali movie,9900,19,52,$0.26,1,16,https://www.district.in/movies/bengali-movies-tickets-in-kolkata
6823,new andhra meals hotel,9900,10,408,$0.13,4,22,https://www.district.in/dining/chennai/new-andhra-meals-hotel-t-nagar
6824,nandan shows,9900,7,309,$0.03,1,22,https://www.district.in/movies/kolkata-movie-tickets
6825,nakshatra mall dadar west,12100,3,1177,$0.11,3,19,https://www.district.in/movies/inox-nakshatra-mall-dadar-w-mumbai-in-greater-mumbai-CD1013609
6826,muktaa2 cinemas,12100,8,567,$0.01,1,20,https://www.district.in/movies/mukta-a2-cinemas-orbit-plaza-by-pramukh-surat-in-surat-CD1102090
6827,movies new list,12100,11,181,$0.14,1,83,https://www.district.in/movies/upcoming-movies
6828,movies in coimbatore fun mall,12100,2,1960,$0.01,1,27,https://www.district.in/movies/cinepolis-fun-cinema-republic-mall-peelamedu-coimbatore-in-coimbatore-CD135
6829,morinda ropar,9900,14,238,$0.05,1,17,https://www.district.in/movies/salh-cinema-ramgarh-alias-manda-morinda-in-ropar-CD15845
6830,middle class movies,12100,16,110,$0.30,1,45,https://www.district.in/movies/middle-class-movie-tickets-in-una-MV208925
6831,meesha movie,12100,27,29,$0,1,27,https://www.district.in/movies/meesha-movie-tickets-MV202228
6832,shetty cinemas gulbarga,14800,3,1177,$0.28,1,22,https://www.district.in/movies/shetty-cinemas-kalaburagi-in-kalaburagi-CD1078694
6833,sanjay store,9900,55,25,$0.10,2,30,https://www.district.in/movies/aakhri-sawal-movie-tickets-MV217285
6834,romeo lane indore,9900,8,797,$0.16,1,22,https://www.district.in/dining/indore/romeo-lane-vijay-nagar
6835,rohini cinema ticket booking,14800,6,408,$0.01,1,20,https://www.district.in/movies/chennai-movie-tickets
6836,highway break kharghar,9900,9,797,$0.06,2,32,https://www.district.in/dining/mumbai/highway-break-5-kharghar-navi-mumbai
6837,haldiram noida sector 18,12100,8,567,$0.55,5,17,https://www.district.in/dining/ncr/haldirams-3-sector-18-noida
6838,godday godday chaa 2,12100,20,61,$0.25,3,25,https://www.district.in/movies/godday-godday-chaa-2-movie-tickets-MV199582
6839,glow café,12100,5,1177,$0.20,3,21,https://www.district.in/dining/chennai/glow-cafe-2-nungambakkam
6840,glocal worli,12100,5,797,$0.04,4,19,https://www.district.in/dining/mumbai/glocal-worli
6841,gk1,12100,24,39,$0.11,3,21,https://www.district.in/play/gallant-play-arena-gk-1-greater-kailash-new-delhi-slots-booking
6842,galleria cinemas dibrugarh,12100,3,1177,$0.06,1,21,https://www.district.in/movies/galleria-cinema-sohum-mal-dibrugarh-in-dibrugarh-CD3062
6843,flavors restaurant,12100,10,408,$0.07,3,35,https://www.district.in/dining/mumbai/flavors-eatry-and-bar-sanpada-navi-mumbai
6844,big cinemas ulhasnagar,12100,2,1960,$0,1,17,https://www.district.in/movies/ulhasnagar-movie-tickets
6845,biergarten brewery & kitchen manyata,9900,20,52,$0.13,6,22,https://www.district.in/dining/bangalore/biergarten-nagawara-bangalore
6846,bayroute powai,9900,14,181,$0.26,4,23,https://www.district.in/dining/mumbai/bayroute-powai
6847,barbeque ville,12100,35,25,$0.10,4,24,https://www.district.in/dining/nashik/barbeque-ville-cidco
6848,bala krishna theatre,12100,3,1177,$0,1,21,https://www.district.in/movies/sri-balakrishna-talkies-4k-dolby-atmos-thoothukudi-tuticorin-in-tuticorin-CD1007282
6849,bait al mandi,12100,12,238,$0.13,2,21,https://www.district.in/dining/mangalore/bait-al-mandi-surathkal
6850,azadi malayalam movie,12100,15,136,$0,1,27,https://www.district.in/movies/azadi-movie-tickets-MV197102
6851,andhikkadai,12100,10,408,$0.16,3,18,https://www.district.in/dining/chennai/andhikkadai-velachery
6852,anand thane,12100,8,309,$0,1,20,https://www.district.in/movies/thane-movie-tickets
6853,anand talkies thane,12100,6,408,$0,1,22,https://www.district.in/movies/thane-movie-tickets
6854,650 the global kitchen,9900,11,309,$0.16,8,18,https://www.district.in/dining/ahmedabad/650-the-global-kitchen-ambavadi
6855,1 tamil movie,12100,10,238,$0.02,1,27,https://www.district.in/movies/tamil-movies-tickets-in-chennai
6856,estaa sweets,9900,11,408,$0.19,5,22,https://www.district.in/dining/bangalore/estaa-sweets-marathahalli-bangalore
6857,earth cafe churchgate,9900,9,408,$0.45,2,19,https://www.district.in/dining/mumbai/earth-cafe-@-churchgate-churchgate
6858,delhi cricket team players,9900,32,25,$0,1,39,https://www.district.in/events/delhi-capitals-team
6859,daman culture,9900,10,797,$0,1,20,https://www.district.in/dining/daman/daman-culture-patlara-daman
6860,copperleaf panaji,12100,10,309,$0.09,2,22,https://www.district.in/dining/goa/copperleaf-panaji
6861,coimbatore movie theater,12100,4,1177,$0.03,1,34,https://www.district.in/movies/coimbatore-movie-tickets
6862,cinemas in madurai,9900,6,1177,$0.03,1,27,https://www.district.in/movies/cinemas-in-madurai
6863,cast of tu meri main tera main tera tu meri,9900,11,181,$0,1,30,https://www.district.in/movies/tu-meri-main-tera-movie-tickets-MV186636
6864,caffe sicily,12100,9,408,$0.07,3,23,https://www.district.in/dining/chandigarh/caffe-sicily-sector-7
6865,cafe in ahmedabad,9900,42,25,$0,9,18,https://www.district.in/
6866,bookmyshow tamil movies,5400,24,27,$0.02,1,43,https://www.district.in/movies/
6867,bookmyshow mathura,9900,16,61,$0.02,1,21,https://www.district.in/movies/mathura-movie-tickets
6868,bison movie release date,12100,8,408,$0,1,27,https://www.district.in/movies/bison-kaalamaadan-movie-tickets-MV173276
6869,zora the mall raipur,14800,9,253,$0.10,5,17,https://www.district.in/movies/pvr-zora-the-mall-raipur-in-raipur-CD1056680
6870,you got mail movie,12100,72,20,$0,1,55,https://www.district.in/policies/terms-of-service
6871,wins smoke house,9900,6,652,$0,2,26,https://www.district.in/dining/goa/wins-smoke-house-bardez
6872,thakar's jalaram kathiyawadi hotel,9900,22,42,$0.17,2,19,https://www.district.in/dining/surat/thakkars-hotel-jalaram-kathiyawadi-katargam
6873,svf cinemas coochbehar,9900,2,1603,$0.29,1,21,https://www.district.in/movies/svf-cinemas-prm-market-city-mall-coochbehar-in-cooch-behar-CD1102206
6874,sv cinemas,9900,14,74,$0,1,21,https://www.district.in/movies/svc-eeshwar-4k-laser-dolby-7-1-attapur-hyderabad-in-hyderabad-CD1018796
6875,stupa of amaravati,9900,25,32,$0,1,28,https://www.district.in/events/buddhist-stupa-amaravati-buy-tickets
6876,srs cinema kashipur,9900,4,652,$0,1,21,https://www.district.in/movies/suncity-cinemas-priya-plaza-mall-kashipur-in-kashipur-CD1036569
6877,sri guru kottureshwara butter dosa hotel,9900,12,334,$0.09,1,19,https://www.district.in/dining/davanagere/sri-guru-kottureshwara-butter-dosa-hotel-2-davanagere-locality
6878,splash the water park new delhi,9900,28,22,$0.01,2,30,https://www.district.in/activities/water-parks-in-new-delhi/
6879,soroco house anna nagar,9900,10,334,$0.23,3,21,https://www.district.in/dining/chennai/soroco-house-anna-nagar-west
6880,snowstorm,9900,14,111,$0,1,33,https://www.district.in/events/snow-storm-keralas-no-1-snow-park-may-2025-buy-tickets
6881,sm5,9900,91,20,$0.01,1,26,https://www.district.in/movies/moviemax-sm5-kalyan-newly-renovated-in-navi-mumbai-CD59132
6882,shalimar bagh pvr,9900,2,1603,$0.06,1,20,https://www.district.in/movies/pvr-shalimar-bagh-dlf-city-centre-mall-new-delhi-in-new-delhi-CD1022278
6883,shakti the sandwich shop,9900,16,90,$0.12,2,21,https://www.district.in/dining/ahmedabad/shakti-the-sandwich-shop-naranpura
6884,sehgal pastry shop,9900,9,334,$0.14,2,19,https://www.district.in/dining/ncr/sehgal-pastry-shop-krishna-nagar-new-delhi
6885,section b restaurant,9900,11,334,$0.14,1,21,https://www.district.in/dining/bangalore/section-b-rajarajeshwari-nagar-bangalore
6886,sai dhaba,9900,8,963,$0.06,1,22,https://www.district.in/dining/mumbai/sai-dhaba-family-restaurant-and-bar-upvan-thane-west-thane
6887,wave cinema jammu,9900,3,963,$0.01,1,21,https://www.district.in/movies/wave-one-movies-jammu-in-jammu-CD1041061
6888,vritta movie,9900,10,334,$0,1,26,https://www.district.in/movies/vritta-movie-tickets-in-dubai-MV202831
6889,varun inox vizag,9900,3,963,$0.14,4,21,https://www.district.in/movies/inox-varun-beach-maharanipet-vizag-in-vizag-CD1029271
6890,urban oasis mall hubli,9900,4,652,$0.18,4,28,https://www.district.in/movies/cinepolis-urban-oasis-mall-rajendra-nagar-hubli-in-hubli-CD121
6891,tv shows with sourabh raaj jain,9900,9,652,$0,1,37,https://www.district.in/events/sourabh-raaj-jain/artist
6892,trampoline park in lucknow,9900,12,195,$0.10,1,20,https://www.district.in/events/skyjumper-amusement-park-lucknow-buy-tickets
6893,third wave near me,9900,26,23,$0.04,15,25,https://www.district.in/activities/workshops-in-hyderabad/
6894,mandi mohalla,12100,17,55,$0.08,9,19,https://www.district.in/dining/mysore/mane-oota-mandi-mohalla
6895,lakshmi hotels,9900,10,195,$0.35,3,21,https://www.district.in/dining/salem/lakshmi-hotels-gugai
6896,kkr vs mumbai,9900,28,21,$0,1,21,https://www.district.in/events/screening-of-kkr-vs-mi-kolkata-knight-riders-vs-mumbai-indians-may20-2026-buy-tickets
6897,janatha cinema,9900,18,42,$0,1,23,https://www.district.in/movies/janatha-bar-movie-tickets-in-kolathur-MV210456
6898,jamba,9900,11,253,$0.04,1,28,https://www.district.in/dining/mumbai/jamba-pali-hill-bandra-west
6899,jaipur cinema hall,9900,5,1603,$0.03,3,31,https://www.district.in/movies/jaipur-movie-tickets
6900,indian premier league official website,5400,13,90,$1.31,1,86,https://www.district.in/events/ipl-ticket-booking
6901,hotel saket 27,9900,35,20,$0.18,26,23,https://www.district.in/dining/ncr/hotel-saket-27-saket-new-delhi
6902,hotel chandrika,9900,13,111,$0.08,3,22,https://www.district.in/dining/bangalore/hotel-chandrika-cunningham-road-bangalore
6903,hindi film download apps,9900,70,20,$0.11,1,45,https://www.district.in/movies/krishnavataram-part-1-the-heart-hridayam-movie-tickets-MV219513
6904,haveli murthal sonipat,9900,9,464,$0.03,1,23,https://www.district.in/dining/sonipat/haveli-murthal-locality
6905,hamilton cocktail bar,9900,20,50,$0.74,4,19,https://www.district.in/dining/bangalore/hamilton-whitefield-bangalore
6906,haldia city center,9900,8,253,$0.12,1,20,https://www.district.in/movies/svf-cinemas-city-centre-mall-haldia-in-haldia-CD1102197
6907,guntur gongura,9900,12,253,$0.05,3,21,https://www.district.in/dining/chennai/guntur-gongura-sholinganallur
6908,got tea vasant kunj,9900,9,652,$0.11,2,20,https://www.district.in/dining/ncr/got-tea-vasant-kunj-new-delhi
6909,gayathri theatre,9900,10,111,$0.20,3,21,https://www.district.in/movies/gk-gayathiri-cinemas-a-c-4k-near-kaggai-amman-kovil-maduranthakam-in-maduranthakam-CD44366
6910,film mumbai,9900,11,253,$0.03,3,66,https://www.district.in/movies/mumbai-movie-tickets
6911,fasting means,9900,57,20,$0,1,68,https://www.district.in/movies/
6912,panch batti circle jodhpur,9900,22,32,$0.21,4,17,https://www.district.in/dining/jodhpur/pawan-sagar-chandra-inn-ratanada
6913,oven fresh 1993 lonavala,9900,27,23,$0.04,1,22,https://www.district.in/dining/pune/oven-fresh-lonavala
6914,nimantran hotel,9900,20,50,$0.13,4,21,https://www.district.in/dining/mumbai/hotel-nimantran-kharghar-navi-mumbai
6915,new empire theatre,12100,13,111,$0,1,38,https://www.district.in/movies/new-empire-cinema-chukkuwala-dehradun-in-dehradun-CD31228
6916,nellikkampoyil night riders ott release date,9900,41,20,$0.25,2,28,https://www.district.in/movies/nellikkampoyil-night-riders-movie-tickets-MV206019
6917,neelira,480,10,334,$0,1,20,https://www.district.in/movies/neelira-movie-tickets-MV217217
6918,naivedya thali wakad,9900,10,334,$0.11,4,22,https://www.district.in/dining/pune/naivedya-thali-restaurant-wakad
6919,mysore canteen,8100,10,334,$0.06,4,22,https://www.district.in/dining/kolkata/mysore-canteen-sector-5-salt-lake
6920,mr x arya,9900,8,652,$0,1,24,https://www.district.in/movies/mr-x-movie-tickets-in-khed-MV162388
6921,movies in bhubaneswar,9900,4,963,$0.01,1,21,https://www.district.in/movies/bhubaneswar-movie-tickets
6922,movie theater multiplex,9900,11,253,$0.16,2,26,https://www.district.in/movies/innovative-multiplex-marathahalli-near-marathalli-junction-bengaluru-in-bengaluru-CD10940
6923,movie release telugu,9900,2,1603,$0,1,15,https://www.district.in/movies/upcoming-telugu-movies
6924,moti mahal connaught place,9900,7,334,$0.84,3,21,https://www.district.in/dining/ncr/moti-mahal-2-connaught-place-new-delhi
6925,moolchand resort,9900,20,50,$0.10,2,20,https://www.district.in/dining/muzaffarnagar/moolchand-resort-5-muzaffarnagar-locality
6926,modern cafe,9900,8,464,$0.09,2,21,https://www.district.in/dining/pune/modern-cafe-shivaji-nagar
6927,millets of mewar udaipur,9900,57,20,$0.06,3,19,https://www.district.in/dining/udaipur/taste-of-mewar-hiran-magri
6928,meerut shopprix mall,9900,6,464,$0,1,15,https://www.district.in/movies/wave-cinemas-meerut-in-meerut-CD1040160
6929,club shawaya,9900,11,334,$0.05,1,21,https://www.district.in/dining/muvattupuzha/club-shawaya-restaurant-muvattupuzha-locality
6930,centra mall chandigarh pvr,9900,3,963,$0.04,4,20,https://www.district.in/movies/pvr-centra-industrial-phase-1-chandigarh-in-mohali-CD1025101
6931,cbd belapur restaurants,9900,14,111,$0.05,2,20,https://www.district.in/dining/mumbai/food-stories-1-cbd-belapur-navi-mumbai
6932,cafe malabar,9900,10,253,$0.09,2,22,https://www.district.in/dining/bangalore/malabar-cafe-btm-bangalore
6933,cafe addict,8100,55,20,$0.25,2,22,https://www.district.in/dining/pune/caffeine-addict-wakad
6934,boho bar and kitchen,9900,10,253,$0.37,3,16,https://www.district.in/dining/mumbai/boho-bar-kitchen-goregaon-west
6935,blackbrick cafe,9900,8,464,$0.65,1,21,https://www.district.in/dining/kolkata/black-brick-cafe-elgin
6936,black pepper restaurant,9900,10,334,$0.26,3,22,https://www.district.in/dining/dehradun/black-pepper-restaurant-karanpur
6937,black brick cafe,9900,8,464,$0.65,1,19,https://www.district.in/dining/kolkata/black-brick-cafe-elgin
6938,bikaner elite,9900,20,55,$0.11,3,21,https://www.district.in/dining/patna/bikaner-elite-khajpura
6939,bhaja caves,12100,19,58,$0,4,23,https://www.district.in/events/buddhist-caves-bhaja-buy-tickets
6940,bangla sweet house,12100,19,55,$0.11,2,21,https://www.district.in/dining/ncr/bangla-sweet-house-gole-market-new-delhi
6941,babylon craft brewery,9900,9,464,$0.15,3,21,https://www.district.in/dining/pune/babylon-craft-brewery-erandwane
6942,art of delight,9900,14,195,$0.15,5,19,https://www.district.in/dining/bangalore/art-of-delight-crafted-ice-creams-desserts-residency-road-bangalore
6943,altitude ball in ball out,12100,8,652,$0.27,5,25,https://www.district.in/events/ball-pit-room-altitude-ball-in-ball-out-2025-buy-tickets
6944,al saba hotel,9900,6,464,$0.10,4,21,https://www.district.in/dining/hyderabad/al-saba-hotel-jeedimetla
6945,agent jack amanora,9900,8,334,$0.07,4,19,https://www.district.in/dining/pune/agent-jacks-hadapsar
6946,3 bhk movie download,9900,15,58,$0,1,25,https://www.district.in/movies/3bhk-movie-tickets-in-kochi-MV189950
6947,22nd parallel restaurant vadodara,9900,12,195,$0.06,3,22,https://www.district.in/dining/vadodara/22nd-parallel-alkapuri
6948,22nd parallel baroda,9900,12,148,$0.06,3,19,https://www.district.in/dining/vadodara/22nd-parallel-alkapuri
6949,filmy.com 4,9900,47,20,$0,1,35,https://www.district.in/events/filmy-fever-jan8-2026-buy-tickets
6950,earth soul cafe,12100,9,464,$0.06,2,21,https://www.district.in/dining/mumbai/earth-soul-cafe-cbd-belapur-navi-mumbai
6951,drishyam 2 malayalam movie,2900,12,195,$0.02,1,32,https://www.district.in/movies/drishyam-2-movie-tickets-MV218508
6952,downtown jaipur,9900,9,334,$0.06,5,22,https://www.district.in/dining/jaipur/downtown-jaipur-gopalbari
6953,dhoom 2 cast,9900,8,334,$0,1,43,https://www.district.in/movies/dhoom-2-2006-movie-tickets-MV159537
6954,devdas 1955 movie,9900,9,464,$0,1,41,https://www.district.in/movies/devdas-1955-movie-tickets-in-tonk-MV158302
6955,den pizza,9900,7,652,$0.18,3,22,https://www.district.in/dining/surat/dens-pizza-cafe-vesu
6956,de de pyaar de 2 collection,9900,106,20,$0,1,45,https://www.district.in/movies/ohm-cine-garden-hissar-road-sirsa-in-sirsa-CD6079
6957,dc match,12100,8,253,$0,1,29,https://www.district.in/events/delhi-capitals-team
6958,curators coffee,9900,10,334,$0.20,3,26,https://www.district.in/dining/vadodara/curators-coffee-alkapuri
6959,cricket match india vs nz live,9900,67,20,$0,1,22,https://www.district.in/
6960,cravings cafe,9900,21,42,$0.07,2,23,https://www.district.in/dining/hyderabad/govinds-craving-cafe-rajendra-nagar
6961,comic con delhi,9900,15,90,$0.06,7,18,https://www.district.in/events/anime-india-delhi-2026-buy-tickets
6962,city centre in haldia,9900,9,195,$0,1,20,https://www.district.in/movies/svf-cinemas-city-centre-mall-haldia-in-haldia-CD1102197
6963,cast of mastiii 4,9900,10,253,$0,1,26,https://www.district.in/movies/mastiii-4-movie-tickets-MV170761
6964,santhosha film city,9900,27,21,$0.13,4,21,https://www.district.in/movies/santosa-cinemas-chennai-in-kolathur-CD1024343
6965,sangam sarat vizag,9900,3,963,$0.26,5,21,https://www.district.in/movies/sangam-theatre-dondaparthy-vizag-in-vizag-CD677
6966,sainik dhaba,9900,8,652,$0.05,1,21,https://www.district.in/dining/barabanki/sainik-dhaba-barabanki-locality
6967,road number 16,9900,15,74,$0.13,5,17,https://www.district.in/dining/mumbai/the-16th-street-wagle-estate-thane-west-thane
6968,restaurant roots,9900,7,334,$0.08,5,22,https://www.district.in/dining/raipur/roots-restaurant-1-kota
6969,red fort new delhi delhi timings,9900,65,20,$0.06,1,25,https://www.district.in/events/red-fort-jan1-1970-buy-tickets
6970,rcube monad mall,9900,9,253,$0.12,3,20,https://www.district.in/movies/moviemax-edition-luxe-rcube-monad-mall-noida-in-noida-CD1039974
6971,raja the movie,9900,19,42,$0,1,42,https://www.district.in/movies/raja-shivaji-movie-tickets-MV170361
6972,rachel film,9900,34,20,$0,1,27,https://www.district.in/movies/rachel-movie-tickets-MV186776
6973,qutub minar opening time,9900,57,20,$0.03,2,35,https://www.district.in/events/qutub-minar-jan1-1970-buy-tickets
6974,pvr centra chandigarh,8100,3,1603,$0.02,3,16,https://www.district.in/movies/pvr-centra-industrial-phase-1-chandigarh-in-mohali-CD1025101
6975,places to visit in new delhi,9900,23,26,$0.12,17,50,https://www.district.in/activities/
6976,pimlico pune,9900,8,652,$0.18,1,21,https://www.district.in/dining/pune/pimlico-koregaon-park
6977,which special day is tomorrow in india,9900,25,22,$0,1,43,https://www.district.in/events/
6978,wong kitchen,9900,8,464,$0.12,2,17,https://www.district.in/dining/ncr/wongs-kitchen-rohini-new-delhi
6979,wpl 2026 today match,9900,8,334,$0,1,19,https://www.district.in/events/womens-premier-league-2026-team
6980,wave show timings moradabad,12100,3,963,$0,1,19,https://www.district.in/movies/wave-cinemas-moradabad-in-moradabad-CD1041056
6981,vismaya theatre perinthalmanna,9900,2,1603,$0.03,1,19,https://www.district.in/movies/vismaya-cinemas-4k-dolby-atmos-lic-road-perinthalmanna-in-edappal-CD4124
6982,vels theatres,12100,6,334,$0.07,1,21,https://www.district.in/movies/santosa-cinemas-vels-theatres-chennai-in-thiruvalangadu-CD1024343
6983,vash 2 movie,9900,11,334,$0,1,41,https://www.district.in/movies/vash-level-2-movie-tickets-MV188260
6984,varsha theatre anchal,9900,12,90,$0,1,21,https://www.district.in/movies/magic-frames-archana-cinemas-4k-laser-atmos-anchal-in-kollam-CD1092992
6985,tugo turpu godavari restaurant,9900,11,253,$0.11,5,22,https://www.district.in/dining/hyderabad/tu-go-turpu-godavari-jubilee-hills
6986,thug life cast,12100,7,963,$0,1,26,https://www.district.in/movies/thug-life-movie-tickets-MV167821
6987,the raja saab showtimes,9900,3,3009,$0,1,18,https://www.district.in/movies/the-raja-saab-movie-tickets-in-hyderabad-MV169449
6988,the quorum hotel mysore,9900,40,20,$0.40,30,22,https://www.district.in/dining/mysore/hotel-quorum-yadavgiri
6989,the mill cafe,9900,55,20,$0.05,1,25,https://www.district.in/dining/mumbai/the-mill-mira-road
6990,the forest film,9900,32,20,$0,1,62,https://www.district.in/movies/kaana-the-forest-movie-tickets-in-nellore-MV216406
6991,the beast within,9900,21,55,$0,1,43,https://www.district.in/movies/the-beast-within-movie-tickets-in-goa-MV175191
6992,telugu cinema releases,9900,3,1603,$0,1,41,https://www.district.in/movies/upcoming-telugu-movies
6993,taj mahal agra ticket online,9900,5,652,$0.48,2,39,https://www.district.in/events/taj-mahal-monument-buy-tickets
6994,svf narendrapur,9900,2,1603,$0,1,19,https://www.district.in/movies/svf-cinemas-wood-square-mall-narendrapur-in-kolkata-CD1102209
6995,sunrisers hyderabad next match,9900,5,652,$0,1,41,https://www.district.in/events/sunrisers-hyderabad-team
6996,srs kashipur,9900,11,111,$0,1,21,https://www.district.in/movies/suncity-cinemas-priya-plaza-mall-kashipur-in-kashipur-CD1036569
6997,sree annapoorna thudiyalur,9900,11,195,$0.13,3,19,https://www.district.in/dining/coimbatore/sree-annapoorna-sree-gowrishankar-thudiyalur
6998,south tukoganj,9900,11,195,$0.15,6,19,https://www.district.in/dining/indore/hotel-south-avenue-south-tukoganj
6999,snow city bengaluru tickets,9900,6,652,$0.22,21,18,https://www.district.in/events/snow-city-bengaluru-2025-buy-tickets
7000,sky jumping trampoline park,9900,9,652,$0.04,8,19,https://www.district.in/events/skyjumper-amusement-park-adventure-island-delhi-buy-tickets
7001,meghana biryani cloud kitchen,9900,17,74,$0.11,3,21,https://www.district.in/dining/bangalore/meghana-biryani-nagawara-bangalore
7002,mbd mall in jalandhar,8100,8,464,$0.01,3,21,https://www.district.in/movies/pvr-mbd-neopolis-mall-sehdev-market-jalandhar-in-jalandhar-CD1024990
7003,masaledar biryani,9900,6,652,$0.08,3,24,https://www.district.in/dining/pune/masaledar-biryani-house-sadashiv-peth
7004,mark kannada movie,9900,12,253,$0.07,1,27,https://www.district.in/movies/mark-2025-movie-tickets-MV205462
7005,lower deck bar & nightclub,9900,5,963,$0.11,3,17,https://www.district.in/dining/chennai/lower-deck-nungambakkam
7006,little llama cafe,8100,7,652,$0,1,21,https://www.district.in/dining/mussoorie/little-llama-caf%C3%A9-the-mall-road
7007,lalo movie gujarati,9900,9,133,$0.27,2,19,https://www.district.in/movies/laalo-krishna-sada-sahaayate-movie-tickets-MV204602
7008,la grange,9900,5,963,$0.33,1,22,https://www.district.in/dining/pune/la-grange-bund-garden
7009,koreyaki indiranagar,8100,6,652,$0.24,5,21,https://www.district.in/dining/bangalore/koreyaki-indiranagar-bangalore
7010,karthik film,9900,34,20,$0,1,55,https://www.district.in/movies/ugly-story-movie-tickets-MV220846
7011,kanpur restaurants,9900,60,20,$0.03,2,25,https://www.district.in/movies/
7012,kannada best films,9900,36,20,$0,1,29,https://www.district.in/movies/bengaluru-movie-tickets
7013,jump and joy trampoline park,9900,11,253,$0.13,5,4,https://www.district.in/events/jump-n-joy-trampoline-park-buy-tickets
7014,ira by orchid bhubaneswar,9900,48,20,$0.26,22,22,https://www.district.in/dining/bhubaneswar/ira-by-orchid-hotels-satya-nagar-bhubaneshwar
7015,inox vizag varun beach,9900,3,963,$0.14,4,21,https://www.district.in/movies/inox-varun-beach-maharanipet-vizag-in-vizag-CD1029271
7016,inox varun beach vizag,12100,3,1603,$0.14,4,21,https://www.district.in/movies/inox-varun-beach-maharanipet-vizag-in-vizag-CD1029271
7017,inox megaplex emerald mall,9900,3,963,$0.08,6,21,https://www.district.in/movies/inox-megaplex-emerald-ashiyana-lucknow-in-lucknow-CD1023485
7018,inox elements mall,9900,3,963,$0.05,5,20,https://www.district.in/movies/inox-elements-mall-ajmer-road-jaipur-in-jaipur-CD1024435
7019,i like it meaning in hindi,9900,26,20,$0,1,21,https://www.district.in/movies/
7020,hotel nalanda,9900,27,20,$0.13,11,20,https://www.district.in/dining/bangalore/the-hotel-nalanda-bommasandra-bangalore
7021,new cinema movies,9900,6,464,$0.02,2,56,https://www.district.in/movies/upcoming-movies
7022,movies moon,9900,49,20,$0,1,41,https://www.district.in/events/3d-moon-lamp-workshop-apr26-2026-buy-tickets
7023,movie releases telugu,9900,3,1603,$0,1,42,https://www.district.in/movies/upcoming-telugu-movies
7024,movie releases in 2026,8100,4,1603,$0,1,64,https://www.district.in/movies/upcoming-movies
7025,mountain india,9900,49,20,$0.01,1,26,https://www.district.in/events/gorillaz-the-mountain-tour-mumbai-2027-buy-tickets
7026,momos king,9900,12,334,$0.10,2,22,https://www.district.in/dining/ncr/the-momos-king-choudhary-food-company-krishna-nagar-new-delhi
7027,delhiwale,8100,8,334,$0.25,3,19,https://www.district.in/dining/pune/delhiwale-viman-nagar
7028,dd cinemas: aligarh,9900,4,652,$0,1,21,https://www.district.in/movies/dd-cinemas-vadra-cinema-baradwari-aligarh-in-aligarh-CD4479
7029,dashboard zomato,9900,11,148,$2.20,1,32,https://www.district.in/
7030,cruise in goa,12100,17,74,$0.23,53,32,https://www.district.in/events/luxury-paradise-cruise-goa-sunset-dinner-cruise-on-the-mandovi-river-jul22-2025-buy-tickets
7031,corner cafe,9900,10,334,$0.12,1,22,https://www.district.in/dining/ncr/corner-cafe-connaught-place-new-delhi
7032,coffee bean and tea leaf,9900,33,20,$0.60,2,8,https://www.district.in/dining/ncr/the-coffee-bean-tea-leaf-sector-50-noida
7033,city mall kota rajasthan,8100,15,74,$0.21,1,21,https://www.district.in/movies/fun-cinema-city-mall-indraprastha-industrial-area-kota-in-kota-CD143
7034,chowk near me,8100,22,42,$0.03,1,20,https://www.district.in/dining/jaipur/chicken-chowk-mansarovar
7035,chetak sweet point,9900,9,652,$0.24,3,22,https://www.district.in/dining/mumbai/chetak-sweet-point-1-kharghar-navi-mumbai
7036,centro mall mysore,9900,6,464,$0.01,1,20,https://www.district.in/movies/inox-centro-bangalore-nilgiri-road-mysore-in-mysuru-CD1023554
7037,cast of spirit 2027,9900,9,464,$0,1,40,https://www.district.in/movies/spirit-movie-tickets-MV145423
7038,cast of mersal,9900,5,652,$0,1,23,https://www.district.in/movies/mersal-2017-movie-tickets-in-eral-MV81
7039,cast of jatadhara,9900,6,652,$0,1,27,https://www.district.in/movies/jatadhara-movie-tickets-in-dantewada-MV177027
7040,cast of flashback film,9900,5,963,$0,1,29,https://www.district.in/movies/flashback-movie-tickets-MV153634
7041,cast of baaghi 2,9900,5,963,$0,1,44,https://www.district.in/movies/baaghi-2-movie-tickets-MV215
7042,hotel vasantham,9900,11,195,$0.27,3,19,https://www.district.in/dining/HotelVasanthamAlandur
7043,hotel manaal,9900,16,58,$0.14,1,21,https://www.district.in/dining/pithampur/hotel-manaal-2-pithampur-locality-pithampur
7044,honey dal bati,12100,9,334,$0.04,2,22,https://www.district.in/dining/udaipur/honey-bhojnalaya-and-dal-bati-hiran-magri
7045,have more restaurants,9900,11,253,$0.09,3,23,https://www.district.in/dining/hyderabad/have-more-restaurant-bakers-sd-road-secunderabad
7046,harish lunch home,9900,13,253,$0.09,3,19,https://www.district.in/dining/mumbai/harish-lunch-home-1-vashi-navi-mumbai
7047,hameedi confectioners,9900,22,42,$0.05,3,19,https://www.district.in/dining/hyderabad/hameedi-confectioner-co-basheer-bagh
7048,go karting at smaaash,9900,21,55,$0.24,12,20,https://www.district.in/events/summer-play-pass-mumbai-buy-tickets
7049,ganesh restaurant,9900,10,334,$0.27,2,21,https://www.district.in/dining/rajkot/ganesh-restaurant-mavdi
7050,first cinema,9900,4,963,$0.03,3,22,https://www.district.in/movies/first-cinema-tonk-road-jaipur-in-jaipur-CD4824
7051,fabbrica originale,9900,10,334,$0.15,3,22,https://www.district.in/dining/kolkata/fabbrica-originale-1-park-street-area
7052,escape room koramangala previously mystery junkies,8100,6,963,$0.19,8,15,https://www.district.in/events/escape-room-koramangala-2025-buy-tickets
7053,escape room bangalore,9900,10,334,$0.18,46,17,https://www.district.in/events/matrix-escape-rooms-bangalore-may7-2025-buy-tickets
7054,don't tell mama,9900,16,58,$0.35,5,39,https://www.district.in/dining/bangalore/dont-tell-mama-koramangala-1st-block-bangalore
7055,cast of sultan 2016,12100,6,963,$0,1,25,https://www.district.in/movies/sultan-2016-movie-tickets-in-vizag-MV140087
7056,casinocinemas 4k rgb laser 3d dolby 7.1 2,9900,2,1603,$0.12,4,27,https://www.district.in/movies/casino-cinemas-4k-rgb-laser-3d-a-c-dolby-7-1-2-mount-road-chennai-in-ponneri-CD1036962
7057,cafe trofima mumbai,8100,6,652,$0.09,3,22,https://www.district.in/dining/mumbai/trofima-cafe-bar-dadar-shivaji-park
7058,brewing partners bhandarkar road,9900,8,464,$0.29,3,26,https://www.district.in/dining/pune/brewing-partners-deccan-gymkhana
7059,bookmyshow angamaly,9900,25,21,$0,1,21,https://www.district.in/movies/angamaly-movie-tickets
7060,black peppercorn restaurant,9900,8,464,$0.26,3,22,https://www.district.in/dining/gwalior/black-pepper-lashkar
7061,bharat cineplex,9900,2,1603,$0.06,2,20,https://www.district.in/movies/bharat-cineplex-kurla-w-mumbai-in-mumbai-CD1012094
7062,best movie of indian,9900,38,20,$0,1,63,https://www.district.in/movies/upcoming-hindi-movies
7063,band melam movie release date,9900,10,195,$0.22,1,24,https://www.district.in/movies/band-melam-movie-tickets-MV216296
7064,balliwala chowk,9900,9,334,$0.27,7,19,https://www.district.in/dining/dehradun/santosh-sweet-shop-balliwala
7065,arabian bites,9900,21,50,$0.03,3,19,https://www.district.in/dining/pune/arabian-bites-viman-nagar
7066,anomie,9900,10,334,$0,1,45,https://www.district.in/movies/anomie-the-equation-of-death-movie-tickets-MV212634
7067,andhra bhavan,9900,28,22,$0.06,2,21,https://www.district.in/dining/bangalore/andhra-bhavan-varthur-main-road-whitefield-bangalore
7068,all event,9900,4,652,$2,1,31,https://www.district.in/events/
7069,ags theater,9900,7,652,$0.54,2,25,https://www.district.in/movies/ags-cinemas-t-nagar-chennai-in-chennai-CD10183
7070,adventure island delhi ticket price,8100,12,111,$0.07,3,24,https://www.district.in/events/adventure-island-limited-2025-buy-tickets
7071,sasarwadi,9900,12,195,$0.27,2,22,https://www.district.in/dining/mumbai/sasarwadi-3-cbd-belapur-navi-mumbai
7072,sangam sarat theatre,9900,2,1603,$0.26,5,21,https://www.district.in/movies/sangam-theatre-dondaparthy-vizag-in-vizag-CD677
7073,sambhavam adhyayam onnu 2026,9900,16,90,$0,1,23,https://www.district.in/movies/sambhavam-adhyayam-onnu-movie-tickets-MV216202
7074,sai palace mumbai andheri,9900,26,21,$0.33,28,21,https://www.district.in/dining/mumbai/hotel-sai-palace-near-andheri-east-station
7075,sahakari spice farm goa,9900,25,23,$0.09,3,28,https://www.district.in/dining/goa/sahakari-spice-farm-ponda
7076,royals vs super kings tickets,9900,5,963,$0,1,23,https://www.district.in/events/ipl-ticket-booking
7077,royal darbar mangalore,9900,10,253,$0.17,2,21,https://www.district.in/dining/mangalore/royal-darbar-kankanady
7078,roastery coffee house noida,22200,11,195,$0,4,13,https://www.district.in/dining/ncr/roastery-coffee-house-1-sector-16b-noida
7079,rahmaniya kethel's chicken,9900,11,253,$0.03,3,22,https://www.district.in/dining/kochi/rahmaniya-kethels-chicken-edappally
7080,pvr venus gorakhpur,9900,3,963,$0.11,5,20,https://www.district.in/movies/pvr-venus-venus-mall-gorakhpur-in-gorakhpur-CD1023586
7081,pvr movie ticket price,8100,11,148,$0.02,3,29,https://www.district.in/movies/pvr-ka-mall-jabalpur-in-jabalpur-CD1057799
7082,pvr cinema ticket price,8100,12,111,$0.02,3,27,https://www.district.in/movies/pvr-vr-mall-anna-nagar-chennai-in-chennai-CD1022304
7083,potlam biryani,9900,21,58,$0.06,2,21,https://www.district.in/dining/karimnagar/potlam-biryani-karimnagar-locality-karimnagar-city
7084,patang movie 2025,9900,18,74,$0.16,1,23,https://www.district.in/movies/patang-movie-tickets-MV209388
7085,papam prathap movie ott,3600,8,334,$0.12,1,24,https://www.district.in/movies/papam-prathap-movie-tickets-MV219055
7086,pandit dhaba,9900,11,253,$0.01,1,22,https://www.district.in/dining/meerut/pandit-ji-dhaba-devpuri
7087,pali village cafe,12100,13,111,$0.07,3,19,https://www.district.in/dining/mumbai/pali-village-cafe-pali-hill-bandra-west
7088,p k biryani house,8100,12,253,$0.05,3,21,https://www.district.in/dining/pune/p-k-biryani-house-1-karve-nagar
7089,ooty restaurants,9900,59,20,$0.04,11,19,https://www.district.in/events/pajama-karaoke-night-at-gostops-ooty-may9-2026-buy-tickets
7090,new malayalam movies in theaters,9900,6,464,$0.01,1,29,https://www.district.in/movies/malayalam-movies-tickets-in-thrissur
7091,near me cinema hall,9900,5,1603,$0.02,3,20,https://www.district.in/movies/cinema-near-me
7092,puppy kannada movie,14800,27,20,$0,1,28,https://www.district.in/movies/puppy-movie-tickets-MV196721
7093,prince dhaba,9900,18,58,$0.09,1,22,https://www.district.in/dining/pune/prince-dhaba-old-mumbai-pune-highway
7094,pre wedding show,9900,17,74,$0.02,1,30,https://www.district.in/movies/the-great-pre-wedding-show-movie-tickets-in-hyderabad-MV208867
7095,pk biryani,8100,12,253,$0.05,3,21,https://www.district.in/dining/pune/p-k-biryani-house-1-karve-nagar
7096,panch batti jodhpur,9900,16,74,$0.21,4,20,https://www.district.in/dining/jodhpur/pawan-sagar-chandra-inn-ratanada
7097,oven fresh restaurant dadar,9900,26,23,$0.09,4,21,https://www.district.in/dining/mumbai/ovenfresh-dadar-shivaji-park
7098,oberoi sky city mall,12100,16,111,$1.64,3,17,https://www.district.in/movies/inox-megaplex-oberoi-sky-city-mall-mumbai-in-mumbai-CD1089402
7099,nexus mall kukatpally,9900,4,652,$0.01,1,15,https://www.district.in/movies/pvr-nexus-mall-formerly-forum-sujana-kukatpally-hyderabad-in-hyderabad-CD1022267
7100,new empire movie,9900,5,652,$0,1,38,https://www.district.in/movies/new-empire-cinema-chukkuwala-dehradun-in-dehradun-CD31228
7101,nataraja theatre,9900,3,963,$0.16,1,21,https://www.district.in/movies/nataraja-talkies-a-c-2k-dolby-7-1-karaikudi-in-karaikudi-CD1013208
7102,naivedyam flavours of bengaluru,9900,9,652,$0.13,3,21,https://www.district.in/dining/ahmedabad/naivedyam-flavours-of-bengaluru-navrangpura
7103,murderer report,9900,9,464,$0,1,28,https://www.district.in/movies/murder-report-movie-tickets-MV207695
7104,mumbai ladu samrat,9900,9,334,$0.16,3,21,https://www.district.in/dining/mumbai/mumbai-ladu-samrat-parel
7105,mumbai cinema,9900,8,464,$0.03,4,44,https://www.district.in/movies/mumbai-movie-tickets
7106,mum vs del,9900,15,90,$0,1,21,https://www.district.in/events/delhi-capitals-team
7107,mukkam calicut,9900,10,195,$0.05,1,20,https://www.district.in/movies/mukkam-movie-tickets
7108,mowgli telugu movie,9900,8,652,$0,1,25,https://www.district.in/movies/mowgli-movie-tickets-MV186758
7109,movies kanpur,9900,4,963,$0.01,2,21,https://www.district.in/movies/kanpur-movie-tickets
7110,movies in r city mall ghatkopar,9900,3,1603,$0.03,1,23,https://www.district.in/movies/inox-r-city-ghatkopar-w-mumbai-in-mumbai-CD1013613
7111,movie ground zero,14800,11,253,$0,1,34,https://www.district.in/movies/ground-zero-movie-tickets-MV194131
7112,movie bbsr,9900,4,963,$0.01,1,23,https://www.district.in/movies/bhubaneswar-movie-tickets
7113,monsoon empress hotel,9900,44,20,$0.28,11,22,https://www.district.in/dining/kochi/monsoon-empress-hotel-palarivattom
7114,mocha cg road,9900,35,20,$0.10,2,23,https://www.district.in/dining/ahmedabad/mocha-1-gulbai-tekra
7115,millo,9900,11,253,$0.06,3,32,https://www.district.in/dining/mumbai/millo-lower-parel
7116,mango masala restaurant,9900,8,464,$0.07,1,21,https://www.district.in/dining/ajmer/mango-masala-restaurant-india-motor
7117,malhar mega mall,9900,4,652,$0.19,6,22,https://www.district.in/movies/rajhans-cinemas-malhar-mega-mall-indore-in-indore-CD1023935
7118,license movie,6600,7,652,$0.05,1,21,https://www.district.in/movies/licence-movie-tickets-MV218470
7119,latest bollywood movies 2025,8100,27,22,$0,1,46,https://www.district.in/movies/upcoming-hindi-movies
7120,kumbakonam cinemas,9900,2,1603,$0.01,1,18,https://www.district.in/movies/kumbakonam-movie-tickets
7121,kalyani veg,9900,7,652,$0.07,4,23,https://www.district.in/dining/pune/kalyani-veg-kalyani-nagar
7122,jolly llb 3 showtimes,9900,4,1603,$0,1,20,https://www.district.in/movies/jolly-llb-3-movie-tickets-in-pune-MV172789
7123,shokudo jayanagar,12100,6,652,$0.11,6,18,https://www.district.in/dining/bangalore/shokudo-jayanagar-bangalore
7124,sai kripa,9900,15,148,$0.09,3,16,https://www.district.in/dining/indore/sai-kripa-restaurant-1-airport-road
7125,rv kitchen,9900,5,963,$0.08,2,23,https://www.district.in/dining/rajkot/rvs-kitchen-kalawad-road
7126,room xo gurgaon,9900,10,334,$0.16,4,22,https://www.district.in/dining/ncr/room-xo-1-sector-65-gurgaon
7127,rick's,9900,62,20,$0,1,44,https://www.district.in/dining/ncr/ricks-taj-mahal-new-delhi-mansingh-road-new-delhi
7128,red fort delhi timings,9900,64,20,$0.02,1,32,https://www.district.in/events/red-fort-jan1-1970-buy-tickets
7129,ram kulcha point,8100,33,20,$0.13,1,27,https://www.district.in/dining/amritsar/amritsar-kulcha-point-rajinder-nagar
7130,raju weds rambai cast,9900,4,963,$0,1,26,https://www.district.in/movies/raju-weds-rambai-movie-tickets-in-mau-MV209832
7131,rajhans cinema una,9900,2,1603,$0.01,1,21,https://www.district.in/movies/rajhans-cinemas-mrc-magnum-mall-isbt-una-in-una-CD24554
7132,rajhans cinema katargam,9900,3,963,$0.01,1,21,https://www.district.in/movies/rajhans-cinemas-flamingo-katargam-surat-in-surat-CD1008406
7133,pvr xperia,9900,3,963,$0.06,2,20,https://www.district.in/movies/pvr-lodha-xperia-palava-mumbai-in-navi-mumbai-CD1018533
7134,pvr vvip ghaziabad,9900,3,963,$0.05,5,19,https://www.district.in/movies/pvr-vvip-raj-nagar-extension-ghaziabad-in-new-delhi-CD1020701
7135,tipsy restaurant,8100,20,32,$0.06,5,21,https://www.district.in/dining/jaipur/tipsy-restaurant-vidhyadhar-nagar
7136,three monkeys,9900,17,111,$0.15,1,23,https://www.district.in/dining/rajapalayam/the-three-monkeys-food-corner-rajapalayam-locality
7137,theme park near me,12100,33,20,$0.43,4,10,https://www.district.in/activities/theme-parks-in-gurgaon/
7138,theater in phoenix mall,9900,6,963,$0.02,4,21,https://www.district.in/movies/inox-phoenix-market-city-formerly-jazz-cinemas-velachery-chennai-in-chennai-CD1020779
7139,the secret kitchen,9900,21,55,$0.08,4,23,https://www.district.in/dining/ahmedabad/the-secret-kitchen-bodakdev
7140,the fisherman's wharf chennai,9900,11,195,$0.10,4,16,https://www.district.in/dining/chennai/the-fishermans-wharf-3-thuraipakkam
7141,the farm coffee bar,9900,8,464,$0.12,4,21,https://www.district.in/dining/jaipur/the-farm-coffee-bar-vaishali-nagar
7142,the biere club lavelle road,8100,8,334,$0.19,4,22,https://www.district.in/dining/bangalore/the-biere-club-lavelle-road-bangalore
7143,tere naam movie release date,9900,30,20,$0,1,32,https://www.district.in/movies/tere-naam-2003-movie-tickets-in-new-delhi-MV215693
7144,tamil latest movie,12100,14,74,$0,1,16,https://www.district.in/movies/tamil-movies-tickets-in-chennai
7145,talkies in bhopal,9900,10,334,$0.18,4,36,https://www.district.in/movies/bhopal-movie-tickets
7146,taj mahal online ticket,12100,5,652,$0.26,7,11,https://www.district.in/events/taj-mahal-monument-buy-tickets
7147,taj mahal hotel abids,9900,24,23,$0.15,24,15,https://www.district.in/dining/hyderabad/taj-mahal-taj-mahal-hotel-abids
7148,svf cinemas tezpur,9900,4,652,$0,1,21,https://www.district.in/movies/svf-cinemas-g-square-mall-tezpur-in-tezpur-CD1102187
7149,summer house,9900,24,32,$0.44,20,45,https://www.district.in/dining/ncr/summer-house-cafe-hauz-khas-new-delhi
7150,sudama garden restaurant,8100,8,334,$0.17,4,19,https://www.district.in/dining/pune/sudama-bar-restaurant-shivaji-nagar
7151,sri gayatri devi meals home,9900,57,20,$0.96,1,23,https://www.district.in/dining/hyderabad/shri-gayatri-udupi-tiffins-and-meals-kukatpally
7152,youth cast,9900,6,464,$0,1,27,https://www.district.in/movies/youth-movie-tickets-in-vele-MV213456
7153,kukatpally arjun theatre,9900,6,334,$0,1,21,https://www.district.in/movies/viswanath-theater-70mm-a-c-kukatpally-hyderabad-in-hyderabad-CD4360
7154,kiki pune,12100,10,464,$0.30,2,24,https://www.district.in/dining/pune/kiki-sangamvadi
7155,kannada to malayalam,9900,87,20,$0.34,1,18,https://www.district.in/events/spectra-2026-may1-2026-buy-tickets
7156,juice adventures,9900,6,652,$0.30,10,26,https://www.district.in/events/juice-adventures-mumbai-2025-buy-tickets
7157,jawaharlal nehru road kolkata,9900,93,20,$0.17,4,22,https://www.district.in/movies/howrah-movie-tickets
7158,jana nayagan cast,9900,11,195,$0,1,22,https://www.district.in/movies/jana-nayagan-movie-tickets-in-dubai-MV188681
7159,iskate by roseate,9900,5,963,$0.18,5,20,https://www.district.in/events/iskate-by-roseate-2025-buy-tickets
7160,iqra games village,8100,10,253,$0.11,4,15,https://www.district.in/play/iqra-games-village-iqra-games-village-bengaluru-slots-booking
7161,intern cast,12100,10,334,$0,1,51,https://www.district.in/movies/the-intern-movie-tickets-MV144147
7162,inox sgbl square mall,9900,3,963,$0.13,4,21,https://www.district.in/movies/inox-sgbl-square-mall-town-hall-road-cuttack-in-cuttack-CD1029236
7163,indian history monuments,9900,96,20,$0.16,1,29,https://www.district.in/events/humayuns-tomb-buy-tickets
7164,hubli urban oasis mall,9900,4,963,$0.18,4,21,https://www.district.in/movies/cinepolis-urban-oasis-mall-rajendra-nagar-hubli-in-hubli-CD121
7165,hotel swathi,9900,21,42,$0.07,2,19,https://www.district.in/dining/bangalore/swathi-hotel-yelahanka-bangalore
7166,hotel shauryawada wagholi,9900,7,963,$0.08,3,22,https://www.district.in/dining/pune/hotel-shauryawada-wagholi
7167,hotel sai palace andheri,9900,26,21,$0.28,27,20,https://www.district.in/dining/mumbai/hotel-sai-palace-near-andheri-east-station
7168,hotel matha,9900,8,464,$0.11,2,22,https://www.district.in/dining/kochi/hotel-matha-kaloor
7169,hotel kashish international,9900,16,50,$0.15,15,21,https://www.district.in/dining/mumbai/kashish-restaurant-hotel-kashish-international-kalyan-thane
7170,holi status,14800,91,20,$0,1,22,https://www.district.in/
7171,herbs cafe,8100,9,652,$0.12,3,21,https://www.district.in/dining/kolkata/herbs-cafe-1-new-town
7172,haldiram moti nagar delhi,9900,5,652,$0.24,3,19,https://www.district.in/dining/ncr/haldirams-moti-nagar-new-delhi
7173,ground zero movie,14800,12,195,$0,1,34,https://www.district.in/movies/ground-zero-movie-tickets-MV194131
7174,gracias granny mexican cafe,9900,9,334,$0.08,3,20,https://www.district.in/dining/mumbai/gracias-granny-mexican-cafe-cbd-belapur-navi-mumbai
7175,go kart race track play arena,9900,4,1603,$0.17,6,22,https://www.district.in/events/play-arena-bengaluru-2025-buy-tickets
7176,dhaba bhiwandi,9900,13,195,$0.02,2,23,https://www.district.in/dining/mumbai/the-bhiwandi-dhaba-bhiwandi-thane
7177,desiya thalaivar,9900,6,652,$0,1,27,https://www.district.in/movies/desiya-thalaivar-movie-tickets-MV208505
7178,daily dose,9900,40,20,$0.31,1,24,https://www.district.in/dining/vadodara/daily-dose-2-bhayli
7179,crown theatre,9900,13,90,$0,1,20,https://www.district.in/movies/crown-theatre-dolby-atmos-town-hall-road-calicut-in-kunnamangalam-CD1036955
7180,comedy near me,9900,8,464,$0.55,1,23,https://www.district.in/events/comedy-shows-in-gurgaon-book-tickets
7181,comedian near me,8100,5,1603,$0.03,1,23,https://www.district.in/events/comedy-shows-in-gurgaon-book-tickets
7182,coffee and crisps cafe,9900,7,652,$0.11,3,21,https://www.district.in/dining/hyderabad/coffee-crisps-cafe-saroor-nagar
7183,clock tower jaipur bar & kitchen,9900,6,652,$0.13,4,22,https://www.district.in/dining/jaipur/clock-tower-adarsh-nagar
7184,cinepolis bhandup,9900,3,963,$0.07,1,20,https://www.district.in/movies/cinepolis-magnet-mall-bhandup-w-mumbai-in-greater-mumbai-CD318
7185,chinese corner,9900,8,652,$0.09,2,19,https://www.district.in/dining/bangalore/chinese-corner-basavanagudi
7186,chimney restaurant,9900,31,21,$0.03,2,21,https://www.district.in/dining/bangalore/chimney-restaurant-yelahanka-bangalore
7187,chhabra restaurant,9900,19,55,$0.06,5,21,https://www.district.in/dining/jaipur/chhabras-pure-veg-3-malviya-nagar
7188,cast of the taj story,9900,10,334,$0,1,25,https://www.district.in/movies/the-taj-story-movie-tickets-MV207272
7189,cast of champion 2025,9900,9,334,$0,1,26,https://www.district.in/movies/champion-movie-tickets-MV193511
7190,caffix the tech cafe,9900,11,148,$0.06,4,23,https://www.district.in/dining/ahmedabad/caffix-the-tech-cafe-thaltej
7191,cafe de paris club,9900,31,21,$0.35,3,31,https://www.district.in/dining/ncr/cafe-de-paris-sector-8-gurgaon
7192,bookmyshow jharsuguda,9900,26,20,$0,1,21,https://www.district.in/movies/jharsuguda-movie-tickets
7193,bookmyshow hisar,9900,14,74,$0.01,1,21,https://www.district.in/movies/hisar-movie-tickets
7194,bombay sweet shop bandra west,9900,8,334,$0.13,8,18,https://www.district.in/dining/mumbai/bombay-sweet-shop-pali-hill-bandra-west
7195,bergamo delhi,9900,11,334,$0.27,2,22,https://www.district.in/dining/ncr/bergamo-vasant-kunj-new-delhi
7196,behind yellow doors diner,9900,12,195,$0.07,3,22,https://www.district.in/dining/varanasi/behind-yellow-doors-diner-sigra
7197,avatar movie cast,9900,11,195,$0,1,15,https://www.district.in/movies/avatar-fire-and-ash-movie-tickets-in-vita-MV165236
7198,assamese film industry,8100,56,20,$0,1,20,https://www.district.in/movies/
7199,anil meat wala,9900,9,334,$0.10,3,22,https://www.district.in/dining/kanpur/anil-meat-wala-nandlal-chawraha
7200,alankar cinema,9900,11,195,$0.12,3,20,https://www.district.in/movies/alankar-cinemas-a-c-4k-dolby-7-1-infantry-road-vellore-in-vellore-CD1037519
7201,abhilash theatre,9900,2,1603,$0,1,20,https://www.district.in/movies/arc-abhilash-cinemas-4k-mukkam-in-mukkam-CD30524
7202,5 movie roles 2026,9900,1,3009,$0.98,1,27,https://www.district.in/movies/upcoming-movies
7203,fun places near me,9900,2,3009,$0.08,10,19,https://www.district.in/activities/
7204,flashback 2025,9900,9,253,$0,1,29,https://www.district.in/movies/flashback-movie-tickets-MV153634
7205,films in mumbai,9900,5,652,$0.03,3,66,https://www.district.in/movies/mumbai-movie-tickets
7206,fiery box,9900,8,652,$0.08,1,22,https://www.district.in/dining/trivandrum/fiery-box-kazhakkoottam
7207,enrique iglesias mumbai,8100,9,464,$0,1,25,https://www.district.in/events/enrique-iglesias/artist
7208,drive in cinema ahmedabad movie,9900,24,32,$0.05,2,22,https://www.district.in/movies/ahmedabad-movie-tickets
7209,drama movie,12100,41,20,$0.15,1,51,https://www.district.in/movies/the-drama-movie-tickets-in-gurgaon-MV211828
7210,divtya budhlya wada,9900,8,652,$0.15,3,21,https://www.district.in/dining/nashik/divtya-budhlya-wada-restaurant-anand-wali-goan
7211,demon slayer infinity castle india,9900,5,963,$0.42,1,24,https://www.district.in/movies/demon-slayer-kimetsu-no-yaiba-infinity-castle-2025-movie-tickets-in-gurgaon-MV191860
7212,well done ca sahab,9900,12,195,$0,1,24,https://www.district.in/movies/well-done-c-a-sahab-movie-tickets-in-surat-MV199473
7213,villa shanti hotel restaurant,9900,37,20,$0.15,7,29,https://www.district.in/dining/puducherry/villa-shanti-white-town
7214,veer zaara actors,9900,15,111,$0,1,24,https://www.district.in/movies/veer-zaara-2004-movie-tickets-MV141251
7215,tumble house,9900,6,963,$0.46,3,18,https://www.district.in/events/walkins-jun5-2025-buy-tickets
7216,youth movie cast,9900,5,963,$0,1,25,https://www.district.in/movies/youth-movie-tickets-in-vele-MV213456
7217,we neighborhood,9900,13,148,$0.41,5,19,https://www.district.in/dining/bangalore/we-neighborhood-banaswadi-bangalore
7218,wave mall in noida,9900,7,334,$0.60,8,22,https://www.district.in/movies/wave-cinemas-noida-in-noida-CD1040104
7219,water park in bangalore fun world,40500,7,1603,$0.05,11,31,https://www.district.in/events/fun-world-amusement-park-bengaluru-2025-buy-tickets
7220,vritta,9900,10,464,$0,1,24,https://www.district.in/movies/vritta-movie-tickets-in-dubai-MV202831
7221,vash 2 release date,9900,11,253,$0,1,21,https://www.district.in/movies/vash-level-2-movie-tickets-in-ahmedabad-MV188260
7222,v square mall,9900,4,652,$0.02,2,22,https://www.district.in/movies/pvr-v-square-mall-bharathy-road-cuddalore-in-kondur-CD1019086
7223,upcoming fest,9900,3,1603,$0,1,61,https://www.district.in/events/
7224,tung nam eating house,9900,13,195,$0.23,2,23,https://www.district.in/dining/kolkata/tung-nam-bara-bazar
7225,trishna restaurant mumbai,8100,16,90,$0.80,1,25,https://www.district.in/dining/mumbai/trishna-fort
7226,thyme & whisk whitefield vegetarian restaurant in whitefield,8100,8,334,$0.15,5,21,https://www.district.in/dining/bangalore/thyme-whisk-whitefield-bangalore
7227,the long story,9900,4,1603,$0.05,1,29,https://www.district.in/dining/tiruppur/the-long-story-velampalayam
7228,the graand purohit wakad,9900,8,652,$0.05,4,22,https://www.district.in/dining/pune/the-graand-purohit-wakad
7229,the forresta udaipur,8100,15,90,$0.30,3,24,https://www.district.in/dining/udaipur/the-forresta-subhash-nagar
7230,tamil latest movies,9900,23,26,$0,1,57,https://www.district.in/movies/tamil-movies-tickets-in-chennai
7231,talluri theatre,9900,2,1603,$0.08,3,18,https://www.district.in/movies/talluri-theatres-kushaiguda-secunderabad-in-hyderabad-CD977
7232,tajmahal in,9900,26,23,$0,1,63,https://www.district.in/events/taj-mahal-monument-buy-tickets
7233,svc eeshwar theatre,9900,1,3009,$0.10,5,20,https://www.district.in/movies/svc-eeshwar-4k-laser-dolby-7-1-attapur-hyderabad-in-hyderabad-CD1018796
7234,surya mahal jaipur,8100,11,195,$0.08,2,19,https://www.district.in/dining/jaipur/amer-surya-mahal-restaurant-amer
7235,store 24/7,9900,35,20,$0.12,2,22,https://www.district.in/
7236,sp biryani,18100,10,253,$0.19,5,25,https://www.district.in/dining/pune/sps-biryani-house-since-1994-sadashiv-peth
7237,so the sky kitchen,9900,7,464,$0.17,2,21,https://www.district.in/dining/hyderabad/so-the-sky-kitchen-film-nagar
7238,snow park dwarka,9900,45,20,$0.12,3,23,https://www.district.in/activities/
7239,shree marutinandan,9900,16,74,$0.09,1,21,https://www.district.in/dining/ahmedabad/shree-marutinandan-c-g-road
7240,sarada movie edappal,6600,4,652,$0.03,1,26,https://www.district.in/movies/sarada-movies-malappuram-edappal-in-kottakkal-CD1966
7241,sante spa cuisine bkc,9900,16,90,$0.20,3,34,https://www.district.in/dining/mumbai/sante-spa-cuisine-1-bandra-kurla-complex
7242,sangeetha veg restaurant ra puram,9900,14,90,$0.33,3,21,https://www.district.in/dining/chennai/sangeetha-fast-foods-ra-puram
7243,sangeetha theatre erode,9900,7,253,$0.01,1,21,https://www.district.in/movies/sangeetha-theatre-erode-in-sankagiri-CD1053754
7244,rustomjee ice cream,9900,17,90,$0.04,1,24,https://www.district.in/dining/mumbai/k-rustom-ice-cream-churchgate
7245,royal darbar,9900,25,32,$0.07,1,21,https://www.district.in/dining/bulandshahr/royal-darbar-bulandshahr-locality
7246,royal challengers vs titans tickets,14800,8,334,$0.04,1,30,https://www.district.in/events/ipl-ticket-booking
7247,royal challengers vs capitals tickets,12100,3,1603,$0,4,10,https://www.district.in/events/ipl-ticket-booking
7248,restaurants kannur,9900,35,20,$0.02,2,21,https://www.district.in/movies/
7249,relax pure veg,9900,10,334,$0.09,2,22,https://www.district.in/dining/pune/relax-pure-veg-kothrud
7250,red fort new delhi timings,9900,61,20,$0.16,1,34,https://www.district.in/events/red-fort-jan1-1970-buy-tickets
7251,women's ipl match,9900,15,58,$0,1,20,https://www.district.in/events/womens-premier-league-2026-team
7252,women ipl match,9900,13,90,$0,1,21,https://www.district.in/events/womens-premier-league-2026-team
7253,melody theatre vizag,9900,3,963,$0.10,4,20,https://www.district.in/movies/melody-4k-dolby-atmos-jagadamba-center-vizag-in-vizag-CD2432
7254,mathura gold cinema,9900,3,963,$0.07,1,25,https://www.district.in/movies/gold-cinema-shopping-complex-mathura-in-vrindavan-CD876
7255,martin 2024,18100,9,464,$0,1,41,https://www.district.in/movies/martin-2024-movie-tickets-MV144251
7256,mall in mysore,9900,51,20,$0.02,1,26,https://www.district.in/movies/krishnavataram-part-1-the-heart-hridayam-movie-tickets-in-bengaluru-MV219513
7257,latur pvr show time,9900,3,963,$0.02,1,19,https://www.district.in/movies/pvr-ekmat-chowk-barshi-road-latur-in-latur-CD1018971
7258,krishnanagar svf,9900,2,1603,$0,1,20,https://www.district.in/movies/svf-cinemas-sentrum-mall-krishnanagar-in-krishnanagar-CD1102190
7259,kitty su new delhi,12100,26,26,$0.13,1,26,https://www.district.in/dining/KittySuNewDelhi
7260,karavali lunch home,9900,9,334,$0.11,3,22,https://www.district.in/dining/bangalore/karavali-lunch-home-nagarbhavi
7261,jump n joy trampoline park,9900,8,652,$0.18,5,26,https://www.district.in/events/jump-n-joy-trampoline-park-buy-tickets
7262,jaipur theatre,1300,9,652,$0.03,1,38,https://www.district.in/movies/cinemas-in-jaipur
7263,jaipur cinema,9900,6,963,$0.05,2,42,https://www.district.in/movies/jaipur-movie-tickets
7264,jagatpura phatak,9900,17,58,$0.05,3,20,https://www.district.in/dining/jaipur/hunger-zone-1-jagatpura
7265,irani cafe camp,9900,10,334,$0.10,3,22,https://www.district.in/dining/pune/irani-cafe-camp-area
7266,inox vega,9900,2,1603,$0,1,20,https://www.district.in/movies/inox-vega-circle-mall-sevoke-road-siliguri-in-siliguri-CD1030072
7267,hotel maratha,9900,30,20,$0.13,2,20,https://www.district.in/dining/goa/hotel-maratha-margao
7268,raid 2 cast,12100,10,253,$0,1,39,https://www.district.in/movies/raid-2-movie-tickets-MV169288
7269,r city mall movies,9900,3,1603,$0.05,1,24,https://www.district.in/movies/inox-r-city-ghatkopar-w-mumbai-in-mumbai-CD1013613
7270,paratha house,8100,6,464,$0.05,2,22,https://www.district.in/dining/ncr/paratha-house-sector-44-noida
7271,paras pearls mall,8100,3,1603,$0.21,5,21,https://www.district.in/movies/cineworld-multiplex-paras-pearls-mall-agra-in-agra-CD1101450
7272,parampara restaurant,8100,10,253,$0.03,1,21,https://www.district.in/dining/hyderabad/parampara-flavours-of-india-banjara-hills
7273,pali village cafe bandra west,9900,43,20,$0.08,1,23,https://www.district.in/dining/mumbai/the-village-shop-pali-hill-bandra-west
7274,orbett hotel pune,9900,36,20,$0.19,16,21,https://www.district.in/dining/pune/galaxy-orbett-hotel-deccan-gymkhana
7275,ny cinema gurugram,18100,3,963,$0.30,6,17,https://www.district.in/movies/devgn-cinex-formerly-ny-elan-epic-gurugram-in-gurgaon-CD1029765
7276,nukkad natak movie,8100,12,253,$0,1,24,https://www.district.in/movies/nukkad-naatak-movie-tickets-MV214558
7277,nearby cinema theatres,9900,5,1603,$0.02,2,24,https://www.district.in/movies/cinema-near-me
7278,nandhini deluxe jp nagar,9900,11,148,$0.17,5,20,https://www.district.in/dining/bangalore/nandhini-deluxe-jp-nagar-bangalore
7279,nagarjuna restaurant whitefield,12100,12,148,$0.53,10,20,https://www.district.in/dining/bangalore/nagarjuna-since-1984-whitefield-bangalore
7280,mylari hotel agrahara,8100,34,20,$0.76,3,23,https://www.district.in/dining/mysore/hotel-mylari-original-doora
7281,mummy daddy andhra mess,9900,8,652,$0.18,4,22,https://www.district.in/dining/chennai/mummy-daddy-andhra-mess-taramani
7282,mukkam kerala,9900,16,90,$0.05,1,21,https://www.district.in/movies/mukkam-movie-tickets
7283,movietime star city matunga west,9900,2,1603,$0.15,4,21,https://www.district.in/movies/movietime-star-city-matunga-w-mumbai-in-mumbai-CD1040572
7284,movies in bhopal cinema,8100,3,1603,$0.01,1,40,https://www.district.in/movies/bhopal-movie-tickets
7285,movie theatre in jaipur,8100,8,652,$0.01,4,41,https://www.district.in/movies/jaipur-movie-tickets
7286,movie roles z,12100,13,111,$0,1,16,https://www.district.in/
7287,momo junction,9900,11,334,$0.09,1,21,https://www.district.in/dining/gaya/momo-junction-gaya-locality
7288,modulus movie,12100,20,42,$0,1,21,https://www.district.in/movies/pauls-moviedom-mala-4k-christie-real-laser-dolby-atmos-hugo-screen-in-chalakudy-CD1053536
7289,millets of mewar restaurant,9900,50,20,$0.06,3,19,https://www.district.in/dining/udaipur/mewar-garden-multi-cuisine-restaurant-1-hiran-magri
7290,mh12 pav bhaji,9900,11,464,$0.10,1,21,https://www.district.in/dining/pune/mh-12-pav-bhaji-wakad
7291,ellis road,9900,29,20,$0.20,4,25,https://www.district.in/dining/ahmedabad/noodles-more-ellis-bridge
7292,dwarka syd,9900,9,334,$0.40,3,22,https://www.district.in/dining/ncr/dwarka-syd-rooftop-cafe-sector-12-dwarka-new-delhi
7293,dugout,9900,14,253,$0.05,1,28,https://www.district.in/events/dugout-x--the-marina-mall-chennai-buy-tickets
7294,dream cafe,9900,11,334,$0.06,2,22,https://www.district.in/dining/ncr/dream-cafe-new-ashok-nagar-noida
7295,drama delhi,9900,19,58,$0.09,3,24,https://www.district.in/movies/the-drama-movie-tickets-in-new-delhi-MV211828
7296,dhruva movies,9900,28,21,$0,1,41,https://www.district.in/movies/kd-the-devil-movie-tickets-MV157420
7297,demitasse coffee,9900,12,253,$0.09,4,21,https://www.district.in/dining/pune/demitasse-coffee-aundh
7298,d palace,9900,10,253,$0.11,4,22,https://www.district.in/dining/pune/d-palace-bavdhan
7299,d bapi biriyani moyna,9900,63,20,$0.05,3,28,https://www.district.in/dining/kolkata/d-bapi-biriyani-2-barrackpore
7300,circles near me,9900,10,148,$0.02,1,21,https://www.district.in/dining/hyderabad/circles-jubilee-hills
7301,choc o lick,9900,12,334,$0.11,2,18,https://www.district.in/dining/kochi/choc-o-lick-kakkanad
7302,chennai super kings schedule 2026,720,7,652,$0.02,1,26,https://www.district.in/events/chennai-super-kings-team
7303,cast of mask 2025,9900,18,58,$0,1,30,https://www.district.in/movies/mask-movie-tickets-MV191549
7304,cast of ek chatur naar,9900,13,111,$0,1,43,https://www.district.in/movies/ek-chatur-naar-movie-tickets-MV204050
7305,capital mall nalasopara,9900,3,963,$0,1,20,https://www.district.in/movies/pvr-the-capital-mall-nalasopara-e-mumbai-in-vasai-CD1018527
7306,capiche ambli,9900,6,963,$0.11,2,21,https://www.district.in/dining/ahmedabad/capiche-1-ambli
7307,calcutta club kolkata,9900,78,20,$0.06,3,22,https://www.district.in/events/sports-events-in-kolkata-book-tickets
7308,café bae,9900,26,42,$0.14,3,23,https://www.district.in/dining/jaipur/caf%C3%A9-bae-bais-godam
7309,bookmyshow villupuram,9900,20,26,$0.01,1,21,https://www.district.in/movies/villupuram-movie-tickets
7310,bookmyshow gaya,9900,16,50,$0.01,1,21,https://www.district.in/movies/gaya-movie-tickets
7311,bonkey,9900,9,464,$0.07,2,21,https://www.district.in/dining/jaipur/bonkeys-1-lal-kothi
7312,bombay salad company,9900,10,253,$0.15,3,29,https://www.district.in/dining/bombaysalad
7313,bombay duck yeoor,9900,35,20,$0.10,3,23,https://www.district.in/dining/bombayduckupvan
7314,hungry hippie,9900,11,253,$0.14,3,15,https://www.district.in/dining/pune/the-hungry-hippie-cafe-shukrawar-peth
7315,hotel sankam belgaum,9900,19,50,$0.46,32,19,https://www.district.in/dining/belgaum/hotel-sankam-belgaum-locality
7316,hard rock cafe in kolkata,9900,18,55,$0,1,21,https://www.district.in/dining/kolkata/hard-rock-cafe-park-street-area
7317,gurudev palace,12100,5,652,$0.08,4,20,https://www.district.in/movies/miraj-cinemas-gurudev-pammi-kanpur-in-kanpur-CD175
7318,grand mall velachery,9900,3,1603,$0.03,1,22,https://www.district.in/movies/pvr-grand-mall-velachery-chennai-in-kolathur-CD1022271
7319,friends pvr,9900,2,1603,$0.02,5,21,https://www.district.in/movies/pvr-friends-jalandhar-in-jalandhar-CD1023460
7320,forum mall bangalore,9900,63,20,$0,1,16,https://www.district.in/movies/dhurandhar-the-revenge-movie-tickets-in-bengaluru-MV211577
7321,flashback movie tamil,9900,4,1603,$0,1,20,https://www.district.in/movies/flashback-movie-tickets-MV153634
7322,eat around the corner bandra,9900,9,464,$0.14,4,22,https://www.district.in/dining/mumbai/eat-around-the-corner-pali-hill-bandra-west
7323,black orchid restobar,9900,40,20,$0.55,3,20,https://www.district.in/dining/chennai/black-orchid-ra-puram
7324,black 2024,9900,12,253,$0,1,23,https://www.district.in/movies/black-2024-movie-tickets-MV178579
7325,biryani bees,9900,12,334,$0.30,4,19,https://www.district.in/dining/allahabad/biryani-bees-civil-lines
7326,bhatinda thoraipakkam,9900,13,90,$0.21,3,22,https://www.district.in/dining/chennai/bhatinda-xpress-thuraipakkam
7327,bhabha movie,9900,14,148,$0,1,30,https://www.district.in/movies/bha-bha-ba-movie-tickets-in-goa-MV198971
7328,best site for download movies for free,12100,56,20,$0,1,61,https://www.district.in/movies/
7329,barrio by bodega,9900,48,20,$0.20,1,21,https://www.district.in/dining/chandigarh/barrio-sector-26
7330,barbeque nation marathahalli,9900,9,195,$0.10,7,16,https://www.district.in/dining/bangalore/barbeque-nation-1-marathahalli-bangalore
7331,barbeque nation bangalore,9900,51,20,$0.21,6,17,https://www.district.in/search
7332,babylonia bar,9900,3,963,$0,1,22,https://www.district.in/dining/bangalore/babylonia-global-food-cocktails-koramangala-7th-block-bangalore
7333,aroma of dakshin,9900,9,464,$0.10,3,21,https://www.district.in/dining/hyderabad/aroma-of-dakshin-nanakramguda
7334,apple cinema surat,9900,22,23,$0.01,1,22,https://www.district.in/movies/surat-movie-tickets
7335,amaravati buddhist stupa,9900,21,42,$0,1,38,https://www.district.in/events/buddhist-stupa-amaravati-buy-tickets
7336,alankar cinemas,9900,2,1603,$0.16,4,20,https://www.district.in/movies/alankar-movies-menhaniam-perambra-in-perambra-CD49852
7337,ags cinemas movies,12100,3,1603,$0.56,3,37,https://www.district.in/movies/ags-cinemas-t-nagar-chennai-in-chennai-CD10183
7338,aakasamlo oka tara,9900,8,464,$0,1,27,https://www.district.in/movies/aakasamlo-oka-tara-movie-tickets-MV203295
7339,22nd parallel restaurant,9900,13,148,$0.06,3,21,https://www.district.in/dining/nadiad/22nd-parallel-south-indian-restaurant-nadiad-locality
7340,22nd parallel,9900,16,111,$0.05,2,23,https://www.district.in/dining/vadodara/22nd-parallel-alkapuri
7341,2026 movie releases,12100,2,3009,$0.03,1,37,https://www.district.in/movies/upcoming-movies
7342,2025 upcoming movies hollywood,12100,25,22,$0.45,3,70,https://www.district.in/movies/upcoming-movies
7343,wong's kitchen,9900,7,652,$0.21,2,21,https://www.district.in/dining/ncr/wongs-kitchen-rohini-new-delhi
7344,water park in kolkata,12100,19,90,$0.06,3,9,https://www.district.in/activities/water-parks-in-kolkata/
7345,vinayaka theatre marathahalli,9900,1,3009,$0.21,1,20,https://www.district.in/movies/vinayaka-cineluxe-4k-rgb-laser-dolby-atmos-marathahalli-in-bengaluru-CD43628
7346,veer zaara cast,9900,11,148,$0,1,24,https://www.district.in/movies/veer-zaara-2004-movie-tickets-MV141251
7347,vala malayalam movie,9900,11,253,$0,1,31,https://www.district.in/movies/vala-story-of-a-bangle-movie-tickets-MV206126
7348,tollywood movie releases,9900,3,1603,$0,1,39,https://www.district.in/movies/upcoming-telugu-movies
7349,theatre in jaipur,9900,11,464,$0.05,2,31,https://www.district.in/movies/cinemas-in-jaipur
7350,the spice town,12100,6,963,$0.18,3,35,https://www.district.in/dining/bangalore/the-spice-town-rajarajeshwari-nagar-bangalore
7351,the plant story restaurant,9900,9,464,$0.07,3,21,https://www.district.in/dining/jodhpur/the-plant-story-sardarpura
7352,tegu mess,9900,10,334,$0.10,3,27,https://www.district.in/dining/mysore/tegu-mess-gokulam
7353,taste of lebanese,9900,8,464,$0.15,2,21,https://www.district.in/dining/mumbai/taste-of-lebanese-2-kharghar-navi-mumbai
7354,sun rise restaurant,9900,6,334,$0.05,1,22,https://www.district.in/dining/varanasi/sun-rise-restaurant-nadesar
7355,sri vishnu grand,9900,9,334,$0.18,4,19,https://www.district.in/dining/bangalore/sri-vishnu-grand-electronic-city-bangalore
7356,wave kaushambi,9900,2,1603,$0.01,1,20,https://www.district.in/movies/wave-cinemas-kaushambi-in-new-delhi-CD1041051
7357,utsav chowk,8100,6,963,$0.21,4,21,https://www.district.in/dining/mumbai/utsav-chowk-fast-food-corner-kharghar-navi-mumbai
7358,om cineplex gandhidham,9900,13,58,$0.03,1,21,https://www.district.in/movies/rajhans-cinemas-gurukul-road-gandhidham-in-gandhidham-CD1050989
7359,og movies download,9900,22,23,$0,1,38,https://www.district.in/
7360,ny cinema anand,9900,4,652,$0,1,21,https://www.district.in/movies/devgn-cinex-formerly-ny-galleria-mall-anand-in-anand-CD1012145
7361,niros restaurant in jaipur,8100,10,148,$0.13,4,23,https://www.district.in/dining/jaipur/niros-mi-road
7362,next srh match,9900,5,464,$0,1,41,https://www.district.in/events/sunrisers-hyderabad-team
7363,nellai vairamaligai,9900,9,334,$0.16,4,23,https://www.district.in/dining/chennai/nellai-vairamaligai-t-nagar
7364,nasi and mee convent road,9900,35,20,$0.05,5,21,https://www.district.in/dining/bangalore/nasi-and-mee-yelahanka-bangalore
7365,movies scene,9900,30,20,$0,1,28,https://www.district.in/events/afterall-friday-scene-at-big-bull-apr24-2026-buy-tickets
7366,pk biryani house,8100,13,253,$0.09,2,19,https://www.district.in/dining/pune/p-k-biryani-house-1-karve-nagar
7367,phoenix mall cinemas,9900,6,963,$0.02,3,21,https://www.district.in/movies/inox-phoenix-market-city-formerly-jazz-cinemas-velachery-chennai-in-chennai-CD1020779
7368,patiala srs,9900,4,652,$0.01,1,21,https://www.district.in/movies/moviemax-omaxe-mall-patiala-srs-earlier-patiala-in-patiala-CD32288
7369,patang hotel ahmedabad,9900,38,20,$0.18,3,16,https://www.district.in/dining/ahmedabad/patang-the-revolving-restaurant-ashram-road
7370,paris restaurant,9900,18,74,$0.29,2,21,https://www.district.in/dining/bangalore/paris-restaurant-yeshwantpur
7371,pan cinema,9900,1,3009,$0.28,1,46,https://www.district.in/movies/pan-cinemas-4k-rgb-laser-alappuzha-in-alappuzha-CD1049289
7372,palmshore ashok nagar,9900,50,20,$0.08,4,22,https://www.district.in/dining/chennai/palmshore-anna-nagar-east
7373,pallichattambi release date,9900,10,253,$0,1,23,https://www.district.in/movies/pallichattambi-movie-tickets-MV213263
7374,pali village cafe bandra,12100,48,20,$0.14,4,19,https://www.district.in/dining/mumbai/the-village-shop-pali-hill-bandra-west
7375,padma theatre kolhapur,8100,17,42,$0.19,1,21,https://www.district.in/movies/kolhapur-movie-tickets
7376,opa mumbai,9900,28,21,$0.30,1,32,https://www.district.in/dining/mumbai/opa-kipos-1-worli
7377,new movies 2025 bollywood,9900,28,20,$0,1,41,https://www.district.in/movies/upcoming-hindi-movies
7378,fun kingdom jaipur,9900,8,652,$0,1,15,https://www.district.in/events/fun-kingdom-buy-tickets
7379,friends dhaba,8100,21,42,$0.06,1,21,https://www.district.in/dining/amritsar/friends-dhaba-mall-road
7380,food pyramid nh 44,8100,26,26,$0,1,30,https://www.district.in/dining/rajahmundry/food-pyramid-rajahmundry-locality
7381,feranoz sattva knowledge park,6600,30,20,$0.10,3,32,https://www.district.in/dining/hyderabad/feranoz-banjara-hills
7382,epare bangla,9900,22,42,$0.08,3,23,https://www.district.in/dining/siliguri/epare-bangla-pradhan-nagar
7383,doomsday movie,9900,12,195,$0,1,65,https://www.district.in/movies/avengers-doomsday-movie-tickets-in-newtehri-MV176735
7384,dhurandhar movie 2,8100,17,58,$0.02,1,28,https://www.district.in/movies/dhurandhar-the-revenge-movie-tickets-MV211577
7385,couple friendly tamil movie,9900,11,253,$0.05,1,31,https://www.district.in/movies/couple-friendly-movie-tickets-MV204055
7386,corner house basavanagudi,9900,24,26,$0.33,2,19,https://www.district.in/dining/bangalore/corner-house-ice-creams-basaveshwara-nagar-bangalore
7387,comedy near.me,9900,6,963,$0.37,1,22,https://www.district.in/activities/comedy-shows-near-me/
7388,coffee di bella mumbai,9900,13,148,$0.08,3,22,https://www.district.in/dining/mumbai/coffee-by-di-bella-hill-road-bandra-west
7389,club diego,8100,9,652,$0.07,2,20,https://www.district.in/dining/ncr/club-diego-sector-29-gurgaon
7390,close movie theater near me,9900,6,1603,$0.03,5,21,https://www.district.in/movies/cinema-near-me
7391,cityplus,9900,2,1603,$0.01,1,19,https://www.district.in/movies/city-plus-multiplex-dumas-road-surat-in-surat-CD2416
7392,city plus multiplex,9900,4,652,$0.02,3,20,https://www.district.in/movies/city-plus-multiplex-dumas-road-surat-in-surat-CD2416
7393,cinepolis pacific mall nsp,8100,3,963,$0.24,5,20,https://www.district.in/movies/cinepolis-pacific-nsp2-pitampura-new-delhi-in-new-delhi-CD52078
7394,chandigarh cinema,9900,6,963,$0.02,3,36,https://www.district.in/movies/chandigarh-movie-tickets
7395,cast of regretting you,9900,12,195,$0,1,45,https://www.district.in/movies/regretting-you-movie-tickets-MV198448
7396,cast of bhagam bhag,9900,8,464,$0,1,34,https://www.district.in/movies/bhagam-bhag-2006-movie-tickets-MV189087
7397,cafe basera,9900,7,652,$0.05,1,26,https://www.district.in/dining/ahmedabad/cafe-basera-bopal
7398,buen new delhi,9900,9,652,$0.56,2,24,https://www.district.in/dining/ncr/buen-1-qutab-institutional-area-new-delhi
7399,brewbite bistro,9900,10,253,$0.10,4,21,https://www.district.in/dining/hyderabad/brewbite-bistro-madhapur
7400,bookmyshow pattambi,8100,24,21,$0,1,21,https://www.district.in/movies/drama-movies-in-pattambi
7401,best kannada film,9900,33,20,$0,1,29,https://www.district.in/movies/bengaluru-movie-tickets
7402,janta sweets jodhpur,9900,23,42,$0.04,2,22,https://www.district.in/dining/jodhpur/janta-sweet-home-food-court-station-road
7403,irani cafe kalyani nagar,9900,8,652,$0.21,4,22,https://www.district.in/dining/pune/irani-cafe-kalyani-nagar
7404,inox pvs mall,9900,3,963,$0.07,3,19,https://www.district.in/movies/inox-pvs-mall-shastri-nagar-meerut-in-meerut-CD1029683
7405,ice house,12100,52,20,$0,4,23,https://www.district.in/dining/mumbai/the-house-of-ice-kandivali-west
7406,hyderabad versus rajasthan,27100,23,25,$0,1,21,https://www.district.in/events/ipl-ticket-booking
7407,house of veg,9900,5,963,$0.10,2,21,https://www.district.in/dining/pune/house-of-veg-1-erandwane
7408,hotel rama continental,9900,30,20,$0.12,15,20,https://www.district.in/dining/allahabad/hotel-rama-continental-civil-lines
7409,hotel palazzo inn,9900,67,20,$0.29,17,22,https://www.district.in/dining/ncr/palazzo-inn-janakpuri-new-delhi
7410,hotel grand heritage greater noida,9900,15,90,$0.30,5,22,https://www.district.in/dining/ncr/grand-heritage-resort-alpha-2
7411,holi chowk,9900,75,20,$0.10,3,25,https://www.district.in/events/book-holi-events
7412,hari om juice bar,9900,9,464,$0.11,2,19,https://www.district.in/dining/pune/hari-om-juice-bar-pimple-saudagar
7413,haq 2025 movie,9900,14,195,$0,1,35,https://www.district.in/movies/haq-movie-tickets-MV206631
7414,hanuman photo downloading,9900,52,20,$0.02,1,29,https://www.district.in/movies/hanuman-junction-movie-tickets
7415,halli mane,9900,27,23,$0,2,21,https://www.district.in/dining/bangalore/halli-mane-yelahanka-bangalore
7416,haldiram's moti nagar,9900,5,652,$0.20,4,18,https://www.district.in/dining/ncr/haldirams-moti-nagar-new-delhi
7417,haldiram moti nagar,9900,4,652,$0.33,3,21,https://www.district.in/dining/ncr/haldirams-moti-nagar-new-delhi
7418,gzb game,9900,8,253,$0,1,23,https://www.district.in/events/game-zilla-play-compete-unwind-2025-buy-tickets
7419,grand galada,8100,3,1603,$0.03,2,21,https://www.district.in/movies/pvr-grand-galada-mall-pallavaram-chennai-in-chennai-CD1022276
7420,gokul oottupura vegetarian nh bypass padivattom edappally,9900,17,58,$0.25,3,16,https://www.district.in/dining/kochi/gokul-oottupura-edappally
7421,goat movie release date,9900,9,253,$0,1,30,https://www.district.in/movies/g-o-a-t-movie-tickets-MV211406
7422,go native chennai,12100,7,464,$0.09,4,21,https://www.district.in/dining/chennai/go-native-alwarpet
7423,gaming paradise,9900,18,58,$0.06,4,31,https://www.district.in/events/gamerz-paradise-dec-2025-buy-tickets
7424,blades of glory cricket museum,9900,7,652,$0.14,4,26,https://www.district.in/events/blades-of-glory-cricket-museum-2025-buy-tickets
7425,bin lagnachi goshta,9900,26,26,$0,1,28,https://www.district.in/movies/bin-lagnachi-goshta-movie-tickets-in-pedana-MV203970
7426,best free movie sites for download,9900,51,20,$0,1,44,https://www.district.in/movies/
7427,abids chetpet,9900,12,253,$0.12,3,23,https://www.district.in/dining/chennai/abids-chetpet
7428,3bhk movie release date,9900,30,20,$0,1,29,https://www.district.in/movies/3bhk-movie-tickets-MV189950
7429,welcome to the jungle film,8100,8,652,$0,1,32,https://www.district.in/movies/welcome-to-the-jungle-movie-tickets-MV165834
7430,spa movies,5400,6,652,$0,1,23,https://www.district.in/movies/spa-movie-tickets-in-goa-MV215062
7431,soft serve co,9900,5,464,$0.44,3,22,https://www.district.in/dining/chennai/soft-serve-co-alwarpet
7432,slv corner veg restaurant,9900,22,42,$0.15,4,21,https://www.district.in/dining/bangalore/slv-corner-restaurant-basavanagudi
7433,shopprix mall meerut,8100,3,963,$0,1,15,https://www.district.in/movies/wave-cinemas-meerut-in-meerut-CD1040160
7434,sasuma restaurant vadodara,9900,10,253,$0.05,5,21,https://www.district.in/dining/vadodara/sasumaas-gujarati-thali-kendranagar
7435,sankam hotel belgaum,9900,22,32,$0.46,32,19,https://www.district.in/dining/belgaum/hotel-sankam-belgaum-locality
7436,sangam sarat,9900,3,963,$0.10,5,22,https://www.district.in/movies/sangam-theatre-dondaparthy-vizag-in-vizag-CD677
7437,sai palace andheri,9900,17,58,$0.33,28,20,https://www.district.in/dining/mumbai/hotel-sai-palace-near-andheri-east-station
7438,sa vs ind 1st test match,9900,12,148,$0,1,21,https://www.district.in/events/idfc-first-bank-series-1st-test-india-vs-south-africa--kolkata-buy-tickets
7439,s kumar wadewale,8100,16,148,$0.11,2,21,https://www.district.in/dining/pune/s-kumar-wadewale-1-magarpatta
7440,rooted restaurants,9900,10,334,$0.07,3,22,https://www.district.in/dining/ahmedabad/rooted-raws-5-infocity-gandhinagar
7441,resort in virar,22200,78,20,$0.05,26,27,https://www.district.in/activities/water-parks-in-mumbai/
7442,rates of tickets in pvr,9900,15,74,$0.03,2,28,https://www.district.in/movies/pvr-vr-mall-anna-nagar-chennai-in-chennai-CD1022304
7443,rama mandi chowk,9900,9,334,$0.16,3,21,https://www.district.in/dining/jalandhar/r2d-restaurant-rama-mandi
7444,rahul dua,12100,15,148,$0.34,1,21,https://www.district.in/events/rahul-dua/artist
7445,pvr mgf gurgaon,9900,3,1603,$0.04,8,18,https://www.district.in/movies/hdfc-millennia-pvr-mgf-gurugram-in-gurgaon-CD1019635
7446,pvr kripa trivandrum,9900,3,963,$0.09,5,22,https://www.district.in/movies/pvr-kripa-thampanoor-chalai-bazaar-trivandrum-in-trivandrum-CD1020787
7447,pvp,9900,8,464,$1.50,1,34,https://www.district.in/movies/pvp-multiplex-4k-rgb-laser-dolby-atmos-nagercoil-in-nagercoil-CD1041753
7448,miraj cinemas narsingi,8100,2,1603,$0.07,6,19,https://www.district.in/movies/miraj-cinemas-anand-mall-and-movies-narsingi-in-hyderabad-CD1099532
7449,mall of dehradun pvr,9900,5,1603,$0.01,3,20,https://www.district.in/movies/pvr-mall-of-dehradun-in-dehradun-CD1040152
7450,malang 2,9900,7,652,$0,1,30,https://www.district.in/movies/malang-2-movie-tickets-in-una-MV186827
7451,malabar cafe,9900,11,334,$0.09,2,22,https://www.district.in/dining/trivandrum/malabar-cafe-hyatt-regency-thycaud
7452,lords more,12100,15,111,$0.23,8,27,https://www.district.in/dining/kolkata/lords-restaurant-barasat
7453,le arabia restaurant,12100,11,334,$0.10,5,24,https://www.district.in/dining/bangalore/le-arabia-restaurant-vijay-nagar-bangalore
7454,kylin experience,9900,12,195,$0.30,2,22,https://www.district.in/dining/ncr/kylin-experience-vasant-kunj-new-delhi
7455,kvk cinemas,9900,3,963,$0,1,17,https://www.district.in/movies/kvk-cinemas-a-c-4k-3d-avinasi-road-annur-in-sulur-CD1030438
7456,kumbakonam theatres,9900,5,1603,$0.01,1,18,https://www.district.in/movies/kumbakonam-movie-tickets
7457,kgf cast,9900,6,652,$0,1,20,https://www.district.in/movies/k-g-f-chapter-1-movie-tickets-in-hyderabad-MV490
7458,keiba x all saints,9900,13,195,$0.17,3,22,https://www.district.in/dining/mumbai/keiba-x-all-saints-mahalaxmi
7459,karur cinema,9900,6,464,$0,1,18,https://www.district.in/movies/upcoming-movies-in-karur
7460,kannada best film,9900,29,20,$0,1,34,https://www.district.in/movies/bengaluru-movie-tickets
7461,kalyan inox,9900,2,1603,$0.02,1,20,https://www.district.in/movies/inox-metro-junction-mall-netivali-village-kalyan-in-greater-mumbai-CD1029567
7462,kaffeine cafe & kitchen,9900,27,22,$0.48,2,24,https://www.district.in/dining/mumbai/kaffeine-1-borivali-west
7463,nakshatra mall,9900,6,963,$0.19,3,20,https://www.district.in/movies/inox-nakshatra-mall-dadar-w-mumbai-in-thane-CD1013609
7464,multiplex cinema,9900,8,652,$0.05,2,23,https://www.district.in/movies/cinema-near-me
7465,mukkam kozhikode,9900,10,253,$0.05,1,20,https://www.district.in/movies/mukkam-movie-tickets
7466,movie theater chandigarh,9900,7,963,$0.01,5,35,https://www.district.in/movies/cinemas-in-chandigarh
7467,movie roles telugu 2026 raja saab,6600,16,74,$0,1,32,https://www.district.in/movies/the-raja-saab-movie-tickets-MV169449
7468,zibrish rooftop dining lounge,8100,25,32,$0.18,4,19,https://www.district.in/dining/surat/zibrish-rooftop-by-the-long-d-piplod
7469,zaitoon restaurant nungambakkam,9900,7,334,$0.09,5,21,https://www.district.in/dining/chennai/zaitoon-nungambakkam
7470,yadav hotel rabdi rasmalai,9900,17,50,$0,1,15,https://www.district.in/dining/allahabad/yadav-hotel-katra
7471,xi film,9900,6,464,$0,1,26,https://www.district.in/movies/saw-xi-movie-tickets-in-loni-MV175205
7472,waterpark in kolkata,9900,29,20,$0.32,5,22,https://www.district.in/activities/water-parks-activities-in-kolkata/
7473,tamil movies in,9900,8,334,$0,1,61,https://www.district.in/movies/tamil-movies-tickets-in-chennai
7474,surewala chowk,9900,28,20,$0,1,15,https://www.district.in/dining/faridkot/shere-punjab-dhaba-faridkot-locality
7475,sunset cinema: ahmedabad,9900,41,20,$0.05,2,21,https://www.district.in/movies/ahmedabad-movie-tickets
7476,summer town cafe,9900,45,20,$0.19,2,22,https://www.district.in/dining/kochi/summer-town-panampilly-nagar
7477,ssr cinema durgapur,9900,31,20,$0,1,27,https://www.district.in/movies/svf-cinemas-junction-mall-durgapur-in-durgapur-CD1102224
7478,song honey singh new,8100,17,50,$0,1,47,https://www.district.in/events/yo-yo-honey-singh/artist
7479,skyline brew co,9900,5,963,$0.09,2,21,https://www.district.in/dining/hyderabad/skyline-brew-co-gachibowli
7480,sirai movie cast,9900,9,334,$0,1,29,https://www.district.in/movies/sirai-movie-tickets-MV204053
7481,single telugu movie,9900,11,253,$0,1,46,https://www.district.in/movies/single-movie-tickets-MV189954
7482,signature in punjabi,9900,44,20,$0,1,18,https://www.district.in/movies/shera-movie-tickets-MV202936
7483,shangrila resort and waterpark prices,9900,10,195,$0.13,8,16,https://www.district.in/events/shangrila-water-park-2026-buy-tickets
7484,shamiana,9900,18,90,$0.17,2,23,https://www.district.in/dining/mumbai/shamiana-sanpada-navi-mumbai
7485,shakti the sandwich shop ahmedabad,9900,11,195,$0.12,2,21,https://www.district.in/dining/ahmedabad/shakti-the-sandwich-shop-mani-nagar
7486,sarita savita sangeeta theatre,12100,11,111,$0.10,6,21,https://www.district.in/movies/sarita-cinemas-kacheripady-kochi-in-palluruthy-CD4430
7487,sai sagar pure veg restaurant,9900,7,652,$0.05,3,21,https://www.district.in/dining/mumbai/sai-sagar-pure-veg-restaurant-dadar-east
7488,rr cinema omaxe gurgaon mall,9900,2,1603,$0.11,7,19,https://www.district.in/movies/rr-cinema-omaxe-gurugram-mall-sector-49-gurugram-in-gurgaon-CD26030
7489,red fort delhi tickets,9900,2,3009,$0.77,9,32,https://www.district.in/events/red-fort-jan1-1970-buy-tickets
7490,rave 3,9900,14,148,$0.20,1,22,https://www.district.in/movies/rave-moti-cinemas-naveen-nagar-kanpur-in-kanpur-CD1021087
7491,vizag varun inox,9900,3,963,$0.14,4,21,https://www.district.in/movies/inox-varun-beach-maharanipet-vizag-in-vizag-CD1029271
7492,vinayaka theatre,12100,5,1603,$0,8,24,https://www.district.in/movies/vinayaka-cineluxe-4k-rgb-laser-dolby-atmos-marathahalli-in-bengaluru-CD43628
7493,varun beach inox,9900,3,963,$0.14,4,21,https://www.district.in/movies/inox-varun-beach-maharanipet-vizag-in-vizag-CD1029271
7494,upcoming bollywood movies 2026,12100,2,3009,$0,1,39,https://www.district.in/movies/upcoming-hindi-movies
7495,toybox nightclub gurgaon,9900,17,90,$0.14,3,32,https://www.district.in/dining/ncr/toy-box-sector-29-gurgaon
7496,today movie,9900,4,963,$0.01,1,49,https://www.district.in/movies/noida-movie-tickets
7497,the pizza bakery jp nagar,8100,8,195,$0.15,5,17,https://www.district.in/dining/bangalore/the-pizza-bakery-wood-fired-sourdough-jp-nagar-bangalore
7498,the game ranch powai,9900,12,195,$0.09,4,19,https://www.district.in/dining/mumbai/the-game-ranch-powai
7499,the academy of fine arts,14800,9,195,$0.12,1,22,https://www.district.in/movies/the-academy-of-fine-arts-movie-tickets-in-una-MV197828
7500,teritree restaurant,8100,8,464,$0.12,4,22,https://www.district.in/dining/pune/teritree-hadapsar
7501,syndicate cinemas,9900,10,195,$0,1,21,https://www.district.in/movies/syndicate-cinemas-koppam-in-ottapalam-CD1100727
7502,svf balurghat,9900,3,963,$0,1,23,https://www.district.in/movies/svf-cinemas-city-centre-mall-balurghat-in-balurghat-CD1102210
7503,starling mall,9900,21,32,$0.18,5,16,https://www.district.in/
7504,kantara movie collection,1600,44,20,$0,1,13,https://www.district.in/movies/
7505,jarann movie download,9900,13,148,$0.36,2,19,https://www.district.in/movies/jarann-movie-tickets-MV198430
7506,ishan pure veg restaurant,9900,9,334,$0.08,3,21,https://www.district.in/dining/pune/ishan-pure-veg-restaurant-sinhgad-road
7507,inox raipur ambuja,9900,3,963,$0.12,2,17,https://www.district.in/movies/inox-ambuja-city-centre-mowa-raipur-in-raipur-CD1019938
7508,inox megaplex inorbit mall,9900,2,1603,$0.15,5,20,https://www.district.in/movies/inox-megaplex-inorbit-mall-malad-mumbai-in-mumbai-CD1013607
7509,inox madhyamgram,9900,3,963,$0.03,1,19,https://www.district.in/movies/inox-star-mall-madhyamgram-kolkata-in-kolkata-CD1020732
7510,inox adalaj,9900,3,963,$0,1,20,https://www.district.in/movies/inox-r-world-adalaj-gandhinagar-in-ahmedabad-CD1019977
7511,indraprastha vegetarian,9900,11,253,$0.08,3,19,https://www.district.in/dining/bangalore/indraprastha-restaurant-vijay-nagar
7512,illuzion club & kitchen,9900,7,652,$0.16,4,21,https://www.district.in/dining/hyderabad/illuzion-club-kitchen-jubilee-hills
7513,ikkis cast,9900,21,42,$0,1,32,https://www.district.in/movies/ikkis-movie-tickets-MV173204
7514,hotel rajdarbar siliguri,9900,49,20,$0.13,3,19,https://www.district.in/dining/siliguri/rajdarbar-multi-cuisine-restaurant-pradhan-nagar
7515,hotel patel,9900,44,20,$0.12,1,21,https://www.district.in/dining/kolar/patel-hotel-kolar-locality-kolar-city
7516,hotel labannya,9900,8,334,$0.12,1,24,https://www.district.in/dining/singur/hotel-labannya-singur-locality
7517,hotel karthika,8100,20,42,$0.28,2,20,https://www.district.in/dining/trivandrum/hotel-karthika-park-kazhakkoottam
7518,hotel ilapuram,9900,27,21,$0.15,15,21,https://www.district.in/dining/vijayawada/hotel-ilapuram-gandhi-nagar
7519,hoots,9900,9,253,$0,1,35,https://www.district.in/dining/ncr/hoots-vasant-vihar-new-delhi
7520,hons all day dining,9900,8,652,$0.27,4,21,https://www.district.in/dining/lucknow/hons-all-day-dining-hazratganj
7521,haribhavanam hotel peelamedu,12100,9,195,$0.17,2,19,https://www.district.in/dining/coimbatore/haribhavanam-peelamedu
7522,gujarat titans vs sunrisers hyderabad tickets,260,8,334,$0.04,7,16,https://www.district.in/events/gujarat-titans-team
7523,ground zero movies,14800,9,464,$0,1,40,https://www.district.in/movies/ground-zero-movie-tickets-MV194131
7524,grand galada pallavaram,9900,3,1603,$0.05,4,21,https://www.district.in/movies/pvr-grand-galada-mall-pallavaram-chennai-in-chennai-CD1022276
7525,go karting in noida,9900,3,1603,$0.04,11,19,https://www.district.in/events/formula-karting-noida-2025-buy-tickets
7526,lali cinema barasat,9900,3,963,$0.14,1,20,https://www.district.in/movies/lali-cinema-barasat-kolkata-in-kolkata-CD9895
7527,dashavatar 2025,9900,12,148,$0.41,1,26,https://www.district.in/movies/dashavatar-movie-tickets-MV203742
7528,cinemarc akota,9900,5,464,$0.01,2,21,https://www.district.in/movies/cinemarc-akota-galleria-mall-vadodara-in-vadodara-CD6072
7529,chembakassery cinemas irinjalakuda,9900,2,1603,$0.03,1,19,https://www.district.in/movies/chembakassery-cinemas-4k-3d-dolby-atmos-temple-road-irinjalakuda-in-irinjalakuda-CD1004633
7530,cast of youth,9900,8,334,$0,1,24,https://www.district.in/movies/youth-movie-tickets-MV213456
7531,butler palace,9900,21,42,$0.14,4,21,https://www.district.in/dining/lucknow/butler-palace-gomti-nagar
7532,brindhavan restaurant,9900,15,148,$1.16,3,21,https://www.district.in/dining/kochi/brindhavan-veg-restaurant-palarivattom
7533,brewgarten,9900,12,195,$0.08,5,19,https://www.district.in/dining/ahmedabad/brewgarten-navrangpura
7534,bp angadi,9900,10,652,$0.02,1,23,https://www.district.in/movies/cnc-cinemaas-rgb-laser-4k-atmos-triple-beam-3d-tirur-in-tirur-CD1088219
7535,border 2 hindi movie,9900,12,195,$0.10,1,39,https://www.district.in/movies/border-2-movie-tickets-MV174744
7536,bookmyshow cricket tickets,9900,14,58,$0.06,1,26,https://www.district.in/
7537,bom dia,9900,7,464,$0.24,2,22,https://www.district.in/dining/mumbai/bom-dia-matunga-east
7538,blue brick cafe,9900,8,652,$0.32,3,22,https://www.district.in/dining/bangalore/bluebrick-cafe-yelahanka-bangalore
7539,blind date,9900,5,652,$0.39,5,30,https://www.district.in/events/blind-date-dating-delhi-july5-2025-buy-tickets
7540,bayroute juhu,8100,10,195,$0.32,3,21,https://www.district.in/dining/mumbai/bayroute-juhu
7541,aromas of dakshin,9900,10,334,$0.12,3,21,https://www.district.in/dining/hyderabad/aroma-of-dakshin-nanakramguda
7542,glen's bakehouse rr nagar,9900,6,652,$0.07,4,22,https://www.district.in/dining/bangalore/glens-bakehouse-1-rajarajeshwari-nagar-bangalore
7543,gamblers tamil movie,9900,13,148,$0.09,1,20,https://www.district.in/movies/gamblers-movie-tickets-MV199095
7544,film youth cast,9900,8,334,$0,1,28,https://www.district.in/movies/youth-movie-tickets-MV213456
7545,dum noorani,9900,10,464,$0.06,1,21,https://www.district.in/dining/chandigarh/dum-noorani-sector-7
7546,dinner cruise in goa,9900,14,195,$0.27,56,24,https://www.district.in/events/luxury-paradise-cruise-goa-sunset-dinner-cruise-on-the-mandovi-river-jul22-2025-buy-tickets
7547,dhadak 2 cast,9900,6,652,$0,1,29,https://www.district.in/movies/dhadak-2-movie-tickets-MV173914
7548,devgn cinex thane,12100,2,1603,$0.06,4,22,https://www.district.in/movies/devgn-cinex-the-walk-thane-in-mumbai-CD1102245
7549,demon slayer infinity castle movie release date,14800,28,20,$0.29,1,36,https://www.district.in/movies/demon-slayer-kimetsu-no-yaiba-infinity-castle-movie-tickets-in-gurgaon-MV191860
7550,delhi stadium,9900,28,21,$0.11,1,20,https://www.district.in/events/sports-in-gurgaon-book-tickets
7551,citymall kota,8100,35,20,$0.21,1,21,https://www.district.in/events/masti-zone-city-mall-kota-2025-buy-tickets
7552,bhaiaji superhit,9900,9,464,$0.05,1,41,https://www.district.in/movies/bhaiaji-superhit-2018-movie-tickets-MV407
7553,best movie sites for free download,9900,49,20,$0,1,37,https://www.district.in/movies/
7554,barbeque nation guwahati,8100,18,55,$0.04,2,29,https://www.district.in/dining/guwahati/barbeque-nation-dispur
7555,baahubali 2 the conclusion release date,9900,37,20,$0,1,43,https://www.district.in/movies/baahubali-2-the-conclusion-2017-movie-tickets-in-edappadi-MV144917
7556,athi bheekara kaamukan ott release date,9900,21,42,$0,1,22,https://www.district.in/movies/athi-bheekara-kaamukan-movie-tickets-MV208451
7557,ashakal aayiram ott release date,9900,24,26,$0.69,2,22,https://www.district.in/movies/ashakal-aayiram-movie-tickets-MV213897
7558,arakkunnam,9900,6,963,$0.07,2,19,https://www.district.in/movies/pan-cinemas-4k-atmos-arakkunnam-in-arakkunnam-CD1049288
7559,amma unavagam near me,8100,13,148,$0.05,3,19,https://www.district.in/dining/chennai/amma-unavagam-nungambakkam
7560,al razi restaurant,9900,14,195,$0.08,1,21,https://www.district.in/dining/alappuzha/al-razi-restaurant-pazhaveedu
7561,adventure island rohini ticket price,8100,14,90,$0.07,3,23,https://www.district.in/events/adventure-island-limited-2025-buy-tickets
7562,aban by thai high,9900,6,963,$0.37,3,22,https://www.district.in/dining/ncr/aban-by-thai-high-mehrauli-new-delhi
7563,22 parallel vadodara,9900,12,195,$0.06,3,23,https://www.district.in/dining/vadodara/22nd-parallel-alkapuri
7564,154 breakfast club rr nagar,12100,8,464,$0.04,5,21,https://www.district.in/dining/bangalore/154-breakfast-club-rajarajeshwari-nagar-bangalore
7565,1522 the pub sahakar nagar,9900,10,334,$0.18,5,19,https://www.district.in/dining/bangalore/1522-the-pub-sahakara-nagar-bangalore
7566,pvr ticket price,8100,10,195,$0.02,4,17,https://www.district.in/movies/pvr-keshar-towers-race-course-road-gwalior-in-gwalior-CD1018429
7567,pvr phoenix market city pune,9900,3,963,$0.06,1,18,https://www.district.in/movies/pvr-phoenix-market-city-nagar-road-pune-in-pune-CD1022265
7568,pvr kota,9900,3,963,$0.03,6,21,https://www.district.in/movies/pvr-cinemall-indraprastha-industrial-area-kota-in-kota-CD1019922
7569,pvr irrum manzil,9900,3,963,$0.06,3,21,https://www.district.in/movies/pvr-irrum-manzil-khairatabad-hyderabad-in-hyderabad-CD1022282
7570,pvp nagercoil,9900,2,1603,$0.03,1,22,https://www.district.in/movies/pvp-multiplex-4k-rgb-laser-dolby-atmos-nagercoil-in-nagercoil-CD1041753
7571,playboy nightclub delhi,9900,6,963,$0,1,22,https://www.district.in/dining/ncr/playboy-club-vasant-kunj-new-delhi
7572,pjp cinema muzaffarpur,8100,2,1603,$0.01,2,21,https://www.district.in/movies/pjp-cinemas-bela-road-muzaffarpur-in-muzaffarpur-CD54355
7573,paradise biryani shamshabad,9900,9,253,$0.09,1,19,https://www.district.in/dining/hyderabad/paradise-biryani-a-legend-since-1953-shamshabad
7574,pandian cinemas,9900,4,652,$0.02,1,25,https://www.district.in/movies/pandian-cinemas-a-c-4k-laser-projection-dolby-atmos-in-karaikudi-CD27715
7575,pali bhavan mumbai,12100,10,253,$0.52,2,19,https://www.district.in/dining/mumbai/pali-bhavan-churchgate
7576,padmam theatre tenkasi tamil nadu,9900,3,963,$0.02,1,18,https://www.district.in/movies/sri-padmam-tenkasi-in-tenkasi-CD4051
7577,nukkad kailash colony,9900,8,464,$0.21,3,19,https://www.district.in/dining/ncr/nukkad-cafe-bar-kailash-colony-new-delhi
7578,night riders malayalam movie,8100,12,195,$0.10,1,21,https://www.district.in/movies/nellikkampoyil-night-riders-movie-tickets-MV206019
7579,new year party 2026,9900,18,58,$0,1,19,https://www.district.in/
7580,movies in chandigarh,9900,4,963,$0.01,4,35,https://www.district.in/movies/chandigarh-movie-tickets
7581,moviemax wonder mall,9900,7,253,$0.10,5,20,https://www.district.in/movies/moviemax-wonder-thane-mumbai-in-mumbai-CD59129
7582,movie theater jaipur,9900,6,963,$0.05,2,33,https://www.district.in/movies/jaipur-movie-tickets
7583,movie show in raipur,9900,4,963,$0.01,1,32,https://www.district.in/movies/raipur-movie-tickets
7584,mosaic hotel noida,9900,40,20,$0.28,28,20,https://www.district.in/dining/ncr/m-lounge-mosaic-hotels-sector-18-noida
7585,moa restaurants,9900,17,74,$0.02,4,20,https://www.district.in/dining/ncr/moa-taste-the-east-omega-1-greater-noida
7586,millets of mewar restaurant udaipur,9900,51,20,$0.06,3,19,https://www.district.in/dining/udaipur/taste-of-mewar-hiran-magri
7587,mayura inn,9900,10,111,$0.21,4,22,https://www.district.in/dining/thrissur/mayura-inn-mannuthy
7588,manjeri theatre,9900,7,652,$0.03,1,17,https://www.district.in/movies/manjeri-movie-tickets
7589,manjal restaurant,9900,17,90,$0.07,1,23,https://www.district.in/dining/chennai/manjal-alwarpet
7590,madhur sweets hyderabad,9900,9,334,$0.09,3,19,https://www.district.in/dining/hyderabad/madhur-sweets-kompally
7591,lmr theatre,8100,2,1603,$0.07,1,18,https://www.district.in/movies/lmr-multiplex-a-c-4k-r-p-pudur-namakkal-in-namakkal-CD1014604
7592,latest movies in cinemas,9900,3,3009,$0.02,2,28,https://www.district.in/movies/cinema-near-me
7593,kapoor's cafe hsr branch,9900,7,652,$0.30,5,19,https://www.district.in/dining/bangalore/kapoors-cafe-hsr
7594,roxie and barry,5400,7,652,$0.22,1,23,https://www.district.in/dining/bangalore/roxie-barry-whitefield-bangalore
7595,recent indian movies,9900,17,58,$0.02,1,15,https://www.district.in/movies/upcoming-hindi-movies
7596,rcb vs delhi capitals,9900,13,111,$0,1,21,https://www.district.in/events/delhi-capitals-team
7597,qutub minar closing time,9900,38,20,$0.27,1,26,https://www.district.in/events/qutub-minar-jan1-1970-buy-tickets
7598,qualifier 1,9900,7,652,$0,1,23,https://www.district.in/events/screening-of-ipl-qualifier-1-tata-ipl-2026-may26-2026-buy-tickets
7599,lmr theatre namakkal,9900,2,1603,$0.11,1,19,https://www.district.in/movies/lmr-multiplex-a-c-4k-r-p-pudur-namakkal-in-namakkal-CD1014604
7600,kshatriya foods,9900,8,334,$0.15,2,21,https://www.district.in/dining/kakinada/kshatriya-foods-3-kakinada-locality
7601,krishna in mahabharata,12100,59,20,$0,2,17,https://www.district.in/events/mere-krishn-a-live-theatrical-experience-of-shree-krishns-life-bengaluru-2026-buy-tickets
7602,kitty su club delhi,9900,33,20,$0.07,1,23,https://www.district.in/dining/KittySuNewDelhi
7603,kidzania delhi ncr tickets,8100,5,652,$0.10,9,27,https://www.district.in/events/kidzania-delhi-ncr-buy-tickets
7604,kerala cafe since 1962,9900,8,464,$0.05,4,22,https://www.district.in/dining/varanasi/kerala-cafe-since-1962-bhelupur
7605,jonathans kitchen,9900,10,195,$0.19,3,23,https://www.district.in/dining/hyderabad/jonathans-kitchen-financial-district
7606,jonathan kitchen,9900,11,195,$0.19,3,22,https://www.district.in/dining/hyderabad/jonathans-kitchen-financial-district
7607,jetlag bar and grill,9900,27,23,$0.14,2,23,https://www.district.in/dining/bangalore/jetlag-rajajinagar-bangalore
7608,jan neta movie release date,8100,4,1603,$0,1,32,https://www.district.in/movies/jan-neta-movie-tickets-MV212360
7609,inox r city ghatkopar,9900,2,1603,$0.05,1,21,https://www.district.in/movies/inox-r-city-ghatkopar-w-mumbai-in-mumbai-CD1013613
7610,inox kalyan,9900,3,963,$0.01,1,19,https://www.district.in/movies/inox-metro-junction-mall-netivali-village-kalyan-in-greater-mumbai-CD1029567
7611,innovative film city jollywood,9900,7,652,$0.24,3,18,https://www.district.in/events/jollywood-best-amusement-park--resorts--bangalore-buy-tickets
7612,imperial kitchen kowdiar,9900,43,20,$0.11,2,19,https://www.district.in/dining/trivandrum/imperial-kitchen-kumarapuram
7613,traditional khana restaurant rajasthani cuisine,8100,11,195,$0.06,4,23,https://www.district.in/dining/udaipur/traditional-khana-panchwati
7614,tipplr bar,9900,10,253,$0.15,2,19,https://www.district.in/dining/pune/tipplr-shivaji-nagar
7615,the quorum hotel,9900,41,20,$0.40,30,22,https://www.district.in/dining/mysore/hotel-quorum-yadavgiri
7616,the brew factory,8100,10,464,$0.14,1,21,https://www.district.in/dining/bangalore/the-brew-factory-brewery-pub-kitchen-peenya-bangalore
7617,thalavara malayalam movie,9900,14,148,$0,1,26,https://www.district.in/movies/thalavara-movie-tickets-MV203443
7618,telugu release movie,9900,2,1603,$0,1,35,https://www.district.in/movies/upcoming-telugu-movies
7619,telugu movie releases,9900,3,1603,$0.02,1,15,https://www.district.in/movies/upcoming-telugu-movies
7620,tandoori hut,9900,12,334,$0.05,2,19,https://www.district.in/dining/bijnor/tandoori-hut-1-bijnor-locality
7621,tamra restaurant,12100,9,334,$0.14,4,22,https://www.district.in/dining/ncr/tamra-shangri-la-eros-new-delhi-connaught-place-new-delhi
7622,taj mahal hotel hyderabad,12100,40,20,$0.19,28,17,https://www.district.in/dining/hyderabad/taj-mahal-taj-mahal-hotel-abids
7623,surmay seafood restaurant pune,9900,12,253,$0.04,1,19,https://www.district.in/dining/pune/surmai-deccan-gymkhana
7624,stand up comedy in india,12100,43,20,$0.72,1,32,https://www.district.in/events/sunday-standup-comedy-may5-2024-buy-tickets
7625,stadium delhi,9900,27,22,$0.03,1,36,https://www.district.in/events/
