No,Keyword,Volume,Position,Estimated Visits,CPC,Paid Difficulty,SEO Difficulty,Ranking URL
1,petrol pump near me,9140000,12,249000,$0.17,1,34,https://www.mappls.com/petrol-pump-near-me
2,map,7480000,9,233984,$0.02,1,60,https://about.mappls.com/app/
3,cng pump near me,4090000,17,36108,$0.20,1,35,https://www.mappls.com/cng%20station-near-me
4,hindustan petroleum corporation limited,823000,27,11500,$0.88,3,35,https://www.mappls.com/p0837k
5,india maps,2740000,25,7398,$0.01,80,47,https://www.mappls.com/
6,map indian,2740000,22,7398,$0.01,80,50,https://www.mappls.com/
7,india map,3350000,20,11782,$0.25,18,53,https://www.mappls.com/
8,sbi atm,1500000,27,5152,$0.10,1,47,https://www.mappls.com/xearst
9,majestic,1500000,35,3843,$0,4,62,https://www.mappls.com/place-majestic-221-4th+main+road-chamarajpet-bengaluru-karnataka-560018-FDADF1@zdata=MTIuOTU4MDU5Kzc3LjU2NzIyOSsxNytGREFERjErK25yed
10,kashmiri gate,1220000,44,3150,$0.08,3,48,https://www.mappls.com/ec5fb5
11,anand vihar railway station,550000,29,2562,$0,8,37,https://www.mappls.com/53f6bt
12,anand vihar terminal,1000000,31,2562,$0.03,5,44,https://www.mappls.com/place-anand+vihar+terminal+railway+station-anand+vihar+megha+terminal-railway+station-near+isbt+anand+vihar-patparganj+industrial+area-new+delhi-delhi-110092-53F6BT@zdata=MjguNjQ4ODE0Kzc3LjMxNTQ4NysxNys1M0Y2QlQrK25yed
13,airtel store,1500000,11,31232,$0.30,3,48,https://www.mappls.com/9dnb7s
14,patna junction railway station,823000,26,2684,$0,9,37,https://www.mappls.com/d47632
15,anand vihar terminal railway station,550000,27,2684,$0,8,37,https://www.mappls.com/place-anand+vihar+terminal+railway+station-anand+vihar+megha+terminal-railway+station-near+isbt+anand+vihar-patparganj+industrial+area-new+delhi-delhi-110092-53F6BT@zdata=MjguNjQ4ODE0Kzc3LjMxNTQ4NysxNys1M0Y2QlQrK25yed
16,secunderabad jn,1000000,42,2100,$0.10,4,32,https://www.mappls.com/place-secunderabad+junction+railway+station-secunderabad+railway+station+area-secunderabad-telangana-500003-a11est@zdata=MTcuNDMzNjc1Kzc4LjUwMTcwOCsxNythMTFlc3QrKw==ed
17,old delhi junction,1220000,67,2100,$0,3,43,https://www.mappls.com/place-old+delhi+railway+station-shyama+prasad+mukherji+marg-near+chandni+chowk+metro+station-mori+gate-chandni+chowk-new+delhi-delhi-110006-BT56ES@zdata=MjguNjYwOTM1Kzc3LjIyNzc4MSsxNytCVDU2RVMrK25yed
18,krishna vijayawada,1000000,42,2100,$0.16,2,19,https://www.mappls.com/ag88ln
19,wine shopee,1000000,4,97300,$0.08,1,21,https://www.mappls.com/1tvk4c
20,vijay sales,823000,16,9100,$7.45,42,60,https://www.mappls.com/rg27ux
21,delhi old delhi railway station,1000000,51,2100,$0.08,2,24,https://www.mappls.com/6d3s13
22,secunderabad junction railway station,1000000,28,2100,$0.08,4,21,https://www.mappls.com/place-secunderabad+junction+railway+station-secunderabad+railway+station+area-secunderabad-telangana-500003-a11est@zdata=MTcuNDMzNjc1Kzc4LjUwMTcwOCsxNythMTFlc3QrKw==ed
23,railway station old delhi,1000000,45,2100,$0.06,4,21,https://www.mappls.com/place-old+delhi+railway+station-shyama+prasad+mukherji+marg-near+chandni+chowk+metro+station-mori+gate-chandni+chowk-new+delhi-delhi-110006-BT56ES@zdata=MjguNjYwOTM1Kzc3LjIyNzc4MSsxNytCVDU2RVMrK25yed
24,railway station in old delhi,1220000,57,2100,$0.07,3,19,https://www.mappls.com/6d3s13
25,old delhi railway station delhi,1000000,31,2100,$0.08,2,24,https://www.mappls.com/place-old+delhi+railway+station-shyama+prasad+mukherji+marg-near+chandni+chowk+metro+station-mori+gate-chandni+chowk-new+delhi-delhi-110006-BT56ES@zdata=MjguNjYwOTM1Kzc3LjIyNzc4MSsxNytCVDU2RVMrK25yed
26,indraprastha gas limited cng station,1000000,15,11300,$0,1,35,https://www.mappls.com/place-indraprastha+gas+limited+cng+station-hp+petrol+pump-near+khan+market+metro+station-sujan+park-new+delhi-delhi-110003-HOXFPR@zdata=MjguNjAyMTg1Kzc3LjIzMDA4MSsxNytIT1hGUFIrK25yed
27,old delhi railway stations,1000000,50,2100,$0.08,2,25,https://www.mappls.com/6d3s13
28,secunderabad junction secunderabad telangana,1000000,29,2200,$0.10,4,26,https://www.mappls.com/place-secunderabad+junction+railway+station-secunderabad+railway+station+area-secunderabad-telangana-500003-a11est@zdata=MTcuNDMzNjc1Kzc4LjUwMTcwOCsxNythMTFlc3QrKw==ed
29,wine and shop,1000000,10,33800,$0.05,1,17,https://www.mappls.com/place-wine+shop-baramunda-bhubaneswar-odisha-751003-OK7O9J@zdata=MjAuMjczMjE2Kzg1Ljc5NDg1MysxNytPSzdPOUorKw==ed
30,delhi old railway station,1000000,52,2100,$0.06,4,22,https://www.mappls.com/6d3s13
31,old delhi railway station,1000000,44,2100,$0.06,4,21,https://www.mappls.com/place-old+delhi+railway+station+parking-18-shyama+prasad+mukherjee+marg-kaccha+bagh+area-chandni+chowk-new+delhi-delhi-110006-DE23MF@zdata=MjguNjYwNDYxKzc3LjIyNzU0NisxNytERTIzTUYrK25yed
32,marine drive,1000000,29,2100,$0.53,5,49,https://www.mappls.com/direction-from--to-marine+drive+marine+drive+mumbai?@zdata=ZnJvbSsrdG8rNzIuODI0MTQsMTguOTM4NTA0LDE3MlNUVCt2aWE=
33,secunderabad jn railway station,1000000,19,4300,$0.10,4,25,https://www.mappls.com/place-secunderabad+junction+railway+station-secunderabad+railway+station+area-secunderabad-telangana-500003-a11est@zdata=MTcuNDMzNjc1Kzc4LjUwMTcwOCsxNythMTFlc3QrKw==ed
34,old delhi station,1000000,59,2100,$0.08,2,36,https://www.mappls.com/6d3s13
35,gandhi nagar,1000000,37,2100,$0.08,3,43,"https://www.mappls.com/direction-from--to-gandhinagar;gandhi+nagar+ch+road,+sector+10,+gandhinagar,+gujarat,+382010+gandhinagar;gandhi+nagar?@zdata=ZnJvbSsrdG8rNzIuNjU4NjI0LDIzLjIyMDg2MixSRU1SMjcrdmlh"
36,chhatrapati shivaji international airport terminal 2,74000,28,2100,$0.12,13,30,https://www.mappls.com/place-chhatrapati+shivaji+international+airport+terminal+2-andheri+east-mumbai-maharashtra-400099-8pylme@zdata=MTkuMDk4OTkrNzIuODc1MzQ2KzE3KzhweWxtZSsred
37,old delhi junction railway station,1220000,53,2100,$0,3,35,https://www.mappls.com/place-old+delhi+railway+station-shyama+prasad+mukherji+marg-near+chandni+chowk+metro+station-mori+gate-chandni+chowk-new+delhi-delhi-110006-BT56ES@zdata=MjguNjYwOTM1Kzc3LjIyNzc4MSsxNytCVDU2RVMrK25yed
38,wine shop,1000000,9,33800,$0.83,1,47,https://www.mappls.com/place-english+wine+shop-station+road-nahar+para-raipur-chhattisgarh-492009-s71773@zdata=MjEuMjU2MTk3KzgxLjYzMDk2KzE3K3M3MTc3Mysred
39,old railway station delhi,1000000,45,2100,$0.06,4,22,https://www.mappls.com/6d3s13
40,old delhi railway station location,1220000,40,2100,$0.07,3,20,https://www.mappls.com/6d3s13
41,qutub minar,550000,75,1728,$0.47,5,49,https://www.mappls.com/n6oqyb
42,ambience mall,673000,17,7489,$1.07,10,51,https://www.mappls.com/a71f58
43,sealdah station kolkata,823000,23,4197,$0.08,2,34,https://www.mappls.com/direction-from--to-Sealdah%20Railway%20Station(%20Kolkata%20Sealdah%20Railway%20Station%20)@Zdata=ZnJvbSsrdG8rODguMzcwODQ5MDAwMDAwMSwyMi41Njc0MDQwMDAwMDAxK3ZpYQ==
44,panvel,673000,35,1728,$0,5,62,https://www.mappls.com/place-panvel+railway+station+east-sector+15-new+panvel+east-navi+mumbai-maharashtra-410206-DC2288@zdata=MTguOTkwOTgzKzczLjEyMjUwNysxNytEQzIyODgrK25yed
45,sealdah railway station kolkata,823000,23,2715,$0.10,4,27,https://www.mappls.com/direction-from--to-Sealdah%20Railway%20Station(%20Kolkata%20Sealdah%20Railway%20Station%20)@Zdata=ZnJvbSsrdG8rODguMzcwODQ5MDAwMDAwMSwyMi41Njc0MDQwMDAwMDAxK3ZpYQ==
46,ambience mall gurgaon,673000,23,2222,$1.07,10,46,https://www.mappls.com/8ss1ab
47,sealdah station,823000,22,4197,$0,8,50,https://www.mappls.com/direction-from--to-Sealdah%20Railway%20Station(%20Kolkata%20Sealdah%20Railway%20Station%20)@Zdata=ZnJvbSsrdG8rODguMzcwODQ5MDAwMDAwMSwyMi41Njc0MDQwMDAwMDAxK3ZpYQ==
48,hindustan petroleum,823000,26,2222,$0.36,1,48,https://www.mappls.com/p0837k
49,chandni chowk in new delhi,823000,107,1728,$0.12,3,26,https://www.mappls.com/place-gandhi+market-1864-chandni+chowk+road-maliwara-chandni+chowk-new+delhi-delhi-110006-5ia3ef@zdata=MjguNjU1OTk1Kzc3LjIzMTM3MysxNys1aWEzZWYrKw==ed
50,terminal 3 igi airport delhi,673000,39,1413,$0.12,3,23,https://www.mappls.com/place-indira+gandhi+international+airport+departure+terminal+3-indira+gandhi+international+airport-igi+t3+road-near+mehram+nagar-new+delhi-delhi-110037-D4CS6S@zdata=MjguNTU1MDEzKzc3LjA4NDM3KzE3K0Q0Q1M2UysrbnI=ed
51,post office near me,550000,39,1413,$0.41,1,35,https://www.mappls.com/23se1t
52,railway station thane,673000,35,1413,$0,4,44,https://www.mappls.com/place-thane+railway+station+west-jambli+naka-thane+west-thane-maharashtra-400601-CBDA35@zdata=MTkuMTg2NjA1KzcyLjk3NTQ2NCsxNytDQkRBMzUrK25yed
53,city mangalore,673000,30,1547,$0.24,1,38,https://www.mappls.com/6bb53s
54,laxmi nagar,550000,49,1413,$0.12,4,49,https://www.mappls.com/place-laxmi+nagar+metro+station-vikas+marg-block+d-lakshmi+nagar-new+delhi-delhi-110092-284TB1@zdata=MjguNjMwNDU2Kzc3LjI3NzM2NCsxNysyODRUQjErK25yed
55,indira gandhi airport terminal 3,673000,48,1413,$0.70,3,35,https://www.mappls.com/place-indira+gandhi+international+airport+arrival+terminal+3-indira+gandhi+international+airport-airport+road-new+delhi-delhi-110037-B8X9BD@zdata=MjguNTU1MDEzKzc3LjA4NDM3KzE3K0I4WDlCRCsrbnI=ed
56,delhi nizamuddin station,673000,49,1413,$0.09,3,30,https://www.mappls.com/place-hazrat+nizamuddin+railway+station-station+road-nizamuddin+east-new+delhi-delhi-110013-SHG9VR@zdata=MjguNTg4ODk0Kzc3LjI1MzUwOSsxNytTSEc5VlIrK25yed
57,block c,673000,16,5047,$0.11,3,18,https://www.mappls.com/kdrgo3
58,t3 delhi,673000,65,1413,$0.12,3,23,https://www.mappls.com/place-indira+gandhi+international+airport+departure+terminal+3-indira+gandhi+international+airport-igi+t3+road-near+mehram+nagar-new+delhi-delhi-110037-D4CS6S@zdata=MjguNTU1MDEzKzc3LjA4NDM3KzE3K0Q0Q1M2UysrbnI=ed
59,thane railway station,550000,38,1413,$0,5,44,https://www.mappls.com/place-thane+railway+station+west-jambli+naka-thane+west-thane-maharashtra-400601-CBDA35@zdata=MTkuMTg2NjA1KzcyLjk3NTQ2NCsxNytDQkRBMzUrK25yed
60,igi terminal 3 airport,673000,38,1413,$0.12,3,32,https://www.mappls.com/place-indira+gandhi+international+airport+departure+terminal+3-indira+gandhi+international+airport-igi+t3+road-near+mehram+nagar-new+delhi-delhi-110037-D4CS6S@zdata=MjguNTU1MDEzKzc3LjA4NDM3KzE3K0Q0Q1M2UysrbnI=ed
61,anand vihar,673000,64,1413,$0,7,50,https://www.mappls.com/place-anand+vihar+isbt+metro+station-anand+vihar-new+delhi-delhi-110092-bt81et@zdata=MjguNjQ2ODA3Kzc3LjMxNjAzMysxNytidDgxZXQrKw==ed
62,sbi atm near to me,673000,11,7604,$0.03,1,23,https://www.mappls.com/search-near-State%20Bank%20of%20India%20ATM(%20SBI%20ATM%20)@zdata=ODUuMjE2MzgsMjUuNzAxNjU3
63,lakshmi nagar delhi,550000,41,1413,$0.32,3,43,https://www.mappls.com/284tb1
64,atm near me sbi,673000,20,3432,$0.02,1,19,https://www.mappls.com/search-near-State%20Bank%20of%20India%20ATM(%20SBI%20ATM%20)@zdata=ODUuMjE2MzgsMjUuNzAxNjU3
65,terminal 3 igi,673000,40,1413,$0.12,3,24,https://www.mappls.com/place-indira+gandhi+international+airport+departure+terminal+3-indira+gandhi+international+airport-igi+t3+road-near+mehram+nagar-new+delhi-delhi-110037-D4CS6S@zdata=MjguNTU1MDEzKzc3LjA4NDM3KzE3K0Q0Q1M2UysrbnI=ed
66,sbi atm near me,673000,43,1413,$0,1,34,https://www.mappls.com/place-state+bank+of+india+atm-railway+station+area-jaipur-rajasthan-302016-E99DWK@zdata=MjYuOTIxMzErNzUuNzg3MDgrMTcrRTk5RFdLKytucg==ed
67,lokmanya tilak terminus railway station,450000,22,1815,$0.50,6,36,https://www.mappls.com/place-lokmanya+tilak+terminus-pipeline+road-lokmanya+tilak+terminus+railway+yard-kurla+east-mumbai-maharashtra-400089-3qfxrq@zdata=MTkuMDcxMTQxKzcyLjg5MTAwNisxNyszcWZ4cnErKw==ed
68,new delhi lajpat nagar,550000,44,1155,$0.16,4,22,https://www.mappls.com/place-lajpat+nagar+central+market-near+ashram+chowk-lajpat+nagar-south+delhi-new+delhi-delhi-110024-BAF345@zdata=MjguNTY5MjYrNzcuMjQxNjQrMTcrQkFGMzQ1Kys=ed
69,ev charging stations near me,301000,52,1155,$0.10,5,36,https://www.mappls.com/ev%20charging-near-me
70,delhi sarojini nagar market,550000,21,2805,$0,1,34,https://www.mappls.com/aqoqfb
71,india juhu beach,550000,30,1155,$0.10,6,31,https://www.mappls.com/place-juhu+beach+area-juhu-mumbai-maharashtra-400049-UAR8G7@appzdata=MTkuMDk2Njg4KzcyLjgyNTU4NSsxNStVQVI4RzcrKzI0MDAwed
72,satara location,450000,36,1155,$0.31,1,33,https://www.mappls.com/direction-from--to-Satara@Zdata=ZnJvbSsrdG8rNzQuMDAyOTYsMTcuNjgyMzIrdmlh
73,ramnagar nainital,550000,30,1155,$0.20,2,48,https://www.mappls.com/place-bus+stand-ramnagar-nainital+district-uttarakhand-244715-JXZ2FT@zdata=MjkuMzkzODU5Kzc5LjA5NDkyMisxNytKWFoyRlQrK25yed
74,majestic ksrtc bus terminal 2a,550000,20,2365,$0.11,5,22,https://www.mappls.com/place-kempegowda+bus+terminal+2-tank+bund+road-gandhi+nagar-bengaluru-karnataka-560023-rqxcrj@zdata=MTIuOTc2NjQ1Kzc3LjU3MTg5KzE3K3JxeGNyaisred
75,delhi rajiv chowk,550000,19,3245,$0.12,4,20,https://www.mappls.com/4q0rzr
76,dadar mumbai station,550000,44,1155,$0.09,3,22,https://www.mappls.com/f74ct3
77,gateway of india in mumbai,550000,39,1155,$0.07,7,24,https://www.mappls.com/ssbsat
78,vashi,450000,33,1155,$0.11,5,62,https://www.mappls.com/31a3t2
79,tilak terminus,550000,24,2365,$0.10,5,19,https://www.mappls.com/place-lokmanya+tilak+terminus-pipeline+road-lokmanya+tilak+terminus+railway+yard-kurla+east-mumbai-maharashtra-400089-3qfxrq@zdata=MTkuMDcxMTQxKzcyLjg5MTAwNisxNyszcWZ4cnErKw==ed
80,dadar station mumbai,450000,48,1155,$0.87,6,44,https://www.mappls.com/f74ct3
81,mumbai india gate,550000,26,1485,$0.07,7,22,https://www.mappls.com/ssbsat
82,juhu mumbai beach,550000,34,1155,$0.09,6,31,https://www.mappls.com/place-juhu+beach-juhu+tara+road-juhu-mumbai-maharashtra-400049-t2b8s2@zdata=MTkuMDk2OTk2KzcyLjgyNjE3NCsxNyt0MmI4czIrKw==ed
83,block d,550000,99,1155,$0.11,3,33,https://www.mappls.com/place-block+d+park-block+d-saket-new+delhi-delhi-110017-yc1lyu@zdata=MjguNTIyNDk2Kzc3LjIwNDc5NysxNyt5YzFseXUrKw==ed
84,juhu beach in mumbai,550000,32,1155,$0.41,6,36,https://www.mappls.com/place-juhu+beach+area-juhu-mumbai-maharashtra-400049-UAR8G7@appzdata=MTkuMDk2Njg4KzcyLjgyNTU4NSsxNStVQVI4RzcrKzI0MDAwed
85,juhu beach,550000,28,1210,$0.41,6,49,https://www.mappls.com/place-juhu+beach+area-juhu-mumbai-maharashtra-400049-UAR8G7@appzdata=MTkuMDk2Njg4KzcyLjgyNTU4NSsxNStVQVI4RzcrKzI0MDAwed
86,i o n digital zone,550000,13,10835,$0.07,7,18,https://www.mappls.com/yc1gpm
87,hsr layout bangalore,450000,85,1155,$0.19,16,23,https://www.mappls.com/place-hsr+layout+metro+station-outer+ring+road-sector+6-hsr+layout-bengaluru-karnataka-560102-DJFP5M@zdata=MTIuOTE2NDUxKzc3LjYzMzMyNCsxNytESkZQNU0rK25yed
88,mumbai dadar railway station,450000,41,1155,$0.08,3,20,https://www.mappls.com/f74ct3
89,sarojini market in new delhi,550000,26,1485,$0.03,1,26,https://www.mappls.com/aqoqfb
90,lokmanya tilak ltt station,550000,23,2805,$0.10,5,20,https://www.mappls.com/place-lokmanya+tilak+terminus-pipeline+road-lokmanya+tilak+terminus+railway+yard-kurla+east-mumbai-maharashtra-400089-3qfxrq@zdata=MTkuMDcxMTQxKzcyLjg5MTAwNisxNyszcWZ4cnErKw==ed
91,goa baga beach location,550000,39,1155,$0.06,10,38,https://www.mappls.com/place-baga+beach-baga-calangute-goa-403516-eaffet@zdata=MTUuNTU5NDM5KzczLjc1MDExNisxNytlYWZmZXQrKw==ed
92,kalyan station,368000,32,1155,$0,6,49,https://www.mappls.com/7fb245
93,dlf mall noida,550000,20,2365,$0.21,5,44,https://www.mappls.com/place-dlf+mall+of+india-plot+no+m+03-sector+18-noida-uttar+pradesh-201301-7tcdaf@zdata=MjguNTY3NTErNzcuMzIxMDY2KzE3Kzd0Y2RhZisred
94,c n g station near me,550000,20,2805,$0.02,1,14,https://www.mappls.com/cng%20station-near-me
95,atm of canara bank,550000,10,18590,$0.04,1,19,https://www.mappls.com/place-canara+bank+atm-bandra+west+branch-16th+road-bandra+west-mumbai-maharashtra-400050-b1dc67@zdata=MTkuMDY0OTc5KzcyLjgzMDcyOSsxNytiMWRjNjcrKw==ed
96,rajiv chowk in delhi,550000,32,1155,$0.12,4,28,https://www.mappls.com/4q0rzr
97,lokmanya tilak terminus mumbai maharashtra,550000,16,4125,$0.10,5,20,https://www.mappls.com/place-lokmanya+tilak+terminus-pipeline+road-lokmanya+tilak+terminus+railway+yard-kurla+east-mumbai-maharashtra-400089-3qfxrq@zdata=MTkuMDcxMTQxKzcyLjg5MTAwNisxNyszcWZ4cnErKw==ed
98,lokmanya station,550000,23,2365,$0.10,5,20,https://www.mappls.com/place-lokmanya+tilak+terminus-pipeline+road-lokmanya+tilak+terminus+railway+yard-kurla+east-mumbai-maharashtra-400089-3qfxrq@zdata=MTkuMDcxMTQxKzcyLjg5MTAwNisxNyszcWZ4cnErKw==ed
99,lajpat nagar new delhi,550000,38,1155,$0.16,4,21,https://www.mappls.com/place-lajpat+nagar+central+market-near+ashram+chowk-lajpat+nagar-south+delhi-new+delhi-delhi-110024-BAF345@zdata=MjguNTY5MjYrNzcuMjQxNjQrMTcrQkFGMzQ1Kys=ed
100,cng pump near me near me,450000,13,8250,$0.01,1,13,https://www.mappls.com/cng%20station-near-me
101,sarojini nagar market in delhi,550000,28,1210,$0,1,34,https://www.mappls.com/aqoqfb
102,lokmanya tilak terminus mumbai,368000,17,3080,$0.12,11,19,https://www.mappls.com/place-lokmanya+tilak+terminus-pipeline+road-lokmanya+tilak+terminus+railway+yard-kurla+east-mumbai-maharashtra-400089-3qfxrq@zdata=MTkuMDcxMTQxKzcyLjg5MTAwNisxNyszcWZ4cnErKw==ed
103,ev charging station near me,301000,54,1155,$0.10,5,36,https://www.mappls.com/ev%20charging-near-me
104,dlf mall of noida,550000,18,2365,$0.25,5,35,https://www.mappls.com/place-dlf+mall+of+india-plot+no+m+03-sector+18-noida-uttar+pradesh-201301-7tcdaf@zdata=MjguNTY3NTErNzcuMzIxMDY2KzE3Kzd0Y2RhZisred
105,beach juhu,550000,37,1155,$0.12,6,34,https://www.mappls.com/place-juhu+beach-juhu+tara+road-juhu-mumbai-maharashtra-400049-t2b8s2@zdata=MTkuMDk2OTk2KzcyLjgyNjE3NCsxNyt0MmI4czIrKw==ed
106,sector 18,550000,30,1155,$0.15,5,39,https://www.mappls.com/31d64e
107,shri siddhivinayak temple mumbai,450000,27,1815,$0.17,7,28,https://www.mappls.com/place-shree+siddhivinayak+mandir+prabhadevi-sk+bole+marg-prabhadevi-mumbai-maharashtra-400028-8W93DZ@zdata=MTkuMDE2OTY0KzcyLjgzMDM1MSsxNys4VzkzRForKw==ed
108,dadar railway station,450000,31,1155,$0,11,46,https://www.mappls.com/f74ct3
109,waltair visakhapatnam,550000,77,1155,$0.20,1,20,https://www.mappls.com/a54657
110,pharmacy close to me,450000,10,14080,$0.12,7,16,https://www.mappls.com/pharmacy-near-me
111,sarojini nagar market,550000,23,2365,$0,1,43,https://www.mappls.com/aqoqfb
112,sarojini nagar delhi market,550000,27,1265,$0.19,1,39,https://www.mappls.com/aqoqfb
113,lokmanya tilak station mumbai,368000,19,2365,$0.12,11,18,https://www.mappls.com/place-lokmanya+tilak+terminus-pipeline+road-lokmanya+tilak+terminus+railway+yard-kurla+east-mumbai-maharashtra-400089-3qfxrq@zdata=MTkuMDcxMTQxKzcyLjg5MTAwNisxNyszcWZ4cnErKw==ed
114,hsr layout,550000,57,1155,$0.13,9,50,https://www.mappls.com/place-hsr+layout+metro+station-outer+ring+road-sector+6-hsr+layout-bengaluru-karnataka-560102-DJFP5M@zdata=MTIuOTE2NDUxKzc3LjYzMzMyNCsxNytESkZQNU0rK25yed
115,new delhi sarojini nagar market,550000,30,1265,$0.04,1,21,https://www.mappls.com/aqoqfb
116,map of india,673000,21,2365,$0.13,79,66,https://www.mappls.com/
117,lokmanya tilak terminus station,550000,21,2805,$0.10,5,26,https://www.mappls.com/place-lokmanya+tilak+terminus-pipeline+road-lokmanya+tilak+terminus+railway+yard-kurla+east-mumbai-maharashtra-400089-3qfxrq@zdata=MTkuMDcxMTQxKzcyLjg5MTAwNisxNyszcWZ4cnErKw==ed
118,lokmanya tilak terminus in mumbai,550000,26,1320,$0.09,6,20,https://www.mappls.com/place-lokmanya+tilak+terminus-pipeline+road-lokmanya+tilak+terminus+railway+yard-kurla+east-mumbai-maharashtra-400089-3qfxrq@zdata=MTkuMDcxMTQxKzcyLjg5MTAwNisxNyszcWZ4cnErKw==ed
119,lokmanya tilak railway station,550000,24,1320,$0.09,6,19,https://www.mappls.com/place-lokmanya+tilak+terminus-pipeline+road-lokmanya+tilak+terminus+railway+yard-kurla+east-mumbai-maharashtra-400089-3qfxrq@zdata=MTkuMDcxMTQxKzcyLjg5MTAwNisxNyszcWZ4cnErKw==ed
120,kalyan junction,368000,59,1155,$0,6,49,https://www.mappls.com/place-kalyan+junction+railway+station+east+entry-kalyan+railway+yard-vithalwadi-kalyan-maharashtra-421306-DBETT6@zdata=MTkuMjM1MDUyKzczLjEzMTE0MisxNytEQkVUVDYrK25yed
121,panipat haryana,550000,85,1155,$0.10,1,30,https://www.mappls.com/place-canara+bank-sector+12-huda+industrial+area-panipat-haryana-132103-7mxh4o@zdata=MjkuMzgxOTE4Kzc2Ljk4NTM3NSsxNys3bXhoNG8rKw==ed
122,mumbai railway station lokmanya tilak terminus,550000,27,1320,$0.10,5,20,https://www.mappls.com/place-lokmanya+tilak+terminus-pipeline+road-lokmanya+tilak+terminus+railway+yard-kurla+east-mumbai-maharashtra-400089-3qfxrq@zdata=MTkuMDcxMTQxKzcyLjg5MTAwNisxNyszcWZ4cnErKw==ed
123,sarojini market of delhi,550000,31,1155,$0.09,1,30,https://www.mappls.com/aqoqfb
124,rajiv chowk station,550000,20,2805,$0.29,6,44,https://www.mappls.com/4q0rzr
125,sindhi camp,550000,26,1485,$0.19,5,49,"https://www.mappls.com/direction-from--to-,+sindhi+camp,+jaipur,+rajasthan,+302001?@zdata=ZnJvbSsrdG8rNzUuNzk2MTYxLDI2LjkyMTE4NCxVWlJKUEQrdmlh"
126,gurugram iffco chowk,550000,34,1155,$0.11,5,18,https://www.mappls.com/place-iffco+chowk+bus+stop-sector+29-gurugram-haryana-122007-746E54@zdata=MjguNDc2OTY3Kzc3LjA2ODc5OCsxNys3NDZFNTQrK25yed
127,shiv mandir,450000,32,1155,$0.59,1,48,https://www.mappls.com/72t2al
128,mira road,550000,50,1155,$0.19,5,49,https://www.mappls.com/86u0vv
129,gachibowli hyderabad,550000,45,1155,$0.16,11,39,"https://www.mappls.com/direction-from--to-hyderabad+gachibowli,+hyderabad,+telangana,+500032+hyderabad?@zdata=ZnJvbSsrdG8rNzguMzM5MTg3LDE3LjQ0MzY5OCxYMzBUMVordmlh"
130,dadar station,450000,46,1155,$0,11,34,https://www.mappls.com/f74ct3
131,ltt location,550000,5,89100,$0.10,5,19,https://www.mappls.com/place-lokmanya+tilak+terminus-pipeline+road-lokmanya+tilak+terminus+railway+yard-kurla+east-mumbai-maharashtra-400089-3qfxrq@zdata=MTkuMDcxMTQxKzcyLjg5MTAwNisxNyszcWZ4cnErKw==ed
132,mumbai ltt railway station,450000,23,2365,$0,4,36,https://www.mappls.com/place-lokmanya+tilak+terminus-pipeline+road-lokmanya+tilak+terminus+railway+yard-kurla+east-mumbai-maharashtra-400089-3qfxrq@zdata=MTkuMDcxMTQxKzcyLjg5MTAwNisxNyszcWZ4cnErKw==ed
133,noida sector 18,450000,38,1155,$0.55,9,45,https://www.mappls.com/31d64e
134,lokmanya tilak mumbai,550000,16,3245,$0.10,5,19,https://www.mappls.com/place-lokmanya+tilak+terminus-pipeline+road-lokmanya+tilak+terminus+railway+yard-kurla+east-mumbai-maharashtra-400089-3qfxrq@zdata=MTkuMDcxMTQxKzcyLjg5MTAwNisxNyszcWZ4cnErKw==ed
135,lokmanya railway station mumbai,550000,22,2365,$0.10,5,25,https://www.mappls.com/place-lokmanya+tilak+terminus-pipeline+road-lokmanya+tilak+terminus+railway+yard-kurla+east-mumbai-maharashtra-400089-3qfxrq@zdata=MTkuMDcxMTQxKzcyLjg5MTAwNisxNyszcWZ4cnErKw==ed
136,lajpat nagar delhi,550000,40,1155,$0.16,4,44,https://www.mappls.com/place-lajpat+nagar+central+market-near+ashram+chowk-lajpat+nagar-south+delhi-new+delhi-delhi-110024-BAF345@zdata=MjguNTY5MjYrNzcuMjQxNjQrMTcrQkFGMzQ1Kys=ed
137,ltt location,550000,5,89100,$0.10,5,19,https://www.mappls.com/place-lokmanya+tilak+terminus-pipeline+road-lokmanya+tilak+terminus+railway+yard-kurla+east-mumbai-maharashtra-400089-3qfxrq@zdata=MTkuMDcxMTQxKzcyLjg5MTAwNisxNyszcWZ4cnErKw==ed
138,mumbai ltt railway station,450000,23,2365,$0,4,36,https://www.mappls.com/place-lokmanya+tilak+terminus-pipeline+road-lokmanya+tilak+terminus+railway+yard-kurla+east-mumbai-maharashtra-400089-3qfxrq@zdata=MTkuMDcxMTQxKzcyLjg5MTAwNisxNyszcWZ4cnErKw==ed
139,tp nagar lucknow,368000,20,1935,$0.07,8,45,https://www.mappls.com/10b57w
140,roorkee,450000,9,15210,$0,1,60,https://www.mappls.com/lwxw5w
141,restroom public,301000,61,945,$0.28,3,51,https://www.mappls.com/place-public+toilet-ground+floor-sethu+rao+road-bengaluru-karnataka-560002-788RYG@zdata=MTIuOTY2MTY2Kzc3LjU3NTg1MisxNys3ODhSWUcrK25yed
142,raj high court,450000,12,5085,$0.09,1,28,https://www.mappls.com/fs2dt1
143,jbs bus stop stand,550000,17,3375,$0.11,5,18,https://www.mappls.com/g7skre
144,coimbatore gandhipuram,450000,19,2655,$0.40,5,49,https://www.mappls.com/place-gandhipuram+central+bus+stand-ram+nagar-coimbatore-tamil+nadu-641009-733s4a@zdata=MTEuMDE0MTUrNzYuOTY3KzE3KzczM3M0YSsred
145,rj high court,450000,17,2520,$0.09,1,29,https://www.mappls.com/fs2dt1
146,raj court,450000,23,1485,$0.09,1,36,https://www.mappls.com/fs2dt1
147,public lavatories,368000,30,945,$0.16,1,19,https://www.mappls.com/place-public+toilet+&+bathroom-jvlr-powai-mumbai-maharashtra-400076-2F13L2@zdata=MTkuMTIzNDIyKzcyLjg5NzYzNSsxNysyRjEzTDIrK25yed
148,delhi nehru place,450000,29,990,$0.13,5,24,https://www.mappls.com/place-nehru+place+market-nehru+place+market+road-nehru+place-new+delhi-delhi-110019-6FA7AB@zdata=MjguNTQ4MjUyKzc3LjI1MjE3MSsxNys2RkE3QUIrKw==ed
149,vt railway station,390,34,945,$0,1,35,https://www.mappls.com/617xvu
150,transport nagar lucknow,368000,15,4095,$0.12,8,21,https://www.mappls.com/10b57w
151,hi tech city hyderabad,450000,33,945,$0.13,6,26,"https://www.mappls.com/direction-from--to-hyderabad+hi+tech+city+main+road,+near+cyber+towers,+jubilee+enclave,+hi+tech+city,+madhapur,+hyderabad,+telangana,+500081+hyderabad?@zdata=ZnJvbSsrdG8rNzguMzc5OTQ1LDE3LjQ1MjUwMSxBNDg4RDM7NzguMzc5MzE5LDE3LjQ1MTQzMixBNDg4RDMrdmlh"
152,rajasthan high court,450000,12,4095,$0.09,1,35,https://www.mappls.com/fs2dt1
153,near petrol pump,450000,10,11520,$0.12,1,43,https://www.mappls.com/petrol-pump-near-me
154,bandra terminus railway station,368000,22,1935,$0.05,6,36,https://www.mappls.com/place-bandra+terminus+railway+station-station+road-bandra+terminus+area-naupada-bandra+east-mumbai-maharashtra-400051-94ydct@zdata=MTkuMDY0NjY2KzcyLjg0MTQxMysxNys5NHlkY3QrKw==ed
155,tp nagar,450000,20,1935,$0.12,5,20,https://www.mappls.com/place-transport+nagar-hardwar-haridwar+district-uttarakhand-249407-22ANG9@zdata=MjkuOTExNTE1Kzc4LjEwMTU2NCsxNysyMkFORzkrKw==ed
156,lulu mall at ernakulam,450000,25,1080,$0.06,4,34,https://www.mappls.com/gqdoyj
157,raj high court jodhpur,450000,17,2295,$0.11,1,44,https://www.mappls.com/place-rajasthan+high+court-dangiyawas+bypass-jodhpur-rajasthan-342016-UKK6Q6@zdata=MjYuMjE1MjU2KzczLjA0ODUyMisxNytVS0s2UTYrK25yed
158,high court rajasthan,450000,12,5085,$0.09,1,32,https://www.mappls.com/fs2dt1
159,indian karnal,450000,48,945,$0.13,1,21,https://www.mappls.com/place-indian+bank+atm-sector+6-karnal-haryana-132001-AXA1I7@zdata=MjkuNjc2MzU2Kzc3LjAwODUxMSsxNytBWEExSTcrK25yed
160,high court in rajasthan,450000,21,2295,$0.09,1,43,https://www.mappls.com/fs2dt1
161,toilets public,450000,38,945,$0.10,1,37,https://www.mappls.com/place-public+toilet-gayatri+nagar-gwalior-madhya+pradesh-474005-8L44W9@zdata=MjYuMjUxNzYxKzc4LjIxNTg2MysxNys4TDQ0VzkrK25yed
162,t p nagar lucknow,450000,17,2520,$0.12,5,19,https://www.mappls.com/10b57w
163,nehru place in delhi,450000,38,945,$0.12,4,25,https://www.mappls.com/place-nehru+place+market-nehru+place+market+road-nehru+place-new+delhi-delhi-110019-6FA7AB@zdata=MjguNTQ4MjUyKzc3LjI1MjE3MSsxNys2RkE3QUIrKw==ed
164,nearest petrol pump,368000,12,6750,$0.15,1,42,https://www.mappls.com/petrol-pump-near-me
165,punjab bank atm,450000,21,1935,$0.02,1,19,https://www.mappls.com/search-near-Punjab%20National%20Bank%20ATM(%20PNB%20ATM%20)@zdata=ODEuMjkzMTEsMjQuNTMzODUx
166,konark sun temple location,450000,45,945,$0.03,5,47,https://www.mappls.com/7d8t33
167,mumbai central railway station,450000,31,945,$0.19,5,36,https://www.mappls.com/place-mumbai+central+railway+station+east-bhulabhai+desai+road-opposite+st+depot-mumbai+central-mumbai-maharashtra-400008-da1ad6@zdata=MTguOTY5NzA4KzcyLjgxOTU5OCsxNytkYTFhZDYrKw==ed
168,punjab national bank atm,450000,16,4095,$0.04,1,19,https://www.mappls.com/search-near-Punjab%20National%20Bank%20ATM(%20PNB%20ATM%20)@zdata=ODEuMjkzMTEsMjQuNTMzODUx
169,near cng pump,673000,18,2520,$0.14,1,43,https://www.mappls.com/cng%20station-near-me
170,chhatrapati shivaji maharaj terminus,368000,47,945,$0.42,5,36,https://www.mappls.com/617xvu
171,chinchwad pune,450000,97,945,$0.10,4,25,https://www.mappls.com/place-chinchwad+railway+station-mumbai+pune+highway-chinchwad-pimpri+chinchwad-maharashtra-411033-A8B324@zdata=MTguNjQwMzUxKzczLjc5MTQ4MisxNytBOEIzMjQrK25yed
172,shastri nagar,368000,38,945,$0.13,3,48,https://www.mappls.com/place-shastri+nagar+metro+station-vir+banda+bairagi+marg-shastri+nagar-new+delhi-delhi-110035-e1f82d@zdata=MjguNjY5OTg4Kzc3LjE4MTc4KzE3K2UxZjgyZCsred
173,mumbai chhatrapati shivaji terminus railway station,8100,32,945,$0.11,2,35,https://www.mappls.com/617xvu
174,public toilet,301000,43,945,$0,4,49,https://www.mappls.com/place-public+toilet-1st+main+road-maruthi+nagar-madivala-bengaluru-karnataka-560068-PPWDOM@zdata=MTIuOTI0MjEzKzc3LjYxNDYwNSsxNytQUFdET00rK25yed
175,bangalore palace,450000,25,1485,$0.51,7,50,https://www.mappls.com/64f84e
176,mumbai bandra terminus,301000,24,1215,$0,10,46,https://www.mappls.com/place-bandra+terminus+railway+station-station+road-bandra+terminus+area-naupada-bandra+east-mumbai-maharashtra-400051-94ydct@zdata=MTkuMDY0NjY2KzcyLjg0MTQxMysxNys5NHlkY3QrKw==ed
177,express avenue,301000,15,2171,$0.63,12,51,https://www.mappls.com/68ss43
178,public bathroom near me,368000,32,772,$0,1,34,"https://www.mappls.com/toilets/near/13.094318,80.291956"
179,nellore location,368000,36,772,$0.08,1,35,https://www.mappls.com/search-near-Nellore@zdata=NzkuOTg3OTQsMTQuNDYwOTY=
180,sarai kale khan,301000,20,2060,$0,6,44,https://www.mappls.com/place-hazrat+nizamuddin+railway+station+sarai+kale+khan+side-ustad+hafiz+ali+khan+sahib+marg-nizamuddin+east-new+delhi-delhi-110013-n6yt8b@zdata=MjguNTg4NTIrNzcuMjU0ODQ4KzE3K242eXQ4Yisred
181,magadh university in bihar,368000,32,772,$1.10,1,17,https://www.mappls.com/4k3b59
182,ankleshwar gujarat india,368000,45,772,$0.06,1,22,"https://www.mappls.com/direction-from--to-ankleshwar;anklesvar+phase+2,+ankleshwar+gidc,+ankleshwar,+gujarat,+393002+ankleshwar;anklesvar?@zdata=ZnJvbSsrdG8rNzMuMDI4MzQyLDIxLjYxNjk5OCwzQVBUTVErdmlh"
183,malegaon in maharashtra,368000,82,772,$0.07,1,21,https://www.mappls.com/f34b81
184,public toilets close to me,368000,16,3348,$0.25,1,29,"https://www.mappls.com/toilets/near/22.4752,88.343186"
185,phoenix market city pune,368000,19,1582,$0.16,5,36,https://www.mappls.com/b5tba3
186,oberoi mall,368000,16,2060,$0.30,4,49,https://www.mappls.com/place-oberoi+mall-oberoi+garden+city-ground+floor-near+international+business+park-off+western+express+highway-goregaon+east-mumbai-maharashtra-400063-2dc615@zdata=MTkuMTczOTU2KzcyLjg2MDQ3OSsxNysyZGM2MTUrKw==ed
187,select citywalk mall delhi,368000,26,846,$0.11,5,24,"https://www.mappls.com/direction-from--to-select+citywalk(+select+citywalk+mall+)+a,+3+district+centre,+press+enclave+road,+press+enclave,+saket,+new+delhi,+delhi,+110017+new+delhi?@zdata=ZnJvbSsrdG8rNzcuMjE4NzczLDI4LjUzMDA0NCxFOEFDM1Mrdmlh"
188,varanasi junction,301000,62,772,$0.86,5,49,https://www.mappls.com/ffcd7f
189,near me public toilet,368000,27,809,$0.29,1,19,"https://www.mappls.com/toilets/near/21.175504,72.804491"
190,muvattupuzha,368000,103,772,$0,1,61,"https://www.mappls.com/direction-from--to-+muvattupuzha,+ernakulam+district,+kerala,+686670?@zdata=ZnJvbSsrdG8rNzYuNjM4NDY0LDkuOTQyMTIwMDAwMDAwMSxKNUI1UVcrdmlh"
191,goregaon east,368000,52,772,$0.16,3,48,https://www.mappls.com/place-goregaon+railway+station+east-goregaon+east-mumbai-maharashtra-400063-3BT1FA@zdata=MTkuMTY1MDcyKzcyLjg0OTk4NysxNyszQlQxRkErK25yed
192,express avenue mall chennai,301000,19,1876,$0,12,38,https://www.mappls.com/68ss43
193,express avenue mall,301000,20,1582,$0.67,6,44,https://www.mappls.com/68ss43
194,siddhivinayak mumbai temple,368000,33,772,$0.05,3,40,https://www.mappls.com/place-shree+siddhivinayak+mandir+prabhadevi-sk+bole+marg-prabhadevi-mumbai-maharashtra-400028-8W93DZ@zdata=MTkuMDE2OTY0KzcyLjgzMDM1MSsxNys4VzkzRForKw==ed
195,kale khan delhi,368000,66,772,$0.10,3,19,https://www.mappls.com/place-hazrat+nizamuddin+railway+station+sarai+kale+khan+side-ustad+hafiz+ali+khan+sahib+marg-nizamuddin+east-new+delhi-delhi-110013-n6yt8b@zdata=MjguNTg4NTIrNzcuMjU0ODQ4KzE3K242eXQ4Yisred
196,jaipur train station,368000,38,772,$0.05,4,24,https://www.mappls.com/place-jaipur+railway+station-railway+station+area-jaipur-rajasthan-302016-E5FE4E@zdata=MjYuOTIwMzc4Kzc1Ljc4NzA2NSsxNytFNUZFNEUrK25yed
197,besant nagar beach,301000,31,883,$0.20,8,45,https://www.mappls.com/direction-from--to-besant+nagar+beach?@zdata=ZnJvbSsrdG8rODAuMjcwODI1LDEyLjk5ODYzOSw2QTRDNEMrdmlh
198,bandra bkc,301000,48,772,$0.33,7,50,https://www.mappls.com/place-bkc+food+court-bandra+kurla+complex+road-bandra+east-mumbai-maharashtra-400051-PLM437@zdata=MTkuMDY1NDQ1KzcyLjg2MTU0NCsxNytQTE00MzcrK25yed
199,select city walk new delhi,368000,30,772,$0.11,5,31,https://www.mappls.com/xgnxk6
200,nexus mall koramangala,301000,29,772,$0.20,15,47,https://www.mappls.com/cgckrt
201,block e,368000,10,9420,$0.12,3,19,https://www.mappls.com/efbb75
202,siddhivinayak temple,368000,23,1582,$0.50,3,48,https://www.mappls.com/place-shree+siddhivinayak+mandir+prabhadevi-sk+bole+marg-prabhadevi-mumbai-maharashtra-400028-8W93DZ@zdata=MTkuMDE2OTY0KzcyLjgzMDM1MSsxNys4VzkzRForKw==ed
203,select citywalk new delhi delhi,368000,18,1876,$0.07,4,29,https://www.mappls.com/xgnxk6
204,chapra in bihar,368000,52,772,$0.06,1,22,https://www.mappls.com/place-chhapra+children+park-saran-chapra-bihar-841301-7N2L7A@zdata=MjUuNzgwNjQrODQuNzM0NjYyKzE3KzdOMkw3QSsrbnI=ed
205,nearest public toilets to me,368000,20,2060,$0.25,1,27,"https://www.mappls.com/toilets/near/20.300465,85.867093"
206,jaipur railway station,368000,43,772,$0.07,4,31,https://www.mappls.com/place-jaipur+railway+station-railway+station+area-jaipur-rajasthan-302016-E5FE4E@zdata=MjYuOTIwMzc4Kzc1Ljc4NzA2NSsxNytFNUZFNEUrK25yed
207,btm layout bangalore,301000,21,1582,$0.13,6,28,https://www.mappls.com/c7bd55
208,majnu ka tila,301000,26,883,$0,2,43,https://www.mappls.com/direction-from--to-majnu+ka+tila+delhi+new+delhi?@zdata=ZnJvbSsrdG8rNzcuMjI3NTg4LDI4LjcwMjc3NyxCN0ZDRkIrdmlh
209,parking areas,368000,25,1582,$0.21,2,34,"https://www.mappls.com/parking/near/28.609631,77.359175"
210,express avenue chennai,301000,33,772,$0.63,12,46,https://www.mappls.com/68ss43
211,bhilwara rj,368000,13,5520,$0.13,1,18,"https://www.mappls.com/direction-from--to-blue+chilly,+rj+sh+12,+subhash+nagar,+bhilwara,+rajasthan,+311001?@zdata=ZnJvbSsrdG8rNzQuNjI1NDE3LDI1LjM3MTA5NixMUFo4RDIrdmlh"
212,malviya nagar delhi,368000,52,772,$0.16,5,25,https://www.mappls.com/k5sej8
213,railway station of jaipur,368000,45,772,$0.05,4,31,https://www.mappls.com/place-jaipur+railway+station-railway+station+area-jaipur-rajasthan-302016-E5FE4E@zdata=MjYuOTIwMzc4Kzc1Ljc4NzA2NSsxNytFNUZFNEUrK25yed
214,phoenix mall pune,368000,22,993,$0.01,6,44,https://www.mappls.com/b5tba3
215,express avenue in chennai,368000,17,2060,$0.18,5,25,https://www.mappls.com/68ss43
216,bhiwadi alwar,301000,43,772,$0.08,1,19,https://www.mappls.com/place-bdi+bhiwadi-alwar+bhiwadi+bypass+road-sector+17-bhiwadi-rajasthan-301019-7T6JDP@zdata=MjguMTk3NDErNzYuODExMysxNys3VDZKRFArK25yed
217,select citywalk new delhi,368000,17,2171,$0.11,5,25,https://www.mappls.com/xgnxk6
218,public toilet close to me,368000,29,772,$0.25,1,19,https://www.mappls.com/search-near-Public%20Toilet@zdata=NzcuNTQxMTIsMjguNDY4MDU5
219,rajouri delhi,368000,20,1582,$0.14,3,25,https://www.mappls.com/zetbxj
220,b t m layout bangalore,368000,44,772,$0.11,6,21,https://www.mappls.com/c7bd55
221,select city walk,368000,22,1582,$0,9,45,https://www.mappls.com/xgnxk6
222,chittoor city,368000,81,772,$0.13,1,45,https://www.mappls.com/7e5ft3
223,new bus stand salem,301000,6,35806,$0,6,36,https://www.mappls.com/place-salem+new+bus+stand-angammal+colony-salem-tamil+nadu-636004-8ftb22@zdata=MTEuNjY4Njg2Kzc4LjEzOTIxMisxNys4ZnRiMjIrK25yed
224,public toilet near me,368000,16,2760,$0,1,35,https://www.mappls.com/place-public+toilet-gayatri+nagar-gwalior-madhya+pradesh-474005-8L44W9@zdata=MjYuMjUxNzYxKzc4LjIxNTg2MysxNys4TDQ0VzkrK25yed
225,haryana ambala cantt,301000,45,632,$0.17,1,29,"https://www.mappls.com/direction-from--to-ambala+ambala+cantt+station,+ambala,+haryana,+133001+ambala?@zdata=ZnJvbSsrdG8rNzYuODIyOTMsMzAuMzQ5ODA3LDdDRUI1NCt2aWE="
226,ongole in ap,301000,43,632,$0.16,1,22,"https://www.mappls.com/direction-from--to-+ongole,+prakasam+district,+andhra+pradesh,+523182?@zdata=ZnJvbSsrdG8rODAuMTEzNTksMTUuNTUyODM2LFZZRFdOQit2aWE="
227,near toilet to me,246000,49,632,$0.04,3,32,https://www.mappls.com/place-bbmp+public+pay+&+use+toilet-3rd+main+road-rahmath+nagar+rt+nagar-bengaluru-karnataka-560032-QUDGFX@zdata=MTMuMDE5Njc3Kzc3LjU5NjExOSsxNytRVURHRlgrK25yed
228,kashmiri gate delhi,246000,53,632,$0.11,3,26,https://www.mappls.com/place-kashmere+gate+metro+station-near+kashmiri+gate+isbt-kashmere+gate-new+delhi-delhi-110006-FFSA82@zdata=MjguNjY3NDkyKzc3LjIyODI0OCsxNytGRlNBODIrK25yed
229,delhi rohilla,301000,35,632,$0.11,4,19,https://www.mappls.com/place-delhi+sarai+rohilla+railway+station-guru+gobind+singh+marg-railway+officers+colony-new+rohtak+road-sarai+rohilla-new+delhi-delhi-110005-bct38b@zdata=MjguNjYzMjA3Kzc3LjE4NjA0MisxNytiY3QzOGIrKw==ed
230,bangalore majestic bus stand,1000000,19,2257,$0.25,10,38,https://www.mappls.com/place-kempegowda+bus+stand+terminal+3-tank+bund+road-opposite+the+quiet+silk+house-kempegowda-majestic-bengaluru-karnataka-560023-uvuqn4@zdata=MTIuOTc0Nzk0Kzc3LjU3MTM3MysxNyt1dnVxbjQrKw==ed
231,railway stations in visakhapatnam,301000,41,632,$0.11,3,18,https://www.mappls.com/place-visakhapatnam+railway+station-railway+colony-visakhapatnam-andhra+pradesh-530004-3C6A8B@zdata=MTcuNzIwNzU2KzgzLjI5MDY5MysxNyszQzZBOEIrK25yed
232,quilon kerala,246000,28,722,$0.43,1,37,https://www.mappls.com/place-quilon+computer+services-aradhana+nagar-kollam-kerala-691002-rp022t@zdata=OC44OTE2ODEwMDAwMDAxKzc2LjU5NTYzMisxNytycDAyMnQrKw==ed
233,mantri square mall bangalore,301000,19,1535,$0.08,5,28,https://www.mappls.com/767seb
234,e c o park,301000,19,1685,$0.11,4,24,https://www.mappls.com/place-eco+park-ramdev+guda-hyderabad-telangana-500031-DB852T@zdata=MTcuMzc1ODkzKzc4LjM4Mjc5MysxNytEQjg1MlQrK25yed
235,dombivli,301000,99,632,$0.34,4,62,https://www.mappls.com/place-dombivali+east+railway+station-nehru+road-ram+nagar-dombivli+east-kalyan-maharashtra-421201-SFS7SA@zdata=MTkuMjE4NTAyKzczLjA4NzY5KzE3K1NGUzdTQSsrbnI=ed
236,delhi rohilla station,301000,37,632,$0.11,4,19,https://www.mappls.com/place-delhi+sarai+rohilla+railway+station-guru+gobind+singh+marg-railway+officers+colony-new+rohtak+road-sarai+rohilla-new+delhi-delhi-110005-bct38b@zdata=MjguNjYzMjA3Kzc3LjE4NjA0MisxNytiY3QzOGIrKw==ed
237,delhi pitampura,301000,98,632,$0.15,3,33,https://www.mappls.com/place-du+block+park-block+du-pitampura-new+delhi-delhi-110034-IX3YEO@zdata=MjguNzEzODg2Kzc3LjE0NDI4MysxNytJWDNZRU8rK25yed
238,coimbatore junction railway station,301000,37,632,$0,4,36,https://www.mappls.com/place-coimbatore+railway+junction+main+building-coimbatore+central-coimbatore-tamil+nadu-641018-VZR7OU@zdata=MTAuOTk2MTE2Kzc2Ljk2Nzg1MisxNytWWlI3T1UrKw==ed
239,begumpet in hyderabad,301000,63,632,$0.11,5,27,"https://www.mappls.com/direction-from--to-hyderabad+begumpet,+hyderabad,+telangana,+500016+hyderabad?@zdata=ZnJvbSsrdG8rNzguNDY2Mjc0LDE3LjQ0NDYzLFZZTFg0Tit2aWE="
240,tata power charging stations,246000,44,632,$0.25,2,34,https://www.mappls.com/k8nuxx
241,vskp railway station,301000,37,632,$0.11,3,20,https://www.mappls.com/place-visakhapatnam+railway+station-railway+colony-visakhapatnam-andhra+pradesh-530004-3C6A8B@zdata=MTcuNzIwNzU2KzgzLjI5MDY5MysxNyszQzZBOEIrK25yed
242,mohan nagar ghaziabad,301000,37,632,$0,5,44,https://www.mappls.com/place-mohan+nagar+bus+stop-mohan+nagar-ghaziabad-uttar+pradesh-201007-SD5DSS@zdata=MjguNjc4MjQyKzc3LjM4NTQyOCsxNytTRDVEU1MrK25yed
243,kondapur hyderabad,301000,39,632,$0.11,8,28,"https://www.mappls.com/direction-from--to-,+kondapur,+hyderabad,+telangana,+500084?@zdata=ZnJvbSsrdG8rNzguMzY4MjU4LDE3LjQ1NzU1NixDMkI1NjIrdmlh"
244,ghaziabad railway station,246000,37,632,$0.09,6,44,https://www.mappls.com/place-ghaziabad+junction+railway+station-mawai+road-bhur+bharat+nagar-ghaziabad-uttar+pradesh-201009-8S2S43@zdata=MjguNjUyOTg5Kzc3LjQyODQ0OSsxNys4UzJTNDMrK25yed
245,sarai rohilla station location,301000,16,1775,$0.10,4,20,https://www.mappls.com/place-delhi+sarai+rohilla+railway+station-guru+gobind+singh+marg-railway+officers+colony-new+rohtak+road-sarai+rohilla-new+delhi-delhi-110005-bct38b@zdata=MjguNjYzMjA3Kzc3LjE4NjA0MisxNytiY3QzOGIrKw==ed
246,toilet close to me,246000,19,1685,$0.04,3,28,https://www.mappls.com/search-near-Pay%20and%20Use%20Toilet@zdata=ODguMTQyMTU2LDI0Ljk5NzA4Mg==
247,lal kuan,301000,51,632,$0,3,48,https://www.mappls.com/place-lalkuan+junction+railway+station-nh+109-lalkuan-uttarakhand-262402-86DTCC@zdata=MjkuMDcwMzAyKzc5LjUxNjkyNisxNys4NkRUQ0MrKw==ed
248,cbd belapur navi mumbai,301000,30,632,$0.12,4,24,https://www.mappls.com/ngx4q1
249,prayagraj junction,550000,37,632,$0,5,49,https://www.mappls.com/s7d7f4
250,manyata tech park,301000,22,1535,$0.85,8,45,https://www.mappls.com/35s4b5
251,madhapur hyderabad,301000,32,632,$0.14,7,24,"https://www.mappls.com/direction-from--to-hyderabad+madhapur+road,+hi+tech+city,+madhapur,+hyderabad,+telangana,+500081+hyderabad?@zdata=ZnJvbSsrdG8rNzguMzc5NTg4LDE3LjQ1MzEwOCwyRUJDMzErdmlh"
252,moti nagar,246000,27,692,$0.99,4,49,https://www.mappls.com/place-moti+nagar+society-paldi-ahmedabad-gujarat-380007-STTI6U@zdata=MjMuMDExNTA4KzcyLjU1OTE3OCsxNytTVFRJNlUrKw==ed
253,ongole andhra,301000,26,812,$0.16,1,29,"https://www.mappls.com/direction-from--to-+ongole,+prakasam+district,+andhra+pradesh,+523182?@zdata=ZnJvbSsrdG8rODAuMTEzNTksMTUuNTUyODM2LFZZRFdOQit2aWE="
254,coimbatore jn,301000,53,632,$0.11,4,20,https://www.mappls.com/place-coimbatore+railway+junction+main+building-coimbatore+central-coimbatore-tamil+nadu-641018-VZR7OU@zdata=MTAuOTk2MTE2Kzc2Ljk2Nzg1MisxNytWWlI3T1UrKw==ed
255,greenpark,246000,28,692,$0.26,5,62,https://www.mappls.com/cpi2gn
256,assam guwahati kamakhya temple,301000,53,632,$0.04,9,40,https://www.mappls.com/place-kamakhya+temple-nilachal+hill-kamakhya+mandir+road-guwahati-assam-781010-E5D3E4@zdata=MjYuMTY2NDA1KzkxLjcwNTUrMTcrRTVEM0U0Kys=ed
257,delhi s rohilla,301000,29,632,$0,6,44,https://www.mappls.com/place-delhi+sarai+rohilla+railway+station-guru+gobind+singh+marg-railway+officers+colony-new+rohtak+road-sarai+rohilla-new+delhi-delhi-110005-bct38b@zdata=MjguNjYzMjA3Kzc3LjE4NjA0MisxNytiY3QzOGIrKw==ed
258,airport in jaipur india,246000,53,632,$0.13,4,39,https://www.mappls.com/i52w47
259,crawford market mumbai,12100,18,1775,$0,1,16,https://www.mappls.com/f65qvj
260,civil line,301000,66,632,$0.11,4,40,https://www.mappls.com/place-civil+line+police+station-civil+lines-raipur-chhattisgarh-492001-j6qzud@zdata=MjEuMjM5Mzg3KzgxLjY0ODgzKzE3K2o2cXp1ZCsred
261,city durgapur,301000,42,632,$0.13,1,26,https://www.mappls.com/vjfhbm
262,indore junction,165000,23,1294,$0,10,51,https://www.mappls.com/rluf4o
263,green park,246000,19,1685,$0.31,5,49,https://www.mappls.com/cpi2gn
264,kondapur in hyderabad,301000,38,632,$0.14,6,19,"https://www.mappls.com/direction-from--to-,+kondapur,+hyderabad,+telangana,+500084?@zdata=ZnJvbSsrdG8rNzguMzY4MjU4LDE3LjQ1NzU1NixDMkI1NjIrdmlh"
265,s g r hospital,301000,24,812,$0.32,4,17,https://www.mappls.com/dbb66a
266,nizamuddin railway station new delhi,301000,51,632,$0.11,3,32,https://www.mappls.com/place-hazrat+nizamuddin+railway+station-station+road-nizamuddin+east-new+delhi-delhi-110013-SHG9VR@zdata=MjguNTg4ODk0Kzc3LjI1MzUwOSsxNytTSEc5VlIrK25yed
267,near by cng pump near me,201000,12,4515,$0,1,34,https://www.mappls.com/cng%20station-near-me
268,park eco,301000,23,1294,$0.11,4,32,https://www.mappls.com/lxe3b8
269,belapur navi mumbai,301000,43,632,$0.13,4,23,https://www.mappls.com/place-belapur+cbd+railway+station+west-belapur-navi+mumbai-maharashtra-400614-2571E6@zdata=MTkuMDE5NzA1KzczLjAzOTI2MisxNysyNTcxRTYrK25yed
270,begumpet hyderabad,301000,71,632,$0.12,5,27,"https://www.mappls.com/direction-from--to-hyderabad+begumpet,+hyderabad,+telangana,+500016+hyderabad?@zdata=ZnJvbSsrdG8rNzguNDY2Mjc0LDE3LjQ0NDYzLFZZTFg0Tit2aWE="
271,indore junction railway station,201000,26,812,$0,9,37,https://www.mappls.com/place-indore+junction+mg+railway+station-siyaganj-indore-madhya+pradesh-452007-867B1T@zdata=MjIuNzE2ODkzKzc1Ljg2ODUyMSsxNys4NjdCMVQrK25yed
272,toilet near to me,246000,12,5929,$0.04,3,19,https://www.mappls.com/toilets-near-me
273,lal kuan uttarakhand,301000,45,632,$0,3,43,https://www.mappls.com/place-lalkuan+junction+railway+station-nh+109-lalkuan-uttarakhand-262402-86DTCC@zdata=MjkuMDcwMzAyKzc5LjUxNjkyNisxNys4NkRUQ0MrKw==ed
274,kashmiri gate in delhi,201000,65,632,$0.09,2,30,https://www.mappls.com/place-kashmere+gate+metro+station-near+kashmiri+gate+isbt-kashmere+gate-new+delhi-delhi-110006-FFSA82@zdata=MjguNjY3NDkyKzc3LjIyODI0OCsxNytGRlNBODIrK25yed
275,bsnl store,301000,29,632,$0.14,1,19,https://www.mappls.com/place-bsnl+store-mudichur+main+road-ramani+nagar-perungalattur-chennai-tamil+nadu-600045-nhs104@zdata=MTIuOTIyMTQyKzgwLjA5NTIzMysxNytuaHMxMDQrKw==ed
276,nexus shantiniketan,246000,14,2739,$0.90,15,52,https://www.mappls.com/place-nexus+shantiniketan+mall-whitefield+main+road-hoodi-bengaluru-karnataka-560048-76fs22@zdata=MTIuOTg5NDgxKzc3LjcyNzgrMTcrNzZmczIyKys=ed
277,visakhapatnam railway station,246000,41,632,$0,5,44,https://www.mappls.com/place-visakhapatnam+railway+station-railway+colony-visakhapatnam-andhra+pradesh-530004-3C6A8B@zdata=MTcuNzIwNzU2KzgzLjI5MDY5MysxNyszQzZBOEIrK25yed
278,ongole in andhra pradesh,301000,44,632,$0.16,1,26,"https://www.mappls.com/direction-from--to-+ongole,+prakasam+district,+andhra+pradesh,+523182?@zdata=ZnJvbSsrdG8rODAuMTEzNTksMTUuNTUyODM2LFZZRFdOQit2aWE="
279,jahangir puri,368000,34,632,$0.10,3,17,https://www.mappls.com/22eef6
280,majestic bus stand,1000000,25,812,$0.33,8,45,https://www.mappls.com/place-kempegowda+bus+stand+terminal+3-tank+bund+road-opposite+the+quiet+silk+house-kempegowda-majestic-bengaluru-karnataka-560023-UVUQN4@zdata=MTIuOTc0Nzk0Kzc3LjU3MTM3MysxNytVVlVRTjQrK25yed
281,airport jaipur airport,301000,25,692,$0.07,5,33,https://www.mappls.com/i52w47
282,sector 17 chandigarh,301000,26,993,$0.15,5,44,https://www.mappls.com/1c7f2c
283,railway station vizag,246000,35,632,$0,6,44,https://www.mappls.com/place-visakhapatnam+railway+station-railway+colony-visakhapatnam-andhra+pradesh-530004-3C6A8B@zdata=MTcuNzIwNzU2KzgzLjI5MDY5MysxNyszQzZBOEIrK25yed
284,hero honda chowk,246000,12,4515,$0.04,6,44,https://www.mappls.com/place-hero+honda+chowk-near+hero+honda+factory-gurugram-haryana-122001-T68BS8@zdata=MjguNDM1OTM3Kzc3LjAxMDE4OCsxNytUNjhCUzgrKw==ed
285,jalgaon location,246000,23,1294,$0,1,47,"https://www.mappls.com/direction-from-current-location-to-jalgaon+municipal+corporation,+mahatma+gandhi+road,+jaikisan+wadi,+jalgaon,+maharashtra,+425001?@zdata=ZnJvbSsrdG8rNzUuNTY0Mjc2LDIxLjAxNTAwOSw1NDFTM0Erdmlh"
286,jaipur international airport,301000,97,632,$0.07,5,33,https://www.mappls.com/cd558s
287,indore junction indore madhya pradesh,301000,27,722,$0.06,5,20,https://www.mappls.com/rluf4o
288,maps near me,301000,9,10173,$0.03,1,66,https://www.mappls.com/
289,delhi rohilla station location,301000,31,632,$0.11,4,19,https://www.mappls.com/direction-from--to-sarai+rohilla+railway+station+parking+area+entry+delhi+new+delhi?@zdata=ZnJvbSsrdG8rNzcuMTg1OTE4LDI4LjY2MjE2MyxITktWUVcrdmlh
290,crawford market in mumbai,12100,20,1535,$0,1,8,https://www.mappls.com/f65qvj
291,commercial street,301000,19,1535,$0.83,9,50,https://www.mappls.com/bdcd32
292,block f,368000,7,10173,$0.11,3,18,https://www.mappls.com/576a48
293,vizag station,301000,30,632,$0.11,3,18,https://www.mappls.com/place-visakhapatnam+railway+station-railway+colony-visakhapatnam-andhra+pradesh-530004-3C6A8B@zdata=MTcuNzIwNzU2KzgzLjI5MDY5MysxNyszQzZBOEIrK25yed
294,hindon airport ghaziabad,301000,25,692,$0.12,6,44,https://www.mappls.com/vxs92i
295,railway station visakhapatnam,246000,32,632,$0.12,6,20,https://www.mappls.com/place-visakhapatnam+railway+station-railway+colony-visakhapatnam-andhra+pradesh-530004-3C6A8B@zdata=MTcuNzIwNzU2KzgzLjI5MDY5MysxNyszQzZBOEIrK25yed
296,ghaziabad junction,246000,39,632,$0,5,49,https://www.mappls.com/place-ghaziabad+junction+railway+station-mawai+road-bhur+bharat+nagar-ghaziabad-uttar+pradesh-201009-8S2S43@zdata=MjguNjUyOTg5Kzc3LjQyODQ0OSsxNys4UzJTNDMrK25yed
297,crawford market,246000,17,2257,$0,1,48,https://www.mappls.com/f65qvj
298,chandigarh sector 15,301000,61,632,$0.11,5,22,https://www.mappls.com/place-sector+15c+market-sector+15c+market-sector+15c-chandigarh-chandigarh-160015-534d18@zdata=MzAuNzUyMDM5Kzc2Ljc3MjAwNSsxNys1MzRkMTgrKw==ed
299,delhi lodhi garden,301000,50,632,$0.09,5,42,https://www.mappls.com/ab144t
300,coimbatore junction,246000,42,632,$0,10,51,https://www.mappls.com/place-coimbatore+railway+junction+main+building-coimbatore+central-coimbatore-tamil+nadu-641018-VZR7OU@zdata=MTAuOTk2MTE2Kzc2Ljk2Nzg1MisxNytWWlI3T1UrKw==ed
301,sector 15 chandigarh,301000,51,632,$0.13,4,28,https://www.mappls.com/place-sector+15c+market-sector+15c+market-sector+15c-chandigarh-chandigarh-160015-534d18@zdata=MzAuNzUyMDM5Kzc2Ljc3MjAwNSsxNys1MzRkMTgrKw==ed
302,wc near me,246000,27,632,$0.04,3,46,"https://www.mappls.com/toilets/near/22.4752,88.343186"
303,w c near me,246000,8,10173,$0.04,3,18,https://www.mappls.com/toilets-near-me
304,visakhapatnam railway stations,301000,45,632,$0.11,3,18,https://www.mappls.com/place-visakhapatnam+railway+station-railway+colony-visakhapatnam-andhra+pradesh-530004-3C6A8B@zdata=MTcuNzIwNzU2KzgzLjI5MDY5MysxNyszQzZBOEIrK25yed
305,hero honda chowk gurgaon,301000,29,632,$0.07,4,36,https://www.mappls.com/place-route+37-khandsa-near+hero+honda+chowk-industrial+area-near+sector+37-gurugram-haryana-122001-R973YP@zdata=MjguNDM2NzU4Kzc3LjAwOTQ1OSsxNytSOTczWVArK25yed
306,majestic bangalore bus stand,368000,24,812,$0.06,1,39,https://www.mappls.com/place-kempegowda+bus+terminal+1-kempegowda-majestic-bengaluru-karnataka-560023-Z72KNT@zdata=MTIuOTc2NjU0Kzc3LjU3Mzc4NSsxNytaNzJLTlQrK25yed
307,madhapur,301000,45,632,$0.27,7,63,"https://www.mappls.com/direction-from--to-hyderabad+madhapur+road,+hi+tech+city,+madhapur,+hyderabad,+telangana,+500081+hyderabad?@zdata=ZnJvbSsrdG8rNzguMzc5NTg4LDE3LjQ1MzEwOCwyRUJDMzErdmlh"
308,baps shri swaminarayan mandir hindu temple,301000,50,632,$0.09,5,30,https://www.mappls.com/kjgg18
309,ambala cantt haryana,301000,44,632,$0.33,1,34,"https://www.mappls.com/direction-from--to-ambala+ambala+cantt+station,+ambala,+haryana,+133001+ambala?@zdata=ZnJvbSsrdG8rNzYuODIyOTMsMzAuMzQ5ODA3LDdDRUI1NCt2aWE="
310,chandigarh sector 17,301000,18,1775,$0.24,3,43,https://www.mappls.com/1c7f2c
311,navi mumbai cbd belapur,301000,29,692,$0.13,4,25,https://www.mappls.com/ngx4q1
312,kondapur,301000,21,1294,$0.24,7,63,"https://www.mappls.com/direction-from--to-,+kondapur,+hyderabad,+telangana,+500084?@zdata=ZnJvbSsrdG8rNzguMzY4MjU4LDE3LjQ1NzU1NixDMkI1NjIrdmlh"
313,kerala quilon,246000,43,632,$0.23,1,37,https://www.mappls.com/place-quilon+lions+hall-mundakkal-kollam-kerala-691001-NICXO7@appzdata=OC44NzgzMjMrNzYuNTk2MDg5KzE3K05JQ1hPNysred
314,cbe junction,301000,38,632,$0.11,4,20,https://www.mappls.com/place-coimbatore+railway+junction+main+building-coimbatore+central-coimbatore-tamil+nadu-641018-VZR7OU@zdata=MTAuOTk2MTE2Kzc2Ljk2Nzg1MisxNytWWlI3T1UrKw==ed
315,cbd belapur,301000,42,632,$0.29,5,49,https://www.mappls.com/ngx4q1
316,botany garden,301000,34,632,$0.07,4,52,https://www.mappls.com/place-botanical+garden-botany-lowther+road-george+town-prayagraj-uttar+pradesh-211002-zxdu3z@zdata=MjUuNDQ1OTI4KzgxLjg2MDMzNisxNyt6eGR1M3orKw==ed
317,vidhana soudha,246000,42,632,$0.50,9,50,https://www.mappls.com/gb3628
318,ongole ap,301000,18,1775,$0.16,1,21,"https://www.mappls.com/direction-from--to-+ongole,+prakasam+district,+andhra+pradesh,+523182?@zdata=ZnJvbSsrdG8rODAuMTEzNTksMTUuNTUyODM2LFZZRFdOQit2aWE="
319,phoenix palladium,246000,22,812,$0.02,8,50,https://www.mappls.com/f6dast
320,eco park,301000,29,692,$0.89,3,48,https://www.mappls.com/place-eco+park-ramdev+guda-hyderabad-telangana-500031-DB852T@zdata=MTcuMzc1ODkzKzc4LjM4Mjc5MysxNytEQjg1MlQrK25yed
321,hindon airport,301000,28,632,$0.12,6,49,https://www.mappls.com/vxs92i
322,baramati in maharashtra,246000,41,632,$0.39,1,17,"https://www.mappls.com/direction-from--to-,+baramati,+maharashtra,+413102?@zdata=ZnJvbSsrdG8rNzQuNTczNjk4LDE4LjE0NjczLFRBVlZONyt2aWE="
323,railway station ghaziabad,246000,39,632,$0.09,5,18,https://www.mappls.com/place-ghaziabad+junction+railway+station-mawai+road-bhur+bharat+nagar-ghaziabad-uttar+pradesh-201009-8S2S43@zdata=MjguNjUyOTg5Kzc3LjQyODQ0OSsxNys4UzJTNDMrK25yed
324,coimbatore jn railway station,246000,38,632,$0.16,10,21,https://www.mappls.com/place-coimbatore+railway+junction+main+building-coimbatore+central-coimbatore-tamil+nadu-641018-VZR7OU@zdata=MTAuOTk2MTE2Kzc2Ljk2Nzg1MisxNytWWlI3T1UrKw==ed
325,toilet near me,246000,23,993,$0,3,43,"https://www.mappls.com/toilets/near/22.4752,88.343186"
326,rajasthan jaipur airport,301000,43,632,$0.07,5,38,https://www.mappls.com/cd558s
327,gita mandir ahmedabad,246000,19,1451,$0.09,4,19,https://www.mappls.com/place-shree+geeta+mandir-geeta+mandir+road-gita+mandir-ahmedabad-gujarat-380022-BXOK64@zdata=MjMuMDEyMTUxKzcyLjU5MTAwMysxNytCWE9LNjQrKw==ed
328,p n b atm near me,246000,8,16211,$0.01,1,19,https://www.mappls.com/search-near-Punjab%20National%20Bank%20ATM(%20PNB%20ATM%20)@zdata=ODEuMjkzMTEsMjQuNTMzODUx
329,hpca stadium,246000,29,541,$0.14,1,47,https://www.mappls.com/bcfsab
330,pharmeasy,246000,61,516,$0.13,41,73,https://www.mappls.com/place-pharmeasy-37-b-ground+floor+13-5-tilak+nagar-new+delhi-delhi-110018-rgw0i0@zdata=MjguNjQxNTE3Kzc3LjA5MjIxNisxNytyZ3cwaTArKw==ed
331,janak puri delhi,246000,32,516,$0.11,4,25,https://www.mappls.com/5wsob9
332,dharamshala stadium himachal pradesh,301000,44,516,$0.02,1,30,https://www.mappls.com/bcfsab
333,dharamshala cricket stadium in india,301000,22,1057,$0.02,1,21,https://www.mappls.com/bcfsab
334,delhi p,246000,15,1845,$0.04,1,32,https://www.mappls.com/place-delhi+police+sahayata+kendra-tukmeerpur+road-tumkirpur+extension-new+delhi-delhi-110094-n6h3ym@zdata=MjguNzIwOTAzKzc3LjI1ODgyOCsxNytuNmgzeW0rKw==ed
335,bhopal junction station,201000,19,1451,$0.07,4,33,https://www.mappls.com/a78dqh
336,bhopal junction railway station,201000,39,516,$0,4,36,https://www.mappls.com/place-bhopal+junction+railway+station-mpeb+colony-bhopal-madhya+pradesh-462010-C151T6@zdata=MjMuMjY3Nzg5Kzc3LjQxMzk4NCsxNytDMTUxVDYrK25yed
337,himachal cricket stadium,301000,31,516,$0.02,1,33,https://www.mappls.com/bcfsab
338,stadium of dharamshala,301000,38,516,$0.02,1,21,https://www.mappls.com/bcfsab
339,nearest petrol pump near me,246000,8,11537,$0.14,1,34,https://www.mappls.com/petrol-pump-near-me
340,khanna ludhiana,201000,49,516,$0,1,47,"https://www.mappls.com/direction-from--to-+khanna,+ludhiana+district,+punjab,+141414?@zdata=ZnJvbSsrdG8rNzYuMTA2NDMsMzAuNjY4Mjc2LFRaREE1UCt2aWE="
341,atm of central bank of india,246000,13,3690,$0.03,1,19,https://www.mappls.com/place-central+bank+of+india+atm-119-shakti+vihar-pitampura-new+delhi-delhi-110034-84146C@zdata=MjguNjkyMTgxKzc3LjEzMDU4OSsxNys4NDE0NkMrK25yed
342,chennai rohini theatre,246000,14,2238,$0.08,3,25,https://www.mappls.com/e18t4s
343,cricket stadium dharamshala,301000,19,1377,$0,1,42,https://www.mappls.com/bcfsab
344,haryana bhiwani,246000,46,516,$0.18,1,29,"https://www.mappls.com/direction-from--to-bhiwani+haryana+board+of+school+education,+bhiwani,+haryana,+127021+bhiwani,+eicmmh?@zdata=ZnJvbSsrdG8rNzYuMTI3Nzg3LDI4LjgxMzQwNSxlaWNtbWg7NzYuMTI3NTAyLDI4LjgxMzM3MyxlaWNtbWgrdmlh"
345,ers railway station,165000,64,516,$0.18,9,27,https://www.mappls.com/place-ernakulam+junction+railway+station-ernakulam+south-kochi-kerala-682016-54F3OF@zdata=OS45NzAwMjgwMDAwMDAxKzc2LjI5MDc5KzE3KzU0RjNPRisred
346,padmanabha temple kerala,246000,77,516,$0.45,9,42,https://www.mappls.com/a1bb52
347,krishna nagar delhi,246000,34,516,$0.14,3,19,https://www.mappls.com/fa6f15
348,bhopal station,246000,20,1057,$0.08,4,20,https://www.mappls.com/a78dqh
349,bhopal jn railway station,246000,21,811,$0.08,5,20,https://www.mappls.com/a78dqh
350,bardoli gujarat,201000,90,516,$0,1,47,"https://www.mappls.com/direction-from--to-bardoli+bardoli,+gujarat,+394601+bardoli?@zdata=ZnJvbSsrdG8rNzMuMTA5MTUsMjEuMTI1MzE0LFRKRFBLQSt2aWE="
351,punjabi bagh delhi,246000,21,1057,$0.08,5,44,https://www.mappls.com/0difuk
352,mumbai borivali station,246000,39,516,$0.07,3,23,https://www.mappls.com/place-borivali+west+railway+station-sv+road-borivali+west-mumbai-maharashtra-400092-eeb5a3@zdata=MTkuMjI4Nzc5KzcyLjg1NjM2NysxNytlZWI1YTMrKw==ed
353,guwahati railway station,135000,22,1057,$0,6,44,https://www.mappls.com/place-guwahati+railway+station-pan+bazar-guwahati-assam-781001-1266BD@zdata=MjYuMTgyNjE4KzkxLjc0OTgwNysxNysxMjY2QkQrK25yed
354,ambience mall vasant kunj,201000,7,8314,$0.62,8,37,https://www.mappls.com/a71f58
355,ambience mall delhi,246000,9,4846,$0,8,45,https://www.mappls.com/a71f58
356,chandigarh railway station,246000,37,516,$0.05,3,43,https://www.mappls.com/ate6tt
357,bet dwarka island,201000,23,1057,$0.01,1,38,https://www.mappls.com/2abaae
358,hotel fountain,246000,15,1845,$0.48,4,49,https://www.mappls.com/place-fountain+hotel-babulnath+road-chowpatty-mumbai-maharashtra-400007-E1EETD@zdata=MTguOTU3Mzc0KzcyLjgwODkrMTcrRTFFRVREKys=ed
359,sarita vihar,246000,64,516,$0.05,5,49,https://www.mappls.com/dffg75
360,station cng,246000,50,516,$0.12,1,17,https://www.mappls.com/cng%20station-near-me
361,thane west,246000,19,1057,$0.30,4,49,https://www.mappls.com/place-thane+railway+station+west-jambli+naka-thane+west-thane-maharashtra-400601-CBDA35@zdata=MTkuMTg2NjA1KzcyLjk3NTQ2NCsxNytDQkRBMzUrK25yed
362,nehru nagar,246000,26,565,$0.14,5,49,https://www.mappls.com/place-neharu+nagar+zone-nehru+marg-nehru+nagar-nagpur-maharashtra-440009-K2TE6A@zdata=MjEuMTMwNDU0NDM2Nys3OS4xMTc1ODcxMDY4KzE3K0syVEU2QSsrbnI=ed
363,madhavaram,246000,42,516,$0.64,5,62,https://www.mappls.com/4l3q9n
364,ambience vasant kunj,246000,7,8314,$0.49,4,44,https://www.mappls.com/a71f58
365,dilshad garden in delhi,246000,45,516,$0.11,4,25,https://www.mappls.com/4gb1sl
366,dharamshala cricket stadium india,301000,27,590,$0.02,1,23,https://www.mappls.com/bcfsab
367,dharamsala stadium,301000,31,541,$0.02,1,21,https://www.mappls.com/bcfsab
368,cng station,201000,26,590,$0.21,2,48,https://www.mappls.com/cng%20station-near-me
369,bhopal junction,201000,21,1254,$0,4,49,https://www.mappls.com/a78dqh
370,nehru nagar delhi,246000,62,516,$0.11,5,19,https://www.mappls.com/place-nehru+nagar+bus+stop-ring+road-nehru+nagar-new+delhi-delhi-110065-5W6ZFQ@zdata=MjguNTY5MjI2Kzc3LjI1Mzg4NSsxNys1VzZaRlErK25yed
371,pudukkottai location,201000,23,1057,$0.19,1,36,https://www.mappls.com/direction-from--to-Pudukkottai@Zdata=ZnJvbSsrdG8rNzguODE5NzA0LDEwLjM4NTY5OSt2aWE=
372,gandhidham location,201000,47,516,$0.11,1,31,https://www.mappls.com/tpdfiv
373,adani gas cng station,246000,10,8314,$0.11,1,19,https://www.mappls.com/place-adani+gas+cng+station-bakrol-indian+oil+petrol+pump-200+feet+sp+ring+road-near+toll+plaza-bakrol-ahmedabad-gujarat-382210-FEMV68@zdata=MjIuOTM1MTc3KzcyLjUyMDk3NisxNytGRU1WNjgrK25yed
374,dharamshala stadium,246000,30,516,$0,1,47,https://www.mappls.com/bcfsab
375,sahibzada ajit singh nagar punjab india,246000,48,516,$0.24,1,29,https://www.mappls.com/6ckvf6
376,south ernakulam railway station,201000,27,516,$0.13,9,35,https://www.mappls.com/place-ernakulam+junction+railway+station-ernakulam+south-kochi-kerala-682016-54F3OF@zdata=OS45NzAwMjgwMDAwMDAxKzc2LjI5MDc5KzE3KzU0RjNPRisred
377,hubli dharwad karnataka,246000,51,516,$0.32,1,29,https://www.mappls.com/f635uy
378,krishna nagar,246000,26,664,$0.10,3,20,https://www.mappls.com/k8mn7y
379,dharamsala cricket stadium,301000,20,1377,$0,1,42,https://www.mappls.com/bcfsab
380,borivali station,246000,32,516,$0,7,50,https://www.mappls.com/place-borivali+east+railway+station-borivali+west-mumbai-maharashtra-400066-ees37d@zdata=MTkuMjI5MDcxKzcyLjg1NzM1NSsxNytlZXMzN2QrKw==ed
381,tambaram railway station east entrance,74000,9,16211,$0.07,7,18,https://www.mappls.com/9sg4rd
382,station road,246000,92,516,$0.11,3,25,https://www.mappls.com/place-thasra+railway+station-station+road-thasra-gujarat-388250-B8E634@zdata=MjIuNzk3NzE1KzczLjIyMTE3NCsxNytCOEU2MzQrKw==ed
383,borivali railway station,246000,31,516,$0,7,45,https://www.mappls.com/place-borivali+east+railway+station-borivali+west-mumbai-maharashtra-400066-ees37d@zdata=MTkuMjI5MDcxKzcyLjg1NzM1NSsxNytlZXMzN2QrKw==ed
384,kirti nagar,246000,49,516,$0.08,10,51,https://www.mappls.com/place-kirti+nagar+market-kirti+nagar+market-kirti+nagar-new+delhi-delhi-110015-1OGGRJ@zdata=MjguNjUyNzkxKzc3LjE0MTk0OSsxNysxT0dHUkorKw==ed
385,thodupuzha idukki,246000,78,516,$0.32,2,19,"https://www.mappls.com/direction-from--to-+thodupuzha,+idukki+district,+kerala,+685582?@zdata=ZnJvbSsrdG8rNzYuNzY0OTc5LDkuOTQ3OTk5LDYyWU5NNSt2aWE="
386,dilshad delhi,201000,37,516,$0.12,4,37,https://www.mappls.com/4gb1sl
387,dharamsala cricket stadium india,301000,28,541,$0.02,1,27,https://www.mappls.com/bcfsab
388,cng petrol pump near me,301000,22,1057,$0.01,1,34,https://www.mappls.com/cng%20station-near-me
389,sindhi camp bus station,246000,11,3690,$0.08,5,20,https://www.mappls.com/place-jaipur+sindhi+camp+central+bus+stand-sindhi+camp-jaipur-rajasthan-302001-821FCB@zdata=MjYuOTI0NDY4Kzc1LjgwMDkwMisxNys4MjFGQ0IrK25yed
390,mumbai borivali railway station,246000,27,664,$0.06,4,23,https://www.mappls.com/place-borivali+west+railway+station-sv+road-borivali+west-mumbai-maharashtra-400092-eeb5a3@zdata=MTkuMjI4Nzc5KzcyLjg1NjM2NysxNytlZWI1YTMrKw==ed
391,himachal pradesh cricket stadium dharamsala,301000,23,811,$0.03,1,34,https://www.mappls.com/bcfsab
392,dharamshala cricket stadium,246000,33,516,$0,1,42,https://www.mappls.com/bcfsab
393,railway station guwahati,135000,26,664,$0,6,44,https://www.mappls.com/place-guwahati+railway+station-pan+bazar-guwahati-assam-781001-1266BD@zdata=MjYuMTgyNjE4KzkxLjc0OTgwNysxNysxMjY2QkQrK25yed
394,gita mandir,201000,28,590,$0.09,6,20,https://www.mappls.com/9edcoc
395,idukki thodupuzha,246000,94,516,$0.24,1,26,https://www.mappls.com/place-mini+civil+station-thodupuzha+post-district+idukki-thodupuzha-kerala-685584-443A76@zdata=OS44OTc5ODIwMDAwMDAxKzc2LjcxMjk3MysxNys0NDNBNzYrKw==ed
396,torrent gas cng station,246000,13,3690,$0.11,1,9,https://www.mappls.com/place-torrent+gas+cng+station-hp+petrol+pump-gothra-nh+21-jaipur+agra+highway-near+panchmukhi+hanuman+mandir-bassi-jaipur+district-rajasthan-303305-WZLRSG@zdata=MjYuODY5MTgyKzc2LjE5MzU3NCsxNytXWkxSU0crK25yed
397,r city,246000,21,664,$0.23,7,41,https://www.mappls.com/place-r+city+mall-ghatkopar+west-mumbai-maharashtra-400086-xt2zul@zdata=MTkuMDk5NzU4KzcyLjkxNjMzNysxNyt4dDJ6dWwrKw==ed
398,yelahanka railway station,165000,15,1507,$0,7,45,https://www.mappls.com/f2d6a2
399,world trade park mall,201000,25,482,$0,2,35,https://www.mappls.com/bab64t
400,lajpat nagar market in delhi,165000,21,864,$0,2,35,https://www.mappls.com/place-lajpat+nagar+central+market-near+ashram+chowk-lajpat+nagar-south+delhi-new+delhi-delhi-110024-BAF345@zdata=MjguNTY5MjYrNzcuMjQxNjQrMTcrQkFGMzQ1Kys=ed
401,kerala state electricity board,201000,25,462,$0,1,34,https://www.mappls.com/vrpp36
402,kal bhairav temple,165000,39,422,$0,5,44,https://www.mappls.com/fcbb4f
403,jbs secunderabad,165000,29,422,$0,5,49,https://www.mappls.com/g7skre
404,board of secondary education odisha,201000,46,422,$0.51,1,53,https://www.mappls.com/476f6d
405,begum bazar,201000,30,462,$0,6,49,https://www.mappls.com/place-begum+bazaar-jumeraat+bazar+road-chudi+bazaar-hyderabad-telangana-500012-1S7FTB@zdata=MTcuMzczOTUxKzc4LjQ3MDUzNCsxNysxUzdGVEIrKw==ed
406,alipur delhi india,201000,40,422,$0.10,2,19,https://www.mappls.com/place-alipur+sub+post+office-main+narela+road-alipur+garhi-new+delhi-delhi-110036-ABED1F@zdata=MjguNzk3ODc4Kzc3LjEyOTU0NSsxNytBQkVEMUYrK25yed
407,near wine shop,201000,8,9426,$0,1,42,https://www.mappls.com/place-raju+wine+shop-rameswaram-ramanathapuram+district-tamil+nadu-623521-OWUJC5@zdata=OS4yODM3NTEwMDAwMDAxKzc5LjIxNTI3OCsxNytPV1VKQzUrKw==ed
408,sector 22 in chandigarh,201000,43,422,$0.12,5,22,https://www.mappls.com/place-sector+22c+market-sector+22c+market-sector+22c-chandigarh-chandigarh-160022-28D62S@zdata=MzAuNzI5NDY5Kzc2Ljc3MjUyOCsxNysyOEQ2MlMrKw==ed
409,sarojini in delhi,201000,30,422,$0.13,4,31,https://www.mappls.com/aqoqfb
410,lajpat nagar delhi market,165000,31,422,$0,2,35,https://www.mappls.com/place-lajpat+nagar+central+market-near+ashram+chowk-lajpat+nagar-south+delhi-new+delhi-delhi-110024-BAF345@zdata=MjguNTY5MjYrNzcuMjQxNjQrMTcrQkFGMzQ1Kys=ed
411,lajpat market,165000,12,3959,$0,2,20,https://www.mappls.com/place-lajpat+nagar+central+market-near+ashram+chowk-lajpat+nagar-south+delhi-new+delhi-delhi-110024-BAF345@zdata=MjguNTY5MjYrNzcuMjQxNjQrMTcrQkFGMzQ1Kys=ed
412,hyderabad banjara hills,201000,39,422,$0.14,5,30,https://www.mappls.com/qb07xt
413,gujarat high court sola,201000,15,1507,$0.08,1,48,https://www.mappls.com/place-high+court-sola-ahmedabad-gujarat-380060-LXGQFT@zdata=MjMuMDgxNDQ3KzcyLjUyNTQyNisxNytMWEdRRlQrKw==ed
414,delhi sarojini nagar,165000,28,462,$0,7,45,https://www.mappls.com/aqoqfb
415,jaipur world trade park,201000,26,482,$0.02,1,25,https://www.mappls.com/bab64t
416,hyderabad begum bazar,201000,20,1185,$0,6,44,https://www.mappls.com/place-begum+bazaar-jumeraat+bazar+road-chudi+bazaar-hyderabad-telangana-500012-1S7FTB@zdata=MTcuMzczOTUxKzc4LjQ3MDUzNCsxNysxUzdGVEIrKw==ed
417,lal bahadur shastri airport varanasi,201000,57,422,$0.11,3,35,https://www.mappls.com/8ajycq
418,vashi railway station navi mumbai maharashtra,201000,20,1185,$0.11,6,29,https://www.mappls.com/place-vashi+railway+station-international+infotech+park-sector+30a-vashi-navi+mumbai-maharashtra-400703-F3AD3D@zdata=MTkuMDYzNjIrNzIuOTk4OTA2KzE3K0YzQUQzRCsrbnI=ed
419,sector 8,201000,55,422,$0,9,50,https://www.mappls.com/place-sector+8b+market-sector+8b+market-sector+8b-chandigarh-chandigarh-160009-8s24df@zdata=MzAuNzQwNDIyKzc2Ljc5NzM0MysxNys4czI0ZGYrKw==ed
420,railway station mathura,165000,32,422,$0,4,44,https://www.mappls.com/7dtbd7
421,world trade park in jaipur,201000,24,864,$0.02,1,21,https://www.mappls.com/bab64t
422,jbs bus stand,165000,33,422,$0,5,44,https://www.mappls.com/g7skre
423,nasik road railway station,201000,27,462,$0.08,4,20,https://www.mappls.com/place-nashik+road+railway+station-rajwada+nagar-deolali-nashik-maharashtra-422401-CES626@zdata=MTkuOTQ3OTIzKzczLjg0MjExNysxNytDRVM2MjYrK25yed
424,nagpur railway station,201000,19,2271,$0,3,43,https://www.mappls.com/place-nagpur+railway+station-sitabuldi-nagpur-maharashtra-440012-36fsac@zdata=MjEuMTUyMDcxKzc5LjA4ODE4KzE3KzM2ZnNhYysred
425,bagdogra airport,201000,72,422,$0.13,2,48,https://www.mappls.com/b6eset
426,punjab ropar,201000,30,462,$0.13,1,20,https://www.mappls.com/dt8hwv
427,police station near me,201000,77,422,$0,1,34,https://www.mappls.com/police%20stations-near-me
428,mathura railway station,201000,21,864,$0.70,2,43,https://www.mappls.com/7dtbd7
429,lajpat nagar market,165000,18,1185,$0,2,29,https://www.mappls.com/place-lajpat+nagar+central+market-near+ashram+chowk-lajpat+nagar-south+delhi-new+delhi-delhi-110024-BAF345@zdata=MjguNTY5MjYrNzcuMjQxNjQrMTcrQkFGMzQ1Kys=ed
430,check post,201000,19,663,$0.82,1,18,https://www.mappls.com/search-near-R%20T%20O%20Border%20Check%20Post@zdata=NzguMjY3NDcyLDIxLjQ3NjYzOQ==
431,wtp park,201000,27,422,$0.03,1,28,https://www.mappls.com/bab64t
432,world park jaipur,201000,29,422,$0.02,1,29,https://www.mappls.com/bab64t
433,m g road metro station,201000,16,2271,$0.01,2,16,https://www.mappls.com/wmnjzo
434,kozhikode to hilite mall,201000,14,1507,$0.40,3,27,https://www.mappls.com/place-address+hilite+mall-1st+floor-hi+lite+mall-thondayad+bypass-poovangal-kozhikode-kerala-673014-RL5XE5@zdata=MTEuMjQ4NTg1Kzc1LjgzMzkrMTcrUkw1WEU1Kytucg==ed
435,railway station vadodara,201000,36,422,$0.15,6,21,https://www.mappls.com/place-vadodara+railway+station-platform+no+1-railway+station-sayajigunj-pratapganj-vadodara-gujarat-390002-833B2S@zdata=MjIuMzEwMDQ1KzczLjE4MDg1KzE3KzgzM0IyUysrbnI=ed
436,railway station tirupati,201000,31,422,$0,2,43,https://www.mappls.com/fct12s
437,ngp railway station,165000,38,422,$0.17,6,21,https://www.mappls.com/place-nagpur+railway+station-sitabuldi-nagpur-maharashtra-440012-36fsac@zdata=MjEuMTUyMDcxKzc5LjA4ODE4KzE3KzM2ZnNhYysred
438,nashik road station,165000,24,864,$0.05,3,43,https://www.mappls.com/place-nashik+road+railway+station-rajwada+nagar-deolali-nashik-maharashtra-422401-CES626@zdata=MTkuOTQ3OTIzKzczLjg0MjExNysxNytDRVM2MjYrK25yed
439,block 1,201000,39,422,$0.07,1,20,https://www.mappls.com/7a3rrb
440,sarojini nagar in delhi,201000,31,422,$0.13,4,25,https://www.mappls.com/aqoqfb
441,yelahanka station bangalore,201000,45,422,$0.19,6,19,https://www.mappls.com/f2d6a2
442,vaishno devi circle ahmedabad,201000,31,422,$0.09,5,19,https://www.mappls.com/s75ng8
443,parking close by me,201000,13,3015,$0.06,1,13,https://www.mappls.com/parking-near-me
444,j b s bus stand,201000,63,422,$0.09,3,21,https://www.mappls.com/place-jbs+bus+stop-west+marredpally-secunderabad-telangana-500026-wz3rqv@zdata=MTcuNDQ3NTYyKzc4LjQ5NjYzOSsxNyt3ejNycXYrKw==ed
445,bhubaneswar railway station,165000,39,422,$0.16,9,45,https://www.mappls.com/place-bhubaneswar+railway+station-ashok+nagar-bhubaneswar-odisha-751009-EB824D@zdata=MjAuMjY2NjUxKzg1Ljg0MzY2MSsxNytFQjgyNEQrK25yed
446,block 2,201000,63,422,$0.16,3,19,"https://www.mappls.com/direction-from--to-,+block+ee,+sector+2,+bidhan+nagar,+west+bengal,+700091?@zdata=ZnJvbSsrdG8rODguNDI1MzgzLDIyLjU3OTgxMywxQ0YyN0Mrdmlh"
447,guruvayur temple kerala,165000,51,422,$0.66,3,43,https://www.mappls.com/tcfdsf
448,world trade park mall jaipur,201000,27,442,$0.08,2,22,https://www.mappls.com/bab64t
449,world trade park jaipur rajasthan,201000,15,1507,$0.03,1,23,https://www.mappls.com/bab64t
450,sector 10,201000,40,422,$0.15,4,30,https://www.mappls.com/place-dwarka+sector+10+metro+station-sector+10+dwarka-new+delhi-delhi-110075-DG65RB@zdata=MjguNTgxMTQ1Kzc3LjA1NzU2NysxNytERzY1UkIrK25yed
451,trivandrum lulu mall,201000,15,1829,$0.40,2,43,https://www.mappls.com/7vnfd6
452,begum bazar hyd,201000,20,1125,$0.11,4,19,https://www.mappls.com/place-begum+bazaar-jumeraat+bazar+road-chudi+bazaar-hyderabad-telangana-500012-1S7FTB@zdata=MTcuMzczOTUxKzc4LjQ3MDUzNCsxNysxUzdGVEIrKw==ed
453,ashok vihar in delhi,201000,53,422,$0.10,3,23,https://www.mappls.com/2hapxe
454,nashik phata,165000,69,422,$0,6,49,https://www.mappls.com/89dl8a
455,station hyderabad,201000,66,422,$0.07,4,26,https://www.mappls.com/64st13
456,sarojini nagar new delhi,201000,22,864,$0.13,4,23,https://www.mappls.com/aqoqfb
457,nashik road railway station,165000,30,422,$0,3,35,https://www.mappls.com/place-nashik+road+railway+station-rajwada+nagar-deolali-nashik-maharashtra-422401-CES626@zdata=MTkuOTQ3OTIzKzczLjg0MjExNysxNytDRVM2MjYrK25yed
458,jaipur w t p,201000,18,1025,$0.03,1,24,https://www.mappls.com/bab64t
459,lajpat nagar market delhi,165000,20,864,$0,2,35,https://www.mappls.com/place-lajpat+nagar+central+market-near+ashram+chowk-lajpat+nagar-south+delhi-new+delhi-delhi-110024-BAF345@zdata=MjguNTY5MjYrNzcuMjQxNjQrMTcrQkFGMzQ1Kys=ed
460,kozhikode railway station,165000,29,442,$0.10,4,44,https://www.mappls.com/place-kozhikode+railway+station-palayam-kozhikode-kerala-673001-T1F63T@zdata=MTEuMjQ2MjE5Kzc1Ljc4MTAxOCsxNytUMUY2M1QrK25yed
461,borivali station west,165000,8,6793,$0,12,46,https://www.mappls.com/place-borivali+west+railway+station-sv+road-borivali+west-mumbai-maharashtra-400092-eeb5a3@zdata=MTkuMjI4Nzc5KzcyLjg1NjM2NysxNytlZWI1YTMrKw==ed
462,yelahanka station,165000,18,1025,$0,7,50,https://www.mappls.com/f2d6a2
463,shaheed bhagat singh international airport chandigarh,201000,19,864,$0.08,5,28,https://www.mappls.com/8alu9m
464,sector 14 gurgaon,201000,45,422,$0.23,9,45,https://www.mappls.com/place-sector+14+main+market-madhya+marg-huda+market-sector+14-gurugram-haryana-122007-74etb7@zdata=MjguNDc0MDc2Kzc3LjA0ODAyMisxNys3NGV0YjcrKw==ed
465,kalyan nagar,201000,51,422,$0.39,7,50,https://www.mappls.com/place-kalyan+nagar+bus+stop-mbt+road-kalyan+nagar-bengaluru-karnataka-560043-V53K89@zdata=MTMuMDI2MzMyKzc3LjYzNjMwNysxNytWNTNLODkrK25yed
466,mathura railway junction,201000,23,663,$0.05,1,20,https://www.mappls.com/7dtbd7
467,world trade park of jaipur,201000,25,542,$0.02,1,25,https://www.mappls.com/bab64t
468,world trade mall jaipur,201000,21,663,$0,2,35,https://www.mappls.com/bab64t
469,near by cng pump,246000,19,1025,$0.09,1,35,https://www.mappls.com/cng%20station-near-me
470,kanpur central kanpur uttar pradesh,201000,95,422,$0.07,4,19,https://www.mappls.com/hqr46t
471,modi nagar,201000,84,422,$0,1,48,"https://www.mappls.com/direction-from--to-+modinagar,+ghaziabad+district,+uttar+pradesh,+201204?@zdata=ZnJvbSsrdG8rNzcuNTE0MTk3LDI4Ljg1MDIxMSxHQUNQREMrdmlh"
472,lajpat nagar market new delhi,201000,18,1025,$0.06,1,21,https://www.mappls.com/place-lajpat+nagar+central+market-near+ashram+chowk-lajpat+nagar-south+delhi-new+delhi-delhi-110024-BAF345@zdata=MjguNTY5MjYrNzcuMjQxNjQrMTcrQkFGMzQ1Kys=ed
473,dera bassi mohali,201000,65,422,$0.15,5,19,https://www.mappls.com/place-college+colony+derabassi-mohali-X84B7V@zdata=MzAuNTc4NCs3Ni44NTAyKzE3K1g4NEI3Visred
474,wtp jaipur,201000,20,864,$0,2,48,https://www.mappls.com/bab64t
475,wtc jaipur,201000,35,422,$0.03,1,20,https://www.mappls.com/bab64t
476,w t p jaipur,201000,32,422,$0.03,3,24,https://www.mappls.com/bab64t
477,ramamurthy nagar,201000,63,422,$0.14,9,50,https://www.mappls.com/place-ramamurthy+nagar+sub+post+office-bovi+colony-ramamurthi+nagar-bengaluru-karnataka-560016-T173ED@zdata=MTMuMDEyOTExKzc3LjY3NzA1NSsxNytUMTczRUQrK25yed
478,kozhikode train station,201000,41,422,$0.10,4,19,https://www.mappls.com/place-kozhikode+railway+station-palayam-kozhikode-kerala-673001-T1F63T@zdata=MTEuMjQ2MjE5Kzc1Ljc4MTAxOCsxNytUMUY2M1QrK25yed
479,near me cng pump near me,165000,17,1507,$0.01,1,16,https://www.mappls.com/cng%20station-near-me
480,market lajpat nagar,201000,16,1829,$0.08,1,22,https://www.mappls.com/place-lajpat+nagar+central+market-near+ashram+chowk-lajpat+nagar-south+delhi-new+delhi-delhi-110024-BAF345@zdata=MjguNTY5MjYrNzcuMjQxNjQrMTcrQkFGMzQ1Kys=ed
481,block g,201000,6,19557,$0.13,3,19,https://www.mappls.com/74bcd5
482,link road,201000,92,422,$0.14,5,26,https://www.mappls.com/3yk72b
483,paschim vihar,201000,48,422,$0.18,9,22,https://www.mappls.com/place-paschim+vihar+bus+stop-rohtak+road-paschim+vihar-new+delhi-delhi-110063-54XTW5@zdata=MjguNjc4NjU4Kzc3LjEwMDQyMysxNys1NFhUVzUrKw==ed
484,nilambur malappuram,201000,54,422,$0.16,1,25,"https://www.mappls.com/direction-from--to-+nilambur,+malappuram+district,+kerala,+679339?@zdata=ZnJvbSsrdG8rNzYuMjYyMTM0LDExLjE3NzYxNCxBTE80REUrdmlh"
485,sector 22 chandigarh,201000,26,542,$0.16,4,28,https://www.mappls.com/e2et4s
486,sector 22,201000,53,422,$0.26,4,49,https://www.mappls.com/place-sector+22+park-sector+22-rohtak-haryana-124001-8sak5l@zdata=MjguODc2MDE1Kzc2LjU3MTkyKzE3KzhzYWs1bCsred
487,rr nagar bangalore,246000,55,422,$0.10,5,26,https://www.mappls.com/place-rr+nagar+complex-kenchenhalli-rajarajeshwari+nagar-bengaluru-karnataka-560098-1ztznf@zdata=MTIuOTI2Mjc5Kzc3LjUxNDkwMisxNysxenR6bmYrKw==ed
488,ropar punjab india,201000,28,462,$0.17,1,29,https://www.mappls.com/dt8hwv
489,high court lucknow lucknow uttar pradesh,201000,16,1125,$0.03,1,30,https://www.mappls.com/xw25pv
490,high court lucknow,201000,13,1507,$0.06,1,30,https://www.mappls.com/xw25pv
491,tirupati station,201000,36,422,$0,2,48,https://www.mappls.com/fct12s
492,vasai virar,165000,39,422,$0,3,48,https://www.mappls.com/tbqjkf
493,uppal x road and metro station,201000,18,864,$0.08,6,18,https://www.mappls.com/place-uppal+metro+station+bus+stop-10-67-1-a-hyderabad+warangal+highway-raghvinra+nagar+colony-uppal-hyderabad-telangana-500039-LLU7DL@zdata=MTcuNDAwODA0Kzc4LjU2MDQ2NSsxNytMTFU3REwrK25yed
494,tirupati bus stand,135000,22,663,$0.30,7,45,https://www.mappls.com/place-tirupati+apsrtc+central+bus+station-tata+nagar-tirupati-andhra+pradesh-517501-5ff2et@zdata=MTMuNjI5OTMxKzc5LjQyNjI4NSsxNys1ZmYyZXQrKw==ed
495,hi lite mall kozhikode,201000,19,864,$0.40,3,21,https://www.mappls.com/place-address+hilite+mall-1st+floor-hi+lite+mall-thondayad+bypass-poovangal-kozhikode-kerala-673014-RL5XE5@zdata=MTEuMjQ4NTg1Kzc1LjgzMzkrMTcrUkw1WEU1Kytucg==ed
496,bangalore cantonment railway station,135000,28,422,$0,7,37,https://www.mappls.com/ps9d4c
497,electric pe charging station,165000,45,422,$0.19,3,10,https://www.mappls.com/2d12ic
498,t3 departure road,201000,12,3015,$0.14,5,22,https://www.mappls.com/place-indira+gandhi+international+airport+departure+terminal+3-indira+gandhi+international+airport-igi+t3+road-near+mehram+nagar-new+delhi-delhi-110037-D4CS6S@zdata=MjguNTU1MDEzKzc3LjA4NDM3KzE3K0Q0Q1M2UysrbnI=ed
499,high court in lucknow,201000,15,1507,$0.09,1,39,https://www.mappls.com/xw25pv
500,gurgaon sector 14,201000,62,422,$0.23,9,45,"https://www.mappls.com/direction-from--to-industrial+estate+sector+14+gurgaon+post+office,+scf+82,+sector+14+main+market,+gurugram,+haryana,+122007?@zdata=ZnJvbSsrdG8rNzcuMDQ3ODk3LDI4LjQ3MzQ2MSxDREMxUzM7NzcuMDQ3ODM5LDI4LjQ3MzQxNSxDREMxUzMrdmlh"
501,jubilee bus station secunderabad,165000,8,5145,$0.17,10,19,https://www.mappls.com/rbfrvk
502,janpath market new delhi delhi,201000,29,422,$0.02,1,28,https://www.mappls.com/place-janpath+market-janpath-connaught+place-new+delhi-delhi-110001-fbsfaf@zdata=MjguNjI5MDU0Kzc3LjIxOTI4KzE3K2Zic2ZhZisred
503,bidhan nagar road,201000,14,1829,$0.14,5,19,https://www.mappls.com/place-bidhannagar+road+railway+station-ghosh+bagan-murari+pukur-ultadanga-kolkata-west+bengal-700067-6F63DS@zdata=MjIuNTkxMTI3Kzg4LjM5MDc1MisxNys2RjYzRFMrK25yed
504,belagavi city,201000,51,422,$0.20,1,29,https://www.mappls.com/place-city+corporation+belgaum-hindwadi-belagavi-karnataka-590011-DEZN12@zdata=MTUuODM2NDUrNzQuNTEyOCsxNytERVpOMTIrKw==ed
505,vadodara railway station,201000,33,422,$0,5,44,https://www.mappls.com/place-vadodara+railway+station-platform+no+1-railway+station-sayajigunj-pratapganj-vadodara-gujarat-390002-833B2S@zdata=MjIuMzEwMDQ1KzczLjE4MDg1KzE3KzgzM0IyUysrbnI=ed
506,new delhi lajpat nagar market,201000,18,1185,$0.08,1,21,https://www.mappls.com/place-lajpat+nagar+central+market-near+ashram+chowk-lajpat+nagar-south+delhi-new+delhi-delhi-110024-BAF345@zdata=MjguNTY5MjYrNzcuMjQxNjQrMTcrQkFGMzQ1Kys=ed
507,miraj,201000,24,462,$0.01,1,61,https://www.mappls.com/c3ivnl
508,toli chowki,135000,46,346,$0.05,11,51,https://www.mappls.com/place-toli+chowki+market-salarjung+colony-miraj+colony-toli+chowki-hyderabad-telangana-500008-ifumx6@zdata=MTcuNDAxNDc0Kzc4LjQxNzQ2MysxNytpZnVteDYrKw==ed
509,taj bandra mumbai,165000,19,709,$0.38,31,38,https://www.mappls.com/728tbt
510,sp koil,165000,56,346,$0.07,2,19,https://www.mappls.com/place-sp+koil+masjid+singaperumalkoil-tamil+nadu-603204+singaperumalkoil-6XZBPL@zdata=MTIuNzU2NDM2KzgwLjAwMjY4NSsxNys2WFpCUEw=ed
511,sector 44 gurgaon,135000,68,346,$0.48,11,46,https://www.mappls.com/place-pg-sector+44-gurugram-haryana-122003-1VU5S4@zdata=MjguNDUxMjgrNzcuMDcyMDU0KzE3KzFWVTVTNCsrbnI=ed
512,g t b nagar,165000,34,346,$0.09,4,19,https://www.mappls.com/qlgog7
513,map of india photos,165000,54,346,$0,67,38,https://www.mappls.com/
514,raniganj west bengal,135000,27,396,$0,1,43,https://www.mappls.com/knd85q
515,railway station bhopal,201000,28,396,$0,2,43,https://www.mappls.com/a78dqh
516,jay prakash narayan airport,165000,32,346,$0.10,7,34,https://www.mappls.com/place-jay+prakash+narayan+international+airport+arrival+terminal-jay+prakash+narayan+international+airport-patna-bihar-800014-8AJZW8@zdata=MjUuNTk0NjYzKzg1LjA5MDY1NSsxNys4QUpaVzgrK25yed
517,delhi laxmi nagar metro station,165000,31,346,$0.05,3,16,https://www.mappls.com/place-laxmi+nagar+metro+station-vikas+marg-block+d-lakshmi+nagar-new+delhi-delhi-110092-284TB1@zdata=MjguNjMwNDU2Kzc3LjI3NzM2NCsxNysyODRUQjErK25yed
518,city center,165000,23,544,$0.14,5,38,https://www.mappls.com/place-city+centre-lala+ratanlal+jain+marg-sagar+market-mall+road-kanpur-uttar+pradesh-208001-E4TEC8@zdata=MjYuNDYyMDQrODAuMzU5NDErMTcrRTRURUM4Kys=ed
519,sector 36 chandigarh,165000,62,346,$0.11,1,19,"https://www.mappls.com/direction-from--to-chandigarh+sector+36d+market,+sector+36d,+chandigarh,+chandigarh,+160036+chandigarh?@zdata=ZnJvbSsrdG8rNzYuNzUzNTA5LDMwLjczNDAwNSxSTkpaUTgrdmlh"
520,laxmi nagar metro station,201000,20,924,$0,7,37,https://www.mappls.com/place-laxmi+nagar+metro+station-vikas+marg-block+d-lakshmi+nagar-new+delhi-delhi-110092-284TB1@zdata=MjguNjMwNDU2Kzc3LjI3NzM2NCsxNysyODRUQjErK25yed
521,bhilai location,165000,49,346,$0.12,1,25,"https://www.mappls.com/direction-from--to-bhilai;bhilai+nagar+vaishali+nagar,+bhilai,+chhattisgarh,+490023+bhilai;bhilai+nagar?@zdata=ZnJvbSsrdG8rODEuMzUyNTI5LDIxLjIyNTkyMSxUQkpTSkg7ODEuMzUyNTE1LDIxLjIyNTgyMixUQkpTSkgrdmlh"
522,hanuman temple in sarangpur,165000,16,1864,$0.01,1,35,https://www.mappls.com/fn2ktx
523,hanuman mandir in sarangpur gujarat,135000,22,841,$0.17,1,46,https://www.mappls.com/fn2ktx
524,hadapsar in pune,165000,35,346,$0.07,5,21,"https://www.mappls.com/direction-from--to-,+hadapsar,+pune,+maharashtra,+411028?@zdata=ZnJvbSsrdG8rNzMuOTM1MDg5LDE4LjUwMTQ0LDE0VEFTRit2aWE="
525,gulbarga city karnataka,165000,25,544,$0.11,1,35,https://www.mappls.com/9byd5e
526,garuda mall bangalore,135000,19,841,$0.09,12,23,https://www.mappls.com/b7vn6o
527,taj bandra lands end,165000,17,924,$0.36,28,40,https://www.mappls.com/728tbt
528,machilipatnam krishna district,165000,21,841,$0.09,1,28,"https://www.mappls.com/direction-from--to-+machilipatnam,+krishna+district,+andhra+pradesh,+521149?@zdata=ZnJvbSsrdG8rODEuMDgxMzgyLDE2LjIxNTY5NCxDRjNBQkUrdmlh"
529,machilipatnam city,135000,36,346,$0.10,1,28,https://www.mappls.com/bct3fb
530,sarangpur temple gujarat,135000,23,709,$0.17,1,28,https://www.mappls.com/fn2ktx
531,raipur railway station,135000,41,346,$0.37,1,43,https://www.mappls.com/place-raipur+junction+railway+station-gudhiyari-raipur-chhattisgarh-492009-E45SD5@zdata=MjEuMjU2ODY0KzgxLjYzMDE5MysxNytFNDVTRDUrK25yed
532,nungambakkam chennai,165000,53,346,$0.17,7,23,"https://www.mappls.com/direction-from--to-,+nungambakkam,+chennai,+tamil+nadu,+600034,+51t8es??@zdata=ZnJvbSsrdG8rODAuMjQxODI2LDEzLjA2NjAxNyw1MXQ4ZXM7ODAuMjQxODgxLDEzLjA2NjAyNyw1MXQ4ZXMrdmlh"
533,esplanade bus stand road,135000,7,16054,$0.18,7,16,https://www.mappls.com/place-esplanade+bus+terminus-jawaharlal+nehru+road-esplanade-kolkata-west+bengal-700021-2SS37C@zdata=MjIuNTYzMzE4Kzg4LjM1MDMxMisxNysyU1MzN0MrKw==ed
534,bareilly railway station,110000,37,346,$0,2,43,https://www.mappls.com/place-bareilly+junction+railway+station-civil+lines-bareilly-uttar+pradesh-243001-T6E6A2@zdata=MjguMzM3MTMzKzc5LjQxMDY1OSsxNytUNkU2QTIrK25yed
535,shivaji stadium,135000,28,346,$0,6,49,https://www.mappls.com/place-shivaji+stadium+metro+station-baba+kharak+singh+marg-connaught+place-new+delhi-delhi-110001-A26BD6@zdata=MjguNjI4ODEzKzc3LjIxMTQ0NCsxNytBMjZCRDYrK25yed
536,sarangpur hanuman temple gujarat,135000,18,924,$0,1,34,https://www.mappls.com/fn2ktx
537,kerala district map,165000,22,445,$0,6,44,"https://www.mappls.com/direction-from--to-+thiruvalla,+pathanamthitta+district,+kerala,+689110?@zdata=ZnJvbSsrdG8rNzYuNTM4MDU1LDkuMzY5NDQ0LDJCMjZBVCt2aWE="
538,map and location,165000,12,1864,$0.03,3,93,https://www.mappls.com/
539,m g road metro,165000,13,2475,$0.16,6,18,https://www.mappls.com/wmnjzo
540,cabo de rama beach in goa,165000,35,346,$0.16,1,28,https://www.mappls.com/place-cabo+de+rama+beach-canacona-south+goa+district-goa-403702-i1ypmw@zdata=MTUuMTAwNjM4KzczLjkyNjEzOSsxNytpMXlwbXcrKw==ed
541,hamirpur himachal,165000,24,445,$0.58,1,36,"https://www.mappls.com/direction-from--to-hamirpur+shimla,+kangra+road,+galore,+hamirpur,+himachal+pradesh,+177001+hamirpur?@zdata=ZnJvbSsrdG8rNzYuNTE4MzMzLDMxLjY4ODY4NCwyTlNPRTArdmlh"
542,b block,165000,12,5577,$0.15,3,23,https://www.mappls.com/fa92bk
543,vagator beach in goa,0,32,346,$0,1,4,https://www.mappls.com/place-vagator+beach-vagator-anjuna-goa-403509-7A8TBC@zdata=MTUuNjAxNzgxKzczLjczMzY0MisxNys3QThUQkMrKw==ed
544,station surat,165000,52,346,$0.06,2,19,https://www.mappls.com/place-surat+railway+station+bus+stop-station+road-railway+station+area-surat-gujarat-395003-7TSABE@zdata=MjEuMjA0MzE2KzcyLjg0MDMzNisxNys3VFNBQkUrK25yed
545,raipur junction,165000,31,346,$0,2,48,https://www.mappls.com/place-raipur+junction+railway+station-gudhiyari-raipur-chhattisgarh-492009-E45SD5@zdata=MjEuMjU2ODY0KzgxLjYzMDE5MysxNytFNDVTRDUrK25yed
546,spencer plaza shopping mall chennai,135000,51,346,$0.17,6,23,https://www.mappls.com/veqfv5
547,map with location,165000,13,1864,$0.02,2,68,https://www.mappls.com/
548,laxmi nagar metro station delhi,165000,20,841,$0.05,3,16,https://www.mappls.com/place-laxmi+nagar+metro+station-vikas+marg-block+d-lakshmi+nagar-new+delhi-delhi-110092-284TB1@zdata=MjguNjMwNDU2Kzc3LjI3NzM2NCsxNysyODRUQjErK25yed
549,hanuman temple sarangpur,165000,23,709,$0.01,1,39,https://www.mappls.com/fn2ktx
550,bareilly junction,110000,28,396,$0,2,48,https://www.mappls.com/place-bareilly+junction+railway+station-civil+lines-bareilly-uttar+pradesh-243001-T6E6A2@zdata=MjguMzM3MTMzKzc5LjQxMDY1OSsxNytUNkU2QTIrK25yed
551,isbt kashmere gate,90500,16,1237,$0.19,3,25,https://www.mappls.com/5f5cta
552,india map photo,201000,71,346,$0.49,69,63,https://www.mappls.com/
553,hosa road,165000,29,363,$0.10,8,50,https://www.mappls.com/place-hosa+road+metro+station-begur-bengaluru-karnataka-560114-djfwce@zdata=MTIuODcwNzUyKzc3LjY1MjM4MisxNytkamZ3Y2UrKw==ed
554,gandhi nagar station jaipur,165000,88,346,$0.06,6,19,https://www.mappls.com/place-gandhi+nagar+railway+station+bus+stop-bajaj+nagar-jaipur-rajasthan-302015-eme2t7@zdata=MjYuODc0MjUzKzc1Ljc5OTIzOCsxNytlbWUydDcrKw==ed
555,taj lands end bandra,165000,30,346,$0.22,24,42,https://www.mappls.com/728tbt
556,seasons mall,135000,28,346,$0,12,51,https://www.mappls.com/8w5wyd
557,sarojini market,165000,35,346,$0,1,47,https://www.mappls.com/aqoqfb
558,sangam cinemas,165000,13,1237,$0.07,5,49,https://www.mappls.com/place-sangam+cinemas-870-poonamallee+high+road-kilpauk-chennai-tamil+nadu-600010-ts1e5f@zdata=MTMuMDc4ODg2KzgwLjI0OTM3KzE3K3RzMWU1Zisred
559,sector 76 noida,165000,44,346,$0.37,6,44,https://www.mappls.com/place-sector+76+metro+station-sector+76-noida-uttar+pradesh-201303-EIL8D4@zdata=MjguNTY1MzI5Kzc3LjM3OTU3OSsxNytFSUw4RDQrK25yed
560,taj lands end mumbai,165000,16,973,$0.38,31,39,https://www.mappls.com/728tbt
561,noida sector 24,165000,29,346,$0.10,4,18,https://www.mappls.com/f18dda
562,pragati maidan new delhi,165000,37,346,$0.32,3,18,https://www.mappls.com/a123tc
563,guduvancheri,165000,53,346,$0,5,62,https://www.mappls.com/place-guduvancheri+government+hospital-guduvanchery-nandivaram+guduvancheri-tamil+nadu-603202-4e4s8c@zdata=MTIuODQ1MDQzKzgwLjA2MjIwNSsxNys0ZTRzOGMrKw==ed
564,gate of india located,201000,18,1237,$0.08,2,40,https://www.mappls.com/ssbsat
565,gandhi nagar jaipur railway station,165000,43,346,$0.07,7,19,https://www.mappls.com/eme2t7
566,kphb colony hyderabad,165000,28,379,$0.43,7,45,https://www.mappls.com/cvc2vg
567,cabo de rama beach,110000,33,346,$0.12,2,35,https://www.mappls.com/i1ypmw
568,hadapsar railway station,60500,20,841,$0,15,36,https://www.mappls.com/21dd1c
569,isbt delhi,246000,26,396,$0.06,3,48,https://www.mappls.com/5f5cta
570,kerala adoor,165000,17,1237,$0.13,1,22,"https://www.mappls.com/direction-from--to-+adoor,+pathanamthitta+district,+kerala,+691555?@zdata=ZnJvbSsrdG8rNzYuNzY5MTE0LDkuMTk0NjQ4LEE0Nk5KQit2aWE="
571,sr nagar in hyderabad,165000,56,346,$0.11,6,28,https://www.mappls.com/place-sr+nagar+bus+stop-sanjeeva+reddy+nagar+main+road-vengal+rao+nagar-hyderabad-telangana-500038-FFEC44@zdata=MTcuNDQ0MjM3Kzc4LjQ0MDErMTcrRkZFQzQ0Kytucg==ed
572,pragati maidan in delhi,165000,31,346,$0.26,3,20,https://www.mappls.com/a123tc
573,tower 1,165000,12,2475,$0.12,3,19,https://www.mappls.com/7562f6
574,location and map,165000,16,973,$0.02,2,58,https://www.mappls.com/
575,jio office near me,165000,12,3250,$0,1,35,https://www.mappls.com/otacbc
576,gita mandir new bus stand,165000,36,346,$0.06,4,19,https://www.mappls.com/sg2br6
577,gateway of india,201000,42,346,$0.53,2,43,https://www.mappls.com/ssbsat
578,garuda mall,165000,19,841,$0.02,7,50,https://www.mappls.com/b7vn6o
579,bhilai nagar,135000,45,346,$0,1,48,"https://www.mappls.com/direction-from--to-bhilai;bhilai+nagar+fauji+nagar,+bhilai,+chhattisgarh,+490022+bhilai;bhilai+nagar,+23c1a4?@zdata=ZnJvbSsrdG8rODEuMzcyNDQ0LDIxLjIyODA5OCwyM2MxYTQ7ODEuMzcyNzE1LDIxLjIyNzk1MiwyM2MxYTQrdmlh"
580,north ernakulam railway station,165000,63,346,$0.10,3,21,"https://www.mappls.com/direction-from--to-ernakulam+north+railway+station,+kacheripady,+kochi,+kerala,+682018?@zdata=ZnJvbSsrdG8rNzYuMjg2MjM5LDkuOTkxNjk5LEZUNTVBNit2aWE="
581,tower 2,165000,8,10873,$0.14,3,20,https://www.mappls.com/mrtdqx
582,surat city railway station,201000,34,346,$0.07,2,20,https://www.mappls.com/place-surat+railway+station+city+bus+stop-railway+station+area-varachha-surat-gujarat-395003-5HO6IS@zdata=MjEuMjAzNDQyKzcyLjg0MDUxNCsxNys1SE82SVMrK25yed
583,sarojini market in delhi,135000,32,346,$0.04,1,22,https://www.mappls.com/aqoqfb
584,sarangpur hanuman gujarat,135000,19,1501,$0.17,1,36,https://www.mappls.com/fn2ktx
585,s r nagar,165000,55,346,$0.11,6,26,https://www.mappls.com/place-sr+nagar+bus+stop-sanjeeva+reddy+nagar+main+road-vengal+rao+nagar-hyderabad-telangana-500038-FFEC44@zdata=MTcuNDQ0MjM3Kzc4LjQ0MDErMTcrRkZFQzQ0Kytucg==ed
586,near petrol pump near me,165000,7,10873,$0,1,34,https://www.mappls.com/petrol-pump-near-me
587,raniganj,135000,33,346,$0,1,61,https://www.mappls.com/knd85q
588,raipur station,165000,37,346,$0,2,48,https://www.mappls.com/place-raipur+junction+railway+station-gudhiyari-raipur-chhattisgarh-492009-E45SD5@zdata=MjEuMjU2ODY0KzgxLjYzMDE5MysxNytFNDVTRDUrK25yed
589,hadapsar railway station pune,74000,19,924,$0.24,13,19,https://www.mappls.com/21dd1c
590,indian oil petrol pumps,165000,21,841,$0.21,1,19,https://www.mappls.com/place-indian+oil+petrol+pump-survey+no+38-hsr+layout-ring+road-sector+4-bengaluru-karnataka-560102-64DF26@zdata=MTIuOTIxNDA1Kzc3LjY0NDc1NSsxNys2NERGMjYrK25yed
591,bhopal railway station,201000,30,346,$0,2,43,https://www.mappls.com/a78dqh
592,city thane,165000,84,346,$0.09,4,23,https://www.mappls.com/place-thane+municipal+corporation-jawaharbaug-khortan+road-opposite+khandoba+temple-wagle+estate+midc-thane-maharashtra-400604-D9N6SE@zdata=MTkuMTkzNDc4KzcyLjk1MTY5OCsxNytEOU42U0UrK25yed
593,taj end bandra,165000,19,709,$0.38,31,38,https://www.mappls.com/728tbt
594,spencer plaza mall chennai,135000,33,346,$0.17,6,24,https://www.mappls.com/veqfv5
595,gulbarga city,135000,34,346,$0,1,48,https://www.mappls.com/9byd5e
596,isbt kashmiri gate delhi,90500,28,379,$0.11,2,25,https://www.mappls.com/5f5cta
597,okhla location in delhi,165000,52,346,$0.10,3,33,https://www.mappls.com/mmi000
598,mumbai gateway of india,201000,34,346,$0.08,2,37,https://www.mappls.com/ssbsat
599,atm indian overseas bank,201000,14,3250,$0.09,1,19,https://www.mappls.com/search-near-Indian%20Overseas%20Bank%20ATM(%20IOB%20ATM%20)@zdata=ODguMzI3ODMxLDIyLjU4NTY2
600,abes ghaziabad,165000,28,346,$0.47,7,50,https://www.mappls.com/hk7tu9
601,vit chennai,165000,23,445,$0.50,2,48,https://www.mappls.com/place-vit+university+library-vit+chennai-vandalur+kelambakkam+road-chennai-tamil+nadu-600127-3umna8@zdata=MTIuODQxMDUzKzgwLjE1NDA0MisxNyszdW1uYTgrKw==ed
602,photo of map of india,165000,86,346,$0.01,72,45,https://www.mappls.com/
603,okhla delhi location,165000,41,346,$0,8,45,https://www.mappls.com/ydk1hc
604,nashik road,165000,22,709,$0.50,3,48,https://www.mappls.com/place-nashik+road+railway+station-rajwada+nagar-deolali-nashik-maharashtra-422401-CES626@zdata=MTkuOTQ3OTIzKzczLjg0MjExNysxNytDRVM2MjYrK25yed
605,jntu metro station,165000,9,5577,$0.12,13,14,https://www.mappls.com/place-jntu+college+metro+station-no+1a-near+jntu+college-nh+65-dharma+reddy+colony+phase+2-kukatpally+housing+board+colony-kukatpally-hyderabad-telangana-500085-aylcmi@zdata=MTcuNDk4NjIzKzc4LjM4ODc4NCsxNytheWxjbWkrKw==ed
606,hanuman mandir sarangpur gujarat,165000,21,924,$0.01,1,43,https://www.mappls.com/fn2ktx
607,ghatkopar railway station,165000,16,924,$0,5,44,https://www.mappls.com/place-ghatkopar+railway+station+west-station+road-ghatkopar+west-mumbai-maharashtra-400086-l94ldt@zdata=MTkuMDg1OTU2KzcyLjkwODEzMSsxNytsOTRsZHQrKw==ed
608,bhilai nagar chhattisgarh,135000,44,346,$0,1,43,"https://www.mappls.com/direction-from--to-bhilai;bhilai+nagar+fauji+nagar,+bhilai,+chhattisgarh,+490022+bhilai;bhilai+nagar,+23c1a4?@zdata=ZnJvbSsrdG8rODEuMzcyNDQ0LDIxLjIyODA5OCwyM2MxYTQ7ODEuMzcyNzE1LDIxLjIyNzk1MiwyM2MxYTQrdmlh"
609,majiwada,165000,27,346,$0.30,6,62,https://www.mappls.com/tile3w
610,lands end taj,165000,14,1501,$0.42,30,41,https://www.mappls.com/728tbt
611,esplanade,135000,54,346,$0.29,5,62,https://www.mappls.com/place-esplanade+mall+rasulgarh-rasulgarh-bhubaneswar-rasulgarh+industrial+estate-bhubaneswar-odisha-751010-STAK02@zdata=MjAuMjkxNDIzNTEwNSs4NS44NTYyNDI4MzA2KzE3K1NUQUswMisrbnI=ed
612,rt nagar,165000,54,346,$0.15,6,21,https://www.mappls.com/place-rt+nagar+traffic+police+station-anand+nagar+cross-hebbal+main+road-bengaluru-karnataka-560024-RKTY5J@zdata=MTMuMDMzMzErNzcuNTg4NTI1KzE3K1JLVFk1SisrbnI=ed
613,railway station surat,201000,49,346,$0.23,1,43,https://www.mappls.com/place-surat+railway+station-lal+darwaja+station+road-suryapur+gate-varachha-surat-gujarat-395003-C4AAF8@zdata=MjEuMjA1MjgxKzcyLjg0MDgyMysxNytDNEFBRjgrK25yed
614,hadapsar pune,110000,66,346,$0.16,11,51,"https://www.mappls.com/direction-from--to-,+hadapsar,+pune,+maharashtra,+411028?@zdata=ZnJvbSsrdG8rNzMuOTM1MDg5LDE4LjUwMTQ0LDE0VEFTRit2aWE="
615,gandhinagar station jaipur,165000,39,346,$0.07,7,19,https://www.mappls.com/place-gandhi+nagar+jaipur+railway+station-bajaj+nagar-jaipur-rajasthan-302015-36CEC4@zdata=MjYuODczNDM0Kzc1Ljc5OTI2MisxNyszNkNFQzQrK25yed
616,nesco,90500,37,346,$0,12,62,https://www.mappls.com/place-nesco+central+hall-bombay+exhibition+centre-nesco+it+park-nse+estate-western+express+highway-goregaon+east-mumbai-maharashtra-400063-e03ku5@zdata=MTkuMTQ5MTc5KzcyLjg1MzY2NysxNytlMDNrdTUrKw==ed
617,metro station laxmi nagar,201000,21,841,$0.02,3,16,https://www.mappls.com/284tb1
618,mathura junction,90500,31,346,$0,2,46,https://www.mappls.com/7dtbd7
619,jay prakash narayan international airport,90500,30,346,$0.22,7,34,https://www.mappls.com/place-jay+prakash+narayan+international+airport+arrival+terminal-jay+prakash+narayan+international+airport-patna-bihar-800014-8AJZW8@zdata=MjUuNTk0NjYzKzg1LjA5MDY1NSsxNys4QUpaVzgrK25yed
620,medanta medicity gurgaon,165000,15,1237,$0.30,8,45,https://www.mappls.com/7c3esb
621,nexus hyderabad mall,110000,24,396,$0,16,47,https://www.mappls.com/56du8z
622,shri hanuman mandir sarangpur,135000,38,346,$0.17,1,26,https://www.mappls.com/fn2ktx
623,sarojini market at delhi,165000,28,363,$0.07,1,29,https://www.mappls.com/aqoqfb
624,raipur train station,165000,37,346,$0.12,3,19,https://www.mappls.com/place-raipur+junction+railway+station-gudhiyari-raipur-chhattisgarh-492009-E45SD5@zdata=MjEuMjU2ODY0KzgxLjYzMDE5MysxNytFNDVTRDUrK25yed
625,railway station bareilly,110000,40,346,$0.06,2,20,https://www.mappls.com/place-railway+junction+bareilly-bareilly+junction-bareilly-uttar+pradesh-243001-KJ2169@zdata=MjguMzM3Kzc5LjQxMDg1NDUyMDgrMTcrS0oyMTY5Kytucg==ed
626,surat gujarat railway station,201000,22,544,$0.07,2,25,https://www.mappls.com/place-surat+railway+station-lal+darwaja+station+road-suryapur+gate-varachha-surat-gujarat-395003-C4AAF8@zdata=MjEuMjA1MjgxKzcyLjg0MDgyMysxNytDNEFBRjgrK25yed
627,indusind bank near me,165000,21,709,$0.43,1,35,https://www.mappls.com/place-indusind+bank-nh+28-bargadawa-basti-uttar+pradesh-272001-LH9A6B@zdata=MjYuODA0MDU5KzgyLjcyMDIwNysxNytMSDlBNkIrK25yed
628,indusind bank atm,110000,16,1237,$0,1,42,https://www.mappls.com/place-indusind+bank+atm-mahatma+gandhi+road-hindpiri-ranchi-jharkhand-834001-easdac@zdata=MjMuMzU1NTc0Kzg1LjMyMzg5OCsxNytlYXNkYWMrK25yed
629,gate of india location,165000,20,841,$0.03,7,20,https://www.mappls.com/ssbsat
630,borivali west,201000,25,396,$0.16,10,51,https://www.mappls.com/place-borivali+west+railway+station-sv+road-borivali+west-mumbai-maharashtra-400092-eeb5a3@zdata=MTkuMjI4Nzc5KzcyLjg1NjM2NysxNytlZWI1YTMrKw==ed
631,borivali east,135000,26,379,$0.10,9,50,https://www.mappls.com/place-borivali+east+railway+station-borivali+west-mumbai-maharashtra-400066-ees37d@zdata=MTkuMjI5MDcxKzcyLjg1NzM1NSsxNytlZXMzN2QrKw==ed
632,west bengal raniganj,165000,33,346,$0.11,1,35,https://www.mappls.com/knd85q
633,vagator beach goa,2900,22,841,$0.27,3,14,https://www.mappls.com/place-vagator+beach-vagator-anjuna-goa-403509-7A8TBC@zdata=MTUuNjAxNzgxKzczLjczMzY0MisxNys3QThUQkMrKw==ed
634,the grand venice mall,165000,15,1501,$0,8,37,https://www.mappls.com/e7ac5b
635,taj mumbai bandra,165000,18,924,$0.36,28,37,https://www.mappls.com/728tbt
636,krishna nagar krishna nagar,165000,18,973,$0.06,1,23,https://www.mappls.com/k8mn7y
637,mumbai main,165000,17,924,$0,1,22,https://www.mappls.com/9kuh7k
638,mee seva center,135000,16,1501,$0.34,6,19,https://www.mappls.com/xa1e0p
639,railway station of bhopal,201000,36,346,$0.08,2,20,https://www.mappls.com/a78dqh
640,police line,165000,17,1864,$0.13,4,16,https://www.mappls.com/place-police+line-police+line-narnaul-haryana-123001-WV5MX2@zdata=MjguMDQ4NDc0Kzc2LjExMzE2KzE3K1dWNU1YMisrbnI=ed
641,hotel sahara star vile parle,165000,21,544,$0.32,23,22,https://www.mappls.com/place-sahara+star-opposite+domestic+airport-vile+parle+east-mumbai-maharashtra-400099-aet86t@zdata=MTkuMDk1NTUrNzIuODUzODU5KzE3K2FldDg2dCsred
642,hanuman temple sarangpur gujarat,135000,21,841,$0.17,1,43,https://www.mappls.com/fn2ktx
643,kamla nagar in delhi,135000,48,346,$0.16,3,21,https://www.mappls.com/a3d7bd
644,india gate of mumbai,165000,40,346,$0.03,7,25,https://www.mappls.com/ssbsat
645,hotel taj lands end mumbai,165000,47,346,$0.36,30,38,https://www.mappls.com/728tbt
646,bareilly station,110000,48,346,$0,2,48,https://www.mappls.com/place-railway+junction+bareilly-bareilly+junction-bareilly-uttar+pradesh-243001-KJ2169@zdata=MjguMzM3Kzc5LjQxMDg1NDUyMDgrMTcrS0oyMTY5Kytucg==ed
647,anand vihar metro station,165000,34,346,$0,2,35,https://www.mappls.com/place-anand+vihar+isbt+metro+station-anand+vihar-new+delhi-delhi-110092-bt81et@zdata=MjguNjQ2ODA3Kzc3LjMxNjAzMysxNytidDgxZXQrKw==ed
648,adoor town,165000,57,346,$0.22,1,19,"https://www.mappls.com/direction-from--to-+adoor,+pathanamthitta+district,+kerala,+691555?@zdata=ZnJvbSsrdG8rNzYuNzY5MTE0LDkuMTk0NjQ4LEE0Nk5KQit2aWE="
649,toli chowki,135000,46,346,$0.05,11,51,https://www.mappls.com/place-toli+chowki+market-salarjung+colony-miraj+colony-toli+chowki-hyderabad-telangana-500008-ifumx6@zdata=MTcuNDAxNDc0Kzc4LjQxNzQ2MysxNytpZnVteDYrKw==ed
650,taj bandra mumbai,165000,19,709,$0.38,31,38,https://www.mappls.com/728tbt
651,sp koil,165000,56,346,$0.07,2,19,https://www.mappls.com/place-sp+koil+masjid+singaperumalkoil-tamil+nadu-603204+singaperumalkoil-6XZBPL@zdata=MTIuNzU2NDM2KzgwLjAwMjY4NSsxNys2WFpCUEw=ed
652,sector 44 gurgaon,135000,68,346,$0.48,11,46,https://www.mappls.com/place-pg-sector+44-gurugram-haryana-122003-1VU5S4@zdata=MjguNDUxMjgrNzcuMDcyMDU0KzE3KzFWVTVTNCsrbnI=ed
653,map of india photos,165000,54,346,$0,67,38,https://www.mappls.com/
654,raniganj west bengal,135000,27,396,$0,1,43,https://www.mappls.com/knd85q
655,railway station bhopal,201000,28,396,$0,2,43,https://www.mappls.com/a78dqh
656,jay prakash narayan airport,165000,32,346,$0.10,7,34,https://www.mappls.com/place-jay+prakash+narayan+international+airport+arrival+terminal-jay+prakash+narayan+international+airport-patna-bihar-800014-8AJZW8@zdata=MjUuNTk0NjYzKzg1LjA5MDY1NSsxNys4QUpaVzgrK25yed
657,delhi laxmi nagar metro station,165000,31,346,$0.05,3,16,https://www.mappls.com/place-laxmi+nagar+metro+station-vikas+marg-block+d-lakshmi+nagar-new+delhi-delhi-110092-284TB1@zdata=MjguNjMwNDU2Kzc3LjI3NzM2NCsxNysyODRUQjErK25yed
658,city center,165000,23,544,$0.14,5,38,https://www.mappls.com/place-city+centre-lala+ratanlal+jain+marg-sagar+market-mall+road-kanpur-uttar+pradesh-208001-E4TEC8@zdata=MjYuNDYyMDQrODAuMzU5NDErMTcrRTRURUM4Kys=ed
659,g t b nagar,165000,34,346,$0.09,4,19,https://www.mappls.com/qlgog7
660,geeta colony delhi,110000,45,283,$0.25,4,44,https://www.mappls.com/t0sy8z
661,santragachi junction,110000,25,310,$0,2,48,https://www.mappls.com/place-santragachi+junction+railway+station-santragachi-howrah-west+bengal-711111-7T7733@zdata=MjIuNTgyODQxKzg4LjI4NDI3NCsxNys3VDc3MzMrK25yed
662,hyatt regency delhi,110000,23,364,$0.96,20,49,https://www.mappls.com/place-hyatt+regency+delhi-bhikaiji+cama+place-ring+road-new+delhi-delhi-110066-E8TE34@zdata=MjguNTY5MTcrNzcuMTg1MjU2KzE3K0U4VEUzNCsrbnI=ed
663,marine lines mumbai maharashtra,135000,21,688,$0.11,4,23,https://www.mappls.com/place-marine+lines+railway+station+east-maharishi+karve+road-marine+line-mumbai-maharashtra-400002-CE6TF2@zdata=MTguOTQ1Mzk4KzcyLjgyNDE4MSsxNytDRTZURjIrK25yed
664,ma chidambaram stadium,201000,20,756,$0,1,42,https://www.mappls.com/o97uug
665,silvassa city,135000,43,283,$0.23,1,27,https://www.mappls.com/0eclwv
666,taj hotel mumbai,135000,23,364,$0.12,24,50,https://www.mappls.com/1ecb2f
667,juhu,135000,38,283,$0.37,5,62,https://www.mappls.com/place-juhu+beach+area-juhu-mumbai-maharashtra-400049-UAR8G7@appzdata=MTkuMDk2Njg4KzcyLjgyNTU4NSsxNStVQVI4RzcrKzI0MDAwed
668,harihar city,110000,36,283,$0,1,48,https://www.mappls.com/place-harihar+police+station-sh+76-gandhi+nagar-harihar-karnataka-577601-5XCNOQ@zdata=MTQuNTE0OTE5Kzc1LjgwNjY3MysxNys1WENOT1ErKw==ed
669,goa international airport,135000,53,283,$0.34,1,34,https://www.mappls.com/5pii5u
670,mumbai churchgate railway station,201000,26,297,$0,11,38,https://www.mappls.com/f58s4b
671,mrp near me,135000,20,580,$0.33,2,43,https://www.mappls.com/ho52vr
672,atm of bank of maharashtra,135000,16,1228,$0.03,1,20,https://www.mappls.com/place-bank+of+maharashtra+atm-33rd+road-bandra+west-mumbai-maharashtra-400050-3A4C1S@zdata=MTkuMDY1NjE2KzcyLjgzMTM4OSsxNyszQTRDMVMrK25yed
673,churchgate railway station mumbai,135000,34,283,$0.14,4,23,https://www.mappls.com/f58s4b
674,sector 28,135000,51,283,$0.12,5,19,https://www.mappls.com/place-sector+28+metro+station-sector+28-faridabad-haryana-121008-M41IJY@zdata=MjguNDM4Mjc5Kzc3LjMwOTAwNCsxNytNNDFJSlkrK25yed
675,xperia mall lodha,135000,53,283,$0.12,5,21,https://www.mappls.com/place-pvr+inox-lodha+xperia+palava+kalyan-3rd+floor-lodha+xperia+palava-kalyan+shilphata+road-casa+bella+gold-palava-kalyan-maharashtra-421204-N6F742@zdata=MTkuMTY1NDY3KzczLjA3NTE1OSsxNytONkY3NDIrK25yed
676,palampur kangra,165000,61,283,$0.27,1,20,"https://www.mappls.com/direction-from--to-,+palampur,+kangra+district,+himachal+pradesh,+176061?@zdata=ZnJvbSsrdG8rNzYuNTM0ODY3LDMyLjEzMzU2MSxOT0RSMjUrdmlh"
677,mahalaxmi mandir mumbai,135000,30,283,$0.28,5,44,https://www.mappls.com/76174d
678,delhi sarai rohilla railway station,135000,26,297,$0,6,36,https://www.mappls.com/place-delhi+sarai+rohilla+railway+station-guru+gobind+singh+marg-railway+officers+colony-new+rohtak+road-sarai+rohilla-new+delhi-delhi-110005-bct38b@zdata=MjguNjYzMjA3Kzc3LjE4NjA0MisxNytiY3QzOGIrKw==ed
679,greater kailash new delhi delhi,135000,57,283,$0.28,4,20,https://www.mappls.com/place-greater+kailash+metro+station-greater+kailash+1-new+delhi-delhi-110048-mdstam@zdata=MjguNTQxNTM5Kzc3LjIzNzU5NysxNyttZHN0YW0rKw==ed
680,bhopal db mall,135000,19,688,$0.20,5,22,https://www.mappls.com/i55fgz
681,barrackpore west bengal,135000,86,283,$0.11,2,38,https://www.mappls.com/6v6g95
682,sector 46 gurgaon,135000,57,283,$0.25,10,46,https://www.mappls.com/e8g5wz
683,odisha angul,110000,34,283,$0.05,1,38,https://www.mappls.com/s5fz1g
684,guwahati paltan bazar,135000,15,1525,$0.19,4,44,https://www.mappls.com/place-paltan+bazaar-near+station+road-guwahati-assam-781008-C8WW8V@zdata=MjYuMTgwODY4KzkxLjc0NjAxKzE3K0M4V1c4Visred
685,state bank of india saral,135000,41,283,$0,1,21,https://www.mappls.com/o8sypx
686,saravana stores,135000,10,4563,$0.05,3,48,https://www.mappls.com/place-saravana+stores-7th+main+road+west-block+ak-anna+nagar-chennai-tamil+nadu-600040-1JDTBL@zdata=MTMuMDc5Mjg5KzgwLjIwNjU2NCsxNysxSkRUQkwrK25yed
687,lb nagar in hyderabad,135000,23,445,$0.10,2,27,"https://www.mappls.com/direction-from--to-,+lb+nagar,+hyderabad,+telangana,+500074?@zdata=ZnJvbSsrdG8rNzguNTUwNDE0LDE3LjM1MTUzOSw3QUxJNUordmlh"
688,nagarjuna sagar location,135000,39,283,$0,1,42,https://www.mappls.com/1f7ba2
689,rishikesh neelkanth mahadev,135000,26,580,$0.05,1,38,https://www.mappls.com/7sc64a
690,india goa airport,135000,54,283,$0.41,1,33,https://www.mappls.com/5pii5u
691,goregaon railway station,135000,18,688,$0,5,44,https://www.mappls.com/place-goregaon+railway+station+west-goregaon+east-mumbai-maharashtra-400104-8F7FDC@zdata=MTkuMTY1MzkrNzIuODQ5MjU0KzE3KzhGN0ZEQysrbnI=ed
692,bangalore 1,135000,21,580,$0.16,3,19,https://www.mappls.com/place-bangalore+one-1st+cross+road-rajgopal+nagar+phase+2-peenya-bengaluru-karnataka-560058-1llwqe@zdata=MTMuMDEyODA5Kzc3LjUwOTk4MysxNysxbGx3cWUrKw==ed
693,adoni,135000,49,283,$0.02,1,22,https://www.mappls.com/mn8ljl
694,db city mall in bhopal,135000,20,580,$0.24,5,26,https://www.mappls.com/i55fgz
695,cane from up,135000,52,283,$0,1,40,https://www.mappls.com/place-the+up+state+sugar+&+cane+development+corporation-burhwal-fatehpur-district+barabanki-ramnagar-uttar+pradesh-225205-12gwot@zdata=MjcuMDgyMzM2KzgxLjM4NzM1OCsxNysxMmd3b3QrKw==ed
696,bombay hospital bombay,135000,41,283,$0.17,5,27,https://www.mappls.com/place-bombay+hospital+&+medical+research+centre-12-bombay+hospital+trust-anandilal+podar+marg-new+marine+lines-next+to+liberty+cinema-church+gate-district+mumbai-mumbai-maharashtra-400020-F7DV78@zdata=MTguOTQxMDk2KzcyLjgyNzIyOSsxNytGN0RWNzgrK25yed
697,nashik phata road,135000,5,13135,$0,13,46,https://www.mappls.com/89dl5c
698,marine lines,135000,46,283,$0,4,49,https://www.mappls.com/place-marine+lines+railway+station+west-maharishi+karve+road-marine+line-mumbai-maharashtra-400002-45fd7f@zdata=MTguOTQ1NzAzKzcyLjgyMzY1MSsxNys0NWZkN2YrKw==ed
699,shakti nagar,135000,17,1012,$0,3,48,https://www.mappls.com/place-shakti+nagar-naroda-ahmedabad-gujarat-382330-YNL5LK@zdata=MjMuMDcxMjY1KzcyLjY2MjE4NCsxNytZTkw1TEsrKw==ed
700,infiniti mall in andheri,135000,21,580,$0.71,6,27,https://www.mappls.com/place-infiniti+mall+andheri-new+link+road-oshiwara-andheri+west-mumbai-maharashtra-400053-B1FTTT@zdata=MTkuMTQxMzI3KzcyLjgzMDg3OCsxNytCMUZUVFQrK25yed
701,chinar park,110000,24,580,$1.23,12,51,https://www.mappls.com/lqcvbw
702,charkhi dadri city,135000,34,283,$0.04,1,26,https://www.mappls.com/place-charkhi+dadri+municipal+corporation-charkhi+dadri-charkhi+dadri-haryana-127306-C2N491@zdata=MjguNTk1ODcrNzYuMjY4NjMrMTcrQzJONDkxKys=ed
703,andheri west infiniti mall,135000,22,324,$0.71,6,24,https://www.mappls.com/place-infiniti+mall+andheri-new+link+road-oshiwara-andheri+west-mumbai-maharashtra-400053-B1FTTT@zdata=MTkuMTQxMzI3KzcyLjgzMDg3OCsxNytCMUZUVFQrK25yed
704,rishikesh neelkanth,135000,30,324,$0.05,1,29,https://www.mappls.com/7sc64a
705,jio office,110000,19,756,$0,3,48,https://www.mappls.com/hm1dz1
706,ayurvedic store near me,135000,16,1012,$0.15,12,38,https://www.mappls.com/fvv1lo
707,mira road station,110000,34,283,$0,8,45,https://www.mappls.com/71a3sf
708,vishwavidyalaya,135000,63,283,$0.87,3,61,https://www.mappls.com/74fsf3
709,tower 3,135000,19,1012,$0.17,3,20,https://www.mappls.com/place-tower+3-no+1-10-177-varun+towers-opposite+hyderabad+public+school-sp+road-hyderabad-telangana-500016-4cmhyw@zdata=MTcuNDQxNTk2Kzc4LjQ1ODI1MSsxNys0Y21oeXcrKw==ed
710,reliance jio office,135000,13,2025,$0.20,1,20,https://www.mappls.com/otacbc
711,hiranandani gardens india,135000,56,283,$1.26,6,20,https://www.mappls.com/place-hiranandani+gardens-forest+street-hiranandani+gardens-powai-mumbai-maharashtra-400076-I58EAA@zdata=MTkuMTE1MjkxKzcyLjkwODkwNysxNytJNThFQUErK25yed
712,gurgaon sector 56,110000,66,283,$0.35,6,44,https://www.mappls.com/o2892x
713,davangere,110000,45,283,$2.21,1,60,https://www.mappls.com/place-davangere+reservation+office-prince+jayachamaraja+wodeyar-davanagere-karnataka-577002-mdj40z@zdata=MTQuNDY4MDA5Kzc1LjkxOTQzNysxNyttZGo0MHorKw==ed
714,charkhi dadri bhiwani,135000,46,283,$0.14,1,32,"https://www.mappls.com/direction-from--to-charkhi+dadri+bhiwani+loharu+road,+bhiwani,+near+main+round+about,+charkhi+dadri,+haryana,+127306+charkhi+dadri?@zdata=ZnJvbSsrdG8rNzYuMjQ5MDY1LDI4LjU5Mjc5NyxMUk4yOEcrdmlh"
715,location of nagarjuna sagar dam,135000,20,796,$0,1,26,https://www.mappls.com/1f7ba2
716,new bus stand,90500,9,6331,$0,6,42,https://www.mappls.com/place-new+bus+stand-azadgarh-rajendra+nagar-rohtak-haryana-124001-Q1PSS9@zdata=MjguOTAzMzMzKzc2LjYwMjQ2NysxNytRMVBTUzkrK25yed
717,naroda,110000,18,796,$0,10,64,"https://www.mappls.com/direction-from--to-,+naroda,+ahmedabad,+gujarat,+382330?@zdata=ZnJvbSsrdG8rNzIuNjYxNTcyLDIzLjA3MDY0OCxXTEc2NE8rdmlh"
718,nagarjuna sagar dam nalgonda,135000,32,283,$0.16,1,31,https://www.mappls.com/1f7ba2
719,nagarjuna sagar,33100,30,283,$0,1,42,https://www.mappls.com/1f7ba2
720,bandra station west,135000,75,283,$0,6,44,https://www.mappls.com/place-bandra+metro+station-sv+road-madam+wadi-bandra+west-mumbai-maharashtra-400050-DKATWM@zdata=MTkuMDUzMzYrNzIuODM4MjA4KzE3K0RLQVRXTSsrbnI=ed
721,axis bank a t m near me,135000,15,1525,$0.02,3,25,"https://www.mappls.com/banks/near/18.619242,73.805013"
722,bharat nagar,135000,16,1012,$0.14,5,22,https://www.mappls.com/place-bharat+nagar+bharat+nagar-sarkhej-ahmedabad-gujarat-382210+ahmedabad-1BGVLM@zdata=MjIuOTg0ODU3KzcyLjUwMzEyOTAwMDAwMDErMTcrMUJHVkxNed
723,hiranandani gardens mumbai,135000,33,283,$0.93,6,44,https://www.mappls.com/place-hiranandani+gardens-forest+street-hiranandani+gardens-powai-mumbai-maharashtra-400076-I58EAA@zdata=MTkuMTE1MjkxKzcyLjkwODkwNysxNytJNThFQUErK25yed
724,ppta station,135000,32,283,$0.12,10,19,https://www.mappls.com/place-patliputra+railway+station-jagat+vihar+colony-rukanpura-patna-bihar-800025-CDZFDT@zdata=MjUuNjIxNDgzKzg1LjA2OTA5NCsxNytDRFpGRFQrK25yed
725,geeta colony,110000,23,364,$0,7,50,https://www.mappls.com/3vqbgv
726,gandhi chowk,135000,18,1012,$0,1,48,"https://www.mappls.com/direction-from--to-pathankot+gandhi+chowk,+pathankot,+punjab,+145001+pathankot?@zdata=ZnJvbSsrdG8rNzUuNjUyNDMyLDMyLjI3MDU5NSwxR1JKMFArdmlh"
727,rohilla delhi,135000,22,364,$0.09,4,19,https://www.mappls.com/place-delhi+sarai+rohilla+railway+station-guru+gobind+singh+marg-railway+officers+colony-new+rohtak+road-sarai+rohilla-new+delhi-delhi-110005-bct38b@zdata=MjguNjYzMjA3Kzc3LjE4NjA0MisxNytiY3QzOGIrKw==ed
728,infiniti mall andheri west mumbai,135000,20,580,$0.71,6,25,https://www.mappls.com/place-infiniti+mall+andheri-new+link+road-oshiwara-andheri+west-mumbai-maharashtra-400053-B1FTTT@zdata=MTkuMTQxMzI3KzcyLjgzMDg3OCsxNytCMUZUVFQrK25yed
729,munger jamalpur,165000,47,283,$0.08,2,24,"https://www.mappls.com/direction-from--to-munger+jamalpur,+munger+road,+shah+family,+dilawer+pur,+munger,+bihar,+811201+munger?@zdata=ZnJvbSsrdG8rODYuNDcxMDE4LDI1LjM3NTgyLEdJMko5USt2aWE="
730,mumbai churchgate station,165000,70,283,$0.15,3,19,https://www.mappls.com/place-church+gate+railway+station+west-marine+lines-maharshi+karve+road-mumbai-maharashtra-400020-FWUG5F@zdata=MTguOTMzODg2KzcyLjgyNzMzNCsxNytGV1VHNUYrK25yed
731,bank of maharashtra atm,135000,19,756,$0.08,1,20,https://www.mappls.com/place-bank+of+maharashtra+atm-33rd+road-bandra+west-mumbai-maharashtra-400050-3A4C1S@zdata=MTkuMDY1NjE2KzcyLjgzMTM4OSsxNyszQTRDMVMrK25yed
732,chandigarh junction railway station,135000,50,283,$0,3,35,https://www.mappls.com/ate6tt
733,chandan nagar,135000,34,283,$0,6,49,https://www.mappls.com/rw3d78
734,cachar silchar,135000,48,283,$0.20,1,19,https://www.mappls.com/place-smch-cachar-silchar-assam-788014-PPWQXF@zdata=MjQuNzc1NDgrOTIuNzk1MTkzKzE3K1BQV1FYRisrbnI=ed
735,churchgate station,201000,46,283,$0,10,51,https://www.mappls.com/place-church+gate+railway+station+west-marine+lines-maharshi+karve+road-mumbai-maharashtra-400020-FWUG5F@zdata=MTguOTMzODg2KzcyLjgyNzMzNCsxNytGV1VHNUYrK25yed
736,mac stadium chennai,110000,27,310,$0.11,2,26,https://www.mappls.com/o97uug
737,nagarjuna dam,33100,40,283,$0,1,28,https://www.mappls.com/1f7ba2
738,harihar davangere,110000,18,796,$0,1,48,https://www.mappls.com/pyxz3q
739,bharat nagar india,135000,99,283,$0.13,4,19,https://www.mappls.com/place-bharat+nagar+bharat+nagar-sarkhej-ahmedabad-gujarat-382210+ahmedabad-1BGVLM@zdata=MjIuOTg0ODU3KzcyLjUwMzEyOTAwMDAwMDErMTcrMUJHVkxNed
740,bangalore one,135000,16,1228,$0.14,2,15,https://www.mappls.com/place-bangalore+one-srinivasa+kalyana+mantapa+road-jaraganahalli-bengaluru-karnataka-560078-7OXSET@zdata=MTIuODk3ODA3Kzc3LjU3NDMxNSsxNys3T1hTRVQrKw==ed
741,chanda nagar,135000,30,283,$0.07,9,50,"https://www.mappls.com/direction-from--to-,+chanda+nagar,+hyderabad,+telangana,+500050?@zdata=ZnJvbSsrdG8rNzguMzE0MjUyLDE3LjUwNDc0NCxHQjhUS0Irdmlh"
742,torrent power,135000,50,283,$0.10,1,33,https://www.mappls.com/place-torrent+power-isanpur-ahmedabad-gujarat-382443-O5L4FM@zdata=MjIuOTg3MDcrNzIuNTk2Njg2KzE3K081TDRGTSsred
743,db mall bhopal,110000,27,324,$0,13,46,https://www.mappls.com/rlnv94
744,chottanikkara bhagavathy temple,135000,19,688,$0,2,43,https://www.mappls.com/624bf4
745,sapna book house,135000,20,688,$0.09,4,44,https://www.mappls.com/g8xb4x
746,international airport goa,135000,50,283,$0.49,1,37,https://www.mappls.com/5pii5u
747,nagarjuna sagar dam,90500,34,283,$0,1,42,https://www.mappls.com/1f7ba2
748,beeramguda,135000,12,2025,$0.17,6,62,"https://www.mappls.com/direction-from--to-,+beeramguda+road,+mallikarjun+nagar,+ramachandrapuram,+hyderabad,+telangana,+502032?@zdata=ZnJvbSsrdG8rNzguMzAxMTE0LDE3LjUxMDc0OCxCNDRXNVUrdmlh"
749,chennai municipal corporation,165000,15,796,$0,1,42,https://www.mappls.com/place-chennai+municipal+corporation+commissioner+office-ripon+building-no+1131-evr+periyar+salai-park+town-chennai-tamil+nadu-600003-DA82DA@zdata=MTMuMDgxODk0KzgwLjI3MTcyNisxNytEQTgyREErKw==ed
750,manish market mumbai,135000,18,756,$0.07,1,20,https://www.mappls.com/place-dadar+manish+market-senapati+bapat+marg-dadar+west-mumbai-maharashtra-400028-FU3JXW@zdata=MTkuMDE2ODY5KzcyLjg0MDQ3MysxNytGVTNKWFcrKw==ed
751,manish market in mumbai,135000,28,324,$0.07,1,25,https://www.mappls.com/place-dadar+manish+market-senapati+bapat+marg-dadar+west-mumbai-maharashtra-400028-FU3JXW@zdata=MTkuMDE2ODY5KzcyLjg0MDQ3MysxNytGVTNKWFcrKw==ed
752,belur math west bengal,135000,30,297,$0.08,2,41,https://www.mappls.com/8f5fce
753,chinar park kolkata,135000,41,283,$0.19,6,20,https://www.mappls.com/aeir7z
754,chandigarh station,135000,37,283,$0.12,5,25,https://www.mappls.com/ate6tt
755,petrol pump near me near me,135000,11,3456,$0.01,1,20,https://www.mappls.com/petrol-pump-near-me
756,one bangalore,135000,16,1228,$0.14,2,19,https://www.mappls.com/place-bangalore+one-1st+cross+road-rajgopal+nagar+phase+2-peenya-bengaluru-karnataka-560058-1llwqe@zdata=MTMuMDEyODA5Kzc3LjUwOTk4MysxNysxbGx3cWUrKw==ed
757,l b nagar hyderabad,135000,26,310,$0.13,2,27,"https://www.mappls.com/direction-from--to-,+lb+nagar,+hyderabad,+telangana,+500074?@zdata=ZnJvbSsrdG8rNzguNTUwNDE0LDE3LjM1MTUzOSw3QUxJNUordmlh"
758,international airport terminal,165000,71,283,$0.12,5,52,https://www.mappls.com/place-kannur+international+airport+domestic+arrivals+terminal-arrival+road-mattannur-kerala-670595-2zr66g@zdata=MTEuOTEzNzQ0Kzc1LjU0ODQ4MSsxNysyenI2NmcrKw==ed
759,churchgate railway station,201000,46,283,$0,10,46,https://www.mappls.com/f58s4b
760,barsapara stadium,135000,21,688,$0,1,47,https://www.mappls.com/tndowq
761,angul location,135000,52,283,$0.08,1,34,https://www.mappls.com/s5fz1g
762,hiranandani gardens powai,390,41,283,$1.29,4,15,https://www.mappls.com/place-hiranandani+gardens-forest+street-hiranandani+gardens-powai-mumbai-maharashtra-400076-I58EAA@zdata=MTkuMTE1MjkxKzcyLjkwODkwNysxNytJNThFQUErK25yed
763,yelachenahalli,110000,30,231,$0,7,63,https://www.mappls.com/fl9usq
764,p and m mall in patna,110000,23,297,$0.09,6,22,https://www.mappls.com/cdzlw7
765,netaji subhash place delhi,90500,51,231,$0.02,5,34,https://www.mappls.com/place-netaji+subhash+place+metro+station-lala+jagat+narayan+marg-pitampura-new+delhi-delhi-110034-4AA53T@zdata=MjguNjk1OTc3Kzc3LjE1MjQ4NysxNys0QUE1M1QrK25yed
766,sector 135 noida,110000,38,231,$0.15,5,20,https://www.mappls.com/place-expressway+police+station-sector+135-noida-uttar+pradesh-201304-d32n0y@zdata=MjguNDk5OTEzKzc3LjQwMTMxMSsxNytkMzJuMHkrKw==ed
767,santosh mitra square,33100,7,10703,$0,7,25,https://www.mappls.com/b33f71
768,pvr anupam saket new delhi delhi,110000,14,825,$0.05,4,19,https://www.mappls.com/uo9f8a
769,kota junction,90500,27,264,$0,2,46,https://www.mappls.com/77ftdc
770,karni mata temple rajasthan,90500,15,1650,$0.26,2,33,https://www.mappls.com/y7t7sq
771,kalwa,110000,62,231,$0.16,5,62,https://www.mappls.com/place-kalva+railway+station+west-baburao+salvi+marg-kharegaon-kalwa+west-thane-maharashtra-400605-4A3B17@zdata=MTkuMTk1MzE2KzcyLjk5NjQ0NCsxNys0QTNCMTcrKw==ed
772,mango mist,135000,14,1001,$0.26,2,48,https://www.mappls.com/38cgjy
773,malabar hill,110000,40,231,$0.20,2,48,https://www.mappls.com/u3w7o4
774,cng bunk near me,110000,22,473,$0.02,1,34,https://www.mappls.com/cng%20station-near-me
775,birla mandir in jaipur,110000,28,297,$0.07,5,24,https://www.mappls.com/b85vkq
776,bangalore iskcon temple,368000,34,231,$0.88,11,46,https://www.mappls.com/bfb82b
777,aksa beach,110000,37,231,$0.14,5,49,https://www.mappls.com/place-aksa+beach-aksa+village-malad-mumbai-maharashtra-400095-8BCDBC@zdata=MTkuMTczMDE3KzcyLjc5NDY2NSsxNys4QkNEQkMrKw==ed
778,tis hazari,110000,17,649,$0.13,4,32,https://www.mappls.com/place-tis+hazari+district+and+session+court-lala+hardev+sahai+marg-block+bgs-railway+colony-tis+hazari-new+delhi-delhi-110054-524u86@zdata=MjguNjY2MDY1Kzc3LjIxODgzMisxNys1MjR1ODYrKw==ed
779,hari nagar,90500,43,231,$0.16,5,47,https://www.mappls.com/e5dtak
780,mysore ksrtc bus stand,90500,38,231,$0.06,7,35,https://www.mappls.com/place-ksrtc+bus+depot-1st+main+road-industrial+area-bannimantap+extension-mysuru-karnataka-570015-4T398T@zdata=MTIuMzM0OTA2Kzc2LjY1MTUzKzE3KzRUMzk4VCsred
781,mumbai kandivali east thakur village,110000,30,231,$0.17,4,25,https://www.mappls.com/place-thakur+complex-asha+nagar-kandivali+east-mumbai-maharashtra-400101-V03OGW@zdata=MTkuMjEyNzE3KzcyLjg2NjgxMysxNytWMDNPR1crKw==ed
782,mayur vihar,110000,24,363,$0.05,3,48,https://www.mappls.com/c2s633
783,kalyani nagar,110000,40,231,$0.15,7,50,https://www.mappls.com/place-kalyani+nagar+metro+station-east+avenue-marigold+complex-kalyani+nagar-pune-maharashtra-411014-DKDIUC@zdata=MTguNTQ0NDUrNzMuOTA1NzcrMTcrREtESVVDKytucg==ed
784,santacruz east mumbai,110000,56,231,$0.19,5,44,https://www.mappls.com/place-santacruz+sub+post+office-nehru+road-santacruz+east-mumbai-maharashtra-400055-jy8vj7@zdata=MTkuMDgwOTE2KzcyLjg0MjcwOSsxNytqeTh2ajcrKw==ed
785,rewari station,60500,29,231,$0,2,37,https://www.mappls.com/place-rewari+junction+railway+station-rewari+railway+station-rewari-haryana-123401-847B81@zdata=MjguMjAzMDQ2Kzc2LjYwOTk0MSsxNys4NDdCODErK25yed
786,pk's,110000,39,231,$0.09,1,10,https://www.mappls.com/place-pk+stores-6th+main+road-stage+2-indiranagar-bengaluru-karnataka-560038-2AIEI8@zdata=MTIuOTczMTk4Kzc3LjYzNTQ0KzE3KzJBSUVJOCsrbnI=ed
787,petrol station near me,165000,38,231,$0.06,1,35,https://www.mappls.com/search-near-Petrol%20Pump@zdata=NzkuMjUxMTU3LDI4LjIxNTE1MQ==
788,noida sector 135,110000,51,231,$0.34,8,45,"https://www.mappls.com/direction-from--to-noida+wazidpur,+sector+135,+noida,+uttar+pradesh,+201304+noida?@zdata=ZnJvbSsrdG8rNzcuMzg4NTE1LDI4LjQ5NzczOSw4TjFOT08rdmlh"
789,nexus whitefield,74000,19,473,$0,14,45,https://www.mappls.com/9te12e
790,venice mall in greater noida,90500,30,231,$0.03,2,22,https://www.mappls.com/e7ac5b
791,railway station thrissur,90500,43,231,$0,6,42,https://www.mappls.com/place-thrissur+railway+station-railway+station+road-veliyannur-thrissur-kerala-680021-TAC345@zdata=MTAuNTE2MDk3Kzc2LjIwODQrMTcrVEFDMzQ1Kytucg==ed
792,kanaka durga temple,90500,35,231,$0.56,1,41,https://www.mappls.com/1f13f5
793,kalyani nagar pune,110000,62,231,$0.11,7,45,https://www.mappls.com/place-kalyani+nagar+metro+station-east+avenue-marigold+complex-kalyani+nagar-pune-maharashtra-411014-DKDIUC@zdata=MTguNTQ0NDUrNzMuOTA1NzcrMTcrREtESVVDKytucg==ed
794,new market,110000,17,1001,$0.13,2,21,https://www.mappls.com/place-new+market-new+market-south+tt+nagar-tt+nagar-bhopal-madhya+pradesh-462003-R2DPZ5@zdata=MjMuMjM1NDAyKzc3LjQwMDM0MSsxNytSMkRQWjUrKw==ed
795,new friends colony delhi,110000,45,231,$0.15,4,36,https://www.mappls.com/rgrrg4
796,near of me,110000,28,231,$0.10,1,58,https://www.mappls.com/entertainment-near-me
797,delhi new friends colony,110000,71,231,$0.16,3,36,https://www.mappls.com/rgrrg4
798,creams,90500,26,264,$0.23,1,59,https://www.mappls.com/2ojbul
799,byculla,110000,85,231,$0,8,63,https://www.mappls.com/lxtwrf
800,govind puri metro station,90500,38,231,$0.17,7,15,https://www.mappls.com/report/5ee142/59a29d5b-e5d3-49bb-bd92-a396de2363ed
801,goregaon west,135000,53,231,$0.19,7,50,https://www.mappls.com/place-goregaon+west+metro+station-new+link+road-goregaon+west-mumbai-maharashtra-400104-dkaqdw@zdata=MTkuMTUyODU1KzcyLjgzNTY4KzE3K2RrYXFkdysred
802,meghagas cng station,90500,16,1650,$0.27,1,14,https://www.mappls.com/place-meghagas+cng+station-ramanathapuram+road-nh-336-thanjavur-mathur-tamil+nadu-622515-WOJBCQ@zdata=MTAuNjk0NjczKzc4LjczNDY3MisxNytXT0pCQ1ErK25yed
803,mall of dehradun,90500,9,2167,$0.24,8,43,https://www.mappls.com/place-mall+of+dehradun-haridwar+road-indian+institute+of+petroleum-mohakampur-dehradun-uttarakhand-248005-5ixzbe@zdata=MzAuMjY2ODA5Kzc4LjA4MTkzNysxNys1aXh6YmUrKw==ed
804,noida sector 15,110000,27,253,$0.20,4,44,https://www.mappls.com/place-noida+sector+15+metro+station-nayabas+sector+15-noida-uttar+pradesh-201301-C8745B@zdata=MjguNTg0OTg1Kzc3LjMxMTY0KzE3K0M4NzQ1QisrbnI=ed
805,neem ka thana,110000,18,825,$0,1,42,https://www.mappls.com/place-sadar+neem+ka+thana+police+station-bhudoli+road-neem+ka+thana-sikar+district-rajasthan-332713-qqtimo@zdata=MjcuNzE0Njg1Kzc1Ljc3OTA4NisxNytxcXRpbW8rKw==ed
806,near near me,110000,73,231,$0.10,1,41,https://www.mappls.com/entertainment-near-me
807,coimbatore ukkadam bus stand,110000,15,1243,$0,3,35,https://www.mappls.com/place-ukkadam+bus+terminal-east+oppanakara+street+area-coimbatore-tamil+nadu-641001-4td683@zdata=MTAuOTg4MzI1Kzc2Ljk2MTgyOCsxNys0dGQ2ODMrK25yed
808,green gas limited cng station,110000,12,2167,$0.21,1,14,https://www.mappls.com/place-green+gas+limited+cng+station-sector+18-sector+18-vrindavan+colony-lucknow-uttar+pradesh-226301-C0GFYR@zdata=MjYuNzQxODM3KzgwLjk2Mzk1NisxNytDMEdGWVIrK25yed
809,grand venice mall in greater noida,110000,15,1001,$0.02,2,21,https://www.mappls.com/e7ac5b
810,g town wines,90500,12,1650,$0,1,40,https://www.mappls.com/n3jpvq
811,durga temple in vijayawada,110000,28,264,$0.19,1,38,https://www.mappls.com/1f13f5
812,birla temple jaipur,110000,62,231,$0.29,7,45,https://www.mappls.com/b85vkq
813,thane station west,90500,50,231,$0,5,42,"https://www.mappls.com/direction-from--to-thane+station+road,+jambli+naka,+thane+west,+thane,+maharashtra,+400601+thane?@zdata=ZnJvbSsrdG8rNzIuOTc3MDIsMTkuMTkxMTY4LDQ3RkQ0OSt2aWE="
814,thakur village mumbai,90500,46,231,$0.09,10,44,"https://www.mappls.com/direction-from--to-my+idea,+thakur+village,+kandivali+east,+mumbai,+maharashtra,+400101?@zdata=ZnJvbSsrdG8rNzIuODcyMzMyLDE5LjIwODQ1NCwxVVY1OTUrdmlh"
815,madina masjid,90500,10,7249,$0,2,46,https://www.mappls.com/place-madina+masjid-chandchak-banjarawala-kargigrant-dehradun-uttarakhand-248121-qprccn@zdata=MzAuMjc5NDk2Kzc4LjAxNzY3NSsxNytxcHJjY24rKw==ed
816,kolhapur bus stand,90500,22,363,$0,7,43,https://www.mappls.com/place-kolhapur+central+bus+stand-benadikar+path-shahupuri-kolhapur-maharashtra-416001-4f5611@zdata=MTYuNzAzNjIzKzc0LjI0MzEyKzE3KzRmNTYxMSsred
817,near me cng pump,165000,18,616,$0.10,1,35,https://www.mappls.com/cng%20station-near-me
818,near for me,135000,22,473,$0.10,1,48,https://www.mappls.com/restaurants-near-me
819,mumbai aksa beach,110000,25,473,$0.25,5,44,https://www.mappls.com/place-aksa+beach-aksa+village-malad-mumbai-maharashtra-400095-8BCDBC@zdata=MTkuMTczMDE3KzcyLjc5NDY2NSsxNys4QkNEQkMrKw==ed
820,jaina basadi,165000,28,297,$0,4,49,https://www.mappls.com/place-sri+anantha+swamy+&+padmavathi+devi+jaina+basadi-mangalore-dakshina+kannada+district-karnataka-574146-T2W8JL?@appzdata=MTMuMDUzMjI3Kzc0Ljc5NDExKzE3K1QyVzhKTCsred
821,howrah railway station howrah west bengal,110000,72,231,$0.12,5,26,https://www.mappls.com/place-howrah+railway+station+old+terminal-howrah+railway+station+area-howrah-west+bengal-711101-TATC5D@zdata=MjIuNTgzMzUrODguMzQzMSsxNytUQVRDNUQrK25yed
822,grand venice mall,110000,16,649,$0,1,43,https://www.mappls.com/e7ac5b
823,kalika mata mandir,18100,46,231,$0,6,20,https://www.mappls.com/place-kalika+mata+mandir-gaikwad+nagar-mumbai+naka-nashik-maharashtra-422002-crnv8w@zdata=MTkuOTg3ODQ5KzczLjc4MjQyNSsxNytjcm52OHcrKw==ed
824,bus stand jalandhar,135000,12,1650,$0.03,2,43,https://www.mappls.com/q0rpe4
825,balaji place,110000,36,231,$0.21,2,34,https://www.mappls.com/33tc38
826,balaji location,110000,23,473,$0.16,3,35,https://www.mappls.com/place-balaji+temple-mangrol-baran+district-rajasthan-325215-PE4MS0@zdata=MjUuMzgxNDUyKzc2LjQxMjQxNisxNytQRTRNUzArKw==ed
827,university of burdwan west bengal,110000,12,1243,$0.40,1,36,https://www.mappls.com/place-the+university+of+burdwan+academic+complex-bardhaman+university-burdwan-west+bengal-713104-dss1fd@zdata=MjMuMjUzODE4Kzg3Ljg0NzYwOCsxNytkc3MxZmQrKw==ed
828,op jindal global university sonipat,110000,24,297,$1.05,7,38,https://www.mappls.com/7yodn5
829,mee seva near me,110000,12,1650,$0,1,35,https://www.mappls.com/pt5vci
830,sindhi camp bus stand jaipur,135000,14,1001,$0.17,4,36,https://www.mappls.com/place-bus+stop-mi+road-sindhi+camp-jaipur-rajasthan-302001-RZLORB@zdata=MjYuOTE4MzY3Kzc1LjgwMDIyNysxNytSWkxPUkIrK25yed
831,thrissur station,110000,44,231,$0.11,3,19,https://www.mappls.com/place-thrissur+railway+station-railway+station+road-veliyannur-thrissur-kerala-680021-TAC345@zdata=MTAuNTE2MDk3Kzc2LjIwODQrMTcrVEFDMzQ1Kytucg==ed
832,jalpaiguri town,110000,68,231,$0.09,1,41,https://www.mappls.com/hirtof
833,kempegowda bus station,74000,23,473,$0,4,37,https://www.mappls.com/place-kempegowda+bus+terminal+2-tank+bund+road-gandhi+nagar-bengaluru-karnataka-560023-rqxcrj@zdata=MTIuOTc2NjQ1Kzc3LjU3MTg5KzE3K3JxeGNyaisred
834,exhibition grounds,74000,15,1001,$0.20,5,39,https://www.mappls.com/place-exhibition+grounds-goshamahal-hyderabad-telangana-500001-QAL6NK@zdata=MTcuMzg1ODkyKzc4LjQ3MDY3NisxNytRQUw2TksrKw==ed
835,bilaspur junction railway station,60500,26,253,$0,5,25,https://www.mappls.com/place-bilaspur+junction+railway+station-tarbahar+chowk-railway+colony-bilaspur-chhattisgarh-495004-SBCEAS@zdata=MjIuMDU2MjMyKzgyLjE3MjE4MysxNytTQkNFQVMrK25yed
836,vijayawada to benz circle,110000,28,231,$0.16,7,21,https://www.mappls.com/place-benz+circle+bus+stop-sai+nagar-kala+nagar-acharya+ranga+nagar-benz+circle-vijayawada-andhra+pradesh-520010-NL6C7B@zdata=MTYuNDk4NDUrODAuNjUyNjY2KzE3K05MNkM3QisrbnI=ed
837,vijayawada kanaka durga,90500,38,231,$0.30,1,41,https://www.mappls.com/1f13f5
838,vellore new bus station,110000,16,1243,$0.09,2,20,https://www.mappls.com/place-vellore+new+bus+stand-nh+75-thottapalayam-vellore-tamil+nadu-632004-S7E584@zdata=MTIuOTM0NTkyKzc5LjEzNjQ1MysxNytTN0U1ODQrK25yed
839,utkarsh small finance bank,110000,23,363,$0.67,1,35,https://www.mappls.com/search-near-Utkarsh%20Small%20Finance%20Bank@zdata=ODEuOTY1NTQsMjcuMTMxOTc=
840,mahuva city gujarat,110000,77,231,$0.04,1,16,"https://www.mappls.com/direction-from--to-+mahuva,+bhavnagar+district,+gujarat,+364280?@zdata=ZnJvbSsrdG8rNzEuNjc4NzQ0LDIxLjIyNTU5NixKV0NZOEcrdmlh"
841,madurai railway station,90500,37,231,$0.57,3,41,https://www.mappls.com/7883ft
842,kotak banking,110000,31,231,$1.28,17,31,https://www.mappls.com/iwbsg1
843,central research institute,110000,46,231,$0.01,1,26,https://www.mappls.com/place-central+research+institute-kasauli-kasauli-himachal+pradesh-173204-eaf61b@zdata=MzAuODk4NTcrNzYuOTY1MzY0KzE3K2VhZjYxYisred
844,grand venice greater noida,90500,19,561,$0.03,2,31,https://www.mappls.com/e7ac5b
845,gandhi hospital,90500,20,561,$0.20,4,47,https://www.mappls.com/1e11sc
846,pgi hospital chandigarh,110000,12,2816,$0.44,5,44,https://www.mappls.com/place-pgi+hospital-madhya+marg-sector+12-chandigarh-160012-UMF02F@zdata=MzAuNzYwNTE0Kzc2Ljc3NTQ2NCsxNytVTUYwMkYrKw==ed
847,state bank atm machine,110000,20,616,$0.06,1,19,https://www.mappls.com/xearst
848,service centre for motorola,110000,22,473,$0.13,3,37,https://www.mappls.com/84bft7
849,rewari jn,49500,21,473,$0.05,2,19,https://www.mappls.com/place-rewari+junction+railway+station-rewari+railway+station-rewari-haryana-123401-847B81@zdata=MjguMjAzMDQ2Kzc2LjYwOTk0MSsxNys4NDdCODErK25yed
850,vijayawada durga temple,90500,35,231,$0.30,1,41,https://www.mappls.com/1f13f5
851,tirunelveli new bus stand,90500,11,2167,$0,7,35,https://www.mappls.com/place-tirunelveli+new+bus+stand-shanti+nagar-tirunelveli-tamil+nadu-627007-BYOF2E@zdata=OC43MDMwNjAwMDAwMDAxKzc3LjcyNzQxMSsxNytCWU9GMkUrK25yed
852,state bank atm,110000,50,231,$0.03,1,27,https://www.mappls.com/search-near-State%20Bank%20of%20India%20ATM(%20SBI%20ATM%20)@zdata=ODUuMjE2MzgsMjUuNzAxNjU3
853,sri karya siddhi anjaneya temple,110000,31,242,$0.14,6,24,https://www.mappls.com/aykylv
854,shastri nagar metro,110000,31,231,$0.12,3,13,https://www.mappls.com/place-shastri+nagar+metro+station-vir+banda+bairagi+marg-shastri+nagar-new+delhi-delhi-110035-e1f82d@zdata=MjguNjY5OTg4Kzc3LjE4MTc4KzE3K2UxZjgyZCsred
855,rajiv gandhi zoological park & wildlife research center,90500,29,231,$0.09,6,34,https://www.mappls.com/8s8a1s
856,p and m mall patna,110000,28,231,$0.02,7,37,https://www.mappls.com/cdzlw7
857,jaipur birla temple,110000,40,231,$0.05,8,29,https://www.mappls.com/b85vkq
858,civil hospital ahmedabad,90500,13,2816,$0.36,4,42,https://www.mappls.com/fs3a82
859,lokmanya tilak terminus,135000,21,561,$0.67,1,42,https://www.mappls.com/place-lokmanya+tilak+terminus-pipeline+road-lokmanya+tilak+terminus+railway+yard-kurla+east-mumbai-maharashtra-400089-3qfxrq@zdata=MTkuMDcxMTQxKzcyLjg5MTAwNisxNyszcWZ4cnErKw==ed
860,kalyani nagar pune maharashtra,110000,39,231,$0.09,5,20,https://www.mappls.com/place-kalyani+nagar+metro+station-east+avenue-marigold+complex-kalyani+nagar-pune-maharashtra-411014-DKDIUC@zdata=MTguNTQ0NDUrNzMuOTA1NzcrMTcrREtESVVDKytucg==ed
861,mother dairy,135000,18,825,$0.66,2,48,https://www.mappls.com/place-mother+dairy-sector+24c-chandigarh-chandigarh-160023-9DP4TK@zdata=MzAuNzQxMzMrNzYuNzU4NTQ4KzE3KzlEUDRUSysred
862,metro station jayanagar,110000,28,231,$0.55,8,18,https://www.mappls.com/place-jayanagar+metro+station-4th+main+road-block+7-jayanagar-bengaluru-karnataka-560070-U3B7FW@zdata=MTIuOTI5Njc3Kzc3LjU4MDE0NysxNytVM0I3RlcrK25yed
863,dwarka sector 10,110000,33,231,$0.07,3,43,https://www.mappls.com/place-dwarka+sector+10+metro+station-sector+10+dwarka-new+delhi-delhi-110075-DG65RB@zdata=MjguNTgxMTQ1Kzc3LjA1NzU2NysxNytERzY1UkIrK25yed
864,colaba causeway mumbai,90500,40,231,$0.15,7,20,https://www.mappls.com/place-colaba+causeway-colaba-mumbai+district-mumbai-maharashtra-400005-723DFC@zdata=MTguOTIxNzI5KzcyLjgzMDkzOCsxNys3MjNERkMrKw==ed
865,chandigarh pgi hospital,110000,12,3718,$0.10,5,22,https://www.mappls.com/place-pgi+hospital-madhya+marg-sector+12-chandigarh-160012-UMF02F@zdata=MzAuNzYwNTE0Kzc2Ljc3NTQ2NCsxNytVTUYwMkYrKw==ed
866,aksa beach mumbai,110000,31,231,$0.25,5,44,https://www.mappls.com/place-aksa+beach-aksa+village-malad-mumbai-maharashtra-400095-8BCDBC@zdata=MTkuMTczMDE3KzcyLjc5NDY2NSsxNys4QkNEQkMrKw==ed
867,bhimashankar jyotirlinga,90500,34,231,$0.38,1,45,https://www.mappls.com/8c5f5a
868,santacruz west,90500,19,473,$0.21,6,47,https://www.mappls.com/place-santacruz+west+railway+station-tilak+road-santacruz+west-mumbai-maharashtra-400054-8171C3@zdata=MTkuMDgyNTczKzcyLjg0MTQ2NSsxNys4MTcxQzMrK25yed
869,rajiv chowk in gurgaon,110000,40,231,$0.10,6,28,https://www.mappls.com/place-rajeev+chowk+bus+stop-jaipur+road-sector+32-gurugram-haryana-122001-B6SWT6@zdata=MjguNDQ2NTkxKzc3LjAzNzQxOCsxNytCNlNXVDYrK25yed
870,railway station kannur,90500,38,231,$0,1,41,https://www.mappls.com/place-kannur+railway+station-padanapalam-kannur-kerala-670001-AF3TE5@zdata=MTEuODcxNzgrNzUuMzY3NTUzKzE3K0FGM1RFNSsrbnI=ed
871,purnea university,110000,10,1650,$0,1,47,https://www.mappls.com/hn0u7u
872,thakur village kandivali east,90500,42,231,$0.09,10,36,https://www.mappls.com/place-thakur+complex-asha+nagar-kandivali+east-mumbai-maharashtra-400101-V03OGW@zdata=MTkuMjEyNzE3KzcyLjg2NjgxMysxNytWMDNPR1crKw==ed
873,mayur vihar phase i,110000,36,231,$0.12,5,19,https://www.mappls.com/place-mayur+vihar+phase+1+metro+station-mayur+vihar+phase+1-new+delhi-delhi-110091-SDC72F@zdata=MjguNjAzOTgyKzc3LjI4OTYwMisxNytTREM3MkYrK25yed
874,mahadev mandir,90500,19,1001,$0,4,47,https://www.mappls.com/place-shree+viswanath+mahadev+mandir-gota-ahmedabad-gujarat-382481-93cq7l@zdata=MjMuMTA2NTMrNzIuNTMzMzg2KzE3KzkzY3E3bCsred
875,lucknow junction,74000,38,231,$0,4,35,https://www.mappls.com/place-lucknow+junction+railway+station-choti+line-charbagh-lucknow-uttar+pradesh-226004-ju7djx@zdata=MjYuODMxOTA5KzgwLjkyMTk0NisxNytqdTdkangrKw==ed
876,tundla railway station,110000,30,242,$0,1,43,https://www.mappls.com/place-tundla+railway+station-station+road-tundla+rly+colony-uttar+pradesh-283204-s7b8sc@zdata=MjcuMjA4MjI4Kzc4LjIzMzU4NSsxNytzN2I4c2MrKw==ed
877,tundla junction railway station,110000,22,473,$0,1,35,https://www.mappls.com/place-new+tundla+junction+railway+station-tundla-firozabad+district-uttar+pradesh-283204-dt9new@zdata=MjcuMjAyNTAzKzc4LjIxNDQxKzE3K2R0OW5ldysred
878,greater noida venice mall,110000,15,1001,$0.02,2,21,https://www.mappls.com/sg0vys
879,english wine & beer shop,110000,9,3718,$0,1,17,https://www.mappls.com/place-english+wine+and+beer+shop-bassi-jaipur+district-rajasthan-303301-MRC6M0@zdata=MjYuODU3MjErNzYuMDUxNTErMTcrTVJDNk0wKytucg==ed
880,p m mall,110000,14,2167,$0.06,7,38,https://www.mappls.com/place-pm+mall-sakchi-jamshedpur-jharkhand-831001-HK3LYI@zdata=MjIuODA2OTMrODYuMjA1NisxNytISzNMWUkrKw==ed
881,santosh nagar,90500,42,231,$0,9,48,"https://www.mappls.com/direction-from--to-hyderabad+santosh+nagar+road,+bhavani+nagar+colony,+new+santosh+nagar,+santhosh+nagar,+hyderabad,+telangana,+500059+hyderabad?@zdata=ZnJvbSsrdG8rNzguNTA4MTI4LDE3LjM0NTkwMyxZQk5MSjMrdmlh"
882,santacruz west mumbai,110000,35,231,$0.18,5,20,https://www.mappls.com/place-santacruz+west+railway+station-tilak+road-santacruz+west-mumbai-maharashtra-400054-8171C3@zdata=MTkuMDgyNTczKzcyLjg0MTQ2NSsxNys4MTcxQzMrK25yed
883,rv road,90500,52,231,$0,7,48,https://www.mappls.com/place-rashtreeya+vidyalaya+road+metro+station+bike+parking-rashtreeya+vidyalaya+road+metro+station-bengaluru-karnataka-560041-61CS39@zdata=MTIuOTIxODA3Kzc3LjU4MDUzMysxNys2MUNTMzkrK25yed
884,rewari junction,49500,34,231,$0.05,2,25,https://www.mappls.com/place-rewari+junction+railway+station-rewari+railway+station-rewari-haryana-123401-847B81@zdata=MjguMjAzMDQ2Kzc2LjYwOTk0MSsxNys4NDdCODErK25yed
885,kempegowda bus,90500,18,616,$0.10,4,33,https://www.mappls.com/uvuqn4
886,ahmedabad civil hospital,90500,19,1001,$0.34,3,41,https://www.mappls.com/fs3a82
887,bus stand ludhiana,110000,21,561,$0.21,10,46,https://www.mappls.com/j0eunx
888,t centre,110000,17,649,$0.06,1,57,https://www.mappls.com/dyfc53
889,sector 34 chandigarh,110000,38,231,$0.14,6,19,https://www.mappls.com/5gc76g
890,station in kolkata,110000,54,231,$0.04,5,25,https://www.mappls.com/place-kolkata+railway+station-belgachia-kolkata-west+bengal-700037-7B3788@zdata=MjIuNjAxOTc4Kzg4LjM4MzAwNCsxNys3QjM3ODgrK25yed
891,shrinathji temple,110000,18,649,$0.22,2,48,https://www.mappls.com/4f7t3s
892,sant nagar,110000,20,473,$0.15,4,20,"https://www.mappls.com/direction-from--to-,+sant+nagar,+burari,+new+delhi,+delhi,+110084?@zdata=ZnJvbSsrdG8rNzcuMTkyOTc0LDI4Ljc0NTIwNCxTVE5YOUgrdmlh"
893,kannur station,90500,37,231,$0.08,1,20,https://www.mappls.com/1b282s
894,nearby me,90500,31,231,$0.36,1,46,https://www.mappls.com/restaurants-near-me
895,mayur vihar delhi,110000,19,561,$0.05,3,43,https://www.mappls.com/c2s633
896,lonavala railway station,110000,30,242,$0,1,43,https://www.mappls.com/place-lonavala+railway+station-mg+road-siddharth+nagar-lonavala-maharashtra-410401-8SF316@zdata=MTguNzQ5NjQ2KzczLjQwNzE2NCsxNys4U0YzMTYrK25yed
897,jaya prakash nagar,135000,77,231,$0.17,7,16,https://www.mappls.com/place-jayaprakash+nagar+metro+station+bike+parking-jayaprakash+nagar+metro+station-bengaluru-karnataka-560078-ADN77Q@zdata=MTIuOTA3NjYrNzcuNTczMzg0KzE3K0FETjc3USsrbnI=ed
898,santosh nagar hyderabad,110000,38,231,$0.12,4,19,"https://www.mappls.com/direction-from--to-hyderabad+santosh+nagar+road,+bhavani+nagar+colony,+new+santosh+nagar,+santhosh+nagar,+hyderabad,+telangana,+500059+hyderabad?@zdata=ZnJvbSsrdG8rNzguNTA4MTI4LDE3LjM0NTkwMyxZQk5MSjMrdmlh"
899,rmz ecoworld,110000,71,231,$1.82,7,50,https://www.mappls.com/place-restaurants-near-ariba-plot%20c1-8a%20campus-rmz%20ecoworld-sarjapur-marathalli%20east-taluk-%20varthur%20hobli-outer%20ring%20road-devarabisanahalli-bellandur-bengaluru-karnataka-560103-JKO9KR?@appz?@zdata=MTIuOTE5MzEyKzc3LjY4NDc3NCsxNisrcmVzdGF1cmFudHMrZWw=ed
900,indian bank a t m near me,110000,8,5159,$0.01,1,17,https://www.mappls.com/place-indian+bank+atm-near+tribuk+park-gola+road-danapur+nizamat-patna-bihar-800012-9H8EDD@zdata=MjUuNjM5NDA0Kzg1LjA1NTQ5NSsxNys5SDhFREQrK25yed
901,howrah metro station,110000,13,1650,$0,1,42,https://www.mappls.com/place-howrah+metro+station-howrah+railway+station+area-howrah-west+bengal-711101-iu96o0@zdata=MjIuNTgzNzA5Kzg4LjMzOTg0MysxNytpdTk2bzArKw==ed
902,guru dronacharya metro station gurgaon,110000,10,5159,$0,9,37,https://www.mappls.com/place-guru+dronacharya+metro+station-dlf+city+phase+3-sector+24-gurugram-haryana-122002-35AA85@zdata=MjguNDgyMDkyKzc3LjEwMjQzMisxNyszNUFBODUrK25yed
903,bellary location,90500,35,231,$0.22,1,43,"https://www.mappls.com/direction-from--to-,+bellary,+bellary+district,+karnataka,+583155?@zdata=ZnJvbSsrdG8rNzYuNzU4NTU1LDE1LjE5ODg0MyxCNUM3NTUrdmlh"
904,ale phata,110000,41,231,$0.05,1,20,https://www.mappls.com/place-alefata+police+station-kalyan+road-alephata-junnar-pune+district-maharashtra-412411-8NM5H5@zdata=MTkuMTgzMjEyKzc0LjA5NDkwOCsxNys4Tk01SDUrK25yed
905,airtel office,110000,21,473,$0.35,2,48,https://www.mappls.com/7d4cc1
906,bsp junction,110000,65,231,$0.11,2,19,https://www.mappls.com/place-bilaspur+junction+railway+station-tarbahar+chowk-railway+colony-bilaspur-chhattisgarh-495004-SBCEAS@zdata=MjIuMDU2MjMyKzgyLjE3MjE4MysxNytTQkNFQVMrK25yed
907,bodoland university kokrajhar,110000,18,561,$0,1,30,https://www.mappls.com/oeh5t3
908,vfs,110000,17,825,$0.89,1,60,https://www.mappls.com/1bgn1a
909,tundla junction,110000,24,297,$0,1,48,https://www.mappls.com/place-new+tundla+junction+railway+station-tundla-firozabad+district-uttar+pradesh-283204-dt9new@zdata=MjcuMjAyNTAzKzc4LjIxNDQxKzE3K2R0OW5ldysred
910,faizabad university,110000,16,616,$0.75,1,31,https://www.mappls.com/jbl3vo
911,exhibition ground,110000,8,5159,$0.08,4,20,https://www.mappls.com/6eab8t
912,shanti nagar bus terminus,110000,15,825,$0.13,5,20,https://www.mappls.com/h7m8mv
913,teri india,110000,15,825,$1.52,1,52,https://www.mappls.com/e6zzpf
914,kota jn,90500,50,231,$0,3,46,https://www.mappls.com/77ftdc
915,motorola service center,110000,19,616,$0.23,4,44,https://www.mappls.com/84bft7
916,madina,110000,37,231,$0.28,1,61,https://www.mappls.com/direction-from--to-Madina@zdata=ZnJvbSsrdG8rNzguNDM2ODk5LDE3LjUxNjMxLE5XQ0dWVit2aWE=
917,benz circle,90500,34,231,$0,13,49,https://www.mappls.com/place-benz+circle+bus+stop-sai+nagar-kala+nagar-acharya+ranga+nagar-benz+circle-vijayawada-andhra+pradesh-520010-NL6C7B@zdata=MTYuNDk4NDUrODAuNjUyNjY2KzE3K05MNkM3QisrbnI=ed
918,babu banarasi das university,110000,8,2816,$0.42,4,36,https://www.mappls.com/place-babu+banarasi+das+university-lucknow-bbd+city-faizabad+road-lucknow-lucknow+district-uttar+pradesh-226028-RE5EG5@zdata=MjYuODg4NzI3KzgxLjA1ODk0MysxNytSRTVFRzUrKw==ed
919,atm state bank,110000,23,297,$0.03,1,23,https://www.mappls.com/search-near-State%20Bank%20of%20India%20ATM(%20SBI%20ATM%20)@zdata=ODUuMjE2MzgsMjUuNzAxNjU3
920,asha tiffin,110000,12,2167,$0.11,7,19,https://www.mappls.com/pxqh81
921,advant navis business park,90500,19,825,$0.44,3,33,https://www.mappls.com/3d6b3t
922,tower a,110000,20,649,$0.17,3,17,https://www.mappls.com/7ghdx3
923,patrika gate,90500,43,231,$0,14,50,https://www.mappls.com/qbpnax
924,zero mile,135000,23,561,$0,5,49,https://www.mappls.com/place-zero+mile+bus+stop-sh+56-biraul-darbhanga+district-bihar-847203-3TD5FI@zdata=MjUuOTQ4NDQ2Kzg2LjIzODk0NisxNyszVEQ1RkkrK25yed
925,santacruz east,110000,29,231,$0.19,5,49,https://www.mappls.com/det6ef
926,sanchi stupa madhya pradesh,110000,56,231,$0.01,1,22,https://www.mappls.com/33ces2
927,grand venice mall greater noida,110000,19,561,$0,1,35,https://www.mappls.com/e7ac5b
928,goregaon west mumbai,110000,65,231,$0.20,5,21,https://www.mappls.com/place-goregaon+west+metro+station-new+link+road-goregaon+west-mumbai-maharashtra-400104-dkaqdw@zdata=MTkuMTUyODU1KzcyLjgzNTY4KzE3K2RrYXFkdysred
929,ghatkopar west mumbai,110000,30,231,$0.15,4,21,"https://www.mappls.com/direction-from--to-,+ghatkopar+west,+mumbai,+maharashtra,+400086?@zdata=ZnJvbSsrdG8rNzIuOTEzMzA2LDE5LjA5MzI5OSxRMk9RNVErdmlh"
930,csd depot,110000,27,253,$0.13,2,15,https://www.mappls.com/place-csd+depot-ambala+cantt+station-ambala-haryana-133001-5FE8A7@zdata=MzAuMzQxNDUrNzYuODIxNSsxNys1RkU4QTcrKw==ed
931,jalandhar bus stand,110000,18,616,$0.06,8,45,https://www.mappls.com/q0rpe4
932,birla mandir jaipur,90500,20,473,$0,11,44,https://www.mappls.com/b85vkq
933,basketball court,90500,27,363,$0.88,1,46,https://www.mappls.com/place-basketball+court-block+d-ranjit+avenue-amritsar-punjab-143001-5NOL6Z@zdata=MzEuNjYyMzE2Kzc0Ljg1NzQzMysxNys1Tk9MNlorKw==ed
934,ambala cantt junction,110000,27,253,$0.03,1,19,https://www.mappls.com/place-ambala+cantonment+junction+railway+station-ambala+cantt+station-ambala-haryana-133001-4jln38@zdata=MzAuMzM4MzAyKzc2LjgyODc0NisxNys0amxuMzgrKw==ed
935,tundla,110000,34,231,$0,1,61,https://www.mappls.com/place-new+tundla+junction+railway+station-tundla-firozabad+district-uttar+pradesh-283204-dt9new@zdata=MjcuMjAyNTAzKzc4LjIxNDQxKzE3K2R0OW5ldysred
936,station kolkata,135000,54,231,$0.04,4,23,https://www.mappls.com/place-kolkata+railway+station-belgachia-kolkata-west+bengal-700037-7B3788@zdata=MjIuNjAxOTc4Kzg4LjM4MzAwNCsxNys3QjM3ODgrK25yed
937,shipra mall in ghaziabad,110000,33,231,$0.15,5,21,https://www.mappls.com/place-shipra+mall-indirapuram-ghaziabad-uttar+pradesh-201014-dscegn@zdata=MjguNjM0MTg0Kzc3LjM2OTg2NCsxNytkc2NlZ24rKw==ed
938,petrol bunk,110000,42,231,$0.11,5,49,https://www.mappls.com/petrol-pump-near-me
939,new bus stand tirunelveli,110000,11,2167,$0,4,36,https://www.mappls.com/place-tirunelveli+new+bus+stand-shanti+nagar-tirunelveli-tamil+nadu-627007-BYOF2E@zdata=OC43MDMwNjAwMDAwMDAxKzc3LjcyNzQxMSsxNytCWU9GMkUrK25yed
940,nearest petrol station from me,110000,8,2816,$0.11,1,23,https://www.mappls.com/petrol-pump-near-me
941,mall of asia,135000,22,363,$0.07,2,43,https://www.mappls.com/ps2bd3
942,saharsa junction bihar,110000,22,561,$0.03,1,21,https://www.mappls.com/place-saharsa+junction+railway+station-railway+colony-saharsa-bihar-852201-E1B112@zdata=MjUuODczMjEzKzg2LjU5NDIxNisxNytFMUIxMTIrK25yed
943,railway station madurai,110000,37,231,$0.72,3,43,https://www.mappls.com/stsey3
944,malad railway station mumbai,110000,10,2167,$0.18,4,19,https://www.mappls.com/place-malad+railway+station-poddar+park-rani+sati+marg-malad+east-mumbai-maharashtra-400097-7a366a@zdata=MTkuMTg3NjMrNzIuODQ5MjIrMTcrN2EzNjZhKys=ed
945,auto nagar,110000,30,231,$0.10,5,20,"https://www.mappls.com/direction-from--to-,+5th+road,+auto+nagar,+vijayawada,+andhra+pradesh,+520007?@zdata=ZnJvbSsrdG8rODAuNjc0NCwxNi40OTYzNjMsNE5TWkQyK3ZpYQ=="
946,happy homes,110000,18,649,$0.57,2,48,https://www.mappls.com/place-happy+homes-kukatpally-bhagya+nagar+colony-kukatpally-hyderabad-telangana-500072-2HSSHH@zdata=MTcuNDk0ODUxKzc4LjQwMTIxOSsxNysySFNTSEgrK25yed
947,greater noida grand venice mall,90500,20,473,$0.06,2,25,https://www.mappls.com/sg0vys
948,hanuman nagar patna bihar,90500,12,1357,$0.12,4,19,"https://www.mappls.com/direction-from--to-,+hanuman+nagar+colony,+kankarbagh,+patna,+bihar,+800020,+kzh70s?@zdata=ZnJvbSsrdG8rODUuMTY1MzQyLDI1LjU4OTUzNCxremg3MHM7ODUuMTY1NDA5LDI1LjU4OTUyMixremg3MHMrdmlh"
949,lakshmi narayan mandir,90500,32,217,$0.08,5,22,https://www.mappls.com/f1abs2
950,lake mall,90500,9,1782,$0,3,46,https://www.mappls.com/1c7ef7
951,kolkata sector 5 salt lake,110000,21,389,$0.07,5,23,https://www.mappls.com/2627tt
952,katihar junction railway station,49500,29,199,$0,1,20,https://www.mappls.com/place-katihar+junction+railway+station-railway+colony+area-katihar-bihar-854105-36DDEA@zdata=MjUuNTQ4Mjg4Kzg3LjU2NTY0NSsxNyszNkRERUErK25yed
953,katihar junction,49500,35,190,$0,1,33,https://www.mappls.com/place-katihar+junction+railway+station-railway+colony+area-katihar-bihar-854105-36DDEA@zdata=MjUuNTQ4Mjg4Kzg3LjU2NTY0NSsxNyszNkRERUErK25yed
954,jbp railway station,90500,26,190,$0.06,3,34,https://www.mappls.com/place-jabalpur+railway+station-railway+station+road-tagore+railway+colony-civil+lines-jabalpur-madhya+pradesh-482001-ADSTFE@zdata=MjMuMTY0Nis3OS45NTExMDErMTcrQURTVEZFKytucg==ed
955,indira gandhi arena,90500,16,823,$0,2,41,https://www.mappls.com/tj5nqq
956,maruthi nagar,90500,45,190,$0.10,4,47,https://www.mappls.com/place-maruti+nagar+bus+stop-1st+main+road-maruthi+nagar-palanahalli-bengaluru-karnataka-560064-KJFOLJ@zdata=MTMuMTA3NTA0Kzc3LjYwNTg4OCsxNytLSkZPTEorK25yed
957,manipal hospital whitefield bengaluru karnataka,110000,19,389,$0.44,15,19,https://www.mappls.com/a7pd2y
958,coimbatore railway station cbe,27100,58,190,$0.14,6,18,https://www.mappls.com/place-coimbatore+railway+junction+main+building-coimbatore+central-coimbatore-tamil+nadu-641018-VZR7OU@zdata=MTAuOTk2MTE2Kzc2Ljk2Nzg1MisxNytWWlI3T1UrKw==ed
959,ajmer bus stand,74000,5,4244,$0,1,23,https://www.mappls.com/place-ajmer+bus+stand-ajmer+road-railway+colony-ajmer-rajasthan-305001-7B6182@zdata=MjYuNDY5MzQxKzc0LjY0NDM1NSsxNys3QjYxODIrK25yed
960,toits,90500,28,217,$0.16,5,43,https://www.mappls.com/place-toit+indiranagar-indiranagar-no+298-100+feet+road-2nd+stage-indiranagar-bengaluru-karnataka-560038-YW463X@zdata=MTIuOTc5MzUyKzc3LjY0MDU3NysxNytZVzQ2M1grK25yed
961,siwan junction,90500,26,298,$0,1,46,https://www.mappls.com/bfasft
962,indira gandhi stadium,90500,25,298,$0,2,41,https://www.mappls.com/tgq32z
963,gurgaon railway station,90500,47,190,$0,2,41,https://www.mappls.com/place-gurugram+railway+station-palam+vihar-gurugram-haryana-122001-ES4CTF@zdata=MjguNDg5MzM0Kzc3LjAxMTM1NysxNytFUzRDVEYrK25yed
964,nad junction vizag,74000,11,1782,$0,9,38,"https://www.mappls.com/direction-from--to-sn+tower,+nad+junction,+visakhapatnam,+andhra+pradesh,+530027?@zdata=ZnJvbSsrdG8rODMuMjMwMTcsMTcuNzQ0OTQsQklZSEdMK3ZpYQ=="
965,madurai junction station,90500,26,217,$0.06,3,19,https://www.mappls.com/place-madurai+junction+eastern+entrance-west+veli+street-madurai+railway+station+area-madurai-tamil+nadu-625016-1UQ5JO@zdata=OS45MTg4OTIrNzguMTExNTM3KzE3KzFVUTVKTysred
966,madurai international airport,90500,62,190,$0.07,3,41,https://www.mappls.com/2nqc6n
967,ramachandra hospital,90500,21,298,$0.49,7,48,https://www.mappls.com/e64d6s
968,rajkot junction,74000,27,190,$0.10,3,20,https://www.mappls.com/place-rajkot+junction-railway+station+road-junction+plot-rajkot-gujarat-360001-QYX6SS@zdata=MjIuMzEzMTQ0KzcwLjgwMjQ0OCsxNytRWVg2U1MrK25yed
969,sikandra rao uttar pradesh,90500,43,190,$0.03,1,25,https://www.mappls.com/place-sikandara+rao+bb-sikandara+rao-sikandra+rao-hathras+district-uttar+pradesh-204215-RB0NF7@zdata=MjcuNjkxNDAwNDY1Mis3OC4zNjYxMjM1MzM0KzE3K1JCME5GNysrbnI=ed
970,bank of india atm near me,90500,7,5963,$0,1,32,https://www.mappls.com/17geiy
971,bangalore baptist hospital,90500,16,506,$0.34,11,44,https://www.mappls.com/place-bangalore+baptist+hospital-bellary+road-anand+nagar-hebbal-near+government+veterinary+college-bengaluru-karnataka-560024-A76T74@zdata=MTMuMDM1NTc0Kzc3LjU5MDI1MysxNytBNzZUNzQrK25yed
972,cng gas near me,74000,24,244,$0,1,27,https://www.mappls.com/cng%20station-near-me
973,carter road mumbai,90500,15,1022,$0,5,42,"https://www.mappls.com/direction-from--to-bus+stop,+carter+road,+bandra+west,+mumbai,+maharashtra,+400050,+emptn8?@zdata=ZnJvbSsrdG8rNzIuODIyMjg2LDE5LjA2MjI5NCxlbXB0bjg7NzIuODIyMjEyLDE5LjA2MjMxNCxlbXB0bjgrdmlh"
974,sai nagar shirdi railway station,90500,31,190,$0.13,6,19,https://www.mappls.com/place-sai+nagar+shirdi+railway+station-shirdi-maharashtra-423109-ETE8F1@zdata=MTkuNzgwNTg4Kzc0LjQ4MDc0NysxNytFVEU4RjErK25yed
975,terminal 3 delhi 110037,60500,28,190,$0.10,3,19,https://www.mappls.com/place-indira+gandhi+international+airport+departure+terminal+3-indira+gandhi+international+airport-igi+t3+road-near+mehram+nagar-new+delhi-delhi-110037-D4CS6S@zdata=MjguNTU1MDEzKzc3LjA4NDM3KzE3K0Q0Q1M2UysrbnI=ed
976,katihar railway station,49500,33,190,$0,1,28,https://www.mappls.com/place-katihar+junction+railway+station-railway+colony+area-katihar-bihar-854105-36DDEA@zdata=MjUuNTQ4Mjg4Kzg3LjU2NTY0NSsxNyszNkRERUErK25yed
977,hanuman nagar patna,90500,18,533,$0.11,3,19,"https://www.mappls.com/direction-from--to-,+hanuman+nagar+colony,+kankarbagh,+patna,+bihar,+800020,+kzh70s?@zdata=ZnJvbSsrdG8rODUuMTY1MzQyLDI1LjU4OTUzNCxremg3MHM7ODUuMTY1NDA5LDI1LjU4OTUyMixremg3MHMrdmlh"
978,mathura kosi kalan,74000,44,190,$0.40,1,19,https://www.mappls.com/3bocfl
979,maps portal,90500,12,823,$0,1,16,https://www.mappls.com/
980,patna zoological park,90500,38,190,$0.07,5,25,https://www.mappls.com/b4fbs6
981,chembur station,90500,38,190,$0,4,47,https://www.mappls.com/8h0imu
982,chembur railway station,90500,15,678,$0,4,42,https://www.mappls.com/place-chembur+railway+station+east-prakash+thorat+marg-chembur-mumbai-maharashtra-400071-5332a7@zdata=MTkuMDYyNjA3KzcyLjkwMTE5NSsxNys1MzMyYTcrKw==ed
983,c g o complex,90500,12,1022,$0.11,4,19,https://www.mappls.com/ctt52f
984,g t b nagar metro,90500,9,1782,$0.10,4,15,https://www.mappls.com/qlgog7
985,atm nearby,90500,18,533,$0.01,1,46,"https://www.mappls.com/banks/near/10.108243,76.356575"
986,anand vihar isbt,49500,40,190,$0.17,7,30,https://www.mappls.com/place-anand+vihar+isbt+bus+stop-anand+vihar-new+delhi-delhi-110092-F27TSS@zdata=MjguNjQ5MjA4Kzc3LjMxODIzOSsxNytGMjdUU1MrK25yed
987,100 ft road,90500,40,190,$0.15,5,24,https://www.mappls.com/533vcb
988,tirupur old bus stand,74000,52,190,$0,2,28,https://www.mappls.com/place-tirupur+new+bus+stand-tiruppur+perumanallur+road-postal+colony-tiruppur-tamil+nadu-641602-vwi0sc@zdata=MTEuMTMxNjc3Kzc3LjM0MTEwNSsxNyt2d2kwc2MrK25yed
989,old bus stand,90500,7,8805,$0.12,2,22,https://www.mappls.com/place-kadapa+apsrtc+old+bus+stand-poole+circle-ganagapeta-kadapa-andhra+pradesh-516001-55e2d8@zdata=MTQuNDc1Njc2Kzc4LjgyMTU5KzE3KzU1ZTJkOCsred
990,shalimar station location,74000,7,3058,$0.01,1,25,"https://www.mappls.com/direction-from--to-shalimar+railway+station+post+office,+shalimar+road,+shibpur,+howrah,+west+bengal,+711102?@zdata=ZnJvbSsrdG8rODguMzE1MjA4LDIyLjU1NDg1LFQxNUNBRSt2aWE="
991,raja park,74000,12,1357,$0.23,6,42,https://www.mappls.com/cbf363
992,mapusa bus stand goa,40500,25,199,$0.12,9,14,https://www.mappls.com/place-mapusa+bus+stand-morod-mapusa-goa-403507-72tbed@zdata=MTUuNTg5MzY0KzczLjgxMDI0NisxNys3MnRiZWQrKw==ed
993,madhapur metro station,90500,14,823,$0.17,9,18,https://www.mappls.com/place-madhapur+metro+station-road+number+36-aditya+enclave-jubilee+hills-hyderabad-telangana-500033-utkv0m@zdata=MTcuNDM3Mjk5Kzc4LjQwMDQzKzE3K3V0a3YwbSsred
994,m g bus station,74000,22,389,$0.09,5,25,"https://www.mappls.com/direction-from-current-location-to-mahatma+gandhi+bus+station(+mg+bus+stand+)+gowliguda,+hyderabad,+telangana,+500012+hyderabad?1?@zdata=ZnJvbSsrdG8rNzguNDg0MDMzLDE3LjM3ODc3LEVEMTFERSt2aWE="
995,laxminarayan mandir,90500,33,190,$0.08,5,34,https://www.mappls.com/2nkvb6
996,moti bagh,90500,38,190,$0,3,46,https://www.mappls.com/5i3d4a
997,continental hospitals hyderabad,5400,14,678,$0.16,11,35,https://www.mappls.com/mf63i4
998,gaffar market in delhi,74000,17,823,$0,2,28,https://www.mappls.com/8s2c6b
999,electronic city noida,90500,9,2316,$0.12,5,36,https://www.mappls.com/place-noida+electronic+city+metro+station-sector+63-noida-uttar+pradesh-201301-cd9yao@zdata=MjguNjI4MDAzKzc3LjM3NTAxKzE3K2NkOXlhbysred
1000,bhakti shakti chowk,74000,15,678,$0,5,37,https://www.mappls.com/tdf8bb
1001,ahmedabad railway station car parking,90500,5,8805,$0,1,20,https://www.mappls.com/place-ahmedabad+junction+railway+station+car+parking-ahmedabad+railway+station-opposite+hotel+chirag+palace-ahmedabad-gujarat-380002-HOKXWL@zdata=MjMuMDI3MjgxKzcyLjYwMDQ5MSsxNytIT0tYV0wrK25yed
1002,uppal x road,90500,3,27512,$0,11,44,https://www.mappls.com/y6eewy
1003,sri guru ram dass jee international airport,90500,37,190,$0.10,4,25,https://www.mappls.com/place-sri+guru+ram+dass+jee+international+airport-ajnala+road-opposite+hotel+blue+radisson-raja+sansi-punjab-143101-2834ET@zdata=MzEuNzA1NTUrNzQuODA2NTU0KzE3KzI4MzRFVCsrbnI=ed
1004,shoppers mall,90500,8,4244,$0.08,3,24,https://www.mappls.com/qjcn7q
1005,sector v salt lake kolkata,110000,26,244,$0.07,5,22,https://www.mappls.com/2627tt
1006,madurai airport,74000,57,190,$0.11,5,42,https://www.mappls.com/2nqc6n
1007,laxmi vilas palace,90500,45,190,$0.14,5,42,https://www.mappls.com/s37t4t
1008,nad junction,74000,17,823,$0,9,43,"https://www.mappls.com/direction-from--to-sn+tower,+nad+junction,+visakhapatnam,+andhra+pradesh,+530027?@zdata=ZnJvbSsrdG8rODMuMjMwMTcsMTcuNzQ0OTQsQklZSEdMK3ZpYQ=="
1009,n a d junction,90500,14,1357,$0.10,3,21,"https://www.mappls.com/direction-from--to-sn+tower,+nad+junction,+visakhapatnam,+andhra+pradesh,+530027?@zdata=ZnJvbSsrdG8rODMuMjMwMTcsMTcuNzQ0OTQsQklZSEdMK3ZpYQ=="
1010,lakshmi vilas palace vadodara,90500,41,190,$0.14,1,33,https://www.mappls.com/s37t4t
1011,100 feet road,90500,33,190,$0.15,5,25,https://www.mappls.com/place-urban+stay-100+feet+road-madhapur-hyderabad-telangana-500081-B0IXVE@zdata=MTcuNDUyNDEyKzc4LjM4Mzg2NysxNytCMElYVkUrK25yed
1012,wipro kodathi,90500,17,506,$0,8,48,https://www.mappls.com/34822n
1013,westend mall,49500,31,190,$0,6,34,https://www.mappls.com/a4kg0u
1014,parade ground,90500,18,1022,$0,4,47,https://www.mappls.com/place-parade+ground-gorakhpur+air+force+area+township-uttar+pradesh-273002-B8CKN3@zdata=MjYuNzU5MTU0KzgzLjQ1NjMzOSsxNytCOENLTjMrKw==ed
1015,nad junction visakhapatnam,90500,12,1357,$0,5,42,"https://www.mappls.com/direction-from--to-sn+tower,+nad+junction,+visakhapatnam,+andhra+pradesh,+530027?@zdata=ZnJvbSsrdG8rODMuMjMwMTcsMTcuNzQ0OTQsQklZSEdMK3ZpYQ=="
1016,moti bagh new delhi,90500,37,190,$0.18,4,22,https://www.mappls.com/5i3d4a
1017,metro inox cinemas marine lines,74000,27,190,$0.04,4,29,https://www.mappls.com/place-inox-marine+lines-metro+cinema-dhobi+talao+junction-mg+road-marine+lines-mumbai-maharashtra-400002-7WFVCA@zdata=MTguOTQyODIyKzcyLjgyOTEwNSsxNys3V0ZWQ0ErK25yed
1018,mayur vihar iii,90500,59,190,$0.08,5,19,https://www.mappls.com/place-mayur+vihar+phase+3+bus+stop-mayur+vihar+phase+3-new+delhi-delhi-110096-15T09U@zdata=MjguNjExMzc0Kzc3LjMzOTkyMisxNysxNVQwOVUrK25yed
1019,mapusa bus stand mapusa goa,90500,54,190,$0.08,4,17,https://www.mappls.com/place-mapusa+bus+stop-calangute+-+mapusa+road-mapusa-goa-403507-I9BGNU@zdata=MTUuNTg4ODE5KzczLjgwOTgwNysxNytJOUJHTlUrK25yed
1020,puttaparthi anantapur,90500,72,190,$0.11,1,18,"https://www.mappls.com/direction-from--to-+puttaparthi,+anantapur+district,+andhra+pradesh,+515510?@zdata=ZnJvbSsrdG8rNzcuNzQ1MjI1LDE0LjExNTYyOSxXWE40UDgrdmlh"
1021,sector 58 noida,90500,39,190,$0.14,5,20,https://www.mappls.com/ixqt9s
1022,hbr layout,90500,26,298,$0.21,6,47,https://www.mappls.com/place-hbr+layout+5th+block+bus+stop-12th+main+road-block+4+stage+1-hbr+layout-bengaluru-karnataka-560043-RQLC3G@zdata=MTMuMDM1ODc1Kzc3LjYzMTQ0NysxNytSUUxDM0crK25yed
1023,kishan bagh hyderabad,90500,35,190,$0,5,42,https://www.mappls.com/c3c9e7
1024,bus stand rohtak,90500,8,3058,$0.07,2,18,https://www.mappls.com/ctc8f3
1025,embassy tech village,74000,49,190,$0.32,8,38,https://www.mappls.com/djfl04
1026,vile parle east,60500,36,190,$0.13,12,35,"https://www.mappls.com/direction-from--to-,+vile+parle+east,+mumbai,+maharashtra,+400057?@zdata=ZnJvbSsrdG8rNzIuODQ4NjY1LDE5LjA5MjczLFpNSDZIMit2aWE="
1027,raja park jaipur,74000,12,1357,$0.12,6,20,https://www.mappls.com/cbf363
1028,pondy bazaar,74000,22,461,$0.76,8,43,https://www.mappls.com/l29u6l
1029,mapusa bus stand,40500,53,190,$0.10,9,28,https://www.mappls.com/place-mapusa+new+bus+stand-o+aquarium+27x9-star+city+market-shop+no+19-petrol+pump-near+carvalho+building-mapusa-goa-403507-GXZ6WU@zdata=MTUuNTg4MSs3My44MDkyNzErMTcrR1haNldVKytucg==ed
1030,bangalore 100 feet road,90500,50,190,$0.11,5,23,https://www.mappls.com/ncatnd
1031,ahmedabad railway station,74000,48,190,$0.12,3,36,https://www.mappls.com/place-ahmedabad+railway+station-kalupur+railway+station+road-sakar+bazzar-kalupur-ahmedabad-gujarat-380002-b58d7e@zdata=MjMuMDI1NzkrNzIuNjAxMDQ5KzE3K2I1OGQ3ZSsred
1032,indira gandhi indoor stadium,90500,29,190,$0,2,33,https://www.mappls.com/place-indira+gandhi+indoor+stadium-gt+road-ip+estate-new+delhi-delhi-110002-kr5uzy@zdata=MjguNjMxMjUrNzcuMjQ5NDU1KzE3K2tyNXV6eSsred
1033,gandhi park,90500,22,389,$0,3,46,https://www.mappls.com/place-gandhi+park-sarai+dhum+singh-station+road-saharanpur-uttar+pradesh-247001-8fa7bs@zdata=MjkuOTYzNzA1Kzc3LjU0MTkrMTcrOGZhN2JzKys=ed
1034,sector 65 noida,74000,104,190,$0.14,6,23,"https://www.mappls.com/direction-from--to-noida+block+a,+sector+65,+noida,+uttar+pradesh,+201301+noida?@zdata=ZnJvbSsrdG8rNzcuMzgxODg4LDI4LjYxMDk4NSwxNzM4Uzgrdmlh"
1035,narayan singh circle,90500,17,1022,$0,7,43,https://www.mappls.com/azyo46
1036,mori gate delhi,90500,30,190,$0,7,43,https://www.mappls.com/place-mori+gate+bus+stop-mori+gate-new+delhi-delhi-110006-Q8RYVQ@zdata=MjguNjY2NjEzKzc3LjIyNTQ4MisxNytROFJZVlErK25yed
1037,mayur vihar metro station,90500,30,190,$0,2,33,https://www.mappls.com/place-mayur+vihar+extension+metro+station-mayur+vihar+phase+1+extension-new+delhi-delhi-110091-1SB486@zdata=MjguNTk0MDcrNzcuMjk0NjcxKzE3KzFTQjQ4NisrbnI=ed
1038,mandir govind dev ji jaipur,90500,21,298,$0.03,1,25,https://www.mappls.com/cwd4dn
1039,mahalaxmi race course in mumbai,90500,32,190,$0.09,2,29,https://www.mappls.com/8ycz8n
1040,patancheru bus station,90500,9,1782,$0.18,7,15,https://www.mappls.com/2b27bs
1041,bank of india a t m near me,90500,6,8805,$0.01,1,19,https://www.mappls.com/17geiy
1042,badlapur railway station,74000,8,2316,$0,5,37,https://www.mappls.com/4t7f55
1043,chennai one it sez,74000,21,244,$0,17,33,https://www.mappls.com/7tfs22
1044,jsca international stadium complex,90500,32,190,$0,2,33,https://www.mappls.com/place-jsca+international+stadium+complex-birsa+nagar-ranchi-jharkhand-834004-fe12cd@zdata=MjMuMzEwODYxKzg1LjI3NDQ0NysxNytmZTEyY2QrKw==ed
1045,jat railway station,90500,65,190,$0.12,1,36,https://www.mappls.com/1ss4sa
1046,nayara petrol pump near me,90500,17,678,$0.12,1,27,https://www.mappls.com/search-near-Nayara%20Petrol%20Pump@zdata=NzguNjk1OCwyNi43MTY4Ng==
1047,factory outlet of nike,90500,16,823,$0.10,5,22,https://www.mappls.com/place-nike+factory+outlet+east+coast+road-thiruvanmiyur-chennai-tamil+nadu-600041+chennai-3UT38Q@RRzdata=MTIuOTc4MzA4KzgwLjI1OTI3MysxNyszVVQzOFE=ed
1048,mayur vihar metro station,90500,30,190,$0,2,33,https://www.mappls.com/place-mayur+vihar+extension+metro+station-mayur+vihar+phase+1+extension-new+delhi-delhi-110091-1SB486@zdata=MjguNTk0MDcrNzcuMjk0NjcxKzE3KzFTQjQ4NisrbnI=ed
1049,mandir govind dev ji jaipur,90500,21,298,$0.03,1,25,https://www.mappls.com/cwd4dn
1050,mahalaxmi race course in mumbai,90500,32,190,$0.09,2,29,https://www.mappls.com/8ycz8n
1051,patancheru bus station,90500,9,1782,$0.18,7,15,https://www.mappls.com/2b27bs
1052,bank of india a t m near me,90500,6,8805,$0.01,1,19,https://www.mappls.com/17geiy
1053,badlapur railway station,74000,8,2316,$0,5,37,https://www.mappls.com/4t7f55
1054,chennai one it sez,74000,21,244,$0,17,33,https://www.mappls.com/7tfs22
1055,siwan junction bihar,90500,21,298,$0.03,1,24,https://www.mappls.com/bfasft
1056,shopping arcade,90500,31,190,$0.09,5,20,https://www.mappls.com/ts3a4c
1057,puri station,90500,59,190,$0.06,3,21,https://www.mappls.com/place-puri+railway+station-new+railway+colony-puri-odisha-752002-SD576T@zdata=MTkuODA3NzM1Kzg1LjgzNzk5OCsxNytTRDU3NlQrK25yed
1058,jsca international stadium complex,90500,32,190,$0,2,33,https://www.mappls.com/place-jsca+international+stadium+complex-birsa+nagar-ranchi-jharkhand-834004-fe12cd@zdata=MjMuMzEwODYxKzg1LjI3NDQ0NysxNytmZTEyY2QrKw==ed
1059,jat railway station,90500,65,190,$0.12,1,36,https://www.mappls.com/1ss4sa
1060,nayara petrol pump near me,90500,17,678,$0.12,1,27,https://www.mappls.com/search-near-Nayara%20Petrol%20Pump@zdata=NzguNjk1OCwyNi43MTY4Ng==
1061,factory outlet of nike,90500,16,823,$0.10,5,22,https://www.mappls.com/place-nike+factory+outlet+east+coast+road-thiruvanmiyur-chennai-tamil+nadu-600041+chennai-3UT38Q@RRzdata=MTIuOTc4MzA4KzgwLjI1OTI3MysxNyszVVQzOFE=ed
1062,dlf avenue saket,90500,31,190,$0,6,42,https://www.mappls.com/b2cft2
1063,vadodara laxmi vilas palace,90500,39,190,$0.16,2,20,https://www.mappls.com/s37t4t
1064,sri guru ram dass jee international airport amritsar,90500,37,190,$0.10,4,25,https://www.mappls.com/place-sri+guru+ram+dass+jee+international+airport-ajnala+road-opposite+hotel+blue+radisson-raja+sansi-punjab-143101-2834ET@zdata=MzEuNzA1NTUrNzQuODA2NTU0KzE3KzI4MzRFVCsrbnI=ed
1065,silk board,90500,34,190,$0,5,47,https://www.mappls.com/place-silk+board+bus+stop-central+silk+board+colony-btm+layout+stage+2-bengaluru-karnataka-560068-FCT7TN@zdata=MTIuOTE2NTA2Kzc3LjYyMTQ4MSsxNytGQ1Q3VE4rK25yed
1066,rohtak bus stand,90500,10,1782,$0,7,43,https://www.mappls.com/ctc8f3
1067,gaffar delhi,90500,23,389,$0.07,2,21,https://www.mappls.com/place-karol+bagh-gaffar+market+karol+bagh-new+delhi-delhi-110005+new+delhi-SEZDPT@RRzdata=MjguNjQ5NzIxKzc3LjE5MTA5KzE3K1NFWkRQVA==ed
1068,lulu mall bangalore,90500,16,506,$0,1,40,https://www.mappls.com/76fw1v
1069,jabalpur railway station,74000,21,461,$0,4,37,https://www.mappls.com/place-jabalpur+railway+station-railway+station+road-tagore+railway+colony-civil+lines-jabalpur-madhya+pradesh-482001-ADSTFE@zdata=MjMuMTY0Nis3OS45NTExMDErMTcrQURTVEZFKytucg==ed
1070,indira gandhi stadium in delhi,90500,12,1022,$0.04,2,21,https://www.mappls.com/tj5nqq
1071,iit bhu campus,90500,50,190,$0,1,40,https://www.mappls.com/vpdooe
1072,i n a market,90500,12,1357,$0.09,1,19,https://www.mappls.com/place-ina+market-ina-new+delhi-delhi-110023-73IWZ7@zdata=MjguNTczNzkyKzc3LjIwOTk4NCsxNys3M0lXWjcrKw==ed
1073,hyderabad osmania hospital,90500,30,190,$0.18,4,33,https://www.mappls.com/palrc9
1074,manipal hospital mysore,74000,19,389,$0.30,4,37,https://www.mappls.com/place-manipal+hospitals-mysore-no+85-86-bangalore-mysore+ring+road-junction-bannimantapa+a+layout-siddique+nagar-mandi+mohalla-mysuru-karnataka-570015-DSFD15@zdata=MTIuMzQ5NzAzKzc2LjY2MDI1NysxNytEU0ZEMTUrK25yed
1075,ambattur industrial estate chennai,90500,54,190,$0,6,34,https://www.mappls.com/place-ambattur+industrial+estate+bus+terminus-ambattur+industrial+estate-chennai-tamil+nadu-600098-C63177@zdata=MTMuMDk5NDErODAuMTY5OTQzKzE3K0M2MzE3NysrbnI=ed
1076,carter road,90500,14,1357,$0,5,47,"https://www.mappls.com/direction-from--to-bus+stop,+carter+road,+bandra+west,+mumbai,+maharashtra,+400050,+emptn8?@zdata=ZnJvbSsrdG8rNzIuODIyMjg2LDE5LjA2MjI5NCxlbXB0bjg7NzIuODIyMjEyLDE5LjA2MjMxNCxlbXB0bjgrdmlh"
1077,dabra india,74000,37,190,$0.17,1,20,https://www.mappls.com/281lq9
1078,max hospital,90500,27,199,$0.31,11,49,https://www.mappls.com/sv3wx9
1079,nike factory store,110000,12,1782,$0.05,12,46,https://www.mappls.com/place-nike+factory+outlet+east+coast+road-thiruvanmiyur-chennai-tamil+nadu-600041+chennai-3UT38Q@RRzdata=MTIuOTc4MzA4KzgwLjI1OTI3MysxNyszVVQzOFE=ed
1080,metro station gtb nagar,90500,16,506,$0.10,4,18,https://www.mappls.com/qlgog7
1081,salt lake city sector 5 kolkata,90500,27,244,$0.07,4,19,https://www.mappls.com/2627tt
1082,times square building,74000,18,506,$0,14,40,https://www.mappls.com/place-times+square-andheri+east-mumbai-maharashtra-400069-5TMTK9@zdata=MTkuMTE1NDcxKzcyLjg1NDU3MisxNys1VE1USzkrKw==ed
1083,besant nagar,90500,69,190,$0.19,6,47,https://www.mappls.com/direction-from--to-besant+nagar+beach?@zdata=ZnJvbSsrdG8rODAuMjcwODI1LDEyLjk5ODYzOSw2QTRDNEMrdmlh
1084,atm indian bank,90500,12,1782,$0.05,1,17,https://www.mappls.com/elvgxz
1085,ambattur industrial estate,90500,53,190,$0,6,42,https://www.mappls.com/place-ambattur+industrial+estate+bus+terminus-ambattur+industrial+estate-chennai-tamil+nadu-600098-C63177@zdata=MTMuMDk5NDErODAuMTY5OTQzKzE3K0M2MzE3NysrbnI=ed
1086,bommasandra metro station,74000,24,244,$0,3,36,https://www.mappls.com/djg0kb
1087,delhi gaffar market,74000,27,217,$0,4,37,https://www.mappls.com/place-karol+bagh-gaffar+market+karol+bagh-new+delhi-delhi-110005+new+delhi-SEZDPT@RRzdata=MjguNjQ5NzIxKzc3LjE5MTA5KzE3K1NFWkRQVA==ed
1088,e c r beach,90500,17,823,$0.07,7,23,https://www.mappls.com/place-ecr+beach-sea+shell+avenue-panayur-sholinganallur-chennai-tamil+nadu-600119-bpdfyp@zdata=MTIuODkyMDA5KzgwLjI1MzU4MisxNyticGRmeXArKw==ed
1089,cgo complex,90500,27,199,$0,5,47,https://www.mappls.com/4e136a
1090,sector 80,60500,8,5963,$0.29,10,40,https://www.mappls.com/62c8e7
1091,vapi railway station,90500,26,244,$0,1,41,https://www.mappls.com/place-vapi+railway+station-geeta+nagar-vapi-gujarat-396191-C1E834@zdata=MjAuMzcyOTk0KzcyLjkwODk0NSsxNytDMUU4MzQrK25yed
1092,itanagar capital,74000,21,461,$0.19,1,40,https://www.mappls.com/03y6mt
1093,isbt sector 43,90500,16,1022,$0.11,6,18,https://www.mappls.com/place-sector+43+inter+state+bus+terminus-sector+43-chandigarh-160043-s22ba5@zdata=MzAuNzE2MzYxKzc2Ljc0NDQ1NSsxNytzMjJiYTUrKw==ed
1094,industrial estate ambattur,90500,32,190,$0,6,42,https://www.mappls.com/1b62dz
1095,palani town,90500,27,217,$0.12,1,26,https://www.mappls.com/place-palani+town+police+station-palani+erode+road-anna+nagar-palani-tamil+nadu-624601-DD3FT4@zdata=MTAuNDUzMDA4Kzc3LjUxNTM0NSsxNytERDNGVDQrK25yed
1096,cabo de rama fort in goa,90500,33,190,$0.09,1,38,https://www.mappls.com/place-cabo+de+rama+fort-canacona-south+goa+district-goa-403702-s1d381@zdata=MTUuMDg4ODM5KzczLjkyMTcwOSsxNytzMWQzODErKw==ed
1097,bus station,110000,59,190,$0.22,3,48,https://www.mappls.com/place-rampurhat+bus+stand-rampurhat-west+bengal-731224-VUDYTV@zdata=MjQuMTc4MjM1Kzg3Ljc4MjEwNCsxNytWVURZVFYrK25yed
1098,bombay exhibition centre in mumbai,90500,44,190,$0.56,6,19,https://www.mappls.com/place-hall+3-bombay+exhibition+centre-nesco+it+park-nse+estate-western+express+highway-goregaon+east-mumbai-maharashtra-400063-5162ah@zdata=MTkuMTQ4ODA4KzcyLjg1MzcyMisxNys1MTYyYWgrKw==ed
1099,bombay exhibition centre,74000,49,190,$0.38,12,39,https://www.mappls.com/place-hall+3-bombay+exhibition+centre-nesco+it+park-nse+estate-western+express+highway-goregaon+east-mumbai-maharashtra-400063-5162ah@zdata=MTkuMTQ4ODA4KzcyLjg1MzcyMisxNys1MTYyYWgrKw==ed
1100,sector v salt lake,110000,16,678,$0.07,5,23,https://www.mappls.com/2627tt
1101,railway station jabalpur,90500,18,678,$0.08,3,20,https://www.mappls.com/place-jabalpur+railway+station-railway+station+road-tagore+railway+colony-civil+lines-jabalpur-madhya+pradesh-482001-ADSTFE@zdata=MjMuMTY0Nis3OS45NTExMDErMTcrQURTVEZFKytucg==ed
1102,star mall,90500,17,678,$0,6,47,https://www.mappls.com/place-star+mall-74-nh34-sisir+kunja-madhyamgram-west+bengal-700129-6OLT3X@zdata=MjIuNzAzMis4OC40NzE4KzE3KzZPTFQzWCsred
1103,haridwar railway station,90500,30,190,$0.25,2,41,https://www.mappls.com/place-haridwar+junction+railway+station-shikhu+pur-devpura-hardiwar+district-haridwar-uttarakhand-249401-385TTC@zdata=MjkuOTQ3MDMyKzc4LjE1MzgwNCsxNyszODVUVEMrK25yed
1104,gopalan innovation mall bangalore,90500,22,244,$0.28,7,20,https://www.mappls.com/place-gopalan+innovation+mall-22-bannerghatta+main+road-sarakki+industrial+layout-3rd+phase-jp+nagar-bengaluru-karnataka-560076-QBDW72@zdata=MTIuOTE0MjkxKzc3LjU5OTM3NSsxNytRQkRXNzIrK25yed
1105,kunda,90500,27,190,$0.21,3,59,"https://www.mappls.com/direction-from--to-,+kunda,+pratapgarh+district,+uttar+pradesh,+229417?@zdata=ZnJvbSsrdG8rODEuNDkzMjQzLDI1Ljc3MDkyOSxWMjFYTE0rdmlh"
1106,jail road,74000,40,190,$0,3,41,https://www.mappls.com/place-jail+road+bus+stop-old+jail+road-rednam+gardens-visakhapatnam-andhra+pradesh-530002-o7rv0n@zdata=MTcuNzIxNjE5KzgzLjMwNzYwNCsxNytvN3J2MG4rKw==ed
1107,andheri station,90500,50,190,$0,8,48,https://www.mappls.com/place-andheri+west+railway+station-andheri+east-mumbai-maharashtra-400053-14tbfc@zdata=MTkuMTE5Njg2KzcyLjg0NjU1NCsxNysxNHRiZmMrKw==ed
1108,mori gate,90500,24,244,$0,7,48,https://www.mappls.com/lb988p
1109,map portal,90500,13,678,$0,1,15,https://www.mappls.com/
1110,orchid hotel pune,90500,53,190,$0.20,19,46,https://www.mappls.com/v1pike
1111,noida sector 65,90500,19,506,$0.15,6,19,https://www.mappls.com/w7k00l
1112,metro inox mumbai,74000,18,389,$0.17,3,21,https://www.mappls.com/place-inox-marine+lines-metro+cinema-dhobi+talao+junction-mg+road-marine+lines-mumbai-maharashtra-400002-7WFVCA@zdata=MTguOTQyODIyKzcyLjgyOTEwNSsxNys3V0ZWQ0ErK25yed
1113,madurai junction,90500,29,208,$0.88,3,46,https://www.mappls.com/place-madurai+junction+eastern+entrance-west+veli+street-madurai+railway+station+area-madurai-tamil+nadu-625016-1UQ5JO@zdata=OS45MTg4OTIrNzguMTExNTM3KzE3KzFVUTVKTysred
1114,shiv chowk,74000,9,5963,$0,3,41,"https://www.mappls.com/direction-from--to-muzaffarnagar+shiv+chowk,+civil+lines+south,+muzaffarnagar,+uttar+pradesh,+251001+muzaffarnagar?@zdata=ZnJvbSsrdG8rNzcuNzA1MjksMjkuNDY2NTMsTzNKUDNOK3ZpYQ=="
1115,reliance corporate park,74000,19,533,$0,10,39,https://www.mappls.com/65db46
1116,ramachandra hospital chennai,74000,21,298,$0.47,5,37,https://www.mappls.com/e64d6s
1117,puri railway station,74000,41,190,$0.06,2,36,https://www.mappls.com/place-puri+railway+station-new+railway+colony-puri-odisha-752002-SD576T@zdata=MTkuODA3NzM1Kzg1LjgzNzk5OCsxNytTRDU3NlQrK25yed
1118,kasi chennai,90500,13,823,$0.10,4,34,https://www.mappls.com/place-kasi+theatre-ashok+pillar+road+ekkattuthangal-chennai-tamil+nadu-600032-C4W7HX@zdata=MTMuMDI1NDA4KzgwLjIwNzE1NCsxNytDNFc3SFgrK25yed
1119,hanuman nagar bihar,90500,25,217,$0.14,4,19,"https://www.mappls.com/direction-from--to-,+hanuman+nagar+colony,+kankarbagh,+patna,+bihar,+800020,+kzh70s?@zdata=ZnJvbSsrdG8rODUuMTY1MzQyLDI1LjU4OTUzNCxremg3MHM7ODUuMTY1NDA5LDI1LjU4OTUyMixremg3MHMrdmlh"
1120,dehu road,90500,26,208,$0,4,47,https://www.mappls.com/kvgqlo
1121,badlapur station,74000,5,5963,$0,5,42,https://www.mappls.com/4t7f55
1122,atm uco bank,74000,26,208,$0.05,1,24,https://www.mappls.com/bdtuxv
1123,andheri railway station mumbai,90500,37,190,$0.02,6,39,https://www.mappls.com/place-andheri+west+railway+station-andheri+east-mumbai-maharashtra-400053-14tbfc@zdata=MTkuMTE5Njg2KzcyLjg0NjU1NCsxNysxNHRiZmMrKw==ed
1124,andheri railway station,90500,45,190,$0,1,40,https://www.mappls.com/place-andheri+west+railway+station-andheri+east-mumbai-maharashtra-400053-14tbfc@zdata=MTkuMTE5Njg2KzcyLjg0NjU1NCsxNysxNHRiZmMrKw==ed
1125,100 feet road bangalore,90500,37,190,$0.15,5,30,https://www.mappls.com/533vcb
1126,maps mumbai,74000,48,155,$0.01,8,39,https://www.mappls.com/
1127,raj nagar,74000,21,377,$0.14,4,19,https://www.mappls.com/place-rajnagar+district+centre+rdc-raj+nagar-ghaziabad-uttar+pradesh-201002+ghaziabad-77AD18@RRzdata=MjguNjczNTAyKzc3LjQ0MTc1NSsxNys3N0FEMTg=ed
1128,railway station coimbatore,74000,39,155,$0,3,36,https://www.mappls.com/place-coimbatore+railway+junction+main+building-coimbatore+central-coimbatore-tamil+nadu-641018-VZR7OU@zdata=MTAuOTk2MTE2Kzc2Ljk2Nzg1MisxNytWWlI3T1UrKw==ed
1129,ra colony mumbai,74000,17,555,$0.10,4,22,"https://www.mappls.com/direction-from--to-,+aarey+colony,+goregaon+east,+mumbai,+maharashtra,+400065?@zdata=ZnJvbSsrdG8rNzIuODcyNTQ5LDE5LjE2MDU5NCxOVFpEU0Qrdmlh"
1130,r city mall ghatkopar west,74000,19,318,$1.11,1,22,https://www.mappls.com/place-r+city+mall-ghatkopar+west-mumbai-maharashtra-400086-xt2zul@zdata=MTkuMDk5NzU4KzcyLjkxNjMzNysxNyt4dDJ6dWwrKw==ed
1131,our lady of the immaculate conception church,9900,64,155,$0.21,12,27,https://www.mappls.com/s886b4
1132,obera mall,74000,70,,$0.23,4,29,https://www.mappls.com/2a6as1
1133,nirman vihar metro station delhi,74000,28,155,$0.12,3,16,https://www.mappls.com/place-nirman+vihar+metro+station-block+c-nirman+vihar-preet+vihar-new+delhi-delhi-110092-SA42CB@zdata=MjguNjM2MzQ3Kzc3LjI4NjY3MysxNytTQTQyQ0IrK25yed
1134,hub mall,60500,14,673,$0.01,5,38,https://www.mappls.com/te6tb1
1135,hsr layout bda complex bangalore,74000,10,1894,$0.21,7,18,https://www.mappls.com/ojrlqg
1136,chhatrapati shivaji maharaj international airport t2,74000,51,155,$0.02,3,29,https://www.mappls.com/place-chhatrapati+shivaji+international+airport+terminal+2+arrival-chhatrapati+shivaji+international+airport+terminal+2-mumbai-maharashtra-400099-3MA2F1@zdata=MTkuMDk5NjcxKzcyLjg3NTM4NCsxNyszTUEyRjErK25yed
1137,gps tracking,74000,65,155,$0.05,93,68,https://www.mappls.com/store/
1138,gip in noida,74000,21,318,$0.11,6,25,https://www.mappls.com/c9lboy
1139,faridabad old,60500,26,170,$0,8,39,https://www.mappls.com/place-old+faridabad+metro+station-sector+16a-faridabad-haryana-121002-C4ZOGJ@zdata=MjguNDExMDYxKzc3LjMxMTI2OSsxNytDNFpPR0orK25yed
1140,bandra train station,74000,27,177,$0.17,2,27,https://www.mappls.com/place-bandra+terminus+railway+station-station+road-bandra+terminus+area-naupada-bandra+east-mumbai-maharashtra-400051-94ydct@zdata=MTkuMDY0NjY2KzcyLjg0MTQxMysxNys5NHlkY3QrKw==ed
1141,anand vihar bus stand delhi,74000,20,377,$0.06,3,19,https://www.mappls.com/place-anand+vihar+isbt+bus+stop-anand+vihar-new+delhi-delhi-110092-F27TSS@zdata=MjguNjQ5MjA4Kzc3LjMxODIzOSsxNytGMjdUU1MrK25yed
1142,anand vihar bus stand,74000,30,155,$0.06,4,29,https://www.mappls.com/5g9sho
1143,cbe railway station,60500,43,155,$0.05,4,22,https://www.mappls.com/place-coimbatore+railway+junction+main+building-coimbatore+central-coimbatore-tamil+nadu-641018-VZR7OU@zdata=MTAuOTk2MTE2Kzc2Ljk2Nzg1MisxNytWWlI3T1UrKw==ed
1144,cafe goodluck pune,60500,38,155,$0.16,8,25,https://www.mappls.com/dcd8sd
1145,the st regis mumbai,74000,20,318,$0.48,11,47,https://www.mappls.com/place-the+st+regis+mumbai-462-senapati+bapat+marg-lower+parel-mumbai-maharashtra-400013-SCDF14@zdata=MTguOTk0NDE0KzcyLjgyMzQ1OSsxNytTQ0RGMTQrK25yed
1146,sector 32,74000,37,155,$0.12,6,17,https://www.mappls.com/phkn7e
1147,pizza by the bay,60500,24,177,$0.15,8,26,https://www.mappls.com/48j3kw
1148,phoenix mall mumbai kurla,74000,25,170,$0.07,3,41,https://www.mappls.com/place-phoenix+marketcity-ground+floor-lal+bahadur+shastri+marg-kurla+west-mumbai-maharashtra-400070-w6wwcz@zdata=MTkuMDg2NzE5KzcyLjg4OTA4NisxNyt3Nnd3Y3orKw==ed
1149,nearby petrol bunk,74000,9,2501,$0.12,1,36,https://www.mappls.com/petrol-pump-near-me
1150,satellite bus stand,90500,11,1894,$0.05,3,41,https://www.mappls.com/nzyoto
1151,ramphal chowk road,74000,7,4876,$0.13,5,22,https://www.mappls.com/ta8mlo
1152,lakeshore mall thane,18100,23,244,$0.22,7,21,https://www.mappls.com/cvnj2f
1153,erode railway station,74000,30,155,$0,2,36,https://www.mappls.com/place-erode+junction+railway+station-railway+colony-erode-tamil+nadu-638002-44f457@zdata=MTEuMzI4Njc4Kzc3LjcyNTc3OSsxNys0NGY0NTcrKw==ed
1154,delhi nirman vihar metro station,74000,27,155,$0.13,5,20,https://www.mappls.com/place-nirman+vihar+metro+station-block+c-nirman+vihar-preet+vihar-new+delhi-delhi-110092-SA42CB@zdata=MjguNjM2MzQ3Kzc3LjI4NjY3MysxNytTQTQyQ0IrK25yed
1155,civil patna,74000,16,836,$0.10,1,17,https://www.mappls.com/place-patna+city+civil+court-bihar+judicial+academy-gai+ghat-patna-bihar-800007-bay8ve@zdata=MjUuNjA3Nzg1Kzg1LjIwMDA3NCsxNytiYXk4dmUrKw==ed
1156,great india place,1900,23,199,$0,1,46,https://www.mappls.com/c9lboy
1157,barauni junction,74000,33,155,$0,1,40,https://www.mappls.com/place-barauni+junction+railway+station-station+road-barauni-bihar-851112-C2DA66@zdata=MjUuNDYyOTE0Kzg1Ljk4Nzk3NCsxNytDMkRBNjYrK25yed
1158,bandstand bandra west mumbai,60500,16,673,$0.11,6,22,https://www.mappls.com/s655c8
1159,anand vihar delhi,74000,52,155,$0,7,38,https://www.mappls.com/place-anand+vihar+terminal+railway+station-anand+vihar+megha+terminal-railway+station-near+isbt+anand+vihar-patparganj+industrial+area-new+delhi-delhi-110092-53F6BT@zdata=MjguNjQ4ODE0Kzc3LjMxNTQ4NysxNys1M0Y2QlQrK25yed
1160,vaishno devi temple in india,74000,60,155,$0.07,1,37,https://www.mappls.com/search-near-Shri%20Mata%20Vaishno%20Devi%20Mandir@zdata=NzMuMDQ1MDkwMDAwMDAwMSwyNi4yOTA3Ng==
1161,tihar jail in delhi,74000,15,673,$0.09,2,25,https://www.mappls.com/09l0jg
1162,the taj mahal palace mumbai,74000,26,187,$0.33,10,46,https://www.mappls.com/1ecb2f
1163,lucknow junction railway station,90500,36,155,$0,7,30,https://www.mappls.com/place-lucknow+junction+railway+station-choti+line-charbagh-lucknow-uttar+pradesh-226004-ju7djx@zdata=MjYuODMxOTA5KzgwLjkyMTk0NisxNytqdTdkangrKw==ed
1164,kurla west,74000,23,244,$0.17,4,42,"https://www.mappls.com/direction-from--to-,+kurla+west,+mumbai,+maharashtra,+400070?@zdata=ZnJvbSsrdG8rNzIuODc2NjIsMTkuMDY3NzUzLElDT0ZUQit2aWE="
1165,kumaun university in nainital,74000,23,199,$0.82,1,24,https://www.mappls.com/place-kumaun+university-nainital-mallital-nainital+district-nainital-uttarakhand-263002-jd8jmh@zdata=MjkuMzkxMTE5Kzc5LjQ0NTg5KzE3K2pkOGptaCsred
1166,railway station delhi cantt,74000,39,155,$0.08,1,23,"https://www.mappls.com/direction-from--to-delhi+cantonment+railway+station,+delhi+cantt+residential+township,+new+delhi,+delhi,+110010,+s42ets?@zdata=ZnJvbSsrdG8rNzcuMTE1NDE1LDI4LjYxMTQwOCxzNDJldHM7NzcuMTE1NDk5LDI4LjYxMTY1NixzNDJldHMrdmlh"
1167,noida mall great india place,74000,28,170,$0.11,6,25,https://www.mappls.com/c9lboy
1168,sector 142,74000,45,155,$0.10,4,20,https://www.mappls.com/place-sector+142+metro+station-sector+142-noida-uttar+pradesh-201305-IRTXUJ@zdata=MjguNDk5MDI1Kzc3LjQxMjcwOSsxNytJUlRYVUorK25yed
1169,satellite bus stand to mysore,90500,47,155,$0.11,10,36,https://www.mappls.com/mmnggw
1170,gardens galleria mall,74000,17,414,$0,7,38,https://www.mappls.com/qbzcww
1171,dumdum railway station,74000,18,318,$0,2,36,https://www.mappls.com/b1tfc2
1172,delhi railway station cantt,74000,32,155,$0.01,1,23,https://www.mappls.com/rknrr4
1173,art cinema,60500,19,414,$0.16,4,29,https://www.mappls.com/omdhhb
1174,contai town,74000,41,155,$0.09,1,21,https://www.mappls.com/211mst
1175,borivali station east,74000,4,22496,$0,10,39,https://www.mappls.com/place-borivali+east+railway+station-borivali+west-mumbai-maharashtra-400066-ees37d@zdata=MTkuMjI5MDcxKzcyLjg1NzM1NSsxNytlZXMzN2QrKw==ed
1176,aya nagar,60500,44,155,$0.20,4,38,https://www.mappls.com/place-aya+nagar+crossing+bus+stop-mehrauli+gurugram+road-arjan+garh-new+delhi-delhi-110047-213BF7@zdata=MjguNDgxMjMrNzcuMTI2MTE4KzE3KzIxM0JGNysrbnI=ed
1177,j h v mall,74000,11,1110,$0.09,3,21,https://www.mappls.com/3grdd5
1178,great india mall,74000,24,177,$0.11,5,35,https://www.mappls.com/c9lboy
1179,gorakhpur airport,74000,35,155,$0.11,2,41,https://www.mappls.com/8ajnju
1180,sms stadium,301000,63,155,$0,4,49,https://www.mappls.com/pyzqys
1181,silence tower mumbai,74000,19,673,$0.10,1,42,https://www.mappls.com/e5vf3p
1182,sangwan academy sangwan campus,74000,3,11988,$0.08,8,21,https://www.mappls.com/c46j1f
1183,karur bus stand,74000,21,377,$0,4,37,"https://www.mappls.com/direction-from--to-karur+bus+stand,+nh+44,+madavilagam,+karur,+tamil+nadu,+639001?@zdata=ZnJvbSsrdG8rNzguMDc1ODI4LDEwLjk2MDMzMyw5S1lMN1Yrdmlh"
1184,kanpur mall z square,60500,21,244,$0.34,3,24,https://www.mappls.com/8t36s6
1185,hsr bda complex,74000,11,1110,$0.32,8,38,https://www.mappls.com/place-hsr+bda+complex+bus+stop-5th+main+road-sector+6-hsr+layout-bengaluru-karnataka-560102-LZZEVQ@zdata=MTIuOTE1NjIyKzc3LjYzMjQzOSsxNytMWlpFVlErK25yed
1186,noida sector 51,74000,45,155,$0.20,5,37,https://www.mappls.com/place-sector+51+metro+station-sector+51-noida-uttar+pradesh-201303-YVFGMB@zdata=MjguNTg1NjkrNzcuMzc1MjcrMTcrWVZGR01CKytucg==ed
1187,manek chowk ahmedabad,74000,42,155,$0,5,37,https://www.mappls.com/place-manek+chowk+market-danapith-ahmedabad-gujarat-380001-833sa2@zdata=MjMuMDIyODg2KzcyLjU4Njg5KzE3KzgzM3NhMisred
1188,lake town,60500,27,177,$0,5,38,https://www.mappls.com/place-lake+town+bada+park-lake+town-kolkata-west+bengal-700089-5y7544@zdata=MjIuNjAzNDA3Kzg4LjQwNzcxOCsxNys1eTc1NDQrKw==ed
1189,purba medinipur contai,74000,24,244,$0.09,1,30,https://www.mappls.com/xdzgtj
1190,parrys corner,74000,20,414,$0,5,42,https://www.mappls.com/place-parrys+corner-george+town+chennai-chennai-tamil+nadu-600001-2legsl@zdata=MTMuMDg5OTAzKzgwLjI4NTkzMysxNysybGVnc2wrKw==ed
1191,contai city,74000,71,155,$0.66,1,21,https://www.mappls.com/laacyt
1192,city junction railway station,74000,35,155,$0.02,2,36,https://www.mappls.com/place-jalandhar+city+junction+railway+station-gobindgarh-jalandhar-punjab-144001-S57CT4@zdata=MzEuMzMxMTM0Kzc1LjU5MDY5MysxNytTNTdDVDQrK25yed
1193,church of our lady of the immaculate conception,33100,71,155,$0.14,9,30,https://www.mappls.com/s886b4
1194,hsbc bank,74000,50,155,$0.37,5,42,https://www.mappls.com/place-hsbc+bank-pune+branch-amar+avinash+corporate+city-sector+no+11-bund+garden+road-pune-maharashtra-411001-2b238t@zdata=MTguNTI3MjIyKzczLjg3ODk0OCsxNysyYjIzOHQrKw==ed
1195,big big bazaar,74000,13,1457,$0.19,3,25,https://www.mappls.com/2bzolf
1196,beer near me,49500,30,155,$0.37,1,28,https://www.mappls.com/search-near-Beer%20Shop@zdata=ODAuOTM2NDU3LDI2Ljg1NDg3Ng==
1197,anand rao circle,60500,7,7200,$0.15,5,33,https://www.mappls.com/ect176
1198,z square shopping mall,74000,29,155,$0.09,6,25,https://www.mappls.com/8t36s6
1199,tihar jail new delhi,74000,13,836,$0.12,2,20,https://www.mappls.com/09l0jg
1200,prahlad nagar ahmedabad,74000,30,155,$0.15,6,19,https://www.mappls.com/direction-from--to-prahlad+nagar+garden+gujarat+ahmedabad?@zdata=ZnJvbSsrdG8rNzIuNTA1NTc3LDIzLjAxMjg3LDg1QjM4OCt2aWE=
1201,pink square mall jaipur,60500,19,318,$0.02,9,26,https://www.mappls.com/place-centro-pink+square+mall-pink+square+mall-govind+marg-saket+colony-adarsh+nagar-jaipur-rajasthan-302004-N15XTH@zdata=MjYuOTAyNzg4Kzc1LjgzNjQwOSsxNytOMTVYVEgrK25yed
1202,north bihar,74000,41,155,$0,1,40,https://www.mappls.com/e8tokm
1203,shani temple near me,60500,19,414,$0,1,23,https://www.mappls.com/search-near-Shri%20Shani%20Dev%20Temple@zdata=NzUuNzUwMTY4LDMxLjIyNzU5
1204,sandhya theatre,74000,19,377,$0.32,1,40,https://www.mappls.com/search-near-Sandhya%20Theatre%20Balussery@zdata=NzUuODI5ODY1LDExLjQ0OTcwMDAwMDAwMDE=
1205,sabarmati gas cng station,74000,27,162,$0.11,1,11,https://www.mappls.com/place-sabarmati+gas+cng+station-bharat+petroleum+petrol+pump-vijapur+visnagar+road-vijay+para-visnagar-mahesana+district-gujarat-384315-CCIU1E@zdata=MjMuNjkzMDY2KzcyLjU2MDA4NisxNytDQ0lVMUUrK25yed
1206,r city mall ghatkopar mumbai,74000,20,318,$0.29,1,21,https://www.mappls.com/place-r+city+mall-ghatkopar+west-mumbai-maharashtra-400086-xt2zul@zdata=MTkuMDk5NzU4KzcyLjkxNjMzNysxNyt4dDJ6dWwrKw==ed
1207,lucknow junction station,74000,40,155,$0.10,5,26,https://www.mappls.com/place-lucknow+junction+railway+station-choti+line-charbagh-lucknow-uttar+pradesh-226004-ju7djx@zdata=MjYuODMxOTA5KzgwLjkyMTk0NisxNytqdTdkangrKw==ed
1208,chandni market,60500,11,2501,$0,2,37,https://www.mappls.com/2d5tf8
1209,cantt railway station delhi,74000,50,155,$0.08,1,23,"https://www.mappls.com/direction-from--to-delhi+cantonment+railway+station,+delhi+cantt+residential+township,+new+delhi,+delhi,+110010,+s42ets?@zdata=ZnJvbSsrdG8rNzcuMTE1NDE1LDI4LjYxMTQwOCxzNDJldHM7NzcuMTE1NDk5LDI4LjYxMTY1NixzNDJldHMrdmlh"
1210,bus stand hisar,74000,6,3470,$0,1,36,https://www.mappls.com/fd16aa
1211,hilite mall thrissur,40500,19,318,$0.16,5,20,https://www.mappls.com/pwm6h0
1212,hazira surat gujarat,74000,31,155,$0.09,3,19,https://www.mappls.com/place-hazira+surat+indias+biggest+industrial+zone-hajira-gujarat-394510-KNZRQO@zdata=MjEuMTY4MzM0KzcyLjY3MDgzMSsxNytLTlpSUU8rKw==ed
1213,great india place noida,74000,31,155,$0.11,5,29,https://www.mappls.com/c9lboy
1214,ghatkopar west r city mall,74000,18,377,$0.54,7,24,https://www.mappls.com/place-r+city+mall-ghatkopar+west-mumbai-maharashtra-400086-xt2zul@zdata=MTkuMDk5NzU4KzcyLjkxNjMzNysxNyt4dDJ6dWwrKw==ed
1215,airport gorakhpur,74000,64,155,$0.16,2,25,https://www.mappls.com/1bsf42
1216,90 ft road,74000,10,3470,$0.10,4,22,"https://www.mappls.com/direction-from--to-,+90+feet+road,+lbs+nagar,+sakinaka,+andheri+east,+mumbai,+maharashtra,+400072?@zdata=ZnJvbSsrdG8rNzIuODg3ODYsMTkuMDk2NDk4LERENEEyRit2aWE="
1217,unitech cyber park,60500,30,155,$1.39,13,35,https://www.mappls.com/44de88
1218,metro junction mall kalyan,74000,15,436,$0.17,4,29,https://www.mappls.com/place-metro+junction+mall-kalyan+shil+road-netivali-kalyan-maharashtra-421306-1T2566@zdata=MTkuMjI5MTM4KzczLjEyMzAwNCsxNysxVDI1NjYrK25yed
1219,location of delhi cantt railway station,74000,16,414,$0.08,1,27,"https://www.mappls.com/direction-from--to-delhi+cantonment+railway+station,+delhi+cantt+residential+township,+new+delhi,+delhi,+110010,+s42ets?@zdata=ZnJvbSsrdG8rNzcuMTE1NDE1LDI4LjYxMTQwOCxzNDJldHM7NzcuMTE1NDk5LDI4LjYxMTY1NixzNDJldHMrdmlh"
1220,kolkata rabindra sadan,74000,43,155,$0.10,3,21,https://www.mappls.com/72tf2e
1221,r city mall mumbai ghatkopar,74000,39,155,$1.11,1,24,https://www.mappls.com/7fte26
1222,r city mall ghatkopar,74000,44,155,$0.26,1,28,https://www.mappls.com/7fte26
1223,mussoorie mall road,49500,34,155,$0.44,4,29,"https://www.mappls.com/direction-from--to-,+the+mall+road,+mussoorie,+uttarakhand,+248179?@zdata=ZnJvbSsrdG8rNzguMDg4MjQyLDMwLjQ0OTIzLEIxWkdBRCt2aWE="
1224,dsl virtue mall,49500,9,1457,$0,10,31,https://www.mappls.com/l7avyv
1225,azad maidan in mumbai,74000,19,414,$0.09,3,22,https://www.mappls.com/a4kwz9
1226,airoli station,33100,53,155,$0,7,30,https://www.mappls.com/tcsfe4
1227,centenary library chennai,74000,14,673,$0.12,5,25,https://www.mappls.com/d4fouy
1228,vashi in navi mumbai,60500,52,155,$0.14,4,20,https://www.mappls.com/31a3t2
1229,tiruppur railway station,60500,42,155,$0,8,34,https://www.mappls.com/place-tirupur+railway+station-khaderpet-rayapuram-tiruppur-tamil+nadu-641601-8YCFAB@zdata=MTEuMTA4NTUzKzc3LjMzOTgzNisxNys4WUNGQUIrKw==ed
1230,nucleus mall kerala,60500,7,2501,$0.14,6,21,https://www.mappls.com/2qlxkd
1231,mgbs bus stand mgbs road gowliguda north gowliguda hyderabad telangana,74000,9,3470,$0,1,19,https://www.mappls.com/place-mahatma+gandhi+bus+station-imlibun-gowliguda-hyderabad-telangana-500012-ed11de@zdata=MTcuMzc4ODE4Kzc4LjQ4NDMwOCsxNytlZDExZGUrKw==ed
1232,metro junction kalyan,74000,35,155,$0.11,3,22,https://www.mappls.com/place-metro+junction+mall-kalyan+shil+road-netivali-kalyan-maharashtra-421306-1T2566@zdata=MTkuMjI5MTM4KzczLjEyMzAwNCsxNysxVDI1NjYrK25yed
1233,matri mandir,60500,30,155,$0.06,6,38,https://www.mappls.com/brzt9o
1234,mahalakshmi layout,74000,41,155,$0.34,5,23,https://www.mappls.com/place-mahalakshmi+layout+entrance+bus+stop-12th+cross+road-mahalakshmi+layout-bengaluru-karnataka-560086-4TV5L5@zdata=MTMuMDA3NzA4Kzc3LjU0ODExOCsxNys0VFY1TDUrK25yed
1235,leisure valley park gurugram,74000,25,244,$0.13,4,25,https://www.mappls.com/a62s52
1236,railway station erode,74000,36,155,$0.10,3,29,https://www.mappls.com/place-erode+junction+railway+station-railway+colony-erode-tamil+nadu-638002-44f457@zdata=MTEuMzI4Njc4Kzc3LjcyNTc3OSsxNys0NGY0NTcrKw==ed
1237,pari chowk metro,74000,9,1894,$0.07,1,16,https://www.mappls.com/place-pari+chowk+metro+station-pari+chowk-greater+noida-uttar+pradesh-201310-N0C1ED@zdata=MjguNDYzMjk4Kzc3LjUwODIxNysxNytOMEMxRUQrK25yed
1238,guruvayur sree krishna temple,90500,40,155,$0.05,2,26,https://www.mappls.com/tcfdsf
1239,k r nagar,74000,22,318,$0.10,1,20,"https://www.mappls.com/direction-from--to-krishnarajanagara;kr+nagar+hosuru+kallahally,+krishnarajanagara,+karnataka,+571602+krishnarajanagara;kr+nagar?@zdata=ZnJvbSsrdG8rNzYuMzgwODkzLDEyLjQzNzkxOCwyMUU2Vlo7NzYuMzgwOTMyLDEyLjQzNzkxMywyMUU2Vlordmlh"
1240,itarsi railway,74000,43,155,$0.07,1,19,https://www.mappls.com/6aefte
1241,dr ambedkar nagar new delhi,74000,48,155,$0.10,2,19,https://www.mappls.com/ikicx4
1242,chhatrapati shivaji maharaj vastu sangrahalaya,74000,56,155,$0.71,8,30,https://www.mappls.com/g6jdjx
1243,garden galleria mall,74000,19,318,$0,5,37,https://www.mappls.com/qbzcww
1244,g t mall jaipur,74000,29,155,$0.09,7,19,https://www.mappls.com/da0mau
1245,delite delhi,74000,11,1110,$0.09,1,21,https://www.mappls.com/se4t35
1246,bandra station,49500,36,155,$0,4,34,https://www.mappls.com/place-bandra+terminus+railway+station-station+road-bandra+terminus+area-naupada-bandra+east-mumbai-maharashtra-400051-94ydct@zdata=MTkuMDY0NjY2KzcyLjg0MTQxMysxNys5NHlkY3QrKw==ed
1247,anna library in chennai,74000,17,555,$0.12,5,25,https://www.mappls.com/d4fouy
1248,aiims in bhubaneswar,74000,20,318,$0.07,1,29,https://www.mappls.com/place-aiims+bhubaneswar-sijua+patrapada-all+india+institute+of+medical+sciences+bhubaneswa-sijua-patrapada-bhubaneswar-odisha-751019-8URSIK@zdata=MjAuMjMxNTA4MDc2OSs4NS43NzYwMDI5NjA0KzE3KzhVUlNJSysrbnI=ed
1249,1000 pillar temple,74000,30,162,$0.02,7,38,https://www.mappls.com/place-thousand+pillar+temple-warangal+highway-hanumakonda-telangana-506011-7D6S81@zdata=MTguMDAzNzY0Kzc5LjU3NDc3MysxNys3RDZTODErKw==ed
1250,bihar civil court patna,74000,13,673,$0.10,1,18,https://www.mappls.com/place-patna+city+civil+court-bihar+judicial+academy-gai+ghat-patna-bihar-800007-bay8ve@zdata=MjUuNjA3Nzg1Kzg1LjIwMDA3NCsxNytiYXk4dmUrKw==ed
1251,sector 35 chandigarh,74000,49,155,$0.16,5,19,https://www.mappls.com/45gu3g
1252,sector 32 gurgaon,60500,53,155,$0.83,12,35,https://www.mappls.com/place-gurgaon+info+park-sector+32-gurugram-haryana-122001-vvhjdg@zdata=MjguNDQ3MTk4Kzc3LjA0MzQ5MSsxNyt2dmhqZGcrKw==ed
1253,vr bengaluru,74000,19,318,$0,9,43,https://www.mappls.com/79oadz
1254,gps tracker,74000,45,155,$0.04,93,46,https://www.mappls.com/store/
1255,gip mall,74000,25,199,$0.08,5,24,https://www.mappls.com/c9lboy
1256,mango bus stand,74000,16,436,$0.03,3,36,https://www.mappls.com/place-mango+bus+stop-bus+stand+road-gandhi+ghat-jamshedpur-jharkhand-831001-6c9elm@zdata=MjIuODE1OTQrODYuMjEwODgrMTcrNmM5ZWxtKys=ed
1257,malabar hill tower of silence,40500,19,555,$0.13,1,36,https://www.mappls.com/e5vf3p
1258,ksrtc bus stand,90500,42,155,$0.13,1,41,https://www.mappls.com/5ta5c6
1259,coimbatore railway station,74000,45,155,$0,3,36,https://www.mappls.com/place-coimbatore+railway+junction+main+building-coimbatore+central-coimbatore-tamil+nadu-641018-VZR7OU@zdata=MTAuOTk2MTE2Kzc2Ljk2Nzg1MisxNytWWlI3T1UrKw==ed
1260,erode location,60500,75,155,$0,1,37,https://www.mappls.com/jvx5tu
1261,bjp offices,60500,20,318,$0.16,1,17,https://www.mappls.com/place-bjp+office-hans+society-varachha-surat-gujarat-395006-67A64A@zdata=MjEuMjExMjIrNzIuODU1Njg4KzE3KzY3QTY0QSsred
1262,tihar prison,74000,15,555,$0.12,1,20,https://www.mappls.com/09l0jg
1263,national science centre pragati maidan,60500,18,436,$0.19,5,27,https://www.mappls.com/9la1ja
1264,mumbai bandra station,74000,31,155,$0.12,1,34,https://www.mappls.com/place-bandra+terminus+railway+station-station+road-bandra+terminus+area-naupada-bandra+east-mumbai-maharashtra-400051-94ydct@zdata=MTkuMDY0NjY2KzcyLjg0MTQxMysxNys5NHlkY3QrKw==ed
1265,sultanpur metro,74000,25,177,$0.15,5,19,https://www.mappls.com/place-sultanpur+metro+station-sultanpur+extension-new+delhi-delhi-110030-8F8681@zdata=MjguNDk5MjQ3Kzc3LjE2MTUwMSsxNys4Rjg2ODErK25yed
1266,tower 6,60500,11,1457,$0.17,3,17,https://www.mappls.com/egrogi
1267,the lalit in mumbai,74000,27,162,$0.72,21,42,https://www.mappls.com/place-the+lalit+mumbai-sahar+airport+road-andheri+east-mumbai-maharashtra-400069-C4BA5E@zdata=MTkuMTA1MjE2KzcyLjg3NTY4KzE3K0M0QkE1RSsrbnI=ed
1268,swati snacks,60500,26,244,$0,8,39,https://www.mappls.com/place-swati+snacks-tardeo-248-karai+estate-javji+dadaji+marg-tardeo+road-opposite+to+bhatia+hospital-tardeo-mumbai-maharashtra-400007-C1F822@zdata=MTguOTY2NTc2KzcyLjgxMzM1MysxNytDMUY4MjIrK25yed
1269,sriram temple,74000,22,377,$0.16,3,35,https://www.mappls.com/place-sri+rama+temple-2nd+main+road-gandhi+nagar-bengaluru-karnataka-560009-59QTUZ@zdata=MTIuOTc2ODkzKzc3LjU3OTU2OSsxNys1OVFUVVorKw==ed
1270,shyam nagar,74000,36,155,$0,9,43,https://www.mappls.com/place-janpath+shyam+nagar-jan+path-sarti+nagar-saket+nagar-sodala-jaipur-rajasthan-302019-USZ1MT@zdata=MjYuODk0MjU1Kzc1Ljc2NjM2OCsxNytVU1oxTVQrK25yed
1271,sector 40,74000,57,155,$0.28,5,42,https://www.mappls.com/b468f5
1272,sanath nagar,74000,38,155,$0,6,42,https://www.mappls.com/place-sanathnagar+new+goods+complex+yard-apie+road-industrial+estate-sanath+nagar-hyderabad-telangana-500018-F1ELYP@zdata=MTcuNDYyMDg1Kzc4LjQzOTA1OCsxNytGMUVMWVArK25yed
1273,noida gip mall,74000,27,170,$0.11,6,26,https://www.mappls.com/c9lboy
1274,near me petrol pump near me,74000,12,1457,$0.01,1,22,https://www.mappls.com/petrol-pump-near-me
1275,mukta,74000,27,177,$0.02,3,54,https://www.mappls.com/place-mukta+a2+cinemas-bhopal-1st+floor-peoples+mall-peoples+campus-bhanpur-bhopal-madhya+pradesh-462037-TXOWK2@zdata=MjMuMzA0NDM3Kzc3LjQyMjA4MisxNytUWE9XSzIrK25yed
1276,metro junction mall kalyan maharashtra,74000,18,318,$0.11,3,20,https://www.mappls.com/place-metro+junction+mall-kalyan+shil+road-netivali-kalyan-maharashtra-421306-1T2566@zdata=MTkuMjI5MTM4KzczLjEyMzAwNCsxNysxVDI1NjYrK25yed
1277,lake shore mall thane,18100,26,177,$0.22,7,20,https://www.mappls.com/cvnj2f
1278,phoenix mall kurla,74000,37,155,$0.02,3,36,https://www.mappls.com/place-phoenix+marketcity-ground+floor-lal+bahadur+shastri+marg-kurla+west-mumbai-maharashtra-400070-w6wwcz@zdata=MTkuMDg2NzE5KzcyLjg4OTA4NisxNyt3Nnd3Y3orKw==ed
1279,phoenix mall in kurla,74000,31,155,$0.25,6,40,https://www.mappls.com/place-phoenix+marketcity-ground+floor-lal+bahadur+shastri+marg-kurla+west-mumbai-maharashtra-400070-w6wwcz@zdata=MTkuMDg2NzE5KzcyLjg4OTA4NisxNyt3Nnd3Y3orKw==ed
1280,petrol bunk near,60500,8,3470,$0.04,1,29,https://www.mappls.com/petrol-pump-near-me
1281,parrys corner in chennai,74000,17,673,$0.18,13,23,https://www.mappls.com/place-parrys+corner-george+town+chennai-chennai-tamil+nadu-600001-2legsl@zdata=MTMuMDg5OTAzKzgwLjI4NTkzMysxNysybGVnc2wrKw==ed
1282,oberon mall ernakulam,74000,10,1110,$0.25,5,24,https://www.mappls.com/2a6as1
1283,rtc x road hyderabad,74000,35,155,$0.11,5,21,https://www.mappls.com/place-rtc+x+roads+metro+station-chikkadpally+main+road-chikkadpally-hyderabad-telangana-500020-A1MHOT@zdata=MTcuNDA3NTkzKzc4LjQ5NzA3KzE3K0ExTUhPVCsrbnI=ed
1284,rtc cross road hyderabad,74000,40,155,$0.11,5,36,https://www.mappls.com/place-rtc+x+roads+metro+station-chikkadpally+main+road-chikkadpally-hyderabad-telangana-500020-A1MHOT@zdata=MTcuNDA3NTkzKzc4LjQ5NzA3KzE3K0ExTUhPVCsrbnI=ed
1285,fashion street pune,74000,16,673,$0.43,7,23,https://www.mappls.com/place-fashion+street-mahatma+gandhi+road-agarwal+colony-camp-pune-maharashtra-411001-224TCE@zdata=MTguNTA5MjM4KzczLjg3OTYzKzE3KzIyNFRDRSsrbnI=ed
1286,kalyan metro mall,60500,22,318,$0.02,7,34,https://www.mappls.com/place-metro+junction+mall-kalyan+shil+road-netivali-kalyan-maharashtra-421306-1T2566@zdata=MTkuMjI5MTM4KzczLjEyMzAwNCsxNysxVDI1NjYrK25yed
1287,junagadh gir,74000,51,155,$0.11,3,27,https://www.mappls.com/crnqw6
1288,jhv mall banaras,74000,12,,$0.09,1,21,https://www.mappls.com/3grdd5
1289,iskcon mandir in delhi,74000,37,155,$0.35,10,25,https://www.mappls.com/ggfoj3
1290,inspector general of registration,74000,37,155,$0,1,28,https://www.mappls.com/74n2c7
1291,block 7,60500,48,155,$0.17,3,15,https://www.mappls.com/imkld1
1292,anand vihar in delhi,74000,58,155,$0.13,3,26,https://www.mappls.com/place-anand+vihar+terminal+railway+station-anand+vihar+megha+terminal-railway+station-near+isbt+anand+vihar-patparganj+industrial+area-new+delhi-delhi-110092-53F6BT@zdata=MjguNjQ4ODE0Kzc3LjMxNTQ4NysxNys1M0Y2QlQrK25yed
1293,airport terminal 4,74000,28,162,$0.10,6,26,https://www.mappls.com/f3e436
1294,aiims bhubaneswar,90500,13,836,$0.18,1,46,https://www.mappls.com/place-aiims+bhubaneswar-sijua+patrapada-all+india+institute+of+medical+sciences+bhubaneswa-sijua-patrapada-bhubaneswar-odisha-751019-8URSIK@zdata=MjAuMjMxNTA4MDc2OSs4NS43NzYwMDI5NjA0KzE3KzhVUlNJSysrbnI=ed
1295,elliots beach chennai,74000,43,155,$0.20,7,41,https://www.mappls.com/6a4c4c
1296,diamond plaza,74000,17,436,$0.02,4,42,https://www.mappls.com/2bkgv3
1297,west bengal contai,74000,53,155,$0.09,1,25,"https://www.mappls.com/direction-from--to-+contai+1,+purba+medinipur+district,+west+bengal,+721450?@zdata=ZnJvbSsrdG8rODcuODExOTQ1LDIxLjcyNDg3OSxNV0tZRTUrdmlh"
1298,hazira india,60500,65,155,$0,3,37,https://www.mappls.com/place-hazira+surat+indias+biggest+industrial+zone-hajira-gujarat-394510-KNZRQO@zdata=MjEuMTY4MzM0KzcyLjY3MDgzMSsxNytLTlpSUU8rKw==ed
1299,vs laboratory,74000,22,199,$0.51,1,10,https://www.mappls.com/place-trivandrum+vets+lab-vikas+bhavan+road-university+of+kerala+senate+house+campus-palayam-thiruvananthapuram-kerala-695035-X0M3DK@zdata=OC41MDg0MzYwMDAwMDAxKzc2Ljk0ODk0NCsxNytYME0zREsrK25yed
1300,vapi town,74000,83,155,$0.10,1,27,https://www.mappls.com/place-vapi+nagar+palika-sabzi+mandi-main+bazar-vapi-gujarat-396191-y104b4@zdata=MjAuMzc0MTIxKzcyLjkwNzMxMisxNyt5MTA0YjQrKw==ed
1301,salem junction,60500,33,155,$0,2,37,"https://www.mappls.com/direction-from--to-salem+railway+station,+railway+junction,+salem,+tamil+nadu,+636005?@zdata=ZnJvbSsrdG8rNzguMTEzODM3LDExLjY3MDcyMyw0U0JUQUIrdmlh"
1302,rabindra sadan kolkata,74000,59,155,$0.14,4,19,https://www.mappls.com/72tf2e
1303,kovai railway station,74000,50,155,$0.07,3,21,https://www.mappls.com/place-coimbatore+railway+junction+main+building-coimbatore+central-coimbatore-tamil+nadu-641018-VZR7OU@zdata=MTAuOTk2MTE2Kzc2Ljk2Nzg1MisxNytWWlI3T1UrKw==ed
1304,iskcon chennai,74000,38,155,$1.18,7,43,https://www.mappls.com/4d885s
1305,passport seva kendra in ghaziabad,74000,12,1110,$0,1,20,https://www.mappls.com/c3wy2w
1306,oppo service center near me,60500,15,673,$0.25,3,24,https://www.mappls.com/8hfwam
1307,om beach,74000,41,155,$0.13,2,41,https://www.mappls.com/84sbeb
1308,north railway station,49500,21,318,$0,12,31,https://www.mappls.com/place-ernakulam+north+railway+station-kacheripady-kochi-kerala-682018-ft55a6@zdata=OS45OTE3OSs3Ni4yODY1ODUrMTcrZnQ1NWE2Kys=ed
1309,nirman vihar metro,60500,31,155,$0.22,10,12,https://www.mappls.com/place-nirman+vihar+metro+station-block+c-nirman+vihar-preet+vihar-new+delhi-delhi-110092-SA42CB@zdata=MjguNjM2MzQ3Kzc3LjI4NjY3MysxNytTQTQyQ0IrK25yed
1310,maps india,74000,19,318,$0.01,67,38,https://www.mappls.com/
1311,fashion street camp pune,49500,15,836,$0,12,23,https://www.mappls.com/place-fashion+street-mahatma+gandhi+road-agarwal+colony-camp-pune-maharashtra-411001-224TCE@zdata=MTguNTA5MjM4KzczLjg3OTYzKzE3KzIyNFRDRSsrbnI=ed
1312,electronic city bus stop,90500,20,377,$0,13,36,https://www.mappls.com/g23rqj
1313,dwarka sector 9,74000,27,170,$0.11,3,36,https://www.mappls.com/b7il6v
1314,bandra station mumbai,74000,36,155,$0.06,1,37,https://www.mappls.com/place-bandra+terminus+railway+station-station+road-bandra+terminus+area-naupada-bandra+east-mumbai-maharashtra-400051-94ydct@zdata=MTkuMDY0NjY2KzcyLjg0MTQxMysxNys5NHlkY3QrKw==ed
1315,anna centenary library chennai,74000,18,436,$0.15,6,31,https://www.mappls.com/d4fouy
1316,anand rao circle bangalore,60500,9,2501,$0.15,5,25,https://www.mappls.com/place-anand+rao+circle+bus+stop-kumar+krupa+road-madhava+nagar-gandhi+nagar-bengaluru-karnataka-560001-2N6K8V@zdata=MTIuOTgzOTg0Kzc3LjU3ODQzKzE3KzJONks4VisrbnI=ed
1317,bhopal airport,74000,52,155,$0.15,3,41,https://www.mappls.com/sad2b7
1318,toddy shop,74000,24,244,$0,1,40,https://www.mappls.com/place-toddy+shop-karunagappally-kollam+district-kerala-690524-87SW2I@zdata=OS4wMjA0OTAwMDAwMDAxKzc2LjU1ODAwNCsxNys4N1NXMkkrK25yed
1319,tihar jail,90500,13,1110,$0,3,46,https://www.mappls.com/09l0jg
1320,rajahmundry railway station,60500,15,673,$0,6,33,https://www.mappls.com/1t3cc4
1321,k r nagar mysore,74000,42,155,$0.05,1,19,https://www.mappls.com/9yjec3
1322,patiala high court delhi,74000,13,555,$0.10,2,38,https://www.mappls.com/place-patiala+house+district+court-tilak+marg+new+delhi-purana+qila+road+area-new+delhi-delhi-110001-lbcn29@zdata=MjguNjE1MzYxKzc3LjIzNDQxOSsxNytsYmNuMjkrKw==ed
1323,our lady of immaculate conception church,14800,68,155,$0.22,13,21,https://www.mappls.com/s886b4
1324,noida sector 142,74000,32,155,$0.11,5,19,https://www.mappls.com/place-sector+142+metro+station-sector+142-noida-uttar+pradesh-201305-IRTXUJ@zdata=MjguNDk5MDI1Kzc3LjQxMjcwOSsxNytJUlRYVUorK25yed
1325,bandra railway station,60500,34,155,$0,5,33,https://www.mappls.com/place-bandra+terminus+railway+station-station+road-bandra+terminus+area-naupada-bandra+east-mumbai-maharashtra-400051-94ydct@zdata=MTkuMDY0NjY2KzcyLjg0MTQxMysxNys5NHlkY3QrKw==ed
1326,arunachal capital,74000,20,377,$0,1,28,https://www.mappls.com/03y6mt
1327,1 mg lido mall,74000,25,177,$0.77,6,29,https://www.mappls.com/9wzi78
1328,erode train station,74000,37,155,$0.10,3,38,https://www.mappls.com/place-erode+junction+railway+station-railway+colony-erode-tamil+nadu-638002-44f457@zdata=MTEuMzI4Njc4Kzc3LjcyNTc3OSsxNys0NGY0NTcrKw==ed
1329,dr br ambedkar university hyderabad,110,28,170,$0,1,6,https://www.mappls.com/23t38b
1330,delite theater,74000,24,199,$0.09,1,21,https://www.mappls.com/683bd8
1331,delite cinema hall,60500,29,155,$0.15,1,21,https://www.mappls.com/se4t35
1332,kumar pacific mall,60500,21,244,$0,10,35,https://www.mappls.com/d7fq0u
1333,kr nagar,74000,25,244,$0.10,1,20,"https://www.mappls.com/direction-from--to-krishnarajanagara;kr+nagar+hosuru+kallahally,+krishnarajanagara,+karnataka,+571602+krishnarajanagara;kr+nagar?@zdata=ZnJvbSsrdG8rNzYuMzgwODkzLDEyLjQzNzkxOCwyMUU2Vlo7NzYuMzgwOTMyLDEyLjQzNzkxMywyMUU2Vlordmlh"
1334,parrys corner chennai,74000,24,244,$0,5,37,https://www.mappls.com/place-parrys+corner-george+town+chennai-chennai-tamil+nadu-600001-2legsl@zdata=MTMuMDg5OTAzKzgwLjI4NTkzMysxNysybGVnc2wrKw==ed
1335,near petrol bunk,60500,9,2501,$0.08,1,32,https://www.mappls.com/petrol-pump-near-me
1336,mumbai airport terminal 2 location,74000,35,155,$0.11,1,35,https://www.mappls.com/a7gejf
1337,metro station hauz khas,74000,52,155,$0.13,3,18,https://www.mappls.com/place-hauz+khas+metro+station-outer+ring+road-hauz+khas-new+delhi-delhi-110016-f5sat1@zdata=MjguNTQzOTI0Kzc3LjIwNjQzKzE3K2Y1c2F0MSsred
1338,shiv vihar metro,60500,14,673,$0.15,5,24,https://www.mappls.com/place-shiv+vihar+metro+station-loni+road-ambedkar+nagar-johripur-new+delhi-delhi-110094-q3weo4@zdata=MjguNzIxOTYzKzc3LjI4OTQ0NCsxNytxM3dlbzQrKw==ed
1339,sharma's,74000,36,155,$0.19,1,24,https://www.mappls.com/place-sharma+sweets-shingar+cinema+road-near+samrala+chowk-ludhiana-punjab-141008-4BTBB2@zdata=MzAuOTEyODA3Kzc1Ljg3NDAyOCsxNys0QlRCQjIrK25yed
1340,r city mall,74000,15,555,$0.11,10,39,https://www.mappls.com/place-r+city+mall-ghatkopar+west-mumbai-maharashtra-400086-xt2zul@zdata=MTkuMDk5NzU4KzcyLjkxNjMzNysxNyt4dDJ6dWwrKw==ed
1341,priyadarshini park in mumbai,74000,20,377,$0.12,4,17,https://www.mappls.com/cdbcvx
1342,pgi,49500,24,244,$0,2,46,https://www.mappls.com/place-pgi+hospital-madhya+marg-sector+12-chandigarh-160012-UMF02F@zdata=MzAuNzYwNTE0Kzc2Ljc3NTQ2NCsxNytVTUYwMkYrKw==ed
1343,the taj mahal hotel mumbai,74000,25,177,$0.33,10,48,https://www.mappls.com/1ecb2f
1344,south extension,74000,39,155,$0.30,6,42,https://www.mappls.com/4bad2b
1345,sion hospital,90500,18,555,$0.51,8,48,https://www.mappls.com/p3xtbe
1346,iskcon temple at chennai,74000,26,244,$0.29,6,19,https://www.mappls.com/4d885s
1347,gt shopping mall jaipur,74000,18,377,$0.09,7,16,https://www.mappls.com/da0mau
1348,beer shop,90500,11,1457,$0,1,45,https://www.mappls.com/search-near-Beer%20Shop@zdata=ODAuOTM2NDU3LDI2Ljg1NDg3Ng==
1349,art cinemas,74000,16,436,$0.03,4,19,https://www.mappls.com/omdhhb
1350,amritsar bus stand,60500,30,155,$0.19,5,33,https://www.mappls.com/place-amritsar+bus+stand-idh+market-amritsar-punjab-143006-HOSZDP@zdata=MzEuNjI5ODI3Kzc0Ljg4Mzk5NysxNytIT1NaRFArK25yed
1351,amit nagar circle,60500,15,673,$0,10,35,"https://www.mappls.com/direction-from--to-krunal+food,+amit+nagar+circle,+fatehgunj,+vadodara,+gujarat,+390022?@zdata=ZnJvbSsrdG8rNzMuMjA2NzQ1LDIyLjMyOTc4NSw4WUFGTTArdmlh"
1352,90 feet road,74000,16,673,$0.10,4,22,"https://www.mappls.com/direction-from--to-,+90+feet+road,+lbs+nagar,+sakinaka,+andheri+east,+mumbai,+maharashtra,+400072?@zdata=ZnJvbSsrdG8rNzIuODg3ODYsMTkuMDk2NDk4LERENEEyRit2aWE="
1353,bus stand nagpur,60500,11,2501,$0,12,35,https://www.mappls.com/place-mp+bus+stand-tekdi+road-sitabuldi-nagpur-maharashtra-440012-TDED26@zdata=MjEuMTQ4Njk2Kzc5LjA4NzczOSsxNytUREVEMjYrK25yed
1354,dadar east,60500,31,155,$0.25,10,40,https://www.mappls.com/f74ct3
1355,church of our lady of immaculate conception,33100,65,155,$0.14,9,33,https://www.mappls.com/s886b4
1356,vasai east,74000,31,155,$0.14,2,41,https://www.mappls.com/21nngv
1357,shagun chowk,74000,32,155,$0.11,6,22,https://www.mappls.com/wmr7pz
1358,vyttila hub bus terminal,74000,14,673,$0.11,3,18,https://www.mappls.com/6s4ts6
1359,tower d,74000,11,1457,$0.14,3,23,https://www.mappls.com/t5ect7
1360,kumaraswamy layout in bangalore,74000,19,414,$0.11,6,24,https://www.mappls.com/esyvhz
1361,kanpur kidwai nagar,60500,55,155,$0.24,3,19,https://www.mappls.com/lmm2fz
1362,kalyan bypass,60500,9,1894,$0,6,38,https://www.mappls.com/place-mandi-kalyan+bypass-govind+wadi-bhoiwada-kalyan-maharashtra-421301-8MGCKZ@zdata=MTkuMjM4NDA5KzczLjExODU5MisxNys4TUdDS1orKw==ed
1363,noida great india place,74000,28,155,$0.11,5,35,https://www.mappls.com/c9lboy
1364,mumbai azad maidan,74000,19,436,$0.22,5,19,https://www.mappls.com/a4kwz9
1365,metro station vaishali,74000,29,155,$0.05,1,14,https://www.mappls.com/place-vaishali+metro+station-link+road-vaishali-ghaziabad-uttar+pradesh-201010-E68T8F@zdata=MjguNjQ5OTAxKzc3LjMzOTY1MysxNytFNjhUOEYrK25yed
1366,metro junction mall,74000,17,377,$0.12,5,37,https://www.mappls.com/place-metro+junction+mall-kalyan+shil+road-netivali-kalyan-maharashtra-421306-1T2566@zdata=MTkuMjI5MTM4KzczLjEyMzAwNCsxNysxVDI1NjYrK25yed
1367,laxmi chowk,74000,4,11988,$0.09,6,19,https://www.mappls.com/place-laxmi+chowk+kasrasai+road-hinjewadi-pune-maharashtra-411057+pune-3YD9VB@zdata=MTguNTk4ODk1KzczLjczNDgxNCsxNyszWUQ5VkI=ed
1368,rtc road,74000,28,162,$0.09,5,38,https://www.mappls.com/place-rtc+x+roads+bus+stop-musheerabad+main+road-jawahar+nagar-hyderabad-telangana-500020-K5NGY1@zdata=MTcuNDA4MDQzKzc4LjQ5NzExOSsxNytLNU5HWTErK25yed
1369,rct mall in mumbai,74000,20,318,$0.29,1,25,https://www.mappls.com/place-r+city+mall-ghatkopar+west-mumbai-maharashtra-400086-xt2zul@zdata=MTkuMDk5NzU4KzcyLjkxNjMzNysxNyt4dDJ6dWwrKw==ed
1370,rajahmundry station,74000,13,673,$0,2,41,https://www.mappls.com/1t3cc4
1371,paradise hotel secunderabad,74000,10,2501,$0.14,4,21,https://www.mappls.com/place-hotel+paradise-paradise+circle-sd+road-secunderabad-telangana-500003-37N2DW@zdata=MTcuNDQxNzY0Kzc4LjQ4NzM1NisxNyszN04yRFcrK25yed
1372,bhubaneswar aiims,74000,16,436,$0.04,1,38,https://www.mappls.com/place-aiims+bhubaneswar-sijua+patrapada-all+india+institute+of+medical+sciences+bhubaneswa-sijua-patrapada-bhubaneswar-odisha-751019-8URSIK@zdata=MjAuMjMxNTA4MDc2OSs4NS43NzYwMDI5NjA0KzE3KzhVUlNJSysrbnI=ed
1373,beer shopee,74000,9,4876,$0,1,17,https://www.mappls.com/place-jd+beer+shopee-dharampeth-nagpur-maharashtra-440010-HZWN82@zdata=MjEuMTQwOTU4Kzc5LjA2NjQ5OSsxNytIWldOODIrK25yed
1374,bda complex hsr layout,74000,10,1457,$1.16,12,31,https://www.mappls.com/place-hsr+bda+complex+bus+stop-5th+main+road-sector+6-hsr+layout-bengaluru-karnataka-560102-LZZEVQ@zdata=MTIuOTE1NjIyKzc3LjYzMjQzOSsxNytMWlpFVlErK25yed
1375,barauni jn railway station,74000,27,155,$0,1,19,https://www.mappls.com/place-barauni+junction+railway+station-station+road-barauni-bihar-851112-C2DA66@zdata=MjUuNDYyOTE0Kzg1Ljk4Nzk3NCsxNytDMkRBNjYrK25yed
1376,bangalore international exhibition centre,74000,17,377,$0.19,6,29,https://www.mappls.com/place-bangalore+international+exhibition+centre-10th+mile-tumkur+road-madavara+post-dasanapura-hobli-totadaguddadahalli-bengaluru-karnataka-562162-CA1F71@zdata=MTMuMDYyNzUzKzc3LjQ3NDg2OSsxNytDQTFGNzErK25yed
1377,ather charging station,33100,25,199,$0.07,2,17,https://www.mappls.com/pwpoi3
1378,1mg mall,74000,18,377,$0.70,5,23,https://www.mappls.com/9wzi78
1379,z square mall,60500,20,318,$0,3,32,https://www.mappls.com/8t36s6
1380,surat hazira,74000,23,318,$0.10,3,21,https://www.mappls.com/place-hazira+surat+indias+biggest+industrial+zone-hajira-gujarat-394510-KNZRQO@zdata=MjEuMTY4MzM0KzcyLjY3MDgzMSsxNytLTlpSUU8rKw==ed
1381,state bank of india cdm near me,74000,14,1110,$0.07,1,19,https://www.mappls.com/2fjf9p
1382,udyog vihar in gurgaon,74000,53,155,$0.12,4,27,https://www.mappls.com/gfkduo
1383,tiruppur station,60500,42,155,$0,8,39,https://www.mappls.com/place-tirupur+railway+station-khaderpet-rayapuram-tiruppur-tamil+nadu-641601-8YCFAB@zdata=MTEuMTA4NTUzKzc3LjMzOTgzNisxNys4WUNGQUIrKw==ed
1384,the galleria shopping mall,74000,16,414,$0.35,7,32,https://www.mappls.com/place-fantasy-galleria+shopping+mall-14-hiranandani+gardens-powai-mumbai-maharashtra-400076-CKAGHZ@zdata=MTkuMTE5MTYzKzcyLjkxMTYrMTcrQ0tBR0haKys=ed
1385,hazira city,60500,43,155,$0,3,37,https://www.mappls.com/ln2354
1386,goodluck cafe pune,74000,34,155,$0,3,36,https://www.mappls.com/dcd8sd
1387,gokul nagar,74000,8,3470,$0.11,4,18,https://www.mappls.com/place-gokul+nagar+society-gokul+nagar-varachha-surat-gujarat-395006-JBNIFO@zdata=MjEuMjEzMTc5KzcyLjg2ODMzNCsxNytKQk5JRk8rKw==ed
1388,ghatkopar r city mall,74000,24,177,$0.05,11,22,https://www.mappls.com/place-r+city+mall-ghatkopar+west-mumbai-maharashtra-400086-xt2zul@zdata=MTkuMDk5NzU4KzcyLjkxNjMzNysxNyt4dDJ6dWwrKw==ed
1389,ernakulam oberon mall,60500,21,244,$0.31,5,36,https://www.mappls.com/2a6as1
1390,iskcon temple delhi,74000,27,162,$0.64,5,37,https://www.mappls.com/ggfoj3
1391,ibc knowledge park,74000,20,318,$0,15,40,https://www.mappls.com/91yj7c
1392,barauni junction bihar,74000,31,155,$0,1,39,https://www.mappls.com/place-new+barauni+junction+railway+station-station+road-barauni-bihar-851112-4b3ltw@zdata=MjUuNDU2MzErODYuMDA2NjYyKzE3KzRiM2x0dysred
1393,civil court patna,74000,14,836,$0.10,1,17,https://www.mappls.com/place-patna+city+civil+court-bihar+judicial+academy-gai+ghat-patna-bihar-800007-bay8ve@zdata=MjUuNjA3Nzg1Kzg1LjIwMDA3NCsxNytiYXk4dmUrKw==ed
1394,nims hospital,90500,43,155,$0.84,7,48,https://www.mappls.com/p9p9bg
1395,nagpur bus stand,74000,26,177,$0.06,4,37,https://www.mappls.com/place-mp+bus+stand-tekdi+road-sitabuldi-nagpur-maharashtra-440012-TDED26@zdata=MjEuMTQ4Njk2Kzc5LjA4NzczOSsxNytUREVEMjYrK25yed
1396,moradabad junction,74000,38,155,$0.08,1,22,https://www.mappls.com/report/787t4f/9e8904b0-14bb-47fb-b3b6-31989873ad94
1397,patna civil court,74000,14,836,$0.04,1,18,https://www.mappls.com/place-patna+city+civil+court-bihar+judicial+academy-gai+ghat-patna-bihar-800007-bay8ve@zdata=MjUuNjA3Nzg1Kzg1LjIwMDA3NCsxNytiYXk4dmUrKw==ed
1398,vizag bus stand,74000,13,836,$0,5,37,https://www.mappls.com/place-dwaraka+nagar+bus+station-rtc+complex-dwarka+nagar-visakhapatnam-andhra+pradesh-530020-EM6NQX@zdata=MTcuNzIzODErODMuMzA2NzI0KzE3K0VNNk5RWCsrbnI=ed
1399,visakhapatnam bus stand,74000,16,836,$0,7,38,https://www.mappls.com/place-visakhapatnam+apsrtc+bus+station-lakshmi+nilayam-rtc+complex-dwarka+nagar-visakhapatnam-andhra+pradesh-530020-xjfoyy@zdata=MTcuNzIzNzQ1KzgzLjMwNzAwMSsxNyt4amZveXkrKw==ed
1400,the great india place,74000,19,318,$0.11,6,26,https://www.mappls.com/c9lboy
1401,silent tower,74000,17,555,$0.16,1,26,https://www.mappls.com/e5vf3p
1402,sector v,74000,25,199,$0.11,5,19,https://www.mappls.com/2627tt
1403,sector 35 a chandigarh,74000,60,155,$0.11,4,19,https://www.mappls.com/place-punjab+bhavan-sector+35a-chandigarh-chandigarh-160022-IPGG5O@zdata=MzAuNzI5OTk1Kzc2Ljc2NDM0NisxNytJUEdHNU8rKw==ed
1404,murugan cinemas ambattur,74000,23,177,$0.16,1,35,https://www.mappls.com/ae2fcc
1405,sis ganj sahib gurudwara,60500,26,170,$1.24,9,26,https://www.mappls.com/52efcf
1406,rajendra nagar terminal,90500,21,377,$0,7,43,https://www.mappls.com/place-rajendra+nagar+terminal+railway+station-rajendra+nagar-patna-bihar-800016-477sab@zdata=MjUuNjAyNzQ3Kzg1LjE2MjcxMSsxNys0NzdzYWIrKw==ed
1407,pune fashion street,74000,17,673,$0.40,7,38,https://www.mappls.com/place-fashion+street-mahatma+gandhi+road-agarwal+colony-camp-pune-maharashtra-411001-224TCE@zdata=MTguNTA5MjM4KzczLjg3OTYzKzE3KzIyNFRDRSsrbnI=ed
1408,kumar pacific mall pune,60500,21,244,$0,10,27,https://www.mappls.com/d7fq0u
1409,jeypore odisha,74000,84,155,$0.37,1,40,https://www.mappls.com/place-jeypore+municipality-jeypore-jeypur-odisha-764001-MLWYG6@zdata=MTguODYyOSs4Mi41NzI1NTE4NTAyKzE3K01MV1lHNisrbnI=ed
1410,international exhibition center in bangalore,74000,28,162,$0.12,6,31,https://www.mappls.com/place-bangalore+international+exhibition+centre-10th+mile-tumkur+road-madavara+post-dasanapura-hobli-totadaguddadahalli-bengaluru-karnataka-562162-CA1F71@zdata=MTMuMDYyNzUzKzc3LjQ3NDg2OSsxNytDQTFGNzErK25yed
1411,hi tech city metro station,74000,11,836,$0.10,6,18,https://www.mappls.com/place-hitec+city+metro+station-no+7$a$2-near+cyber+towers-hitech+city+road-jaihind+enclave-arunodaya+colony-hitech+city-madhapur-hyderabad-telangana-500081-h74ahm@zdata=MTcuNDQ4OTcyKzc4LjM4MzE1NysxNytoNzRhaG0rKw==ed
1412,contai purba medinipur,74000,22,318,$0,1,17,https://www.mappls.com/xdzgtj
1413,chennai iskcon temple,74000,28,170,$0.31,6,27,https://www.mappls.com/4d885s
1414,bangla sahib road delhi,90500,24,244,$0.14,4,31,https://www.mappls.com/place-gurudwara+bangla+sahib-near+connaught+place-ashoka+road-new+delhi-delhi-110001-kk5gbq@zdata=MjguNjI2Mzc1Kzc3LjIwOTA1NysxNytrazVnYnErKw==ed
1415,adani charging station,74000,28,170,$0.19,1,17,https://www.mappls.com/dx0fqg
1416,gurudwara sis ganj delhi,74000,24,244,$0.12,5,37,https://www.mappls.com/52efcf
1417,guindy station,90500,24,177,$0.10,4,26,https://www.mappls.com/place-guindy+railway+station-guindy-chennai-tamil+nadu-600032-42aatb@zdata=MTMuMDA4NDcrODAuMjEyNjAxKzE3KzQyYWF0Yisred
1418,gir junagadh,74000,52,155,$0.06,3,34,https://www.mappls.com/crnqw6
1419,galaxy blue sapphire plaza,60500,16,414,$0.19,9,26,https://www.mappls.com/9lf2z6
1420,electronic sewa,74000,5,4876,$0,1,19,https://www.mappls.com/place-electronic+sewa-block+1-sunder+vihar-paschim+vihar-new+delhi-delhi-110087-rt6yc9@zdata=MjguNjYzNjU3Kzc3LjA5MTY1MisxNytydDZ5YzkrKw==ed
1421,zirakpur bus stand,60500,20,308,$0,3,32,https://www.mappls.com/place-bus+stand-maya+garden+city-804-ambala+chandigarh+expy-zirakpur-punjab-140603-7O2EK0@zdata=MzAuNjI4ODI2Kzc2LjgyNDk0OCsxNys3TzJFSzArK25yed
1422,mindspace airoli east,60500,31,127,$0,5,33,https://www.mappls.com/483ee6
1423,lbs stadium,60500,21,308,$0.07,4,27,https://www.mappls.com/place-lb+indoor+stadium-fateh+maidan-basheer+bagh-hyderabad-telangana-500001-6dt8f1@zdata=MTcuNDAwNjc3Kzc4LjQ3MjgxNSsxNys2ZHQ4ZjErKw==ed
1424,wholesale hdfc bank,60500,9,1191,$0,1,57,https://www.mappls.com/8bi3db
1425,varanasi city station,60500,15,1191,$0.07,4,18,https://www.mappls.com/est8e4
1426,vaishno devi mandir location,60500,46,127,$0.07,1,26,https://www.mappls.com/cd24d2
1427,ntr university vijayawada,60500,8,1548,$0.04,1,18,https://www.mappls.com/4ebcd5
1428,n t r stadium,60500,8,3986,$0.08,4,23,https://www.mappls.com/place-ntr+stadium-opposite+indira+park-lower+tank+bund+road-domalguda-hyderabad-telangana-500080-b4162s@zdata=MTcuNDEyMDgyKzc4LjQ4NjA2MisxNytiNDE2MnMrKw==ed
1429,sa ma,60500,28,139,$0.23,1,22,https://www.mappls.com/place-sama+regency+restaurant+and+bar-saroor+nagar-near+manda+mallamma+function+hall-hanuman+temple+road-karmanghat-d+8-2-64$71-new+maruthi+nagar-saroor+nagar-hyderabad-telangana-500079-G6L33D@zdata=MTcuMzQwODAzKzc4LjUyMTYwNSsxNytHNkwzM0QrK25yed
1430,hotel daspalla hyderabad,60500,23,145,$0.22,9,34,https://www.mappls.com/place-hotel+daspalla+hyderabad-jubilee+hills-road+no+37-jubilee+hills-hyderabad-telangana-500033-NL99B2@zdata=MTcuNDM3MDc0Kzc4LjM5ODUwOSsxNytOTDk5QjIrK25yed
1431,dwarka sector 7,60500,33,127,$0.09,3,32,https://www.mappls.com/ta8mlo
1432,hotel rrr mysore,40500,17,453,$0.19,9,28,https://www.mappls.com/6noxzj
1433,fc road,40500,11,1191,$0,4,32,https://www.mappls.com/w5yzxj
1434,esplanade metro rail station,60500,59,127,$0,1,20,https://www.mappls.com/place-esplanade+metro+station-jawaharlal+nehru+road-kolkata-west+bengal-700013-8jva5r@zdata=MjIuNTY0OTA1Kzg4LjM1MTU0OSsxNys4anZhNXIrKw==ed
1435,thana,60500,21,338,$0,1,50,https://www.mappls.com/4e0w9p
1436,tata power ddl,60500,14,356,$0.16,1,31,https://www.mappls.com/gvy30r
1437,sector 78,60500,39,127,$0.17,6,27,https://www.mappls.com/place-zone+78-sector+78-mohali-punjab-140308-707ZPS@zdata=MzAuNjgxMDM0Kzc2LjcwOTAzMysxNys3MDdaUFMrK25yed
1438,nearby petrol bunk near me,60500,8,2837,$0.01,1,19,https://www.mappls.com/petrol-pump-near-me
1439,sandhurst road station mumbai,60500,22,163,$0.12,2,30,https://www.mappls.com/place-sandhurst+road+railway+station-naoroji+hill+road+number+11e-bit+chawl-dongri-mumbai-maharashtra-400009-8523s4@zdata=MTguOTYwOTY2KzcyLjgzOTM1NysxNys4NTIzczQrKw==ed
1440,railway stations in indore,60500,32,127,$0.07,2,23,https://www.mappls.com/gcvl04
1441,lakeshore mall,4400,15,683,$0.12,2,24,https://www.mappls.com/akxqsx
1442,kisan bhawan chandigarh,49500,18,308,$0.11,4,29,https://www.mappls.com/place-kisan+bhavan-sector+35a-chandigarh-chandigarh-160022-SO3LQO@zdata=MzAuNzMxODcyKzc2Ljc2Mjk1NSsxNytTTzNMUU8rKw==ed
1443,indore city railway station,60500,43,127,$0.12,2,22,https://www.mappls.com/rluf4o
1444,novotel kolkata hotel and residences kolkata,60500,52,127,$0.30,24,27,https://www.mappls.com/ovnmzy
1445,mumbai linking road market,60500,12,683,$0.09,1,38,https://www.mappls.com/3yk72b
1446,mumba devi temple mumbai,60500,18,308,$0.34,3,24,https://www.mappls.com/fc6cf8
1447,madhya pradesh rajya shiksha kendra,74000,9,1191,$0,1,22,https://www.mappls.com/3ggvlt
1448,bus station rishikesh,60500,17,308,$0.03,2,20,https://www.mappls.com/place-bus+stand-rishikesh+uttarkashi+road-kandisaur-tehri+garhwal+district-uttarakhand-241996-JYWINM@zdata=MzAuNTU4NjA5Kzc4LjMyNjM1MSsxNytKWVdJTk0rK25yed
1449,bus stand haridwar,60500,37,127,$0.16,3,32,https://www.mappls.com/place-dehradun+haridwar+bus+stand-roadways-railway+road-adrash+nagar-subhash+nagar-saharanpur-uttar+pradesh-247001-JMSJ0D@zdata=MjkuOTYyNTA3Kzc3LjU0MjI0OCsxNytKTVNKMEQrK25yed
1450,bus station rishikesh,60500,17,308,$0.03,2,20,https://www.mappls.com/place-bus+stand-rishikesh+uttarkashi+road-kandisaur-tehri+garhwal+district-uttarakhand-241996-JYWINM@zdata=MzAuNTU4NjA5Kzc4LjMyNjM1MSsxNytKWVdJTk0rK25yed
1451,bus stand haridwar,60500,37,127,$0.16,3,32,https://www.mappls.com/place-dehradun+haridwar+bus+stand-roadways-railway+road-adrash+nagar-subhash+nagar-saharanpur-uttar+pradesh-247001-JMSJ0D@zdata=MjkuOTYyNTA3Kzc3LjU0MjI0OCsxNytKTVNKMEQrK25yed
1452,apj abdul kalam technical university lucknow,60500,25,139,$0.96,3,27,https://www.mappls.com/7pwy98
1453,amritsar kesar da dhaba,60500,27,139,$0.07,1,28,https://www.mappls.com/7atb8a
1454,toit pub in indiranagar,74000,20,260,$0.24,1,35,https://www.mappls.com/place-toit+indiranagar-indiranagar-no+298-100+feet+road-2nd+stage-indiranagar-bengaluru-karnataka-560038-YW463X@zdata=MTIuOTc5MzUyKzc3LjY0MDU3NysxNytZVzQ2M1grK25yed
1455,tata power in delhi,60500,35,127,$0.17,1,51,https://www.mappls.com/gvy30r
1456,vr nagpur,60500,14,550,$0.01,5,38,https://www.mappls.com/place-vr+mall-667-rambagh+layout-rambagh-nagpur-maharashtra-440003-kyf0hp@zdata=MjEuMTMzMDE4Kzc5LjA5NjM5NisxNytreWYwaHArKw==ed
1457,vinayaka nagar,49500,19,308,$0.24,9,35,"https://www.mappls.com/direction-from--to-hyderabad+vinayak+nagar+main+road,+vinayaka+nagar,+hayatnagar,+hyderabad,+telangana,+501505+hyderabad?@zdata=ZnJvbSsrdG8rNzguNTk5MDcyLDE3LjMzMTA3MyxTUVRBQ1Urdmlh"
1458,swaminarayan gurukul,60500,31,127,$1.05,5,38,https://www.mappls.com/fl8odc
1459,linking road mumbai market,60500,12,1191,$0.09,1,21,https://www.mappls.com/3yk72b
1460,linking market mumbai,60500,15,550,$0.04,1,23,https://www.mappls.com/3yk72b
1461,rajendranagar terminal,60500,42,127,$0.07,3,21,https://www.mappls.com/place-rajendra+nagar+terminal+railway+station+parking-rajendra+nagar+terminal+railway+station-patna-bihar-800016-8ISVGE@zdata=MjUuNjAyNTE4Kzg1LjE2MTkyNCsxNys4SVNWR0UrK25yed
1462,pimpri market,49500,12,1548,$0,4,34,https://www.mappls.com/place-pimpri+main+market+shastri+nagar-pimpri-pimpri+chinchwad-maharashtra-411017+pimpri+chinchwad-S25SS4@RRzdata=MTguNjIzNjA2MDAwMDAwMSs3My44MDEwMzgwMDAwMDAxKzE3K1MyNVNTNA==ed
1463,people's mall bhopal madhya pradesh,60500,50,127,$0.08,4,21,https://www.mappls.com/place-mukta+a2+cinemas-bhopal-1st+floor-peoples+mall-peoples+campus-bhanpur-bhopal-madhya+pradesh-462037-TXOWK2@zdata=MjMuMzA0NDM3Kzc3LjQyMjA4MisxNytUWE9XSzIrK25yed
1464,delhi traffic police,60500,23,139,$0.08,1,26,https://www.mappls.com/lkiqy7
1465,bharat map,60500,26,133,$0.47,80,61,https://www.mappls.com/
1466,chennai beach station,33100,25,139,$0,10,26,https://www.mappls.com/place-chennai+beach+railway+station-rajaji+road-george+town-chennai-tamil+nadu-600001-1658AA@zdata=MTMuMDkzNjg0KzgwLjI5MjQyNCsxNysxNjU4QUErK25yed
1467,charni road,49500,66,127,$0,10,36,https://www.mappls.com/place-charni+road+railway+station+west-charni+road-jogilala+poddar+lane-girgaon-mumbai-maharashtra-400002-NNBJD8@zdata=MTguOTUxNTUzKzcyLjgxODYyNSsxNytOTkJKRDgrK25yed
1468,killa pardi,49500,41,127,$0,1,33,https://www.mappls.com/place-killa+pardi+police+station-kaharwad-pardi-gujarat-396125-3GKNGT@zdata=MjAuNTA3NzMxKzcyLjk0NjU2MysxNyszR0tOR1QrK25yed
1469,kalina mumbai university,60500,31,127,$0.65,5,29,https://www.mappls.com/place-university+of+mumbai-kalina-mg+road-fort-vidyanagari-santacruz+east-mumbai-maharashtra-400098-E4WFDA@zdata=MTkuMDczMTU5KzcyLjg1ODYzMysxNytFNFdGREErK25yed
1470,kalighat metro station,49500,8,1548,$0,10,31,https://www.mappls.com/8d64eb
1471,indore station,60500,33,127,$0.10,2,19,https://www.mappls.com/rluf4o
1472,hyatt centric janakpuri new delhi,49500,28,127,$1.07,17,25,https://www.mappls.com/place-hyatt+centric+janakpuri+new+delhi-janakpuri+district+centre+complex-new+delhi-delhi-110058-8c6563@zdata=MjguNjI4NzcrNzcuMDc4NTMrMTcrOGM2NTYzKys=ed
1473,ginger hotel wakad,60500,11,907,$0.44,12,35,https://www.mappls.com/f3bdd4
1474,shri ganesh mandir,74000,22,356,$0.11,2,23,https://www.mappls.com/ponh25
1475,serampore hooghly,60500,63,127,$0,2,37,https://www.mappls.com/place-serampore+police+station-post+&+ps+serampore-serampore-west+bengal-712201-abbsch@zdata=MjIuNzU0NjYrODguMzQyNzgrMTcrYWJic2NoKys=ed
1476,salem selvi mess,60500,32,127,$0.04,2,22,https://www.mappls.com/2xj53c
1477,saibaba colony coimbatore,60500,27,145,$0.13,7,19,https://www.mappls.com/c41s1f
1478,rishikesh bus station,49500,17,338,$0,3,28,https://www.mappls.com/place-tourist+information-roadways+bus+stand-isbt-rishikesh-uttarakhand-249201-DYFIRQ@zdata=MzAuMTEzMDI4Kzc4LjI5NDk4NSsxNytEWUZJUlErKw==ed
1479,ram mandir road,60500,18,356,$0.08,2,20,https://www.mappls.com/gcix9g
1480,wagle estate,60500,44,127,$0.51,6,38,https://www.mappls.com/place-wagle+estate+social-wagle+estate+midc-thane+west-thane-maharashtra-400604-tz4cq3@zdata=MTkuMTg4NTUrNzIuOTU1MDUzKzE3K3R6NGNxMysred
1481,vashi plaza vashi,60500,5,3986,$0.07,6,25,https://www.mappls.com/31a3t2
1482,vaishali metro station car & bike parking,60500,5,3986,$0.12,7,15,"https://www.mappls.com/place-parking-near-gda+multilevel+parking,+sector+4,+vaishali,+ghaziabad,+uttar+pradesh,+201010??@zdata=MjguNjUwNDExKzc3LjM0MTE0NisxNysrcGFya2luZytlbA==ed"
1483,kanyakumari beach,60500,39,127,$0.12,1,37,https://www.mappls.com/place-kanyakumari+beach-beach+road-kanniyakumari-tamil+nadu-629702-cead66@zdata=OC4wNzc5MjgrNzcuNTUwMzMrMTcrY2VhZDY2Kys=ed
1484,kanpur govind nagar,60500,22,260,$0,3,32,https://www.mappls.com/place-govind+nagar+metro+station-govind+nagar-kanpur-uttar+pradesh-208006-PSRHKL@zdata=MjYuNDUxNDE3KzgwLjI5NDgyNisxNytQU1JIS0wrK25yed
1485,hyatt regency chennai,60500,23,163,$6.55,27,40,https://www.mappls.com/place-hyatt+regency+chennai-365-anna+salai-teynampet-chennai-tamil+nadu-600018-du2xrr@zdata=MTMuMDQyNzk3KzgwLjI0ODQ4OSsxNytkdTJ4cnIrKw==ed
1486,hosur railway station,49500,22,260,$0,10,31,https://www.mappls.com/place-hosur+railway+station-dinnur-hosur-tamil+nadu-635109-4e1d52@zdata=MTIuNzE4MzE1Kzc3LjgyMzAwNisxNys0ZTFkNTIrKw==ed
1487,pant nagar,60500,39,127,$0,5,38,https://www.mappls.com/cftic4
1488,ntr university of health science,60500,29,127,$0.45,1,20,https://www.mappls.com/4ebcd5
1489,noida sector 93,60500,46,127,$0.20,5,20,"https://www.mappls.com/direction-from--to-noida+village+,++gejha,+sec+,++93,+gejha,+sector+137,+noida,+uttar+pradesh,+201304+noida,+8k70pc?@zdata=ZnJvbSsrdG8rNzcuMzgzNTA2LDI4LjUyNTEzNSw4azcwcGM7NzcuMzgzNjM3LDI4LjUyNTExNCw4azcwcGMrdmlh"
1490,nehru science centre location,60500,9,2044,$0.06,3,37,https://www.mappls.com/btdnon
1491,municipal corporation surat,40500,21,260,$0,1,33,https://www.mappls.com/ka290h
1492,metropolitan in kolkata,60500,59,127,$0.01,1,20,https://www.mappls.com/2rawyf
1493,lakshmi road pune,60500,20,356,$0,4,33,https://www.mappls.com/place-laxmi+road+market-laxmi+road-pune-maharashtra-411030-u6kijw@zdata=MTguNTE0MTkxKzczLjg0OTA4MisxNyt1NmtpancrKw==ed
1494,pune bus stop,60500,30,127,$0.07,2,40,https://www.mappls.com/place-pune+station+bus+stand-hh+prince+aga+khan+road-agarkar+nagar-pune+cantt+township-pune-maharashtra-411001-3D6538@zdata=MTguNTI4MDQrNzMuODcyMjg1KzE3KzNENjUzOCsrbnI=ed
1495,dadar west,49500,75,127,$0.16,9,35,https://www.mappls.com/place-dadar+railway+station+west-senapati+bapat+marg-near+kabutar+khana-chhabildas+road-tilak+nagar-dadar+west-mumbai-maharashtra-400028-1dtdct@zdata=MTkuMDE4Nzk0KzcyLjg0MjUyMSsxNysxZHRkY3QrKw==ed
1496,hdfc bank ltd wholesale,60500,48,127,$1.10,1,57,https://www.mappls.com/hspk1q
1497,govardhan cinema,60500,18,308,$0.12,8,23,https://www.mappls.com/place-govardhan+theater+bus+stop-mumbai+bengaluru+highway-apmc+yard-yeshwanthpur-bengaluru-karnataka-560022-NR7WNO@zdata=MTMuMDIxMjI1Kzc3LjU1MTkrMTcrTlI3V05PKytucg==ed
1498,embassy manyata business park,49500,21,260,$0.58,15,24,https://www.mappls.com/35s4b5
1499,bus stand jammu,60500,7,5886,$0.14,2,32,https://www.mappls.com/tt176c
1500,11th zone,60500,22,145,$0,1,32,https://www.mappls.com/fyrzia
1501,yashodhara hospital secunderabad,60500,19,260,$0.44,8,18,https://www.mappls.com/2jskko
1502,ntr health university vijayawada,60500,15,356,$0.45,1,19,https://www.mappls.com/4ebcd5
1503,sandhurst road railway station mumbai,60500,17,453,$0.11,2,22,https://www.mappls.com/place-sandhurst+road+railway+station-naoroji+hill+road+number+11e-bit+chawl-dongri-mumbai-maharashtra-400009-8523s4@zdata=MTguOTYwOTY2KzcyLjgzOTM1NysxNys4NTIzczQrKw==ed
1504,ram lohia hospital,60500,28,127,$0.10,3,38,https://www.mappls.com/place-ram+manohar+lohia+hospital-shri+hanuman+marg-railway+colony-mandawali-new+delhi-delhi-110092-G4681B@zdata=MjguNjMyMTM4Kzc3LjI5NDg1NSsxNytHNDY4MUIrKw==ed
1505,pune okayama friendship garden,49500,30,133,$0,6,21,https://www.mappls.com/bnd3wu
1506,medanta hospital patna,49500,24,199,$0.42,6,29,https://www.mappls.com/ep3vfl
1507,lower parel railway station,49500,10,907,$0,12,23,https://www.mappls.com/place-lower+parel+railway+station+west-lower+parel-mumbai-maharashtra-400013-DE4TSF@zdata=MTguOTk3MjM0KzcyLjgzMDc4NSsxNytERTRUU0YrK25yed
1508,lokmanya nagar,49500,12,907,$0.18,6,34,"https://www.mappls.com/direction-from--to-thane+lokmanya+nagar,+thane+west,+thane,+maharashtra,+400606+thane?@zdata=ZnJvbSsrdG8rNzIuOTUwODkxLDE5LjIwOTkwMiwzODkwRFordmlh"
1509,linking road market mumbai,49500,12,683,$1.74,1,34,https://www.mappls.com/3yk72b
1510,kolkata deshapriya park,60500,19,356,$0.07,4,19,https://www.mappls.com/place-deshapriya+park+bus+stop-rash+behari+avenue-manoharpukur-kalighat-kolkata-west+bengal-700026-27J4OV@zdata=MjIuNTE3NjAzKzg4LjM1MjgzMSsxNysyN0o0T1YrK25yed
1511,killa pardi gujarat,60500,23,260,$0.04,1,17,https://www.mappls.com/place-killa+pardi+police+station-kaharwad-pardi-gujarat-396125-3GKNGT@zdata=MjAuNTA3NzMxKzcyLjk0NjU2MysxNyszR0tOR1QrK25yed
1512,kaila devi temple rajasthan,60500,23,260,$0.09,1,23,https://www.mappls.com/place-kaila+devi+temple-md+3-karauli-karauli+district-rajasthan-322243-AS1B87@zdata=MjYuMzM1MzQyKzc2Ljg5MzYwOCsxNytBUzFCODcrKw==ed
1513,haridwar bus stand,60500,10,1191,$0.04,1,32,https://www.mappls.com/place-haridwar+roadways+bus+stand-rishikul-devpura-haridwar-uttarakhand-249401-LP1BIL@zdata=MjkuOTM4MDc0Kzc4LjE0MzU0NysxNytMUDFCSUwrK25yed
1514,gola road patna,60500,63,127,$0.09,4,33,"https://www.mappls.com/direction-from--to-gola+road+bus+stop,+danapur+road,+machava+toli,+danapur,+patna,+bihar,+801503?@zdata=ZnJvbSsrdG8rODUuMDU0NjM0LDI1LjYzOTM1OSxPTVFGTjUrdmlh"
1515,fire station,60500,76,127,$0.10,1,39,https://www.mappls.com/f87c16
1516,dr ntr university vijayawada,60500,15,356,$0.04,1,20,https://www.mappls.com/4ebcd5
1517,56 dukan street,60500,18,453,$0.03,8,34,https://www.mappls.com/13254c
1518,mumba devi mandir location,60500,13,1191,$0.02,7,32,https://www.mappls.com/fc6cf8
1519,umaid bhawan palace in jodhpur rajasthan,60500,34,127,$0.34,37,43,https://www.mappls.com/place-umaid+bhawan+palace-near+circuit+house+road-jodhpur-rajasthan-342006-4df2e8@zdata=MjYuMjgwODg5KzczLjA0NzMwOCsxNys0ZGYyZTgrKw==ed
1520,l b stadium,49500,31,127,$0.09,4,24,https://www.mappls.com/place-lb+indoor+stadium-fateh+maidan-basheer+bagh-hyderabad-telangana-500001-6dt8f1@zdata=MTcuNDAwNjc3Kzc4LjQ3MjgxNSsxNys2ZHQ4ZjErKw==ed
1521,railway station indore,74000,34,127,$0.09,4,37,https://www.mappls.com/rluf4o
1522,sainik farm new delhi,60500,31,127,$0.15,5,19,https://www.mappls.com/a7w6me
1523,dwarka sector 7 delhi,60500,60,127,$0.23,9,26,https://www.mappls.com/ta8mlo
1524,hotel westin mumbai goregaon,60500,29,127,$0.72,15,40,https://www.mappls.com/232a62
1525,wine shop nearest,60500,6,9801,$0,1,19,https://www.mappls.com/place-english+wine+shop-station+road-nahar+para-raipur-chhattisgarh-492009-s71773@zdata=MjEuMjU2MTk3KzgxLjYzMDk2KzE3K3M3MTc3Mysred
1526,novotel kolkata,60500,60,127,$0.35,32,46,https://www.mappls.com/ovnmzy
1527,noida sector 93a,60500,21,308,$0.11,5,19,https://www.mappls.com/2dfc11
1528,muzaffarpur railway station,49500,43,127,$0,1,28,https://www.mappls.com/place-muzaffarpur+junction+railway+station-imali+chhatti-muzaffarpur-bihar-842001-d8856a@zdata=MjYuMTIyMzYrODUuMzc4MzY0KzE3K2Q4ODU2YSsred
1529,railway station in amritsar,60500,35,127,$0.18,3,32,https://www.mappls.com/place-amritsar+railway+station-goal+bagh-amritsar-punjab-143001-57862S@zdata=MzEuNjMzMjc3Kzc0Ljg2NzA3OSsxNys1Nzg2MlMrK25yed
1530,people mall,60500,20,260,$0,6,38,https://www.mappls.com/place-bhopal+peoples+multiplex+mall-peoples+campus-bhanpura-bhopal-madhya+pradesh-462037+bhopal-2DAF58@zdata=MjMuMzA0MTg3Kzc3LjQyMTc3NSsxNysyREFGNTg=ed
1531,gandhi market,60500,11,1548,$0.03,1,20,https://www.mappls.com/place-gandhi+market-main+road-sadar+bazaar-new+delhi-delhi-110006-3ft636@zdata=MjguNjU4MTUyKzc3LjIxNDI4KzE3KzNmdDYzNisred
1532,indira gandhi hospital,49500,28,133,$0,7,30,https://www.mappls.com/zxtz64
1533,link road market mumbai,60500,11,683,$0.04,1,23,https://www.mappls.com/3yk72b
1534,d cinemas,49500,29,127,$0,1,32,https://www.mappls.com/izupr2
1535,fountain hotel,49500,17,550,$0.29,4,34,https://www.mappls.com/place-fountain+hotel-babulnath+road-chowpatty-mumbai-maharashtra-400007-E1EETD@zdata=MTguOTU3Mzc0KzcyLjgwODkrMTcrRTFFRVREKys=ed
1536,financial district,60500,31,127,$0.15,1,36,"https://www.mappls.com/direction-from--to-hyderabad+financial+district,+nanakramguda,+gachibowli,+hyderabad,+telangana,+500032+hyderabad?@zdata=ZnJvbSsrdG8rNzguMzQzNTkxLDE3LjQxOTYxMyxDQzU4OUYrdmlh"
1537,sector 144,60500,22,308,$0.11,4,22,https://www.mappls.com/place-sector+144+metro+station-sector+144-noida-uttar+pradesh-201306-gor43d@zdata=MjguNDg2NDQzKzc3LjQzMysxNytnb3I0M2QrKw==ed
1538,palakkad junction railway station,8100,40,127,$0,4,9,https://www.mappls.com/place-palakkad+junction+railway+station-railway+station+road-olavakode-palakkad-kerala-678002-t44ea4@zdata=MTAuNzk5Mjk3Kzc2LjYzNzU4MisxNyt0NDRlYTQrKw==ed
1539,new delhi metro gate no 4,60500,47,127,$0.10,4,27,"https://www.mappls.com/direction-from--to-barshala,+4,+opposite+new+delhi+railway+station,+new+delhi+airport+express+metro+mall,+ajmeri+gate,+new+delhi,+delhi,+110002?@zdata=ZnJvbSsrdG8rNzcuMjIzNzM3LDI4LjY0MjgyMixTVlpPR1Yrdmlh"
1540,nehru science museum mumbai,60500,28,139,$0.05,3,33,https://www.mappls.com/btdnon
1541,nehru science center in mumbai,60500,20,260,$0.06,3,38,https://www.mappls.com/btdnon
1542,ration store,60500,53,127,$0.13,1,18,https://www.mappls.com/4y1iu4
1543,rajendra nagar delhi,60500,47,127,$0,10,35,https://www.mappls.com/place-old+rajendra+nagar+market-old+rajinder+nagar-rajinder+nagar-new+delhi-delhi-110060-hl28fn@zdata=MjguNjQxMzI5Kzc3LjE4NTQ5NSsxNytobDI4Zm4rKw==ed
1544,peoples mall bhopal,60500,15,453,$0,6,33,https://www.mappls.com/place-bhopal+peoples+multiplex+mall-peoples+campus-bhanpura-bhopal-madhya+pradesh-462037+bhopal-2DAF58@zdata=MjMuMzA0MTg3Kzc3LjQyMTc3NSsxNysyREFGNTg=ed
1545,one world center,60500,46,127,$0.13,5,12,https://www.mappls.com/place-the+quorum-mumbai-one+world+center-lower+parel-mumbai-maharashtra-400013-X3T70N@zdata=MTkuMDA2ODQxKzcyLjgzMjgxMisxNytYM1Q3ME4rK25yed
1546,velachery luxe,60500,7,2044,$0.05,2,20,https://www.mappls.com/2eyinh
1547,t nagar ags cinemas,60500,10,683,$0.15,5,21,https://www.mappls.com/place-ags+cinemas-no+24$1-gn+chetty+road-t+nagar-opposite+bharathiraja+hospital-chennai-tamil+nadu-600017-1a7r9c@zdata=MTMuMDQ3MzIrODAuMjQ0OTM0KzE3KzFhN3I5Yysred
1548,mahurgad,60500,43,127,$0,1,49,https://www.mappls.com/place-renuka+mata+mandir-shrikshetra-mahuragad-mahur-mahoor-nanded+district-maharashtra-431721-CTCFVF@zdata=MTkuODMyNjQzKzc3LjkyMzI3NysxNytDVENGVkYrKw==ed
1549,kolkata novotel hotel,60500,46,127,$0.30,24,27,https://www.mappls.com/ovnmzy
1550,knowledge centre of pnb,60500,40,127,$0,1,32,https://www.mappls.com/htzseo
1551,amala hospital thrissur,60500,30,127,$0,2,32,https://www.mappls.com/st8cbc
1552,a c market,60500,10,683,$0.03,1,26,https://www.mappls.com/5cd153
1553,hinduja finance,40500,12,1191,$0.47,1,30,https://www.mappls.com/8jduab
1554,gondia junction,60500,25,139,$0,1,36,https://www.mappls.com/place-gondia+junction+railway+station-deshbandhu+ward-gondia-maharashtra-441614-S744FF@zdata=MjEuNDYyMzY1KzgwLjE5MDE1MSsxNytTNzQ0RkYrK25yed
1555,tumkur ksrtc bus stand,49500,25,139,$0,5,21,https://www.mappls.com/b9nqpn
1556,the park raj bhavan road hyderabad,60500,27,127,$0.43,28,37,https://www.mappls.com/place-the+park+hyderabad-22-raj+bhawan+road-somajiguda-hyderabad-telangana-500082-ulwnqn@zdata=MTcuNDIzNDY2Kzc4LjQ2MjIzOCsxNyt1bHducW4rKw==ed
1557,thane wagle estate,60500,51,127,$0.30,5,33,"https://www.mappls.com/direction-from--to-industry,+wagle+estate+midc,+thane+west,+thane,+maharashtra,+400604?@zdata=ZnJvbSsrdG8rNzIuOTQyODE5LDE5LjIwMDIyMiw0SEQ0VFgrdmlh"
1558,signature tower,60500,27,163,$0.62,5,38,https://www.mappls.com/7cy53x
1559,siddhivinayak temple mumbai,60500,30,139,$0.31,4,33,https://www.mappls.com/place-shree+siddhivinayak+mandir+prabhadevi-sk+bole+marg-prabhadevi-mumbai-maharashtra-400028-8W93DZ@zdata=MTkuMDE2OTY0KzcyLjgzMDM1MSsxNys4VzkzRForKw==ed
1560,sector 53 noida,60500,37,127,$0.13,5,19,https://www.mappls.com/place-sector+53+market-kanchanjunga+apartment-sector+53-noida-uttar+pradesh-201307-gnx0e4@zdata=MjguNTk1NzIxKzc3LjM2MjM2KzE3K2dueDBlNCsred
1561,sasaram junction,49500,25,145,$0,1,32,https://www.mappls.com/place-sasaram+junction+railway+station-station+road-dilia-sasaram-bihar-821115-C2D5SS@zdata=MjQuOTU2MjQ0Kzg0LjAxODY2OCsxNytDMkQ1U1MrK25yed
1562,pardi valsad,49500,51,127,$0.06,1,18,https://www.mappls.com/place-pariya-paria+ta+pardi+valsad-pardi-valsad+district-gujarat-396145-M1QX0H@zdata=MjAuNDAxMis3Mi45NzIxKzE3K00xUVgwSCsrbnI=ed
1563,ntr health,60500,29,127,$0,1,33,https://www.mappls.com/4ebcd5
1564,nehru science centre in mumbai,60500,19,308,$0.08,3,38,https://www.mappls.com/btdnon
1565,navalur ags,60500,28,127,$0.15,4,38,https://www.mappls.com/place-ags+navalur+bus+stop-navalur-chennai-tamil+nadu-600130-WF9ZA6@zdata=MTIuODUwMDA1KzgwLjIyNjc3NysxNytXRjlaQTYrK25yed
1566,muzaffarpur station,49500,36,127,$0,1,33,https://www.mappls.com/place-muzaffarpur+junction+railway+station-imali+chhatti-muzaffarpur-bihar-842001-d8856a@zdata=MjYuMTIyMzYrODUuMzc4MzY0KzE3K2Q4ODU2YSsred
1567,medanta super speciality hospital lucknow,60500,15,356,$0.19,6,22,https://www.mappls.com/57ppe2
1568,rajiv gandhi university of health sciences,60500,36,127,$0.70,3,24,https://www.mappls.com/n2dfx4
1569,pump near me,49500,33,127,$0.35,1,28,https://www.mappls.com/search-near-Petrol%20Pump@zdata=NzkuMjUxMTU3LDI4LjIxNTE1MQ==
1570,panipat station,40500,37,127,$0,3,31,https://www.mappls.com/place-panipat+junction+railway+station-railway+road-geeta+colony-panipat-haryana-132103-6tt3c6@zdata=MjkuMzkwNTAxKzc2Ljk2NDMxMSsxNys2dHQzYzYrKw==ed
1571,freedom park,60500,35,127,$0,6,38,https://www.mappls.com/place-freedom+park-seshadri+road-gandhi+nagar-bengaluru-karnataka-560001-6b46bd@zdata=MTIuOTc4NDM5Kzc3LjU4Mjg1NisxNys2YjQ2YmQrKw==ed
1572,erode junction,60500,42,127,$0.16,2,32,https://www.mappls.com/place-erode+junction+railway+station-railway+colony-erode-tamil+nadu-638002-44f457@zdata=MTEuMzI4Njc4Kzc3LjcyNTc3OSsxNys0NGY0NTcrKw==ed
1573,international cricket stadium lucknow,60500,54,127,$0.06,1,27,https://www.mappls.com/e3bfwd
1574,gurgaon bus stand,74000,40,127,$0.09,5,37,https://www.mappls.com/place-gurugram+bus+stand-old+najafgarh+road-gopal+nagar-sector+12a-gurugram-haryana-122001-bdbo9g@zdata=MjguNDY0NjUyKzc3LjAzMzIyMisxNytiZGJvOWcrKw==ed
1575,maharashtra tuljapur,49500,35,127,$0.05,1,36,https://www.mappls.com/e55j3f
1576,latur maharashtra india,60500,21,260,$0.12,1,23,"https://www.mappls.com/direction-from--to-latur+india+nagar,+latur,+maharashtra,+413531+latur?@zdata=ZnJvbSsrdG8rNzYuNTY0ODQzLDE4LjQwOTEzNixBWDNMNFIrdmlh"
1577,bhatkal town,49500,30,145,$0.12,1,20,https://www.mappls.com/place-bhatkal+town+police+station-police+station+road-bhatkal-karnataka-581320-464jc8@zdata=MTMuOTkwMTU3Kzc0LjU1MTgzKzE3KzQ2NGpjOCsred
1578,shyamal cross road,49500,29,127,$0,14,32,https://www.mappls.com/iyyorq
1579,sector 128 noida,60500,50,127,$0.23,5,18,https://www.mappls.com/vf4ryv
1580,rickshaw stand,40500,10,2837,$0.14,2,25,https://www.mappls.com/place-share+rickshaw+auto+stand-midc+industrial+area-airoli-navi+mumbai-maharashtra-400701-7XDE8C@zdata=MTkuMTU5MzM0KzcyLjk5OTczOSsxNys3WERFOEMrK25yed
1581,rajasthan umaid bhawan palace,60500,42,127,$0.21,37,46,https://www.mappls.com/place-umaid+bhawan+palace-near+circuit+house+road-jodhpur-rajasthan-342006-4df2e8@zdata=MjYuMjgwODg5KzczLjA0NzMwOCsxNys0ZGYyZTgrKw==ed
1582,thane r mall,60500,20,260,$0.18,6,20,https://www.mappls.com/cobcv8
1583,kotha kota,60500,11,2837,$0.03,1,38,https://www.mappls.com/place-kotha+kota-kothakota+main+road-kothakota-wanaparthy+district-telangana-509381-YY06Y0@zdata=MTYuMzg2Mzg4Kzc3Ljk0MTM3MysxNytZWTA2WTArK25yed
1584,jayanagar shopping complex,49500,14,1548,$0.06,9,30,https://www.mappls.com/place-jayanagar+shopping+complex-4th+block-jayanagar-bengaluru-karnataka-560011-a3b74b@zdata=MTIuOTI5MjUyKzc3LjU4NDM4KzE3K2EzYjc0Yisred
1585,indore railway stations,60500,41,127,$0.08,3,23,https://www.mappls.com/gcvl04
1586,patiala new bus stand,49500,11,2044,$0,3,20,https://www.mappls.com/place-new+patiala+bus+stand-virk+colony-patiala-punjab-147002-wueh8i@zdata=MzAuMzQyNjQ5Kzc2LjQzMzU5OCsxNyt3dWVoOGkrKw==ed
1587,nehru science center,60500,24,163,$0.08,3,33,https://www.mappls.com/btdnon
1588,mumbai dadar west,60500,61,127,$0.18,4,19,https://www.mappls.com/place-dadar+railway+station+west-senapati+bapat+marg-near+kabutar+khana-chhabildas+road-tilak+nagar-dadar+west-mumbai-maharashtra-400028-1dtdct@zdata=MTkuMDE4Nzk0KzcyLjg0MjUyMSsxNysxZHRkY3QrKw==ed
1589,medanta patna,49500,24,199,$0.42,6,34,https://www.mappls.com/ep3vfl
1590,coimbatore gem hospital,60500,17,338,$0.65,7,16,https://www.mappls.com/place-gem+hospital-45-50+feet+road-pankaja+mill+road-near+pankaja+mill+ramanathapuram-vasanth+colony-coimbatore-tamil+nadu-641045-658BBF@zdata=MTAuOTk5NzAxKzc2Ljk5NTQwNSsxNys2NThCQkYrK25yed
1591,gopalan grand mall bangalore,60500,20,199,$0.19,5,25,https://www.mappls.com/q6ku9f
1592,basmath maharashtra,60500,27,139,$0.04,1,16,https://www.mappls.com/18to9d
1593,baramati bus stand,49500,19,308,$0,1,28,https://www.mappls.com/place-baramati+bus+stand-baramati-maharashtra-413102-4OKN2W@zdata=MTguMTQ2MDM2Kzc0LjU3NTU1MisxNys0T0tOMlcrK25yed
1594,aiims metro gate no 1,60500,14,550,$0.15,3,22,https://www.mappls.com/2g47ob
1595,zirakpur bus stand,60500,20,308,$0,3,32,https://www.mappls.com/place-bus+stand-maya+garden+city-804-ambala+chandigarh+expy-zirakpur-punjab-140603-7O2EK0@zdata=MzAuNjI4ODI2Kzc2LjgyNDk0OCsxNys3TzJFSzArK25yed
1596,mindspace airoli east,60500,31,127,$0,5,33,https://www.mappls.com/483ee6
1597,lbs stadium,60500,21,308,$0.07,4,27,https://www.mappls.com/place-lb+indoor+stadium-fateh+maidan-basheer+bagh-hyderabad-telangana-500001-6dt8f1@zdata=MTcuNDAwNjc3Kzc4LjQ3MjgxNSsxNys2ZHQ4ZjErKw==ed
1598,wholesale hdfc bank,60500,9,1191,$0,1,57,https://www.mappls.com/8bi3db
1599,varanasi city station,60500,15,1191,$0.07,4,18,https://www.mappls.com/est8e4
1600,vaishno devi mandir location,60500,46,127,$0.07,1,26,https://www.mappls.com/cd24d2
1601,hotel rrr mysore,40500,17,453,$0.19,9,28,https://www.mappls.com/6noxzj
1602,fc road,40500,11,1191,$0,4,32,https://www.mappls.com/w5yzxj
1603,esplanade metro rail station,60500,59,127,$0,1,20,https://www.mappls.com/place-esplanade+metro+station-jawaharlal+nehru+road-kolkata-west+bengal-700013-8jva5r@zdata=MjIuNTY0OTA1Kzg4LjM1MTU0OSsxNys4anZhNXIrKw==ed
1604,ntr university vijayawada,60500,8,1548,$0.04,1,18,https://www.mappls.com/4ebcd5
1605,n t r stadium,60500,8,3986,$0.08,4,23,https://www.mappls.com/place-ntr+stadium-opposite+indira+park-lower+tank+bund+road-domalguda-hyderabad-telangana-500080-b4162s@zdata=MTcuNDEyMDgyKzc4LjQ4NjA2MisxNytiNDE2MnMrKw==ed
1606,sa ma,60500,28,139,$0.23,1,22,https://www.mappls.com/place-sama+regency+restaurant+and+bar-saroor+nagar-near+manda+mallamma+function+hall-hanuman+temple+road-karmanghat-d+8-2-64$71-new+maruthi+nagar-saroor+nagar-hyderabad-telangana-500079-G6L33D@zdata=MTcuMzQwODAzKzc4LjUyMTYwNSsxNytHNkwzM0QrK25yed
1607,hotel daspalla hyderabad,60500,23,145,$0.22,9,34,https://www.mappls.com/place-hotel+daspalla+hyderabad-jubilee+hills-road+no+37-jubilee+hills-hyderabad-telangana-500033-NL99B2@zdata=MTcuNDM3MDc0Kzc4LjM5ODUwOSsxNytOTDk5QjIrK25yed
1608,dwarka sector 7,60500,33,127,$0.09,3,32,https://www.mappls.com/ta8mlo
1609,thana,60500,21,338,$0,1,50,https://www.mappls.com/4e0w9p
1610,tata power ddl,60500,14,356,$0.16,1,31,https://www.mappls.com/gvy30r
1611,sector 78,60500,39,127,$0.17,6,27,https://www.mappls.com/place-zone+78-sector+78-mohali-punjab-140308-707ZPS@zdata=MzAuNjgxMDM0Kzc2LjcwOTAzMysxNys3MDdaUFMrK25yed
1612,thrissur amala hospital,49500,33,127,$0,1,28,https://www.mappls.com/st8cbc
1613,swaminarayan hindu temple,60500,55,127,$1.17,1,32,https://www.mappls.com/kjgg18
1614,sobha city mall,60500,11,907,$0,4,33,https://www.mappls.com/ewq4qi
1615,sita pura,60500,51,127,$0.05,6,20,https://www.mappls.com/icipuc
1616,sindhi colony hyderabad,49500,64,127,$0,4,29,https://www.mappls.com/place-sindhu+bhawan-1-8-303$a-sindhi+colony-prenderghast+road-secunderabad-telangana-500003-xcyzcf@zdata=MTcuNDQxMTcxKzc4LjQ3OTg1MSsxNyt4Y3l6Y2YrKw==ed
1617,range,60500,43,127,$0.17,1,49,https://www.mappls.com/place-range-ap+road-grant+road-mumbai+east-mumbai-maharashtra-400007-2XDC4C@zdata=MTguOTY0MjYyKzcyLjgxOTE3MysxNysyWERDNEMrK25yed
1618,railway station amritsar,49500,28,133,$0.30,7,20,https://www.mappls.com/place-amritsar+railway+station-goal+bagh-amritsar-punjab-143001-57862S@zdata=MzEuNjMzMjc3Kzc0Ljg2NzA3OSsxNys1Nzg2MlMrK25yed
1619,radisson blu delhi airport,22200,23,163,$0.31,38,23,https://www.mappls.com/9zcn97
1620,hdfc wholesale,60500,11,683,$0,1,36,https://www.mappls.com/8bi3db
1621,govardhan cinemas,60500,8,1548,$0.14,6,21,https://www.mappls.com/place-govardhan+theater+bus+stop-mumbai+bengaluru+highway-apmc+yard-yeshwanthpur-bengaluru-karnataka-560022-NR7WNO@zdata=MTMuMDIxMjI1Kzc3LjU1MTkrMTcrTlI3V05PKytucg==ed
1622,gopal nagar,60500,23,199,$0,3,37,https://www.mappls.com/place-gopal+nagar+railway+station-bongaon-north+twenty+four+parganas+district-west+bengal-743701-b1sasf@zdata=MjMuMDYyNTUyKzg4Ljc0NTc0MisxNytiMXNhc2YrKw==ed
1623,gole market,60500,10,1548,$0,1,36,https://www.mappls.com/aa6ac7
1624,maharana pratap nagar,60500,34,127,$0.09,6,19,"https://www.mappls.com/direction-from--to-,+zone+1,+maharana+pratap+nagar,+bhopal,+madhya+pradesh,+462011,+3422cc?@zdata=ZnJvbSsrdG8rNzcuNDMzNTQxLDIzLjIzMjM2OCwzNDIyY2M7NzcuNDMzNDg3LDIzLjIzMjQxNCwzNDIyY2Mrdmlh"
1625,korum,60500,12,907,$0.20,6,19,https://www.mappls.com/72d36f
1626,kalina university mumbai,60500,25,133,$0.62,3,24,https://www.mappls.com/place-university+of+mumbai-kalina-mg+road-fort-vidyanagari-santacruz+east-mumbai-maharashtra-400098-E4WFDA@zdata=MTkuMDczMTU5KzcyLjg1ODYzMysxNytFNFdGREErK25yed
1627,kalina,60500,15,907,$0,5,51,https://www.mappls.com/xlcopz
1628,indira park,60500,12,907,$0,4,38,https://www.mappls.com/place-indira+park-lower+tank+bund+road-domalguda-kavadiguda-near+tank+bund-rtc+cross+road-hyderabad-telangana-500080-db7f17@zdata=MTcuNDE1MzI1Kzc4LjQ4Mjc4NCsxNytkYjdmMTcrKw==ed
1629,ntr university of health sciences vijayawada,60500,18,338,$0.45,1,19,https://www.mappls.com/4ebcd5
1630,new market area,60500,14,907,$0.05,1,22,https://www.mappls.com/lb5adk
1631,near me petrol pump,90500,33,127,$0.20,1,33,https://www.mappls.com/search-near-Petrol%20Pump@zdata=NzkuMjUxMTU3LDI4LjIxNTE1MQ==
1632,mansarovar metro station,40500,16,550,$0,12,29,https://www.mappls.com/place-mansarovar+metro+station-padmavti+colony-nirman+nagar-ranisati+nagar-jaipur-rajasthan-302019-8VXRZT@zdata=MjYuODc5NTI1Kzc1Ljc1MDM2MSsxNys4VlhSWlQrK25yed
1633,mandi manzil,33100,22,260,$0,5,29,https://www.mappls.com/place-mandi+manzil-mettukada+junction-thycaud-thampanoor-thiruvananthapuram-kerala-695014-ktthz2@zdata=OC40OTAzOTUrNzYuOTU4Njk5KzE3K2t0dGh6Misred
1634,banashankari bus stand,49500,41,127,$0,7,30,https://www.mappls.com/zmv8n0
1635,anand parbat delhi,6600,37,127,$0.29,7,19,https://www.mappls.com/ff211b
1636,ambedkar chowk,60500,5,9801,$0,3,37,https://www.mappls.com/place-dr+babasaheb+ambedkar+chowk-atma+nagar-kharalwadi-pimpri-pimpri+chinchwad-maharashtra-411018-wverca@zdata=MTguNjI2MzI4KzczLjgwNTYzNisxNyt3dmVyY2ErKw==ed
1637,ags cinemas in t nagar,60500,8,1191,$0.13,5,19,https://www.mappls.com/place-ags+cinemas-no+24$1-gn+chetty+road-t+nagar-opposite+bharathiraja+hospital-chennai-tamil+nadu-600017-1a7r9c@zdata=MTMuMDQ3MzIrODAuMjQ0OTM0KzE3KzFhN3I5Yysred
1638,f c road,60500,11,1548,$0.14,2,19,https://www.mappls.com/w5yzxj
1639,dr ntr university of health sciences vijayawada,60500,15,356,$0.65,1,23,https://www.mappls.com/4ebcd5
1640,erode junction railway station,60500,26,133,$0,2,24,https://www.mappls.com/place-erode+junction+railway+station-railway+colony-erode-tamil+nadu-638002-44f457@zdata=MTEuMzI4Njc4Kzc3LjcyNTc3OSsxNys0NGY0NTcrKw==ed
1641,delhi gole market,60500,10,1548,$0.03,1,22,https://www.mappls.com/aa6ac7
1642,chin lung brewery indiranagar,60500,16,550,$0.20,5,21,https://www.mappls.com/place-chin+lung+brewery-no+1135-100+feet+road-hal+stage+2-indiranagar-bengaluru-karnataka-560008-D7VFK7@zdata=MTIuOTY5MjQxKzc3LjY0MTU2NysxNytEN1ZGSzcrK25yed
1643,chandigarh kisan bhawan,49500,19,260,$0.06,11,31,https://www.mappls.com/place-kisan+bhavan-sector+35a-chandigarh-chandigarh-160022-SO3LQO@zdata=MzAuNzMxODcyKzc2Ljc2Mjk1NSsxNytTTzNMUU8rKw==ed
1644,jio care in near me,60500,26,145,$0.06,1,19,https://www.mappls.com/place-jio+care-scheme+no+54-vijay+nagar-indore-madhya+pradesh-452010-97q1qk@zdata=MjIuNzU0NTgrNzUuODkzOTgzKzE3Kzk3cTFxaysred
1645,meps,74000,105,127,$0.54,1,53,https://www.mappls.com/
1646,maharana pratap nagar bhopal,60500,13,683,$0.11,6,19,https://www.mappls.com/io0oh9
1647,mumbai university kalina campus,60500,42,127,$0.71,5,27,https://www.mappls.com/place-university+of+mumbai-kalina-mg+road-fort-vidyanagari-santacruz+east-mumbai-maharashtra-400098-E4WFDA@zdata=MTkuMDczMTU5KzcyLjg1ODYzMysxNytFNFdGREErK25yed
1648,shangri la bengaluru,60500,41,127,$0.51,16,30,https://www.mappls.com/5g8dqc
1649,regional joint director,60500,28,133,$0,1,31,https://www.mappls.com/9xr9c9
1650,rain cloud technologies,60500,59,127,$0,9,34,https://www.mappls.com/fyrzia
1651,pune bus stand,60500,20,308,$0.07,3,32,https://www.mappls.com/262sa4
1652,psg hospital,49500,7,2044,$1.09,9,35,https://www.mappls.com/place-psg+hospitals-avinashi+road-peelamedu-coimbatore-tamil+nadu-641004-40JQA6@zdata=MTEuMDIzNDQ5Kzc3LjAwMTYwMysxNys0MEpRQTYrK25yed
1653,people's mall bhopal,60500,21,260,$0.08,4,22,https://www.mappls.com/place-bhopal+peoples+multiplex+mall-peoples+campus-bhanpura-bhopal-madhya+pradesh-462037+bhopal-2DAF58@zdata=MjMuMzA0MTg3Kzc3LjQyMTc3NSsxNysyREFGNTg=ed
1654,toit indiranagar,74000,21,260,$1.23,2,41,https://www.mappls.com/place-toit+indiranagar-indiranagar-no+298-100+feet+road-2nd+stage-indiranagar-bengaluru-karnataka-560038-YW463X@zdata=MTIuOTc5MzUyKzc3LjY0MDU3NysxNytZVzQ2M1grK25yed
1655,terminal 1 indira gandhi international airport new delhi delhi 110037,60500,32,127,$0.09,3,22,https://www.mappls.com/place-airport+authority+of+india-terminal+1d+road-igi+airport+area-new+delhi-delhi-110037-2272dr@zdata=MjguNTYzNCs3Ny4xMjI3MTErMTcrMjI3MmRyKys=ed
1656,indore railway station,74000,32,127,$0.09,4,37,https://www.mappls.com/rluf4o
1657,h cross,60500,12,1191,$0,1,37,https://www.mappls.com/s143o2
1658,fateh nagar,60500,43,127,$0.10,2,19,https://www.mappls.com/place-fatehnagar+railway+station-industrial+estate-sanath+nagar-hyderabad-telangana-500018-FTTFTA@zdata=MTcuNDU1ODMrNzguNDUwMDc1KzE3K0ZUVEZUQSsrbnI=ed
1659,bmc market,60500,8,3986,$2.58,1,19,https://www.mappls.com/place-bmc+market-baptista+road+vile+parle+west-mumbai-maharashtra-400056-B7O23T@zdata=MTkuMDk2OTYzKzcyLjg0MjA0OCsxNytCN08yM1QrKw==ed
1660,bhatkal in karnataka,49500,29,133,$0.12,1,23,"https://www.mappls.com/direction-from--to-,+bhatkal,+karnataka,+581320?@zdata=ZnJvbSsrdG8rNzQuNTM0MzkxLDE0LjAwMzgxMixCNTFCTFgrdmlh"
1661,amrita hospital in kochi,60500,25,133,$0.15,1,31,https://www.mappls.com/b5245b
1662,zero mile patna,27100,12,1548,$0.08,4,20,https://www.mappls.com/place-zero+mile+metro+station-transport+nagar-kumhrar-patna-bihar-800026-UDWHTI@zdata=MjUuNTg1NzA4Kzg1LjE4NjU0KzE3K1VEV0hUSSsrbnI=ed
1663,sulabh complex near me,49500,4,18392,$0,1,19,https://www.mappls.com/search-near-Sulabh%20Complex%20Public%20Toilets@zdata=NzguMDQzMjA0LDE1LjgyOTQ1Ng==
1664,sbi deposit machine near me,60500,11,1548,$0,1,23,https://www.mappls.com/place-state+bank+of+india+cash+deposit+machine-joshiwara-old+bikaner-bikaner-rajasthan-334001-NF2SYG@zdata=MjguMDE2NDMzKzczLjMwODgyKzE3K05GMlNZRysrbnI=ed
1665,vinayaka nagar bangalore,60500,35,127,$0.12,4,16,https://www.mappls.com/place-vinayaka+nagar+bus+stop-dodda+aladmara+road-ramohalli-bengaluru-karnataka-560074-WEYZSI@zdata=MTIuOTAyOTQ1Kzc3LjQzMDEwNysxNytXRVlaU0krK25yed
1666,tata power distribution delhi,60500,24,139,$0,1,23,https://www.mappls.com/gvy30r
1667,swamy ayyappan temple,60500,53,127,$0.18,2,35,https://www.mappls.com/search-near-Ayyappa%20Swamy%20Temple@zdata=ODEuNTM2MjcxLDE2LjgwNTg5
1668,kesar da dhaba,49500,27,145,$0.06,2,28,https://www.mappls.com/7atb8a
1669,kanchipuram bus stand,49500,10,2044,$0.08,3,19,https://www.mappls.com/place-kancheepuram+main+bus+stand-ennaikaran-kancheepuram-tamil+nadu-631501-321B7S@zdata=MTIuODM1NTcyKzc5LjcwNTU0OCsxNyszMjFCN1MrK25yed
1670,jammu bus stand,60500,12,2044,$0.08,1,31,https://www.mappls.com/tt176c
1671,ip university dwarka,60500,26,133,$0.79,5,25,https://www.mappls.com/1ea76s
1672,international tobacco co ltd,60500,11,907,$0.52,2,17,https://www.mappls.com/1aet76
1673,ntr stadium,40500,9,2837,$0,10,34,https://www.mappls.com/place-ntr+stadium-opposite+indira+park-lower+tank+bund+road-domalguda-hyderabad-telangana-500080-b4162s@zdata=MTcuNDEyMDgyKzc4LjQ4NjA2MisxNytiNDE2MnMrKw==ed
1674,nit hamirpur location,60500,6,2837,$0,1,31,https://www.mappls.com/place-hpmc+nit+hamirpur-national+institute+of+technology-hamirpur-himachal+pradesh-177005-eyw90c@zdata=MzEuNzA3ODY2Kzc2LjUyNzA0KzE3K2V5dzkwYysred
1675,nehru place delhi metro station,74000,36,127,$0,1,24,https://www.mappls.com/place-nehru+place+metro+station-nehru+place-new+delhi-delhi-110019-2s6bf6@zdata=MjguNTUxNDYyKzc3LjI1MTYyOSsxNysyczZiZjYrKw==ed
1676,mumbai masjid railway station,49500,32,127,$0.14,2,27,https://www.mappls.com/place-masjid+railway+station+east-chinch+bunder-mumbai-maharashtra-400009-DDS3F4@zdata=MTguOTUyMzE2KzcyLjgzODQ3MysxNytERFMzRjQrK25yed
1677,mall of india noida,60500,17,338,$0.77,4,25,https://www.mappls.com/place-dlf+mall+of+india-plot+no+m+03-sector+18-noida-uttar+pradesh-201301-7tcdaf@zdata=MjguNTY3NTErNzcuMzIxMDY2KzE3Kzd0Y2RhZisred
1678,mahalaxmi station mumbai,60500,18,453,$0.12,2,35,https://www.mappls.com/place-mahalaxmi+railway+station+west-keshavrao+khadye+marg-mahalaxmi-mumbai-maharashtra-400018-sbbdcd@zdata=MTguOTgyNTI2KzcyLjgyNDE2NCsxNytzYmJkY2QrKw==ed
1679,railway mail services,60500,41,127,$1.05,1,28,https://www.mappls.com/n4oau2
1680,radisson blu hotel indore,60500,25,163,$0.11,8,26,https://www.mappls.com/place-radisson+blu+hotel+indore-12-scheme+no+94c-ring+road-indore-madhya+pradesh-452010-ABDBTF@zdata=MjIuNzUwMTM3Kzc1LjkwMjkxOCsxNytBQkRCVEYrKw==ed
1681,goa thalassa,60500,29,127,$0.64,2,22,https://www.mappls.com/zz8qlm
1682,bkc,60500,32,127,$0.38,2,50,https://www.mappls.com/place-bkc+food+court-bandra+kurla+complex+road-bandra+east-mumbai-maharashtra-400051-PLM437@zdata=MTkuMDY1NDQ1KzcyLjg2MTU0NCsxNytQTE00MzcrK25yed
1683,bathinda junction,33100,28,127,$0,6,29,https://www.mappls.com/place-bathinda+junction+railway+station-railway+road-old+city-bathinda-punjab-151005-68d167@zdata=MzAuMjEyNzQyKzc0LjkzMzA4MisxNys2OGQxNjcrKw==ed
1684,bangalore institute of technology,60500,33,127,$0.51,4,25,https://www.mappls.com/7b5fj3
1685,deccan location,60500,36,127,$0,1,24,https://www.mappls.com/88e8t8
1686,gole market delhi,60500,13,907,$0,1,31,https://www.mappls.com/aa6ac7
1687,surat municipal,40500,18,260,$0,1,30,https://www.mappls.com/ka290h
1688,panipat railway station,40500,36,127,$0,3,26,https://www.mappls.com/place-panipat+junction+railway+station-railway+road-geeta+colony-panipat-haryana-132103-6tt3c6@zdata=MjkuMzkwNTAxKzc2Ljk2NDMxMSsxNys2dHQzYzYrKw==ed
1689,pandit deendayal university,60500,25,127,$0.55,1,31,https://www.mappls.com/8updiz
1690,new bus stand patiala,49500,8,9801,$0,4,21,https://www.mappls.com/place-new+patiala+bus+stand-virk+colony-patiala-punjab-147002-wueh8i@zdata=MzAuMzQyNjQ5Kzc2LjQzMzU5OCsxNyt3dWVoOGkrKw==ed
1691,nehru science centre mumbai,60500,17,453,$0.06,3,33,https://www.mappls.com/btdnon
1692,mumbai naka,49500,38,127,$0,3,33,https://www.mappls.com/place-mumbai+naka+police+station-old+mumbai+agra+highway-shantinath+nagar-nashik-maharashtra-422001-gq8gmb@zdata=MTkuOTg3NTY5KzczLjc4MzkyNysxNytncThnbWIrKw==ed
1693,mumba devi,60500,27,139,$0.34,3,37,https://www.mappls.com/fc6cf8
1694,mayur vihar i,60500,32,127,$0.13,4,23,https://www.mappls.com/place-mayur+vihar+phase+1+metro+station-mayur+vihar+phase+1-new+delhi-delhi-110091-SDC72F@zdata=MjguNjAzOTgyKzc3LjI4OTYwMisxNytTREM3MkYrK25yed
1695,masjid bandar station,60500,40,127,$0.14,1,21,https://www.mappls.com/place-masjid+railway+station+west-chinch+bunder-mumbai-maharashtra-400009-D18FB3@zdata=MTguOTUyNDg5KzcyLjgzODA5MysxNytEMThGQjMrK25yed
1696,phoenix market city velachery,60500,8,1548,$0.08,1,23,https://www.mappls.com/2fggv7
1697,jharkhand academic council ranchi,74000,27,127,$0,1,27,https://www.mappls.com/7cc5td
1698,indiranagar toit,74000,17,453,$0.24,1,36,https://www.mappls.com/place-toit+indiranagar-indiranagar-no+298-100+feet+road-2nd+stage-indiranagar-bengaluru-karnataka-560038-YW463X@zdata=MTIuOTc5MzUyKzc3LjY0MDU3NysxNytZVzQ2M1grK25yed
1699,cyberspace cafe,60500,12,1191,$0.08,1,23,https://www.mappls.com/place-cyber+cafe-tanki+road-block+b-harsh+vihar-hari+nagar+part+3-new+delhi-delhi-110044-cxc0md@zdata=MjguNTAwMTI2Kzc3LjMyODYzNCsxNytjeGMwbWQrKw==ed
1700,byculla railway station,60500,25,139,$0,7,34,https://www.mappls.com/place-byculla+railway+station+east-drb+ambedkar+road-byculla-mumbai-maharashtra-400027-B85OLQ@zdata=MTguOTc2Mys3Mi44MzMrMTcrQjg1T0xRKytucg==ed
1701,sayaji garden vadodara,49500,46,103,$0,6,29,https://www.mappls.com/33636s
1702,sayaji baug vadodara,49500,36,103,$0,6,29,https://www.mappls.com/33636s
1703,rama mandi jalandhar,40500,29,103,$0.19,4,19,"https://www.mappls.com/direction-from--to-,+datar+nagar,+rama+mandi,+jalandhar,+punjab,+144005?@zdata=ZnJvbSsrdG8rNzUuNjMxNzQsMzEuMzE5MjAzLEtDT0Y0TCt2aWE="
1704,st john's hospital,49500,28,113,$0.58,7,30,https://www.mappls.com/bc5fc7
1705,solitaire corporate park,49500,21,163,$0.55,6,29,https://www.mappls.com/e03g7s
1706,sion railway station mumbai,49500,14,450,$0.08,2,25,https://www.mappls.com/place-sion+railway+station-sion+bandra+link+road-mumbai-maharashtra-400022-F1A5T2@zdata=MTkuMDQ3MDc2KzcyLjg2MzU5NCsxNytGMUE1VDIrK25yed
1707,silent valley national park palakkad,49500,41,103,$0,1,18,https://www.mappls.com/x0uejx
1708,vadodara sayaji baug,49500,34,103,$0.11,3,18,https://www.mappls.com/33636s
1709,tower 8,49500,5,3262,$0.16,3,17,https://www.mappls.com/zfifft
1710,hotel india varanasi,60500,19,212,$0.15,98,61,https://www.mappls.com/place-hotel+india+varanasi-59-patel+nagar-cantonment-behind+railway+station-varanasi-uttar+pradesh-221002-FFTAT1@zdata=MjUuMzMxNzY3KzgyLjk4NTM0NisxNytGRlRBVDErKw==ed
1711,high court rajasthan jaipur,49500,16,277,$0.07,1,38,https://www.mappls.com/fs2dt1
1712,high court in jaipur,49500,13,450,$0.07,1,40,https://www.mappls.com/fs2dt1
1713,hanuman temple karol bagh,49500,21,277,$0,4,21,https://www.mappls.com/place-hanuman+mandir-dev+nagar+karol+bagh-new+delhi-delhi-110005-CC8LT8@zdata=MjguNjU0MjMxKzc3LjE4NDczNysxNytDQzhMVDgrKw==ed
1714,hanuman mandir karol bagh,40500,20,292,$0,5,19,https://www.mappls.com/place-hanuman+mandir-dev+nagar+karol+bagh-new+delhi-delhi-110005-CC8LT8@zdata=MjguNjU0MjMxKzc3LjE4NDczNysxNytDQzhMVDgrKw==ed
1715,goalpara assam,49500,92,103,$0,1,32,https://www.mappls.com/place-goalpara+municipality-agia+road-goalpara-assam-783101-wqxd0v@zdata=MjYuMTY5OTYxKzkwLjYyNTA3NysxNyt3cXhkMHYrKw==ed
1716,jaipur gandhinagar,49500,47,103,$0.06,4,19,https://www.mappls.com/place-gandhi+nagar+jaipur+railway+station-bajaj+nagar-jaipur-rajasthan-302015-36CEC4@zdata=MjYuODczNDM0Kzc1Ljc5OTI2MisxNyszNkNFQzQrK25yed
1717,india 1 atm,49500,25,108,$0.02,1,13,https://www.mappls.com/place-india1+atm-malappuram-ponnani-kerala-679583-bt82qi@zdata=MTAuNzY3NDYrNzUuOTI1ODExKzE3K2J0ODJxaSsred
1718,hyderabad race club hyderabad telangana,40500,8,1267,$0.05,1,26,https://www.mappls.com/place-hyderabad+race+club+offcourse+tote+centre-1st+and+2nd+floor-heritage+fresh+building-rukminipuri+colony-a+s+rao+nagar-hyderabad-telangana-500062-4DHMNB@zdata=MTcuNDgyMTg1Kzc4LjU1Mzc0NysxNys0REhNTkIrK25yed
1719,marine lines station mumbai,49500,45,103,$0.13,2,25,https://www.mappls.com/place-marine+lines+railway+station+bus+stop-maharshi+karve+marg-marine+lines-mumbai-maharashtra-400002-CQD69R@zdata=MTguOTQ1NDEzKzcyLjgyNDQyOCsxNytDUUQ2OVIrK25yed
1720,margao bus stand,40500,16,371,$0,7,28,https://www.mappls.com/415ft3
1721,baralacha la,49500,31,103,$0,1,32,https://www.mappls.com/33t38c
1722,atta market noida,60500,13,975,$0,2,32,https://www.mappls.com/place-atta+market+sector+18+noida-TD3T61@zdata=MjguNTcwNDc0Kzc3LjMyNjA3NisxNytURDNUNjE=ed
1723,andheri mumbai railway station,60500,34,103,$0.13,8,39,https://www.mappls.com/place-andheri+west+railway+station-andheri+east-mumbai-maharashtra-400053-14tbfc@zdata=MTkuMTE5Njg2KzcyLjg0NjU1NCsxNysxNHRiZmMrKw==ed
1724,agra fort railway station agra uttar pradesh,49500,26,118,$0.05,2,23,https://www.mappls.com/2bsa88
1725,cyber towers hyderabad,40500,8,4816,$0.15,7,18,https://www.mappls.com/place-cyber+towers-hitec+city-madhapur-hyderabad-telangana-500081-166T81@zdata=MTcuNDUwMzgrNzguMzgxNDIzKzE3KzE2NlQ4MSsrbnI=ed
1726,ctc bus stand,49500,19,292,$0.11,3,25,https://www.mappls.com/place-ctc+bus+depot-kidderpore-kolkata-west+bengal-700023-e246sc@zdata=MjIuNTM4ODY0Kzg4LjMxNzU0MysxNytlMjQ2c2MrKw==ed
1727,buddha jayanti park,49500,24,212,$0,4,29,https://www.mappls.com/place-buddha+jayanti+park-vande+mataram+marg-central+ridge+reserve+forest-new+delhi-delhi-110060-d14cb5@zdata=MjguNjE3MTg1Kzc3LjE3ODU3MSsxNytkMTRjYjUrKw==ed
1728,nexus ahmedabad one,40500,20,212,$0,6,27,https://www.mappls.com/place-nexus+ahmedabad+one-plot+no+216-tp+scheme-1-opposite+vastrapur+lake-216-vastrapur-ahmedabad-gujarat-380015-6927bf@zdata=MjMuMDM5ODc4KzcyLjUzMTEwMisxNys2OTI3YmYrKw==ed
1729,new market of kolkata,49500,21,212,$0.11,1,21,https://www.mappls.com/lb5adk
1730,ramlila ground,49500,6,4816,$0,6,34,https://www.mappls.com/sfab35
1731,radisson blu hotel new delhi paschim vihar new delhi delhi,49500,53,103,$0.62,8,43,https://www.mappls.com/qlbg12
1732,new market calcutta,60500,25,133,$0.05,1,25,https://www.mappls.com/lb5adk
1733,sabarmati riverfront event centre,14800,24,118,$0.11,11,16,https://www.mappls.com/place-riverfront+event+centre-pujya+pramukh+swami+maharaj+marg-ellis+bridge-paldi-ahmedabad-gujarat-380006-SRZ0SC@zdata=MjMuMDE0OTAzKzcyLjU3MzM1OSsxNytTUlowU0MrK25yed
1734,rohini g3s,49500,9,742,$0.07,3,19,https://www.mappls.com/83be8c
1735,ksrtc bus station kottayam,40500,21,163,$0.18,7,17,https://www.mappls.com/place-ksrtc+bus+stand-mg+road-erayilkadavu-kottayam-kerala-686001-v7btu9@zdata=OS41ODU2NSs3Ni41MjQ5NisxNyt2N2J0dTkrKw==ed
1736,karol bagh hanuman temple,49500,17,742,$0.07,4,24,https://www.mappls.com/place-hanuman+mandir-dev+nagar+karol+bagh-new+delhi-delhi-110005-CC8LT8@zdata=MjguNjU0MjMxKzc3LjE4NDczNysxNytDQzhMVDgrKw==ed
1737,kala amb,40500,76,103,$0,1,30,https://www.mappls.com/place-shiv+temple-kala+amb+industrial+area-himachal+pradesh-173030-TTFCGG@zdata=MzAuNDk4ODUrNzcuMjE1MDQzKzE3K1RURkNHRysred
1738,k h a r road,49500,25,113,$0.07,4,28,https://www.mappls.com/place-khar+road+railway+station-khar+east-mumbai-maharashtra-400052-e66246@zdata=MTkuMDY5NjgyKzcyLjgzOTkxMysxNytlNjYyNDYrKw==ed
1739,iskcon mandir surat,40500,52,103,$0,3,26,https://www.mappls.com/cuxwdw
1740,indraprastha apollo hospital,49500,38,103,$0.67,2,28,https://www.mappls.com/e1t552
1741,hyderabad film nagar,49500,11,975,$0.12,5,21,https://www.mappls.com/place-film+nagar+club-road+no-82-film+nagar-jubilee+hills-hyderabad-telangana-500096-1FRTQ4@zdata=MTcuNDE0NzA1Kzc4LjQwOTgzOSsxNysxRlJUUTQrK25yed
1742,noorani masjid,40500,10,3262,$0.15,3,32,https://www.mappls.com/kctla0
1743,noida city centre bus stand,49500,46,103,$0.11,6,19,https://www.mappls.com/place-noida+city+center+bus+stop-sector+39a-noida-uttar+pradesh-201303-PR82WU@zdata=MjguNTc0NzYrNzcuMzU2Nzg1KzE3K1BSODJXVSsrbnI=ed
1744,nhpc metro station,49500,28,103,$0.10,4,13,https://www.mappls.com/place-nhpc+chowk+metro+station-mhpc+chowk-faridabad-haryana-121003-7JIV6H@zdata=MjguNDU3OTQzKzc3LjMwNzM2MSsxNys3SklWNkgrK25yed
1745,mall road shimla,60500,20,252,$0.15,2,32,https://www.mappls.com/5ss5da
1746,mahesh nagar,49500,15,292,$0,4,34,https://www.mappls.com/place-mahesh+nagar+police+station-mahesh+nagar-jaipur-rajasthan-302015-G55UW5@zdata=MjYuODc3MzM0Kzc1Ljc3NDQ5NysxNytHNTVVVzUrK25yed
1747,eastern tower,9900,45,103,$0.12,14,35,https://www.mappls.com/kaw0ss
1748,chandigarh sector 17 market,49500,15,371,$0.38,1,31,https://www.mappls.com/1c7f2c
1749,cadbury junction,49500,16,559,$0.16,8,19,https://www.mappls.com/place-cadbury+junction+metro+station-jk+gram-thane+west-thane-maharashtra-400606-dkbpq9@zdata=MTkuMjA2MDYzKzcyLjk3MDEwMisxNytka2JwcTkrKw==ed
1750,gymkhana club delhi,2400,14,742,$0,1,25,https://www.mappls.com/fa338a
1751,golden temple road,40500,32,103,$0.18,1,18,"https://www.mappls.com/direction-from--to-amritsar+golden+temple+area,+amritsar,+punjab,+143001+amritsar?@zdata=ZnJvbSsrdG8rNzQuODc4MTEyLDMxLjYyMDU5NyxZWFJKWlk7NzQuODc3NjczLDMxLjYyMDQ1OCxZWFJKWlkrdmlh"
1752,gcc hotel club mira road,49500,33,103,$0.19,15,22,https://www.mappls.com/oq029y
1753,gandhidham junction,49500,24,118,$0,5,34,https://www.mappls.com/place-gandhidham+junction+railway+station-sardar+patel+circle-nh+8a+road-gandhidham-gujarat-370201-b1bcac@zdata=MjMuMDY4NDUyKzcwLjE0NzY0MSsxNytiMWJjYWMrKw==ed
1754,central jails,49500,66,103,$0.10,4,19,https://www.mappls.com/4fk5v8
1755,begampur,49500,45,103,$0,2,46,https://www.mappls.com/place-begampur+railway+station-chanditala+sreerampore+road-begampur-west+bengal-712306-5q32q7@zdata=MjIuNzM4MTAzKzg4LjI1NTI3NCsxNys1cTMycTcrKw==ed
1756,bangalore railway station back gate,49500,15,371,$0.16,6,24,https://www.mappls.com/report/3kpbuh/ba262a1e-b3b8-408d-9297-275e917ae861
1757,aiims rishikesh location,40500,11,1673,$0,3,26,https://www.mappls.com/place-aiims+rishikesh-all+india+institute+of+medical+sciences-rishikesh-uttarakhand-249203-PEFUT3@zdata=MzAuMDc4MzU1Kzc4LjI4NTQ5MysxNytQRUZVVDMrK25yed
1758,agra fort railway station,49500,33,103,$2.62,2,20,https://www.mappls.com/2bsa88
1759,urvashi movie theatre,49500,30,103,$0.18,3,22,https://www.mappls.com/place-urvashi+theatre-mangalagiri+main+road-mangalagiri-andhra+pradesh-522503-6MNW6Z@zdata=MTYuNDI1OTI3KzgwLjU2NjM2MSsxNys2TU5XNlorK25yed
1760,trichy central bus stand,60500,19,277,$0,4,25,https://www.mappls.com/place-trichy+new+central+bus+stand-nh+38-srirangam-tiruchirappalli+district-tamil+nadu-620012-YX8L4L@zdata=MTAuNzU1NjU2Kzc4LjY1NDM3KzE3K1lYOEw0TCsrbnI=ed
1761,yamuna sports complex,33100,23,133,$0,7,25,https://www.mappls.com/f82b2s
1762,vishnu garden delhi,49500,40,103,$0.15,5,19,https://www.mappls.com/1d4w0i
1763,visakhapatnam dwaraka nagar,49500,8,1673,$0.17,5,30,https://www.mappls.com/place-dwaraka+nagar+bus+station-rtc+complex-dwarka+nagar-visakhapatnam-andhra+pradesh-530020-EM6NQX@zdata=MTcuNzIzODErODMuMzA2NzI0KzE3K0VNNk5RWCsrbnI=ed
1764,varkala railway station,14800,17,277,$0.03,2,18,https://www.mappls.com/se6283
1765,thivim railway station,60500,41,103,$0,1,31,https://www.mappls.com/place-thivim+railway+station-bardez-north+goa+district-goa-403502-8ed6ac@zdata=MTUuNjMwMDY3KzczLjg3NjkyNCsxNys4ZWQ2YWMrKw==ed
1766,sri city location,49500,38,103,$0.34,1,39,https://www.mappls.com/f8gyd2
1767,marine line station,49500,38,103,$0.13,2,43,https://www.mappls.com/place-marine+lines+railway+station+bus+stop-maharshi+karve+marg-marine+lines-mumbai-maharashtra-400002-CQD69R@zdata=MTguOTQ1NDEzKzcyLjgyNDQyOCsxNytDUUQ2OVIrK25yed
1768,madurai periyar bus stand,40500,24,212,$0,10,21,"https://www.mappls.com/direction-from--to-periyar+bus+terminal,+west+veli+street,+bus+stand+area,+periyar,+madurai+main,+madurai,+tamil+nadu,+625001?@zdata=ZnJvbSsrdG8rNzguMTExMjY4LDkuOTE1MTgxMDAwMDAwMSxCOFI4OFQrdmlh"
1769,knowledge city,49500,28,108,$0.07,6,34,https://www.mappls.com/te8717
1770,road no 12 banjara hills,40500,5,8019,$0.35,7,20,"https://www.mappls.com/direction-from--to-,+road+no+12,+banjara+hills,+hyderabad,+telangana,+500034?@zdata=ZnJvbSsrdG8rNzguNDM3Mjc0LDE3LjQwOTUzOCxUU0NFQTUrdmlh"
1771,richmond circle,60500,19,252,$0,7,39,https://www.mappls.com/wphy18
1772,ramanujan it city,60500,19,277,$2.18,9,34,https://www.mappls.com/place-carr+tower-ramanujan+it+city-taramani-chennai-tamil+nadu-600113-nehcmy@zdata=MTIuOTkwNzkxKzgwLjI0NjgyNCsxNytuZWhjbXkrKw==ed
1773,pothencode,49500,76,103,$0.12,3,20,https://www.mappls.com/place-pothencode+sub+post+office-pothencode-block+kazhakkoottam-thiruvananthapuram-thiruvananthapuram+district-kerala-695584-8kdlu0@zdata=OC42MTc0MTcrNzYuODk3MTk2KzE3KzhrZGx1MCsred
1774,pisco by the beach,33100,18,371,$0,4,16,https://www.mappls.com/bsy4nw
1775,palakkad silent valley,49500,37,103,$0.24,1,25,https://www.mappls.com/x0uejx
1776,new bus stand in namakkal,49500,5,8019,$0.05,1,24,https://www.mappls.com/place-namakkal+new+bus+stand-namakkal-namakkal+district-tamil+nadu-637019-MT8OVV@zdata=MTEuMjU3NzkyKzc4LjE3MjIyOSsxNytNVDhPVlYrK25yed
1777,film nagar hyderabad,49500,20,212,$0.09,6,18,https://www.mappls.com/place-film+nagar+club-road+no-82-film+nagar-jubilee+hills-hyderabad-telangana-500096-1FRTQ4@zdata=MTcuNDE0NzA1Kzc4LjQwOTgzOSsxNysxRlJUUTQrK25yed
1778,durga temple,40500,34,103,$0,4,32,https://www.mappls.com/iy8ro8
1779,birla temple hyderabad,49500,22,252,$0,2,28,https://www.mappls.com/837w52
1780,aiims rishikesh uk,49500,28,113,$0.09,2,40,https://www.mappls.com/peey26
1781,khadi machine chowk,49500,23,212,$0,6,29,https://www.mappls.com/qwfx4q
1782,kabir nagar,49500,26,113,$0.11,2,21,https://www.mappls.com/h50uoy
1783,goa railway station,60500,57,103,$0.03,1,32,https://www.mappls.com/place-madgaon+railway+station-salcete-south+goa+district-goa-403707-44TD6D@zdata=MTUuMjY3NjQ2KzczLjk3MTA2NisxNys0NFRENkQrK25yed
1784,gidc,40500,16,277,$0,2,44,https://www.mappls.com/93jz9w
1785,gandhidham junction railway station,49500,26,108,$0,5,21,https://www.mappls.com/place-gandhidham+junction+railway+station-sardar+patel+circle-nh+8a+road-gandhidham-gujarat-370201-b1bcac@zdata=MjMuMDY4NDUyKzcwLjE0NzY0MSsxNytiMWJjYWMrKw==ed
1786,st mary's basilica church bangalore,49500,15,450,$0.17,4,23,https://www.mappls.com/8t357e
1787,srinagar colony,49500,35,103,$0.10,6,34,https://www.mappls.com/place-srinagar+colony+bus+stop-srinagar+colony+road-sri+nagar+colony-banjara+hills-hyderabad-telangana-500073-GUKCZN@zdata=MTcuNDMwMDczKzc4LjQzOTY5OSsxNytHVUtDWk4rK25yed
1788,six mile,49500,40,103,$0.29,3,19,https://www.mappls.com/ncf8gn
1789,silk institute metro station,49500,10,975,$0,3,20,https://www.mappls.com/djg3vr
1790,sector 63 noida,40500,21,212,$0.64,3,26,https://www.mappls.com/vlvlwv
1791,ruban hospital patna,40500,13,559,$0.46,9,28,https://www.mappls.com/u32dkj
1792,road no 12,49500,4,15048,$0.09,5,19,"https://www.mappls.com/direction-from--to-,+road+no+12,+banjara+hills,+hyderabad,+telangana,+500034?@zdata=ZnJvbSsrdG8rNzguNDM3Mjc0LDE3LjQwOTUzOCxUU0NFQTUrdmlh"
1793,ram theatre tirunelveli,40500,16,277,$0.04,1,25,https://www.mappls.com/bt4d74
1794,vidya theatre tambaram,49500,10,742,$0.14,1,27,https://www.mappls.com/dea661
1795,jhilmil metro,49500,32,103,$0.14,4,18,https://www.mappls.com/place-jhilmil+metro+station-gt+road-dilshad+garden-shahdara-new+delhi-delhi-110095-32B11T@zdata=MjguNjc1ODY3Kzc3LjMxMjM3NysxNyszMkIxMVQrK25yed
1796,jaipur rajasthan high court,49500,14,371,$0.11,1,21,https://www.mappls.com/fs2dt1
1797,paradise metro station,49500,18,212,$0.15,13,19,https://www.mappls.com/place-paradise+metro+station+bus+stop-paradise+circle-secunderabad-telangana-500003-3A526B@zdata=MTcuNDQzMTA3Kzc4LjQ4NjMyKzE3KzNBNTI2QisrbnI=ed
1798,new market kolkata west bengal,49500,15,559,$0.04,1,21,https://www.mappls.com/lb5adk
1799,new market in kolkata,49500,14,742,$0.04,1,20,https://www.mappls.com/lb5adk
1800,narapally,40500,35,103,$0.15,6,45,https://www.mappls.com/yc9ne0
1801,medical trust hospital,40500,18,292,$0,2,26,https://www.mappls.com/8v9rz3
1802,le meridien gurgaon delhi ncr,49500,33,103,$0.52,9,24,https://www.mappls.com/place-le+meridien+gurugram+delhi+ncr-sector+26-mg+road-gurugram-haryana-122002-16fzd8@zdata=MjguNDgwNDQxKzc3LjEwNzczNysxNysxNmZ6ZDgrKw==ed
1803,raj ratan,40500,26,133,$0.10,14,35,https://www.mappls.com/place-new+raj+ratan+collection-labour+colony-govind+nagar-kanpur-uttar+pradesh-208006-UD42WH@zdata=MjYuNDUwNzU5KzgwLjI5NzA0OSsxNytVRDQyV0grK25yed
1804,pvp square,40500,15,371,$0,15,35,https://www.mappls.com/vbue6o
1805,dwaraka nagar vizag,40500,15,450,$0,10,29,https://www.mappls.com/place-dwaraka+nagar+bus+station-rtc+complex-dwarka+nagar-visakhapatnam-andhra+pradesh-530020-EM6NQX@zdata=MTcuNzIzODErODMuMzA2NzI0KzE3K0VNNk5RWCsrbnI=ed
1806,devi cinemas anna salai,49500,36,103,$0.13,2,27,https://www.mappls.com/place-devi+cineplex-anna+samy+street-pudupakkam-chennai-tamil+nadu-600002-vuhls2@zdata=MTMuMDY2MjM4KzgwLjI3MDczNSsxNyt2dWhsczIrKw==ed
1807,club o7,49500,12,742,$0.10,6,34,https://www.mappls.com/place-club+o7-club+07+road-off+sp+ring+road-shela-ahmedabad-gujarat-380058-tvopef@zdata=MjMuMDA2MzE4KzcyLjQ1NDM0NCsxNyt0dm9wZWYrKw==ed
1808,chennai trade centre,49500,34,103,$0.66,2,28,https://www.mappls.com/3nroyu
1809,hotel gcc club mira road,49500,26,113,$0.19,15,37,https://www.mappls.com/oq029y
1810,hauz khas fort new delhi delhi,60500,29,103,$0.12,2,32,https://www.mappls.com/of586h
1811,harsh vihar,49500,44,103,$0,4,34,https://www.mappls.com/place-harsh+vihar+bus+stop-wazirabad+road-mandoli-new+delhi-delhi-110093-55564E@zdata=MjguNjk4Nys3Ny4zMjE3KzE3KzU1NTY0RSsrbnI=ed
1812,gk cinemas,49500,14,371,$0.15,2,33,https://www.mappls.com/s2c288
1813,azamgarh bus station,40500,10,1673,$0,1,19,https://www.mappls.com/place-azamgarh+bus+depot-pahlwan+chowk+road-roadways-civil+line-azamgarh-uttar+pradesh-276001-S1AFAB@zdata=MjYuMDUzNDE5KzgzLjE3ODI1NysxNytTMUFGQUIrK25yed
1814,akan hyderabad,40500,23,212,$0.29,7,19,https://www.mappls.com/place-akan+hyderabad-survey+no+62-plot+no+28-opposite+durgam+cheruvu-software+unit+layout-hitec+city-madhapur-hyderabad-telangana-500081-M0W5G0@zdata=MTcuNDMzMTE1Kzc4LjM4NzgzNysxNytNMFc1RzArK25yed
1815,60 ft road,49500,16,292,$0.12,4,21,"https://www.mappls.com/direction-from--to-jaipur+60+feet+road,+surya+nagar,+gopalpura,+jaipur,+rajasthan,+302015+jaipur?@zdata=ZnJvbSsrdG8rNzUuNzc5NjU5LDI2Ljg3NTQ0Nyw0NjIyUDYrdmlh"
1816,tirunelveli station,40500,28,118,$0,1,31,https://www.mappls.com/c6c2cc
1817,tilak road pune,27100,44,103,$0,11,25,https://www.mappls.com/68fs3s
1818,taj mahal hotel mumbai colaba,49500,20,260,$0.40,48,38,https://www.mappls.com/1ecb2f
1819,patiala house court complex,49500,24,113,$0.15,4,37,https://www.mappls.com/place-patiala+house+district+court-tilak+marg+new+delhi-purana+qila+road+area-new+delhi-delhi-110001-lbcn29@zdata=MjguNjE1MzYxKzc3LjIzNDQxOSsxNytsYmNuMjkrKw==ed
1820,shiv nagar,40500,11,975,$0,2,31,https://www.mappls.com/l0irtd
1821,sambalpur junction,40500,20,212,$0,1,31,https://www.mappls.com/place-sambalpur+junction+railway+station-station+road-khetrajpur-sambalpur-odisha-768003-5BCC9G@zdata=MjEuNDgzMTc0KzgzLjk2MTQwNisxNys1QkNDOUcrK25yed
1822,salt lake sector v metro station ticket counter,49500,8,1673,$0,1,20,https://www.mappls.com/2627tt
1823,shiv nagar,40500,11,975,$0,2,31,https://www.mappls.com/l0irtd
1824,sambalpur junction,40500,20,212,$0,1,31,https://www.mappls.com/place-sambalpur+junction+railway+station-station+road-khetrajpur-sambalpur-odisha-768003-5BCC9G@zdata=MjEuNDgzMTc0KzgzLjk2MTQwNisxNys1QkNDOUcrK25yed
1825,salt lake sector v metro station ticket counter,49500,8,1673,$0,1,20,https://www.mappls.com/2627tt
1826,s b road pune,49500,48,103,$0.09,5,17,https://www.mappls.com/place-one+line-senapati+bapat+road-bhageerath-janawadi-pune-maharashtra-411016-T7TE2S@zdata=MTguNTMwNzM4KzczLjgyOTg0MisxNytUN1RFMlMrKw==ed
1827,road no 12 banjara hills hyderabad,49500,5,8019,$0.13,5,21,"https://www.mappls.com/direction-from--to-,+road+no+12,+banjara+hills,+hyderabad,+telangana,+500034?@zdata=ZnJvbSsrdG8rNzguNDM3Mjc0LDE3LjQwOTUzOCxUU0NFQTUrdmlh"
1828,rajasthan high court in jaipur,49500,13,450,$0.20,1,29,https://www.mappls.com/fs2dt1
1829,marine lines railway station,49500,41,103,$0.28,1,20,https://www.mappls.com/place-marine+lines+railway+station+west-maharishi+karve+road-marine+line-mumbai-maharashtra-400002-45fd7f@zdata=MTguOTQ1NzAzKzcyLjgyMzY1MSsxNys0NWZkN2YrKw==ed
1830,mangal bazar,33100,9,1673,$0,11,31,https://www.mappls.com/place-mangal+bazaar-mangal+bazar-sultanpura-vadodara-gujarat-390001-VZQQKJ@zdata=MjIuMzAyNDMrNzMuMjA2NTI4KzE3K1ZaUVFLSisred
1831,khar railway station mumbai,40500,30,118,$0.03,10,23,https://www.mappls.com/e66246
1832,kalindi delhi,49500,36,103,$0.17,2,19,https://www.mappls.com/3ad861
1833,district center delhi,49500,37,103,$0.10,3,22,https://www.mappls.com/5fr43t
1834,current location pin code,33100,37,103,$0,1,14,https://www.mappls.com/
1835,cricket stadium in noida,40500,23,133,$0,5,19,https://www.mappls.com/place-greater+noida+cricket+stadium-infront+of+jp+integrated+sports+complex-gautam+buddha+nagar-greater+noida-uttar+pradesh-201310-daee56@zdata=MjguNDcwNDY5Kzc3LjUxOTk1OCsxNytkYWVlNTYrKw==ed
1836,chandigarh 17 sector market,49500,27,118,$0.38,1,28,https://www.mappls.com/1c7f2c
1837,black thunder theme park coimbatore,49500,16,742,$0.09,1,27,https://www.mappls.com/c1d8a3
1838,housing board,49500,60,103,$0.78,3,33,https://www.mappls.com/94mpfc
1839,haldiram in connaught place,49500,26,118,$0.04,5,19,https://www.mappls.com/qgubnk
1840,flora fountain,49500,29,118,$0.30,7,31,https://www.mappls.com/85tdb4
1841,basti railway station,40500,17,371,$0,1,26,https://www.mappls.com/efsct3
1842,ayyappa nagar,40500,39,103,$0.95,14,35,https://www.mappls.com/eonik2
1843,agra fort train station,49500,31,103,$0.07,4,18,https://www.mappls.com/2bsa88
1844,60 feet road,49500,18,277,$0.10,4,24,"https://www.mappls.com/direction-from--to-jaipur+60+feet+road,+surya+nagar,+gopalpura,+jaipur,+rajasthan,+302015+jaipur?@zdata=ZnJvbSsrdG8rNzUuNzc5NjU5LDI2Ljg3NTQ0Nyw0NjIyUDYrdmlh"
1845,tamilnadu tourism boat house ooty,49500,25,113,$0.07,2,23,https://www.mappls.com/e66a8f
1846,shivaji nagar station,49500,28,103,$0.12,5,20,https://www.mappls.com/place-shivaji+nagar+railway+station-veer+netaji+wadi-shivaji+nagar-pune-maharashtra-411005-FC7UWR@zdata=MTguNTMxNTQ0KzczLjg1MjE3NisxNytGQzdVV1IrK25yed
1847,shalimar bagh metro station,49500,31,103,$0,8,22,https://www.mappls.com/place-shalimar+bagh+metro+station-wazirpur+industrial+area-new+delhi-delhi-110052-IC6A04@zdata=MjguNzAxNzgzKzc3LjE2NTM2NysxNytJQzZBMDQrK25yed
1848,sattva knowledge city,49500,23,133,$1.07,7,30,https://www.mappls.com/te8717
1849,road number 14,49500,2,15048,$0.12,4,24,https://www.mappls.com/place-road+no+14-vishwakarma+industrial+area-jaipur-rajasthan-302013-C5SYOP@zdata=MjYuOTk1ODcxKzc1Ljc4NzAyNisxNytDNVNZT1ArKw==ed
1850,uber office,40500,12,975,$0.49,10,34,https://www.mappls.com/5bpsam
1851,tower e,49500,16,371,$0.16,3,14,https://www.mappls.com/ggukxd
1852,tilak road in pune,49500,51,103,$0.16,5,18,https://www.mappls.com/6vb2c8
1853,tilak road,33100,12,742,$0,4,29,https://www.mappls.com/ksugvm
1854,mgm vashi,49500,18,252,$0.33,5,34,https://www.mappls.com/c1t577
1855,mgm hospital vashi,49500,15,292,$0.33,5,29,https://www.mappls.com/c1t577
1856,mall of travancore,49500,26,108,$0,4,29,https://www.mappls.com/place-mall+of+travancore+food+court-mall+of+travancore-thiruvananthapuram-kerala-695008-7VNKIS@zdata=OC40ODc0MjcrNzYuOTI1Nzg4KzE3KzdWTktJUysrbnI=ed
1857,raj food,49500,13,371,$0,1,28,https://www.mappls.com/place-raj+food+product-sh+26-nasirabad-ajmer+district-rajasthan-305601-Z5XZ2R@zdata=MjYuMjU5NTgyKzc0Ljc4NDg2MysxNytaNVhaMlIrKw==ed
1858,pvp square vijayawada,49500,15,371,$0.18,6,22,https://www.mappls.com/vbue6o
1859,pgi lucknow hospital,49500,29,108,$0,1,28,https://www.mappls.com/xjmrbt
1860,rohini east metro,49500,9,2321,$0.08,4,17,https://www.mappls.com/bc88b3
1861,govind puri station,49500,42,103,$0.10,8,19,https://www.mappls.com/report/5ee142/59a29d5b-e5d3-49bb-bd92-a396de2363ed
1862,geetanjali hospital,40500,23,212,$0,2,31,https://www.mappls.com/88d7a5
1863,gaya railway station,49500,37,103,$0.09,2,36,https://www.mappls.com/place-gaya+junction+railway+station-gol+bagicha-gaya+ji-bihar-823001-361TT7@zdata=MjQuODAzNDQ5Kzg0Ljk5OTY4NSsxNyszNjFUVDcrK25yed
1864,doolally taproom khar,22200,21,252,$0.28,12,26,https://www.mappls.com/r6opa5
1865,devi cinemas location,49500,16,371,$0.13,2,29,https://www.mappls.com/place-devi+cinemas-public+office+road-asn+colony+elancheran+nagar-near+kaliamman+temple-nagapattinam-tamil+nadu-611001-68aat2@zdata=MTAuNzY5MTIyKzc5Ljg0MTUyNysxNys2OGFhdDIrK25yed
1866,jmd megapolis,40500,38,103,$0.54,7,33,https://www.mappls.com/place-jmd+megapolis+it+park-sector+48-gurugram-haryana-122018-E7ED24@zdata=MjguNDE5MjAxKzc3LjAzODc1MisxNytFN0VEMjQrKw==ed
1867,j p nagar 7th phase bangalore,49500,39,103,$0.16,7,19,https://www.mappls.com/place-jp+nagar+bbmp+park-7th+cross-8th+main+road-rbi+layout-7th+phase-jp+nagar-bengaluru-karnataka-560078-4MRWRC@zdata=MTIuODg4OTM5Kzc3LjU3ODAyOSsxNys0TVJXUkMrK25yed
1868,indian hotel varanasi,49500,22,133,$0.25,94,18,https://www.mappls.com/place-hotel+india+varanasi-59-patel+nagar-cantonment-behind+railway+station-varanasi-uttar+pradesh-221002-FFTAT1@zdata=MjUuMzMxNzY3KzgyLjk4NTM0NisxNytGRlRBVDErKw==ed
1869,hyde park,49500,28,113,$0.45,9,35,https://www.mappls.com/place-hyde+park+club-sector+78-noida-uttar+pradesh-201307-3YREZC@zdata=MjguNTYyNzQyKzc3LjM4OTI4OSsxNyszWVJFWkMrK25yed
1870,gurudwara road,49500,6,4816,$0.23,4,19,https://www.mappls.com/5534ss
1871,karnal bypass delhi,49500,98,103,$0,1,28,"https://www.mappls.com/direction-from--to-karnal+bypass+bus+stop+ah+2,+rajiv+nagar,+bhalswa+dairy,+new+delhi,+delhi,+110042+new+delhi?@zdata=ZnJvbSsrdG8rNzcuMTU0NTcyLDI4LjczODMwOCxTNEQ0RkErdmlh"
1872,block n,60500,22,212,$0.11,3,22,https://www.mappls.com/s83fc7
1873,bagalur cross bus stop,49500,4,4816,$0,5,21,https://www.mappls.com/4j646j
1874,aziz plaza,49500,8,1673,$0.12,2,32,https://www.mappls.com/place-aziz+plaza+feelkhana-begum+bazar-hyderabad-telangana-500012+hyderabad-69CX6U@zdata=MTcuMzc1NzcrNzguNDczMjQrMTcrNjlDWDZVed
1875,asian radhika,49500,10,742,$0,6,34,https://www.mappls.com/cfx9yy
1876,calcutta new market,49500,23,212,$0.11,1,21,https://www.mappls.com/lb5adk
1877,bus stand chandigarh 43,49500,15,371,$0.10,5,19,https://www.mappls.com/place-sector+43+inter+state+bus+terminus-sector+43-chandigarh-160043-s22ba5@zdata=MzAuNzE2MzYxKzc2Ljc0NDQ1NSsxNytzMjJiYTUrKw==ed
1878,ntr university in vijayawada,49500,7,2321,$0.17,4,19,https://www.mappls.com/4ebcd5
1879,new market kolkata,49500,22,212,$0.11,1,21,https://www.mappls.com/lb5adk
1880,navigation application,49500,5,4816,$0.05,11,85,https://about.mappls.com/app/
1881,nand nagri in delhi,49500,31,103,$0.12,4,19,https://www.mappls.com/place-nand+nagri+police+station-nand+nagri-new+delhi-delhi-110093-51vf5t@zdata=MjguNjk3MzI4Kzc3LjMwNzY1OCsxNys1MXZmNXQrKw==ed
1882,mysore cafe,49500,20,277,$0,5,34,https://www.mappls.com/place-mysore+cafe-12-south+avenue+market-near+sena+bhawan-india+gate-new+delhi-delhi-110011-XVGH26@zdata=MjguNjA4MjAyKzc3LjIwMTUzMysxNytYVkdIMjYrK25yed
1883,mundra port kutch,49500,75,103,$0.27,1,38,https://www.mappls.com/41ea8d
1884,manipal hospital jaipur,40500,14,371,$0.27,6,27,https://www.mappls.com/2m3x2c
1885,manipal hospital dwarka,74000,15,292,$0.21,16,40,https://www.mappls.com/3s8cf7
1886,sandalwood soap factory,40500,19,292,$0.18,5,32,https://www.mappls.com/f6j2nd
1887,rama mandi punjab,40500,39,103,$0.38,1,19,https://www.mappls.com/place-hanuman+temple-rama+mandi-jalandhar-punjab-144005-2HO8KS@zdata=MzEuMzAzNjAyKzc1LjY0MDgzNCsxNysySE84S1MrKw==ed
1888,police quarters,40500,8,975,$0,2,31,https://www.mappls.com/42b7c1
1889,patna museum india,49500,54,103,$0.17,4,33,https://www.mappls.com/18b12e
1890,sri city in andhra pradesh,60500,43,103,$0.15,1,35,https://www.mappls.com/f8gyd2
1891,sri city,49500,27,118,$0.34,1,40,https://www.mappls.com/f8gyd2
1892,shenoy nagar,33100,51,103,$0.20,13,31,https://www.mappls.com/7lgv3u
1893,sector 126 noida,49500,28,103,$0.18,6,18,https://www.mappls.com/59012e
1894,sant gadge baba university,60500,7,1267,$0.81,1,38,https://www.mappls.com/326aa5
1895,taj mahal hotel in mumbai india,40500,23,118,$0.32,52,47,https://www.mappls.com/1ecb2f
1896,hauz khas fort in delhi,60500,33,103,$0.12,2,35,https://www.mappls.com/of586h
1897,gurudwara sadh sangat,49500,16,292,$0.14,5,32,https://www.mappls.com/7h0s16
1898,gujarat mundra port,49500,44,103,$0,1,35,https://www.mappls.com/41ea8d
1899,kavi nagar,40500,11,1267,$0.04,9,33,https://www.mappls.com/cde3s8
1900,karnal bypass,49500,15,975,$0,1,33,https://www.mappls.com/place-karnal+bypass+bus+stop-ah+1-rajiv+nagar-bhalswa+dairy-new+delhi-delhi-110042-s4d4fa@zdata=MjguNzM4MjczKzc3LjE1NDY1OCsxNytzNGQ0ZmErKw==ed
1901,kalindi university,49500,61,103,$0.44,2,21,https://www.mappls.com/3ad861
1902,hyatt regency in kolkata,49500,44,103,$0.92,22,38,https://www.mappls.com/s5e52d
1903,krishna hospital,49500,31,103,$0.06,3,33,https://www.mappls.com/place-krishna+hospital-medical+college+road-in+front+of+paras+fracture+hospital-sagar-madhya+pradesh-470001-01YODG@zdata=MjMuODE0MjE5Kzc4Ljc1NTM3MisxNyswMVlPREcrK25yed
1904,cross river mall shahdara delhi,40500,15,277,$0.20,5,21,https://www.mappls.com/place-cross+river+mall+bus+stop-cbd+shahdara-new+delhi-delhi-110032-ESAB2T@zdata=MjguNjU2MjQxKzc3LjMwMjA5MSsxNytFU0FCMlQrK25yed
1905,film nagar,60500,14,450,$0.09,6,31,https://www.mappls.com/place-film+nagar+club-road+no-82-film+nagar-jubilee+hills-hyderabad-telangana-500096-1FRTQ4@zdata=MTcuNDE0NzA1Kzc4LjQwOTgzOSsxNysxRlJUUTQrK25yed
1906,embassy 247,40500,42,103,$0,12,34,https://www.mappls.com/th2kc8
1907,devi cineplex chennai,49500,16,277,$0.13,2,28,https://www.mappls.com/place-devi+cineplex-anna+samy+street-pudupakkam-chennai-tamil+nadu-600002-vuhls2@zdata=MTMuMDY2MjM4KzgwLjI3MDczNSsxNyt2dWhsczIrKw==ed
1908,devi cinemas chennai,49500,30,103,$0.13,2,29,https://www.mappls.com/place-devi+cineplex-anna+samy+street-pudupakkam-chennai-tamil+nadu-600002-vuhls2@zdata=MTMuMDY2MjM4KzgwLjI3MDczNSsxNyt2dWhsczIrKw==ed
1909,all india medical rishikesh,49500,18,252,$0.09,2,23,https://www.mappls.com/place-aiims+rishikesh-all+india+institute+of+medical+sciences-rishikesh-uttarakhand-249203-PEFUT3@zdata=MzAuMDc4MzU1Kzc4LjI4NTQ5MysxNytQRUZVVDMrK25yed
1910,iskcon temple surat,40500,34,103,$0,8,28,https://www.mappls.com/cuxwdw
1911,hauz khas fort delhi,60500,31,103,$0.12,2,34,https://www.mappls.com/of586h
1912,hassan ksrtc bus stand,40500,17,252,$0,4,19,https://www.mappls.com/place-ksrtc+ticket+booking+centre-ksrtc+bus+stand-bm+road-hassan-karnataka-573201-6GT8XQ@zdata=MTMuMDA2MDUrNzYuMDk5MzcxKzE3KzZHVDhYUSsred
1913,gcc club hotel mira road,49500,26,113,$0.21,14,21,https://www.mappls.com/oq029y
1914,gandhi road,49500,18,371,$0.15,4,24,https://www.mappls.com/place-gandhi+rd+jn-gandhi+road-vellayil-kozhikode-kerala-673011-u48fat@zdata=MTEuMjYzMzIxKzc1Ljc2ODAwNysxNyt1NDhmYXQrKw==ed
1915,taj mahal palace hotel mumbai,49500,26,113,$0.24,48,34,https://www.mappls.com/1ecb2f
1916,sultan bazar,33100,18,371,$0,11,31,https://www.mappls.com/place-sultan+bazaar+metro+station-sultan+bazar+road-badichowdi-koti-hyderabad-telangana-500095-YBOO3M@zdata=MTcuMzg0MjkzKzc4LjQ4MzgxOCsxNytZQk9PM00rK25yed
1917,silk institute,49500,15,742,$0.10,4,16,https://www.mappls.com/place-silk+institute+metro+station+parking-silk+institute-vakil+garden+city-bengaluru-karnataka-560109-KLYK5K@zdata=MTIuODYxODMzKzc3LjUzMDQ3MisxNytLTFlLNUsrK25yed
1918,sector 74,60500,82,103,$0.12,5,19,https://www.mappls.com/place-sector+74+bus+stop-industrial+area-sector+74+phase+8b-mohali-punjab-160055-SOBC9H@zdata=MzAuNzA3ODYzKzc2LjY4Nzk1NisxNytTT0JDOUgrK25yed
1919,ram ashraya,49500,18,371,$0,3,33,https://www.mappls.com/f116db
1920,rajasthan jaipur high court,49500,12,559,$0.20,1,25,https://www.mappls.com/fs2dt1
1921,mall de goa porvorim,49500,24,113,$0,5,21,https://www.mappls.com/place-inox-mall+de+goa-alto+porvorim-porvorim-goa-403521-HDP5AI@zdata=MTUuNTI1NjM1KzczLjgyNzIyMisxNytIRFA1QUkrKw==ed
1922,mahagun metro mall,40500,14,450,$0.11,4,27,https://www.mappls.com/e27371
1923,kolkata new market,49500,16,559,$0.11,1,21,https://www.mappls.com/lb5adk
1924,flora fountain mumbai,49500,35,103,$0.30,7,30,https://www.mappls.com/85tdb4
1925,palladium mall mumbai,90500,21,163,$0.06,5,42,https://www.mappls.com/f6dast
1926,noida sector 126,49500,69,103,$0.12,5,19,https://www.mappls.com/place-hcl+sez-sector+126-noida-uttar+pradesh-201313-GFT9CM@zdata=MjguNTM2MDE0Kzc3LjM0MzkwNisxNytHRlQ5Q00rKw==ed
1927,new market area kolkata,49500,27,118,$0.11,1,24,https://www.mappls.com/lb5adk
1928,mohali walk,49500,21,163,$0.01,4,34,https://www.mappls.com/place-mohali+walk-sector+62+phase+8-mohali-punjab-160062-WZ039O@zdata=MzAuNjk2ODI4Kzc2LjczMjIzKzE3K1daMDM5TysrbnI=ed
1929,vishnu garden,49500,33,103,$0.07,6,34,https://www.mappls.com/place-vishnu+garden+nw+chowk+bus+stop-keshopur+road-ravi+nagar-vishnu+garden-new+delhi-delhi-110018-NYXQ7K@zdata=MjguNjUyMDY3Kzc3LjA5NTgyNysxNytOWVhRN0srK25yed
1930,taj mahal hotel mumbai,49500,36,103,$0.22,48,34,https://www.mappls.com/1ecb2f
1931,sukhdev vihar,49500,31,103,$0.07,4,34,https://www.mappls.com/place-sukhdev+vihar+metro+station-mp+road-masihgarh-new+delhi-delhi-110025-hn9rw5@zdata=MjguNTU5ODErNzcuMjc1MTA0KzE3K2huOXJ3NSsred
1932,st mary's basilica shivaji nagar bangalore,49500,25,133,$0.12,5,26,https://www.mappls.com/8t357e
1933,sri city andhra pradesh,60500,45,103,$0,1,23,https://www.mappls.com/f8gyd2
1934,shivaji nagar bus stop,90500,3,8019,$0,1,33,https://www.mappls.com/g2buun
1935,shalimar bagh metro,49500,33,103,$0.10,3,16,https://www.mappls.com/place-shalimar+bagh+metro+station-wazirpur+industrial+area-new+delhi-delhi-110052-IC6A04@zdata=MjguNzAxNzgzKzc3LjE2NTM2NysxNytJQzZBMDQrK25yed
1936,sector 17 market chandigarh,49500,13,559,$0.10,1,31,https://www.mappls.com/1c7f2c
1937,sayaji baug in vadodara,49500,53,103,$0,6,21,https://www.mappls.com/33636s
1938,sangli bus stand,27100,9,1673,$0.23,6,19,https://www.mappls.com/place-sangli+bus+terminal-patrakar+nagar-sangli-maharashtra-416416-d82tha@zdata=MTYuODUzMjMrNzQuNTYyOTA1KzE3K2Q4MnRoYSsred
1939,pacific mall subhash nagar pvr,49500,14,371,$0.05,4,21,https://www.mappls.com/place-pvr+inox-pacific+subhash+nagar+delhi-third+floor-pacific+mall-tagore+garden-najafgarh+road-near+subhash+nagar+metro+station-new+delhi-delhi-110018-en51ga@zdata=MjguNjQyNDQ2Kzc3LjEwNTg3NisxNytlbjUxZ2ErKw==ed
1940,mundra port,49500,56,103,$0,1,32,https://www.mappls.com/41ea8d
1941,mundra india port,49500,62,103,$0.27,1,37,https://www.mappls.com/41ea8d
1942,manipal hospital in jaipur,49500,37,103,$0.20,6,15,https://www.mappls.com/48f6bf
1943,mall of jaipur,49500,27,108,$0.01,5,29,https://www.mappls.com/place-mall+of+jaipur-near+melodia+building-gandhi+path-vaishali+nagar-jaipur-rajasthan-302021-ojrkmd@zdata=MjYuOTA2Mjg1Kzc1LjczNDM3NCsxNytvanJrbWQrKw==ed
1944,railway junction in goa,49500,43,103,$0.10,1,25,https://www.mappls.com/place-madgaon+railway+station-salcete-south+goa+district-goa-403707-44TD6D@zdata=MTUuMjY3NjQ2KzczLjk3MTA2NisxNys0NFRENkQrK25yed
1945,pvr bhilai,40500,19,163,$0.04,1,31,https://www.mappls.com/place-pvr+inox-treasure+island+bhilai-surya+treasure+island-first+floor-nehru+nagar-bhilai-chhattisgarh-490020-V9CC9S@zdata=MjEuMjE4ODU1KzgxLjMyMjgwMisxNytWOUNDOVMrK25yed
1946,periyar bus stand madurai,40500,30,103,$0,12,21,https://www.mappls.com/1umppq
1947,hauz khas fort,33100,37,103,$0,6,24,https://www.mappls.com/of586h
1948,gulmohar park,40500,22,212,$0.34,9,19,https://www.mappls.com/kncu0a
1949,bharat petroleum cng,40500,14,559,$0.30,1,25,https://www.mappls.com/place-bpcl+cng+station-chennai-bharat+petroleum+petrol+pump-cathedral+road-chennai-tamil+nadu-600086-8FCGOW@zdata=MTMuMDQ5MzMrODAuMjUzMDYrMTcrOEZDR09XKytucg==ed
1950,basti railway station up,49500,34,103,$0.10,1,20,https://www.mappls.com/efsct3
1951,baroda gramin bank up,49500,27,118,$1.10,1,24,https://www.mappls.com/b3xgg0
1952,bangalore st mary's basilica,49500,19,277,$0.11,5,17,https://www.mappls.com/8t357e
1953,ashar it park,49500,21,163,$0.96,6,29,https://www.mappls.com/place-ashar+it+park-wagle+estate+midc-thane+west-thane-maharashtra-400604-tttcb4@zdata=MTkuMTk4MzQzKzcyLjk1Mzk2OCsxNyt0dHRjYjQrKw==ed
1954,annapurna mandir,49500,25,133,$0,5,34,https://www.mappls.com/place-shri+maa+annapurna+mandir+old+subhash+nagar-govindpura-bhopal-madhya+pradesh-462023+bhopal-E22V3W@zdata=MjMuMjQ2ODI0MDAwMDAwMSs3Ny40MzUzNysxNytFMjJWM1c=ed
1955,aiims bilaspur,49500,30,103,$0,1,32,https://www.mappls.com/iewmrg
1956,central jail,40500,48,103,$0,3,31,https://www.mappls.com/place-central+jail+jaipur-agra+road-fateh+tibba-adarsh+nagar-jaipur-rajasthan-302004-BB46T8@zdata=MjYuOTExNTYrNzUuODI4ODI3KzE3K0JCNDZUOCsrbnI=ed
1957,kailash nagar,49500,23,163,$0,7,35,https://www.mappls.com/place-kailash+nagar-kailash+nagar-dindoli-surat-gujarat-394210-C87AB5@zdata=MjEuMTU0OTg0KzcyLjg3NDgxMisxNytDODdBQjUrKw==ed
1958,sarangpur in gujarat,49500,28,118,$0,1,23,https://www.mappls.com/fn2ktx
1959,sambalpur station,40500,35,103,$0,1,31,https://www.mappls.com/place-sambalpur+city+railway+station-dhanakauda-sambalpur-odisha-768001-51381A@zdata=MjEuNDc2NTA3Kzg0LjAwNzQ5NCsxNys1MTM4MUErK25yed
1960,raj high court jaipur,49500,14,292,$0.11,1,21,https://www.mappls.com/fs2dt1
1961,r h c jaipur,49500,9,975,$0.18,1,29,https://www.mappls.com/fs2dt1
1962,periyar bus stand,40500,19,371,$0,12,29,"https://www.mappls.com/direction-from--to-periyar+bus+terminal,+west+veli+street,+bus+stand+area,+periyar,+madurai+main,+madurai,+tamil+nadu,+625001?@zdata=ZnJvbSsrdG8rNzguMTExMjY4LDkuOTE1MTgxMDAwMDAwMSxCOFI4OFQrdmlh"
1963,sundar theatre chennai,49500,19,163,$0.07,1,22,https://www.mappls.com/btfb56
1964,sundar cinemas chennai,49500,19,163,$0.07,1,22,https://www.mappls.com/btfb56
1965,central bus station tiruchirappalli,49500,17,450,$0.06,2,24,https://www.mappls.com/place-trichy+new+central+bus+stand-nh+38-srirangam-tiruchirappalli+district-tamil+nadu-620012-YX8L4L@zdata=MTAuNzU1NjU2Kzc4LjY1NDM3KzE3K1lYOEw0TCsrbnI=ed
1966,unity small finance bank,49500,26,103,$0.57,3,20,https://www.mappls.com/1jhf8p
1967,location of silent valley,49500,65,103,$0.24,1,37,https://www.mappls.com/1f25e6
1968,jan seva kendra in up,40500,18,371,$0.22,1,14,https://www.mappls.com/place-jan+sewa+kendra-mangal+pande+marg-ram+das+hata-sadar+bazar+area-lucknow+cantt+township-lucknow-uttar+pradesh-226002-FRGSY2@zdata=MjYuODI3OTgyKzgwLjk0MzA3NisxNytGUkdTWTIrKw==ed
1969,patancheru telangana,49500,38,103,$0.12,4,21,https://www.mappls.com/uvnz8n
1970,palladium shopping mall mumbai,74000,20,212,$0.13,4,42,https://www.mappls.com/f6dast
1971,nhpc chowk metro station,49500,21,163,$0.11,3,14,https://www.mappls.com/place-nhpc+chowk+metro+station-mhpc+chowk-faridabad-haryana-121003-7JIV6H@zdata=MjguNDU3OTQzKzc3LjMwNzM2MSsxNys3SklWNkgrK25yed
1972,nada sahib,49500,22,163,$0.12,4,24,https://www.mappls.com/place-gurudwara+shri+nada+sahib-nada+sahib-district+panchkula-panchkula-haryana-134109-AS2TS7@zdata=MzAuNjk0NDIrNzYuODgxNDA3KzE3K0FTMlRTNysred
1973,marine line railway station,49500,11,1673,$0.13,2,21,https://www.mappls.com/place-marine+lines+railway+station+east-maharishi+karve+road-marine+line-mumbai-maharashtra-400002-CE6TF2@zdata=MTguOTQ1Mzk4KzcyLjgyNDE4MSsxNytDRTZURjIrK25yed
1974,community centre,49500,39,103,$0,3,33,https://www.mappls.com/yoe03p
1975,city market,49500,20,292,$0.08,1,21,https://www.mappls.com/f5ukdw
1976,aiims in raipur,49500,17,292,$0.13,1,26,https://www.mappls.com/place-aiims+raipur-ge+road-tatibandh-raipur-chhattisgarh-492010-PHLOXM@zdata=MjEuMjU2OTA1KzgxLjU3OTM2NSsxNytQSExPWE0rK25yed
1977,43 bus stand chandigarh,49500,54,103,$0.10,5,22,https://www.mappls.com/p888yv
1978,birla mandir hyderabad,49500,28,118,$0,7,30,https://www.mappls.com/837w52
1979,hanuman mandir connaught place,90500,17,559,$0.39,1,33,https://www.mappls.com/place-prachin+hanuman+mandir-baba+kharak+singh+marg+area-hanuman+road+area-connaught+place-new+delhi-delhi-110001-4B1A8F@zdata=MjguNjI5OTM4Kzc3LjIxNDkyNysxNys0QjFBOEYrKw==ed
1980,godown,49500,69,103,$0.72,1,45,https://www.mappls.com/place-godown-thangavel+nagar-shivaya+nagar-salem-tamil+nadu-636004-BQ1VPS@zdata=MTEuNjc3NjQxKzc4LjEzODQxKzE3K0JRMVZQUysred
1981,ganpati plaza jaipur,40500,11,975,$0,5,27,https://www.mappls.com/8fbtss
1982,vidhya theatre,49500,10,742,$0.14,1,32,https://www.mappls.com/dea661
1983,vani gad,27100,27,118,$0.06,1,19,https://www.mappls.com/qimloh
1984,tirunelveli junction,40500,26,133,$0,1,31,https://www.mappls.com/c6c2cc
1985,mettur dam location,49500,41,103,$0,1,27,https://www.mappls.com/place-mettur+dam-mettur-tamil+nadu-636401-S7T4B6@zdata=MTEuODAxNzI0Kzc3LjgwODU0KzE3K1M3VDRCNisred
1986,mehta hospital,33100,19,277,$0.44,10,31,https://www.mappls.com/place-dr+mehta+s+hospitals-no+50-poonamallee+high+road-velappanchavadi-chennai-tamil+nadu-600017-ZDUFRS@zdata=MTMuMDM1MDQ3KzgwLjIzMDYzOCsxNytaRFVGUlMrK25yed
1987,ksrtc thrissur bus stand,49500,18,292,$0.10,3,18,https://www.mappls.com/place-ksrtc+bus+stand-rs+road-marar+road+area-veliyannur-thrissur-kerala-680001-M7M56D@zdata=MTAuNTE5MTUxKzc2LjIxMDYzOSsxNytNN001NkQrK25yed
1988,patna bus stand,49500,19,450,$0.07,4,29,https://www.mappls.com/place-patna+junction+bus+stand-rajendra+path-fraser+road+area-patna-bihar-800001-8T4B74@zdata=MjUuNjA0NjI1Kzg1LjEzNjUwMisxNys4VDRCNzQrK25yed
1989,museum patna,40500,52,103,$0,2,31,https://www.mappls.com/11wvec
1990,rohini east,49500,8,3262,$0.10,4,18,https://www.mappls.com/place-rohini+east+metro+station-bhagwan+mahaveer+marg-new+delhi-delhi-110085-BC88B3@zdata=MjguNzA3NDU3Kzc3LjEyNjAwOSsxNytCQzg4QjMrK25yed
1991,ram leela ground,49500,12,1267,$0.13,3,32,https://www.mappls.com/gjwllb
1992,khar road railway station mumbai maharashtra,49500,10,1267,$0.07,4,19,https://www.mappls.com/place-khar+road+railway+station-khar+east-mumbai-maharashtra-400052-e66246@zdata=MTkuMDY5NjgyKzcyLjgzOTkxMysxNytlNjYyNDYrKw==ed
1993,karjat railway station,49500,26,108,$0,1,27,https://www.mappls.com/place-karjat+railway+station-aamrai-karjat-maharashtra-410201-2C43EA@zdata=MTguOTEwMzA3KzczLjMyMTAxOCsxNysyQzQzRUErK25yed
1994,delhi gymkhana club,27100,24,163,$0.59,5,23,https://www.mappls.com/fa338a
1995,cyber towers hitech city,49500,5,3262,$0.18,8,24,https://www.mappls.com/place-cyber+towers-hitec+city-madhapur-hyderabad-telangana-500081-166T81@zdata=MTcuNDUwMzgrNzguMzgxNDIzKzE3KzE2NlQ4MSsrbnI=ed
1996,constitutional club of india,49500,24,163,$0.15,2,37,https://www.mappls.com/place-constitution+club+of+india-state+emporium+complex-vallabhbhai+patel+house-rafi+marg-raisina+marg-near+atlanta+hotel-new+delhi-delhi-110001-73Z7F8@zdata=MjguNjE5OTI4Kzc3LjIxMzQwNisxNys3M1o3RjgrK25yed
1997,chandigarh bus stand,49500,22,212,$0.05,3,28,https://www.mappls.com/place-sector+43+inter+state+bus+terminus-sector+43-chandigarh-160043-s22ba5@zdata=MzAuNzE2MzYxKzc2Ljc0NDQ1NSsxNytzMjJiYTUrKw==ed
1998,harsh vihar delhi,40500,38,103,$0,9,28,https://www.mappls.com/jltw61
1999,gopalakrishna theatre chennai,40500,9,1267,$0.10,1,18,https://www.mappls.com/place-sri+gopala+krishna+theatre-karanodai-gnt+road-near+saranya+shoe+mart-chennai-tamil+nadu-600067-FBE1S6@zdata=MTMuMjQ5OTMyKzgwLjE1NjU2KzE3K0ZCRTFTNisred
2000,anjaneya temple,40500,23,212,$0,3,31,https://www.mappls.com/u1ma2n
2001,ambit it park,49500,24,133,$0.02,5,29,https://www.mappls.com/17a8tf
2002,al ameen mission,49500,23,118,$0,1,27,https://www.mappls.com/y82o6l
2003,airport t2,49500,27,113,$0.12,3,28,https://www.mappls.com/i52w47
2004,chas,49500,18,252,$0.16,1,46,https://www.mappls.com/dflure
2005,secunderabad bus station,40500,32,103,$0,13,29,https://www.mappls.com/place-secunderabad+bus+stand-rezimental+bazar+main+road-second+bazar-secunderabad-telangana-500003-bed5ft@zdata=MTcuNDM1OTg3Kzc4LjUwMDAwNCsxNytiZWQ1ZnQrK25yed
2006,sector 17 market,40500,9,1267,$0,1,25,https://www.mappls.com/1c7f2c
2007,sayaji baug,49500,37,103,$0,6,34,https://www.mappls.com/33636s
2008,lucknow pgi,49500,28,113,$0.06,1,19,https://www.mappls.com/place-sgpgi+session+-+11-sgpgi-rbl+road-lucknow-uttar+pradesh-226014-PBWHBH@zdata=MjYuNzQzNDcxKzgwLjk0NDcyOCsxNytQQldIQkgrK25yed
2009,kuber bhandari shiva temple,49500,32,103,$0.20,1,12,https://www.mappls.com/xf7d6n
2010,opulent mall in ghaziabad,49500,18,212,$0.12,5,21,https://www.mappls.com/b3cca7
2011,ooty bus stand,49500,39,103,$0.19,3,28,https://www.mappls.com/place-ooty+market+bus+stand-ooty+mini+bus+stop-upper+bazar-ooty-tamil+nadu-643001-uxql2e@zdata=MTEuNDA0NzQ1Kzc2LjcwMTE2NisxNyt1eHFsMmUrKw==ed
2012,nigam bodh ghat,33100,10,742,$0.72,13,26,https://www.mappls.com/bss2e5
2013,new market in india,49500,44,103,$0.11,1,19,https://www.mappls.com/lb5adk
2014,navigation,49500,52,103,$0.02,2,46,https://about.mappls.com/app/
2015,myntra office,49500,18,371,$0.16,4,26,https://www.mappls.com/place-myntra+office+zarkawt-aizawl-mizoram-796001+aizawl-Y3B5Q7@zdata=MjMuNzM1ODE5KzkyLjcxNjQwOCsxNytZM0I1UTc=ed
2016,modi mall,49500,9,742,$0,6,34,https://www.mappls.com/t33b76
2017,sector 125 noida,49500,44,103,$0.10,5,17,https://www.mappls.com/e7cru7
2018,rajasthan high court jaipur rajasthan,49500,10,975,$0.20,1,23,https://www.mappls.com/fs2dt1
2019,railway station goa,49500,57,103,$0.03,1,28,https://www.mappls.com/place-madgaon+railway+station-salcete-south+goa+district-goa-403707-44TD6D@zdata=MTUuMjY3NjQ2KzczLjk3MTA2NisxNys0NFRENkQrKw==ed
2020,railway station bus stop,49500,21,252,$0.15,6,19,https://www.mappls.com/place-railway+station+bus+stop-west+veli+street-madurai+railway+station+area-madurai-tamil+nadu-625016-5CX2G4@zdata=OS45MTg3NDIwMDAwMDAxKzc4LjExMTYwOSsxNys1Q1gyRzQrK25yed
2021,radha chowk,49500,18,277,$0.12,5,21,https://www.mappls.com/scf5es
2022,pune tilak road,49500,47,103,$0.16,5,21,https://www.mappls.com/fxszvy
2023,pgi in lucknow,49500,40,103,$0.03,1,19,https://www.mappls.com/xjmrbt
2024,pay to use toilet,60500,22,212,$0.05,1,26,https://www.mappls.com/search-near-Pay%20and%20Use%20Toilet@zdata=ODguMTQyMTU2LDI0Ljk5NzA4Mg==
2025,sports club of india,49500,75,103,$0.08,5,21,https://www.mappls.com/place-national+sports+club+of+india-national+stadium-mathura+road-new+delhi-delhi-110001-5s6368@zdata=MjguNjE1MDAyKzc3LjIzOTQxOSsxNys1czYzNjgrKw==ed
2026,high court jaipur,49500,15,277,$0.04,1,39,https://www.mappls.com/fs2dt1
2027,gopala krishna theatre chennai,49500,7,1267,$0.04,1,17,https://www.mappls.com/place-sri+gopala+krishna+theatre-karanodai-gnt+road-near+saranya+shoe+mart-chennai-tamil+nadu-600067-FBE1S6@zdata=MTMuMjQ5OTMyKzgwLjE1NjU2KzE3K0ZCRTFTNisred
2028,ganpati plaza,40500,9,1267,$0,11,34,https://www.mappls.com/8fbtss
2029,g k cinemas,49500,8,975,$0.02,1,25,https://www.mappls.com/s2c288
2030,bhakti park,49500,10,1673,$1.53,3,33,https://www.mappls.com/place-bhakti+park-bhakti+park-wadala+east-mumbai-maharashtra-400037-8S672T@zdata=MTkuMDI4MDI2KzcyLjg4MTA2OSsxNys4UzY3MlQrKw==ed
2031,airlines hotel,49500,26,133,$0.26,5,34,https://www.mappls.com/e7bs6c
2032,vagator,40500,20,212,$0.39,6,45,https://www.mappls.com/place-vagator+beach-vagator-anjuna-goa-403509-7A8TBC@zdata=MTUuNjAxNzgxKzczLjczMzY0MisxNys3QThUQkMrKw==ed
2033,dwaraka nagar visakhapatnam,40500,8,1673,$0.24,8,20,https://www.mappls.com/place-dwaraka+nagar+bus+station-rtc+complex-dwarka+nagar-visakhapatnam-andhra+pradesh-530020-EM6NQX@zdata=MTcuNzIzODErODMuMzA2NzI0KzE3K0VNNk5RWCsrbnI=ed
2034,delhi chor bazaar,49500,15,742,$0,3,28,https://www.mappls.com/place-chor+bazaar-chandni+chowk-near+red+fort-new+delhi-delhi-110006-C4MTPN@zdata=MjguNjUwNzU0Kzc3LjIzNTE3MisxNytDNE1UUE4rKw==ed
2035,sri srinivasa temple,33100,31,113,$0.27,5,18,https://www.mappls.com/jvz4lk
2036,sri nagar colony,49500,16,450,$0.10,6,29,https://www.mappls.com/place-srinagar+colony+recreation+club-sri+nagar+colony-hyderabad-telangana-500073-JQD3YL@zdata=MTcuNDI5OTQ2Kzc4LjQzOTIzNysxNytKUUQzWUwrK25yed
2037,sirsi circle gopalan mall,49500,20,133,$0,6,21,https://www.mappls.com/diod41
2038,sewri mumbai,40500,62,103,$0.44,4,32,"https://www.mappls.com/direction-from--to-,+sewri,+mumbai,+maharashtra,+400015?@zdata=ZnJvbSsrdG8rNzIuODQ3NDI5LDE4Ljk5NzQ5OCxUSkVBWEwrdmlh"
2039,vagator goa,40500,40,103,$0.39,6,32,https://www.mappls.com/place-vagator+beach-vagator-anjuna-goa-403509-7A8TBC@zdata=MTUuNjAxNzgxKzczLjczMzY0MisxNys3QThUQkMrKw==ed
2040,thane station,49500,35,103,$0,1,33,https://www.mappls.com/place-thane+railway+station+west-jambli+naka-thane+west-thane-maharashtra-400601-CBDA35@zdata=MTkuMTg2NjA1KzcyLjk3NTQ2NCsxNytDQkRBMzUrK25yed
2041,tambaram vidya theatre,49500,11,559,$0.36,1,20,https://www.mappls.com/dea661
2042,krishna temple near me,49500,29,103,$0,1,20,https://www.mappls.com/h6dc96
2043,krish hospital,49500,18,292,$0.36,5,34,"https://www.mappls.com/hospitals/near/21.081503,84.877791"
2044,jan seva kendra uttar pradesh,40500,19,292,$0,1,18,https://www.mappls.com/u6lenn
2045,ntr university of health sciences,49500,17,252,$0.36,1,19,https://www.mappls.com/4ebcd5
2046,noida cricket stadium,40500,22,212,$0,5,27,https://www.mappls.com/place-greater+noida+cricket+stadium-infront+of+jp+integrated+sports+complex-gautam+buddha+nagar-greater+noida-uttar+pradesh-201310-daee56@zdata=MjguNDcwNDY5Kzc3LjUxOTk1OCsxNytkYWVlNTYrKw==ed
2047,nehru park mumbai,49500,18,371,$0.10,5,25,https://www.mappls.com/place-kamala+nehru+park-dadi+sheth+wadi-bg+kher+road-malabar+hill-mumbai-maharashtra-400006-A5CFFT@zdata=MTguOTU0OTg4KzcyLjgwNTQwMSsxNytBNUNGRlQrK25yed
2048,rajasthan high court jaipur,49500,6,1673,$0.07,1,34,https://www.mappls.com/fs2dt1
2049,pvp square vijayawada andhra pradesh,49500,12,559,$0.20,7,21,https://www.mappls.com/vbue6o
2050,building 1,40500,85,103,$0.18,3,22,"https://www.mappls.com/direction-from--to-vodafone,+1st+floor,+unit+1a+&+1b,+creator+building,+concourse,+international+technology+park+bangalore,+whitefield+road,+bengaluru,+karnataka,+560066?@zdata=ZnJvbSsrdG8rNzcuNzM2NDcxLDEyLjk4NDk3MSxTUzZEMVQrdmlh"
2051,bank colony,40500,12,742,$0,1,30,https://www.mappls.com/place-bank+colony-new+bank+colony-pathankot-punjab-145001-FKAL9T@zdata=MzIuMjc4MjY4Kzc1LjY0Mjk5MysxNytGS0FMOVQrKw==ed
2052,banjara hills road no 12,33100,5,8019,$0,12,18,"https://www.mappls.com/direction-from--to-,+road+no+12,+banjara+hills,+hyderabad,+telangana,+500034?@zdata=ZnJvbSsrdG8rNzguNDM3Mjc0LDE3LjQwOTUzOCxUU0NFQTUrdmlh"
2053,alwaye india,49500,52,103,$0.11,1,22,https://www.mappls.com/place-alwaye+sp+office+netaji+road-periyar+nagar-aluva-kerala-683101+aluva-4RTJR1@zdata=MTAuMTAwMjUrNzYuMzU3NCsxNys0UlRKUjE=ed
2054,aiims rishikesh hospital,40500,18,450,$0.15,3,33,https://www.mappls.com/place-aiims+rishikesh-all+india+institute+of+medical+sciences-rishikesh-uttarakhand-249203-PEFUT3@zdata=MzAuMDc4MzU1Kzc4LjI4NTQ5MysxNytQRUZVVDMrK25yed
2055,agra fort station,49500,51,103,$0,3,28,https://www.mappls.com/2bsa88
2056,9th block,40500,17,450,$0.21,3,19,https://www.mappls.com/mt5tx4
2057,dmc hospital ludhiana,49500,13,1267,$0.45,4,29,https://www.mappls.com/place-dayanand+medical+college+and+hospital-civil+lines-tagore+nagar-civil+lines-ludhiana-punjab-141001-3dee5b@zdata=MzAuOTE2NDYyKzc1LjgzNjEyNisxNyszZGVlNWIrK25yed
2058,district centre,49500,22,163,$0.10,3,22,https://www.mappls.com/118e51
2059,devi theatre in chennai,49500,29,103,$0.13,2,33,https://www.mappls.com/place-devi+cineplex-anna+samy+street-pudupakkam-chennai-tamil+nadu-600002-vuhls2@zdata=MTMuMDY2MjM4KzgwLjI3MDczNSsxNyt2dWhsczIrKw==ed
2060,chor bazaar in delhi location,49500,11,1673,$0.06,3,30,https://www.mappls.com/place-chor+bazaar-chandni+chowk-near+red+fort-new+delhi-delhi-110006-C4MTPN@zdata=MjguNjUwNzU0Kzc3LjIzNTE3MisxNytDNE1UUE4rKw==ed
2061,high court jaipur rajasthan,49500,15,292,$0.20,1,22,https://www.mappls.com/fs2dt1
2062,sayaji garden vadodara,49500,46,103,$0,6,29,https://www.mappls.com/33636s
2063,sayaji baug vadodara,49500,36,103,$0,6,29,https://www.mappls.com/33636s
2064,rama mandi jalandhar,40500,29,103,$0.19,4,19,"https://www.mappls.com/direction-from--to-,+datar+nagar,+rama+mandi,+jalandhar,+punjab,+144005?@zdata=ZnJvbSsrdG8rNzUuNjMxNzQsMzEuMzE5MjAzLEtDT0Y0TCt2aWE="
2065,st john's hospital,49500,28,113,$0.58,7,30,https://www.mappls.com/bc5fc7
2066,solitaire corporate park,49500,21,163,$0.55,6,29,https://www.mappls.com/e03g7s
2067,sion railway station mumbai,49500,14,450,$0.08,2,25,https://www.mappls.com/place-sion+railway+station-sion+bandra+link+road-mumbai-maharashtra-400022-F1A5T2@zdata=MTkuMDQ3MDc2KzcyLjg2MzU5NCsxNytGMUE1VDIrK25yed
2068,silent valley national park palakkad,49500,41,103,$0,1,18,https://www.mappls.com/x0uejx
2069,nexus ahmedabad one,40500,20,212,$0,6,27,https://www.mappls.com/place-nexus+ahmedabad+one-plot+no+216-tp+scheme-1-opposite+vastrapur+lake-216-vastrapur-ahmedabad-gujarat-380015-6927bf@zdata=MjMuMDM5ODc4KzcyLjUzMTEwMisxNys2OTI3YmYrKw==ed
2070,new market of kolkata,49500,21,212,$0.11,1,21,https://www.mappls.com/lb5adk
2071,ramlila ground,49500,6,4816,$0,6,34,https://www.mappls.com/sfab35
2072,radisson blu hotel new delhi paschim vihar new delhi delhi,49500,53,103,$0.62,8,43,https://www.mappls.com/qlbg12
2073,hotel india varanasi,60500,19,212,$0.15,98,61,https://www.mappls.com/place-hotel+india+varanasi-59-patel+nagar-cantonment-behind+railway+station-varanasi-uttar+pradesh-221002-FFTAT1@zdata=MjUuMzMxNzY3KzgyLjk4NTM0NisxNytGRlRBVDErKw==ed
2074,high court rajasthan jaipur,49500,16,277,$0.07,1,38,https://www.mappls.com/fs2dt1
2075,high court in jaipur,49500,13,450,$0.07,1,40,https://www.mappls.com/fs2dt1
2076,hanuman temple karol bagh,49500,21,277,$0,4,21,https://www.mappls.com/place-hanuman+mandir-dev+nagar+karol+bagh-new+delhi-delhi-110005-CC8LT8@zdata=MjguNjU0MjMxKzc3LjE4NDczNysxNytDQzhMVDgrKw==ed
2077,hanuman mandir karol bagh,40500,20,292,$0,5,19,https://www.mappls.com/place-hanuman+mandir-dev+nagar+karol+bagh-new+delhi-delhi-110005-CC8LT8@zdata=MjguNjU0MjMxKzc3LjE4NDczNysxNytDQzhMVDgrKw==ed
2078,goalpara assam,49500,92,103,$0,1,32,https://www.mappls.com/place-goalpara+municipality-agia+road-goalpara-assam-783101-wqxd0v@zdata=MjYuMTY5OTYxKzkwLjYyNTA3NysxNyt3cXhkMHYrKw==ed
2079,jaipur gandhinagar,49500,47,103,$0.06,4,19,https://www.mappls.com/place-gandhi+nagar+jaipur+railway+station-bajaj+nagar-jaipur-rajasthan-302015-36CEC4@zdata=MjYuODczNDM0Kzc1Ljc5OTI2MisxNyszNkNFQzQrK25yed
2080,india 1 atm,49500,25,108,$0.02,1,13,https://www.mappls.com/place-india1+atm-malappuram-ponnani-kerala-679583-bt82qi@zdata=MTAuNzY3NDYrNzUuOTI1ODExKzE3K2J0ODJxaSsred
2081,hyderabad race club hyderabad telangana,40500,8,1267,$0.05,1,26,https://www.mappls.com/place-hyderabad+race+club+offcourse+tote+centre-1st+and+2nd+floor-heritage+fresh+building-rukminipuri+colony-a+s+rao+nagar-hyderabad-telangana-500062-4DHMNB@zdata=MTcuNDgyMTg1Kzc4LjU1Mzc0NysxNys0REhNTkIrK25yed
2082,marine lines station mumbai,49500,45,103,$0.13,2,25,https://www.mappls.com/place-marine+lines+railway+station+bus+stop-maharshi+karve+marg-marine+lines-mumbai-maharashtra-400002-CQD69R@zdata=MTguOTQ1NDEzKzcyLjgyNDQyOCsxNytDUUQ2OVIrK25yed
2083,margao bus stand,40500,16,371,$0,7,28,https://www.mappls.com/415ft3
2084,baralacha la,49500,31,103,$0,1,32,https://www.mappls.com/33t38c
2085,atta market noida,60500,13,975,$0,2,32,https://www.mappls.com/place-atta+market+sector+18+noida-TD3T61@zdata=MjguNTcwNDc0Kzc3LjMyNjA3NisxNytURDNUNjE=ed
2086,andheri mumbai railway station,60500,34,103,$0.13,8,39,https://www.mappls.com/place-andheri+west+railway+station-andheri+east-mumbai-maharashtra-400053-14tbfc@zdata=MTkuMTE5Njg2KzcyLjg0NjU1NCsxNysxNHRiZmMrKw==ed
2087,agra fort railway station agra uttar pradesh,49500,26,118,$0.05,2,23,https://www.mappls.com/2bsa88
2088,cyber towers hyderabad,40500,8,4816,$0.15,7,18,https://www.mappls.com/place-cyber+towers-hitec+city-madhapur-hyderabad-telangana-500081-166T81@zdata=MTcuNDUwMzgrNzguMzgxNDIzKzE3KzE2NlQ4MSsrbnI=ed
2089,ctc bus stand,49500,19,292,$0.11,3,25,https://www.mappls.com/place-ctc+bus+depot-kidderpore-kolkata-west+bengal-700023-e246sc@zdata=MjIuNTM4ODY0Kzg4LjMxNzU0MysxNytlMjQ2c2MrKw==ed
2090,buddha jayanti park,49500,24,212,$0,4,29,https://www.mappls.com/place-buddha+jayanti+park-vande+mataram+marg-central+ridge+reserve+forest-new+delhi-delhi-110060-d14cb5@zdata=MjguNjE3MTg1Kzc3LjE3ODU3MSsxNytkMTRjYjUrKw==ed
2091,vadodara sayaji baug,49500,34,103,$0.11,3,18,https://www.mappls.com/33636s
2092,tower 8,49500,5,3262,$0.16,3,17,https://www.mappls.com/zfifft
2093,the mission hospital durgapur,49500,14,371,$0,1,19,https://www.mappls.com/place-the+mission+hospital-82-maulana+azad+sarani-sail+co-operative-city+center-durgapur-west+bengal-713216-PUZ7SQ@zdata=MjMuNTQ0MzM0Kzg3LjMwMjQ1NisxNytQVVo3U1ErK25yed
2094,taj mahal palace mumbai,49500,25,133,$0.22,48,34,https://www.mappls.com/1ecb2f
2095,srp tools,49500,10,1673,$0.09,9,21,https://www.mappls.com/place-srp+tools+bus+stop-tharamani-chennai-tamil+nadu-600041-GV4K9V@zdata=MTIuOTgwMzU5KzgwLjI1MTU4MysxNytHVjRLOVYrK25yed
2096,south bihar,60500,13,371,$0,1,29,https://www.mappls.com/place-south+bihar+power+distribution+company-kargil+chowk-bakarganj-patna-bihar-800004-46qwoi@zdata=MjUuNjE4NDU2Kzg1LjE0OTA0MisxNys0NnF3b2krKw==ed
2097,sayaji garden,49500,30,113,$0,3,33,https://www.mappls.com/33636s
2098,patna museum patna,49500,38,103,$0.17,4,39,https://www.mappls.com/18b12e
2099,panipat bus stand,49500,18,277,$0,1,27,https://www.mappls.com/place-panipat+bus+stand-sewah-panipat-haryana-132108-1CL6PY@zdata=MjkuMzQxNjk0Kzc2Ljk4MTUxNysxNysxQ0w2UFkrK25yed
2100,pali hill bandra,49500,21,252,$0.13,4,29,https://www.mappls.com/place-railway+colony+pali+hill-shirley-bandra+west-mumbai-maharashtra-400050-VLXC2K@zdata=MTkuMDY0ODI2KzcyLjgyNDA2MSsxNytWTFhDMksrKw==ed
2101,ntr university of health sciences india,49500,32,103,$0.17,4,26,https://www.mappls.com/4ebcd5
2102,noida sector 63,40500,19,252,$0.64,3,26,https://www.mappls.com/vlvlwv
2103,nexus celebration mall udaipur,49500,29,103,$0,6,21,https://www.mappls.com/o8nqw5
2104,nagari,49500,43,103,$0,1,45,https://www.mappls.com/bfbet5
2105,mgm new bombay hospital,49500,15,371,$0.82,3,29,https://www.mappls.com/c1t577
2106,maharani bagh,49500,32,103,$0.17,4,34,https://www.mappls.com/place-ashram+metro+station-ring+road-maharani+bagh-new+delhi-delhi-110065-3F7F9C@zdata=MjguNTcyNDc4Kzc3LjI1ODkyNSsxNyszRjdGOUMrK25yed
2107,ram ghat,49500,26,133,$0,1,32,https://www.mappls.com/place-ram+ghat-kartik+chowk-jaisinghpura-ram+ghat+marg-ujjain-madhya+pradesh-456006-6t7s3b@zdata=MjMuMTg2MzcyKzc1Ljc2NDA5KzE3KzZ0N3MzYisred
2108,port of mundra india,49500,87,103,$0.27,1,37,https://www.mappls.com/e65363
2109,india kolkata new market,60500,23,212,$0.05,1,19,https://www.mappls.com/lb5adk
2110,buddha jayanti park new delhi,49500,21,212,$0.23,4,21,https://www.mappls.com/place-buddha+jayanti+park-vande+mataram+marg-central+ridge+reserve+forest-new+delhi-delhi-110060-d14cb5@zdata=MjguNjE3MTg1Kzc3LjE3ODU3MSsxNytkMTRjYjUrKw==ed
2111,dry fruit house,33100,18,371,$0.29,11,26,https://www.mappls.com/place-dry+fruits+house-subramanyapura+main+road-uttarahalli-bengaluru-karnataka-560061-F76MTX@zdata=MTIuOTAzOTMyKzc3LjU0NDIyNCsxNytGNzZNVFgrK25yed
2112,bhiwandi road,33100,71,103,$0,3,28,https://www.mappls.com/place-bhiwandi+road+rpf+thane-railway+station+road-tadali-kamat+ghar-bhiwandi-maharashtra-421302-9GLF79@zdata=MTkuMjcwMjYyKzczLjA0NDczKzE3KzlHTEY3OSsrbnI=ed
2113,haldiram connaught place,40500,23,133,$0.15,4,27,https://www.mappls.com/qgubnk
2114,gayatri nagar,49500,19,277,$0,4,34,https://www.mappls.com/kvst8j
2115,east fort,40500,18,277,$0,12,34,https://www.mappls.com/tuudl5
2116,windmill in pune,33100,27,93,$0.16,2,23,https://www.mappls.com/place-windmill+resort+nda+road-warje+malwadi-pune-maharashtra-411058+pune-F17B8C@zdata=MTguNDg4MDUrNzMuNzc5OTA4KzE3K0YxN0I4Qw==ed
2117,up power corporation,40500,43,85,$0.14,1,47,https://www.mappls.com/+-near-Uttar%20Pradesh%20Power%20Corporation%20Ltd(%20UPPCL%20)@zdata=NzkuNDI0NjUzLDI4LjM0MzU1Mis=
2118,tcs synergy park,22200,10,2668,$0,15,24,https://www.mappls.com/8bsd74
2119,shastri bhawan,40500,21,133,$0,3,31,https://www.mappls.com/place-shastri+bhawan-dr+rajendra+prasad+road-central+secretariat-new+delhi-delhi-110001-6qrkbo@zdata=MjguNjE2Mzc5Kzc3LjIxNTQ2OCsxNys2cXJrYm8rKw==ed
2120,vidarbha cricket association stadium nagpur,110000,21,174,$0,1,35,https://www.mappls.com/jkdtvq
2121,vasant square mall delhi,40500,17,226,$0.18,4,17,https://www.mappls.com/place-vasant+square-plot+no+a-pocket+5-sector+b-vasant+kunj-new+delhi-delhi-110070-4ed8a3@zdata=MjguNTI0ODg1Kzc3LjE1NjUyKzE3KzRlZDhhMysred
2122,road number 1,40500,22,174,$0.12,4,42,"https://www.mappls.com/direction-from--to-,+road+number+1,+phase+1,+kphb+colony,+kukatpally,+hyderabad,+telangana,+500072?@zdata=ZnJvbSsrdG8rNzguNDAxMzEsMTcuNDkwOTQxLFREMURFNSt2aWE="
2123,hapur junction,33100,26,89,$0,1,28,https://www.mappls.com/245d4s
2124,ganga theater kolathur,40500,25,85,$0.14,2,26,https://www.mappls.com/place-sri+ganga+cinemas-846+villivakkam+redhills+road-kolathur-near+perumal+koil-chennai-tamil+nadu-600099-47e1da@zdata=MTMuMTI0OTA2KzgwLjIxNzg2MysxNys0N2UxZGErK25yed
2125,kims hospital & research centre,40500,31,85,$0.11,4,19,https://www.mappls.com/w5ygtd
2126,kasu brahmananda reddy national park hyderabad,40500,34,85,$0.09,2,35,https://www.mappls.com/ft6fd4
2127,kanhaiya nagar,40500,36,85,$0,5,32,https://www.mappls.com/1jme59
2128,jbs parade ground,40500,11,797,$0,6,27,https://www.mappls.com/ycrhi5
2129,jamshedpur prabhat khabar,60500,12,607,$0.17,1,31,https://www.mappls.com/estgr8
2130,infinity tower,33100,32,85,$0,5,29,https://www.mappls.com/place-infinity+tower-mindspace-malad+west-mumbai-maharashtra-400064-8xvc4c@zdata=MTkuMTgxMDE1KzcyLjgzNTAxOSsxNys4eHZjNGMrKw==ed
2131,noida sector 34,33100,31,85,$0.34,12,26,https://www.mappls.com/place-sector+34+noida+metro+station-shaheed+captain+shashikant+sharma+marg-block+c-sector+34-noida-uttar+pradesh-201307-R85LON@zdata=MjguNTgwMTU4Kzc3LjM2MzQ0NysxNytSODVMT04rK25yed
2132,my mapping,40500,20,174,$3.52,1,54,https://www.mappls.com/
2133,marwar junction pali rajasthan,40500,40,85,$0,1,20,https://www.mappls.com/place-marwar+ranawas+railway+station-marwar+junction-pali+district-rajasthan-306023-499ZRL@zdata=MjUuNjY4NDcyKzczLjc0MjAwNysxNys0OTlaUkwrKw==ed
2134,apollo hospital jubilee hills hyderabad,40500,37,85,$0.50,11,18,https://www.mappls.com/p6xpas
2135,amazon office sattva horizon,9900,41,85,$0.08,9,24,https://www.mappls.com/cdb7qw
2136,allen kota rajasthan,40500,29,91,$1.07,31,35,https://www.mappls.com/place-allen+career+institute-samarth-cp14-indra+vihar-kota-rajasthan-324005-4KHDDQ@zdata=MjUuMTM5MDczKzc1Ljg0NTc2NisxNys0S0hERFErK25yed
2137,church road,40500,18,303,$0.18,4,24,"https://www.mappls.com/direction-from--to-,+church+road,+marol+village,+andheri+east,+mumbai,+maharashtra,+400059?@zdata=ZnJvbSsrdG8rNzIuODc2NTc2LDE5LjExNDE2OCw2SkRDWVcrdmlh"
2138,cricket ground raipur,22200,26,109,$0.09,1,27,https://www.mappls.com/61d8h4
2139,psk thane 2,33100,47,85,$0.02,1,18,https://www.mappls.com/vu2gnb
2140,passport seva in post office,40500,22,174,$0,1,28,https://www.mappls.com/vrd3a8
2141,ntr bus station guntur,27100,21,174,$0.18,9,18,https://www.mappls.com/place-guntur+bus+terminal+platform+no+11-guntur+ntr+bus+station-thamma+ranga+reddy+nagar-guntur-andhra+pradesh-522001-91bn0q@zdata=MTYuMjk1ODU3KzgwLjQ1NjIwNSsxNys5MWJuMHErKw==ed
2142,near cng,40500,8,1899,$0.04,1,21,https://www.mappls.com/cng%20station-near-me
2143,sector 43 chandigarh,40500,20,206,$0.32,4,19,https://www.mappls.com/place-sector+43+inter+state+bus+terminus-sector+43-chandigarh-160043-s22ba5@zdata=MzAuNzE2MzYxKzc2Ljc0NDQ1NSsxNytzMjJiYTUrKw==ed
2144,satara st stand,40500,12,1036,$0,1,25,https://www.mappls.com/place-satara+bus+stand-sadar+bazar-satara-maharashtra-415001-738stc@zdata=MTcuNjkzMTAyKzc0LjAwNDUyNSsxNys3MzhzdGMrKw==ed
2145,saheed nagar bhubaneswar,40500,44,85,$0.09,5,19,"https://www.mappls.com/direction-from--to-sahid+nagar+market,+maharishi+college+road,+saheed+nagar,+bhubaneswar,+odisha,+751007?@zdata=ZnJvbSsrdG8rODUuODQ4MTcxLDIwLjI4NzQ1Niw1VE9EWTMrdmlh"
2146,rapido office,27100,16,368,$0.75,11,30,https://www.mappls.com/jntujw
2147,railway station hyderabad,40500,43,85,$0.21,1,26,https://www.mappls.com/64st13
2148,purana bus adda ghaziabad,33100,35,85,$0,12,18,"https://www.mappls.com/transports/near/28.669596,77.423957"
2149,lucknow hyatt,40500,26,97,$0.75,28,30,https://www.mappls.com/place-hyatt+regency+lucknow-vibhuti+khand-gomti+nagar-lucknow-uttar+pradesh-226010-PBXDQC@zdata=MjYuODY2MTQ5KzgxLjAwNTU5OSsxNytQQlhEUUMrK25yed
2150,kurla junction mumbai maharashtra,27100,26,89,$0,1,33,https://www.mappls.com/place-kurla+railway+station+east-kurla+east-mumbai-maharashtra-400024-KDYULB@zdata=MTkuMDY1MTM4KzcyLjg4MDYxOCsxNytLRFlVTEIrK25yed
2151,kosmo cafe,27100,10,1036,$0.21,10,26,https://www.mappls.com/place-kosmo+cafe-no+199-tt+krishnamachari+road-sriram+colony-alwarpet-chennai-tamil+nadu-600018-22BD8P@zdata=MTMuMDM2Mjk2KzgwLjI1NTQ2NysxNysyMkJEOFArK25yed
2152,kayamkulam junction,40500,22,109,$0.10,1,19,https://www.mappls.com/place-kayankulam+junction+railway+station-peringala-kayamkulam-kerala-690502-s754sc@zdata=OS4xODIyODQrNzYuNTEyNTU4KzE3K3M3NTRzYysred
2153,jni news in farrukhabad,40500,10,607,$0,1,18,https://www.mappls.com/6kiq9y
2154,iskcon dwarka delhi,40500,15,285,$1.53,9,28,https://www.mappls.com/dgxelc
2155,isbt delhi sarai kale khan,49500,33,85,$0.08,2,19,https://www.mappls.com/owpd81
2156,ncr corporation india pvt ltd,33100,47,85,$0.13,5,20,https://www.mappls.com/dea6l1
2157,meerut city station,40500,23,133,$0.06,3,20,https://www.mappls.com/35ae53
2158,mataji mandir,33100,15,797,$0,3,28,https://www.mappls.com/place-mataji+mandir-mani+nagar-ahmedabad-gujarat-380008-NPDRRU@zdata=MjIuOTk3NTMxKzcyLjYxMTMwNSsxNytOUERSUlUrKw==ed
2159,mangalore junction,33100,37,85,$0,3,28,https://www.mappls.com/u9jed5
2160,etawah junction,22200,29,93,$0,1,25,https://www.mappls.com/place-etawah+junction+railway+station-sawroop+nagar-etawah-uttar+pradesh-206001-7EDFC7@zdata=MjYuNzg2ODcyKzc5LjAyMTI5KzE3KzdFREZDNysrbnI=ed
2161,hapur station,33100,25,93,$0,1,28,https://www.mappls.com/245d4s
2162,hapur railway station,33100,16,368,$0,1,23,https://www.mappls.com/245d4s
2163,bihar museum in patna,40500,41,85,$0.10,5,38,https://www.mappls.com/11wvec
2164,bhubaneswar airport,40500,39,85,$0.20,1,31,https://www.mappls.com/d8bt8c
2165,bengali market delhi,40500,9,1368,$0,1,20,https://www.mappls.com/34f4s6
2166,bangalore old airport road,40500,66,85,$0.18,6,21,https://www.mappls.com/ae3s1d
2167,bandra bandstand,49500,28,97,$0,1,32,https://www.mappls.com/s655c8
2168,80 ft road,40500,18,226,$0.17,4,26,"https://www.mappls.com/direction-from--to-kanpur+80+feet+road,+ashok+nagar,+kanpur,+uttar+pradesh,+208012+kanpur?@zdata=ZnJvbSsrdG8rODAuMzIwOTA2LDI2LjQ3MTY0OCxaTzRYWUcrdmlh"
2169,vidarbha cricket stadium,110000,20,174,$0,1,43,https://www.mappls.com/jkdtvq
2170,vidarbha cricket association stadium,110000,22,174,$0,1,35,https://www.mappls.com/jkdtvq
2171,train station parking,40500,33,85,$0.16,4,18,https://www.mappls.com/place-chinchwad+railway+station+parking+area-chinchwad+railway+station-pimpri+chinchwad-maharashtra-411033-PEMVI6@zdata=MTguNjQwMzAzKzczLjc5MTAwMisxNytQRU1WSTYrKw==ed
2172,meerut pvs,40500,14,368,$0.11,1,20,https://www.mappls.com/266o0x
2173,maharashtra sadan in delhi,40500,25,109,$0.04,1,20,https://www.mappls.com/place-maharashtra+sadan-connaught+place-new+delhi-delhi-110001-c5dcfe@zdata=MjguNjE3NjMxKzc3LjIyODk1OSsxNytjNWRjZmUrKw==ed
2174,lucerna tower,49500,9,1036,$0.27,7,10,https://www.mappls.com/sdfyxh
2175,saheed nagar,40500,38,85,$0,4,32,"https://www.mappls.com/direction-from--to-sahid+nagar+market,+maharishi+college+road,+saheed+nagar,+bhubaneswar,+odisha,+751007?@zdata=ZnJvbSsrdG8rODUuODQ4MTcxLDIwLjI4NzQ1Niw1VE9EWTMrdmlh"
2176,raja garden delhi,40500,44,85,$0.11,3,21,https://www.mappls.com/zetbxj
2177,raja garden,40500,37,85,$0,4,32,https://www.mappls.com/place-raja+garden-kohka-bhilai-chhattisgarh-490023-O4JACH@zdata=MjEuMjMwNTA3KzgxLjM0MTEzOCsxNytPNEpBQ0grK25yed
2178,petrol pump near,60500,10,1036,$0.27,1,31,https://www.mappls.com/petrol-pump-near-me
2179,park and pay,40500,14,303,$0.09,1,71,https://www.mappls.com/place-pay+&+park+parking-city+park+road-bandra+east-051-mumbai-maharashtra-400051-8FLGH6@zdata=MTkuMDU1NTQ1KzcyLjg1MTc0NysxNys4RkxHSDYrK25yed
2180,old airport road bangalore,40500,78,85,$0.13,5,20,https://www.mappls.com/ae3s1d
2181,shop no 4,40500,18,226,$0.19,2,19,https://www.mappls.com/place-numero+uno-showroom+no+4-lower+ground+floor-village+singhpura-zirakpur-punjab-140603-NRS39Q@zdata=MzAuNjMxMDU5Kzc2LjgyMzIyNisxNytOUlMzOVErK25yed
2182,equinox business park,33100,26,109,$0.14,6,15,https://www.mappls.com/place-food+court-equinox+business+park-kurla+west-mumbai-maharashtra-400070-1HTYDD@zdata=MTkuMDcxMjUyKzcyLjg3NjcrMTcrMUhUWUREKys=ed
2183,baner gaon,33100,15,368,$0,8,30,https://www.mappls.com/place-baner+gaon+metro+station-baner+road-baner-pune-maharashtra-411045-DKDEAJ@zdata=MTguNTU5MDY0KzczLjc5MTAxOCsxNytES0RFQUorK25yed
2184,bandstand promenade mumbai,49500,63,85,$0.08,1,19,https://www.mappls.com/s655c8
2185,bandra bandstand mumbai,49500,27,109,$0,1,27,https://www.mappls.com/s655c8
2186,atal nagar nava raipur,40500,25,97,$0.17,3,31,"https://www.mappls.com/direction-from--to-new+raipur;atal+nagar;nava+raipur+atal+nagar;naya+raipur+sector+28,+nawagaon+parsatti,+new+raipur,+chhattisgarh,+492002+new+raipur;atal+nagar;nava+raipur+atal+nagar;naya+raipur?@zdata=ZnJvbSsrdG8rODEuNzc5ODE4LDIxLjEzODQ4NSxMTUpPVVkrdmlh"
2187,akola jn,33100,37,85,$0.08,1,18,https://www.mappls.com/dsjruu
2188,80 feet road,40500,17,238,$0.14,4,28,"https://www.mappls.com/direction-from--to-kanpur+80+feet+road,+ashok+nagar,+kanpur,+uttar+pradesh,+208012+kanpur?@zdata=ZnJvbSsrdG8rODAuMzIwOTA2LDI2LjQ3MTY0OCxaTzRYWUcrdmlh"
2189,chandan pharmacy,12100,19,226,$1.97,1,14,https://www.mappls.com/place-chandan+pharmacy-district+hospital+road-mishrana-lakhimpur-uttar+pradesh-262701-3gz524@zdata=MjcuOTQ2OTAyKzgwLjc4MjExNCsxNyszZ3o1MjQrKw==ed
2190,bus station 43 chandigarh,33100,27,93,$0.14,4,20,https://www.mappls.com/place-sector+43+c+bus+stop-sector+43-chandigarh-chandigarh-160043-P888YV@zdata=MzAuNzE5NzE2Kzc2Ljc0ODExOSsxNytQODg4WVYrK25yed
2191,j n i news,40500,6,1899,$0,1,33,https://www.mappls.com/6kiq9y
2192,ghansoli railway station west,9900,4,6561,$0.12,11,19,https://www.mappls.com/64sd34
2193,ropar,33100,85,85,$0,1,40,https://www.mappls.com/ypni4u
2194,rohtak junction,27100,28,85,$0,4,28,https://www.mappls.com/place-rohtak+railway+station-railway+colony-rohtak-haryana-124001-4T1T8E@zdata=MjguODkwNjcyKzc2LjU4MDA3KzE3KzRUMVQ4RSsrbnI=ed
2195,railway station of hyderabad,40500,48,85,$0.03,1,27,https://www.mappls.com/64st13
2196,west bengal new digha,40500,31,85,$0.08,1,25,https://www.mappls.com/place-new+digha+beach-gadadharpur-digha-west+bengal-721428-fsdc1f@zdata=MjEuNjE3MzkyKzg3LjUwNDYzNSsxNytmc2RjMWYrKw==ed
2197,trivandrum international stadium,40500,29,89,$0.12,3,22,https://www.mappls.com/11g1h4
2198,train stations with parking,40500,36,85,$0.17,2,36,https://www.mappls.com/place-chinchwad+railway+station+parking+area-chinchwad+railway+station-pimpri+chinchwad-maharashtra-411033-PEMVI6@zdata=MTguNjQwMzAzKzczLjc5MTAwMisxNytQRU1WSTYrKw==ed
2199,tirupati bus stand tata nagar tirupati andhra pradesh,40500,6,6561,$0.05,3,19,https://www.mappls.com/place-tirupati+apsrtc+central+bus+station-tata+nagar-tirupati-andhra+pradesh-517501-5ff2et@zdata=MTMuNjI5OTMxKzc5LjQyNjI4NSsxNys1ZmYyZXQrKw==ed
2200,kharadi eon it park,40500,36,85,$0.57,8,20,https://www.mappls.com/ibhluy
2201,kanker khera,40500,12,797,$0,2,31,https://www.mappls.com/jow22t
2202,jnu hospital jaipur,40500,16,368,$0.06,7,24,https://www.mappls.com/place-jnu+hospital+and+research+center-jaipur-rajasthan-303012-A93BH0@zdata=MjYuNzgzNDE0Kzc1Ljk1NTY0NSsxNytBOTNCSDArK25yed
2203,padmanabha nagar,33100,64,85,$0.09,7,33,https://www.mappls.com/bq7fu2
2204,okhla mandi,33100,6,6561,$0,9,30,https://www.mappls.com/9oncqg
2205,mysore bank building,40500,8,1368,$0,1,26,https://www.mappls.com/place-state+bank+of+india-sme+rbo+bengaluru+south+branch-1st+floor-mysore+bank+building-kg+road-bengaluru-karnataka-560053-02IBWU@zdata=MTIuOTczMDI5Kzc3LjU4MDQxNSsxNyswMklCV1UrK25yed
2206,meerut junction,49500,17,206,$0.08,4,21,https://www.mappls.com/35ae53
2207,mandi arabian,2900,49,85,$0.01,1,27,https://www.mappls.com/place-habeebs+mandi+arabian+restaurant-panje+shah+road-chowk+mohalla-pathar+gatti-hyderabad-telangana-500002-UFYFC9@zdata=MTcuMzYyNDA1Kzc4LjQ3OTg3OCsxNytVRllGQzkrK25yed
2208,kanker khera,40500,12,797,$0,2,31,https://www.mappls.com/jow22t
2209,jnu hospital jaipur,40500,16,368,$0.06,7,24,https://www.mappls.com/place-jnu+hospital+and+research+center-jaipur-rajasthan-303012-A93BH0@zdata=MjYuNzgzNDE0Kzc1Ljk1NTY0NSsxNytBOTNCSDArK25yed
2210,padmanabha nagar,33100,64,85,$0.09,7,33,https://www.mappls.com/bq7fu2
2211,okhla mandi,33100,6,6561,$0,9,30,https://www.mappls.com/9oncqg
2212,mysore bank building,40500,8,1368,$0,1,26,https://www.mappls.com/place-state+bank+of+india-sme+rbo+bengaluru+south+branch-1st+floor-mysore+bank+building-kg+road-bengaluru-karnataka-560053-02IBWU@zdata=MTIuOTczMDI5Kzc3LjU4MDQxNSsxNyswMklCV1UrK25yed
2213,meerut junction,49500,17,206,$0.08,4,21,https://www.mappls.com/35ae53
2214,mandi arabian,2900,49,85,$0.01,1,27,https://www.mappls.com/place-habeebs+mandi+arabian+restaurant-panje+shah+road-chowk+mohalla-pathar+gatti-hyderabad-telangana-500002-UFYFC9@zdata=MTcuMzYyNDA1Kzc4LjQ3OTg3OCsxNytVRllGQzkrK25yed
2215,puri bus stand,40500,1,12312,$0.08,3,19,https://www.mappls.com/place-puri+main+bus+stand-nilachakra+nagar-puri-odisha-752002-3s5d63@zdata=MTkuODIzNzkrODUuODM2MDc4KzE3KzNzNWQ2Mysred
2216,passport seva kendra thane ii,22200,20,133,$0,1,17,https://www.mappls.com/vu2gnb
2217,passport seva kendra thane 2,27100,20,133,$0.04,1,17,https://www.mappls.com/vu2gnb
2218,parking railway station,40500,24,133,$0.17,4,19,https://www.mappls.com/place-chinchwad+railway+station+parking+area-chinchwad+railway+station-pimpri+chinchwad-maharashtra-411033-PEMVI6@zdata=MTguNjQwMzAzKzczLjc5MTAwMisxNytQRU1WSTYrKw==ed
2219,dlf ankur vihar,40500,18,303,$0.09,4,27,https://www.mappls.com/place-ankur+vihar-dlf+ankur+vihar-loni-uttar+pradesh-201102-7PVBI4@zdata=MjguNzM3MjUxKzc3LjI2OTYwNSsxNys3UFZCSTQrKw==ed
2220,district and sessions court gurugram,33100,7,1368,$0.18,10,17,https://www.mappls.com/1ce22t
2221,chottanikkara temple kerala,40500,21,174,$0.58,1,25,https://www.mappls.com/624bf4
2222,good shepherd auditorium,27100,16,238,$0,14,26,https://www.mappls.com/place-good+shepherd+auditorium-museum+road-bengaluru-karnataka-560025-57A118@zdata=MTIuOTcwNDUyKzc3LjYwNDY4MisxNys1N0ExMTgrK25yed
2223,gauri bazar,40500,20,238,$0,1,31,"https://www.mappls.com/direction-from--to-gauri+bazar+ward+4,+deoria+sadar,+gauri+bazar,+uttar+pradesh,+274202+gauri+bazar?@zdata=ZnJvbSsrdG8rODMuNjY3MDMzLDI2LjU5MjI0OCxKOVAzTVordmlh"
2224,brahma brews,33100,25,109,$0.10,5,29,https://www.mappls.com/ktrk9s
2225,bhubaneswar sahid nagar,40500,33,85,$0.09,5,19,"https://www.mappls.com/direction-from--to-sahid+nagar+market,+maharishi+college+road,+saheed+nagar,+bhubaneswar,+odisha,+751007?@zdata=ZnJvbSsrdG8rODUuODQ4MTcxLDIwLjI4NzQ1Niw1VE9EWTMrdmlh"
2226,barclays noida,40500,20,133,$0,7,33,https://www.mappls.com/vjmeqq
2227,bandra junction,74000,33,85,$0,3,41,https://www.mappls.com/place-bandra+terminus+railway+station-station+road-bandra+terminus+area-naupada-bandra+east-mumbai-maharashtra-400051-94ydct@zdata=MTkuMDY0NjY2KzcyLjg0MTQxMysxNys5NHlkY3QrKw==ed
2228,atm boi,40500,30,85,$0.01,1,21,https://www.mappls.com/search-near-Bank%20of%20India%20Atm(%20BOI%20ATM%20)@zdata=NzUuNzczMTMsMjMuMTg3OA==
2229,ather charging station near me,27100,15,457,$0.25,9,16,https://www.mappls.com/pwpoi3
2230,akola railway station,33100,30,89,$0,1,22,https://www.mappls.com/dsjruu
2231,akola junction railway station,40500,20,174,$0.01,1,19,https://www.mappls.com/dsjruu
2232,vishnu theatre,40500,17,206,$0.05,1,30,https://www.mappls.com/place-vishnu+theatre-katpadi-vellore+district-tamil+nadu-632006-45aat4@zdata=MTIuOTQxNTc3Kzc5LjEyMTgxOCsxNys0NWFhdDQrKw==ed
2233,tilda place,40500,9,1368,$0.18,1,19,https://www.mappls.com/place-tilda+newra+police+station-sh+20-tilda-chhattisgarh-493114-4W27W9@zdata=MjEuNTQ5MjkxKzgxLjc5NjEzNCsxNys0VzI3VzkrK25yed
2234,thrilling city,40500,25,133,$0.10,2,20,https://www.mappls.com/place-thrill+city-necklace+road-hussain+sagar-patigadda-secunderabad-telangana-500003-5MZI76@zdata=MTcuNDM1MzE0Kzc4LjQ3NDI0NysxNys1TVpJNzYrK25yed
2235,thane mulund toll naka,40500,28,85,$0.15,6,23,https://www.mappls.com/place-mulund+check+naka-eastern+express+highway-mulund+east-mumbai-maharashtra-400081-ROWX54@zdata=MTkuMTc2MDUzKzcyLjk2ODA3MysxNytST1dYNTQrK25yed
2236,taj city centre gurugram,40500,23,109,$0.24,15,22,https://www.mappls.com/o2frv9
2237,subroto park,40500,29,85,$0.15,4,18,https://www.mappls.com/place-subroto+park-raja+marg-subroto+park-new+delhi-delhi-110010-C7DBBD@zdata=MjguNTc1NzEyKzc3LjE0NzY3KzE3K0M3REJCRCsrbnI=ed
2238,srk theatre chengalpattu,49500,16,206,$0.11,1,27,https://www.mappls.com/17bsa2
2239,parking at railway station,40500,22,206,$0.10,3,18,https://www.mappls.com/place-chinchwad+railway+station+parking+area-chinchwad+railway+station-pimpri+chinchwad-maharashtra-411033-PEMVI6@zdata=MTguNjQwMzAzKzczLjc5MTAwMisxNytQRU1WSTYrKw==ed
2240,nexus esplanade,40500,26,89,$0,13,34,https://www.mappls.com/9eiehy
2241,siliguri bus stand,40500,70,85,$0.14,3,26,https://www.mappls.com/place-junction+bus+station-ward+1-patiram+jote-siliguri-west+bengal-734001-jxv818@zdata=MjYuNzI0ODQzKzg4LjQxNTE3NCsxNytqeHY4MTgrKw==ed
2242,sheraton grand pune bund garden hotel,33100,38,79,$0.22,12,18,https://www.mappls.com/place-sheraton+grand+pune+bund+garden+hotel-raja+bahadur+mill+road-pune-maharashtra-411003-c2atte@zdata=MTguNTI5ODkrNzMuODcxNjg2KzE3K2MyYXR0ZSsred
2243,sai baba temple near to me,40500,59,85,$0,1,18,https://www.mappls.com/search-near-Shirdi%20Sai%20Baba%20Temple@zdata=NzcuNzE1ODMsMTQuNDEyMjI=
2244,reliable tech park,40500,6,1899,$0.82,5,27,https://www.mappls.com/place-reliable+tech+plaza-reliable+tech+park-airoli-navi+mumbai-maharashtra-400708-OXQBT8@zdata=MTkuMTY5NzUxKzczLjAwMjAxNysxNytPWFFCVDgrK25yed
2245,state bank bus stand,40500,23,109,$0.02,1,22,https://www.mappls.com/place-mangalore+service+bus+stand-uppinagadi+village-mangaluru-karnataka-575001-1F84A7@zdata=MTIuODYzMzE3Kzc0LjgzNzM4NysxNysxRjg0QTcrK25yed
2246,mantri square,40500,30,85,$0.28,1,31,https://www.mappls.com/767seb
2247,krishna kanth park hyderabad,40500,45,85,$0.12,5,20,https://www.mappls.com/wvm3l9
2248,domestic airport terminal 1,33100,17,238,$0.10,3,31,https://www.mappls.com/place-domestic+airport-chhatrapati+shivaji+international+airport+terminal+1-santacruz+east-mumbai-maharashtra-400099-OSL1HK@zdata=MTkuMDkzMTIrNzIuODU2Nzk2KzE3K09TTDFISysrbnI=ed
2249,hyderabad marriott hotel & convention centre hotel,40500,73,85,$0.71,12,37,https://www.mappls.com/4c3jft
2250,gulmohar greens golf,40500,18,238,$0.14,8,23,https://www.mappls.com/place-gulmohar+greens+golf+and+country+club+office-gulmohar+greens+golf+club+&+country+club-village+kolat-taluka+sanand-sanand-ahmedabad+district-gujarat-382110-0ETSYB@zdata=MjIuOTYyODIxKzcyLjQzMDIrMTcrMEVUU1lCKytucg==ed
2251,gayatri mandir,40500,30,97,$0,2,31,https://www.mappls.com/2fsdc3
2252,farrukhabad jni news,40500,7,1036,$0,1,29,https://www.mappls.com/6kiq9y
2253,farrukhabad j n i news,40500,12,368,$0,1,29,https://www.mappls.com/6kiq9y
2254,bollywood multiplex pune,40500,10,607,$0.09,4,21,https://www.mappls.com/e6fafb
2255,bhubaneswar biju patnaik airport,40500,16,238,$0.16,1,37,https://www.mappls.com/d8bt8c
2256,bazar samiti,40500,11,1036,$0.07,4,19,https://www.mappls.com/place-bazaar+samity-bazar+samiti-ahiyapur-muzaffarpur-bihar-842001-5j3yku@zdata=MjYuMTUwNDI5Kzg1LjM5NTYwNCsxNys1ajN5a3UrKw==ed
2257,arya nagar,40500,28,89,$0,3,31,https://www.mappls.com/place-arya+nagari-arya+nagar-abohar-punjab-152116-H62GQP@zdata=MzAuMTM3OCs3NC4xOTY4KzE3K0g2MkdRUCsred
2258,uttar pradesh power corporation ltd,40500,38,85,$0.14,1,45,https://www.mappls.com/+-near-Uttar%20Pradesh%20Power%20Corporation%20Ltd(%20UPPCL%20)@zdata=NzkuNDI0NjUzLDI4LjM0MzU1Mis=
2259,wild waters,27100,32,85,$0.57,1,27,https://www.mappls.com/8ld3qa
2260,vasant square mall,40500,14,368,$0.12,4,16,https://www.mappls.com/place-vasant+square-plot+no+a-pocket+5-sector+b-vasant+kunj-new+delhi-delhi-110070-4ed8a3@zdata=MjguNTI0ODg1Kzc3LjE1NjUyKzE3KzRlZDhhMysred
2261,up power corporation limited,33100,47,85,$0.49,1,56,https://www.mappls.com/+-near-Uttar%20Pradesh%20Power%20Corporation%20Ltd(%20UPPCL%20)@zdata=NzkuNDI0NjUzLDI4LjM0MzU1Mis=
2262,xion mall,40500,7,1036,$0,7,33,https://www.mappls.com/place-e-square-hinjewadi-1st+floor-xion+mall-hinjawadi+road-wakad-pune-maharashtra-411057-QLYV9U@zdata=MTguNTkyNTI5KzczLjc0NTMzMSsxNytRTFlWOVUrK25yed
2263,mangalore jn,33100,41,85,$0,3,28,https://www.mappls.com/u9jed5
2264,rajendra park in gurgaon,40500,38,85,$0.11,4,18,https://www.mappls.com/place-rajendra+park+police+station-rajendra+park-gurugram-haryana-122001-853f5d@zdata=MjguNDkyNjUrNzcuMDEzNDM0KzE3Kzg1M2Y1ZCsred
2265,raghubir nagar,40500,44,85,$0,5,32,https://www.mappls.com/place-raghubir+nagar+police+chowki-block+a-shivaji+enclave-new+delhi-delhi-110027-YCLJW2@zdata=MjguNjU3NTk0Kzc3LjExMzQ3MisxNytZQ0xKVzIrK25yed
2266,race course road,40500,16,303,$0.13,5,24,https://www.mappls.com/place-race+course+road+market+old+jail+road-basant+avenue-amritsar-punjab-143001+amritsar-1202DB@RRzdata=MzEuNjUyMjMyKzc0Ljg3ODIxMSsxNysxMjAyREI=ed
2267,rabari colony ahmedabad,33100,17,238,$0,9,25,"https://www.mappls.com/direction-from--to-rabari+colony+metro+station,+vastral+road,+rita+nagar,+amraiwadi,+ahmedabad,+gujarat,+380026?@zdata=ZnJvbSsrdG8rNzIuNjM1Njc5LDIzLjAwNTQ4OCxONDdaME4rdmlh"
2268,oppo service centre near me,40500,12,797,$0.21,3,18,https://www.mappls.com/b9ov37
2269,nihal vihar delhi,40500,31,85,$0.02,5,27,https://www.mappls.com/place-nihal+vihar+police+station-gali+number+11-block+g-nihal+vihar-nangloi-new+delhi-delhi-110041-etb46t@zdata=MjguNjY0ODY0Kzc3LjA3MTA4OSsxNytldGI0NnQrKw==ed
2270,good shepherd auditorium bangalore,27100,13,457,$0,8,16,https://www.mappls.com/place-good+shepherd+auditorium-museum+road-bengaluru-karnataka-560025-57A118@zdata=MTIuOTcwNDUyKzc3LjYwNDY4MisxNys1N0ExMTgrK25yed
2271,dy patil stadium,49500,12,797,$0,1,28,https://www.mappls.com/taasa4
2272,crystal mall,40500,17,303,$0,6,32,https://www.mappls.com/3csb8e
2273,indira gandhi international t3 road,40500,35,85,$0.13,6,18,https://www.mappls.com/place-indira+gandhi+international+airport+multilevel+t3+parking-indira+gandhi+international+airport-igi+airport+area-t3+arrival+road-new+delhi-delhi-110037-NDW5N2@zdata=MjguNTU0Njc0Kzc3LjA4ODI3NSsxNytORFc1TjIrK25yed
2274,gwalior junction railway station,40500,30,85,$0,9,20,https://www.mappls.com/place-gwalior+junction+railway+station-railway+station+area-thatipur-gwalior-madhya+pradesh-474002-FC67CC@zdata=MjYuMjE2MTY5Kzc4LjE4MjY2NCsxNytGQzY3Q0MrK25yed
2275,ganga cinemas,40500,24,93,$0,4,32,https://www.mappls.com/place-sri+ganga+cinemas-846+villivakkam+redhills+road-kolathur-near+perumal+koil-chennai-tamil+nadu-600099-47e1da@zdata=MTMuMTI0OTA2KzgwLjIxNzg2MysxNys0N2UxZGErK25yed
2276,ku guj,40500,7,1036,$0.34,1,19,https://www.mappls.com/3m8q1f
2277,kargil petrol pump sg highway,40500,13,368,$0.13,7,18,https://www.mappls.com/t258nt
2278,bikaner station,40500,43,85,$0,1,31,https://www.mappls.com/place-bikaner+railway+station-sardul+colony-bikaner-rajasthan-334001-1A44S2@zdata=MjguMDEzOTY3KzczLjMxNjI5KzE3KzFBNDRTMisrbnI=ed
2279,bihar museum patna bihar,49500,39,85,$0.10,4,40,https://www.mappls.com/11wvec
2280,bihar museum,33100,29,93,$0,9,30,https://www.mappls.com/place-bihar+museum-near+patna+high+court-jawaharlal+nehru+marg-bailey+road-patna-bihar-800001-11wvec@zdata=MjUuNjA3Nzg1Kzg1LjEyMDM2OCsxNysxMXd2ZWMrKw==ed
2281,artemis hospital gurgaon gurugram haryana,40500,24,93,$0.19,5,19,https://www.mappls.com/38cs7t
2282,customer service point sbi,27100,11,1036,$0,1,13,https://www.mappls.com/search-near-State%20Bank%20of%20India%20Customer%20Service%20Point(%20SBI%20CSP%20)@zdata=NzguMzk1MDIyLDMwLjM0MjA3
2283,chinmaya mission hospital,40500,16,226,$0.38,5,27,https://www.mappls.com/place-chinmaya+mission+hospital-br-91754-cmh+road+indiranagar-stage+1-bengaluru-karnataka-560038-3p9x49@zdata=MTIuOTc4NTQ2Kzc3LjY0MDUzOSsxNyszcDl4NDkrKw==ed
2284,bellur cross,40500,8,2668,$0,1,30,https://www.mappls.com/place-bellur+cross+bus+stop-nagamangala-mandya+district-karnataka-571448-HK0CWO@zdata=MTIuOTYxODk1Kzc2Ljc0MjE0OSsxNytISzBDV08rKw==ed
2285,shaheed veer narayan singh international stadium,40500,64,85,$0.13,1,21,https://www.mappls.com/14t36t
2286,sarojini nagar market sarojini nagar new delhi delhi,49500,36,85,$0.03,1,21,https://www.mappls.com/aqoqfb
2287,vishnu cinemas,40500,23,97,$0.05,1,30,https://www.mappls.com/place-vishnu+theatre-katpadi-vellore+district-tamil+nadu-632006-45aat4@zdata=MTIuOTQxNTc3Kzc5LjEyMTgxOCsxNys0NWFhdDQrKw==ed
2288,urmi estate mumbai,33100,11,607,$0,11,26,https://www.mappls.com/place-urmi+estate+parking-dhuru+wadi-lower+parel-mumbai-maharashtra-400013-0imkva@zdata=MTguOTk2NzAzKzcyLjgyODI1NSsxNyswaW1rdmErKw==ed
2289,truffles indiranagar,40500,19,226,$0,6,32,https://www.mappls.com/d7ey7n
2290,medanta hospital lucknow,33100,18,174,$0.32,15,27,https://www.mappls.com/57ppe2
2291,manipal hospital baner,40500,12,589,$1.54,13,29,https://www.mappls.com/place-manipal+hospitals-baner+pune-baner-mhalunge+main+road-veerbhadra+nagar-baner-pune-maharashtra-411045-s092fo@zdata=MTguNTY2MzMxKzczLjc2OTU4NysxNytzMDkyZm8rKw==ed
2292,maharashtra sadan,40500,20,206,$0.09,2,20,https://www.mappls.com/place-maharashtra+sadan-connaught+place-new+delhi-delhi-110001-c5dcfe@zdata=MjguNjE3NjMxKzc3LjIyODk1OSsxNytjNWRjZmUrKw==ed
2293,rajiv gandhi nagar,40500,6,3940,$0.11,4,19,https://www.mappls.com/919zcu
2294,railway station bikaner,33100,37,85,$0.12,4,27,https://www.mappls.com/place-bikaner+railway+station-sardul+colony-bikaner-rajasthan-334001-1A44S2@zdata=MjguMDEzOTY3KzczLjMxNjI5KzE3KzFBNDRTMisrbnI=ed
2295,psk thane ii,6600,32,85,$0.69,1,23,https://www.mappls.com/vu2gnb
2296,plaza cinema,33100,15,226,$0,10,31,https://www.mappls.com/place-plaza+cinema-near+tilak+bridge-mc+kelkar+road-dadar+west-opposite+veer+kotwal+udyan-mumbai-maharashtra-400028-b6jntj@zdata=MTkuMDIxOTUrNzIuODQyODMyKzE3K2I2am50aisred
2297,petrol pumps nearby,110000,11,797,$0.28,1,43,https://www.mappls.com/petrol-pump-near-me
2298,hisar station,40500,21,133,$0.16,3,19,https://www.mappls.com/place-hisar+junction+railway+station-railway+colony-krishna+nagar-hisar-haryana-125001-FSE4FE@zdata=MjkuMTUyMzU0Kzc1LjcyNDY0MisxNytGU0U0RkUrK25yed
2299,j n i news farrukhabad,40500,6,1368,$0,1,24,https://www.mappls.com/6kiq9y
2300,j block,40500,67,85,$0.11,3,30,https://www.mappls.com/63b772
2301,indian mall delhi,40500,7,6561,$0.06,6,41,https://www.mappls.com/wcorv6
2302,hotel radisson blu hyderabad,40500,32,85,$0.52,26,26,https://www.mappls.com/6nboc5
2303,mahendra chaudhary zoological park,40500,19,238,$0.27,6,22,https://www.mappls.com/7vabku
2304,d y patil stadium,49500,11,1036,$0.05,1,43,https://www.mappls.com/taasa4
2305,cricket stadium raipur,22200,36,85,$0.09,1,24,https://www.mappls.com/61d8h4
2306,chhatrapati shivaji terminus,49500,30,85,$1.40,3,28,https://www.mappls.com/617xvu
2307,chennai park station,40500,41,85,$0,5,27,https://www.mappls.com/place-chennai+park+railway+station-poonamallee+high+road-park+town-poongavanapuram-chennai-tamil+nadu-600003-m656j9@zdata=MTMuMDgwNjY2KzgwLjI3MzQ2MysxNyttNjU2ajkrKw==ed
2308,east vinod nagar,40500,35,85,$0,8,28,https://www.mappls.com/place-east+vinod+nagar+bus+stop-mayur+vihar+phase+2-new+delhi-delhi-110091-B8USWU@zdata=MjguNjIwMzU5Kzc3LjI5NzcwNCsxNytCOFVTV1UrK25yed
2309,delhi bengali market,40500,11,1036,$0,1,21,https://www.mappls.com/34f4s6
2310,bandstand bandra mumbai,40500,23,174,$0,1,25,https://www.mappls.com/s655c8
2311,akshaya patra temple,33100,39,85,$0,8,25,https://www.mappls.com/27b667
2312,1st main road,40500,9,1036,$0.14,4,18,https://www.mappls.com/place-jawahar+nagar+bus+stop-1st+main+road-agaram-perambur-chennai-tamil+nadu-600082-1CYY8T@zdata=MTMuMTEyMzUzKzgwLjIzMTQ3NCsxNysxQ1lZOFQrK25yed
2313,bikaner railway station,33100,41,85,$0,5,24,https://www.mappls.com/place-bikaner+railway+station-sardul+colony-bikaner-rajasthan-334001-1A44S2@zdata=MjguMDEzOTY3KzczLjMxNjI5KzE3KzFBNDRTMisrbnI=ed
2314,state bank of india cash deposit machine near me,40500,33,85,$0.03,1,28,https://www.mappls.com/32kjd7
2315,sheraton grand pune hotel,40500,29,85,$0.76,9,32,https://www.mappls.com/place-sheraton+grand+pune+bund+garden+hotel-raja+bahadur+mill+road-pune-maharashtra-411003-c2atte@zdata=MTguNTI5ODkrNzMuODcxNjg2KzE3K2MyYXR0ZSsred
2316,sector 60 noida,40500,14,368,$0.14,6,20,https://www.mappls.com/x9nebw
2317,satara bus stand,40500,9,1899,$0,1,25,https://www.mappls.com/place-satara+bus+stand-sadar+bazar-satara-maharashtra-415001-738stc@zdata=MTcuNjkzMTAyKzc0LjAwNDUyNSsxNys3MzhzdGMrKw==ed
2318,sandhya digital 4k theatre,40500,15,238,$0,5,19,https://www.mappls.com/place-sandhya+digital+4k+theatre-28-33rd+main-dollar+scheme+colony-1st+stage-btm+layout-bengaluru-karnataka-560068-327S69@zdata=MTIuOTE3MDA5Kzc3LjYxODcwNCsxNyszMjdTNjkrK25yed
2319,road no 1,40500,21,174,$0.13,4,46,"https://www.mappls.com/direction-from--to-,+road+number+1,+phase+1,+kphb+colony,+kukatpally,+hyderabad,+telangana,+500072?@zdata=ZnJvbSsrdG8rNzguNDAxMzEsMTcuNDkwOTQxLFREMURFNSt2aWE="
2320,rajendra place metro station,9900,27,85,$0.04,1,16,https://www.mappls.com/2a47ba
2321,raipur cricket stadium,40500,53,85,$0,1,25,https://www.mappls.com/14t36t
2322,pg hospital kolkata,40500,16,457,$0.11,5,18,https://www.mappls.com/place-pg+hospital-38-dwarir+road-dakshin+jagatdal-kolkata-west+bengal-700025-7mll8u@zdata=MjIuNTM4MDQxKzg4LjM0Mzg0NysxNys3bWxsOHUrKw==ed
2323,vimal theater,22200,19,174,$0.17,15,22,https://www.mappls.com/place-vimal+theatre-bala+nagar-hyderabad-telangana-500042-INZDIS@zdata=MTcuNDYzNzE2Kzc4LjQ1MTI4KzE3K0lOWkRJUysrbnI=ed
2324,vedanta farms,40500,20,174,$0.17,2,31,https://www.mappls.com/p0cquh
2325,lajpat rai market delhi,40500,11,1036,$0,1,17,https://www.mappls.com/place-lajpat+rai+market-chandni+chowk-new+delhi-delhi-110006-cdc8fa@zdata=MjguNjU2NjQ5Kzc3LjIzNjI2MisxNytjZGM4ZmErKw==ed
2326,kharadi bypass,40500,4,6561,$0,4,32,https://www.mappls.com/2af70d
2327,karve nagar pune,40500,26,93,$0.14,2,20,"https://www.mappls.com/direction-from--to-,+karve+nagar,+pune,+maharashtra,+411052?@zdata=ZnJvbSsrdG8rNzMuODMzNjQzLDE4LjUwMDAwOSxGNzg1NTMrdmlh"
2328,junagarh fort in bikaner,40500,45,85,$0.05,6,19,https://www.mappls.com/t2ecd5
2329,jubilee hills check post road,40500,9,1036,$0.17,6,27,https://www.mappls.com/e661ev
2330,darbhanga station bihar,40500,32,85,$0.31,1,23,https://www.mappls.com/place-darbhanga+railway+station-rajkumar+ganj-darbhanga-bihar-846004-2f88ac@zdata=MjYuMTU0NzQ4Kzg1LjkwNzI0MisxNysyZjg4YWMrKw==ed
2331,durga nagar,33100,11,797,$0,4,29,https://www.mappls.com/place-durga+nagar+bus+stop-jogeshwari+vikhroli+link+road-andheri+east-mumbai-maharashtra-400069-L7AMXV@zdata=MTkuMTM4MDY5KzcyLjg3MjA2NysxNytMN0FNWFYrK25yed
2332,bengali market in delhi,40500,15,368,$0,1,21,https://www.mappls.com/34f4s6
2333,anand vihar metro station parking,49500,17,238,$0.11,4,19,https://www.mappls.com/place-anand+vihar+isbt+metro+station+parking-anand+vihar+isbt+metro+station-new+delhi-delhi-110092-KLFMHG@zdata=MjguNjQ3MDI3Kzc3LjMxNjU4MSsxNytLTEZNSEcrK25yed
2334,pavilion,40500,40,85,$0.19,2,44,https://www.mappls.com/place-pavilion+mall-hambran+road-rakh+bagh-civil+lines-ludhiana-punjab-141001-v6yiwn@zdata=MzAuOTE1OTUzKzc1Ljg0MDcwOCsxNyt2Nnlpd24rKw==ed
2335,shastri market 22,40500,9,1899,$0,1,25,https://www.mappls.com/place-shastri+market-shastri+market-sector+22d-chandigarh-chandigarh-160022-7FT826@zdata=MzAuNzMyMjM2Kzc2Ljc3MDgyOCsxNys3RlQ4MjYrKw==ed
2336,velachery station,40500,26,89,$0.12,7,18,https://www.mappls.com/place-velachery+railway+station-100+feet+road-velachery-chennai-tamil+nadu-600042-sc686e@zdata=MTIuOTY3Mzc3KzgwLjIxOTgxNSsxNytzYzY4NmUrKw==ed
2337,tea garden,33100,24,174,$1.45,2,28,https://www.mappls.com/place-tea+garden+namkum-ranchi-jharkhand-834010+ranchi-87T45S@RRzdata=MjMuMzI1MTAwMDAwMDAwMSs4NS4zNzQ0ODMwMDAwMDAxKzE3Kzg3VDQ1Uw==ed
2338,star hospitals,40500,75,85,$1.05,5,32,https://www.mappls.com/3cdf5s
2339,srk theater chengalpattu,40500,16,226,$0.01,1,22,https://www.mappls.com/17bsa2
2340,srk cinemas,49500,16,206,$0.11,1,32,https://www.mappls.com/17bsa2
2341,sarai kale khan bus stand delhi,40500,24,133,$0.07,3,28,https://www.mappls.com/place-sarai+kale+khan+bus+stop-ring+road-sarai+kale+khan-new+delhi-delhi-110013-1w4gys@zdata=MjguNTg3MzUyKzc3LjI1ODk0MysxNysxdzRneXMrKw==ed
2342,panvel st stand 2,40500,32,85,$0.15,3,19,https://www.mappls.com/tbf255
2343,noida sector 60,40500,48,85,$0.15,5,23,https://www.mappls.com/46cf51
2344,mvr cinemas,40500,25,89,$0.04,1,25,https://www.mappls.com/place-mvr+cinemall-rajeshwari+nagar-guduvanchery-nandivaram+guduvancheri-tamil+nadu-603202-t8i6fe@zdata=MTIuODM2NTcrODAuMDUzNDgrMTcrdDhpNmZlKys=ed
2345,medanta,33100,35,85,$0.49,7,43,https://www.mappls.com/k9slyb
2346,mangalore jn railway station,33100,23,133,$0,4,16,https://www.mappls.com/u9jed5
2347,fountain mira road,40500,47,85,$0.05,3,22,https://www.mappls.com/place-fountain+hotel-babulnath+road-chowpatty-mumbai-maharashtra-400007-E1EETD@zdata=MTguOTU3Mzc0KzcyLjgwODkrMTcrRTFFRVREKys=ed
2348,forum courtyard,33100,16,303,$0,7,30,https://www.mappls.com/t1ec86
2349,iskcon dwarka,40500,39,79,$1.53,9,33,https://www.mappls.com/dgxelc
2350,hisar junction,40500,18,206,$0,1,31,https://www.mappls.com/place-hisar+junction+railway+station-railway+colony-krishna+nagar-hisar-haryana-125001-FSE4FE@zdata=MjkuMTUyMzU0Kzc1LjcyNDY0MisxNytGU0U0RkUrK25yed
2351,lajpat rai market chandni chowk,40500,19,238,$0,1,17,https://www.mappls.com/place-lajpat+rai+market-chandni+chowk-new+delhi-delhi-110006-cdc8fa@zdata=MjguNjU2NjQ5Kzc3LjIzNjI2MisxNytjZGM4ZmErKw==ed
2352,band stand in mumbai,40500,27,97,$0.29,1,28,https://www.mappls.com/s655c8
2353,agra airport,33100,58,85,$0.16,4,29,https://www.mappls.com/76vo9t
2354,agartala station,40500,24,97,$0,2,31,https://www.mappls.com/place-agartala+railway+station-dukli-badharghat-agartala-tripura-799003-SSFB4A@zdata=MjMuNzkyODc5KzkxLjI3ODQ3OCsxNytTU0ZCNEErK25yed
2355,cash deposit machine sbi near me,40500,11,1368,$0,1,17,https://www.mappls.com/32kjd7
2356,v c a stadium,40500,32,85,$0.13,1,23,https://www.mappls.com/o5l423
2357,triton mall in jaipur,40500,16,303,$0.06,4,22,https://www.mappls.com/718da8
2358,lucknow station,40500,52,85,$0.11,1,20,https://www.mappls.com/place-lucknow+west+railway+station-station+road-charbagh-lucknow-uttar+pradesh-226004-DT3VAX@zdata=MjYuODMxNzkzKzgwLjkxNTM3NSsxNytEVDNWQVgrK25yed
2359,lucknow high court display board,33100,25,85,$0,1,27,https://www.mappls.com/xw25pv
2360,lalbagh main gate,33100,10,2668,$0,14,27,https://www.mappls.com/3z9gub
2361,lajpat rai market,40500,22,206,$0,1,20,https://www.mappls.com/place-lajpat+rai+market-chandni+chowk-new+delhi-delhi-110006-cdc8fa@zdata=MjguNjU2NjQ5Kzc3LjIzNjI2MisxNytjZGM4ZmErKw==ed
2362,kanakapura main road,27100,23,133,$0.13,5,18,"https://www.mappls.com/direction-from--to-,+kanakapura+main+road,+gandhinagar,+bengaluru,+karnataka,+560082?@zdata=ZnJvbSsrdG8rNzcuNTA1NDE5LDEyLjc5NDU3MyxFMDZXUjIrdmlh"
2363,jnu hospital,40500,19,238,$0.08,6,24,https://www.mappls.com/place-jnu+hospital+and+research+center-jaipur-rajasthan-303012-A93BH0@zdata=MjYuNzgzNDE0Kzc1Ljk1NTY0NSsxNytBOTNCSDArK25yed
2364,prashant vihar,40500,11,797,$0.16,7,33,https://www.mappls.com/place-prashant+vihar+b+block+bus+stop-prashant+vihar+road-block+c-rohini+sector+14+extension-new+delhi-delhi-110085-B2N381@zdata=MjguNzEwMjc1Kzc3LjEzMzQwMisxNytCMk4zODErK25yed
2365,new maharashtra sadan,40500,21,174,$0,2,26,https://www.mappls.com/place-maharashtra+sadan-connaught+place-new+delhi-delhi-110001-c5dcfe@zdata=MjguNjE3NjMxKzc3LjIyODk1OSsxNytjNWRjZmUrKw==ed
2366,narayana hospital jaipur,40500,20,174,$0.16,5,19,https://www.mappls.com/9co4zw
2367,multiplex bus stop,40500,3,3940,$0.15,9,11,https://www.mappls.com/place-innovative+multiplex+bus+stop-marathahalli+village-marathahalli-bengaluru-karnataka-560037-TJYUCJ@zdata=MTIuOTUxNjg1Kzc3LjY5OTY2NSsxNytUSllVQ0orK25yed
2368,meerut city junction,49500,20,133,$0,4,29,https://www.mappls.com/35ae53
2369,customer service point of sbi,40500,9,1899,$0,1,30,https://www.mappls.com/search-near-State%20Bank%20of%20India%20Customer%20Service%20Point(%20SBI%20CSP%20)@zdata=NzguMzk1MDIyLDMwLjM0MjA3
2370,hotel navayuga,33100,22,174,$0,2,28,https://www.mappls.com/rvtejh
2371,hilton chennai,40500,21,174,$0.38,31,40,https://www.mappls.com/5e55b1
2372,global foyer mall,33100,20,174,$0,6,24,https://www.mappls.com/b8eb68
2373,ghaziabad purana bus adda,33100,36,85,$0,5,16,"https://www.mappls.com/transports/near/28.669596,77.423957"
2374,bbi airport bhubaneswar,40500,43,85,$0.86,1,36,https://www.mappls.com/d8bt8c
2375,amb mall,49500,23,174,$0.40,18,38,https://www.mappls.com/place-amb+cinemas-sarath+city+capital+mall-shop+no+44+to+49-4th+floor-survey+40-sarath+city+capital+hyderabad-gachibowli+miyapur+road-whitefields-hitec+city-kondapur-hyderabad-telangana-500084-wp95c6@zdata=MTcuNDU3ODUxKzc4LjM2MzI0NSsxNyt3cDk1YzYrKw==ed
2376,bharat petroleum fuel station,40500,14,797,$0.16,1,17,https://www.mappls.com/place-bharat+petroleum+petrol+pump-hamidia+road-near+bhopal+railway+station-bhopal-madhya+pradesh-462001-7CT8C7@zdata=MjMuMjYzODQzKzc3LjQxMDk2NSsxNys3Q1Q4QzcrK25yed
2377,coal barbecues,40500,24,174,$0.16,7,33,https://www.mappls.com/wk8nrw
2378,chhatarpur temple in delhi,40500,37,85,$0.01,1,24,https://www.mappls.com/c6t4e7
2379,candor techspace sector 135 noida,4400,10,797,$0.60,7,13,https://www.mappls.com/oj5f7c
2380,sarai kale khan inter state bus terminus,40500,46,85,$0.14,2,30,https://www.mappls.com/owpd81
2381,railway station parking,40500,18,238,$0.16,4,32,https://www.mappls.com/place-chinchwad+railway+station+parking+area-chinchwad+railway+station-pimpri+chinchwad-maharashtra-411033-PEMVI6@zdata=MTguNjQwMzAzKzczLjc5MTAwMisxNytQRU1WSTYrKw==ed
2382,technopolis building salt lake,40500,43,85,$0.12,6,15,https://www.mappls.com/vvxbdf
2383,south indian bank atm,40500,12,797,$0.11,1,36,https://www.mappls.com/place-south+indian+bank+atm-brigade+road-shivaji+nagar-bengaluru-karnataka-560025-EC3SCT@zdata=MTIuOTY5NzkyKzc3LjYwNjY1OCsxNytFQzNTQ1QrK25yed
2384,mumbai bandra bandstand,40500,30,85,$0.29,1,26,https://www.mappls.com/s655c8
2385,mumbai airport terminal 1,40500,29,85,$0.04,1,18,https://www.mappls.com/place-domestic+airport-chhatrapati+shivaji+international+airport+terminal+1-santacruz+east-mumbai-maharashtra-400099-OSL1HK@zdata=MTkuMDkzMTIrNzIuODU2Nzk2KzE3K09TTDFISysrbnI=ed
2386,matunga railway station mumbai,40500,109,85,$0.06,2,20,https://www.mappls.com/m8ywv4
2387,marwar junction rajasthan,40500,28,97,$0,1,20,https://www.mappls.com/place-marwar+ranawas+railway+station-marwar+junction-pali+district-rajasthan-306023-499ZRL@zdata=MjUuNjY4NDcyKzczLjc0MjAwNysxNys0OTlaUkwrKw==ed
2388,ludhiana bus stop,40500,19,238,$0.18,4,28,https://www.mappls.com/j0eunx
2389,kpmg global bangalore,40500,52,85,$0.07,5,35,https://www.mappls.com/6s14fc
2390,knowledge park 2,33100,64,85,$0.52,2,23,https://www.mappls.com/sj1wz9
2391,vishnu cinemas vellore,40500,14,238,$0.02,1,25,https://www.mappls.com/place-vishnu+theatre-katpadi-vellore+district-tamil+nadu-632006-45aat4@zdata=MTIuOTQxNTc3Kzc5LjEyMTgxOCsxNys0NWFhdDQrKw==ed
2392,una city,40500,40,85,$0.09,1,28,https://www.mappls.com/91j7z6
2393,radisson blu hyderabad,40500,30,85,$0.47,28,34,https://www.mappls.com/6nboc5
2394,opera house,40500,34,85,$0.44,7,33,https://www.mappls.com/place-opera+house-mirzapur-ahmedabad-gujarat-380001-WFF1X6@zdata=MjMuMDI5MDQ3KzcyLjU4MzMxNCsxNytXRkYxWDYrKw==ed
2395,near c n g,40500,8,1899,$0.04,1,21,https://www.mappls.com/cng%20station-near-me
2396,nandyal kurnool district,40500,9,1036,$0,1,34,"https://www.mappls.com/direction-from--to-+nandyal,+kurnool+district,+andhra+pradesh,+518502?@zdata=ZnJvbSsrdG8rNzguNTEyODM1LDE1LjQ0OTgyOSxaQUY1TVordmlh"
2397,satra plaza,40500,18,226,$0.23,5,32,https://www.mappls.com/r3shvv
2398,jose cinemas,33100,26,85,$0,1,27,https://www.mappls.com/place-jos+theatre-wayanad+district-mananthavady-kerala-670645-UL4RBW@zdata=MTEuODA0NjE2Kzc2LjAwNTUwNisxNytVTDRSQlcrKw==ed
2399,ion digital zone idz jalandhar,40500,39,85,$0.05,4,26,https://www.mappls.com/o8mdbt
2400,kamrej gujarat,40500,32,85,$0.06,1,40,"https://www.mappls.com/direction-from--to-,+kamrej,+surat,+gujarat,+394185?@zdata=ZnJvbSsrdG8rNzIuOTUwODY3LDIxLjI2NDg3OCw5QkQwTTMrdmlh"
2401,chemmad,40500,23,133,$0,1,44,https://www.mappls.com/22fqjv
2402,beach kakinada,40500,27,133,$0.08,3,20,https://www.mappls.com/place-kakinada+beach-kakinada-andhra+pradesh-533005-7fpre5@zdata=MTcuMDA5MTM0KzgyLjI4Nzg3OCsxNys3ZnByZTUrKw==ed
2403,bathinda bus stand,33100,22,109,$0,6,24,https://www.mappls.com/place-old+bus+stand-jaitu-bathinda+road-chandsar+basti-bathinda-punjab-151001-9NYFPO@zdata=MzAuMjEyNDE1Kzc0Ljk0NDMyKzE3KzlOWUZQTysrbnI=ed
2404,bandstand in bandra,40500,20,206,$0.29,1,28,https://www.mappls.com/s655c8
2405,bande mahakali temple,40500,9,1368,$0.02,2,18,https://www.mappls.com/fhswgz
2406,band stand mumbai,40500,23,174,$0,1,25,https://www.mappls.com/s655c8
2407,arc limited,33100,13,797,$0,1,28,https://www.mappls.com/ae7tao
2408,akola location,33100,21,174,$0,1,27,"https://www.mappls.com/direction-from-current-location-to-the+akola+district+central+cooperative+bank+sonu+nagar,+square,+akola,+akot+city+akot?@zdata=ZnJvbSsrdG8rNzcuMDU2MzU4LDIxLjA5NzgzMyw4RFU5TVcrdmlh"
2409,ag dms,40500,21,109,$0.21,7,27,https://www.mappls.com/place-ag+dms+metro+station-raja+muthiah+salai-kannappar+thidal-periyamet-chennai-tamil+nadu-600018-JUWLQV@zdata=MTMuMDQ0NjQ3KzgwLjI0NzgzOSsxNytKVVdMUVYrK25yed
2410,care hospital bhubaneswar,33100,19,174,$0.41,6,24,https://www.mappls.com/place-care+hospital-br-85872-plot+no.+324-unit+no.+42-chandrasekharpur--bhubaneswar-odisha-751016-22J6R2@zdata=MjAuMzIxMzExKzg1LjgyMDI5KzE3KzIySjZSMisrbnI=ed
2411,bollywood multiplex,40500,10,457,$0.20,6,23,https://www.mappls.com/e6fafb
2412,bharuch junction,40500,17,226,$0,1,31,https://www.mappls.com/6dff25
2413,happiest minds,33100,50,85,$0,1,28,https://www.mappls.com/nzfjo9
2414,east tambaram,22200,61,85,$0.13,12,28,https://www.mappls.com/u603ec
2415,thanjavur new bus stand,33100,11,797,$0,7,17,"https://www.mappls.com/direction-from--to-thanjavur+new+bus+stand,+avp+azhagammal+nagar,+thanjavur,+tamil+nadu,+613005?@zdata=ZnJvbSsrdG8rNzkuMTEzNDE2LDEwLjc0OTU0OSw1MUZCNUUrdmlh"
2416,cricket ground raipur,22200,26,109,$0.09,1,27,https://www.mappls.com/61d8h4
2417,windmill in pune,33100,27,93,$0.16,2,23,https://www.mappls.com/place-windmill+resort+nda+road-warje+malwadi-pune-maharashtra-411058+pune-F17B8C@zdata=MTguNDg4MDUrNzMuNzc5OTA4KzE3K0YxN0I4Qw==ed
2418,up power corporation,40500,43,85,$0.14,1,47,https://www.mappls.com/+-near-Uttar%20Pradesh%20Power%20Corporation%20Ltd(%20UPPCL%20)@zdata=NzkuNDI0NjUzLDI4LjM0MzU1Mis=
2419,tcs synergy park,22200,10,2668,$0,15,24,https://www.mappls.com/8bsd74
2420,shastri bhawan,40500,21,133,$0,3,31,https://www.mappls.com/place-shastri+bhawan-dr+rajendra+prasad+road-central+secretariat-new+delhi-delhi-110001-6qrkbo@zdata=MjguNjE2Mzc5Kzc3LjIxNTQ2OCsxNys2cXJrYm8rKw==ed
2421,vidarbha cricket association stadium nagpur,110000,21,174,$0,1,35,https://www.mappls.com/jkdtvq
2422,vasant square mall delhi,40500,17,226,$0.18,4,17,https://www.mappls.com/place-vasant+square-plot+no+a-pocket+5-sector+b-vasant+kunj-new+delhi-delhi-110070-4ed8a3@zdata=MjguNTI0ODg1Kzc3LjE1NjUyKzE3KzRlZDhhMysred
2423,road number 1,40500,22,174,$0.12,4,42,"https://www.mappls.com/direction-from--to-,+road+number+1,+phase+1,+kphb+colony,+kukatpally,+hyderabad,+telangana,+500072?@zdata=ZnJvbSsrdG8rNzguNDAxMzEsMTcuNDkwOTQxLFREMURFNSt2aWE="
2424,hapur junction,33100,26,89,$0,1,28,https://www.mappls.com/245d4s
2425,ganga theater kolathur,40500,25,85,$0.14,2,26,https://www.mappls.com/place-sri+ganga+cinemas-846+villivakkam+redhills+road-kolathur-near+perumal+koil-chennai-tamil+nadu-600099-47e1da@zdata=MTMuMTI0OTA2KzgwLjIxNzg2MysxNys0N2UxZGErK25yed
2426,kims hospital & research centre,40500,31,85,$0.11,4,19,https://www.mappls.com/w5ygtd
2427,kasu brahmananda reddy national park hyderabad,40500,34,85,$0.09,2,35,https://www.mappls.com/ft6fd4
2428,kanhaiya nagar,40500,36,85,$0,5,32,https://www.mappls.com/1jme59
2429,jbs parade ground,40500,11,797,$0,6,27,https://www.mappls.com/ycrhi5
2430,jamshedpur prabhat khabar,60500,12,607,$0.17,1,31,https://www.mappls.com/estgr8
2431,infinity tower,33100,32,85,$0,5,29,https://www.mappls.com/place-infinity+tower-mindspace-malad+west-mumbai-maharashtra-400064-8xvc4c@zdata=MTkuMTgxMDE1KzcyLjgzNTAxOSsxNys4eHZjNGMrKw==ed
2432,noida sector 34,33100,31,85,$0.34,12,26,https://www.mappls.com/place-sector+34+noida+metro+station-shaheed+captain+shashikant+sharma+marg-block+c-sector+34-noida-uttar+pradesh-201307-R85LON@zdata=MjguNTgwMTU4Kzc3LjM2MzQ0NysxNytSODVMT04rK25yed
2433,my mapping,40500,20,174,$3.52,1,54,https://www.mappls.com/
2434,marwar junction pali rajasthan,40500,40,85,$0,1,20,https://www.mappls.com/place-marwar+ranawas+railway+station-marwar+junction-pali+district-rajasthan-306023-499ZRL@zdata=MjUuNjY4NDcyKzczLjc0MjAwNysxNys0OTlaUkwrKw==ed
2435,apollo hospital jubilee hills hyderabad,40500,37,85,$0.50,11,18,https://www.mappls.com/p6xpas
2436,amazon office sattva horizon,9900,41,85,$0.08,9,24,https://www.mappls.com/cdb7qw
2437,allen kota rajasthan,40500,29,91,$1.07,31,35,https://www.mappls.com/place-allen+career+institute-samarth-cp14-indra+vihar-kota-rajasthan-324005-4KHDDQ@zdata=MjUuMTM5MDczKzc1Ljg0NTc2NisxNys0S0hERFErK25yed
2438,church road,40500,18,303,$0.18,4,24,"https://www.mappls.com/direction-from--to-,+church+road,+marol+village,+andheri+east,+mumbai,+maharashtra,+400059?@zdata=ZnJvbSsrdG8rNzIuODc2NTc2LDE5LjExNDE2OCw2SkRDWVcrdmlh"
2439,dlf cyber city chennai,40500,43,85,$0.32,7,26,https://www.mappls.com/1qykpr
2440,dindigul railway station,40500,21,133,$0,1,25,https://www.mappls.com/place-dindigul+junction+railway+station-mendonsa+colony-dindigul-tamil+nadu-624001-S1AFCA@zdata=MTAuMzUyNzQ3Kzc3Ljk4MzQ3NisxNytTMUFGQ0ErKw==ed
2441,deepali chowk delhi,40500,30,85,$0.09,4,21,https://www.mappls.com/place-deepali+chowk+bus+stop-block+a-saraswati+vihar-pitampura-new+delhi-delhi-110034-S887F1@zdata=MjguNjk4MjEzKzc3LjEyMDQxMisxNytTODg3RjErK25yed
2442,chottanikkara temple,40500,16,303,$0.58,1,30,https://www.mappls.com/624bf4
2443,china town,40500,18,226,$0,2,31,https://www.mappls.com/place-china+town-matheswartala+road-tangra-kolkata-west+bengal-700015-PIBTWM@zdata=MjIuNTQ5NjU3Kzg4LjM5MTc4MysxNytQSUJUV00rK25yed
2444,chennai sims hospital,40500,8,1036,$0.70,13,28,https://www.mappls.com/place-sims+hospital+in+gate-vadapalani-chennai-tamil+nadu-600026-HZRA4B@zdata=MTMuMDUxOTIrODAuMjExOTIzKzE3K0haUkE0QisrbnI=ed
2445,uttar pradesh power corporation limited,33100,36,85,$0,1,14,https://www.mappls.com/+-near-Uttar%20Pradesh%20Power%20Corporation%20Ltd(%20UPPCL%20)@zdata=NzkuNDI0NjUzLDI4LjM0MzU1Mis=
2446,parking at the train station,40500,34,85,$0.17,4,21,https://www.mappls.com/place-chinchwad+railway+station+parking+area-chinchwad+railway+station-pimpri+chinchwad-maharashtra-411033-PEMVI6@zdata=MTguNjQwMzAzKzczLjc5MTAwMisxNytQRU1WSTYrKw==ed
2447,shop no 5,40500,99,85,$0.25,2,19,https://www.mappls.com/place-ninety+degrees-shop+5-shiv+shopping+centre-opposite+parag+school-j+m+road-bhandup-mumbai-maharashtra-400078-OQCA2V@zdata=MTkuMTQ3NTc1KzcyLjkyOTM1OCsxNytPUUNBMlYrKw==ed
2448,sheraton hyderabad financial district,40500,15,303,$0.66,19,32,https://www.mappls.com/113tk1
2449,raya cut bus stop mathura,40500,32,85,$0.04,1,16,https://www.mappls.com/6klr4f
2450,prestige ferns galaxy,40500,15,238,$0.59,11,29,https://www.mappls.com/ktx1xg
2451,prayagraj sangam railway station,40500,17,368,$0,8,20,https://www.mappls.com/place-prayagraj+sangam+railway+station-sabji+mandi+shah+ganj-daraganj-prayagraj-uttar+pradesh-211006-7717ea@zdata=MjUuNDQ1ODMrODEuODgwNDkyKzE3Kzc3MTdlYSsred
2452,train station in hyderabad,40500,63,85,$0.03,1,23,https://www.mappls.com/64st13
2453,taj mansingh hotel road,40500,37,85,$0.14,2,32,"https://www.mappls.com/direction-from--to-new+delhi;newdelhi;delhi+the+taj+mahal+hotel,+lower+lobby+level,+india+gate,+south+block+mansingh+road,+near+khan+market,+new+delhi,+delhi,+110011+new+delhi;newdelhi;delhi?@zdata=ZnJvbSsrdG8rNzcuMjIyNjI4LDI4LjYwNDM5NSwxRTcxU0Q7NzcuMjIzMDU4LDI4LjYwNDc2MiwxRTcxU0Qrdmlh"
2454,hyderabad marriott hotel and convention centre,40500,91,85,$0.68,12,42,https://www.mappls.com/4c3jft
2455,gauri bazar deoria,40500,19,238,$0,1,26,"https://www.mappls.com/direction-from--to-gauri+bazar+ward+4,+deoria+sadar,+gauri+bazar,+uttar+pradesh,+274202+gauri+bazar?@zdata=ZnJvbSsrdG8rODMuNjY3MDMzLDI2LjU5MjI0OCxKOVAzTVordmlh"
2456,bus stand bathinda,33100,45,85,$0.06,6,13,https://www.mappls.com/place-old+bus+stand-jaitu-bathinda+road-chandsar+basti-bathinda-punjab-151001-9NYFPO@zdata=MzAuMjEyNDE1Kzc0Ljk0NDMyKzE3KzlOWUZQTysrbnI=ed
2457,ma na pa bus stop,40500,23,109,$0.15,2,17,"https://www.mappls.com/transports/near/18.523063,73.852386"
2458,library central,40500,26,97,$0.16,3,71,https://www.mappls.com/b4ut3g
2459,krishna kunj,27100,19,303,$0.40,5,28,https://www.mappls.com/place-shree+krishna+kunj+residency-krishna+kunj+complex-mota+varachha-surat-gujarat-394101-5PAVO0@zdata=MjEuMjQzMzgzKzcyLjg4Njk5NisxNys1UEFWTzArKw==ed
2460,marwar junction,33100,32,85,$0,1,27,https://www.mappls.com/place-marwar+junction+bus+stand-md+91-marwar+junction-rajasthan-306001-vub9m9@zdata=MjUuNzIxODA0KzczLjYxODUzOCsxNyt2dWI5bTkrKw==ed
2461,maharana pratap chowk,40500,51,85,$0.17,3,20,https://www.mappls.com/place-maharana+pratap+chowk+bus+stop-new+haridwar+road-indian+institute+of+technology+roorkee-roorkee-uttarakhand-247667-XHC7KL@zdata=MjkuODY4NjM5Kzc3Ljg4OTg0OCsxNytYSEM3S0wrKw==ed
2462,shree anjani courier,49500,9,607,$0.53,1,27,https://www.mappls.com/r0xs63
2463,sector 34 noida,40500,21,174,$0.20,4,22,https://www.mappls.com/place-sector+34+noida+metro+station-shaheed+captain+shashikant+sharma+marg-block+c-sector+34-noida-uttar+pradesh-201307-R85LON@zdata=MjguNTgwMTU4Kzc3LjM2MzQ0NysxNytSODVMT04rK25yed
2464,sapphire 83,40500,15,238,$0.22,6,32,https://www.mappls.com/l61lif
2465,wipro circle road,18100,4,3940,$0.13,8,22,https://www.mappls.com/place-wipro+circle+bus+stop-financial+district-nanakramguda-hyderabad-telangana-500032-L4ZJF0@zdata=MTcuNDI1NjA4Kzc4LjM0MDU4MSsxNytMNFpKRjArK25yed
2466,valsad station,40500,21,206,$0,1,31,https://www.mappls.com/place-valsad+railway+station-west+railway+colony-valsad-gujarat-396001-PWRJN3@zdata=MjAuNTk5MDg5KzcyLjkzMzg4MisxNytQV1JKTjMrK25yed
2467,kpc hospital jadavpur,40500,31,85,$0.72,3,20,https://www.mappls.com/ux6x38
2468,jaunpur bus stand,40500,9,2668,$0,1,25,https://www.mappls.com/place-jaunpur+bus+stand-husainabad-jaunpur-uttar+pradesh-222002-bs1513@zdata=MjUuNzM5NzAzKzgyLjY4Nzc2NisxNyticzE1MTMrKw==ed
2469,okhla sabzi mandi,33100,6,6561,$0,4,24,https://www.mappls.com/9oncqg
2470,nihal vihar,40500,27,97,$0.02,5,32,https://www.mappls.com/place-nihal+vihar+police+station-gali+number+11-block+g-nihal+vihar-nangloi-new+delhi-delhi-110041-etb46t@zdata=MjguNjY0ODY0Kzc3LjA3MTA4OSsxNytldGI0NnQrKw==ed
2471,nayara petrol bunk,33100,30,93,$0.15,2,23,https://www.mappls.com/search-near-Nayara%20Petrol%20Pump@zdata=NzguNjk1OCwyNi43MTY4Ng==
2472,lucknow train station,40500,53,85,$0.11,1,19,https://www.mappls.com/place-lucknow+junction+railway+station-choti+line-charbagh-lucknow-uttar+pradesh-226004-ju7djx@zdata=MjYuODMxOTA5KzgwLjkyMTk0NisxNytqdTdkangrKw==ed
2473,lucknow station railway,40500,57,85,$0.11,1,30,https://www.mappls.com/place-lucknow+junction+railway+station-choti+line-charbagh-lucknow-uttar+pradesh-226004-ju7djx@zdata=MjYuODMxOTA5KzgwLjkyMTk0NisxNytqdTdkangrKw==ed
2474,kurla railway station mumbai,60500,28,85,$0,1,23,https://www.mappls.com/place-kurla+railway+station+east-kurla+east-mumbai-maharashtra-400024-KDYULB@zdata=MTkuMDY1MTM4KzcyLjg4MDYxOCsxNytLRFlVTEIrK25yed
2475,railway station dadri,40500,15,457,$0.09,5,19,https://www.mappls.com/place-dadri+railway+station-tulsi+vihar-dadri-uttar+pradesh-203207-A465B5@zdata=MjguNTM4ODk2Kzc3LjUzNzQxMSsxNytBNDY1QjUrK25yed
2476,radisson blu plaza banjara hills hyderabad,40500,29,85,$0.43,25,31,https://www.mappls.com/6nboc5
2477,radisson blu hotel atria bengaluru,40500,26,85,$0.53,7,29,https://www.mappls.com/place-radisson+blu+hotel+atria+bengaluru-1-palace+road-bengaluru-karnataka-560001-FZL8RL@zdata=MTIuOTgwMDk1Kzc3LjU4NjA2NysxNytGWkw4UkwrK25yed
2478,quba masjid,33100,12,1368,$0,1,28,https://www.mappls.com/5n6v98
2479,pvr mall of jaipur,40500,21,109,$0.02,7,20,https://www.mappls.com/pcxi3r
2480,patna bazar samiti,33100,26,133,$0,3,23,"https://www.mappls.com/direction-from--to-patna;patliputra+bazar+samiti,+rajendra+nagar,+bahadurpur,+patna,+bihar,+800006+patna;patliputra?@zdata=ZnJvbSsrdG8rODUuMTc0MDcyLDI1LjYwNjAwNixOUVBLUEcrdmlh"
2481,hyatt regency lucknow,33100,23,97,$8.36,26,30,https://www.mappls.com/place-hyatt+regency+lucknow-vibhuti+khand-gomti+nagar-lucknow-uttar+pradesh-226010-PBXDQC@zdata=MjYuODY2MTQ5KzgxLjAwNTU5OSsxNytQQlhEUUMrK25yed
2482,global tech park,40500,51,85,$0.09,8,17,https://www.mappls.com/qw3s00
2483,gandhinagar bus depot,40500,12,1036,$0,8,28,https://www.mappls.com/place-gsrtc+gandhinagar+bus+stand-maharana+pratap+marg-sector+20-gandhinagar-gujarat-382021-F8E8D1@zdata=MjMuMjI4MDY4KzcyLjY3NDgyOSsxNytGOEU4RDErK25yed
2484,bollywood theatre pune,40500,15,303,$0,3,26,https://www.mappls.com/e6fafb
2485,akshardham temple delhi location,40500,40,85,$0.13,14,38,https://www.mappls.com/6r6d8n
2486,domestic terminal 1,33100,16,303,$0.12,4,32,https://www.mappls.com/o33pwv
2487,vr punjab,40500,17,206,$0.01,3,31,https://www.mappls.com/j5fqwd
2488,vishwas nagar,33100,18,174,$0,4,29,https://www.mappls.com/place-vishwas+nagar+bus+stop-vishwas+road-block+28+&+29-vishwas+nagar-shahdara-new+delhi-delhi-110032-SB72R6@zdata=MjguNjYzMTY4Kzc3LjI5MDYzMysxNytTQjcyUjYrK25yed
2489,swami vivekananda metro,40500,21,133,$0.14,6,17,https://www.mappls.com/place-swami+vivekananda+road+metro+station+public+toilet-swami+vivekananda+road-metro+station-bengaluru-karnataka-560038-36NWHJ@zdata=MTIuOTg2MTMrNzcuNjQ1NDkyKzE3KzM2TldISisrbnI=ed
2490,new digha,33100,26,97,$0.06,1,27,https://www.mappls.com/place-new+digha+beach-gadadharpur-digha+purba+medinipur-west+bengal-721428-FSDC1F@zdata=MjEuNjE3MzkyKzg3LjUwNDYzNSsxNytGU0RDMUYrKw==ed
2491,new delhi railway station paharganj side parking,40500,17,303,$0.15,9,19,https://www.mappls.com/place-new+delhi+railway+station+paharganj+bike+parking-chelmsford+roadi+railway+station-pahar+ganj-new+delhi-delhi-110055-CA8CAD@zdata=MjguNjQ0MjQ5Kzc3LjIxODc1MysxNytDQThDQUQrK25yed
2492,near by cng near me,33100,8,2668,$0.02,1,22,https://www.mappls.com/cng%20station-near-me
2493,lucknow railway station,40500,49,85,$0.06,1,21,https://www.mappls.com/place-lucknow+junction+railway+station-choti+line-charbagh-lucknow-uttar+pradesh-226004-ju7djx@zdata=MjYuODMxOTA5KzgwLjkyMTk0NisxNytqdTdkangrKw==ed
2494,saharan india,49500,30,85,$0.25,1,43,https://www.mappls.com/place-sahara+india-mahavir+nagar-kalanibag-gomti+nagar-dewas-madhya+pradesh-455001-AGSXCP@zdata=MjIuOTU5MDcxKzc2LjA0MzcyMisxNytBR1NYQ1ArKw==ed
2495,road number 2,40500,3,12312,$0.16,5,23,https://www.mappls.com/qb07xt
2496,rajouri garden market delhi,40500,36,85,$0,1,17,https://www.mappls.com/zetbxj
2497,knowledge park 2 greater noida,33100,16,303,$0.31,2,15,https://www.mappls.com/1xdkgz
2498,jubilee hills checkpost,40500,19,206,$0.08,14,17,https://www.mappls.com/e661ev
2499,icai bhawan,33100,18,174,$0,15,32,https://www.mappls.com/place-icai+bhawan-indraprastha+estate-new+delhi-delhi-110002-h690o2@zdata=MjguNjI3Mzg2Kzc3LjI0MjQ3MisxNytoNjkwbzIrKw==ed
2500,howrah maidan,27100,21,206,$0,5,28,https://www.mappls.com/place-howrah+maidan-mahatma+gandhi+road-howrah+railway+station+area-howrah-west+bengal-711101-DPG4W9@zdata=MjIuNTgzMzI5Kzg4LjMzNDc5NCsxNytEUEc0VzkrK25yed
2501,dadar tt circle,40500,10,1368,$0,3,26,https://www.mappls.com/place-tt+circle+dadar+bus+stop-dr+babasaheb+ambedkar+marg-dadar+east-mumbai-maharashtra-400014-SKC9CD@zdata=MTkuMDE4NTYzKzcyLjg0ODEwNSsxNytTS0M5Q0QrK25yed
2502,chennai hilton,40500,20,174,$0.40,38,42,https://www.mappls.com/5e55b1
2503,bengali market,40500,13,797,$0,1,21,https://www.mappls.com/34f4s6
2504,bangalore one near me,49500,18,238,$0,1,19,https://www.mappls.com/f5fmi9
2505,asoka cinema hall,40500,18,174,$0.11,1,21,https://www.mappls.com/d66d63
2506,godrej garden city,33100,12,797,$0.30,10,26,https://www.mappls.com/z5rdv5
2507,gandhi bhavan,40500,10,1036,$0,3,31,https://www.mappls.com/im6t9a
2508,fantasy park,40500,31,85,$0.62,2,31,https://www.mappls.com/2jkt1g
2509,eon it park pune,40500,40,85,$0.79,7,20,https://www.mappls.com/ibhluy
2510,city center in chennai,33100,22,142,$0.20,4,27,https://www.mappls.com/4dtb7f
2511,zomato corporate office,33100,6,5362,$0,6,24,https://www.mappls.com/dvlu7l
2512,wardha railway station,27100,23,109,$0,1,21,https://www.mappls.com/13244a
2513,vasco da gama railway station,33100,42,69,$0,2,15,https://www.mappls.com/place-vasco+da+gama+railway+station-dr+rajendra+prasad+avenue-vaddem-vasco+da+gama-goa-403802-48332E@zdata=MTUuMzk2MDIxKzczLjgxMTkxKzE3KzQ4MzMyRSsred
2514,teacher recruitment board chennai,33100,15,301,$0,1,28,https://www.mappls.com/place-tamil+nadu+teachers+recruitment+board-4th+floor-evk+sampath+maaligai+college+road-chennai-tamil+nadu-600006-3fbba6@zdata=MTMuMDY4MTAxKzgwLjI1MTg5OCsxNyszZmJiYTYrKw==ed
2515,yes bank house,33100,44,69,$0.07,1,20,https://www.mappls.com/sbda58
2516,sanjay colony,33100,59,69,$0.98,4,29,https://www.mappls.com/place-sanjay+colony+sector+23+police+chowki-sanjay+colony-nit-faridabad-haryana-121005-QF6Z92@zdata=MjguMzQ4ODA4Kzc3LjI5Mjg0NysxNytRRjZaOTIrKw==ed
2517,sadar hospital,33100,24,142,$0,1,27,https://www.mappls.com/oz2qpr
2518,sohna bus stand,33100,10,847,$0,2,23,https://www.mappls.com/place-sohna+bus+stand-baluda-sohna-haryana-122103-6s1tcb@zdata=MjguMjQ2NDYxKzc3LjA3MTM5OCsxNys2czF0Y2IrKw==ed
2519,eva the mall,33100,10,652,$0.10,5,21,https://www.mappls.com/place-eva+the+mall-no+d76-near+saraswati+complex-vrajdham+mandir+road-vaishno+devi+society-manjalpur-vadodara-gujarat-390011-blsd3w@zdata=MjIuMjczNDIrNzMuMTg4MzYxKzE3K2Jsc2Qzdysred
2520,durga mata temple,18100,36,69,$0,2,19,https://www.mappls.com/i8w1a6
2521,dayalbagh agra,4400,55,69,$0.07,1,26,https://www.mappls.com/place-dei+technical+college+dayalbagh+educational+institute-dayalbagh-agra-uttar+pradesh-282005+agra-361TAD@zdata=MjcuMjI5NjczKzc4LjAxMzcwMTAwMDAwMDErMTcrMzYxVEFEed
2522,lake shore mall hyderabad,33100,17,374,$0.19,1,29,https://www.mappls.com/akxqsx
2523,kolkata address,33100,7,2181,$0,1,19,https://www.mappls.com/place-address+home+kolkata-144-remount+rd-majherhat-mominpore-kolkata-west+bengal-700027-5oqawk@zdata=MjIuNTI0ODY3NDUxNTA1Kzg4LjMxNzgyMDI3NjY4MisxNys1b3Fhd2srKw==ed
2524,kamani auditorium copernicus marg,33100,16,248,$0.09,2,20,https://www.mappls.com/1st81t
2525,jupiter hospital in baner pune,33100,21,109,$0.31,4,16,https://www.mappls.com/place-jupiter+hospital-near+prathamesh+park-baner+pimple+nilakh+road-baner+sonewadi-pune-maharashtra-411045-8mxxz2@zdata=MTguNTY1NzI1KzczLjc4NjAzOCsxNys4bXh4ejIrKw==ed
2526,jaunpur junction,33100,21,168,$0,1,27,https://www.mappls.com/place-jaunpur+junction+railway+station-khasanpur-jaunpur-uttar+pradesh-222001-C75271@zdata=MjUuNzYxNjYyKzgyLjY5OTMyNSsxNytDNzUyNzErK25yed
2527,itc mumbai parel,33100,21,142,$1,45,40,https://www.mappls.com/place-itc+grand+central+mumbai-287-dr+baba+saheb+ambedkar+road-parel-mumbai-maharashtra-400012-22s3s2@zdata=MTguOTk4MjIzKzcyLjgzODU2OSsxNysyMnMzczIrKw==ed
2528,iskcon temple road,33100,12,652,$0.12,5,33,https://www.mappls.com/ggfoj3
2529,iffco metro parking,33100,21,142,$0.11,4,19,https://www.mappls.com/place-iffco+chowk+metro+station+parking-iffco+chowk+metro+station-somnath+marg-sector+29-iffco+chowk-gurugram-haryana-122007-tt75te@zdata=MjguNDcxNTIyKzc3LjA3MTg3KzE3K3R0NzV0ZSsred
2530,bhel bus stop,33100,6,3220,$0,9,25,https://www.mappls.com/jujb88
2531,begumpet station,33100,23,109,$0.02,1,19,https://www.mappls.com/place-begumpet+railway+station-brahman+wadi-street+no+4-rock+garden-begumpet+road-sardar+patel+road-begumpet+flyover-uma+nagar-begumpet-hyderabad-telangana-500016-tf36sf@zdata=MTcuNDM4NDk1Kzc4LjQ1ODQ5NisxNyt0ZjM2c2YrKw==ed
2532,bar council of up,49500,29,69,$0,2,20,https://www.mappls.com/dd42bc
2533,bangalore lido mall,27100,36,69,$0.23,6,23,https://www.mappls.com/ad130y
2534,agra dayal bagh,33100,35,69,$0.17,3,19,"https://www.mappls.com/direction-from--to-agra+sarla+bagh,+dayal+bagh,+agra,+uttar+pradesh,+282005+agra?@zdata=ZnJvbSsrdG8rNzguMDA3MTYzLDI3LjIyNjgyNixOOEswWEsrdmlh"
2535,7 phase,33100,12,652,$0.18,5,20,https://www.mappls.com/42b2t1
2536,narayan nagar,33100,8,2181,$0.12,4,18,https://www.mappls.com/place-shri+narayan+nagar-narayan+nagar-khokhara-ahmedabad-gujarat-380008-3kta4j@zdata=MjMuMDAyMTAyKzcyLjYxNDkyMisxNysza3RhNGorKw==ed
2537,radisson blu new delhi paschim vihar,33100,40,69,$0.61,34,43,https://www.mappls.com/qlbg12
2538,patiala house,40500,75,69,$0,1,31,https://www.mappls.com/place-patiala+house+district+court-tilak+marg+new+delhi-purana+qila+road+area-new+delhi-delhi-110001-lbcn29@zdata=MjguNjE1MzYxKzc3LjIzNDQxOSsxNytsYmNuMjkrKw==ed
2539,pan and shop,33100,19,195,$0.10,1,19,https://www.mappls.com/place-pan+shop-tulsi+nagar-bhopal-madhya+pradesh-462003-1JVIZD@zdata=MjMuMjI4NjAxKzc3LjQxNTgyNCsxNysxSlZJWkQrK25yed
2540,pal rto,33100,7,1118,$0,14,32,https://www.mappls.com/place-pal+rto+brts+station+bus+station-adajan+gam-JHLVF2@zdata=MjEuMTgyMDcxKzcyLjc4MTUxNysxNitKSExWRjIrK25yed
2541,okhla nsic,33100,24,79,$0.13,4,16,https://www.mappls.com/juxrrc
2542,st thomas mount metro,33100,33,69,$0,5,16,"https://www.mappls.com/direction-from--to-st+thomas+mount+metro+station,+collectors+nagar,+alandur,+chennai,+tamil+nadu,+600016?@zdata=ZnJvbSsrdG8rODAuMTk2MTcyLDEyLjk5NDgxNiwzSkhVNlYrdmlh"
2543,south city,33100,55,69,$0.18,4,25,https://www.mappls.com/place-south+city+mall-no+375-prince+anwar+shah+road-south+city+complex-jadavpur-opposite+jodhpur+park-kolkata-west+bengal-700068-3c2f8c@zdata=MjIuNTAxODExKzg4LjM2MTkwNSsxNyszYzJmOGMrKw==ed
2544,ram mandir near me,33100,75,69,$0.01,1,20,https://www.mappls.com/bk69ao
2545,rail bhawan,27100,18,168,$0,4,28,https://www.mappls.com/place-rail+bhawan-central+secretariat-new+delhi-delhi-110001-78C5T5@zdata=MjguNjE1OTErNzcuMjExMjg1KzE3Kzc4QzVUNSsred
2546,radisson hotel hyderabad hitec city,22200,32,68,$0.44,12,21,https://www.mappls.com/ol6yzd
2547,pvr vr bengaluru whitefield road,27100,39,69,$0.05,7,16,https://www.mappls.com/79oadz
2548,pvr bilaspur,33100,24,72,$0.04,1,27,https://www.mappls.com/o0eokv
2549,krishan vihar,33100,27,76,$0.12,4,19,https://www.mappls.com/63cedf
2550,kanakapura road,33100,47,69,$0.20,4,29,"https://www.mappls.com/direction-from--to-,+kanakapura+main+road,+gandhinagar,+bengaluru,+karnataka,+560082?@zdata=ZnJvbSsrdG8rNzcuNTA1NDE5LDEyLjc5NDU3MyxFMDZXUjIrdmlh"
2551,kala nagar,33100,30,69,$0.11,4,19,https://www.mappls.com/place-bus+stop+kalanagar-bkc+road-kala+nagar-bandra+east-mumbai-maharashtra-400051-JVMZKN@zdata=MTkuMDUzODMzKzcyLjg0ODQxOSsxNytKVk1aS04rKw==ed
2552,kailash hospital & neuro institute,33100,13,301,$0.09,5,18,https://www.mappls.com/2mh3z2
2553,monastery market,27100,11,652,$0,1,27,https://www.mappls.com/3bsb4d
2554,mathura new bus stand,12100,5,2181,$0.04,3,32,https://www.mappls.com/place-mathura+bus+stand-new+bus+stand+road-adarsh+nagar-manoharpura-mathura-uttar+pradesh-281001-ESSEC5@zdata=MjcuNDkxOTczKzc3LjY3NDU4MysxNytFU1NFQzUrKw==ed
2555,malka ganj,33100,22,142,$0.12,3,19,https://www.mappls.com/c6r810
2556,dispensary,33100,18,301,$0,1,40,https://www.mappls.com/55s4a2
2557,darbhanga bus stand,33100,8,1552,$0.03,1,22,https://www.mappls.com/place-darbhanga+bus+stand-nh+27-kadrabad-darbhanga-bihar-846004-vu5pll@zdata=MjYuMTY5MTAxKzg1Ljg5MTk2MisxNyt2dTVwbGwrKw==ed
2558,csmt railway station,33100,55,69,$0.08,1,22,https://www.mappls.com/617xvu
2559,btm layout bengaluru karnataka,33100,17,185,$0.21,5,23,https://www.mappls.com/c7bd55
2560,hanuman road bus stop,33100,11,652,$0.07,6,20,https://www.mappls.com/place-bus+stop-hanuman+road-park+road-vile+parle+east-mumbai-maharashtra-400057-CAANZO@zdata=MTkuMTAzNjM0KzcyLjg1MzA1OSsxNytDQUFOWk8rK25yed
2561,gwalior station,33100,40,69,$0,3,28,https://www.mappls.com/place-gwalior+junction+railway+station-railway+station+area-thatipur-gwalior-madhya+pradesh-474002-FC67CC@zdata=MjYuMjE2MTY5Kzc4LjE4MjY2NCsxNytGQzY3Q0MrK25yed
2562,gurgaon sector 14 market,27100,31,69,$0,1,13,https://www.mappls.com/place-sector+14+main+market-madhya+marg-huda+market-sector+14-gurugram-haryana-122007-74etb7@zdata=MjguNDc0MDc2Kzc3LjA0ODAyMisxNys3NGV0YjcrKw==ed
2563,grant medical mumbai,33100,15,652,$0.09,1,26,https://www.mappls.com/place-grant+medical+college-mazagaon-sir+jj+hospital+campus-mazgaon-mumbai-maharashtra-400008-335ASB@zdata=MTguOTYyNzYxKzcyLjgzMzYzMisxNyszMzVBU0IrK25yed
2564,survey of india,33100,33,69,$0.14,2,37,https://www.mappls.com/es2c22
2565,st michael patna,33100,25,89,$0.38,2,21,https://www.mappls.com/b9j0j1
2566,st michael church mumbai,27100,29,72,$0.17,6,35,https://www.mappls.com/place-st+michaels+church-lady+jamshedji+road-mahim+west-mahim-mumbai-maharashtra-400016-QH6UPJ@zdata=MTkuMDQyNzM5KzcyLjg0MDcwNisxNytRSDZVUEorK25yed
2567,sri ram nagar,33100,17,195,$0.10,4,19,https://www.mappls.com/d58ba2
2568,siddalingeshwara theatre bangalore,33100,27,76,$0.14,5,21,https://www.mappls.com/f3sc58
2569,wild garden cafe,33100,28,76,$0.06,4,24,https://www.mappls.com/place-wild+garden+cafe-28-whites+road-amethyst+royapettah-opposite+volkswagen+showroom-chennai-tamil+nadu-600014-2NFB5A@zdata=MTMuMDU3MzMzKzgwLjI1OTUxNSsxNysyTkZCNUErK25yed
2570,wardha station,33100,27,89,$0.01,1,19,https://www.mappls.com/13244a
2571,basheer bagh hyderabad,33100,46,69,$0,5,24,https://www.mappls.com/su1jlp
2572,sis ganj gurudwara,27100,19,195,$1.08,8,24,https://www.mappls.com/52efcf
2573,krishna vihar,33100,29,69,$0.13,4,18,https://www.mappls.com/63cedf
2574,kazi nazrul islam airport,27100,52,69,$0.44,3,14,https://www.mappls.com/place-kazi+nazrul+islam+airport+arrival+terminal-kazi+nazrul+islam+airport-durgapur-west+bengal-713321-8AKFAJ@zdata=MjMuNjE3NTQzKzg3LjIzOTkyNysxNys4QUtGQUorK25yed
2575,jodhpur bus stand,33100,7,1552,$0,7,25,https://www.mappls.com/place-jodhpur+bus+stand-near+raika+bagh+railway+station-raika+bagh-jodhpur-rajasthan-342006-S45EAT@zdata=MjYuMjkxOTgzKzczLjAzOTQ2MysxNytTNDVFQVQrK25yed
2576,jaipur bus stand,27100,20,168,$0.16,5,23,https://www.mappls.com/place-jaipur+sindhi+camp+central+bus+stand-sindhi+camp-jaipur-rajasthan-302001-821FCB@zdata=MjYuOTI0NDY4Kzc1LjgwMDkwMisxNys4MjFGQ0IrK25yed
2577,j p cinema,33100,22,89,$0.12,4,17,https://www.mappls.com/wctu26
2578,highway in pune,33100,54,69,$0.03,1,43,https://www.mappls.com/5qh90m
2579,high court of tripura agartala,27100,13,301,$0.03,1,39,https://www.mappls.com/place-tripura+high+court-capital+complex-khejurbagan-agartala-tripura-799010-RCTBW6@zdata=MjMuODY4NTM2KzkxLjI4NTczNSsxNytSQ1RCVzYrK25yed
2580,ghaziabad airport,12100,24,79,$0.34,1,28,https://www.mappls.com/vxs92i
2581,bhimavaram location,27100,14,496,$0.91,1,19,"https://www.mappls.com/direction-from--to-bhimavaram+bhimavaram+road,+balusumoodi,+bhimavaram,+andhra+pradesh,+534202+bhimavaram?@zdata=ZnJvbSsrdG8rODEuNTE3OTIzLDE2LjU0NDY5NixUQURFRUIrdmlh"
2582,bhartiya mall,33100,24,89,$0,1,28,https://www.mappls.com/place-bhartiya+mall+of+bengaluru-bhartiya+city-thanisandra+main+road-bengaluru-karnataka-560064-qm3he0@zdata=MTMuMDg0MDA3Kzc3LjY0MzkzOCsxNytxbTNoZTArKw==ed
2583,belur chennakeshava temple,33100,45,69,$0,1,23,https://www.mappls.com/25ee8d
2584,arete hospitals,27100,22,89,$0.17,6,17,https://www.mappls.com/place-arete+hospitals-raidurgam-hyderabad-telangana-500008-s1bq69@zdata=MTcuNDI3NzIxKzc4LjM3NDk2NCsxNytzMWJxNjkrKw==ed
2585,basheer bagh hyderabad,33100,46,69,$0,5,24,https://www.mappls.com/su1jlp
2586,worldmark 1 aerocity new delhi,9900,37,69,$0.13,4,17,https://www.mappls.com/x616ib
2587,vivanta by taj dwarka delhi,18100,37,69,$0.49,46,41,https://www.mappls.com/o7n3v5
2588,vasco station,33100,39,69,$0.09,2,22,https://www.mappls.com/place-vasco+da+gama+railway+station-dr+rajendra+prasad+avenue-vaddem-vasco+da+gama-goa-403802-48332E@zdata=MTUuMzk2MDIxKzczLjgxMTkxKzE3KzQ4MzMyRSsred
2589,vaidya narayana murthy contact number,12100,21,79,$0,1,4,https://www.mappls.com/place-ns+vaidya+narayana+murthy+cancer+medicine+clinic-bengaluru+honnavar+road-sagar-shivamogga+district-karnataka-577412-Y9S4LQ@zdata=MTQuMDgxNDcyKzc1LjI1ODA5MysxNytZOVM0TFErK25yed
2590,suraj multiplex,33100,5,1552,$0.02,1,27,https://www.mappls.com/place-suraj+multiplex-mukti+katra+nagar-raghav+nagar-deoria-uttar+pradesh-274001-12V14F@zdata=MjYuNTAyNzE5KzgzLjc3NTM3NysxNysxMlYxNEYrK25yed
2591,silk board bus stop,33100,7,3220,$0,4,16,https://www.mappls.com/place-silk+board+bus+stop-central+silk+board+colony-btm+layout+stage+2-bengaluru-karnataka-560068-FCT7TN@zdata=MTIuOTE2NTA2Kzc3LjYyMTQ4MSsxNytGQ1Q3VE4rK25yed
2592,salt lake kolkata,33100,50,69,$0.15,1,23,https://www.mappls.com/ee6lxf
2593,rama palace,27100,11,496,$0,2,27,https://www.mappls.com/place-rama+palace-176-dehradun+road-near+rishikesh+railway+station-rishikesh-uttarakhand-249201-6e7347@zdata=MzAuMTE0MDE4Kzc4LjI5MTkyNysxNys2ZTczNDcrK25yed
2594,railway station mumbai,27100,50,69,$0.29,1,32,https://www.mappls.com/5c8b23
2595,the globe grub,33100,19,195,$0.35,12,26,https://www.mappls.com/place-the+globe+grub-gachibowli-gachibowli-hyderabad-telangana-500032-utirfs@zdata=MTcuNDM1Nys3OC4zNjc3KzE3K3V0aXJmcysred
2596,koramangala police station bangalore,33100,5,3220,$0.15,5,19,https://www.mappls.com/place-koramangala+police+station-20th+main+road-block+6-koramangala-bengaluru-karnataka-560095-lw52n5@zdata=MTIuOTQxMTc0Kzc3LjYyMTMzMisxNytsdzUybjUrKw==ed
2597,karma road,33100,27,109,$0,1,27,https://www.mappls.com/place-kadavu+cafe-karma+road-ponnani-kerala-679577-U59WDF@zdata=MTAuODEwMTY2Kzc1Ljk1OTAwMisxNytVNTlXREYrK25yed
2598,kala nagar mumbai,33100,51,69,$0.16,9,20,https://www.mappls.com/place-kala+cooperative+housing+society-kher+nagar-oppsite+daulat+nagar-bandra+east-mumbai-maharashtra-400051-OM7ALU@zdata=MTkuMDYwNTQ5KzcyLjg0NTE3NSsxNytPTTdBTFUrKw==ed
2599,igims patna,27100,22,168,$0.42,1,27,"https://www.mappls.com/direction-from--to-igims+patna+new,+sheikhpura,+indira+gandhi+institute+of+medical+sciences+hospit,+sheikhpura,+patna,+bihar,+800014?@zdata=ZnJvbSsrdG8rODUuMDg5MSwyNS42MTA2LEU2SDRJWjs4NS4wODkxLDI1LjYxMDYsRTZINElaK3ZpYQ=="
2600,palghar railway station,33100,36,69,$0,1,22,https://www.mappls.com/place-palghar+railway+station-navnitbhai+shah+marg-vishnu+nagar-palghar-maharashtra-401404-2F43A5@zdata=MTkuNjk3ODc2KzcyLjc3MjAxNysxNysyRjQzQTUrK25yed
2601,new india,33100,28,69,$1.02,1,44,https://www.mappls.com/place-new+india+insurance+company-jawahar+nagar-civil+line-jalandhar-punjab-144001-E487CA@zdata=MzEuMzE3OTA5Kzc1LjU4NTAwOSsxNytFNDg3Q0ErKw==ed
2602,namakkal south,33100,8,2181,$0.09,1,18,https://www.mappls.com/6clr7l
2603,madanpur khadar delhi,33100,52,69,$0.11,5,23,https://www.mappls.com/place-madanpur+khadar+branch+post+office-madanpur+khadar-new+delhi-delhi-110076-f8a6a8@zdata=MjguNTM0NzE4Kzc3LjMwMTE3NCsxNytmOGE2YTgrKw==ed
2604,lucknow science city,33100,22,168,$0.10,4,17,https://www.mappls.com/vkxwju
2605,lakshmi industrial estate,33100,11,652,$0.54,6,18,https://www.mappls.com/place-laxmi+industrial+estate-off+new+link+road-shantivan+chs-andheri+west-mumbai-maharashtra-400053-ELBJWM@zdata=MTkuMTUwOTA0KzcyLjgzMDA1NisxNytFTEJKV00rK25yed
2606,rajiv gandhi university bangalore,33100,37,69,$0.47,1,14,https://www.mappls.com/n2dfx4
2607,raj rajeshwar temple,33100,24,168,$0.85,1,28,https://www.mappls.com/cb5c45
2608,penugonda,33100,72,69,$0,1,40,"https://www.mappls.com/direction-from--to-+penugonda,+west+godavari+district,+andhra+pradesh,+534320?@zdata=ZnJvbSsrdG8rODEuNzQzNDIsMTYuNjU4MDQxLEdNMEJLUCt2aWE="
2609,d mall,27100,14,652,$0,9,29,https://www.mappls.com/2t7e1b
2610,cox town bangalore,33100,43,69,$0.17,6,20,https://www.mappls.com/p0spv3
2611,closest public bathroom,33100,28,72,$0.27,1,23,"https://www.mappls.com/toilets/near/22.4752,88.343186"
2612,c lal chowk,27100,3,10062,$0.22,10,13,https://www.mappls.com/fyiq59
2613,high court road,33100,11,374,$0.15,5,54,https://www.mappls.com/6f4wkn
2614,hebbal bmtc bus stop,27100,29,69,$0.15,6,19,https://www.mappls.com/rybqt2
2615,building no 9,33100,17,168,$0.14,7,16,https://www.mappls.com/lv7bgx
2616,bangalore turf club l t d,33100,36,69,$0.21,1,26,https://www.mappls.com/34t1se
2617,anini,27100,38,69,$0,1,39,https://www.mappls.com/eb8237
2618,alwar bus stand,33100,6,3220,$0,4,24,https://www.mappls.com/place-alwar+bus+stand-old+bus+stand+road-kabir+colony-alwar-rajasthan-301001-8ef475@zdata=MjcuNTYyNTk3Kzc2LjYwMTk2OCsxNys4ZWY0NzUrKw==ed
2619,2 street,33100,19,142,$0.14,4,41,https://www.mappls.com/place-street+style+store-lower+ground+floor-d+mall-shakti+khand+2-indirapuram-ghaziabad-uttar+pradesh-201014-ntq6pp@zdata=MjguNjQ2MDIyKzc3LjM3NTA2KzE3K250cTZwcCsred
2620,tilak hospital and research centre,27100,12,301,$0.08,3,16,https://www.mappls.com/n323ut
2621,spicy venue jubilee hills,33100,27,79,$0.20,4,21,https://www.mappls.com/tdt2ef
2622,radisson blu goa,27100,22,142,$0.18,31,31,https://www.mappls.com/ddgztv
2623,pdr mall in varanasi,27100,12,374,$0.25,6,19,https://www.mappls.com/c3qknw
2624,panvel st stand,74000,27,76,$0,6,37,https://www.mappls.com/place-panvel+bus+stand-forest+colony-panvel-navi+mumbai-maharashtra-410206-PYJ9BU@zdata=MTguOTkwNzQ5KzczLjExNjY5NysxNytQWUo5QlUrK25yed
2625,palm beach galleria mall,33100,17,168,$0,10,18,https://www.mappls.com/place-pvr+inox-palm+beach+galleria+mall+mumbai-3rd+floor-palm+beach+galleria+mall-phase+2-plot+no+17-sector+19d-palm+beach+road-navi+mumbai-maharashtra-400703-osy8bh@zdata=MTkuMDg0ODE3KzczLjAwNzU1OSsxNytvc3k4YmgrKw==ed
2626,sira tumkur,33100,50,69,$0,1,28,"https://www.mappls.com/direction-from--to-sira+techno+city+sira,+tumkur+district,+karnataka,+572137?@zdata=ZnJvbSsrdG8rNzYuOTE0NDE3LDEzLjcwMjA0NSwySVhOMzUrdmlh"
2627,sea princess hotel juhu mumbai,33100,28,69,$0.33,17,21,https://www.mappls.com/h3ji2d
2628,ranjit avenue amritsar,33100,30,69,$0.23,4,24,https://www.mappls.com/21e5s7
2629,radisson hotel nagpur,33100,47,69,$0.33,28,27,https://www.mappls.com/c1eee3
2630,pvr latur,33100,15,185,$0.03,1,28,https://www.mappls.com/cd46ss
2631,pvr diamond plaza,33100,25,69,$0.05,1,23,https://www.mappls.com/e3n9gw
2632,manipal hospital vijayawada,33100,15,195,$0.32,16,27,https://www.mappls.com/place-manipal+hospitals-vijayawada-near+varadhi-guntur-tadepalli-andhra+pradesh-522501-84t6s3@zdata=MTYuNDg0NDM5KzgwLjYxNzA3OSsxNys4NHQ2czMrKw==ed
2633,lakeshore mall hyderabad,1300,12,496,$0.62,1,27,https://www.mappls.com/akxqsx
2634,labour chowk,33100,14,301,$0,9,30,https://www.mappls.com/f3e882
2635,kolkata birla museum,33100,47,69,$0.07,3,35,https://www.mappls.com/8be341
2636,kamani auditorium new delhi,33100,24,89,$0.27,4,20,https://www.mappls.com/1st81t
2637,kalyani magnum,27100,26,89,$0,9,29,https://www.mappls.com/grrutl
2638,jaipur golden hospital rohini,33100,14,248,$0.32,3,18,https://www.mappls.com/oex0gl
2639,namakkal town,33100,55,69,$0.14,1,38,https://www.mappls.com/place-namakkal+town+cooperative+housing+society+ltd-no+21-paramathi+road-namakkal-tamil+nadu-637001-6gslp7@zdata=MTEuMjE4MTE5Kzc4LjE2NDU0OCsxNys2Z3NscDcrKw==ed
2640,dlf downtown chennai,33100,15,301,$0.34,8,25,https://www.mappls.com/place-dlf+downtown-tharamani-chennai-tamil+nadu-600113-B663A8@zdata=MTIuOTgxNDc4KzgwLjI0ODEwMysxNytCNjYzQTgrKw==ed
2641,dahisar metro station,12100,40,69,$0.19,10,14,https://www.mappls.com/place-dahisar+east+metro+station-chunabhatti-dahisar+east-mumbai-maharashtra-400068-DKA2XR@zdata=MTkuMjUxMTg0KzcyLjg2NzAyMysxNytES0EyWFIrK25yed
2642,cotton green railway station,27100,14,301,$0,7,16,https://www.mappls.com/place-cotton+green+railway+station+east-zb+road-cotton+green-sewri-mumbai-maharashtra-400033-4E21TD@zdata=MTguOTg3Mzk1KzcyLjg0NDM5NSsxNys0RTIxVEQrK25yed
2643,cafe wink,40500,29,69,$0,3,31,https://www.mappls.com/o4l231
2644,k k nagar chennai,33100,54,69,$0.16,3,23,https://www.mappls.com/place-kk+nagar+police+station-pt+rajan+salai-sector+13-kk+nagar-chennai-tamil+nadu-600078-tsa7cs@zdata=MTMuMDQxNzAzKzgwLjIwNTQ3MysxNyt0c2E3Y3MrKw==ed
2645,joggers park,60500,21,168,$0,5,38,https://www.mappls.com/place-joggers+park-vaikunthlal+mehta+road-ashok+nagar-juhu-mumbai-maharashtra-400049-44A62F@zdata=MTkuMTA0MTErNzIuODMyMjc5KzE3KzQ0QTYyRisrbnI=ed
2646,hotel vijay park koyambedu,2900,42,69,$0.22,12,18,https://www.mappls.com/place-hotel+vijay+park-12-jawaharlal+nehru+salai-arumbakkam-chennai-tamil+nadu-600106-SS7BST@zdata=MTMuMDY1MzU5KzgwLjIxMDE1MSsxNytTUzdCU1QrKw==ed
2647,goregaon sports club,33100,8,847,$0,6,24,https://www.mappls.com/6s44f7
2648,gmc goa,33100,26,69,$0,3,28,https://www.mappls.com/s8e5t3
2649,gali number 4,33100,6,2181,$0.09,3,15,https://www.mappls.com/8t47bq
2650,east coast at madras square,27100,31,69,$0.03,9,16,https://www.mappls.com/l5vtuy
2651,dwarka court,27100,13,248,$0,3,27,https://www.mappls.com/place-dwarka+district+court-sector+10+dwarka-new+delhi-delhi-110075-adcff3@zdata=MjguNTgwNzkzKzc3LjA1OTI4MSsxNythZGNmZjMrKw==ed
2652,block a3,27100,8,1118,$0.13,3,14,https://www.mappls.com/place-a3+block+janakpuri-block+a3-janakpuri-new+delhi-delhi-110058-3JHKI8@zdata=MjguNjIwOTY5Kzc3LjA4MDY3KzE3KzNKSEtJOCsred
2653,address kolkata,33100,18,195,$0,1,19,https://www.mappls.com/place-address+home+kolkata-144-remount+rd-majherhat-mominpore-kolkata-west+bengal-700027-5oqawk@zdata=MjIuNTI0ODY3NDUxNTA1Kzg4LjMxNzgyMDI3NjY4MisxNys1b3Fhd2srKw==ed
2654,om nagar,33100,52,69,$0.10,4,18,https://www.mappls.com/o2dymx
2655,new delhi railway station gate no 2,33100,7,3220,$0.11,5,24,https://www.mappls.com/place-new+delhi+railway+station+gate+no+2+bus+stop-bhavbhuti+marg-minto+road+area-new+delhi-delhi-110002-9TLFYO@zdata=MjguNjQzNTIrNzcuMjIzODQ3KzE3KzlUTEZZTysrbnI=ed
2656,nearby public toilet,40500,7,1118,$0.21,1,39,https://www.mappls.com/search-near-Sulabh%20Complex%20Public%20Toilets@zdata=NzguMDQzMjA0LDE1LjgyOTQ1Ng==
2657,nashik airport,33100,57,69,$0.12,3,28,https://www.mappls.com/pz8otp
2658,nadra bus stand bhopal madhya pradesh,33100,5,5362,$0.07,4,19,https://www.mappls.com/place-nadra+bus+stand-chhola+road-mpeb+colony-bhopal-madhya+pradesh-462010-4A4EBS@zdata=MjMuMjY1Mjg3Kzc3LjQwNTI5NisxNys0QTRFQlMrK25yed
2659,mumbai railway station,33100,52,69,$0.03,1,32,https://www.mappls.com/5c8b23
2660,mumbai east rto,33100,30,69,$0.14,9,17,https://www.mappls.com/2d6ymj
2661,hotel amar palace jaipur,33100,15,195,$0.14,3,15,https://www.mappls.com/place-hotel+amar+palace-karni+vihar-near+heerapura-ajmer+highway-jaipur-rajasthan-302020-7P5Y1I@zdata=MjYuODg0ODQ1Kzc1LjczMDg4NSsxNys3UDVZMUkrK25yed
2662,gst bhavan,33100,32,69,$0.18,5,14,https://www.mappls.com/1u350i
2663,kudroli sri gokarnanatha kshetra,33100,41,69,$0.11,4,34,https://www.mappls.com/place-kudroli+sri+gokarnanatheshwara+kshethra-kudroli-kodiabail-mangaluru-karnataka-575003-tc81ec@zdata=MTIuODc1OSs3NC44MzE0KzE3K3RjODFlYysred
2664,krishna chowk,33100,3,5362,$0.12,5,22,https://www.mappls.com/ba5lsm
2665,swaminarayan temple,49500,47,69,$1.14,1,33,https://www.mappls.com/kjgg18
2666,srinagar uttarakhand,27100,75,69,$0.17,1,26,https://www.mappls.com/place-tehsil+srinagar+garhwal-pauri+srinagar+road-srinagar-uttarakhand-246174-ru4gbm@zdata=MzAuMjE2MDQ0Kzc4Ljc2OTgwMSsxNytydTRnYm0rKw==ed
2667,shree datta mandir,22200,17,496,$0.26,8,18,https://www.mappls.com/place-shree+datta+mandir-vidya+nagar-chinchwad-pimpri+chinchwad-maharashtra-411019-ky0tvl@zdata=MTguNjUwMzMyKzczLjc5ODkyNysxNytreTB0dmwrKw==ed
2668,sector 14 market,33100,11,847,$0.03,1,27,https://www.mappls.com/place-sector+14+main+market-madhya+marg-huda+market-sector+14-gurugram-haryana-122007-74etb7@zdata=MjguNDc0MDc2Kzc3LjA0ODAyMisxNys3NGV0YjcrKw==ed
2669,sangli miraj,27100,53,69,$0,1,26,https://www.mappls.com/bft1tf
2670,rourkela railway station,33100,24,109,$0,1,23,https://www.mappls.com/place-rourkela+railway+station-udit+nagar-rourkela-odisha-769012-TT38T5@zdata=MjIuMjI3NjA0Kzg0Ljg2Mjk3KzE3K1RUMzhUNSsrbnI=ed
2671,vijay park,33100,33,69,$0.16,7,30,https://www.mappls.com/place-hotel+vijay+park-12-jawaharlal+nehru+salai-arumbakkam-chennai-tamil+nadu-600106-SS7BST@zdata=MTMuMDY1MzU5KzgwLjIxMDE1MSsxNytTUzdCU1QrKw==ed
2672,vasco da gama station,33100,36,69,$0,2,15,https://www.mappls.com/place-vasco+da+gama+railway+station-dr+rajendra+prasad+avenue-vaddem-vasco+da+gama-goa-403802-48332E@zdata=MTUuMzk2MDIxKzczLjgxMTkxKzE3KzQ4MzMyRSsred
2673,tirunelveli junction railway station,27100,24,79,$0,1,14,https://www.mappls.com/c6c2cc
2674,mansarovar park,27100,50,69,$0,7,29,https://www.mappls.com/place-mansarovar+park-rohtak+sonipat+road-mansarover+colony-rohtak-haryana-124001-47BA76@zdata=MjguODk2MjIzKzc2LjU5NzQ0MysxNys0N0JBNzYrK25yed
2675,kishan ganj railway station,22200,24,109,$0,2,12,https://www.mappls.com/place-kishanganj+railway+station-kishan+ganj-new+delhi-delhi-110007-JTQ4L8@zdata=MjguNjYzMTM1Kzc3LjE5Nzg4OCsxNytKVFE0TDgrKw==ed
2676,kashi art cafe,33100,28,76,$0,1,23,https://www.mappls.com/place-kashi+art+cafe-burgher+street-njaliparambu-fort+cochin-kochi-kerala-682001-2J1LYZ@zdata=OS45NjcxOTUwMDAwMDAxKzc2LjI0Mjc1MisxNysySjFMWVorK25yed
2677,kamani auditorium,33100,38,69,$0,4,29,https://www.mappls.com/1st81t
2678,ram ghat marg,27100,11,847,$0.02,1,19,https://www.mappls.com/place-ram+ghat-kartik+chowk-jaisinghpura-ram+ghat+marg-ujjain-madhya+pradesh-456006-6t7s3b@zdata=MjMuMTg2MzcyKzc1Ljc2NDA5KzE3KzZ0N3MzYisred
2679,platinum mall,18100,16,496,$0.19,9,33,https://www.mappls.com/place-platinum+mall-opposite+ghatkopar+railway+station-next+to+bmc+office-ghatkopar+east-jawahar+road-mumbai-maharashtra-400077-T77CFE@zdata=MTkuMDg0MDM5KzcyLjkwNjc4MSsxNytUNzdDRkUrK25yed
2680,palam station,33100,26,89,$0.10,3,19,https://www.mappls.com/361ss5
2681,nathdwara temple,33100,25,142,$0.27,2,28,https://www.mappls.com/4f7t3s
2682,my bar headquarters new delhi delhi,33100,17,248,$0.10,2,25,https://www.mappls.com/place-my+bar+headquarters-49-2nd+floor-block+n+connaught+place-opposite+palika+bazar-new+delhi-delhi-110001-FFRTFQ@zdata=MjguNjMwNjMrNzcuMjE5NzA1KzE3K0ZGUlRGUSsrbnI=ed
2683,my bar headquarters connaught place,33100,10,652,$0.10,2,21,https://www.mappls.com/place-my+bar+headquarters-49-2nd+floor-block+n+connaught+place-opposite+palika+bazar-new+delhi-delhi-110001-FFRTFQ@zdata=MjguNjMwNjMrNzcuMjE5NzA1KzE3K0ZGUlRGUSsrbnI=ed
2684,rubber board,33100,27,69,$0,1,27,https://www.mappls.com/place-rubber+board-calicut+wayanad+road-koombara-kozhikode-kerala-673001-9l13yw@zdata=MTEuMjY2OTAyKzc1Ljc3ODU1KzE3KzlsMTN5dysred
2685,dwarka sector 6,33100,39,69,$0.18,9,25,https://www.mappls.com/yc2hl4
2686,dr b r ambedkar bhavan,27100,10,496,$0.12,5,19,https://www.mappls.com/place-dr+br+ambedkar+bhavan-sv+nagar-mallapur-hyderabad-telangana-500076-B8EWF4@zdata=MTcuNDQyOTI1Kzc4LjU3MjAyNysxNytCOEVXRjQrKw==ed
2687,dmart hongasandra,33100,19,142,$0.19,7,30,https://www.mappls.com/rj8q9h
2688,dindigul bus stand,49500,78,69,$0,1,27,https://www.mappls.com/place-sempatti+bus+stand-nh+183-nilakkottai-dindigul+district-tamil+nadu-624707-TFC22T@zdata=MTAuMjgxNDY3Kzc3Ljg3MTU3NisxNytURkMyMlQrK25yed
2689,diamond garden,33100,17,195,$0,4,29,https://www.mappls.com/place-diamond+garden-chembur-mumbai-maharashtra-400071-tj82hr@zdata=MTkuMDUyMDI2KzcyLjg5NjY2MisxNyt0ajgyaHIrKw==ed
2690,amazon locations near me,33100,20,168,$0.12,1,35,https://www.mappls.com/owg801
2691,aditya city centre,33100,6,1552,$0.13,6,18,https://www.mappls.com/place-aditya+city+centre+mall-vaibhav+khand-indirapuram-ghaziabad-uttar+pradesh-201014-8sf63s@zdata=MjguNjM4Mzk1Kzc3LjM2MDUzMSsxNys4c2Y2M3MrKw==ed
2692,st michael's church mumbai,27100,31,69,$0.16,8,39,https://www.mappls.com/place-st+michaels+church-lady+jamshedji+road-mahim+west-mahim-mumbai-maharashtra-400016-QH6UPJ@zdata=MTkuMDQyNzM5KzcyLjg0MDcwNisxNytRSDZVUEorK25yed
2693,siri fort auditorium in delhi,33100,32,69,$0.25,4,24,https://www.mappls.com/place-siri+fort+auditorium+parking-siri+fort+sports+complex+road-siri+fort+institutional+area-siri+fort-new+delhi-delhi-110049-7A88D2@zdata=MjguNTUzODY3Kzc3LjIxMzk4KzE3KzdBODhEMisrbnI=ed
2694,siri fort auditorium,33100,35,69,$0,4,24,https://www.mappls.com/94jgoq
2695,shri bande mahakali temple,22200,9,1118,$0.02,2,19,https://www.mappls.com/fhswgz
2696,shree balaji agora mall,40500,19,185,$0,6,19,https://www.mappls.com/d635mt
2697,satara bus depot,33100,10,1118,$0,1,22,https://www.mappls.com/place-satara+bus+stand-sadar+bazar-satara-maharashtra-415001-738stc@zdata=MTcuNjkzMTAyKzc0LjAwNDUyNSsxNys3MzhzdGMrKw==ed
2698,sarai kale khan station,33100,17,301,$0.09,4,19,https://www.mappls.com/place-hazrat+nizamuddin+railway+station+sarai+kale+khan+side-ustad+hafiz+ali+khan+sahib+marg-nizamuddin+east-new+delhi-delhi-110013-n6yt8b@zdata=MjguNTg4NTIrNzcuMjU0ODQ4KzE3K242eXQ4Yisred
2699,thane station east,40500,14,374,$0,12,29,https://www.mappls.com/report/ba5s33/f81ef8ac-a28d-4ed2-985b-c741c7e73fd5
2700,taj vivanta dwarka,18100,29,69,$0.27,49,33,https://www.mappls.com/o7n3v5
2701,vijay vilas palace,27100,36,69,$0.06,1,22,https://www.mappls.com/88sd5a
2702,vijay path,33100,18,185,$0.09,5,37,https://www.mappls.com/place-vijay+path-sector+122-sector+101-mansarovar-jaipur-rajasthan-302020-JJI5AH@zdata=MjYuODQ3OTc3Kzc1Ljc2OTE5MisxNytKSkk1QUgrK25yed
2703,tumkur sira,33100,46,69,$0,1,28,"https://www.mappls.com/direction-from--to-sira+techno+city+sira,+tumkur+district,+karnataka,+572137?@zdata=ZnJvbSsrdG8rNzYuOTE0NDE3LDEzLjcwMjA0NSwySVhOMzUrdmlh"
2704,transport nagar jaipur rajasthan,33100,12,652,$0.08,4,19,https://www.mappls.com/place-transport+nagar-ghat+ki+guni-jaipur-rajasthan-302004-LSMWIU@zdata=MjYuOTAxNzE3Kzc1Ljg0Mzk5OCsxNytMU01XSVUrK25yed
2705,trampoline park gurgaon,27100,31,69,$0.10,4,23,https://www.mappls.com/8lb8sp
2706,zaveri bazaar,33100,17,301,$0.41,6,26,https://www.mappls.com/s83st1
2707,pali location,33100,32,69,$0,1,27,https://www.mappls.com/direction-from--to-Pali@Zdata=ZnJvbSsrdG8rNzMuMzEyNzQsMjUuNzY4MjQ0K3ZpYQ==
2708,nsp parking,33100,22,89,$0.19,5,15,https://www.mappls.com/place-pacific+mall+multilevel+parking-basement-pacific+mall-new+delhi-delhi-110034-F9258V@zdata=MjguNjk0MjgrNzcuMTUzNjY5KzE3K0Y5MjU4VisrbnI=ed
2709,neighbourhood resource centre,33100,57,69,$1.95,1,31,https://www.mappls.com/tmibwe
2710,masani amman,9900,20,142,$0.05,1,28,https://www.mappls.com/place-masani+amman+temple-md+13-anaimalai-tamil+nadu-642104-lbq9jz@zdata=MTAuNTc4NjIzKzc2LjkzNDcxMisxNytsYnE5anorKw==ed
2711,mamata academy of medical sciences hospital,27100,26,79,$0,7,16,https://www.mappls.com/vjeq9q
2712,magneto mall bilaspur chhattisgarh,33100,30,69,$0.23,9,20,"https://www.mappls.com/direction-from--to-pvr+bilaspur,+rama+magneto+mall,+talapara,+bilaspur,+chhattisgarh,+495001?@zdata=ZnJvbSsrdG8rODIuMTQ4NjgzLDIyLjA3MTQ5NCxEWVlINjQrdmlh"
2713,library chowk,27100,27,79,$0,6,28,https://www.mappls.com/place-library+bazaar-old+library-gandhi+chowk-mussoorie-uttarakhand-248179-5NJYKW@zdata=MzAuNDU5NjUrNzguMDY3MDQyKzE3KzVOSllLVysred
2714,salt lake city kolkata,33100,53,69,$0.17,2,15,https://www.mappls.com/ee6lxf
2715,safdarjung station delhi,33100,30,69,$0,1,19,https://www.mappls.com/place-safdarjung+railway+station-new+moti+nagar-new+delhi-delhi-110023-BE46AT@zdata=MjguNTgyMzgzKzc3LjE4NTkzNisxNytCRTQ2QVQrK25yed
2716,raj rishi,33100,29,69,$0.70,1,27,https://www.mappls.com/fdca3c
2717,raipur rani,27100,74,69,$0,1,27,"https://www.mappls.com/direction-from--to-raipur+rani+district+panchkula,+raipur+rani,+haryana,+134204+raipur+rani?@zdata=ZnJvbSsrdG8rNzcuMDE1NDQ3LDMwLjU3OTM0NSxFWVFGODIrdmlh"
2718,polo ground,33100,15,652,$0,7,30,https://www.mappls.com/place-polo+ground-kingsway+camp-new+delhi-delhi-110009-B2T454@zdata=MjguNjk0NzE1Kzc3LjIwMDk5NCsxNytCMlQ0NTQrKw==ed
2719,hindu mission hospital,27100,16,168,$1.34,3,22,https://www.mappls.com/place-hindu+mission+hospital-gst+road-ranganathapuram-tambaram+west-chennai-tamil+nadu-600045-A1SUIL@zdata=MTIuOTMxNTQrODAuMTIxMzA2KzE3K0ExU1VJTCsred
2720,highway national,33100,45,69,$0.21,1,44,https://www.mappls.com/4yj6kn
2721,gwalior railway station,27100,35,69,$0,2,22,https://www.mappls.com/place-gwalior+junction+railway+station-railway+station+area-thatipur-gwalior-madhya+pradesh-474002-FC67CC@zdata=MjYuMjE2MTY5Kzc4LjE4MjY2NCsxNytGQzY3Q0MrK25yed
2722,jaripatka,33100,23,142,$0,5,42,"https://www.mappls.com/direction-from--to-nagpur+jaripatka,+nagpur,+maharashtra,+440014+nagpur?@zdata=ZnJvbSsrdG8rNzkuMDg5NjQ5LDIxLjE3ODQxMixZN0lJV08rdmlh"
2723,icici atm,33100,10,847,$0,1,28,https://www.mappls.com/place-icici+atm-bn+reddy+nagar+main+road-vanasthalipuram-hyderabad-telangana-500070-ZT5C2L@zdata=MTcuMzIxMDI3Kzc4LjU2MzI2OCsxNytaVDVDMkwrK25yed
2724,i think techno campus,33100,11,652,$0,7,17,https://www.mappls.com/xryfgc
2725,l a cinemas,27100,12,496,$0,1,31,https://www.mappls.com/bd5b4c
2726,koramangala police station,33100,5,1552,$0,6,24,https://www.mappls.com/place-koramangala+police+station-20th+main+road-block+6-koramangala-bengaluru-karnataka-560095-lw52n5@zdata=MTIuOTQxMTc0Kzc3LjYyMTMzMisxNytsdzUybjUrKw==ed
2727,dei agra,33100,36,69,$0.55,1,28,https://www.mappls.com/place-dei+technical+college+dayalbagh+educational+institute-dayalbagh-agra-uttar+pradesh-282005+agra-361TAD@zdata=MjcuMjI5NjczKzc4LjAxMzcwMTAwMDAwMDErMTcrMzYxVEFEed
2728,club road,33100,17,195,$0.11,3,21,https://www.mappls.com/place-the+club+road+cafe+by+tornado-5-3rd+floor-north+west+avenue-club+road-punjabi+bagh-new+delhi-delhi-110026-gb0nx4@zdata=MjguNjY2Mzg2Kzc3LjEyNjE4KzE3K2diMG54NCsred
2729,chinchwad railway station pune,33100,18,185,$0.09,4,26,https://www.mappls.com/place-chinchwad+railway+station-mumbai+pune+highway-chinchwad-pimpri+chinchwad-maharashtra-411033-A8B324@zdata=MTguNjQwMzUxKzczLjc5MTQ4MisxNytBOEIzMjQrK25yed
2730,c k road,33100,35,69,$0,1,20,"https://www.mappls.com/direction-from--to-chandrakona+road+railway+station,+durllabhganj,+west+bengal,+721252?@zdata=ZnJvbSsrdG8rODcuMzQwNzk0LDIyLjczOTU5NyxBU0MzQzgrdmlh"
2731,galaxy cinema,22200,23,89,$0.01,1,25,https://www.mappls.com/place-galaxy+cinema-mumbai+road-deluxe+colony-surya+nagar-toli+chowki-hyderabad-telangana-500008-DVYE2E@zdata=MTcuNDAzMzUrNzguNDExMDU1KzE3K0RWWUUyRSsrbnI=ed
2732,first source,33100,30,69,$0.11,1,33,https://www.mappls.com/866cae
2733,delhi dwarka court,33100,12,374,$0.05,3,31,https://www.mappls.com/place-dwarka+district+court-sector+10+dwarka-new+delhi-delhi-110075-adcff3@zdata=MjguNTgwNzkzKzc3LjA1OTI4MSsxNythZGNmZjMrKw==ed
2734,ayodhya nagar,33100,21,142,$0,4,29,"https://www.mappls.com/direction-from--to-,+ayodhya+nagar,+nagpur,+maharashtra,+440024?@zdata=ZnJvbSsrdG8rNzkuMTEwMjc1LDIxLjExNjg3OSxRR1VCRFkrdmlh"
2735,ashram metro gate no 2,27100,31,69,$0.16,8,21,https://www.mappls.com/place-ashram+metro+station-ring+road-maharani+bagh-new+delhi-delhi-110065-3F7F9C@zdata=MjguNTcyNDc4Kzc3LjI1ODkyNSsxNyszRjdGOUMrK25yed
2736,anna canteen,33100,22,168,$0.23,3,27,https://www.mappls.com/place-anna+canteen-nayudupeta-andhra+pradesh-524126-PDQFX9@zdata=MTMuOTA2ODAxKzc5LjkwMDc5MisxNytQRFFGWDkrK25yed
2737,2nd cross road,33100,8,847,$0.10,5,16,https://www.mappls.com/place-animal+kingdom-2nd+cross+road-neeladri+nagar-electronic+city-bengaluru-karnataka-560100-9O7JPW@zdata=MTIuODQwNTA4Kzc3LjY1MDY4NSsxNys5TzdKUFcrK25yed
2738,birla industrial museum,33100,54,69,$0.15,3,28,https://www.mappls.com/8be341
2739,palani bus stand,33100,8,1118,$0,2,23,"https://www.mappls.com/direction-from--to-palani+bus+stand,+palani,+tamil+nadu,+624601?@zdata=ZnJvbSsrdG8rNzcuNTE1NzU1LDEwLjQ0OTkxNSxDMTc2MVMrdmlh"
2740,new aatish market,33100,2,10062,$0.02,4,22,https://www.mappls.com/tw14ep
2741,nearby public restrooms,33100,40,69,$0.16,1,19,"https://www.mappls.com/toilets/near/13.014987,77.646456"
2742,mehboob studio in mumbai,22200,15,374,$0.19,7,22,https://www.mappls.com/place-mehboob+studio+bus+stop-hill+road-bandra+west-mumbai-maharashtra-400050-X7AGQ5@zdata=MTkuMDUyNjErNzIuODI0MisxNytYN0FHUTUrKw==ed
2743,ramesh nagar delhi metro station,22200,11,847,$0.14,4,17,https://www.mappls.com/47c2s7
2744,pune juna bazar,22200,43,69,$0,11,23,https://www.mappls.com/place-temple-juna+bazar+khadki-pune-maharashtra-411003-9ro3oz@zdata=MTguNTY4MzA1KzczLjg0NTE2MysxNys5cm8zb3orKw==ed
2745,public toilet nearest,40500,22,142,$0.16,1,32,https://www.mappls.com/place-public+toilet-gayatri+nagar-gwalior-madhya+pradesh-474005-8L44W9@zdata=MjYuMjUxNzYxKzc4LjIxNTg2MysxNys4TDQ0VzkrK25yed
2746,uttar pradesh bar council,33100,28,69,$0.20,2,17,https://www.mappls.com/dd42bc
2747,triumph tower,27100,21,142,$1.12,4,15,https://www.mappls.com/place-triumph+tower-church+street-shanthala+nagar-bengaluru-karnataka-560001-rk2yon@zdata=MTIuOTc1NTYzKzc3LjYwMzIxOCsxNytyazJ5b24rKw==ed
2748,tower g,33100,17,301,$0.19,3,16,https://www.mappls.com/ggswer
2749,temple road,27100,9,2181,$0.10,1,19,https://www.mappls.com/place-temple-faizabad+road-laxman+puri-lucknow-uttar+pradesh-226016-g40cij@zdata=MjYuODcxOTQ4KzgwLjk4MTkyOSsxNytnNDBjaWorKw==ed
2750,krishna garden,27100,19,195,$0.10,2,27,https://www.mappls.com/i6624i
2751,kashmere gate metro,33100,19,142,$0.02,1,17,https://www.mappls.com/ec5fb5
2752,kashi cafe fort kochi,33100,26,76,$0.05,1,25,https://www.mappls.com/place-kashi+art+cafe-burgher+street-njaliparambu-fort+cochin-kochi-kerala-682001-2J1LYZ@zdata=OS45NjcxOTUwMDAwMDAxKzc2LjI0Mjc1MisxNysySjFMWVorK25yed
2753,moulana hospital malappuram,33100,6,1552,$3.01,1,13,https://www.mappls.com/place-moulana+hospital-pb+no+31-ooty+road-district+malappuram-perinthalmanna-kerala-679322-bf6b2e@zdata=MTAuOTc5NjczKzc2LjIyNTg2MisxNytiZjZiMmUrKw==ed
2754,digha bridge halt,33100,17,248,$0.08,6,17,https://www.mappls.com/place-digha+bridge+halt-shanti+van-yadav+colony-digha-patna-bihar-800011-FYKEVG@zdata=MjUuNjQ1ODQ1Kzg1LjA3OTkwNSsxNytGWUtFVkcrK25yed
2755,dharmatala bus stand,9900,27,79,$0,2,16,https://www.mappls.com/place-esplanade+bus+terminus-jawaharlal+nehru+road-esplanade-kolkata-west+bengal-700021-2SS37C@zdata=MjIuNTYzMzE4Kzg4LjM1MDMxMisxNysyU1MzN0MrKw==ed
2756,dayalbagh educational institute agra,33100,38,69,$0.51,3,15,https://www.mappls.com/place-dei+technical+college+dayalbagh+educational+institute-dayalbagh-agra-uttar+pradesh-282005+agra-361TAD@zdata=MjcuMjI5NjczKzc4LjAxMzcwMTAwMDAwMDErMTcrMzYxVEFEed
2757,dwarka station,33100,32,69,$0.07,1,21,https://www.mappls.com/place-dwarka+railway+station-station+road-ghanshyam+nagar-dwarka-gujarat-361335-DD2C6E@zdata=MjIuMjUwNzQ1KzY4Ljk4MDQxKzE3K0REMkM2RSsrbnI=ed
2758,café wink,33100,29,72,$0.12,2,25,https://www.mappls.com/o4l231
2759,bhakti nagar,27100,19,168,$0,2,27,https://www.mappls.com/5kdyc5
2760,bajaj nagar jaipur,33100,12,496,$0,5,24,"https://www.mappls.com/direction-from--to-jaipur+ag+colony,+bajaj+nagar+near+gandhi+nagar,+jaipur,+rajasthan,+302015+jaipur?@zdata=ZnJvbSsrdG8rNzUuODA2NzQyLDI2Ljg3NTgwMyxGQ1FHRlYrdmlh"
2761,alka theatre pune,33100,27,69,$0.23,5,22,https://www.mappls.com/cfcn5n
2762,alchemist hospital panchkula,33100,11,652,$0.18,4,24,https://www.mappls.com/53176s
2763,itc parel mumbai,27100,22,109,$0.96,44,32,https://www.mappls.com/22s3s2
2764,ip metro station,33100,26,69,$0.13,3,18,https://www.mappls.com/place-indra+prashtha+extension+metro+station-ip+extension-new+delhi-delhi-110092-79FVF1@zdata=MjguNjMxOTAzKzc3LjMxMDc5MSsxNys3OUZWRjErK25yed
2765,hotel taj vivanta dwarka,18100,29,65,$0.49,51,39,https://www.mappls.com/o7n3v5
2766,hotel jatra,33100,19,185,$0,7,19,https://www.mappls.com/place-jatra+hotel-takle+nagar-krishna+nagar-panchavati-nashik-maharashtra-422003-75G6TX@zdata=MjAuMDAzNzExKzczLjgwMjU5NysxNys3NUc2VFgrK25yed
2767,ganesh theatre chennai,33100,17,142,$0.06,1,30,https://www.mappls.com/place-ganesh+cinema-anakaputhur-chennai-tamil+nadu-600070-1C8CAA@zdata=MTIuOTg0ODEzKzgwLjEyODkzOCsxNysxQzhDQUErK25yed
2768,ganesh theater chennai,33100,16,168,$0.06,1,30,https://www.mappls.com/place-ganesh+cinema-anakaputhur-chennai-tamil+nadu-600070-1C8CAA@zdata=MTIuOTg0ODEzKzgwLjEyODkzOCsxNysxQzhDQUErK25yed
2769,jp morgan towers,33100,16,496,$0.11,8,27,https://www.mappls.com/551faa
2770,sit tumkur,33100,30,69,$0.50,4,29,https://www.mappls.com/place-siddaganga+institute+of+technology-bh+road-nh+206-tumkur-tumakuru-karnataka-572103-f1ctda@zdata=MTMuMzI2Nzg4Kzc3LjEyNjA3KzE3K2YxY3RkYSsred
2771,saibaba nagar,33100,37,69,$0.18,5,18,https://www.mappls.com/5s3qhs
2772,vfs global visa application centre in cochin,33100,15,195,$0,1,21,https://www.mappls.com/2jrfx2
2773,tiruchirappalli central bus stand,49500,15,496,$0.09,8,22,https://www.mappls.com/place-trichy+new+central+bus+stand-nh+38-srirangam-tiruchirappalli+district-tamil+nadu-620012-YX8L4L@zdata=MTAuNzU1NjU2Kzc4LjY1NDM3KzE3K1lYOEw0TCsrbnI=ed
2774,sira karnataka,33100,45,69,$0,1,28,"https://www.mappls.com/direction-from--to-sira+techno+city+sira,+tumkur+district,+karnataka,+572137?@zdata=ZnJvbSsrdG8rNzYuOTE0NDE3LDEzLjcwMjA0NSwySVhOMzUrdmlh"
2775,sector 6 dwarka,33100,44,69,$0.16,5,24,https://www.mappls.com/47uwdb
2776,sector 22 market road,33100,9,1118,$0.02,1,20,https://www.mappls.com/e2et4s
2777,sanchez manyata,33100,32,69,$0,1,19,https://www.mappls.com/xuv38g
2778,passport seva kendra begumpet branch,27100,37,69,$0,1,18,https://www.mappls.com/z4wj6g
2779,nutrition institute hyderabad,33100,18,142,$0.44,1,34,https://www.mappls.com/place-national+institute+of+nutrition-near+tarnaka+flyover-jamai-osmania-hyderabad-telangana-500007-1s46ce@zdata=MTcuNDI3NDE0Kzc4LjUyNzc2NSsxNysxczQ2Y2UrKw==ed
2780,nangal chaudhary,27100,66,69,$0,1,15,https://www.mappls.com/place-nangal+choudhary+chc-near+hanuman+mandir+nangal+choudhary-nagal+chaudhry-haryana-123023-PP6DPQ@zdata=MjcuODkyMTQrNzYuMTE0NzgrMTcrUFA2RFBRKytucg==ed
2781,ferry service gujarat,33100,31,69,$0.03,2,24,https://www.mappls.com/fg5u6t
2782,karnal by pass delhi,33100,4,3220,$0,1,23,https://www.mappls.com/place-karnal+bypass+bus+stop-ah+1-rajiv+nagar-bhalswa+dairy-new+delhi-delhi-110042-s4d4fa@zdata=MjguNzM4MjczKzc3LjE1NDY1OCsxNytzNGQ0ZmErKw==ed
2783,k k nagar,33100,76,69,$0.11,2,30,https://www.mappls.com/place-kk+nagar+police+station-pt+rajan+salai-sector+13-kk+nagar-chennai-tamil+nadu-600078-tsa7cs@zdata=MTMuMDQxNzAzKzgwLjIwNTQ3MysxNyt0c2E3Y3MrKw==ed
2784,jhilmil,33100,37,69,$0.13,5,20,https://www.mappls.com/s82eec
2785,goa gmc,33100,23,79,$0.09,1,18,https://www.mappls.com/s8e5t3
2786,madanpur khadar new delhi,33100,41,69,$0.15,4,19,https://www.mappls.com/xvd91c
2787,madan pur khadar,33100,73,69,$0.11,5,30,https://www.mappls.com/lyh4wj
2788,krishna gardens,27100,15,374,$0.07,2,19,https://www.mappls.com/otbcix
2789,krishan vihar delhi,27100,35,69,$0.15,3,19,https://www.mappls.com/63cedf
2790,kk nagar,33100,56,69,$0.21,3,28,https://www.mappls.com/place-kk+nagar+police+station-pt+rajan+salai-sector+13-kk+nagar-chennai-tamil+nadu-600078-tsa7cs@zdata=MTMuMDQxNzAzKzgwLjIwNTQ3MysxNyt0c2E3Y3MrKw==ed
2791,brahma sarovar,27100,19,248,$0,1,27,https://www.mappls.com/place-brahma+sarovar-brahma+sarovar+area-kurukshetra-haryana-136118-dat8ta@zdata=MjkuOTYxMDUyKzc2LjgyODk3MysxNytkYXQ4dGErKw==ed
2792,bandhan,40500,37,69,$0.77,1,43,https://www.mappls.com/2yiw7h
2793,banashankari bda complex,33100,10,652,$0,6,24,https://www.mappls.com/place-banashankari+bda+complex+bus+stop-banashankari+bda+shopping+complex-banashankari+2nd+stage-banashankari-bengaluru-karnataka-560070-4J4UY6@zdata=MTIuOTI0NTUzKzc3LjU2NDY1OSsxNys0SjRVWTYrK25yed
2794,1st cross road,33100,34,69,$0.16,5,17,https://www.mappls.com/4puo9h
2795,educational cultural complex,33100,44,69,$0,1,16,https://www.mappls.com/place-karnataka+educational+&+cultural+society-11th+cross+road-kadumalleshwara-malleswaram+east-bengaluru-karnataka-560003-2wybh7@zdata=MTMuMDAxOTc3Kzc3LjU3MDkxMysxNysyd3liaDcrKw==ed
2796,commander hospital,33100,20,142,$0.14,5,19,https://www.mappls.com/place-commander+hospital-nala+road-shiv+vihar+west-vikas+nagar-hastsal-new+delhi-delhi-110059-68KUMB@zdata=MjguNjQ5ODg2Kzc3LjA0MjQwOSsxNys2OEtVTUIrK25yed
2797,closest public restroom,33100,35,69,$0.27,1,19,"https://www.mappls.com/toilets/near/12.813984,77.58208"
2798,bundelkhand location,33100,73,69,$0,1,27,https://www.mappls.com/d2s828
2799,rajkot bus stand,49500,11,847,$0.12,3,28,https://www.mappls.com/place-rajkot+central+bus+station-dhebar+road-karan+para-rajkot-gujarat-360001-2D267T@zdata=MjIuMjkxMjg3KzcwLjgwMjIxOSsxNysyRDI2N1QrK25yed
2800,radiance cinemas,33100,10,496,$0.10,2,22,https://www.mappls.com/ed2cf2
2801,phoenix palladium senapati bapat marg lower parel mumbai maharashtra,33100,13,301,$0.15,4,25,https://www.mappls.com/f6dast
2802,panvel station,18100,41,69,$0,5,25,https://www.mappls.com/place-panvel+railway+station+west-forest+colony+panvel-navi+mumbai-maharashtra-410206-DTA6C8@zdata=MTguOTg5OTY1KzczLjEyMTcyNSsxNytEVEE2QzgrK25yed
2803,vivanta by taj delhi dwarka,33100,29,69,$0.47,39,40,https://www.mappls.com/o7n3v5
2804,vitthal mandir,22200,67,69,$0,3,25,https://www.mappls.com/search-near-Shri%20Vitthal%20Mandir@zdata=NzUuODMyNjQ1LDIyLjY1ODEyOA==
2805,yamuna bank,22200,31,69,$0,1,25,https://www.mappls.com/place-yamuna+bank+metro+depot-yamuna+bank-new+delhi-delhi-110092-OXGW6W@zdata=MjguNjIzMzc5Kzc3LjI2MjAyOCsxNytPWEdXNlcrKw==ed
2806,mahatma gandhi marg,33100,71,69,$0,3,23,https://www.mappls.com/place-madame-mahatma+gandhi+marg-hazratganj-lucknow-uttar+pradesh-226001-Y0RUD7@zdata=MjYuODUwMTM3KzgwLjk0MTE4NSsxNytZMFJVRDcrK25yed
2807,khar road railway station,33100,13,301,$0.15,6,24,https://www.mappls.com/place-khar+road+railway+station-khar+east-mumbai-maharashtra-400052-e66246@zdata=MTkuMDY5NjgyKzcyLjgzOTkxMysxNytlNjYyNDYrKw==ed
2808,p d r mall varanasi,33100,12,374,$0.20,4,21,https://www.mappls.com/c3qknw
2809,nearest public bathroom,33100,108,69,$0.19,1,33,"https://www.mappls.com/toilets/near/13.094318,80.291956"
2810,metropolitan magistrate courts,33100,15,374,$0.20,4,17,https://www.mappls.com/place-metropolitan+magistrates+courts-taluk+office+road-saidepet-chennai-tamil+nadu-600015-pnvi0n@zdata=MTMuMDEzMjE0KzgwLjIyNjg0NisxNytwbnZpMG4rKw==ed
2811,mehboob studios mumbai,33100,13,301,$0.11,3,29,https://www.mappls.com/place-mehboob+studio+bus+stop-hill+road-bandra+west-mumbai-maharashtra-400050-X7AGQ5@zdata=MTkuMDUyNjErNzIuODI0MisxNytYN0FHUTUrKw==ed
2812,closest public toilet,33100,22,142,$0.16,1,37,"https://www.mappls.com/toilets/near/13.094318,80.291956"
2813,chennai k k nagar,33100,53,69,$0.13,3,21,https://www.mappls.com/place-kk+nagar+police+station-pt+rajan+salai-sector+13-kk+nagar-chennai-tamil+nadu-600078-tsa7cs@zdata=MTMuMDQxNzAzKzgwLjIwNTQ3MysxNyt0c2E3Y3MrKw==ed
2814,global business park,33100,18,168,$0.16,4,14,https://www.mappls.com/fbu1ix
2815,andheri laxmi industrial estate,33100,15,374,$0.54,6,19,https://www.mappls.com/place-laxmi+industrial+estate-off+new+link+road-shantivan+chs-andheri+west-mumbai-maharashtra-400053-ELBJWM@zdata=MTkuMTUwOTA0KzcyLjgzMDA1NisxNytFTEJKV00rK25yed
2816,accenture solutions pvt ltd cdc 5,27100,8,1118,$0.12,16,21,https://www.mappls.com/5m5w0s
2817,building number 9,33100,23,109,$0.16,6,31,https://www.mappls.com/lv7bgx
2818,birla technological museum kolkata,33100,34,69,$0.15,3,30,https://www.mappls.com/8be341
2819,bhavnagar bus station,33100,8,2181,$0.03,3,19,https://www.mappls.com/place-bhavnagar+bus+station-station+road-panwadi-bhavnagar-gujarat-364001-5T3212@zdata=MjEuNzY5OTU3KzcyLjEzNjY3MysxNys1VDMyMTIrKw==ed
2820,bhavani peth pune,33100,71,69,$0.10,4,20,https://www.mappls.com/place-vithal+mandir-bhavani+road-bhawani+peth-pune-maharashtra-411042-BO7EMI@zdata=MTguNTA5ODE5KzczLjg3MDM1MisxNytCTzdFTUkrKw==ed
2821,sindhu bhavan road,27100,21,168,$0,6,23,https://www.mappls.com/octbrv
2822,science city in lucknow,33100,20,185,$0.10,4,15,https://www.mappls.com/vkxwju
2823,rourkela station,33100,28,79,$0,1,28,https://www.mappls.com/place-rourkela+railway+station-udit+nagar-rourkela-odisha-769012-TT38T5@zdata=MjIuMjI3NjA0Kzg0Ljg2Mjk3KzE3K1RUMzhUNSsrbnI=ed
2824,regional transport office mumbai east,33100,8,1118,$0.11,5,16,https://www.mappls.com/2d6ymj
2825,railway station in mumbai,27100,52,69,$0.29,1,26,https://www.mappls.com/5c8b23
2826,radisson blu nagpur,33100,45,69,$0.12,32,32,https://www.mappls.com/c1eee3
2827,radisson blu in paschim vihar,33100,51,69,$0.55,37,37,https://www.mappls.com/qlbg12
2828,punjabi bagh west new delhi,33100,14,301,$0.08,4,22,https://www.mappls.com/place-punjabi+bagh+west+metro+station-punjabi+bagh-ring+road-new+delhi-delhi-110026-69feks@zdata=MjguNjcyOTM0Kzc3LjEzOTEzOCsxNys2OWZla3MrKw==ed
2829,platina mall,33100,17,168,$0.32,7,19,https://www.mappls.com/xejvbg
2830,tip top plaza thane hotel,33100,35,69,$0.29,10,22,https://www.mappls.com/5b4dcd
2831,the club andheri west mumbai,27100,19,142,$0.19,6,18,https://www.mappls.com/place-club+mumbai-197-dn+nagar-andheri+west-mumbai-maharashtra-400053-63CB2T@zdata=MTkuMTIxMzAxKzcyLjgzMDE0MSsxNys2M0NCMlQrK25yed
2832,cafe tesu,33100,40,69,$0.14,2,28,https://www.mappls.com/7apvlp
2833,metro station kashmere gate,22200,31,69,$0.31,2,20,https://www.mappls.com/place-kashmere+gate+metro+station-near+kashmiri+gate+isbt-kashmere+gate-new+delhi-delhi-110006-FFSA82@zdata=MjguNjY3NDkyKzc3LjIyODI0OCsxNytGRlNBODIrK25yed
2834,marble palace,18100,43,69,$0,4,25,https://www.mappls.com/5s61at
2835,lokmanya tilak terminus railway station mumbai maharashtra,27100,20,142,$0.12,3,20,https://www.mappls.com/place-lokmanya+tilak+terminus-pipeline+road-lokmanya+tilak+terminus+railway+yard-kurla+east-mumbai-maharashtra-400089-3qfxrq@zdata=MTkuMDcxMTQxKzcyLjg5MTAwNisxNyszcWZ4cnErKw==ed
2836,laxmi industrial estate andheri,33100,17,248,$0.12,5,16,https://www.mappls.com/place-laxmi+industrial+estate-off+new+link+road-shantivan+chs-andheri+west-mumbai-maharashtra-400053-ELBJWM@zdata=MTkuMTUwOTA0KzcyLjgzMDA1NisxNytFTEJKV00rK25yed
2837,laxmi industrial estate,33100,12,652,$0,13,26,https://www.mappls.com/place-laxmi+industrial+estate-off+new+link+road-shantivan+chs-andheri+west-mumbai-maharashtra-400053-ELBJWM@zdata=MTkuMTUwOTA0KzcyLjgzMDA1NisxNytFTEJKV00rK25yed
2838,west tambaram,27100,42,69,$0.14,6,28,https://www.mappls.com/place-tambaram-kakkan+street-brindavan+colony-tambaram+west-chennai-tamil+nadu-600045-wk1elr@zdata=MTIuOTI1MzkxKzgwLjExMTczNisxNyt3azFlbHIrKw==ed
2839,vivanta hotel dwarka,33100,34,69,$0.47,39,40,https://www.mappls.com/o7n3v5
2840,videocon tower,33100,13,374,$0.13,4,16,https://www.mappls.com/place-videocon+tower+parking-desh+bandhu+gupta+road-block+e1-jhandewalan+extension-new+delhi-delhi-110055-j65cff@zdata=MjguNjQ1ODg2Kzc3LjIwMTY0NisxNytqNjVjZmYrKw==ed
2841,vfs global visa application centre in delhi,33100,20,109,$0.46,1,38,https://www.mappls.com/q1v32w
2842,vasco da gama train station,33100,38,69,$0.04,1,27,https://www.mappls.com/place-vasco+da+gama+railway+station-dr+rajendra+prasad+avenue-vaddem-vasco+da+gama-goa-403802-48332E@zdata=MTUuMzk2MDIxKzczLjgxMTkxKzE3KzQ4MzMyRSsred
2843,pushpa park malad east,27100,7,3220,$0.13,5,19,https://www.mappls.com/place-puspa+park-datta+mandir+road-pushpa+park-malad+east-mumbai-maharashtra-400097-GFY5ED@zdata=MTkuMTkxNzg4KzcyLjg1NTk0KzE3K0dGWTVFRCsrbnI=ed
2844,polo grounds,33100,69,69,$0.12,5,19,https://www.mappls.com/place-polo+ground-mount+abu-rajasthan-307501-t15df5@zdata=MjQuNTkwMDk0KzcyLjcwOTg3NysxNyt0MTVkZjUrKw==ed
2845,park hyatt chennai,33100,38,69,$20.23,30,32,https://www.mappls.com/place-park+hyatt+chennai-39-velachery+road-near+raj+bhavan-chennai-tamil+nadu-600032-CF77UD@zdata=MTMuMDEwODMrODAuMjIzNjQ5KzE3K0NGNzdVRCsrbnI=ed
2846,okha,33100,70,69,$0,1,40,https://www.mappls.com/place-okha+beach-okha+port-gujarat-361350-2WD8RD@zdata=MjIuNDc4OTM1KzY5LjA3ODU2NysxNysyV0Q4UkQrKw==ed
2847,nsic exhibition ground gate 6,18100,27,69,$0.10,10,15,https://www.mappls.com/place-nsic+exhibition+complex-okhla+industrial+estate-new+delhi-delhi-110020-8ZZT59@zdata=MjguNTQ5NTAyKzc3LjI2NDc5NysxNys4WlpUNTkrK25yed
2848,shri bhawani niketan institute of technology management,27100,7,1118,$0.05,9,19,https://www.mappls.com/place-shri+bhawani+niketan+institute+of+technology+and+management+shri+bhawani+niketan+shiksha+samiti+campus-maharao+shekha+circle-near+chomu+pulia-sikar+road+jaipur-ULUD77@zdata=MjYuOTQ4Nzc2MDAwMDAwMSs3NS43NjY3NjgwMDAwMDAxKzE3K1VMVUQ3Nw==ed
2849,shri bhawani niketan institute of technology & management,33100,7,1118,$0.06,6,18,https://www.mappls.com/place-shri+bhawani+niketan+institute+of+technology+and+management+shri+bhawani+niketan+shiksha+samiti+campus-maharao+shekha+circle-near+chomu+pulia-sikar+road+jaipur-ULUD77@zdata=MjYuOTQ4Nzc2MDAwMDAwMSs3NS43NjY3NjgwMDAwMDAxKzE3K1VMVUQ3Nw==ed
2850,saket nagar bhopal,33100,34,69,$0.10,4,19,https://www.mappls.com/tc3845
2851,rto mumbai east,33100,28,69,$0,5,24,https://www.mappls.com/2d6ymj
2852,relief road,33100,28,76,$0.10,4,25,https://www.mappls.com/place-relief+cinema-relief+road-mirzapur-ahmedabad-gujarat-380001-FZNRBL@zdata=MjMuMDI2NjY5KzcyLjU4Mjk0NCsxNytGWk5SQkwrK25yed
2853,internet gaming zone,27100,27,69,$0,1,31,https://www.mappls.com/place-cyber+cafe+and+game+zone-sahu+nagar-midc-chinchwad-pimpri+chinchwad-maharashtra-411019-1JL73R@zdata=MTguNjU3MDIxKzczLjgwODk1OCsxNysxSkw3M1IrKw==ed
2854,ibis chennai city centre,27100,27,69,$0.21,30,23,https://www.mappls.com/1evzz0
2855,delhi court dwarka,33100,11,374,$0.05,3,31,https://www.mappls.com/place-dwarka+district+court-sector+10+dwarka-new+delhi-delhi-110075-adcff3@zdata=MjguNTgwNzkzKzc3LjA1OTI4MSsxNythZGNmZjMrKw==ed
2856,delhi bus stand kashmiri gate,33100,27,79,$0.04,1,29,https://www.mappls.com/7eaesc
2857,bar council of uttar pradesh allahabad,49500,27,69,$0.14,2,17,https://www.mappls.com/dd42bc
2858,airport in nashik maharashtra,33100,54,69,$0.11,3,30,https://www.mappls.com/pz8otp
2859,bus stand in jaipur,33100,16,374,$0.06,2,20,https://www.mappls.com/place-jaipur+sindhi+camp+central+bus+stand-sindhi+camp-jaipur-rajasthan-302001-821FCB@zdata=MjYuOTI0NDY4Kzc1LjgwMDkwMisxNys4MjFGQ0IrK25yed
2860,blue lagoon beach resort,33100,28,76,$0.17,12,18,https://www.mappls.com/s5m0e9
2861,swagat holiday mall,22200,22,109,$0.15,8,20,https://www.mappls.com/hcy1ah
2862,st michael church mahim mumbai,33100,30,69,$0.13,4,39,https://www.mappls.com/place-st+michaels+church-lady+jamshedji+road-mahim+west-mahim-mumbai-maharashtra-400016-QH6UPJ@zdata=MTkuMDQyNzM5KzcyLjg0MDcwNisxNytRSDZVUEorK25yed
2863,shyam vihar,27100,29,72,$0.08,4,28,https://www.mappls.com/89h9ti
2864,sector 168,33100,52,69,$0.15,4,18,https://www.mappls.com/place-paras+seasons-sector+168-noida-uttar+pradesh-201306-ghd8l1@zdata=MjguNDk1NTYzKzc3LjQwNzk5MSsxNytnaGQ4bDErKw==ed
2865,zero point bus stop,33100,8,2181,$0.11,3,18,https://www.mappls.com/place-zero+point+bus+stop-yamuna+expressway-psi+2-greater+noida-uttar+pradesh-201310-JX6WNX@zdata=MjguNDUxNzMxKzc3LjQ5NjA0OCsxNytKWDZXTlgrK25yed
2866,sushma theatre hyderabad,33100,15,195,$0.10,3,17,https://www.mappls.com/2sbbc3
2867,south bopal,33100,45,69,$0.10,7,30,https://www.mappls.com/place-south+west-bopal+ghuma+road-devdarshan+apartment-bopal-ahmedabad-gujarat-380058-QU2ZCP@zdata=MjMuMDI5NzM2KzcyLjQ3NTMxNSsxNytRVTJaQ1ArK25yed
2868,siri fort auditorium new delhi,33100,32,69,$0.25,4,34,https://www.mappls.com/place-siri+fort+auditorium+parking-siri+fort+sports+complex+road-siri+fort+institutional+area-siri+fort-new+delhi-delhi-110049-7A88D2@zdata=MjguNTUzODY3Kzc3LjIxMzk4KzE3KzdBODhEMisrbnI=ed
2869,sector 132,33100,59,69,$0.12,7,19,https://www.mappls.com/nqwguz
2870,wardha junction,33100,31,69,$0.05,1,19,https://www.mappls.com/13244a
2871,rameswaram railway station,27100,36,69,$0.05,1,22,https://www.mappls.com/place-rameshwaram+railway+station-rameswaram-tamil+nadu-623526-8SFDF5@zdata=OS4yODIwMTcrNzkuMzA4ODUzKzE3KzhTRkRGNSsrbnI=ed
2872,pvr ujjain,33100,19,109,$0.03,4,29,https://www.mappls.com/search-near-PVR%20Cinemas%20Treasure%20Bazar%20Ujjain(%20PVR%20Treasure%20Bazzar%20Mall%20)@zdata=NzUuNzk0NTE3LDIzLjE1NjY2OQ==
2873,pvr palazzo the nexus vijaya mall,9900,35,69,$0.07,15,19,https://www.mappls.com/nygfmi
2874,prayagraj junction railway station,60500,24,76,$0,1,23,https://www.mappls.com/s7d7f4
2875,polo victory cinema,27100,5,2181,$0,10,25,https://www.mappls.com/place-polo+victory+cinema+hall-station+road-opposite+kanji+hotel-sindhi+camp-jaipur-rajasthan-302001-7tacef@zdata=MjYuOTIxNTMrNzUuNzk3MzUxKzE3Kzd0YWNlZisred
2876,malkaganj delhi,33100,27,79,$0.14,4,19,https://www.mappls.com/ct8c8b
2877,kolar road,12100,28,76,$0.29,4,23,https://www.mappls.com/8yjc2g
2878,iti bus stand,33100,7,3220,$0.20,6,17,https://www.mappls.com/km3rfw
2879,hotel tiptop thane,33100,52,69,$0.29,10,22,https://www.mappls.com/5b4dcd
2880,hotel tip top plaza,33100,51,69,$0.14,12,18,https://www.mappls.com/5b4dcd
2881,nehru enclave,27100,25,79,$0.09,12,19,https://www.mappls.com/place-nehru+enclave+metro+station-ground+floor-hansraj+sethi+marg-near+nehru+place+flyover-kalkaji-new+delhi-delhi-110019-4utf19@zdata=MjguNTQ1NDI4Kzc3LjI1MDk3MisxNys0dXRmMTkrKw==ed
2882,navrang cinemas,33100,14,195,$0.27,4,21,https://www.mappls.com/l3tkyv
2883,mishra's,33100,30,69,$0.15,1,22,https://www.mappls.com/place-mishra+complex-allahabad+road-karwi-uttar+pradesh-210205-3F99UQ@zdata=MjUuMjE0MDQ5KzgwLjkxOTMxKzE3KzNGOTlVUSsred
2884,miraj in maharashtra,33100,17,185,$0.05,1,21,"https://www.mappls.com/direction-from--to-+miraj,+sangli+district,+maharashtra,+416418?@zdata=ZnJvbSsrdG8rNzQuOTA0MTQ0LDE2Ljg5MzY1Miw4M1NGRUIrdmlh"
2885,bit durg,33100,15,248,$0,1,28,https://www.mappls.com/place-bhilai+institute+of+technology-bhilai+house-ge+road-durg-chhattisgarh-491001-51t853@zdata=MjEuMTk0MDQ2KzgxLjI5ODc1NCsxNys1MXQ4NTMrKw==ed
2886,birla industrial and technology museum,33100,41,69,$0.07,3,29,https://www.mappls.com/8be341
2887,bhilai power house,27100,24,109,$0,1,22,https://www.mappls.com/place-bhilai+power+house+railway+station-camp+2-bhilai-chhattisgarh-490023-82AET2@zdata=MjEuMjA4MDExKzgxLjM3NTk1KzE3KzgyQUVUMisrbnI=ed
2888,begum mahal,33100,20,185,$0.66,1,33,https://www.mappls.com/next/place-begum+mahal+ulsoor-halasuru-someshwarpura-bengaluru-karnataka-560042-3HMY2K@zdata=MTIuOTc0OTY0Kzc3LjYxOTk5MSsxNyszSE1ZMksrK25yed
2889,capital jharkhand,33100,37,69,$0,1,21,https://www.mappls.com/e5ls6e
2890,dera baba nanak,33100,39,69,$0,1,22,https://www.mappls.com/place-dera+baba+nanak+railway+station-veroke+road-dera+baba+nanak-gurdaspur+district-punjab-143604-SA2E55@zdata=MzIuMDI0OTA0Kzc1LjAxNDI3MisxNytTQTJFNTUrK25yed
2891,commercial street bangalore,33100,22,142,$0.27,1,23,https://www.mappls.com/bdcd32
2892,yamuna bank metro station,22200,40,69,$0,1,12,https://www.mappls.com/place-yamuna+bank+metro+depot-yamuna+bank-new+delhi-delhi-110092-OXGW6W@zdata=MjguNjIzMzc5Kzc3LjI2MjAyOCsxNytPWEdXNlcrKw==ed
2893,dairy circle,33100,25,79,$0,6,29,https://www.mappls.com/place-dairy+circle+metro+station-bannerghatta+main+road-rangaswamy+layout-lakkasandra-bengaluru-karnataka-560030-djg74k@zdata=MTIuOTQxMjc5Kzc3LjYwMjUxMisxNytkamc3NGsrKw==ed
2894,cmr central mall,27100,18,168,$0,8,24,https://www.mappls.com/place-cmr+central-91-47-ramatalkies+road-resapuvanipalem-dwaraka+nagar-visakhapatnam-andhra+pradesh-530016-3F3376@zdata=MTcuNzM0MDU4KzgzLjMxODM2OCsxNyszRjMzNzYrKw==ed
2895,krishna complex,33100,3,5362,$0.24,3,19,https://www.mappls.com/2es3c3
2896,kk nagar chennai,33100,52,69,$0.17,8,28,https://www.mappls.com/place-kk+nagar+police+station-pt+rajan+salai-sector+13-kk+nagar-chennai-tamil+nadu-600078-tsa7cs@zdata=MTMuMDQxNzAzKzgwLjIwNTQ3MysxNyt0c2E3Y3MrKw==ed
2897,jaipur golden hospital,33100,14,248,$0.35,4,24,https://www.mappls.com/oex0gl
2898,nearby public toilet near me,33100,10,847,$0.20,1,18,https://www.mappls.com/search-near-Sulabh%20Complex%20Public%20Toilets@zdata=NzguMDQzMjA0LDE1LjgyOTQ1Ng==
2899,near public toilets,33100,20,168,$0.16,1,16,"https://www.mappls.com/toilets/near/13.014987,77.646456"
2900,near public toilet,33100,23,89,$0.16,1,21,https://www.mappls.com/place-public+toilet-gayatri+nagar-gwalior-madhya+pradesh-474005-8L44W9@zdata=MjYuMjUxNzYxKzc4LjIxNTg2MysxNys4TDQ0VzkrK25yed
2901,nashik maharashtra airport,33100,46,69,$0.21,3,27,https://www.mappls.com/pz8otp
2902,monastery delhi,2400,29,72,$0,1,18,https://www.mappls.com/3bsb4d
2903,masala chowk,27100,25,79,$0.07,3,21,https://www.mappls.com/place-masala+chowk-jawahar+lal+nehru+marg-ram+niwas+garden-jaipur-rajasthan-302004-cpk9tr@zdata=MjYuOTEwMzU2Kzc1LjgyMDQ0OCsxNytjcGs5dHIrKw==ed
2904,shani temple,27100,43,69,$0,4,28,https://www.mappls.com/search-near-Shri%20Shani%20Dev%20Temple@zdata=NzUuNzUwMTY4LDMxLjIyNzU5
2905,sector 127 noida,33100,41,69,$0.11,5,19,https://www.mappls.com/7fb1b3
2906,sai baba nagar,33100,40,69,$0.13,4,19,https://www.mappls.com/4vmo79
2907,taj vivanta delhi dwarka,18100,36,69,$0.49,51,39,https://www.mappls.com/o7n3v5
2908,sukh sagar,33100,26,142,$0.02,3,28,https://www.mappls.com/place-sukh+sagar+restaurant-sardar+vallabhbhai+patel+road-chowpatty-mumbai-maharashtra-400007-KLZJGV@zdata=MTguOTU2MDkzKzcyLjgxMjkxNysxNytLTFpKR1YrK25yed
2909,j j colony,33100,39,69,$0.19,6,23,https://www.mappls.com/6diyt9
2910,gujarat gas cng pump,33100,30,69,$0.16,1,18,https://www.mappls.com/dxwffw
2911,gali number 5,27100,3,5362,$0.16,4,23,https://www.mappls.com/x4xz8r
2912,kargil chowk,33100,14,374,$0,3,28,"https://www.mappls.com/direction-from--to-surat+kargil+chowk,+piplod,+surat,+gujarat,+395007+surat?@zdata=ZnJvbSsrdG8rNzIuNzc4NzAzLDIxLjE2MjcwNCw3QjM3NkQrdmlh"
2913,bhimavaram west godavari,33100,62,69,$0,1,22,https://www.mappls.com/85bs5b
2914,belur chennakeshava,33100,48,69,$0,1,28,https://www.mappls.com/25ee8d
2915,baps shri swaminarayan mandir mumbai maharashtra,33100,56,69,$0.08,4,20,https://www.mappls.com/hsojtj
2916,bajaj nagar,33100,17,248,$0,5,29,https://www.mappls.com/place-bajajnagar+midc+waluj+aurangabad+post+office-bajaj+nagar-waluj+midc-maharashtra-431136-TG90LM@zdata=MTkuODM5OTM4Kzc1LjI0MTUxNysxNytURzkwTE0rKw==ed
2917,atm hitachi,33100,22,142,$0.10,1,21,https://www.mappls.com/place-hitachi+atm-bhim+nagar-rabale-navi+mumbai-maharashtra-400701-A7D2JR@zdata=MTkuMTQ0MTg3KzczLjAwNDkzNysxNytBN0QySlIrKw==ed
2918,andhra pradesh bhimavaram,33100,44,69,$0.04,1,27,https://www.mappls.com/qttrw9
2919,amrut nagar,33100,33,69,$0.08,5,29,"https://www.mappls.com/direction-from--to-thane+amrut+nagar,+kausa+village,+mumbra,+thane,+maharashtra,+400612+thane?@zdata=ZnJvbSsrdG8rNzMuMDI2MDc4LDE5LjE3NjU5Miw2WjdJRUwrdmlh"
2920,administrative block,33100,61,69,$0.14,2,14,https://www.mappls.com/126kd4
2921,abc circle,33100,4,5362,$0.06,5,18,https://www.mappls.com/place-abc+market+abc+circle-near+sudama+chowk-mota+varacha-surat-gujarat-394101+surat-MQL642@zdata=MjEuMjQwNDMyKzcyLjg3Nzc3NisxNytNUUw2NDI=ed
2922,narayan nagar,33100,8,2181,$0.12,4,18,https://www.mappls.com/place-shri+narayan+nagar-narayan+nagar-khokhara-ahmedabad-gujarat-380008-3kta4j@zdata=MjMuMDAyMTAyKzcyLjYxNDkyMisxNysza3RhNGorKw==ed
2923,radisson blu new delhi paschim vihar,33100,40,69,$0.61,34,43,https://www.mappls.com/qlbg12
2924,patiala house,40500,75,69,$0,1,31,https://www.mappls.com/place-patiala+house+district+court-tilak+marg+new+delhi-purana+qila+road+area-new+delhi-delhi-110001-lbcn29@zdata=MjguNjE1MzYxKzc3LjIzNDQxOSsxNytsYmNuMjkrKw==ed
2925,pan and shop,33100,19,195,$0.10,1,19,https://www.mappls.com/place-pan+shop-tulsi+nagar-bhopal-madhya+pradesh-462003-1JVIZD@zdata=MjMuMjI4NjAxKzc3LjQxNTgyNCsxNysxSlZJWkQrK25yed
2926,yes bank house,33100,44,69,$0.07,1,20,https://www.mappls.com/sbda58
2927,sanjay colony,33100,59,69,$0.98,4,29,https://www.mappls.com/place-sanjay+colony+sector+23+police+chowki-sanjay+colony-nit-faridabad-haryana-121005-QF6Z92@zdata=MjguMzQ4ODA4Kzc3LjI5Mjg0NysxNytRRjZaOTIrKw==ed
2928,sadar hospital,33100,24,142,$0,1,27,https://www.mappls.com/oz2qpr
2929,sohna bus stand,33100,10,847,$0,2,23,https://www.mappls.com/place-sohna+bus+stand-baluda-sohna-haryana-122103-6s1tcb@zdata=MjguMjQ2NDYxKzc3LjA3MTM5OCsxNys2czF0Y2IrKw==ed
2930,eva the mall,33100,10,652,$0.10,5,21,https://www.mappls.com/place-eva+the+mall-no+d76-near+saraswati+complex-vrajdham+mandir+road-vaishno+devi+society-manjalpur-vadodara-gujarat-390011-blsd3w@zdata=MjIuMjczNDIrNzMuMTg4MzYxKzE3K2Jsc2Qzdysred
2931,durga mata temple,18100,36,69,$0,2,19,https://www.mappls.com/i8w1a6
2932,dayalbagh agra,4400,55,69,$0.07,1,26,https://www.mappls.com/place-dei+technical+college+dayalbagh+educational+institute-dayalbagh-agra-uttar+pradesh-282005+agra-361TAD@zdata=MjcuMjI5NjczKzc4LjAxMzcwMTAwMDAwMDErMTcrMzYxVEFEed
2933,lake shore mall hyderabad,33100,17,374,$0.19,1,29,https://www.mappls.com/akxqsx
2934,kolkata address,33100,7,2181,$0,1,19,https://www.mappls.com/place-address+home+kolkata-144-remount+rd-majherhat-mominpore-kolkata-west+bengal-700027-5oqawk@zdata=MjIuNTI0ODY3NDUxNTA1Kzg4LjMxNzgyMDI3NjY4MisxNys1b3Fhd2srKw==ed
2935,kamani auditorium copernicus marg,33100,16,248,$0.09,2,20,https://www.mappls.com/1st81t
2936,jupiter hospital in baner pune,33100,21,109,$0.31,4,16,https://www.mappls.com/place-jupiter+hospital-near+prathamesh+park-baner+pimple+nilakh+road-baner+sonewadi-pune-maharashtra-411045-8mxxz2@zdata=MTguNTY1NzI1KzczLjc4NjAzOCsxNys4bXh4ejIrKw==ed
2937,jaunpur junction,33100,21,168,$0,1,27,https://www.mappls.com/place-jaunpur+junction+railway+station-khasanpur-jaunpur-uttar+pradesh-222001-C75271@zdata=MjUuNzYxNjYyKzgyLjY5OTMyNSsxNytDNzUyNzErK25yed
2938,itc mumbai parel,33100,21,142,$1,45,40,https://www.mappls.com/place-itc+grand+central+mumbai-287-dr+baba+saheb+ambedkar+road-parel-mumbai-maharashtra-400012-22s3s2@zdata=MTguOTk4MjIzKzcyLjgzODU2OSsxNysyMnMzczIrKw==ed
2939,iskcon temple road,33100,12,652,$0.12,5,33,https://www.mappls.com/ggfoj3
2940,iffco metro parking,33100,21,142,$0.11,4,19,https://www.mappls.com/place-iffco+chowk+metro+station+parking-iffco+chowk+metro+station-somnath+marg-sector+29-iffco+chowk-gurugram-haryana-122007-tt75te@zdata=MjguNDcxNTIyKzc3LjA3MTg3KzE3K3R0NzV0ZSsred
2941,bhel bus stop,33100,6,3220,$0,9,25,https://www.mappls.com/jujb88
2942,begumpet station,33100,23,109,$0.02,1,19,https://www.mappls.com/place-begumpet+railway+station-brahman+wadi-street+no+4-rock+garden-begumpet+road-sardar+patel+road-begumpet+flyover-uma+nagar-begumpet-hyderabad-telangana-500016-tf36sf@zdata=MTcuNDM4NDk1Kzc4LjQ1ODQ5NisxNyt0ZjM2c2YrKw==ed
2943,bar council of up,49500,29,69,$0,2,20,https://www.mappls.com/dd42bc
2944,bangalore lido mall,27100,36,69,$0.23,6,23,https://www.mappls.com/ad130y
2945,agra dayal bagh,33100,35,69,$0.17,3,19,"https://www.mappls.com/direction-from--to-agra+sarla+bagh,+dayal+bagh,+agra,+uttar+pradesh,+282005+agra?@zdata=ZnJvbSsrdG8rNzguMDA3MTYzLDI3LjIyNjgyNixOOEswWEsrdmlh"
2946,7 phase,33100,12,652,$0.18,5,20,https://www.mappls.com/42b2t1
2947,city center in chennai,33100,22,142,$0.20,4,27,https://www.mappls.com/4dtb7f
2948,zomato corporate office,33100,6,5362,$0,6,24,https://www.mappls.com/dvlu7l
2949,wardha railway station,27100,23,109,$0,1,21,https://www.mappls.com/13244a
2950,vasco da gama railway station,33100,42,69,$0,2,15,https://www.mappls.com/place-vasco+da+gama+railway+station-dr+rajendra+prasad+avenue-vaddem-vasco+da+gama-goa-403802-48332E@zdata=MTUuMzk2MDIxKzczLjgxMTkxKzE3KzQ4MzMyRSsred
2951,teacher recruitment board chennai,33100,15,301,$0,1,28,https://www.mappls.com/place-tamil+nadu+teachers+recruitment+board-4th+floor-evk+sampath+maaligai+college+road-chennai-tamil+nadu-600006-3fbba6@zdata=MTMuMDY4MTAxKzgwLjI1MTg5OCsxNyszZmJiYTYrKw==ed
2952,thanjavur junction,22200,22,89,$0.12,7,29,https://www.mappls.com/place-thanjavur+junction+railway+station-shivaji+nagar-thanjavur-tamil+nadu-613001-FA65BD@zdata=MTAuNzc4MTE5Kzc5LjEzOTU3OSsxNytGQTY1QkQrKw==ed
2953,st michael church mahim,27100,34,69,$0,4,15,https://www.mappls.com/place-st+michaels+church-lady+jamshedji+road-mahim+west-mahim-mumbai-maharashtra-400016-QH6UPJ@zdata=MTkuMDQyNzM5KzcyLjg0MDcwNisxNytRSDZVUEorK25yed
2954,sky jumping trampoline park gurgaon,33100,26,79,$0.11,8,20,https://www.mappls.com/8lb8sp
2955,science city lucknow,33100,22,142,$0.06,4,17,https://www.mappls.com/vkxwju
2956,h c indore,33100,14,195,$0.03,1,23,https://www.mappls.com/b6s8e8
2957,guru tegh bahadur nagar mumbai,33100,21,142,$0,3,15,https://www.mappls.com/place-guru+tegh+bahadur+nagar+monorail+station-indira+nagar-koliwada-sion-mumbai-maharashtra-400037-NANR1N@zdata=MTkuMDM2NjkyKzcyLjg3MDkxMisxNytOQU5SMU4rK25yed
2958,old high court metro station,33100,8,1552,$0.06,6,19,https://www.mappls.com/place-old+high+court+interchange+metro+station-navjeevan+press+road-navrangpura-ahmedabad-gujarat-380009-N47ZIV@zdata=MjMuMDM3NjU2KzcyLjU2Njk0NSsxNytONDdaSVYrK25yed
2959,new opd pgi chandigarh,33100,12,652,$0.14,4,25,https://www.mappls.com/c1d4b1
2960,nandanam metro station chennai,33100,20,142,$0.13,6,16,https://www.mappls.com/place-nandanam+metro+station-tiruchi+chennai+highway-jothidam-nandanam-chennai-tamil+nadu-600035-6jwczv@zdata=MTMuMDMxOTIxKzgwLjI0MjE4OCsxNys2andjenYrKw==ed
2961,marble palace kolkata,12100,47,69,$0,1,17,https://www.mappls.com/5s61at
2962,mangalore railway,33100,44,69,$0,1,27,https://www.mappls.com/u9jed5
2963,shree balaji agora mall ahmedabad,33100,33,69,$0.11,7,22,https://www.mappls.com/d635mt
2964,sheela nagar visakhapatnam,33100,55,69,$0.14,3,20,https://www.mappls.com/hojzz0
2965,safdarjung railway station delhi location,33100,19,142,$0,1,25,https://www.mappls.com/place-safdarjung+railway+station-new+moti+nagar-new+delhi-delhi-110023-BE46AT@zdata=MjguNTgyMzgzKzc3LjE4NTkzNisxNytCRTQ2QVQrK25yed
2966,road number 3,33100,7,1118,$0.16,4,24,https://www.mappls.com/place-wolf-road+number+3-road+no+3-banjara+hills-hyderabad-telangana-500034-7I2O99@zdata=MTcuNDI0OTM5Kzc4LjQzODM1NCsxNys3STJPOTkrKw==ed
2967,rawat pur,33100,31,69,$0.09,7,19,https://www.mappls.com/place-mazar-saiyed+nagar-rawat+pur-kanpur-uttar+pradesh-208019-OT40S3@zdata=MjYuNDc5NTQxKzgwLjI2ODQ3NisxNytPVDQwUzMrKw==ed
2968,railway station at mumbai,33100,38,69,$0.03,1,27,https://www.mappls.com/5c8b23
2969,railway bhawan new delhi,33100,14,301,$0.15,3,26,https://www.mappls.com/place-rail+bhawan+metro+station+bus+stop-central+secretariat-new+delhi-delhi-110001-5EB684@zdata=MjguNjE0ODU3Kzc3LjIxMjAxOCsxNys1RUI2ODQrK25yed
2970,railway bhawan,33100,22,109,$0.15,3,35,https://www.mappls.com/place-rail+bhawan-central+secretariat-new+delhi-delhi-110001-78C5T5@zdata=MjguNjE1OTErNzcuMjExMjg1KzE3Kzc4QzVUNSsred
2971,pushpa giri,33100,33,69,$0.10,3,20,https://www.mappls.com/397ykc
2972,prayagraj jn railway station,33100,36,69,$0,1,20,https://www.mappls.com/s7d7f4
2973,polo grounds location,33100,58,69,$0.10,3,25,https://www.mappls.com/place-jaipur+polo+ground-near+race+course+road-new+delhi-delhi-110003-SSS1F6@zdata=MjguNTg5ODY2Kzc3LjIwMzY1NysxNytTU1MxRjYrKw==ed
2974,k star mall in chembur,40500,21,89,$0.07,3,22,https://www.mappls.com/1p7m1u
2975,jw marriott hotel in kolkata,33100,23,79,$0.40,13,40,https://www.mappls.com/place-jw+marriott+hotel+kolkata-4a-jbs+haldane+avenue-kolkata-west+bengal-700105-LN8MTD@zdata=MjIuNTQ3OTIrODguMzk4OTM1KzE3K0xOOE1URCsrbnI=ed
2976,jp cinema,33100,19,142,$0.17,5,17,https://www.mappls.com/wctu26
2977,jogger park,60500,51,69,$0,4,38,https://www.mappls.com/place-joggers+park-vaikunthlal+mehta+road-ashok+nagar-juhu-mumbai-maharashtra-400049-44A62F@zdata=MTkuMTA0MTErNzIuODMyMjc5KzE3KzQ0QTYyRisrbnI=ed
2978,iti in jharkhand,40500,29,69,$0,1,19,https://www.mappls.com/5irawh
2979,isic delhi,27100,52,69,$0.81,12,17,https://www.mappls.com/7a6d2s
2980,isbt shimla new bus stand,27100,7,1118,$0.04,2,18,"https://www.mappls.com/direction-from--to-shimla+isbt,+new+bus+stand,+tutikandi,+shimla,+himachal+pradesh,+171004?@zdata=ZnJvbSsrdG8rNzcuMTUxMjAzLDMxLjA5NzczNiwwODYyU1Ardmlh"
2981,indraprastha metro,33100,18,168,$0.10,2,17,https://www.mappls.com/place-indraprastha+metro+station-indraprastha-new+delhi-delhi-110013-cfdt31@zdata=MjguNjIwNTYzKzc3LjI0OTA1OCsxNytjZmR0MzErKw==ed
2982,indore railway station platform 3,33100,18,168,$0.09,5,30,https://www.mappls.com/rluf4o
2983,icici bank towers,33100,18,185,$0.05,4,18,https://www.mappls.com/dj2bac
2984,delhi safdarjung railway station,27100,33,69,$0,1,14,https://www.mappls.com/place-safdarjung+railway+station+parking-safdarjung+railway+station-new+moti+bagh-new+delhi-delhi-110023-JF7QRL@zdata=MjguNTgyMDQrNzcuMTg2MjI4KzE3K0pGN1FSTCsrbnI=ed
2985,delhi radisson blu paschim vihar,33100,46,69,$0.55,37,37,https://www.mappls.com/qlbg12
2986,dear donna,33100,23,142,$0.09,1,28,https://www.mappls.com/place-dear+donna-qutab+institutional+area-ground+floor-a+block-shaheed+jeet+singh+marg-adchini-new+delhi-delhi-110016-KVWVO4@zdata=MjguNTM4Mjk5Kzc3LjE4ODY2NisxNytLVldWTzQrK25yed
2987,commerce six road,33100,6,2181,$0.08,5,20,https://www.mappls.com/place-commerce+six+road+metro+station-drive+in+road-navrangpura-ahmedabad-gujarat-380009-N481JI@zdata=MjMuMDQwNzI0KzcyLjU1Mjk4MSsxNytONDgxSkkrK25yed
2988,chennai city mall,33100,20,142,$0.06,3,39,https://www.mappls.com/4dtb7f
2989,dwarka railway station,22200,36,69,$0.04,1,20,https://www.mappls.com/place-dwarka+railway+station-station+road-ghanshyam+nagar-dwarka-gujarat-361335-DD2C6E@zdata=MjIuMjUwNzQ1KzY4Ljk4MDQxKzE3K0REMkM2RSsrbnI=ed
2990,bhakti nagar rajkot,27100,20,142,$0,2,22,https://www.mappls.com/place-bhakti+nagar+society+garden-gondal+road-bhakti+nagar-rajkot-gujarat-360002-7H2O7X@zdata=MjIuMjgyNjI1KzcwLjgwMzUzOCsxNys3SDJPN1grK25yed
2991,atal path,33100,9,1552,$0.37,5,22,https://www.mappls.com/k0rh42
2992,arya vidyapeeth,33100,18,142,$0.16,2,32,https://www.mappls.com/76tccs
2993,andhra law times,33100,13,374,$0.59,1,22,https://www.mappls.com/kfvprg
2994,admin block,33100,22,109,$0.14,2,18,https://www.mappls.com/126kd4
2995,2 cross road,33100,75,69,$0.13,4,22,https://www.mappls.com/place-cross+roads-14-girija+nagar-redhills+road-kolathur-chennai-tamil+nadu-600099-3r85m2@zdata=MTMuMTI3NTAzKzgwLjIxNzIzOCsxNyszcjg1bTIrK25yed
2996,vaishali metro station gate 1,27100,41,56,$0.10,5,19,https://www.mappls.com/place-vaishali+metro+station-link+road-vaishali-ghaziabad-uttar+pradesh-201010-E68T8F@zdata=MjguNjQ5OTAxKzc3LjMzOTY1MysxNytFNjhUOEYrK25yed
2997,soofi mandi calicut,27100,42,56,$0.27,2,21,https://www.mappls.com/nu8l99
2998,sms hospital rajasthan,27100,17,203,$0.02,2,31,https://www.mappls.com/5qhg7d
2999,vijay sales noida,18100,6,1270,$0.03,13,22,https://www.mappls.com/place-vijay+sales-sector+18+noida-k5-k6-sector+18+market+adjoining+ebony+gautier+showroom-near+atta+market-noida-uttar+pradesh-201301-qmsprx@zdata=MjguNTcxNDMzKzc3LjMyMzU1NSsxNytxbXNwcngrKw==ed
3000,navsari station,22200,25,62,$0,1,25,https://www.mappls.com/place-navsari+railway+station-station+main+road-navsari-gujarat-396445-3442S5@zdata=MjAuOTQ4MTkrNzIuOTEzMDU1KzE3KzM0NDJTNSsrbnI=ed
3001,moti rave,22200,24,65,$0.16,4,22,https://www.mappls.com/place-rave+moti+mall-rawatpur+main+road-moti+vihar+society-rawatpur-kanpur-uttar+pradesh-208025-BA521B@zdata=MjYuNDgxMzg5KzgwLjI5OTcyMisxNytCQTUyMUIrK25yed
3002,mirzapur railway station,27100,34,56,$0,1,21,https://www.mappls.com/place-mirzapur+railway+station-barodha-mirzapur-uttar+pradesh-231001-AF4EE2@zdata=MjUuMTM0OTg4KzgyLjU2ODk3NisxNytBRjRFRTIrK25yed
3003,laxman nagar,27100,26,65,$0.10,5,19,"https://www.mappls.com/direction-from--to-laxminarayan+saree+centre,+puna+road,+spinning+mill,+laxman+nagar+society,+punagam,+varachha,+surat,+gujarat,+395006?@zdata=ZnJvbSsrdG8rNzIuODc1MzM2LDIxLjIxNDEyNyxKRFdLMVQ7NzIuODc1MzU1LDIxLjIxNDA2MyxKRFdLMVQrdmlh"
3004,sainik vihar,22200,32,56,$0,4,26,"https://www.mappls.com/direction-from--to-park,+sainik+vihar,+pitampura,+new+delhi,+delhi,+110034?@zdata=ZnJvbSsrdG8rNzcuMTIyMDg4LDI4LjY4OTExNSxGRVc0MzErdmlh"
3005,route map,27100,35,56,$0.03,8,29,https://about.mappls.com/app/
3006,revenue board rajasthan,22200,27,56,$0,1,19,https://www.mappls.com/sgq4jb
3007,ramprastha colony,27100,22,116,$0.11,4,28,https://www.mappls.com/cph40k
3008,pune municipal,27100,21,116,$0.14,1,26,https://www.mappls.com/place-pune+municipal+corporation-pmc+main+building-congress+house+road-shivaji+nagar-pune-maharashtra-411004-722YGV@zdata=MTguNTIzNTY2KzczLjg1MzQyNCsxNys3MjJZR1YrKw==ed
3009,omkar nagar nagpur,22200,7,1785,$0.09,6,19,https://www.mappls.com/place-omkar+nagar+square-manewada+road-vasant+vihar-nagpur-maharashtra-440027-oh1mdl@zdata=MjEuMTA1MjY3Kzc5LjA5NDMzNysxNytvaDFtZGwrKw==ed
3010,new delhi railway station gate 2,27100,13,406,$0.04,4,30,https://www.mappls.com/place-new+delhi+railway+station+gate+no+2+bus+stop-bhavbhuti+marg-minto+road+area-new+delhi-delhi-110002-9TLFYO@zdata=MjguNjQzNTIrNzcuMjIzODQ3KzE3KzlUTEZZTysrbnI=ed
3011,ss enterprise,27100,25,62,$0.09,2,9,https://www.mappls.com/place-ss+enterprise+lokhra+road-lal+ganesh-guwahati-assam-781034+guwahati-GH6BYH@zdata=MjYuMTQ0MjYrOTEuNzQxNTcyKzE3K0dINkJZSA==ed
3012,shree datta snacks,27100,15,306,$0,4,23,https://www.mappls.com/place-shree+datta+snacks-mumbai+nashik+highway-bhiwandi-thane+district-maharashtra-421101-59VTKX@zdata=MTkuMzczNjk4KzczLjIwMDM0MysxNys1OVZUS1grK25yed
3013,satellite bus stand bangalore,27100,9,1270,$0.08,3,20,https://www.mappls.com/nzyoto
3014,haj house,27100,32,56,$0.11,5,37,https://www.mappls.com/4azikm
3015,etawah railway station,22200,34,56,$0,2,20,https://www.mappls.com/place-etawah+junction+railway+station-sawroop+nagar-etawah-uttar+pradesh-206001-7EDFC7@zdata=MjYuNzg2ODcyKzc5LjAyMTI5KzE3KzdFREZDNysrbnI=ed
3016,era hospital lucknow,27100,14,159,$0.38,4,23,https://www.mappls.com/i3pb5u
3017,dwarka sector 13,22200,24,73,$0.14,9,22,https://www.mappls.com/place-dwarka+sector+13+metro+station-sector+13+dwarka-new+delhi-delhi-110078-3BYKV7@zdata=MjguNTk3MjI3Kzc3LjAzMzE0OSsxNyszQllLVjcrK25yed
3018,dream city,27100,33,56,$0.09,3,16,https://www.mappls.com/place-dream+city-rajkot-gujarat-360005-EPW9LG@zdata=MjIuMzExMDY0KzcwLjc1NTkwNysxNytFUFc5TEcrKw==ed
3019,diamond park,22200,21,159,$0.20,4,26,https://www.mappls.com/ws24d5
3020,kurukshetra station,27100,24,65,$0,1,27,https://www.mappls.com/place-kurukshetra+junction+railway+station-railway+road-kurukshetra-haryana-136118-225CT1@zdata=MjkuOTY5NDgrNzYuODUyMTgrMTcrMjI1Q1QxKytucg==ed
3021,ibis golf course road gurgaon,27100,16,159,$0.64,21,22,https://www.mappls.com/place-ibis+gurgaon+golf+course+road-block+1+sector+53-golf+course+road-gurugram-haryana-122002-F53T35@zdata=MjguNDQ2Nzg0Kzc3LjA5OTY4MysxNytGNTNUMzUrK25yed
3022,health world durgapur,27100,13,246,$0.55,1,22,https://www.mappls.com/8i29s0
3023,b d o office,27100,23,116,$0.09,2,13,https://www.mappls.com/place-bdo+office-block+road-po+garhjaipur-purulia-jaypur-west+bengal-723201-7HXJ9R@zdata=MjMuNDE5MDM0Kzg2LjE1MjAzOSsxNys3SFhKOVIrK25yed
3024,anand niketan,27100,52,56,$0.25,8,20,https://www.mappls.com/place-anand+niketan-lamtaput+post-machh+kund-koraput+district-odisha-764081-P1YN6X@zdata=MTguNTkyNzg5KzgyLjYwNDA5OSsxNytQMVlONlgrKw==ed
3025,amazon development centre india pvt ltd,27100,39,56,$0.11,6,19,https://www.mappls.com/cdb7qw
3026,alpha 2 main market,27100,29,56,$0,1,13,https://www.mappls.com/a775d8
3027,airtel corporate office gurgaon,27100,26,62,$0,5,15,https://www.mappls.com/aa5fea
3028,9th block jayanagar bangalore,27100,41,56,$0.18,6,18,https://www.mappls.com/mt5tx4
3029,chembur camp,27100,31,59,$0,3,27,https://www.mappls.com/place-chembur+camp+police+chowki-inalks+hospital+road-chembur+colony-chembur-mumbai-maharashtra-400074-5qya4t@zdata=MTkuMDQ2NDkzKzcyLjg5NDcyOCsxNys1cXlhNHQrKw==ed
3030,cera style gallery,18100,11,1270,$0.44,1,24,https://www.mappls.com/hqc675
3031,cash deposit machine of sbi,27100,22,138,$0,1,20,https://www.mappls.com/32kjd7
3032,buddha smriti park,22200,32,56,$0,3,20,https://www.mappls.com/place-buddha+smriti+park-patliputra+karuna+stupa-fraser+road-near+patna+railway+station+patna+junction-patna-bihar-800001-ttwrks@zdata=MjUuNjA3MzE1Kzg1LjEzNjMxMysxNyt0dHdya3MrKw==ed
3033,board of revenue rajasthan ajmer,27100,21,73,$0,1,22,https://www.mappls.com/sgq4jb
3034,urban chowk rajpath club road,18100,37,56,$0.15,7,21,https://www.mappls.com/place-urban+chowk-24-near+zydus+hospital+cross+road-sg+road-thaltej-ahmedabad-gujarat-380059-9016kd@zdata=MjMuMDU3OTIrNzIuNTE5Mjk0KzE3KzkwMTZrZCsred
3035,tcs deccan park,22200,30,56,$0,15,24,https://www.mappls.com/place-tcs+deccan+park+bus+stop-phase+2-hitech+city-hyderabad-telangana-500081-99Z98P@zdata=MTcuNDQ2Mjc4Kzc4LjM3NzMxMisxNys5OVo5OFArK25yed
3036,sms hospital,27100,19,159,$0.20,2,27,https://www.mappls.com/5qhg7d
3037,sher e kashmir university jammu,27100,15,203,$0,1,30,https://www.mappls.com/8s633s
3038,vs cinema,27100,15,151,$0.02,1,20,https://www.mappls.com/sc82cg
3039,panchkula bus stand,22200,14,246,$0,12,23,https://www.mappls.com/place-bus+stand+panchkula-sector+5-panchkula-haryana-134109-YJ0O0D@zdata=MzAuNjkyMjMrNzYuODUyNDkzKzE3K1lKME8wRCsrbnI=ed
3040,near me bathroom,27100,8,1785,$0.09,10,19,https://www.mappls.com/search-near-Pay%20and%20Use%20Toilet@zdata=ODguMTQyMTU2LDI0Ljk5NzA4Mg==
3041,shivalayam near me,27100,21,116,$0,1,22,https://www.mappls.com/77oq3f
3042,sakthan thampuran private bus stand,27100,7,915,$0.11,4,22,https://www.mappls.com/4r5f6c
3043,road number 5,27100,10,693,$0.12,4,17,"https://www.mappls.com/direction-from--to-hyderabad+road+number+5,+road+no+5,+banjara+hills,+hyderabad,+telangana,+500034+hyderabad,+3vz9jg?@zdata=ZnJvbSsrdG8rNzguNDQ1MzAyLDE3LjQyMjkzMSwzdno5amc7NzguNDQ1MiwxNy40MjI3MzYsM3Z6OWpnK3ZpYQ=="
3044,railway station jaisalmer,22200,30,59,$0.03,2,20,https://www.mappls.com/place-jaisalmer+railway+station-gandhi+nagar-jaisalmer-rajasthan-345001-5E8462@zdata=MjYuOTE1MDc1KzcwLjkyNjY4MysxNys1RTg0NjIrK25yed
3045,pwd office,27100,32,56,$0.18,3,40,https://www.mappls.com/place-pwd+office-cpwd+colony-dehradun-uttarakhand-248001-L5LPZL@zdata=MzAuMzIzNDIzKzc4LjA0NDkwNSsxNytMNUxQWkwrKw==ed
3046,m m i narayana hospital raipur,27100,24,62,$0.36,6,16,https://www.mappls.com/place-mmi+narayana+superspeciality+hospital-raipur-main+gali-new+dhamtari+road-lalpur-kharian-near+pachpedi+naka-raipur-chhattisgarh-492001-hvnszu@zdata=MjEuMjEzMjQ4KzgxLjY1Nzc0NysxNytodm5zenUrKw==ed
3047,kirti nagar delhi,27100,27,73,$0,8,24,https://www.mappls.com/place-kirti+nagar+market-kirti+nagar+market-kirti+nagar-new+delhi-delhi-110015-1OGGRJ@zdata=MjguNjUyNzkxKzc3LjE0MTk0OSsxNysxT0dHUkorKw==ed
3048,karnal bus stand,22200,23,116,$0,1,20,https://www.mappls.com/place-isbt+bus+stand-old+gt+road-committee+market-karnal-haryana-132001-27B8E1@zdata=MjkuNjkxMjgyKzc2Ljk4NzU2NisxNysyN0I4RTErK25yed
3049,kalyan vihar,22200,30,56,$0.30,4,26,https://www.mappls.com/place-kalyan+vihar+bus+stop-kalyan+vihar+road-old+gupta+colony-new+delhi-delhi-110009-66H7UA@zdata=MjguNjkzNDA0Kzc3LjE5OTI1NysxNys2Nkg3VUErK25yed
3050,k m c t hospital,27100,14,406,$0.06,2,19,https://www.mappls.com/place-kmct+medical+college+hospital-manaserry+po-calicut+mukkam+road-thazhecode-kerala-673602-JHY2OR@zdata=MTEuMzI2MTUxKzc1Ljk3MTEyMysxNytKSFkyT1IrK25yed
3051,jaisalmer station,22200,43,56,$0.03,2,25,https://www.mappls.com/place-jaisalmer+railway+station-gandhi+nagar-jaisalmer-rajasthan-345001-5E8462@zdata=MjYuOTE1MDc1KzcwLjkyNjY4MysxNys1RTg0NjIrK25yed
3052,j w marriott pune,33100,52,56,$0.70,50,44,https://www.mappls.com/place-jw+marriott+hotel+pune-senapati+bapat+road-pune-maharashtra-411016-j36oqz@zdata=MTguNTMyNTAzKzczLjgyOTU2NCsxNytqMzZvcXorKw==ed
3053,new civil hospital,27100,16,203,$0.10,6,19,https://www.mappls.com/fs3a82
3054,mau uttar pradesh,27100,59,56,$0.01,1,31,https://www.mappls.com/sv1jzl
3055,dmart miyapur,27100,5,1270,$0.23,8,29,https://www.mappls.com/khnzel
3056,dlf square,27100,8,1270,$0,10,30,https://www.mappls.com/sdd344
3057,dj sanghvi,27100,15,246,$0.28,1,26,https://www.mappls.com/2t233t
3058,district magistrate office,22200,45,56,$0.38,2,25,https://www.mappls.com/mba8dm
3059,dibrugarh station,33100,37,56,$0,1,28,https://www.mappls.com/tb734t
3060,delhi medical council,22200,14,203,$0,2,20,https://www.mappls.com/place-delhi+medical+council-it+park-new+delhi-delhi-110053-RG2UJR@zdata=MjguNjcyMzg2Kzc3LjI1MTM4MysxNytSRzJVSlIrK25yed
3061,danta ramgarh,33100,30,56,$0,1,27,"https://www.mappls.com/direction-from--to-,+danta+ramgarh,+sikar+district,+rajasthan,+332402?@zdata=ZnJvbSsrdG8rNzUuMzQ4NTY3LDI3LjUzOTQ4NCw1RjI4Qjgrdmlh"
3062,cubbon park parking,9900,18,151,$0.21,15,24,https://www.mappls.com/place-bbmp+pay+and+parking-kasturba+road-cubbon+park-bengaluru-karnataka-560001-ES0D3U@zdata=MTIuOTcwNDA2Kzc3LjU5MjA0OCsxNytFUzBEM1UrK25yed
3063,chottanikkara,27100,22,116,$0,1,40,https://www.mappls.com/624bf4
3064,hilton garden inn lucknow,22200,21,73,$0.31,30,21,https://www.mappls.com/place-hilton+garden+inn+lucknow-tcg-7$7-vibhuti+khand-gomti+nagar-lucknow-uttar+pradesh-226010-387xoe@zdata=MjYuODY0MDY4KzgxLjAwODA4OSsxNyszODd4b2UrKw==ed
3065,ga di madgulkar natyagruha,27100,9,533,$0,8,16,https://www.mappls.com/place-ga+di+madgulkar+auditorium-behind+new+administrative+building-pimpri+chinchwad-maharashtra-411035-OMNXRA@zdata=MTguNjQ3NjY2KzczLjc2OTQxNisxNytPTU5YUkErK25yed
3066,chakki naka,22200,10,915,$0.10,8,19,https://www.mappls.com/7se1dt
3067,bawal haryana,22200,34,56,$0,1,25,https://www.mappls.com/2a6eb1
3068,anand paradise,27100,35,56,$0,1,26,https://www.mappls.com/3vrbu5
3069,sterling cinema mumbai,22200,10,406,$0.32,8,20,https://www.mappls.com/place-sterling+cineplex-65-murzban+road-azad+maidan-fort-opposite+vt+station-mumbai-maharashtra-400001-4s2dtf@zdata=MTguOTM4MzkzKzcyLjgzMzA4MisxNys0czJkdGYrKw==ed
3070,silver city,22200,15,306,$0,5,26,https://www.mappls.com/fgj3rv
3071,siddhivinayak mandir in dadar,27100,26,73,$0.02,2,34,https://www.mappls.com/tp4xgm
3072,revenue board of rajasthan,27100,24,62,$0,1,23,https://www.mappls.com/sgq4jb
3073,railway station dli,27100,71,56,$0.01,1,19,https://www.mappls.com/6d3s13
3074,tv tower,22200,43,56,$0.26,4,26,https://www.mappls.com/place-tv+tower-colony+road-pitampura-new+delhi-delhi-110034-5ft86f@zdata=MjguNjk3MTg2Kzc3LjE1MDIwNCsxNys1ZnQ4NmYrKw==ed
3075,tmb bank atm,33100,11,693,$0.07,1,19,https://www.mappls.com/place-tamilnad+mercantile+bank+atm-door+no+106-18th+main+road-hal+stage+2-indiranagar-bengaluru-karnataka-560008-8QBBLF@zdata=MTIuOTYyNTM2Kzc3LjY0MzI2NCsxNys4UUJCTEYrK25yed
3076,tiranga hotel,33100,21,151,$0.03,1,22,https://www.mappls.com/l2mzdx
3077,t v tower,27100,21,159,$0.14,4,23,https://www.mappls.com/place-tv+tower-colony+road-pitampura-new+delhi-delhi-110034-5ft86f@zdata=MjguNjk3MTg2Kzc3LjE1MDIwNCsxNys1ZnQ4NmYrKw==ed
3078,kodaikanal bus stand,22200,8,2636,$0.13,5,21,https://www.mappls.com/r5789u
3079,khed ratnagiri,9900,54,56,$0,1,18,"https://www.mappls.com/direction-from--to-,+khed,+ratnagiri+district,+maharashtra,+415709??@zdata=ZnJvbSsrdG8rNzMuMzU5NDM5LDE3LjcwMzYwMyw2U1lXRE4rdmlh"
3080,international tech park bangalore,27100,24,65,$0.23,4,19,https://www.mappls.com/place-international+tech+park-itpl-whitefield-bengaluru-karnataka-560066-RCM0UN@zdata=MTIuOTg3MjA3Kzc3LjczNjkzNCsxNytSQ00wVU4rKw==ed
3081,indira gandhi musical fountain bangalore,18100,57,56,$0.11,6,18,https://www.mappls.com/place-indira+gandhi+musical+fountain+park-opposite+jawahar+lal+nehru+planetarium-raj+bhavan+road-sampangi+rama+nagar-vasanth+nagar-bengaluru-karnataka-560001-543b64@zdata=MTIuOTg1MSs3Ny41OTE2KzE3KzU0M2I2NCsred
3082,imc limited cng pump filling station,18100,9,533,$0,1,11,"https://www.mappls.com/cng+station/near/17.955426,75.812688"
3083,hyatt place gurgaon,27100,21,89,$5.72,20,28,https://www.mappls.com/mem6fk
3084,ngos colony,2900,13,306,$0,2,19,https://www.mappls.com/place-new+ngos+colony+society+park-new+ngos+colony-subhash+nagar-nizamabad-telangana-503002-NHXRYW@zdata=MTguNjg4NTIxKzc4LjEwNzI3NSsxNytOSFhSWVcrKw==ed
3085,ngo colony,27100,8,915,$0,4,28,https://www.mappls.com/place-ngo+colony+bus+stop-ngo+colony-vanasthalipuram-hyderabad-telangana-500070-11MVYO@zdata=MTcuMzI1MDk3Kzc4LjU2NjYyMisxNysxMU1WWU8rK25yed
3086,near petrol bunk near me,27100,7,1785,$0.01,1,19,https://www.mappls.com/petrol-pump-near-me
3087,market building unit 2,27100,5,4390,$0.04,2,18,https://www.mappls.com/v37zex
3088,maidan garhi,27100,24,73,$0,4,28,https://www.mappls.com/hwy5lp
3089,maa tarini temple odisha,27100,25,89,$0.09,1,21,https://www.mappls.com/place-maa+tarini+thakurani+temple-ghatgaon-keonjhar+district-ghatagaon-odisha-758027-9fg3y6@zdata=MjEuMzkzMTkzKzg1Ljg5NjY0MSsxNys5ZmczeTYrKw==ed
3090,rohini west metro,27100,34,56,$0.04,4,16,https://www.mappls.com/4da4da
3091,rasta peth pune,27100,42,56,$0.12,4,21,https://www.mappls.com/place-rasta+peth+education+society+mar-shankar+garvd+road-somwar+peth-pune-maharashtra-411011-a7mjyn@zdata=MTguNTIxODcrNzMuODY2NjkrMTcrYTdtanluKys=ed
3092,ramnagar fish market,27100,12,406,$0,1,22,https://www.mappls.com/place-ramnagar+fish+market-jyothi+nagar-karimnagar-telangana-505001-CUQ5WG@zdata=MTguNDQwODA0Kzc5LjEwOTYwMisxNytDVVE1V0crKw==ed
3093,rahon india,22200,31,59,$0.11,1,19,"https://www.mappls.com/direction-from--to-nawanshahr;nawashahr+rahon+road,+satgur+nagar,+nawanshahr,+punjab,+144514+nawanshahr;nawashahr?@zdata=ZnJvbSsrdG8rNzYuMTE4MjgyLDMxLjEyNjE0NCxISTVKTUordmlh"
3094,pvr avani,27100,17,151,$0.04,1,27,https://www.mappls.com/25kfqw
3095,pondicherry muruga theatre,27100,14,159,$0.22,4,20,https://www.mappls.com/place-murugan+theatre-kamaraj+salai-industrial+estate+thattanchavady-puducherry-puducherry-605009-2A67AD@zdata=MTEuOTQyMDg2Kzc5LjgwNzg1NSsxNysyQTY3QUQrK25yed
3096,pincode for gachibowli hyderabad,27100,50,56,$0.12,1,19,https://www.mappls.com/place-gachibowli+police+station-opposite+iit-gachibowli-hyderabad-telangana-500032-euga0j@zdata=MTcuNDQzNjE0Kzc4LjM1MzYxNSsxNytldWdhMGorKw==ed
3097,pin code gachibowli hyderabad,27100,48,56,$0.12,1,18,https://www.mappls.com/place-gachibowli+police+station-opposite+iit-gachibowli-hyderabad-telangana-500032-euga0j@zdata=MTcuNDQzNjE0Kzc4LjM1MzYxNSsxNytldWdhMGorKw==ed
3098,d r c cinemas mysore,27100,13,203,$0.01,3,22,https://www.mappls.com/ovgb63
3099,hotel ibis hosur road,27100,22,73,$0.60,20,22,https://www.mappls.com/rd4zux
3100,hotel ibis bengaluru hosur road,27100,26,59,$0.55,18,23,https://www.mappls.com/rd4zux
3101,gachibowli pincode in hyderabad,27100,39,56,$0,1,23,https://www.mappls.com/place-gachibowli+police+station-opposite+iit-gachibowli-hyderabad-telangana-500032-euga0j@zdata=MTcuNDQzNjE0Kzc4LjM1MzYxNSsxNytldWdhMGorKw==ed
3102,forum rex walk,27100,21,116,$0,7,24,https://www.mappls.com/place-pvr+inox-forum+rex+walk+bengaluru-forum+rex+walk-brigade+road-shanthala+nagar-ashok+nagar-bengaluru-karnataka-560001-9LJBVO@zdata=MTIuOTcyNTMyKzc3LjYwNjgwNCsxNys5TEpCVk8rK25yed
3103,board of revenue rajasthan,27100,18,116,$0,1,23,https://www.mappls.com/sgq4jb
3104,block 14,27100,20,116,$0.13,3,18,https://www.mappls.com/place-office-block+14-geeta+colony-new+delhi-delhi-110031-SVVUK9@zdata=MjguNjUxNzg0Kzc3LjI3Nzc5KzE3K1NWVlVLOSsred
3105,bhilai plant,27100,49,56,$0.04,1,35,https://www.mappls.com/f1why4
3106,bapu nagar,27100,27,56,$0.06,5,28,"https://www.mappls.com/direction-from--to-,+bapunagar,+ahmedabad,+gujarat,+380024?@zdata=ZnJvbSsrdG8rNzIuNjMwMjUzLDIzLjAzOTA2MywxQk5QSVordmlh"
3107,bahubali hill,33100,25,89,$0.04,1,19,https://www.mappls.com/place-bahubali+hill-badi+lake-morwaniya-badgaon-udaipur+district-rajasthan-313025-2rzbdo@zdata=MjQuNjE3MjMyKzczLjYyMjc3NSsxNysycnpiZG8rKw==ed
3108,yadav nagar delhi,27100,19,138,$0.12,4,18,https://www.mappls.com/place-yadav+nagar+bus+stop-shri+ramesh+pradhan+ji+marg-libaspur-samaypur-new+delhi-delhi-110042-OVBQXB@zdata=MjguNzUwNTQrNzcuMTQyMzU2KzE3K09WQlFYQisrbnI=ed
3109,polyline android,22200,18,151,$0,1,33,https://developer.mappls.com/mapping/polyline/
3110,pincode of gachibowli hyderabad,27100,44,56,$0,1,20,https://www.mappls.com/place-gachibowli+police+station-opposite+iit-gachibowli-hyderabad-telangana-500032-euga0j@zdata=MTcuNDQzNjE0Kzc4LjM1MzYxNSsxNytldWdhMGorKw==ed
3111,pataudi road,27100,37,56,$0,2,27,https://www.mappls.com/place-pataudi+road+railway+station-haileymandi-haryana-122503-4f6c82@zdata=MjguMzQ3ODkrNzYuNzUyMjExKzE3KzRmNmM4Misred
3112,passport seva kendra defence colony,22200,8,915,$0.08,1,18,https://www.mappls.com/vhjs57
3113,nihal singh wala moga,27100,19,159,$0.14,1,16,"https://www.mappls.com/direction-from--to-nihal+singh+wala+bus+stand,+nihal+singh+wala+road,+nihal+singhwala,+moga+district,+punjab,+142055?@zdata=ZnJvbSsrdG8rNzUuMjc5MTI2LDMwLjU5MTEwNyxRTkZLTTYrdmlh"
3114,shiv colony,27100,9,693,$0.07,3,18,https://www.mappls.com/9rt02h
3115,sanjay gandhi national park ticket counter,27100,8,1270,$0.13,7,23,https://www.mappls.com/45u4f7
3116,ravindra natya mandir mumbai,27100,15,246,$0.17,4,19,https://www.mappls.com/place-ravindra+natya+mandir-sayani+road-near+siddhivinayak+mandir-prabhadevi-mumbai-maharashtra-400025-c6gkuw@zdata=MTkuMDE1MzM1KzcyLjgzMDEzMisxNytjNmdrdXcrKw==ed
3117,rangoli chokdi,27100,54,56,$0,2,27,https://www.mappls.com/place-avsar+multi+speciality+hospital+&+icu-rangoli+chokdi-1st+floor-avsar+shopping+hub-umra+road-velanja-kamrej-surat+district-gujarat-394150-U0HYAG@zdata=MjEuMjk4Nzk3KzcyLjkxMTM1NSsxNytVMEhZQUcrK25yed
3118,ram krishna care hospital,27100,13,246,$0.48,5,17,https://www.mappls.com/place-ram+krishna+care+hospital-ge+road-mukut+nagar-raipur-chhattisgarh-492001-GTXIYR@zdata=MjEuMjM4NzIxKzgxLjYxNTA1NCsxNytHVFhJWVIrK25yed
3119,star world cinemas,33100,9,915,$0,2,23,https://www.mappls.com/place-star+world+cinemas-399-katghar+road-near+bholegiri+mandir-mutthiganj-prayagraj-uttar+pradesh-211003-C3FA7E@zdata=MjUuNDI4MTUyKzgxLjg0MDY5OSsxNytDM0ZBN0UrK25yed
3120,sobo center bopal,27100,10,306,$0.09,6,18,https://www.mappls.com/place-gala+sobo+shopping+centre-near+gala+aria-gymkhana+road-south+bopal-ahmedabad-gujarat-380057-KRGUVZ@zdata=MjMuMDE3MjQyKzcyLjQ3NTU2OSsxNytLUkdVVlorK25yed
3121,madhupur junction railway station,27100,23,89,$0.18,1,19,https://www.mappls.com/place-madhupur+junction+railway+station-belpara-tilaiyatanr-madhupur-jharkhand-815353-554t8f@zdata=MjQuMjcwNTI2Kzg2LjY0Mjg5OSsxNys1NTR0OGYrKw==ed
3122,lake view bhopal,22200,23,116,$0.18,8,22,https://www.mappls.com/place-lake+view+bhopal-lake+drive-upper+lake-bhopal-madhya+pradesh-462044-sw12g5@zdata=MjMuMjQyNzc5Kzc3LjM4MTIxNisxNytzdzEyZzUrKw==ed
3123,koramangala club road,9900,10,915,$0.22,14,20,https://www.mappls.com/tsst3t
3124,kanpur yashoda nagar,22200,30,56,$0,3,20,"https://www.mappls.com/direction-from--to-kanpur+ganga+pur,+yashoda+nagar,+kanpur,+uttar+pradesh,+208011+kanpur?@zdata=ZnJvbSsrdG8rODAuMzM0OTU2LDI2LjM5NDg2OCxQVE5ESzErdmlh"
3125,ip park in delhi,27100,36,56,$0.11,2,37,https://www.mappls.com/b8b477
3126,near cng near me,22200,12,533,$0.02,1,16,https://www.mappls.com/cng%20station-near-me
3127,dimapur station,22200,32,59,$0,1,25,https://www.mappls.com/place-dimapur+railway+station-civil+hospital+colony-dimapur-nagaland-797112-B436ES@zdata=MjUuOTA2NDgzKzkzLjcyODQ1OCsxNytCNDM2RVMrK25yed
3128,dehradun bus stand,22200,13,406,$0.08,7,22,https://www.mappls.com/qoalfg
3129,defence colony main market,27100,17,138,$0.44,1,21,https://www.mappls.com/place-defence+colony+market-defence+colony-new+delhi-delhi-110024-cd321d@zdata=MjguNTczOTA2Kzc3LjIzMDUyNCsxNytjZDMyMWQrKw==ed
3130,jeeva park chennai,14800,11,693,$0.15,7,18,https://www.mappls.com/fc7787
3131,ion digital zone gate no 2,12100,7,2636,$0.05,6,33,https://www.mappls.com/3xfn8k
3132,horniman circle gardens,22200,30,56,$0.13,5,23,https://www.mappls.com/2rvn36
3133,hl city,27100,17,159,$0.06,3,19,https://www.mappls.com/place-hl+city-bahadurgarh-bahadurgarh-haryana-124507-07ODJP@zdata=MjguNjcwNys3Ni44OTczNzI4KzE3KzA3T0RKUCsred
3134,hathras railway station,27100,22,116,$0.01,1,20,https://www.mappls.com/place-new+hathras+junction+railway+station-hathras-hathras+district-uttar+pradesh-204101-dt6i4r@zdata=MjcuNTUzNDA4Kzc4LjE0OTY5OSsxNytkdDZpNHIrKw==ed
3135,hathras jn railway station,27100,20,116,$0.01,1,19,https://www.mappls.com/td6t86
3136,gk market m block,27100,11,533,$0.33,1,18,https://www.mappls.com/t001ny
3137,ghaziabad junction railway station,33100,32,56,$0,1,14,https://www.mappls.com/place-ghaziabad+junction+railway+station-mawai+road-bhur+bharat+nagar-ghaziabad-uttar+pradesh-201009-8S2S43@zdata=MjguNjUyOTg5Kzc3LjQyODQ0OSsxNys4UzJTNDMrK25yed
3138,geeta mandir,27100,17,306,$0,2,27,https://www.mappls.com/place-gita+mandir-geeta+mandir-paras+society-jamnagar-gujarat-361008-0bm31d@zdata=MjIuNDgzNCs3MC4wNTQ2MDUrMTcrMGJtMzFkKys=ed
3139,g t karnal road,27100,21,116,$0.10,3,26,https://www.mappls.com/place-royal+arches-gt+karnal+road-bhaktawarpur-near+alipur-new+delhi-delhi-110036-YT4TDE@zdata=MjguODEwODUrNzcuMTU3MjM5KzE3K1lUNFRERSsred
3140,eta mall,27100,18,116,$0,4,28,https://www.mappls.com/hpyaa7
3141,bihar sharif junction,33100,17,151,$0.04,1,20,https://www.mappls.com/6sfe2a
3142,bhawarnath temple,22200,12,406,$0.05,1,20,https://www.mappls.com/16ju2g
3143,airport tuticorin,27100,55,56,$0.13,1,21,https://www.mappls.com/ep66zu
3144,adani cng station,27100,10,915,$0.11,1,17,https://www.mappls.com/place-adani+gas+cng+station-saputara-indian+oil+petrol+pump-dang-waghai-saputara+nasik+road-saputara-gujarat-394720-NVNKPR@zdata=MjAuNTcxOTAxKzczLjc1MDA4MSsxNytOVk5LUFIrK25yed
3145,yadav nagar,27100,28,56,$0.10,3,19,https://www.mappls.com/place-yadav+nagar+buddudev+chak+halt-fatwah-patna+district-bihar-803201-3d8a3c@zdata=MjUuNDk3Kzg1LjMyODM5NSsxNyszZDhhM2MrKw==ed
3146,warehouse of flipkart,22200,23,116,$0,1,20,https://www.mappls.com/knkjmw
3147,v cinema,27100,14,306,$0.02,1,18,https://www.mappls.com/sc82cg
3148,thane w,27100,88,56,$0.11,6,19,https://www.mappls.com/place-thane+railway+station+west-jambli+naka-thane+west-thane-maharashtra-400601-CBDA35@zdata=MTkuMTg2NjA1KzcyLjk3NTQ2NCsxNytDQkRBMzUrK25yed
3149,mau city,27100,61,56,$0,1,37,https://www.mappls.com/sv1jzl
3150,masjid noor mosque,27100,21,138,$0.37,1,17,https://www.mappls.com/zzc2gd
3151,manali bus stand,22200,12,533,$0.13,1,20,https://www.mappls.com/13ooje
3152,maa tarini temple keonjhar odisha,27100,25,116,$0.07,1,25,https://www.mappls.com/place-maa+tarini+thakurani+temple-ghatgaon-keonjhar+district-ghatagaon-odisha-758027-9fg3y6@zdata=MjEuMzkzMTkzKzg1Ljg5NjY0MSsxNys5ZmczeTYrKw==ed
3153,pvr acropolis ahmedabad,27100,15,159,$0.03,6,23,https://www.mappls.com/search-near-PVR%20Cinemas%20Acropolis%20Ahmedabad(%20PVR%20Acropolis%20Mall%20)@zdata=NzIuNTE2MzQ2MDAwMDAwMSwyMy4wNDkzNzk=
3154,purna giri,27100,52,56,$0,1,29,https://www.mappls.com/sd12f3
3155,pavilion mall ludhiana,12100,22,73,$0.02,8,21,https://www.mappls.com/place-pavilion+mall-hambran+road-rakh+bagh-civil+lines-ludhiana-punjab-141001-v6yiwn@zdata=MzAuOTE1OTUzKzc1Ljg0MDcwOCsxNyt2Nnlpd24rKw==ed
3156,pandharpur bus stand,22200,9,533,$0,1,19,https://www.mappls.com/place-pandharpur+bus+stand-pandharpur-maharashtra-413304-8T3C3F@zdata=MTcuNjc4NTk5Kzc1LjMyNjU2KzE3KzhUM0MzRisred
3157,nmc patna,27100,35,56,$0.11,3,19,https://www.mappls.com/place-nalanda+medical+college-kankarbagh+main+road-mahatma+gandhi+nagar-chitragupta+nagar-patna-bihar-800020-E716AT@zdata=MjUuNjAwMzk4Kzg1LjE3NDAzKzE3K0U3MTZBVCsrbnI=ed
3158,nims hospital jaipur,22200,31,56,$0.46,1,19,https://www.mappls.com/yseygw
3159,near public toilet near me,27100,9,1270,$0.28,1,19,https://www.mappls.com/search-near-Sulabh%20Complex%20Public%20Toilets@zdata=NzguMDQzMjA0LDE1LjgyOTQ1Ng==
3160,nasik station,33100,29,62,$0,1,28,https://www.mappls.com/place-nashik+road+railway+station-rajwada+nagar-deolali-nashik-maharashtra-422401-CES626@zdata=MTkuOTQ3OTIzKzczLjg0MjExNysxNytDRVM2MjYrK25yed
3161,mount mary bandra west,9900,31,56,$0.06,3,19,"https://www.mappls.com/direction-from--to-mount+mary+church+st+marys+road,+bandra+west+mumbai?@zdata=ZnJvbSsrdG8rNzIuODIyMTk0LDE5LjA0NjkyLEY4VkpGRyt2aWE="
3162,mohammed wadi,27100,68,56,$0.12,15,31,https://www.mappls.com/place-mohamadwadi+sub+post+office-katraj+hadapsar+road-mohammad+wadi-pune-maharashtra-411028-s6h296@zdata=MTguNDcwMDYyKzczLjkyMTY1MysxNytzNmgyOTYrKw==ed
3163,govind garden restaurant,33100,26,65,$0.22,10,21,https://www.mappls.com/place-govind+garden-pimple+saudagar-opposite+ganesh+park+society-pimple+saudagar-pimpri+chinchwad-maharashtra-411027-BD4446@zdata=MTguNTk1NzA4KzczLjgwMjYwNisxNytCRDQ0NDYrK25yed
3164,govardhan theater,18100,8,533,$0.10,6,20,https://www.mappls.com/place-govardhan+theater+bus+stop-mumbai+bengaluru+highway-apmc+yard-yeshwanthpur-bengaluru-karnataka-560022-NR7WNO@zdata=MTMuMDIxMjI1Kzc3LjU1MTkrMTcrTlI3V05PKytucg==ed
3165,gk m block market delhi,27100,9,1270,$0.04,1,24,https://www.mappls.com/tdd265
3166,flipkart near me,18100,12,533,$0.23,2,19,https://www.mappls.com/umdgd2
3167,eden park restaurant,27100,19,159,$0,7,24,https://www.mappls.com/c88fd8
3168,dumdum nagerbazar,590,23,89,$0.01,2,19,https://www.mappls.com/place-ils+nagerbazar-1-mall+road-near+nagar+bazar+flyover-dum+dum-kolkata-west+bengal-700080-G8XUSO@zdata=MjIuNjI4NzY3Kzg4LjQyMDc0NisxNytHOFhVU08rK25yed
3169,dps bokaro,33100,26,65,$0,1,27,https://www.mappls.com/e3d72s
3170,asif nagar in hyderabad,27100,37,56,$0.10,4,22,"https://www.mappls.com/direction-from--to-hyderabad+asif+nagar+road,+humayun+nagar,+mehdipatnam,+hyderabad,+telangana,+500028+hyderabad?@zdata=ZnJvbSsrdG8rNzguNDQ1MDI4LDE3LjM5MzI5OCxHVEw2Rlordmlh"
3171,apollo sage hospital,27100,16,151,$0.71,7,18,https://www.mappls.com/kgke0x
3172,dadar siddhivinayak,27100,21,138,$0.02,2,22,https://www.mappls.com/tp4xgm
3173,clement town dehradun,27100,60,56,$0.12,5,19,https://www.mappls.com/place-jheel+clement+town-bharuwala+colony-clement+town-dehradun-uttarakhand-248002-DMWAOV@zdata=MzAuMjY3OTYyKzc4LjAwODY0KzE3K0RNV0FPVisrbnI=ed
3174,chembur camp mumbai,27100,34,56,$0.13,4,22,https://www.mappls.com/place-chembur+camp+police+chowki-inalks+hospital+road-chembur+colony-chembur-mumbai-maharashtra-400074-5qya4t@zdata=MTkuMDQ2NDkzKzcyLjg5NDcyOCsxNys1cXlhNHQrKw==ed
3175,kakinada bus stand,14800,104,56,$0.07,7,18,https://www.mappls.com/place-kakinada+bus+terminal+entry-burma+colony-kakinada-andhra+pradesh-533003-8G68UK@zdata=MTYuOTY1MTAyNzI0MzUrODIuMjM4NjQzODg0Mjk2KzE3KzhHNjhVSysrbnI=ed
3176,kailash hospital sector 27 noida,27100,15,246,$0.09,7,16,https://www.mappls.com/15ds4a
3177,juhu chowpatty,40500,32,56,$0.82,1,31,https://www.mappls.com/place-juhu+beach+area-juhu-mumbai-maharashtra-400049-UAR8G7@appzdata=MTkuMDk2Njg4KzcyLjgyNTU4NSsxNStVQVI4RzcrKzI0MDAwed
3178,indraprastha park in delhi,27100,23,116,$0.13,1,31,https://www.mappls.com/zmm7b5
3179,indira gandhi musical fountain park,18100,33,56,$0,8,13,https://www.mappls.com/place-indira+gandhi+musical+fountain+park-opposite+jawahar+lal+nehru+planetarium-raj+bhavan+road-sampangi+rama+nagar-vasanth+nagar-bengaluru-karnataka-560001-543b64@zdata=MTIuOTg1MSs3Ny41OTE2KzE3KzU0M2I2NCsred
3180,hyatt place gurgaon udyog vihar,27100,22,65,$5.72,20,20,https://www.mappls.com/mem6fk
3181,hari niwas palace,22200,18,151,$0.08,9,22,https://www.mappls.com/8dd5f2
3182,gurgaon ardee city,27100,41,56,$0.19,5,23,https://www.mappls.com/aaesee
3183,lal bahadur shastri marg,27100,9,693,$0.12,5,22,https://www.mappls.com/place-city+shore-lal+bahadur+shastri+marg-mulund+west-mumbai-maharashtra-400080-6UWCZF@zdata=MTkuMTg0NDk0KzcyLjk1NDg5NisxNys2VVdDWkYrKw==ed
3184,kurukshetra junction railway station,27100,20,116,$0.08,2,19,https://www.mappls.com/place-kurukshetra+junction+railway+station-railway+road-kurukshetra-haryana-136118-225CT1@zdata=MjkuOTY5NDgrNzYuODUyMTgrMTcrMjI1Q1QxKytucg==ed
3185,kosh soul retreat,27100,20,116,$0.23,3,22,https://www.mappls.com/place-kosh+soul+retreat-sh+74-nandi-karnataka-562101-96QIKN@zdata=MTMuMzgxODkyKzc3LjY3ODY5NCsxNys5NlFJS04rK25yed
3186,sompura gate,27100,8,1270,$0.54,8,29,"https://www.mappls.com/direction-from--to-sompura,+gate,+bus,+stop,+sarjapura,+main,+road,,+kadagrahara,,+bengaluru,,+karnataka,,+562125,+f5roct?@zdata=ZnJvbSsrdG8rNzcuNzcyMDQ0LDEyLjg2MTk3LEY1Uk9DVCt2aWE="
3187,shyam park,22200,13,533,$0.11,6,18,https://www.mappls.com/place-shyam+park+metro+station-grand+trunk+road-shyam+park-sahibabad-ghaziabad-uttar+pradesh-201005-udfwtk@zdata=MjguNjc4MTg1Kzc3LjM3MDc1MSsxNyt1ZGZ3dGsrKw==ed
3188,shree ram vastra bhandar,27100,18,246,$0.08,5,15,https://www.mappls.com/jxhmux
3189,seetha circle,27100,5,8238,$0.11,4,19,https://www.mappls.com/place-seetha+circle+bus+stop-80+feet+main+road-state+bank+of+mysore+colony-srinivasa+nagar-banashankari+stage+1-bengaluru-karnataka-560050-35T4W1@zdata=MTIuOTM4Mzg1Kzc3LjU1MDExNSsxNyszNVQ0VzErK25yed
3190,rewari bawal,18100,29,62,$0,1,24,https://www.mappls.com/izcnxo
3191,p w d office,27100,43,56,$0.18,3,62,https://www.mappls.com/jixvxf
3192,number 4 road,27100,6,2636,$0.14,4,27,"https://www.mappls.com/direction-from--to-hyderabad+road+number+4,+road+no+4,+banjara+hills,+hyderabad,+telangana,+500034+hyderabad,+8sb374?@zdata=ZnJvbSsrdG8rNzguNDQwNzIyLDE3LjQyMDcwOSw4c2IzNzQ7NzguNDQwODk5LDE3LjQyMDcyMiw4c2IzNzQrdmlh"
3193,new bus stand raipur,22200,8,915,$0,11,15,https://www.mappls.com/place-raipur+bus+stand+pandri-bus+stand+road-pandri-raipur-chhattisgarh-492001-BZM6QO@zdata=MjEuMjUyODQ4KzgxLjY0NjI4OSsxNytCWk02UU8rK25yed
3194,navsari railway station,22200,37,56,$0,1,20,https://www.mappls.com/place-navsari+railway+station-station+main+road-navsari-gujarat-396445-3442S5@zdata=MjAuOTQ4MTkrNzIuOTEzMDU1KzE3KzM0NDJTNSsrbnI=ed
3195,najafgarh metro,27100,29,65,$0.10,2,15,https://www.mappls.com/place-najafgarh+metro+station-najafgarh+road-najafgarh-new+delhi-delhi-110043-wpfaht@zdata=MjguNjEyOTIrNzYuOTg2MzE1KzE3K3dwZmFodCsred
3196,nagda junction,27100,29,62,$0,1,26,https://www.mappls.com/place-nagda+junction+railway+station-kilkipura+juna-nagda-madhya+pradesh-456335-2f54d5@zdata=MjMuNDU2MzEyKzc1LjQxMjczMysxNysyZjU0ZDUrKw==ed
3197,mela ground,22200,12,915,$0,3,25,https://www.mappls.com/place-mela+ground-bagdhara+road-strawberry-kalimpong-west+bengal-734301-48KLIK@zdata=MjcuMDY3ODgxKzg4LjQ3MTM0NisxNys0OEtMSUsrK25yed
3198,mathura krishna janam,27100,20,246,$0.01,4,25,https://www.mappls.com/l27o01
3199,marve beach mumbai maharashtra,27100,51,56,$0.20,4,21,"https://www.mappls.com/direction-from--to-marve+beach,+marve+village,+malad+west,+mumbai,+maharashtra,+400095?@zdata=ZnJvbSsrdG8rNzIuNzk3ODI0LDE5LjE5ODk4MyxGRTJTUzcrdmlh"
3200,mahadev nagar,27100,9,915,$0,4,28,https://www.mappls.com/place-mahadev+nagar+society-mahadev+nagar-godadara-surat-gujarat-395012-D5AMCZ@zdata=MjEuMTcwMzM5KzcyLjg3MDg1KzE3K0Q1QU1DWisred
3201,raipur junction railway station,22200,33,56,$0,14,16,https://www.mappls.com/place-raipur+junction+railway+station+bus+stop-bus+lane-station+road-moudhapara-raipur-chhattisgarh-492009-SNB8OL@zdata=MjEuMjU2MzMxKzgxLjYzMDQ3NysxNytTTkI4T0wrK25yed
3202,psk defence colony,22200,21,73,$0.08,1,18,https://www.mappls.com/vhjs57
3203,prithvi theatre juhu,27100,23,89,$0.13,4,42,https://www.mappls.com/place-prithvi+theatre-20-janki+kutir-juhu+church+road+juhu-near+vaishali+apartments-western+suburbs-mumbai-maharashtra-400049-67AFBA@zdata=MTkuMTA2MTg0KzcyLjgyNTY1OSsxNys2N0FGQkErK25yed
3204,postal code mohali,27100,27,56,$0,1,18,https://www.mappls.com/place-chandigarh+sector+65+sub+post+office-sector+65+phase+11-mohali-punjab-160062-hhgmje@zdata=MzAuNjc2MjIxKzc2Ljc0MjExNSsxNytoaGdtamUrKw==ed
3205,phulera station,27100,20,116,$0.02,1,20,https://www.mappls.com/place-phulera+junction+railway+station-phulera-rajasthan-303338-8TDSTD@zdata=MjYuODczODY2Kzc1LjI0NTg2KzE3KzhURFNURCsred
3206,phool bagh,27100,19,203,$0,3,27,"https://www.mappls.com/place-bhiwadi+phool+bagh,bhiwadi-rajasthan+bhiwadi-OVTLIN@zdata=MjguMjExNjQ1MTIrNzYuODYyMzk2OTErMTcrT1ZUTElOed"
3207,people plaza,27100,20,159,$0.11,5,20,https://www.mappls.com/2grrv2
3208,sri krishna temple,27100,35,56,$0.28,2,35,https://www.mappls.com/kv2vwj
3209,siddhivinayak temple in maharashtra,22200,22,203,$0.05,1,39,https://www.mappls.com/place-shree+siddhivinayak+mandir+prabhadevi-sk+bole+marg-prabhadevi-mumbai-maharashtra-400028-8W93DZ@zdata=MTkuMDE2OTY0KzcyLjgzMDM1MSsxNys4VzkzRForKw==ed
3210,sector 31 main market,27100,38,56,$0.11,1,26,https://www.mappls.com/place-sector+31+mini+market-namberdar+market-sector+31-gurugram-haryana-122001-8k5cr7@zdata=MjguNDU1NjgyKzc3LjA1NTMwNysxNys4azVjcjcrKw==ed
3211,tata jamshedpur,27100,35,56,$4.27,3,27,https://www.mappls.com/place-tata-tata+steel+plant+area-jamshedpur-jharkhand-831001-SN81SP@zdata=MjIuNzgyOTI4Kzg2LjIxMjk4OSsxNytTTjgxU1ArKw==ed
3212,surya palace baroda,27100,72,56,$0.35,5,32,https://www.mappls.com/5s86e5
3213,health world hospital durgapur,27100,14,203,$0.64,1,20,https://www.mappls.com/8i29s0
3214,good earth city center mall,22200,40,56,$0,11,15,https://www.mappls.com/place-good+earth+city+centre-sector+50-gurugram-haryana-122018-8frwqh@zdata=MjguNDIxNjE2Kzc3LjA1MzMxMSsxNys4ZnJ3cWgrKw==ed
3215,kalyan nagar bus stop,27100,7,2636,$0,15,18,https://www.mappls.com/place-kalyana+nagar+bus+stop-4th+main+road-kalyan+nagar-mudalapalya-bengaluru-karnataka-560072-2N6JTO@zdata=MTIuOTY3NCs3Ny41MjM3MTYrMTcrMk42SlRPKytucg==ed
3216,jp noida,27100,28,56,$0.65,17,39,https://www.mappls.com/ooas9j
3217,ibm india private limited,27100,16,246,$3.16,7,16,https://www.mappls.com/8v7ko6
3218,hyatt place gurgaon udyog vihar hotel,27100,17,138,$1.11,21,29,https://www.mappls.com/mem6fk
3219,live search maps,27100,9,406,$0,1,71,https://www.mappls.com/
3220,lemon tree gachibowli hyderabad,27100,49,56,$0.37,28,33,https://www.mappls.com/g1fqwf
3221,crescent water park sehore,27100,27,73,$0.03,1,14,https://www.mappls.com/place-crescent+water+park-alahada+khedi-indore+bhopal+bypass+road+sehore-sehore+nagar-sehore+district-madhya+pradesh-466001-1b92g5@zdata=MjMuMTc1NzQ3Kzc3LjA2NDg4NisxNysxYjkyZzUrKw==ed
3222,cotton green mumbai,18100,23,116,$0,7,21,https://www.mappls.com/place-cotton+green+railway+station+east-zb+road-cotton+green-sewri-mumbai-maharashtra-400033-4E21TD@zdata=MTguOTg3Mzk1KzcyLjg0NDM5NSsxNys0RTIxVEQrK25yed
3223,chhattisgarh bhilai steel plant,27100,36,56,$0.04,1,33,https://www.mappls.com/f1why4
3224,bokaro dps,27100,19,138,$0.14,1,24,https://www.mappls.com/e3d72s
3225,govardhan bangalore,22200,49,56,$0.20,6,18,https://www.mappls.com/d7j3zr
3226,galleria shopping mall,27100,18,151,$0,4,23,https://www.mappls.com/place-fantasy-galleria+shopping+mall-14-hiranandani+gardens-powai-mumbai-maharashtra-400076-CKAGHZ@zdata=MTkuMTE5MTYzKzcyLjkxMTYrMTcrQ0tBR0haKys=ed
3227,express highway garden,27100,18,151,$0.05,5,26,https://www.mappls.com/place-bhoir+garden-bhoir+compund+off+western+express+highway-suhasini+pawaskar+marg-ghartabpada+no+1-mumbai-maharashtra-400068-6Q14JH@zdata=MTkuMjU0MzUxKzcyLjg2OTkxMysxNys2UTE0SkgrKw==ed
3228,bawal in haryana,27100,53,56,$0.06,1,21,https://www.mappls.com/izcnxo
3229,ajanta cinema,27100,20,138,$0,1,27,https://www.mappls.com/place-ajanta+cinema-behala-30-diamond+harbour+road-behala-kolkata-west+bengal-700060-5b7tab@zdata=MjIuNTA4MTU4Kzg4LjMyMDE1MisxNys1Yjd0YWIrKw==ed
3230,sultanpur junction,27100,33,56,$0.08,1,19,https://www.mappls.com/place-sultanpur+railway+station-majar+ganj-dide+nagar-sultanpur-uttar+pradesh-228001-348FAB@zdata=MjYuMjY0ODAzKzgyLjA2Njg3OCsxNyszNDhGQUIrK25yed
3231,somnath nearest railway station,12100,44,56,$0.08,1,8,https://www.mappls.com/place-somnath+railway+station-somnath-gujarat-362268-723FB5@zdata=MjAuODk3OTU2KzcwLjQwNzU3MysxNys3MjNGQjUrKw==ed
3232,sobo center south bopal ahmedabad,27100,20,89,$0.10,5,18,https://www.mappls.com/place-gala+sobo+shopping+centre-near+gala+aria-gymkhana+road-south+bopal-ahmedabad-gujarat-380057-KRGUVZ@zdata=MjMuMDE3MjQyKzcyLjQ3NTU2OSsxNytLUkdVVlorK25yed
3233,siliguri iskcon temple,22200,25,116,$0.46,5,21,https://www.mappls.com/place-temple-iskcon+mandir+road-bankim+nagar-siliguri-west+bengal-734001-h6w156@zdata=MjYuNzI4NDIzKzg4LjQzNDYxNCsxNytoNncxNTYrKw==ed
3234,scope complex,22200,20,116,$0,10,28,https://www.mappls.com/k0wa7t
3235,yashoda hospital prescription,9900,21,89,$0,1,28,https://www.mappls.com/bt8t26
3236,yari road,22200,12,533,$0.55,9,27,"https://www.mappls.com/direction-from--to-,+yari+road+versova,+andheri+west,+mumbai,+maharashtra,+400061?@zdata=ZnJvbSsrdG8rNzIuODEyNzUsMTkuMTQyNTY0LDNCNzVDMit2aWE="
3237,new civil hospital surat,27100,7,693,$0.10,6,17,https://www.mappls.com/s22e36
3238,nearest cng petrol pump,27100,19,138,$0.02,1,15,https://www.mappls.com/cng%20station-near-me
3239,municipal corporation pune,27100,20,151,$0,1,22,https://www.mappls.com/place-pune+municipal+corporation-pmc+main+building-congress+house+road-shivaji+nagar-pune-maharashtra-411004-722YGV@zdata=MTguNTIzNTY2KzczLjg1MzQyNCsxNys3MjJZR1YrKw==ed
3240,rto ghaziabad,27100,36,56,$0.02,9,29,https://www.mappls.com/c3367d
3241,ramkrishna care hospitals,27100,17,138,$0.55,6,19,https://www.mappls.com/place-ram+krishna+care+hospital-ge+road-mukut+nagar-raipur-chhattisgarh-492001-GTXIYR@zdata=MjEuMjM4NzIxKzgxLjYxNTA1NCsxNytHVFhJWVIrK25yed
3242,purnea jn,27100,48,56,$0.15,3,24,https://www.mappls.com/e18fd1
3243,postal code for mohali,27100,18,138,$0,1,21,https://www.mappls.com/place-chandigarh+sector+65+sub+post+office-sector+65+phase+11-mohali-punjab-160062-hhgmje@zdata=MzAuNjc2MjIxKzc2Ljc0MjExNSsxNytoaGdtamUrKw==ed
3244,pincode of gachibowli,27100,52,56,$0,1,21,https://www.mappls.com/place-gachibowli+police+station-opposite+iit-gachibowli-hyderabad-telangana-500032-euga0j@zdata=MTcuNDQzNjE0Kzc4LjM1MzYxNSsxNytldWdhMGorKw==ed
3245,m s palya,27100,16,306,$0.04,9,19,https://www.mappls.com/p1z13x
3246,krishna janmabhoomi in mathura,27100,21,116,$0.04,5,21,https://www.mappls.com/l27o01
3247,mtdc boat club nashik,27100,30,56,$0.78,8,16,https://www.mappls.com/place-mtdc+boat+club-gangapur+road-mahadeopur-nashik-nashik+district-maharashtra-422203-FX3Q3F@zdata=MjAuMDUzNDM2KzczLjY3ODQ0OSsxNytGWDNRM0YrK25yed
3248,metro station yeshwanthpur,18100,28,56,$0.16,4,36,https://www.mappls.com/2zgkay
3249,dli station location,27100,15,203,$0.01,1,21,https://www.mappls.com/place-old+delhi+railway+station-shyama+prasad+mukherji+marg-near+chandni+chowk+metro+station-mori+gate-chandni+chowk-new+delhi-delhi-110006-BT56ES@zdata=MjguNjYwOTM1Kzc3LjIyNzc4MSsxNytCVDU2RVMrK25yed
3250,collectorate circle,27100,30,56,$0.12,6,16,https://www.mappls.com/place-collectorate+wp-collectorate+office+jaipur-sen+colony-bani+park-jaipur-rajasthan-302016-SA4O8K@zdata=MjYuOTI3MjYyNzg2Mis3NS43OTI0ODQzOTU2KzE3K1NBNE84Sysred
3251,city centre mall patna,27100,26,59,$0,1,13,https://www.mappls.com/place-lifestyle-ambuja+city+centre+mall-city+centre-patna+budh+marg-patna-bihar-800001-3uqhq2@zdata=MjUuNjE3NTc0Kzg1LjEzNTI2MisxNyszdXFocTIrKw==ed
3252,indira gandhi musical fountain,22200,32,56,$0.14,4,21,https://www.mappls.com/place-indira+gandhi+musical+fountain+park-opposite+jawahar+lal+nehru+planetarium-raj+bhavan+road-sampangi+rama+nagar-vasanth+nagar-bengaluru-karnataka-560001-543b64@zdata=MTIuOTg1MSs3Ny41OTE2KzE3KzU0M2I2NCsred
3253,ibis hyderabad,27100,31,56,$0.23,34,37,https://www.mappls.com/vq98rq
3254,hyderabad gachibowli pin code,27100,31,56,$0,1,13,https://www.mappls.com/place-gachibowli+police+station-opposite+iit-gachibowli-hyderabad-telangana-500032-euga0j@zdata=MTcuNDQzNjE0Kzc4LjM1MzYxNSsxNytldWdhMGorKw==ed
3255,hotel hyatt place gurgaon udyog vihar,27100,23,73,$0.70,15,35,https://www.mappls.com/mem6fk
3256,himalayan hospital,22200,19,151,$0.36,1,25,https://www.mappls.com/37dt78
3257,himachal bhawan,22200,26,62,$0.19,8,21,https://www.mappls.com/place-himachal+bhawan-27-sikandra+road-connaught+place-new+delhi-delhi-110001-9q475g@zdata=MjguNjI2MDk2Kzc3LjIzMzEzOCsxNys5cTQ3NWcrKw==ed
3258,gujarat gas cng,33100,20,151,$0.11,1,26,https://www.mappls.com/place-gujarat+gas+ltd+registered+office-gujarat+gas+cng+station-sector+5c-gandhinagar-gujarat-382006-sx3fel@zdata=MjMuMjE3MjQyKzcyLjYzMTI5MSsxNytzeDNmZWwrKw==ed
3259,bhakti circle,22200,14,306,$0,4,26,https://www.mappls.com/t90sux
3260,bestech business tower,27100,14,246,$0.11,5,23,https://www.mappls.com/wohgy5
3261,akshardham apartment,22200,31,56,$0.19,5,26,https://www.mappls.com/6srrc7
3262,ajmer revenue board,27100,22,73,$0,1,24,https://www.mappls.com/sgq4jb
3263,abu road train station,27100,37,56,$0.03,1,36,https://www.mappls.com/place-abu+road+railway+station-akara+bhatta+road-railway+colony-abu+road-rajasthan-307026-S5CFT3@zdata=MjQuNDgxMTE2KzcyLjc4NTE3KzE3K1M1Q0ZUMysrbnI=ed
3264,unity one mall janakpuri,9900,30,56,$0.20,8,19,https://www.mappls.com/place-unity+one-narang+colony-chander+nagar-janakpuri-new+delhi-delhi-110058-DNMZ8Q@zdata=MjguNjI4NTAyKzc3LjA3NjMyNysxNytETk1aOFErK25yed
3265,thane railway station east,27100,5,8238,$0,5,15,https://www.mappls.com/place-thane+railway+station+east-advocate+suryakant+vadhavkar+path-daulat+nagar-kopri-thane+east-thane-maharashtra-400603-ba5s33@zdata=MTkuMTg1NTI1KzcyLjk3NjIyMSsxNytiYTVzMzMrKw==ed
3266,solapur municipal corporation,27100,13,203,$0,1,21,https://www.mappls.com/place-solapur+municipal+corporation-railway+lines-siddeshwar+temple+area-solapur-maharashtra-413001-YJ4ERQ@zdata=MTcuNjY5NDMzKzc1LjkwMDQxNysxNytZSjRFUlErKw==ed
3267,janta nagar,27100,8,915,$0.09,4,19,https://www.mappls.com/zv1psg
3268,jammu to kashmir map,40500,38,56,$0.01,20,32,"https://www.mappls.com/direction-from--to-jammu+jammu,+jammu+&+kashmir,+180010+jammu,+be3cbf?@zdata=ZnJvbSsrdG8rNzQuODg1MjI3LDMyLjY2MTE5NCxiZTNjYmY7NzQuODg1MTMxLDMyLjY2MTA3OSxiZTNjYmYrdmlh"
3269,jaipur sms hospital,33100,27,73,$0.23,2,23,https://www.mappls.com/5qhg7d
3270,jagannath temple road,27100,53,56,$0.07,3,32,https://www.mappls.com/f3ta23
3271,inspection bungalow,22200,19,151,$0.27,1,21,https://www.mappls.com/place-inspection+bungalow-sector+7b-chandigarh-chandigarh-160019-cd2d6c@zdata=MzAuNzMyNzEzKzc2LjgwNjQwMSsxNytjZDJkNmMrKw==ed
3272,l a cinema,33100,26,62,$0,1,39,https://www.mappls.com/bd5b4c
3273,kirti nagar in delhi,27100,38,56,$0.15,3,20,https://www.mappls.com/place-kirti+nagar+market-kirti+nagar+market-kirti+nagar-new+delhi-delhi-110015-1OGGRJ@zdata=MjguNjUyNzkxKzc3LjE0MTk0OSsxNysxT0dHUkorKw==ed
3274,ntr complex vijayawada,22200,17,159,$0,1,19,https://www.mappls.com/place-ntr+bhawan-besant+road-vijayawada-andhra+pradesh-520002-XSD03B@zdata=MTYuNTA4NzIzKzgwLjYyNjc3NCsxNytYU0QwM0IrKw==ed
3275,nearest cng bunk,27100,21,116,$0.02,1,15,https://www.mappls.com/cng%20station-near-me
3276,near cng petrol pump,27100,31,56,$0.02,1,17,https://www.mappls.com/cng%20station-near-me
3277,meera bagh,27100,37,56,$0,5,28,"https://www.mappls.com/direction-from--to-meera+bhawan+block+a,+meera+bagh,+paschim+vihar,+new+delhi,+delhi,+110087+new+delhi?@zdata=ZnJvbSsrdG8rNzcuMDg4ODE4LDI4LjY1NzczLEJTNFNEMyt2aWE="
3278,marve beach in mumbai,27100,20,203,$0.20,4,20,https://www.mappls.com/place-marve+beach-malad+suburb-marve+village-malad+west-mumbai-maharashtra-400095-fe2ss7@zdata=MTkuMTk5MDE2KzcyLjc5NzUyNisxNytmZTJzczcrKw==ed
3279,maps location,27100,15,203,$0.02,1,27,https://www.mappls.com/
3280,magazine chowk,27100,8,915,$0.07,5,17,https://www.mappls.com/or21g5
3281,madhapur police station,22200,10,406,$0,14,24,https://www.mappls.com/place-police%20stations-near-sweet%20truth-madhapur-road%20number%2072-phase%203-kavuri%20hills-madhapur-hyderabad-telangana-500033-SRNDMU?@zdata=MTcuNDQzMDY2Kzc4LjM5NjkxNSsxNisrcG9saWNlIHN0YXRpb25zK2Vsed
3282,pushp vihar,27100,22,116,$0.44,4,28,https://www.mappls.com/31de44
3283,prakasam barrage vijayawada,33100,24,89,$0.09,2,41,https://www.mappls.com/c27cs2
3284,pondicherry bus stand,27100,12,533,$0.05,5,23,https://www.mappls.com/place-pondicherry+bus+stand-subaiya+nagar-pudupalaiyam-puducherry-605001-y91gsk@zdata=MTEuOTMyNjU0Kzc5LjgxNTU2NCsxNyt5OTFnc2srKw==ed
3285,gmc calicut,27100,43,56,$0.25,3,22,https://www.mappls.com/uu5oju
3286,farrukhabad junction,27100,21,151,$0.16,1,19,https://www.mappls.com/place-farrukhabad+junction+railway+station-devrampur-farrukhabad-uttar+pradesh-209625-81T4AS@zdata=MjcuMzgxNjE5Kzc5LjU3MjU3OSsxNys4MVQ0QVMrK25yed
3287,district court dwarka,12100,12,246,$0.16,4,18,https://www.mappls.com/place-dwarka+district+court-sector+10+dwarka-new+delhi-delhi-110075-adcff3@zdata=MjguNTgwNzkzKzc3LjA1OTI4MSsxNythZGNmZjMrKw==ed
3288,bandra to mount mary church,27100,74,56,$0.09,6,23,"https://www.mappls.com/direction-from--to-mount+mary+church,+st+marys+road,+bandra+west,+mumbai,+maharashtra,+400050??@zdata=ZnJvbSsrdG8rNzIuODIyMTgsMTkuMDQ2NDY0LEY4VkpGRyt2aWE="
3289,abu road railway station,27100,35,56,$0.03,1,19,https://www.mappls.com/place-abu+road+railway+station-akara+bhatta+road-railway+colony-abu+road-rajasthan-307026-S5CFT3@zdata=MjQuNDgxMTE2KzcyLjc4NTE3KzE3K1M1Q0ZUMysrbnI=ed
3290,abu railway station,27100,37,56,$0.03,1,21,https://www.mappls.com/place-abu+road+railway+station-akara+bhatta+road-railway+colony-abu+road-rajasthan-307026-S5CFT3@zdata=MjQuNDgxMTE2KzcyLjc4NTE3KzE3K1M1Q0ZUMysrbnI=ed
3291,dimapur railway station,22200,31,59,$0,1,20,https://www.mappls.com/place-dimapur+railway+station-civil+hospital+colony-dimapur-nagaland-797112-B436ES@zdata=MjUuOTA2NDgzKzkzLjcyODQ1OCsxNytCNDM2RVMrK25yed
3292,csoi vinay marg,9900,32,56,$0.16,6,16,https://www.mappls.com/place-civil+service+officers+institute-kasturba+gandhi+marg-new+delhi-delhi-110001-NT293O@zdata=MjguNjE5MTE4Kzc3LjIyNjcyNisxNytOVDI5M08rKw==ed
3293,cinepolis nexus shantiniketan,33100,13,203,$0.03,2,29,https://www.mappls.com/qgsxxw
3294,central pharmacy operations,27100,60,56,$0.17,1,16,https://www.mappls.com/place-central+pharmacy-shah+ali+banda+new+road-khil+wath-hyderabad-telangana-500002-571AGY@zdata=MTcuMzU0ODI0Kzc4LjQ3MTM3OSsxNys1NzFBR1krK25yed
3295,buddh international circuit greater noida,27100,37,56,$0.15,1,33,https://www.mappls.com/5ldlgn
3296,bruhat bengaluru mahanagara palike bbmp,22200,50,56,$0.15,5,25,https://www.mappls.com/8sy0tg
3297,shree chintamani vinayaka temple theur,33100,74,56,$0.08,5,18,https://www.mappls.com/place-ashtavinayaka+chintamani+temple+theur-haveli-pune+district-maharashtra-412110-487CF3@zdata=MTguNTIzODM0Kzc0LjA0NjQ0MisxNys0ODdDRjMrKw==ed
3298,shapoorji pallonji sukhobrishti complex road,27100,20,89,$0.09,4,18,https://www.mappls.com/dzggvq
3299,secretariat delhi government,27100,19,116,$0.13,4,36,https://www.mappls.com/place-central+secretariat-rajpath-north+block-new+delhi-delhi-110001-BTCDE6@zdata=MjguNjE1NzcrNzcuMjA1MDUxKzE3K0JUQ0RFNisred
3300,sarai rohilla railway station parking,40500,8,1270,$0.11,5,20,"https://www.mappls.com/place-parking-near-sarai+rohilla+railway+station+parking,+sarai+rohilla+railway+station,+new+delhi,+delhi,+110005,+e6po5u?@zdata=MjguNjYyMzAyKzc3LjE4NjIyKzE3KytwYXJraW5nK2Vsed"
3301,revenue board ajmer rajasthan,27100,19,116,$0,1,22,https://www.mappls.com/sgq4jb
3302,rajasthan revenue board,27100,28,56,$0,1,21,https://www.mappls.com/sgq4jb
3303,pkl bus stand,27100,15,406,$0.08,6,28,https://www.mappls.com/place-bus+stand+panchkula-sector+5-panchkula-haryana-134109-YJ0O0D@zdata=MzAuNjkyMjMrNzYuODUyNDkzKzE3K1lKME8wRCsrbnI=ed
3304,the stone chariot hampi,27100,24,73,$0.02,1,15,https://www.mappls.com/asd6e8
3305,sri kalyana venkateswara swamy temple,14800,46,56,$0.14,3,24,https://www.mappls.com/q8f2lw
3306,sonipat junction,27100,24,65,$0,4,28,https://www.mappls.com/place-sonipat+junction+railway+station-indira+colony-sonipat-haryana-131001-8A3D38@zdata=MjguOTg5ODQ5Kzc3LjAxNzA4MysxNys4QTNEMzgrK25yed
3307,yes minister bowling bar & kitchen,22200,43,56,$0.26,9,14,https://www.mappls.com/place-yes+minister+pub+&+kitchen-essex+farms-4-adchini-aurobindo+marg-new+delhi-delhi-110016-E7C6M2@zdata=MjguNTQzODM0Kzc3LjIwMTMwNSsxNytFN0M2TTIrK25yed
3308,vijayawada prakasam barrage,33100,25,73,$0.21,3,21,https://www.mappls.com/c27cs2
3309,vijay nagar police station,27100,8,1785,$0.13,6,17,https://www.mappls.com/place-vijay+nagar+police+station-sh+39-baral-rajasthan-305624-B6945C@zdata=MjUuOTIyNDczKzc0LjYzMTAyMisxNytCNjk0NUMrK25yed
3310,manthani village,33100,76,56,$0,1,18,https://www.mappls.com/place-manthani+temple-manthani-peddapalli+district-telangana-505184-g6w60g@zdata=MTguNjUyMDU3Kzc5LjY2MDkzMysxNytnNnc2MGcrKw==ed
3311,mansarovar plaza jaipur,22200,21,138,$0,9,22,https://www.mappls.com/place-puma-mansarovar-ground+floor-mansarovar+plaza-mansarovar-jaipur-rajasthan-302020-283pwj@zdata=MjYuODU0MjQ3Kzc1Ljc2Njg2NisxNysyODNwd2orKw==ed
3312,kurukshetra junction,18100,18,138,$0,2,24,https://www.mappls.com/place-kurukshetra+junction+railway+station-railway+road-kurukshetra-haryana-136118-225CT1@zdata=MjkuOTY5NDgrNzYuODUyMTgrMTcrMjI1Q1QxKytucg==ed
3313,krishna nagar railway station,27100,24,89,$0.05,1,20,https://www.mappls.com/place-shri+krishna+nagar+railway+station-badlapur-jaunpur+district-uttar+pradesh-222125-FBSB2A@zdata=MjUuODg0NzE3KzgyLjQ0ODQwNCsxNytGQlNCMkErK25yed
3314,krishna janmabhoomi,27100,34,56,$0,5,28,https://www.mappls.com/l27o01
3315,jayanagar 9th block,27100,23,89,$0.47,7,24,https://www.mappls.com/mt5tx4
3316,jadavpur 8b bus terminus,27100,6,1785,$0.10,4,25,https://www.mappls.com/place-jadavpur+8b+bus+depot-raja+subodh+chandra+mallick+road-jadavpur-kolkata-west+bengal-700032-ts63et@zdata=MjIuNDk1NjQ4Kzg4LjM3MDYzOCsxNyt0czYzZXQrKw==ed
3317,indore nanda nagar,27100,19,151,$0.13,5,19,https://www.mappls.com/place-government+hss+nanda+nagar-pardeshipura+colony-indore-madhya+pradesh-452011-w06ldm@zdata=MjIuNzQ3NzIzKzc1Ljg3NTExNisxNyt3MDZsZG0rKw==ed
3318,patna p m c h hospital,27100,17,306,$0.08,3,20,https://www.mappls.com/8gogb3
3319,ngos colony hyderabad,2900,9,915,$0,2,14,https://www.mappls.com/place-ngo+colony+bus+stop-ngo+colony-vanasthalipuram-hyderabad-telangana-500070-11MVYO@zdata=MTcuMzI1MDk3Kzc4LjU2NjYyMisxNysxMU1WWU8rK25yed
3320,narkatiaganj junction,9900,26,59,$0,1,19,https://www.mappls.com/place-narkatiaganj+junction+railway+station-railway+canteen+road-narkatiaganj-bihar-845455-3e61ba@zdata=MjcuMTA0Nzc2Kzg0LjQ2MzM2KzE3KzNlNjFiYSsred
3321,municipal corporation solapur,27100,12,306,$0,1,21,https://www.mappls.com/place-solapur+municipal+corporation-railway+lines-siddeshwar+temple+area-solapur-maharashtra-413001-YJ4ERQ@zdata=MTcuNjY5NDMzKzc1LjkwMDQxNysxNytZSjRFUlErKw==ed
3322,mint chennai,27100,18,159,$0.11,4,22,https://www.mappls.com/place-mint+tower-mint+street-park+town-chennai-tamil+nadu-600003-fe2s8s@zdata=MTMuMDg1MzU4KzgwLjI3ODE5NCsxNytmZTJzOHMrKw==ed
3323,marve beach mumbai,27100,19,159,$0.20,4,20,https://www.mappls.com/place-marve+beach-malad+suburb-marve+village-malad+west-mumbai-maharashtra-400095-fe2ss7@zdata=MTkuMTk5MDE2KzcyLjc5NzUyNisxNytmZTJzczcrKw==ed
3324,dada dev,27100,31,59,$0.14,4,19,https://www.mappls.com/place-dada+dev+mandir-todapur-new+delhi-delhi-110012-d9z97s@zdata=MjguNjIyMDA5Kzc3LjE1ODg0MysxNytkOXo5N3MrKw==ed
3325,cross river mall,60500,21,89,$0,3,32,https://www.mappls.com/place-cinepolis-shahdara-second+floor-cross+river+mall-plot+no+9b+and+9c-cbd+ground-vishwas+nagar+extension-vishwas+nagar-maharaja+surajmal+marg-shahdara-new+delhi-delhi-110032-7c81bd@zdata=MjguNjU2ODE2Kzc3LjMwMTk2OCsxNys3YzgxYmQrKw==ed
3326,club babylon,27100,17,246,$0,6,28,https://www.mappls.com/1odmsv
3327,ibis hosur road,27100,21,89,$0.29,20,28,https://www.mappls.com/rd4zux
3328,hathras station,27100,27,73,$0.04,1,29,https://www.mappls.com/place-new+hathras+junction+railway+station-hathras-hathras+district-uttar+pradesh-204101-dt6i4r@zdata=MjcuNTUzNDA4Kzc4LjE0OTY5OSsxNytkdDZpNHIrKw==ed
3329,gail cng,27100,21,116,$0.19,3,17,https://www.mappls.com/place-gail+gas+cng+station-mahadevpura-mahadevpura-service+road-narayanapura-bengaluru-karnataka-560016-F4MOKX@zdata=MTIuOTk0NDI5Kzc3LjY4NDU3NysxNytGNE1PS1grK25yed
3330,gachibowli pincode hyderabad,27100,32,56,$0,1,21,https://www.mappls.com/place-gachibowli+police+station-opposite+iit-gachibowli-hyderabad-telangana-500032-euga0j@zdata=MTcuNDQzNjE0Kzc4LjM1MzYxNSsxNytldWdhMGorKw==ed
3331,gachibowli lemon tree hotel,27100,51,56,$0.42,28,27,https://www.mappls.com/g1fqwf
3332,barshi india,27100,35,56,$0,1,17,"https://www.mappls.com/direction-from--to-+barshi,+solapur+district,+maharashtra,+413402?@zdata=ZnJvbSsrdG8rNzUuOTI3NjIsMTguMDE0MzUyLDJGWDg5Tyt2aWE="
3333,bangalore distance,22200,28,56,$0,1,24,https://www.mappls.com/direction-from--to-Bengaluru;Bangalore@Zdata=ZnJvbSsrdG8rNzcuNDYyMzEsMTMuMDYyMjYxK3ZpYQ==
3334,auto stand,27100,18,246,$0.04,2,42,https://www.mappls.com/place-auto+stand-parvatha+nagar+main+road-megha+hills-madhapur-hyderabad-telangana-500081-5K0R47@zdata=MTcuNDQxNTM5Kzc4LjM5Mjg0MysxNys1SzBSNDcrK25yed
3335,ashram metro station delhi,22200,13,246,$0.13,3,17,https://www.mappls.com/place-ashram+metro+station-ring+road-maharani+bagh-new+delhi-delhi-110065-3F7F9C@zdata=MjguNTcyNDc4Kzc3LjI1ODkyNSsxNyszRjdGOUMrK25yed
3336,bls railway station,27100,40,56,$0.09,2,26,https://www.mappls.com/place-balasore+railway+station-railway+colony-baleswar-odisha-756001-a7e8be@zdata=MjEuNTAwMjUyKzg2LjkyMDExOCsxNythN2U4YmUrKw==ed
3337,bhilai steel plant,27100,22,138,$0,1,21,https://www.mappls.com/f1why4
3338,chungi chauraha,9900,8,1785,$0.11,3,27,https://www.mappls.com/place-hapur+chungi+chauraha-block+sa-shastri+nagar-ghaziabad-uttar+pradesh-201002-1bbozh@zdata=MjguNjc0MSs3Ny40NTU0MjcrMTcrMWJib3poKys=ed
3339,chandni chowk car parking,27100,28,56,$0,3,14,https://www.mappls.com/place-ndmc+parking-azad+market+road-dangal+maidan-mahatma+gandhi+park-chandni+chowk+area-opposite+old+delhi+railway+station-new+delhi-delhi-110006-TE4T16@zdata=MjguNjU5NDc3Kzc3LjIyNjUwOSsxNytURTRUMTYrK25yed
3340,cghs dispensary,27100,15,306,$0,4,28,https://www.mappls.com/bapkws
3341,capital park,27100,37,56,$0.08,1,18,https://www.mappls.com/place-capital+park+residency-kazhakuttam+menamkulam+road-kazhakuttom-thiruvananthapuram-kerala-695582-UH43F9@zdata=OC41Njg1MzAwMDAwMDAxKzc2Ljg3MzAwMSsxNytVSDQzRjkrK25yed
3342,bus stop nashik,27100,23,116,$0.06,5,18,https://www.mappls.com/place-bus+stop-pathardi+phata+road-van+vaibhav+colony-indira+nagar-nashik-maharashtra-422009-yhusaf@zdata=MTkuOTY0MjM5KzczLjc3OTIxNisxNyt5aHVzYWYrKw==ed
3343,noor mosque,27100,67,56,$0.37,1,23,https://www.mappls.com/22s6fd
3344,mumbai borivali national park,22200,28,59,$0.03,1,37,https://www.mappls.com/2t27dc
3345,mewat dhaba,27100,7,4390,$0.05,1,19,https://www.mappls.com/place-mewat+dhaba-jhajjar+rewari+road-jhajjar-jhajjar+district-haryana-124108-C5AT7F@zdata=MjguNDE3ODUzKzc2LjY1NTMzNCsxNytDNUFUN0YrK25yed
3346,m block market gk 1,27100,8,1270,$0.04,1,27,https://www.mappls.com/t001ny
3347,west rohini metro station,27100,31,56,$0.04,4,17,https://www.mappls.com/4da4da
3348,vijayawada besant road,27100,12,533,$0.18,5,20,"https://www.mappls.com/direction-from--to-,+besant+road,+vijayawada,+andhra+pradesh,+520002?@zdata=ZnJvbSsrdG8rODAuNjI2NTUzLDE2LjUwODExNyxNSU1ZUE0rdmlh"
3349,vaibhav theatre bangalore,27100,24,62,$0.06,1,21,https://www.mappls.com/2335bs
3350,prithvi theatre in mumbai,27100,21,73,$0.13,4,44,https://www.mappls.com/place-prithvi+theatre-20-janki+kutir-juhu+church+road+juhu-near+vaishali+apartments-western+suburbs-mumbai-maharashtra-400049-67AFBA@zdata=MTkuMTA2MTg0KzcyLjgyNTY1OSsxNys2N0FGQkErK25yed
3351,phase 5,27100,8,1270,$0.18,4,38,https://www.mappls.com/8b32fe
3352,patna buddha park,22200,24,116,$0.19,3,23,https://www.mappls.com/place-buddha+smriti+park-patliputra+karuna+stupa-fraser+road-near+patna+railway+station+patna+junction-patna-bihar-800001-ttwrks@zdata=MjUuNjA3MzE1Kzg1LjEzNjMxMysxNyt0dHdya3MrKw==ed
3353,nitin company,22200,11,915,$0,7,27,https://www.mappls.com/place-nitin+company-wakil+almeda+marg-namdeo+vadi-panch+pakhadi-thane+west-thane-maharashtra-400602-l5ulzo@zdata=MTkuMTk4OTIxKzcyLjk2NDY0NisxNytsNXVsem8rKw==ed
3354,shreyas hotel pune,27100,22,73,$0.15,14,26,https://www.mappls.com/12hn4e
3355,sacred heart basilica,8100,53,56,$0.15,15,36,https://www.mappls.com/c72712
3356,jaisalmer railway station,22200,24,89,$0.03,2,20,https://www.mappls.com/place-jaisalmer+railway+station-gandhi+nagar-jaisalmer-rajasthan-345001-5E8462@zdata=MjYuOTE1MDc1KzcwLjkyNjY4MysxNys1RTg0NjIrK25yed
3357,iskcon siliguri,22200,36,56,$0,12,28,https://www.mappls.com/place-temple-iskcon+mandir+road-bankim+nagar-siliguri-west+bengal-734001-h6w156@zdata=MjYuNzI4NDIzKzg4LjQzNDYxNCsxNytoNncxNTYrKw==ed
3358,ibis gurgaon hotel,27100,23,65,$0.64,21,24,https://www.mappls.com/place-ibis+gurgaon+golf+course+road-block+1+sector+53-golf+course+road-gurugram-haryana-122002-F53T35@zdata=MjguNDQ2Nzg0Kzc3LjA5OTY4MysxNytGNTNUMzUrK25yed
3359,haryana mewat dhaba,27100,5,2636,$0.03,1,18,https://www.mappls.com/place-haryana+mewat+dhaba-mangrol-surat+district-gujarat-394110-JJOG6F@zdata=MjEuNDE1MjI4KzcyLjk2NTg5MysxNytKSk9HNkYrK25yed
3360,krishna tower,27100,8,1785,$0.11,3,19,https://www.mappls.com/place-krishna+tower-prmt+chauraha-civil+line-kanpur-uttar+pradesh-208001-IWP373@zdata=MjYuNDgxNDI5KzgwLjM0NTU5OCsxNytJV1AzNzMrK25yed
3361,kart attack,27100,28,59,$0.23,5,23,https://www.mappls.com/place-kart+attack-101-east+coast+road-akkarai-panaiyur-chennai-tamil+nadu-600119-4C74T4@zdata=MTIuODk2MTExKzgwLjI0NTgzMysxNys0Qzc0VDQrK25yed
3362,k r puram market,27100,11,915,$0.04,2,29,https://www.mappls.com/place-kr+puram+vegetable+market+parking-kr+puram+vegetable+market-next+to+syndicate+bank-bengaluru-karnataka-560036-32BKF0@zdata=MTMuMDA4MDU1Kzc3LjY5NDkzMSsxNyszMkJLRjArK25yed
3363,e c h s polyclinic,27100,90,56,$0.12,4,16,https://www.mappls.com/place-echs+polyclinic-lodhi+road-new+delhi-delhi-110003-54QZ82@zdata=MjguNTg3OTc1Kzc3LjIzMDExKzE3KzU0UVo4MisrbnI=ed
3364,dev technical campus,27100,9,533,$0,3,22,https://www.mappls.com/f3t700
3365,dev nagar,27100,19,138,$0.11,3,18,https://www.mappls.com/6oxicr
3366,delhi railway station dli,27100,70,56,$0.01,1,19,https://www.mappls.com/6d3s13
3367,deccan gymkhana bus stop,33100,13,406,$0,6,16,https://www.mappls.com/place-bus+stop-bhandarkar+road-deccan+gymkhana-pune-maharashtra-411004-5ssf1t@zdata=MTguNTE4MTIxKzczLjgzNTY1KzE3KzVzc2YxdCsrbnI=ed
3368,coimbatore ukkadam,27100,41,56,$0,3,27,https://www.mappls.com/place-ukkadam+bus+terminal-east+oppanakara+street+area-coimbatore-tamil+nadu-641001-4td683@zdata=MTAuOTg4MzI1Kzc2Ljk2MTgyOCsxNys0dGQ2ODMrK25yed
3369,civil services officers institute vinay marg,27100,34,56,$0.09,3,15,https://www.mappls.com/place-civil+service+officers+institute-kasturba+gandhi+marg-new+delhi-delhi-110001-NT293O@zdata=MjguNjE5MTE4Kzc3LjIyNjcyNisxNytOVDI5M08rKw==ed
3370,city bus stand mysore,27100,40,56,$0,6,15,https://www.mappls.com/g6wjvf
3371,golf links,27100,49,56,$0.17,4,28,https://www.mappls.com/place-trivandrum+golf+club-golf+links+road-opposite+kowdiar+palace-thiruvananthapuram-kerala-695003-B6UNFQ@zdata=OC41MjIyMjIwMDAwMDAxKzc2Ljk2NjM4OSsxNytCNlVORlErK25yed
3372,gachibowli hyderabad pincode,27100,45,56,$0,1,21,"https://www.mappls.com/direction-from--to-hyderabad+new+pjr+nagar,+gachibowli,+hyderabad,+telangana,+500032+hyderabad?@zdata=ZnJvbSsrdG8rNzguMzY0OTAxLDE3LjQ0MjA2NSxBTjhQRFQrdmlh"
3373,flipkart warehouse,27100,19,138,$0.03,2,27,https://www.mappls.com/1frljq
3374,bawal india,22200,67,56,$0,1,25,https://www.mappls.com/2a6eb1
3375,anantapur bus stand,22200,7,2636,$0.24,2,20,https://www.mappls.com/place-anantapur+apsrtc+bus+stand-khaja+nagar-srinivas+nagar-ananthapuramu-andhra+pradesh-515001-1KUX5H@zdata=MTQuNjg1NDEzKzc3LjYwMDM0MisxNysxS1VYNUgrK25yed
3376,alappuzha railway station,22200,33,56,$0,3,20,https://www.mappls.com/place-alappuzha+railway+station-kunnupuram-alappuzha-kerala-688012-adftaf@zdata=OS40ODQ2MzcrNzYuMzIyMjE1KzE3K2FkZnRhZisred
3377,adani cng stations,22200,12,406,$0.36,1,16,https://www.mappls.com/place-adani+gas+cng+station-bakrol-indian+oil+petrol+pump-200+feet+sp+ring+road-near+toll+plaza-bakrol-ahmedabad-gujarat-382210-FEMV68@zdata=MjIuOTM1MTc3KzcyLjUyMDk3NisxNytGRU1WNjgrK25yed
3378,9th block jayanagar,27100,20,138,$0.12,5,23,https://www.mappls.com/mt5tx4
3379,board of revenue for rajasthan,27100,19,89,$0,1,21,https://www.mappls.com/sgq4jb
3380,bhilai steel plant chhattisgarh,27100,28,56,$0.12,1,37,https://www.mappls.com/f1why4
3381,steel plant bhilai,27100,26,65,$0.08,1,33,https://www.mappls.com/f1why4
3382,sobo center,27100,11,306,$0.09,6,18,https://www.mappls.com/place-gala+sobo+shopping+centre-near+gala+aria-gymkhana+road-south+bopal-ahmedabad-gujarat-380057-KRGUVZ@zdata=MjMuMDE3MjQyKzcyLjQ3NTU2OSsxNytLUkdVVlorK25yed
3383,secunderabad west metro station,27100,10,693,$0,3,14,https://www.mappls.com/place-secunderabad+west+metro+station-secunderabad+railway+station+area-secunderabad-telangana-500003-HN3I8Z@zdata=MTcuNDMzODMrNzguNDk5NCsxNytITjNJOForK25yed
3384,svp hospital,22200,15,203,$0,7,27,https://www.mappls.com/6ck2cl
3385,state bank of india cdm machine near me,27100,10,915,$0.07,1,18,https://www.mappls.com/place-state+bank+of+india+cash+deposit+machine-station+road-dolamandap-puri-odisha-752001-BQQDFR@zdata=MTkuODA0NDcyKzg1LjgzMzA1NSsxNytCUVFERlIrK25yed
3386,sikar road,27100,18,151,$0.22,1,27,"https://www.mappls.com/direction-from--to-jaipur+road+no+2,+sikar+road,+murlipura,+jaipur,+rajasthan,+302013+jaipur?@zdata=ZnJvbSsrdG8rNzUuNzcyMTQyLDI2Ljk3NDgwNSxXM0ZKTkgrdmlh"
3387,shri shiva temple,27100,17,306,$0.11,3,25,https://www.mappls.com/place-sri+shiva+temple-ramamurthy+nagar+main+road-dodda+bansawadi-bengaluru-karnataka-560043-1X01DC@zdata=MTMuMDE1MDc1Kzc3LjY1MzMwNisxNysxWDAxREMrKw==ed
3388,vivek nagar,27100,42,56,$0,14,31,https://www.mappls.com/place-viveknagar+bus+stand-4th+main+road-viveka+nagar-bengaluru-karnataka-560047-BYXGMH@zdata=MTIuOTU0MzI4Kzc3LjYyMjcyNysxNytCWVhHTUgrK25yed
3389,rto in ghaziabad,27100,30,56,$0.10,6,17,https://www.mappls.com/c3367d
3390,road number 4,27100,3,4390,$0.14,4,22,"https://www.mappls.com/direction-from--to-hyderabad+road+number+4,+road+no+4,+banjara+hills,+hyderabad,+telangana,+500034+hyderabad,+8sb374?@zdata=ZnJvbSsrdG8rNzguNDQwNzIyLDE3LjQyMDcwOSw4c2IzNzQ7NzguNDQwODk5LDE3LjQyMDcyMiw4c2IzNzQrdmlh"
3391,river cross mall,27100,11,406,$0.19,1,21,https://www.mappls.com/place-cross+river+mall-plot+no+9b+and+9c-cbd+ground-vishwas+nagar+extension-vishwas+nagar-maharaja+surajmal+marg-shahdara-new+delhi-delhi-110032-a8as76@zdata=MjguNjU3NDcyKzc3LjMwMjM4KzE3K2E4YXM3Nisred
3392,ramakrishna theatre in hyderabad,27100,26,56,$0.13,3,23,https://www.mappls.com/place-mukta+a2+cinemas-hyderabad-ramakrishna+35mm-jn+road-troop+bazaar-abids-hyderabad-telangana-500001-L5WJUJ@zdata=MTcuMzg1ODMrNzguNDc3MTcrMTcrTDVXSlVKKytucg==ed
3393,pwc uv office,33100,27,56,$0.16,3,30,https://www.mappls.com/place-pwc+udyog+vihar-price+water+house+coopers+pvt+3rd+and+5th+floor-novus+tower+plot+18+udyog+vihar+phase+iv+sec+18-dlf+cyber+city-dlf+city+phase+2-gurugram-haryana-122002-T4DMDS@zdata=MjguNDk0MzUxMDc0NCs3Ny4wODg2NTcwOTU2KzE3K1Q0RE1EUysrbnI=ed
3394,pin code of gachibowli,27100,56,56,$0,1,19,https://www.mappls.com/place-gachibowli+police+station-opposite+iit-gachibowli-hyderabad-telangana-500032-euga0j@zdata=MTcuNDQzNjE0Kzc4LjM1MzYxNSsxNytldWdhMGorKw==ed
3395,petrol pumps nearby near me,27100,12,533,$0.01,1,19,https://www.mappls.com/search-near-Petrol%20Pump@zdata=NzkuMjUxMTU3LDI4LjIxNTE1MQ==
3396,hotel lemon tree hyderabad gachibowli,27100,53,56,$0.47,30,29,https://www.mappls.com/g1fqwf
3397,hospital road,27100,11,406,$0.21,3,22,https://www.mappls.com/place-forbesganj+hospital+road-forbesganj-bihar-854318-91VW1V@zdata=MjYuMjk5Mjc0Kzg3LjI2NjYxMisxNys5MVZXMVYrKw==ed
3398,gulbarga university location,27100,19,116,$0.06,1,23,https://www.mappls.com/place-gulbarga+university+bus+stand-gulbarga+university-kalagnoor-kalaburagi-karnataka-585106-XZ9E6Q@zdata=MTcuMzExNDIrNzYuODc2NjI3KzE3K1haOUU2USsrbnI=ed
3399,gaya international airport,27100,78,56,$0.05,2,31,https://www.mappls.com/4fk6g8
3400,lucknow nagar nigam,27100,20,116,$0,1,36,https://www.mappls.com/p9163l
3401,kishangarh bas,27100,75,56,$0,1,26,https://www.mappls.com/place-kishangarh+bas+police+station-kishangarh+khairthal+tijara-rajasthan-301405-KNICZP@zdata=MjcuODE3NjQ5Kzc2LjcyODMyMysxNytLTklDWlArK25yed
3402,jai hind kolkata,27100,31,56,$0.05,4,21,https://www.mappls.com/place-jai+hind+dhaba-kolkata+kharagpur+highway-uluberia-west+bengal-711316-zao1d3@zdata=MjIuNDkzODIrODguMTE5NDQ3KzE3K3phbzFkMysred
3403,indraprastha park new delhi delhi,33100,31,56,$0.09,2,26,https://www.mappls.com/zmm7b5
3404,ibis navi mumbai,22200,25,62,$0.21,28,28,https://www.mappls.com/tdr27g
3405,hyderabad fernandez hospital,27100,18,203,$0.30,14,24,https://www.mappls.com/6tj2s8
3406,hyatt gurgaon udyog vihar,27100,23,65,$5.72,20,20,https://www.mappls.com/mem6fk
3407,nihal singh wala,27100,19,151,$0,1,21,"https://www.mappls.com/direction-from--to-nihal+singh+wala+bus+stand,+nihal+singh+wala+road,+nihal+singhwala,+moga+district,+punjab,+142055?@zdata=ZnJvbSsrdG8rNzUuMjc5MTI2LDMwLjU5MTEwNyxRTkZLTTYrdmlh"
3408,near cng bunk near me,27100,18,151,$0.03,1,15,https://www.mappls.com/cng%20station-near-me
3409,nashik station,27100,27,73,$0.08,1,27,https://www.mappls.com/place-nashik+road+railway+station-rajwada+nagar-deolali-nashik-maharashtra-422401-CES626@zdata=MTkuOTQ3OTIzKzczLjg0MjExNysxNytDRVM2MjYrK25yed
3410,nagda jn,27100,23,73,$0,1,20,https://www.mappls.com/place-nagda+junction+railway+station-kilkipura+juna-nagda-madhya+pradesh-456335-2f54d5@zdata=MjMuNDU2MzEyKzc1LjQxMjczMysxNysyZjU0ZDUrKw==ed
3411,mount mary church mumbai,9900,32,56,$0.06,3,28,https://www.mappls.com/f8vjfg
3412,mewat hotel,27100,12,693,$0.07,1,20,https://www.mappls.com/place-mewat+hotel-delhi+alwar+road-nagina-nuh+district-haryana-122108-JOKOJ9@zdata=MjcuOTc1ODg2Kzc3LjAwOTk3OCsxNytKT0tPSjkrK25yed
3413,bhilai steel,27100,19,151,$0.08,1,32,https://www.mappls.com/f1why4
3414,baragaon,27100,29,59,$0,1,39,https://www.mappls.com/place-badagaon+police+station-bara+gaon-uttar+pradesh-284121-O5UZ6G@zdata=MjUuNDc3NDQ1Kzc4LjcwMzgzMSsxNytPNVVaNkcrK25yed
3415,chunni kalan,22200,15,306,$0.36,3,11,https://www.mappls.com/8iii5y
3416,cotton green,22200,19,151,$0,4,26,https://www.mappls.com/place-kalachowki+railway+station+west-sewri-barrister+nath+pai+marg-cotton+green-mumbai-maharashtra-400033-4725da@zdata=MTguOTg3MzY3KzcyLjg0NDE4NysxNys0NzI1ZGErKw==ed
3417,m s ramaiah,27100,22,73,$0.57,18,41,https://www.mappls.com/bc156a
3418,kuber nagar,22200,33,56,$0,9,27,https://www.mappls.com/41b747
3419,maharashtra transport,33100,43,56,$0.52,1,27,https://www.mappls.com/oli3qz
3420,park pioneer,27100,19,151,$0.25,5,19,https://www.mappls.com/place-pioneer+park-pioneer+park-noapara-barasat-west+bengal-700124-MM2893@zdata=MjIuNzIzMzg4Kzg4LjQ3OTgxOCsxNytNTTI4OTMrK25yed
3421,nasik railway station,27100,40,56,$0.06,1,24,https://www.mappls.com/place-nashik+road+railway+station-rajwada+nagar-deolali-nashik-maharashtra-422401-CES626@zdata=MTkuOTQ3OTIzKzczLjg0MjExNysxNytDRVM2MjYrK25yed
3422,najafgarh metro station,22200,30,56,$0,2,20,https://www.mappls.com/place-najafgarh+metro+station-najafgarh+road-najafgarh-new+delhi-delhi-110043-wpfaht@zdata=MjguNjEyOTIrNzYuOTg2MzE1KzE3K3dwZmFodCsred
3423,mumbai marve beach,27100,29,62,$0.13,4,22,"https://www.mappls.com/direction-from--to-marve+beach,+marve+village,+malad+west,+mumbai,+maharashtra,+400095?@zdata=ZnJvbSsrdG8rNzIuNzk3ODI0LDE5LjE5ODk4MyxGRTJTUzcrdmlh"
3424,mirza ismail road,27100,25,65,$0,6,23,"https://www.mappls.com/direction-from--to-niros+mirza+ismail+road,+panch+batti+jaipur?@zdata=ZnJvbSsrdG8rNzUuODExMzk3LDI2LjkxNjQyNywxNTg2OEQrdmlh"
3425,metro plaza,22200,30,62,$0,4,26,https://www.mappls.com/place-metro+plaza-delhi+road-devpuri-meerut-uttar+pradesh-250002-D4EF4C@zdata=MjguOTc0MDMyKzc3LjY5MTMxNSsxNytENEVGNEMrK25yed
3426,siddhivinayak temple dadar mumbai,27100,35,56,$0.02,2,30,https://www.mappls.com/place-shree+siddhivinayak+mandir+prabhadevi-sk+bole+marg-prabhadevi-mumbai-maharashtra-400028-8W93DZ@zdata=MTkuMDE2OTY0KzcyLjgzMDM1MSsxNys4VzkzRForKw==ed
3427,shri gajanan maharaj sansthan shegaon,27100,14,246,$0,1,13,https://www.mappls.com/hz9iyq
3428,sapna book house near me,22200,18,159,$0,1,12,https://www.mappls.com/g8xb4x
3429,sai baba temple road,22200,22,89,$0.17,5,19,https://www.mappls.com/znov9u
3430,s m s hospital jaipur,27100,19,151,$0.04,5,22,https://www.mappls.com/5qhg7d
3431,ring road ranchi,22200,14,406,$0,4,21,"https://www.mappls.com/direction-from--to-+outer+ring+road,+kanke,+ranchi+district,+jharkhand,+834006?@zdata=ZnJvbSsrdG8rODUuMjgyMzQ1LDIzLjQ1MzAzNSwzT0sxTkwrdmlh"
3432,rana pratap bagh,27100,19,151,$0.05,5,23,https://www.mappls.com/5w5dgw
3433,pune municipal corporation,27100,17,203,$0,3,22,https://www.mappls.com/place-pune+municipal+corporation-pmc+main+building-congress+house+road-shivaji+nagar-pune-maharashtra-411004-722YGV@zdata=MTguNTIzNTY2KzczLjg1MzQyNCsxNys3MjJZR1YrKw==ed
3434,pincode gachibowli,27100,51,56,$0,1,21,https://www.mappls.com/place-gachibowli+police+station-opposite+iit-gachibowli-hyderabad-telangana-500032-euga0j@zdata=MTcuNDQzNjE0Kzc4LjM1MzYxNSsxNytldWdhMGorKw==ed
3435,tmb atm,12100,9,1270,$0,1,17,https://www.mappls.com/place-tamilnad+mercantile+bank+atm-door+no+106-18th+main+road-hal+stage+2-indiranagar-bengaluru-karnataka-560008-8QBBLF@zdata=MTIuOTYyNTM2Kzc3LjY0MzI2NCsxNys4UUJCTEYrK25yed
3436,tau devi lal cricket stadium,33100,16,306,$0.07,6,19,https://www.mappls.com/6623s7
3437,tata railway station,27100,39,56,$0.11,2,21,https://www.mappls.com/place-tatanagar+railway+station-station+road-jugsala-jamshedpur-jharkhand-831002-78F6D2@zdata=MjIuNzY4MzA3Kzg2LjIwMDI1NysxNys3OEY2RDIrK25yed
3438,taj krishna,22200,30,56,$0.14,41,37,https://www.mappls.com/place-taj+krishna+hyderabad-road+number+1-banjara+hills-mada+manzil-hyderabad-telangana-500034-51f773@zdata=MTcuNDE2NjQxKzc4LjQ0OTU1NCsxNys1MWY3NzMrKw==ed
3439,somnath near railway station,14800,44,56,$0.06,1,9,https://www.mappls.com/place-somnath+railway+station-somnath-gujarat-362268-723FB5@zdata=MjAuODk3OTU2KzcwLjQwNzU3MysxNys3MjNGQjUrKw==ed
3440,iit bombay main gate,49500,30,59,$0,15,24,"https://www.mappls.com/direction-from--to-iit+bombay+powai,+main+gate+rd,+iit+area,+indian+institute+of+technology,+powai,+mumbai,+maharashtra,+400076,+s31b0a?@zdata=ZnJvbSsrdG8rNzIuOTE1MzI3ODQyOCwxOS4xMzI5MzA5NjcxLHMzMWIwYTs3Mi45MTUzMjc4NDI4LDE5LjEzMjkzMDk2NzEsczMxYjBhK3ZpYQ=="
3441,hsbc east campus,27100,5,1785,$1.51,10,25,https://www.mappls.com/place-hsbc+bank-campus+1a-rmz+ecospace+business+park-sarjapur+outer+ring+road-bellandur-bengaluru-karnataka-560103-18ZD3A@zdata=MTIuOTI2OCs3Ny42ODA0NDgrMTcrMThaRDNBKytucg==ed
3442,hotel tiranga,33100,27,89,$0,1,28,https://www.mappls.com/l2mzdx
3443,guwahati g m c hospital,27100,11,693,$0.09,1,19,https://www.mappls.com/place-guwahati+medical+college+&+hospital-gmch+hospital+road-gmch+emergency+road-dispur-kamrup+metropolitan-guwahati-assam-781032-331EDT@zdata=MjYuMTU5Nzk1KzkxLjc2ODEyOCsxNyszMzFFRFQrK25yed
3444,gurudwara moti bagh sahib delhi,27100,16,159,$0.09,3,30,https://www.mappls.com/68lvxb
3445,govind garden restaurant pimple saudagar,27100,17,246,$0.06,5,19,https://www.mappls.com/place-govind+garden-pimple+saudagar-opposite+ganesh+park+society-pimple+saudagar-pimpri+chinchwad-maharashtra-411027-BD4446@zdata=MTguNTk1NzA4KzczLjgwMjYwNisxNytCRDQ0NDYrK25yed
3446,govind garden pimple saudagar,27100,9,915,$0.04,4,22,https://www.mappls.com/place-govind+garden-pimple+saudagar-opposite+ganesh+park+society-pimple+saudagar-pimpri+chinchwad-maharashtra-411027-BD4446@zdata=MTguNTk1NzA4KzczLjgwMjYwNisxNytCRDQ0NDYrK25yed
3447,general hospital ernakulam,27100,13,246,$0,3,22,https://www.mappls.com/72sd54
3448,ganesh gadda,18100,10,915,$0.23,2,25,https://www.mappls.com/place-ganesh+gadda+temple-patancheru-sangareddy+district-telangana-502329-O20U7O@zdata=MTcuNTczOCs3OC4xNTQyMzQrMTcrTzIwVTdPKys=ed
3449,gachibowli pin,33100,41,56,$0.01,1,21,https://www.mappls.com/place-gachibowli+police+station-opposite+iit-gachibowli-hyderabad-telangana-500032-euga0j@zdata=MTcuNDQzNjE0Kzc4LjM1MzYxNSsxNytldWdhMGorKw==ed
3450,azamgarh railway station,22200,16,306,$0,2,26,https://www.mappls.com/place-azamgarh+railway+station-sarfuddin+pur-musapur-azamgarh-uttar+pradesh-276001-B5FF6D@zdata=MjYuMDM5MTA3KzgzLjE2MTgzKzE3K0I1RkY2RCsred
3451,amazon warehouse,18100,27,56,$0.02,2,24,https://www.mappls.com/owg801
3452,wtp,27100,34,56,$0,1,40,https://www.mappls.com/bab64t
3453,emerald mall,22200,39,56,$0,8,27,https://www.mappls.com/place-emerald+mall+underground+parking-emerald+mall-lucknow-uttar+pradesh-226012-G4ASFX@zdata=MjYuNzg3ODkyKzgwLjkxMDQzMisxNytHNEFTRlgrK25yed
3454,dwarka district court,12100,11,306,$0.16,4,19,https://www.mappls.com/place-dwarka+district+court-sector+10+dwarka-new+delhi-delhi-110075-adcff3@zdata=MjguNTgwNzkzKzc3LjA1OTI4MSsxNythZGNmZjMrKw==ed
3455,delhi secretariat,22200,16,151,$0,8,27,https://www.mappls.com/place-central+secretariat-rajpath-north+block-new+delhi-delhi-110001-BTCDE6@zdata=MjguNjE1NzcrNzcuMjA1MDUxKzE3K0JUQ0RFNisred
3456,sri rangnath mandir sri rangji mandir,27100,34,56,$0.13,1,18,https://www.mappls.com/1ea7e1
3457,spice garden layout,27100,34,56,$0,16,26,https://www.mappls.com/cimfdt
3458,sindhi camp jaipur,27100,15,306,$0.13,3,20,"https://www.mappls.com/direction-from--to-,+sindhi+camp,+jaipur,+rajasthan,+302001?@zdata=ZnJvbSsrdG8rNzUuNzk2MTYxLDI2LjkyMTE4NCxVWlJKUEQrdmlh"
3459,siliguri iskcon mandir,22200,21,138,$0.84,4,21,https://www.mappls.com/place-temple-iskcon+mandir+road-bankim+nagar-siliguri-west+bengal-734001-h6w156@zdata=MjYuNzI4NDIzKzg4LjQzNDYxNCsxNytoNncxNTYrKw==ed
3460,saraswati apartment,22200,9,1270,$1.01,8,27,https://www.mappls.com/d2nkcn
3461,thoothukudi airport,27100,47,56,$0.07,1,27,https://www.mappls.com/ep66zu
3462,techno park,18100,55,56,$0,4,25,https://www.mappls.com/b4g5jw
3463,khandwa station,27100,32,56,$0,1,26,https://www.mappls.com/1e87fe
3464,junction mall,27100,19,159,$0,4,28,https://www.mappls.com/place-junction+mall-gt+road-gandhi+more-harekrishna+konar+sarani-city+residency-city+centre-durgapur-west+bengal-713216-2yuu9w@zdata=MjMuNTM5MTY3Kzg3LjI5MDgzMysxNysyeXV1OXcrKw==ed
3465,jahangir pura,27100,10,533,$0.04,5,19,"https://www.mappls.com/direction-from--to-,+jahangir+pura,+surat,+gujarat,+395005?@zdata=ZnJvbSsrdG8rNzIuNzkxNzUxLDIxLjI0NzY3MyxKWFE2RjArdmlh"
3466,indraprastha park new delhi,27100,32,56,$0.13,2,32,https://www.mappls.com/zmm7b5
3467,mico layout,27100,53,56,$0.16,5,19,https://www.mappls.com/place-mico+layout+traffic+police+station-3rd+cross+road-vysya+bank+colony-btm+layout+stage+2-bengaluru-karnataka-560076-8867EA@zdata=MTIuOTEzNDQrNzcuNjAwMTE3KzE3Kzg4NjdFQSsrbnI=ed
3468,market road,27100,45,56,$0.06,1,22,https://www.mappls.com/ap66ys
3469,manekshaw centre new delhi,27100,23,73,$0.07,3,18,https://www.mappls.com/3gf9nf
3470,mahim junction railway station,27100,26,56,$0.12,1,28,https://www.mappls.com/place-mahim+junction+railway+station+east+entry-jasmine+mill+road-matunga-mumbai-maharashtra-400017-BYF9WV@zdata=MTkuMDQyNDAxKzcyLjg0NjU4KzE3K0JZRjlXVisrbnI=ed
3471,maddox square park,22200,12,533,$0.11,8,17,https://www.mappls.com/a0a05y
3472,lingaiah tiffin centre,27100,10,693,$0.10,5,22,https://www.mappls.com/xjbx7l
3473,road number 12,27100,9,915,$0.16,5,19,"https://www.mappls.com/direction-from--to-,+road+no+12,+banjara+hills,+hyderabad,+telangana,+500034?@zdata=ZnJvbSsrdG8rNzguNDM3Mjc0LDE3LjQwOTUzOCxUU0NFQTUrdmlh"
3474,ramkrishna care hospital,14800,14,203,$0.58,8,18,https://www.mappls.com/place-ram+krishna+care+hospital-ge+road-mukut+nagar-raipur-chhattisgarh-492001-GTXIYR@zdata=MjEuMjM4NzIxKzgxLjYxNTA1NCsxNytHVFhJWVIrK25yed
3475,panch pakhadi,4400,18,159,$0.17,2,19,https://www.mappls.com/cqr3yj
3476,idgah railway station,9900,37,56,$0.22,4,18,https://www.mappls.com/place-idgah+railway+station-rakabganj-agra-uttar+pradesh-282001-615C78@zdata=MjcuMTczNzY0Kzc3Ljk5OTk2NysxNys2MTVDNzgrK25yed
3477,hotel lemon tree gachibowli,27100,49,56,$0.42,30,34,https://www.mappls.com/g1fqwf
3478,guru nanak hospital,27100,11,406,$0.65,6,23,https://www.mappls.com/place-guru+nanak+hospital-s+341-gandhi+nagar-bandra+east-mig+colony-near+chetna+college-mumbai-maharashtra-400051-18142D@zdata=MTkuMDU5NzU3KzcyLjg1MjU3MysxNysxODE0MkQrK25yed
3479,gk ii m block market,27100,9,693,$0.33,1,24,https://www.mappls.com/tdd265
3480,bathroom near me,22200,5,2636,$0.29,9,22,https://www.mappls.com/search-near-Pay%20and%20Use%20Toilet@zdata=ODguMTQyMTU2LDI0Ljk5NzA4Mg==
3481,bapu nagar jaipur,27100,27,62,$0.06,5,23,"https://www.mappls.com/direction-from--to-,+bapu+nagar,+jaipur,+rajasthan,+302015?@zdata=ZnJvbSsrdG8rNzUuODA1Mjc2LDI2Ljg4OTUyNyw5NjRUTFUrdmlh"
3482,dm office,27100,56,56,$0.21,3,33,https://www.mappls.com/sfad3d
3483,dada dev mandir,27100,29,59,$0.12,3,21,https://www.mappls.com/524xkd
3484,chhatrapati shivaji maharaj chowk,18100,25,116,$0,7,13,"https://www.mappls.com/direction-from--to-chhatrapati+shivaji+maharaj+chowk,+sector+2,+vashi,+navi+mumbai,+maharashtra,+400703?@zdata=ZnJvbSsrdG8rNzIuOTk3NzE4ODExMDM1LDE5LjA3NDQxNTIwNjkwOSwwNlRHQlkrdmlh"
3485,charity commission,22200,25,56,$0.94,1,24,https://www.mappls.com/widoun
3486,charitable commissioner,27100,14,533,$1.16,1,20,https://www.mappls.com/widoun
3487,chandra nagar,27100,25,73,$0.14,3,19,https://www.mappls.com/place-chandra+nagar+society+chandra+nagar-vasna-ahmedabad-gujarat-380007+ahmedabad-CNBWNT@zdata=MjIuOTk4MzQ4KzcyLjU1Njk2NisxNytDTkJXTlQ=ed
3488,v cinemas,27100,15,151,$0.30,1,26,https://www.mappls.com/sc82cg
3489,tcs deccan park hyderabad,22200,33,56,$0,18,17,https://www.mappls.com/place-tcs+deccan+park+bus+stop-phase+2-hitech+city-hyderabad-telangana-500081-99Z98P@zdata=MTcuNDQ2Mjc4Kzc4LjM3NzMxMisxNys5OVo5OFArK25yed
3490,summit building,27100,8,915,$0,5,28,https://www.mappls.com/t2hm2p
3491,one qube,22200,18,151,$0.28,5,26,https://www.mappls.com/place-one+qube-20-delhi-jaipur+expressway-sector+18-gurugram-haryana-122015-e1fh78@zdata=MjguNDg1NzI5Kzc3LjA3NDc0OCsxNytlMWZoNzgrKw==ed
3492,mysore city bus stand,27100,34,56,$0,7,16,https://www.mappls.com/place-city+bus+stand+bus+bay+4-mysore+city+bus+terminal-mysore+palace-mysuru-karnataka-570001-WDCU1L@zdata=MTIuMzA3NzM5Kzc2LjY1MzMzNCsxNytXRENVMUwrK25yed
3493,medical council delhi,27100,17,138,$0.10,1,16,https://www.mappls.com/place-delhi+medical+council-it+park-new+delhi-delhi-110053-RG2UJR@zdata=MjguNjcyMzg2Kzc3LjI1MTM4MysxNytSRzJVSlIrK25yed
3494,manipal hospital bangalore,33100,38,56,$0.23,21,29,https://www.mappls.com/73c56f
3495,paschim vihar east,22200,21,89,$0.18,5,15,https://www.mappls.com/place-paschim+vihar+east+metro+station-rohtak+road-paschim+vihar+east-new+delhi-delhi-110056-b462ca@zdata=MjguNjc3MzAxKzc3LjExMjI4NCsxNytiNDYyY2ErKw==ed
3496,ranigunj,4400,20,116,$0,3,33,"https://www.mappls.com/direction-from--to-secunderabad+rani+gunj+street+number+8,+hyder+basti,+ranigunj,+secunderabad,+telangana,+500003+secunderabad?@zdata=ZnJvbSsrdG8rNzguNDg5ODEyLDE3LjQyOTYwOCw4Q1Q0ODErdmlh"
3497,spice garden layout bangalore,27100,54,56,$0,9,16,https://www.mappls.com/cimfdt
3498,spar,33100,44,56,$0.33,1,41,https://www.mappls.com/place-spar+hypermarket-no+39$3+&+44-bannerghatta+main+road-bhavani+nagar-suddagunte+palya-bengaluru-karnataka-560029-1CD821@zdata=MTIuOTMwMTI5Kzc3LjYwMDkwNCsxNysxQ0Q4MjErK25yed
3499,sms hospital jaipur,33100,19,159,$0.14,2,23,https://www.mappls.com/5qhg7d
3500,hero honda chowk flyover gurgaon,22200,36,56,$0.11,5,26,https://www.mappls.com/place-hero+honda+chowk-near+hero+honda+factory-gurugram-haryana-122001-T68BS8@zdata=MjguNDM1OTM3Kzc3LjAxMDE4OCsxNytUNjhCUzgrKw==ed
3501,gaya airport,27100,53,56,$0.17,1,27,https://www.mappls.com/4fk6g8
3502,gali number 6,22200,11,406,$0.15,3,18,https://www.mappls.com/place-kk+general+store-gali+number+6-block+k-mahipalpur+village-mahipalpur-new+delhi-delhi-110037-ONYTWH@zdata=MjguNTQzMTg2Kzc3LjEyNDEzOSsxNytPTllUV0grK25yed
3503,gachibowli pincode,33100,59,56,$0.02,1,27,https://www.mappls.com/place-gachibowli+police+station-opposite+iit-gachibowli-hyderabad-telangana-500032-euga0j@zdata=MTcuNDQzNjE0Kzc4LjM1MzYxNSsxNytldWdhMGorKw==ed
3504,fort of chunar,27100,64,56,$0.06,1,24,https://www.mappls.com/place-chunar+fort-chunar-uttar+pradesh-231304-YBZ2B6@zdata=MjUuMTIzNDkxKzgyLjg3NTU5NisxNytZQloyQjYrKw==ed
3505,durgam cheruvu metro,3600,8,693,$0.22,8,13,https://www.mappls.com/place-durgam+cheruvu+metro+station-hi+tech+road-sri+sai+nagar-madhapur-hyderabad-telangana-500081-f8ypwy@zdata=MTcuNDQyNzcrNzguMzg3Njc0KzE3K2Y4eXB3eSsred
3506,dli delhi railway station,27100,61,56,$0.30,1,23,https://www.mappls.com/6d3s13
3507,dibrugarh amc,27100,8,693,$0.28,1,29,https://www.mappls.com/place-amc+maternity+building+assam+medical+college-dibrugarh-assam-786002+dibrugarh-8AN9S4@RRzdata=MjcuNDg5Nzc0Kzk0LjkzOTUzNSsxNys4QU45UzQ=ed
3508,delhi aerocity,27100,61,56,$0.93,6,28,https://www.mappls.com/place-delhi+aerocity+metro+station-delhi+aerocity-near+mahipalpur+igi+airport-new+delhi-delhi-110037-DS2S6T@zdata=MjguNTQ4NzMrNzcuMTIwOTI3KzE3K0RTMlM2VCsrbnI=ed
3509,malwa,27100,50,56,$0,1,39,https://www.mappls.com/ab92lq
3510,m block market greater kailash,27100,15,306,$0,1,24,https://www.mappls.com/tdd265
3511,m block market gk,27100,10,915,$0,1,25,https://www.mappls.com/t001ny
3512,laxman nagar jodhpur,27100,17,203,$0.09,4,18,https://www.mappls.com/kez1em
3513,landmark hospital,22200,18,159,$0.23,8,27,https://www.mappls.com/7ekfwo
3514,lakeshore hospital,22200,16,151,$0,1,24,https://www.mappls.com/t53ae5
3515,krishi bhavan,27100,17,246,$0,2,27,https://www.mappls.com/foly5f
3516,kaveri nagar bangalore,22200,28,62,$0.14,4,19,"https://www.mappls.com/direction-from--to-,+4th+cross+road,+kaveri+nagar,+banashankari+stage+2,+bengaluru,+karnataka,+560070?@zdata=ZnJvbSsrdG8rNzcuNTY5MjI3LDEyLjkxOTM2LDhHS0oyWit2aWE="
3517,karmali railway station,18100,22,116,$0.33,3,19,https://www.mappls.com/place-karmali+railway+station-carambolim-corlim-goa-403110-T852F2@zdata=MTUuNDkwMzk4KzczLjkyNDQxNSsxNytUODUyRjIrK25yed
3518,jayanagar 9th block bangalore,27100,27,65,$0.47,7,16,https://www.mappls.com/mt5tx4
3519,ibis hyderabad hitec city,27100,61,56,$0.29,26,21,https://www.mappls.com/place-ibis+hyderabad+hitec+city-plot+3+techno+enclave-hitech+city+main+road-patrika+nagar-hyderabad-telangana-500081-VQ98RQ@zdata=MTcuNDQ3NDkyKzc4LjM3ODk2NSsxNytWUTk4UlErK25yed
3520,ibis hotel hyderabad,27100,29,56,$0.29,26,29,https://www.mappls.com/vq98rq
3521,mapping locations,22200,26,65,$0.05,1,70,https://www.mappls.com/
3522,bar bq,27100,20,151,$0.06,5,32,https://www.mappls.com/s66fdf
3523,ama cafe delhi,40500,29,56,$0,1,25,https://www.mappls.com/place-ama+cafe-house+6-new+colony-majnu+ka+tila-new+delhi-delhi-110054-bq5dus@zdata=MjguNzAyNjE2Kzc3LjIyODM2KzE3K2JxNWR1cysred
3524,almas hospital,27100,14,203,$0.09,1,27,https://www.mappls.com/place-almas+hospital-changuvetty-po+malappuram-kottakkal-district+malappuram-kottakal-kerala-676501-3414B5@zdata=MTEuMDAwMjQ2Kzc1Ljk5MDc4OCsxNyszNDE0QjUrK25yed
3525,chennai nehru stadium,27100,21,116,$0.07,1,32,https://www.mappls.com/d11c53
3526,charity commissioner,22200,13,306,$0.94,1,24,https://www.mappls.com/widoun
3527,bus stand dehradun,22200,48,56,$0.09,10,23,https://www.mappls.com/place-isbt+dehradun+parking-maharana+pratap+antrajye+bus+terminal-dehradun-uttarakhand-248002-a06wrd@zdata=MzAuMjg3ODkrNzcuOTk4MDYxKzE3K2EwNndyZCsred
3528,wave mall in ludhiana,22200,18,138,$0.03,3,22,https://www.mappls.com/e46b7b
3529,thyagaraj stadium,9900,16,246,$0.19,10,22,https://www.mappls.com/place-thyagaraj+sports+complex-shri+jagannath+marg-ina+colony-ina-new+delhi-delhi-110023-bv622u@zdata=MjguNTc3MjM5Kzc3LjIxNzAxOSsxNytidjYyMnUrKw==ed
3530,surendra institute of engineering and management siliguri,27100,15,159,$0.04,5,28,https://www.mappls.com/place-surendra+institute+of+engineering+and+management-dhukuria-post+new+chamta-police+station+matigara-siliguri-west+bengal-734009-26862u@zdata=MjYuNzQ3Njc3Kzg4LjM4NDU0KzE3KzI2ODYydSsred
3531,phase 6,27100,74,56,$0,5,28,https://www.mappls.com/4g7zgq
3532,p m c h patna hospital,27100,22,138,$0.10,3,20,https://www.mappls.com/8gogb3
3533,new tinsukia station,27100,24,65,$0.01,1,19,https://www.mappls.com/place-new+tinsukia+railway+station-dhekiajuri+gaon-tinsukia-assam-786145-9WFCTL@zdata=MjcuNDc5NzUyKzk1LjMzMzk4NSsxNys5V0ZDVEwrK25yed
3534,nayandahalli bus stop,8100,12,406,$0.15,11,14,https://www.mappls.com/place-jn+of+nayandahalli+bus+stop-mysore+road-muthachari+industrial+estate-deepanjali+nagar-bengaluru-karnataka-560039-wnkzlb@zdata=MTIuOTQ0OTM2Kzc3LjUyODU1OCsxNyt3bmt6bGIrKw==ed
3535,nashik railway station,27100,38,56,$0.17,1,22,https://www.mappls.com/place-nashik+road+railway+station-rajwada+nagar-deolali-nashik-maharashtra-422401-CES626@zdata=MTkuOTQ3OTIzKzczLjg0MjExNysxNytDRVM2MjYrK25yed
3536,n block,27100,17,246,$0.20,4,36,https://www.mappls.com/crgkvf
3537,singhania university in rajasthan,27100,9,533,$0.89,1,36,https://www.mappls.com/place-singhania+university-jhunjhunu-buhana-jhunjhunu+district-rajasthan-333515-t6d7x3@zdata=MjguMTMyMTM4Kzc1Ljk1NDE4OSsxNyt0NmQ3eDMrKw==ed
3538,rto office noida,27100,9,533,$0,6,23,https://www.mappls.com/place-assistant+regional+transport+office+gautam+budh+nagar-sector+32-noida-uttar+pradesh-201307-zjycno@zdata=MjguNTg3MzkyKzc3LjM1MjE1NCsxNyt6anljbm8rKw==ed
3539,ritz carlton pune,27100,30,56,$0.51,47,27,https://www.mappls.com/place-the+ritz-carlton+pune-golf+course+square-airport+road-yerwada-pune-maharashtra-411006-F0H28G@zdata=MTguNTUyMjEzKzczLjg5MDQ0MisxNytGMEgyOEcrK25yed
3540,rail quarter,27100,13,533,$0.14,2,20,https://www.mappls.com/place-railway+quarters+kamardanga+road-tangra+north-kolkata-west+bengal-700015+kolkata-843DBA@RRzdata=MjIuNTUxOTc1Kzg4LjM3NTk1NSsxNys4NDNEQkE=ed
3541,pin code of gachibowli hyderabad,27100,50,56,$0,1,17,"https://www.mappls.com/direction-from--to-hyderabad+new+pjr+nagar,+gachibowli,+hyderabad,+telangana,+500032+hyderabad?@zdata=ZnJvbSsrdG8rNzguMzY0OTAxLDE3LjQ0MjA2NSxBTjhQRFQrdmlh"
3542,lemon tree hotel gachibowli hyderabad,27100,58,56,$0.45,30,36,https://www.mappls.com/g1fqwf
3543,langat singh,27100,15,306,$0.09,4,30,https://www.mappls.com/place-langat+singh+college-muzaffarpur-kalambagh+road-br+ambedkar+bihar+university-muzaffarpur-bihar-842002-JZND6V@zdata=MjYuMTEzMDY1Kzg1LjM3ODg4MisxNytKWk5ENlYrKw==ed
3544,khandwa railway station,27100,27,59,$0,1,21,https://www.mappls.com/1e87fe
3545,j c residency madurai,27100,25,62,$0.41,31,39,https://www.mappls.com/place-jc+residency-14-lady+doak+college+road-madurai-tamil+nadu-625002-3676RZ@zdata=OS45Mzc0NTUwMDAwMDAxKzc4LjEzMjUyOSsxNyszNjc2UlorK25yed
3546,ip park delhi,33100,28,62,$0.09,2,28,https://www.mappls.com/iezk0d
3547,indira gandhi musical fountain park bangalore,18100,50,56,$0.11,6,18,https://www.mappls.com/place-indira+gandhi+musical+fountain+park-opposite+jawahar+lal+nehru+planetarium-raj+bhavan+road-sampangi+rama+nagar-vasanth+nagar-bengaluru-karnataka-560001-543b64@zdata=MTIuOTg1MSs3Ny41OTE2KzE3KzU0M2I2NCsred
3548,mansarovar plaza,22200,25,73,$0,12,28,https://www.mappls.com/zhypdc
3549,devalsari temple,27100,36,56,$0,1,27,https://www.mappls.com/gkzpoe
3550,delhi m block market,27100,16,246,$0.33,1,25,https://www.mappls.com/tdd265
3551,dadar tt,27100,30,62,$0,4,28,https://www.mappls.com/place-tt+circle+dadar+bus+stop-dr+babasaheb+ambedkar+marg-dadar+east-mumbai-maharashtra-400014-SKC9CD@zdata=MTkuMDE4NTYzKzcyLjg0ODEwNSsxNytTS0M5Q0QrK25yed
3552,d j sanghvi,27100,16,203,$1.31,2,22,https://www.mappls.com/2t233t
3553,colours mall raipur,27100,19,116,$0.15,3,21,https://www.mappls.com/place-carnival+cinemas-raipur-colors+mall-pachpedi+naka-raipur-chhattisgarh-492001-T6YC4B@zdata=MjEuMjE2OTg0KzgxLjY1NjIyMSsxNytUNllDNEIrK25yed
3554,cognizant cdc,27100,11,406,$0.05,7,34,https://www.mappls.com/n8zlo5
3555,buddha park patna,22200,23,116,$0.19,3,23,https://www.mappls.com/place-buddha+smriti+park-patliputra+karuna+stupa-fraser+road-near+patna+railway+station+patna+junction-patna-bihar-800001-ttwrks@zdata=MjUuNjA3MzE1Kzg1LjEzNjMxMysxNyt0dHdya3MrKw==ed
3556,eta mall bangalore,27100,31,56,$0,4,23,https://www.mappls.com/place-cinepolis-no+1$1-3rd+floor-eta+mall-opposite+banana+market-tank+bund+road-hosakere+road-jagajeevanram+nagar-binnypet-bengaluru-karnataka-560023-K5YWTA@zdata=MTIuOTY1NTI5Kzc3LjU2MTQ5MSsxNytLNVlXVEErK25yed
3557,bhilai steel plant in chhattisgarh,27100,33,56,$0.03,1,36,https://www.mappls.com/f1why4
3558,bhilai steel plant bhilai,27100,20,138,$0.03,1,33,https://www.mappls.com/f1why4
3559,bar b q,27100,30,56,$0.10,4,27,https://www.mappls.com/s66fdf
3560,hotel express inn nashik,3600,14,246,$0.13,65,26,https://www.mappls.com/place-hotel+express+inn-pathardi+phata-mumbai+agra+road-nashik-maharashtra-422010-83D3S8@zdata=MTkuOTUyNjU3KzczLjc1NTE2MysxNys4M0QzUzgrK25yed
3561,guntur bus stand,27100,11,693,$0,1,21,https://www.mappls.com/b48577
3562,govardhan theater yeshwanthpur,9900,7,1270,$0.21,5,20,https://www.mappls.com/place-govardhan+theater+bus+stop-mumbai+bengaluru+highway-apmc+yard-yeshwanthpur-bengaluru-karnataka-560022-NR7WNO@zdata=MTMuMDIxMjI1Kzc3LjU1MTkrMTcrTlI3V05PKytucg==ed
3563,gola bazar gorakhpur,27100,15,533,$0,1,21,https://www.mappls.com/3llrmt
3564,gagan vihar,27100,32,56,$0.07,4,28,https://www.mappls.com/place-gagan+vihar-parwana+road-gagan+vihar-new+delhi-delhi-110051-T18LGE@zdata=MjguNjQ0MTQ1Kzc3LjI5MTA4NSsxNytUMThMR0UrKw==ed
3565,fuel garage,27100,29,56,$0.06,1,39,https://www.mappls.com/place-fuel-rajpur+road-hathibarkala+salawala-dehradun-uttarakhand-248001-KZZBUN@zdata=MzAuMzM2MzE0Kzc4LjA1NTA4NisxNytLWlpCVU4rK25yed
3566,star city,22200,16,130,$0.13,2,41,https://www.mappls.com/place-star+city-gs+road-lachit+nagar-guwahati-assam-781007-FYCVJD@zdata=MjYuMTcyNDQ1KzkxLjc2MDY5KzE3K0ZZQ1ZKRCsrbnI=ed
3567,shastri circle,22200,27,53,$0,4,26,https://www.mappls.com/zx2vr1
3568,dmart kushaiguda,22200,4,2160,$0.14,6,26,https://www.mappls.com/7uk8e3
3569,coca cola hindustan,22200,35,46,$0.11,5,33,https://www.mappls.com/nqnxqo
3570,central mall in jp nagar,22200,15,166,$0.09,5,22,https://www.mappls.com/fddczw
3571,bus stand in indore,22200,15,333,$0.10,2,21,https://www.mappls.com/place-sarwate+bus+stand-ushaganj-indore-madhya+pradesh-452001-DCE5EF@zdata=MjIuNzEzMTMrNzUuODc1NDE3KzE3K0RDRTVFRisrbnI=ed
3572,building construction department bihar,22200,29,46,$0,1,11,https://www.mappls.com/kvn78l
3573,blueberries fashion house,12100,12,333,$0.30,12,26,https://www.mappls.com/wjf2om
3574,meja road,22200,41,46,$0,1,19,https://www.mappls.com/place-meja+road+police+chowki-mirzapur+road-meja-prayagraj+district-uttar+pradesh-212303-L93AGC@zdata=MjUuMjE5OTE4KzgyLjA4MjI3NCsxNytMOTNBR0MrK25yed
3575,manchar bus stand,18100,9,750,$0.17,1,18,https://www.mappls.com/place-manchar+msrtc+bus+station-patilwada-manchar-maharashtra-410503-XE90LQ@zdata=MTkuMDAxMjA0KzczLjk0NDA3NSsxNytYRTkwTFErK25yed
3576,m block gk 2,22200,6,1041,$0.08,4,23,https://www.mappls.com/tdd265
3577,lucknow bench of allahabad high court,18100,18,124,$0.12,3,27,https://www.mappls.com/xw25pv
3578,kurla lokmanya tilak terminus,22200,18,202,$0.06,2,22,https://www.mappls.com/place-lokmanya+tilak+terminus-pipeline+road-lokmanya+tilak+terminus+railway+yard-kurla+east-mumbai-maharashtra-400089-3qfxrq@zdata=MTkuMDcxMTQxKzcyLjg5MTAwNisxNyszcWZ4cnErKw==ed
3579,sagar complex,22200,9,437,$0.10,4,17,https://www.mappls.com/place-sagar+complex-ovali-dapode-bhiwandi-maharashtra-421302-POMOIJ@zdata=MTkuMjUyMzAyKzczLjA1MzQ5MisxNytQT01PSUorKw==ed
3580,safdarjung development area market,22200,12,333,$0,1,17,https://www.mappls.com/24ukln
3581,safdarjung airport delhi,22200,57,46,$0.16,5,18,https://www.mappls.com/3lw39z
3582,ravindra bharathi,22200,32,46,$0,9,27,https://www.mappls.com/place-ravindra+bharathi-saifabad-hyderabad-telangana-500004-IMFBV1@zdata=MTcuNDAzNDcrNzguNDY2OTE0KzE3K0lNRkJWMSsred
3583,pvr nanded,18100,14,130,$0.03,1,24,https://www.mappls.com/wcrfkf
3584,pudukkottai bus stand,40500,7,750,$0.20,2,20,https://www.mappls.com/place-bus+stop-pudukottai+road-pudukkottai-pudukkottai+district-tamil+nadu-622003-ecs186@zdata=MTAuMzU0MzQ4Kzc4LjgwMzk4KzE3K2VjczE4Nisred
3585,pride plaza hotel ahmedabad,22200,18,124,$0.32,43,20,https://www.mappls.com/place-pride+plaza+hotel+ahmedabad-judges+bungalow+road-off+sg+road-ahmedabad-gujarat-380054-86EB36@zdata=MjMuMDM4MDkyKzcyLjUxNDUwNCsxNys4NkVCMzYrK25yed
3586,poornima palace convention centre,22200,7,1462,$0.09,8,20,https://www.mappls.com/zygjtr
3587,police headquarters,18100,74,46,$0,6,25,"https://www.mappls.com/police+stations/near/30.321367,78.036179"
3588,pataudi palace pataudi,22200,21,113,$0.02,1,33,https://www.mappls.com/25ss81
3589,pacific mall subhash nagar delhi,22200,17,113,$0.04,7,28,https://www.mappls.com/afss11
3590,okhla ph 1,22200,21,95,$0.07,2,19,https://www.mappls.com/q07dc2
3591,noida golf course,27100,16,202,$0,7,24,https://www.mappls.com/place-noida+golf+course-captain+shashikant+sharma+marg-sector+43-noida-uttar+pradesh-201303-8e4tt1@zdata=MjguNTYzOTgxKzc3LjM0NDQ3MysxNys4ZTR0dDErKw==ed
3592,shiv shakti mandir,18100,13,568,$0.14,2,20,https://www.mappls.com/0yxm9t
3593,shanti vihar,22200,36,46,$0.13,4,18,https://www.mappls.com/place-shanti+vihar-hardev+colony-jagatpura-jaipur-rajasthan-302029-ZHNEJD@zdata=MjYuODI1MjkzKzc1Ljc5Njg4NisxNytaSE5FSkQrKw==ed
3594,godrej genesis building,22200,18,113,$0.51,5,21,https://www.mappls.com/ywg8lt
3595,geeta nagar,18100,20,95,$0,8,26,https://www.mappls.com/l9f9nb
3596,distance to jaipur,18100,4,2160,$0,1,18,https://www.mappls.com/direction-from-current-location-to-jaipur+rajasthan+jaipur?@zdata=ZnJvbSsrdG8rNzUuODAxMjkyLDI2LjkxNzg1OCwzVDdYVjYrdmlh
3597,kangra fort kangra himachal pradesh,22200,60,46,$0.04,5,36,https://www.mappls.com/place-kangra+fort-kangra+town-kangra-kangra+district-himachal+pradesh-176001-cds3a6@zdata=MzIuMDg2OTI3Kzc2LjI1MzY5NysxNytjZHMzYTYrKw==ed
3598,k d singh babu stadium,22200,27,48,$0.14,5,23,https://www.mappls.com/3rbxxj
3599,jayanti cinemas,22200,13,130,$0.05,1,21,https://www.mappls.com/5dbss6
3600,jaipur ghat gate,18100,6,2160,$0,8,21,https://www.mappls.com/mk5rna
3601,ibis chennai omr,22200,20,73,$0.24,28,28,https://www.mappls.com/bhbxe2
3602,hyderabad kukatpally pincode,22200,34,46,$0,1,16,https://www.mappls.com/place-kukatpally+post+office-balaji+nagar-kukatpally-hyderabad-telangana-500072-A27S2T@zdata=MTcuNDgzNzg3Kzc4LjQxMTc2NisxNytBMjdTMlQrK25yed
3603,hbt trauma care centre jogeshwari,22200,32,46,$0.10,4,18,https://www.mappls.com/place-hospitals-near-jogeshwari%20balthakrey%20hospital-balasaheb%20thackeray%20flyover-geetanjali%20railway%20colony-momin%20nagar-jogeshwari%20west-mumbai-maharashtra-400063-lc9xaj?@zdata=MTkuMTQxMDErNzIuODUzOTQ2KzE2Kytob3NwaXRhbHMrZWw=ed
3604,gandhi vihar,22200,13,333,$0,6,26,https://www.mappls.com/fm5jyl
3605,ama cafe rajpur road,12100,19,124,$0.16,7,23,https://www.mappls.com/b2c5q7
3606,4th main road,22200,30,46,$0.16,5,23,https://www.mappls.com/place-unit+4+hospital-unit+4+main+street-bhouma+nagar-bhubaneswar-odisha-751001-efb2t6@zdata=MjAuMjc5NjgzKzg1LjgzNDAxNSsxNytlZmIydDYrKw==ed
3607,zoo road,18100,17,130,$0,11,27,https://www.mappls.com/x5ag6d
3608,virwani industrial estate,22200,2,6748,$0,5,21,https://www.mappls.com/31442b
3609,prism tower,22200,28,48,$0,12,28,https://www.mappls.com/place-prism+tower-mindspace-malad+west-mumbai-maharashtra-400064-926ogo@zdata=MTkuMTcxNDQ1KzcyLjgzMjczNSsxNys5MjZvZ28rKw==ed
3610,patel nagar metro,22200,30,46,$0.01,1,10,https://www.mappls.com/place-patel+nagar+metro+station-patel+road-block+2-patel+nagar+west-new+delhi-delhi-110008-c82asf@zdata=MjguNjQ1MDQ4Kzc3LjE2OTI4KzE3K2M4MmFzZisred
3611,nice ring road toll plaza,22200,24,95,$0.08,6,21,https://www.mappls.com/place-nice+road+toll+plaza+nice+road+toll+plaza-kengeri+satellite+town-bengaluru-karnataka-560060+bengaluru-93JJW2@zdata=MTIuOTAyMzY1Kzc3LjQ3MDk0MysxNys5M0pKVzI=ed
3612,national theatre chennai tamil nadu,18100,5,1041,$0,1,21,https://www.mappls.com/af5stf
3613,mvp colony visakhapatnam,18100,27,51,$0.13,10,22,https://www.mappls.com/place-park-mig-sector+11-mvp+colony-visakhapatnam-andhra+pradesh-530017-h14y0q@zdata=MTcuNzM4OTMrODMuMzM4NzczKzE3K2gxNHkwcSsred
3614,mvp colony,22200,29,46,$0.14,5,26,"https://www.mappls.com/direction-from--to-,+muvvala+vari+road,+sector+9,+mvp+colony,+visakhapatnam,+andhra+pradesh,+530017?@zdata=ZnJvbSsrdG8rODMuMzM5MzQ5LDE3Ljc0NTc4NSxMWDRNWUcrdmlh"
3615,shiva shakti mandir,22200,16,333,$0.10,2,22,https://www.mappls.com/place-shri+shiv+shakti+mandir-ju+and+ku+block-pitampura-new+delhi-delhi-110034-oernp6@zdata=MjguNzEwNzMyKzc3LjE0NjI5MysxNytvZXJucDYrKw==ed
3616,sheetla mata gurgaon,12100,31,46,$0,1,17,https://www.mappls.com/6tc3a5
3617,s s g hospital vadodara,22200,16,202,$0.09,8,14,https://www.mappls.com/og2oen
3618,rmz millenia,22200,14,166,$1.04,6,26,https://www.mappls.com/b5acf1
3619,ramphal chowk,22200,9,750,$0,3,25,https://www.mappls.com/ta8mlo
3620,rajiv gandhi national park pune,22200,30,48,$0.12,1,33,https://www.mappls.com/8s8a1s
3621,railway station nagpur,22200,29,46,$0.04,1,20,https://www.mappls.com/place-nagpur+railway+station-sitabuldi-nagpur-maharashtra-440012-36fsac@zdata=MjEuMTUyMDcxKzc5LjA4ODE4KzE3KzM2ZnNhYysred
3622,pvr shalimar bagh,22200,29,46,$0.04,2,20,"https://www.mappls.com/direction-from--to-pvr+cinemas+shalimar+bagh,+dlf+city+centre+mall,+community+centre,+block+a,+shalimar+bagh,+near+richi+rich+banquet+hall,+new+delhi,+delhi,+110088,+uv8av3?@zdata=ZnJvbSsrdG8rNzcuMTU3OTY3LDI4LjcwMzU5LHV2OGF2Mzs3Ny4xNTg2NDUsMjguNzAyNzM0LHV2OGF2Myt2aWE="
3623,pvr ampa mall,9900,20,59,$0.05,14,19,https://www.mappls.com/6cyodd
3624,kohinoor mall kurla,22200,6,2160,$0,7,22,https://www.mappls.com/place-kohinoor+city+mall+parking-44-premier+road-kurla+west-mumbai-maharashtra-400070-iz9qcz@zdata=MTkuMDgyMzQrNzIuODg1NDQzKzE3K2l6OXFjeisred
3625,kodi beach,22200,16,166,$0.09,1,15,https://www.mappls.com/ikhbk9
3626,jyoti restaurant pune,22200,9,437,$0,9,22,https://www.mappls.com/place-jyoti+pure+veg+restaurant-kondhwa-kondhwa+road-kondhwa+khurd-pune-maharashtra-411048-72ff7f@zdata=MTguNDc4MjMrNzMuODkwMTg3KzE3KzcyZmY3Zisred
3627,japanese garden 31a chandigarh,18100,64,46,$0.11,3,21,https://www.mappls.com/place-japanese+garden-sector+31b-chandigarh-chandigarh-160030-G8PHPH@zdata=MzAuNzA0MTYrNzYuNzgzMDMrMTcrRzhQSFBIKytucg==ed
3628,jaipur bagh,22200,18,130,$0.13,6,26,https://www.mappls.com/place-jaipur+bagh-gandhi+path+west-vaishali+nagar-jaipur-rajasthan-302021-ZVK34O@zdata=MjYuOTA0Nzc4Kzc1Ljc0OTA0NSsxNytaVkszNE8rKw==ed
3629,ils dum dum,22200,17,124,$0.79,9,19,https://www.mappls.com/31zv0a
3630,hotel closest to my location,22200,29,51,$0.22,52,72,https://www.mappls.com/hotels-near-me
3631,noida iskcon,22200,16,250,$0.61,4,20,https://www.mappls.com/xpam3y
3632,naroda ahmedabad gujarat,18100,12,437,$0.08,4,19,"https://www.mappls.com/direction-from--to-,+naroda,+ahmedabad,+gujarat,+382330?@zdata=ZnJvbSsrdG8rNzIuNjYxNTcyLDIzLjA3MDY0OCxXTEc2NE8rdmlh"
3633,model colony,22200,10,437,$0.18,13,28,https://www.mappls.com/v78vq4
3634,mindspace airoli west,12100,49,46,$0.23,10,14,https://www.mappls.com/483ee6
3635,map login,22200,9,333,$0,1,24,https://apis.mappls.com/console/
3636,mansarovar railway station,22200,8,750,$0,8,22,https://www.mappls.com/eb3824
3637,daya hospital thrissur,18100,23,53,$0.32,1,18,https://www.mappls.com/ft1b5e
3638,cng near me location,27100,13,333,$0,1,14,https://www.mappls.com/cng%20station-near-me
3639,cma grand convention & wedding hall,22200,43,46,$0,7,14,https://www.mappls.com/uz4ng5
3640,city mall 36 raipur,22200,29,46,$0.24,4,21,https://www.mappls.com/4yqv89
3641,church our lady of lourdes,22200,29,46,$0.12,5,27,https://www.mappls.com/place-our+lady+of+lourdes+church-hosur-tamil+nadu-635126-0GMJC6@zdata=MTIuNzU2NTY4Kzc3LjgyNTg2NisxNyswR01KQzYrKw==ed
3642,chennai parthasarathy temple,27100,30,48,$0.05,6,21,https://www.mappls.com/mun8r1
3643,chandan hospital,22200,18,113,$0.44,2,25,https://www.mappls.com/nr129j
3644,birla dharamshala,33100,13,333,$0.15,18,33,https://www.mappls.com/ff7782
3645,bhavanisagar dam,22200,34,46,$0,1,24,https://www.mappls.com/place-bhavanisagar+dam-thalavadi-erode+district-tamil+nadu-638451-esscbf@zdata=MTEuNDcwNzk5Kzc3LjExMzYyNSsxNytlc3NjYmYrKw==ed
3646,benson town,22200,23,59,$0.17,7,27,https://www.mappls.com/zz4txr
3647,baddi bus stand,12100,8,2160,$0.11,1,20,https://www.mappls.com/place-baddi+bus+stand-baddi-himachal+pradesh-173205-C6ZKWR@zdata=MzAuOTI3NDEyKzc2Ljc5MjEwNysxNytDNlpLV1IrK25yed
3648,arrs multiplex theater salem,22200,9,333,$0.19,2,21,https://www.mappls.com/s6e7fa
3649,hsr high street,33100,9,1462,$0,7,25,https://www.mappls.com/5sh4hr
3650,gsm mall & multiplex,18100,10,333,$0.20,11,20,https://www.mappls.com/place-gsm+mall+&+multiplex+underground+parking-gsm+mall+&+multiplex-miyapur+main+road-icrisat+colony-madeenaguda-hyderabad-telangana-500049-DZQIRW@zdata=MTcuNDk2OTU3Kzc4LjMzNTgzNSsxNytEWlFJUlcrK25yed
3651,hsr high street,33100,9,1462,$0,7,25,https://www.mappls.com/5sh4hr
3652,gsm mall & multiplex,18100,10,333,$0.20,11,20,https://www.mappls.com/place-gsm+mall+&+multiplex+underground+parking-gsm+mall+&+multiplex-miyapur+main+road-icrisat+colony-madeenaguda-hyderabad-telangana-500049-DZQIRW@zdata=MTcuNDk2OTU3Kzc4LjMzNTgzNSsxNytEWlFJUlcrK25yed
3653,gk 2 m block,22200,10,1041,$0.08,4,24,https://www.mappls.com/tdd265
3654,gita bhawan rishikesh,22200,37,46,$0.16,6,21,https://www.mappls.com/xkkzdk
3655,g noida authority,22200,52,46,$0.14,3,28,https://www.mappls.com/eb75cb
3656,fort kangra,22200,36,46,$0.05,3,23,https://www.mappls.com/place-kangra+fort-kangra+town-kangra-kangra+district-himachal+pradesh-176001-cds3a6@zdata=MzIuMDg2OTI3Kzc2LjI1MzY5NysxNytjZHMzYTYrKw==ed
3657,foreigner regional registration offices,22200,31,46,$0.15,4,20,https://www.mappls.com/place-foreigners+regional+registration+office-ajc+bose+road-sreepally-bhawanipore-kolkata-west+bengal-700020-a1be33@zdata=MjIuNTQxMTU4Kzg4LjM0OTAzNysxNythMWJlMzMrKw==ed
3658,ford global technology & business center,22200,9,437,$0,7,14,https://www.mappls.com/qhgspf
3659,star city,22200,16,130,$0.13,2,41,https://www.mappls.com/place-star+city-gs+road-lachit+nagar-guwahati-assam-781007-FYCVJD@zdata=MjYuMTcyNDQ1KzkxLjc2MDY5KzE3K0ZZQ1ZKRCsrbnI=ed
3660,shastri circle,22200,27,53,$0,4,26,https://www.mappls.com/zx2vr1
3661,dmart kushaiguda,22200,4,2160,$0.14,6,26,https://www.mappls.com/7uk8e3
3662,coca cola hindustan,22200,35,46,$0.11,5,33,https://www.mappls.com/nqnxqo
3663,central mall in jp nagar,22200,15,166,$0.09,5,22,https://www.mappls.com/fddczw
3664,bus stand in indore,22200,15,333,$0.10,2,21,https://www.mappls.com/place-sarwate+bus+stand-ushaganj-indore-madhya+pradesh-452001-DCE5EF@zdata=MjIuNzEzMTMrNzUuODc1NDE3KzE3K0RDRTVFRisrbnI=ed
3665,building construction department bihar,22200,29,46,$0,1,11,https://www.mappls.com/kvn78l
3666,blueberries fashion house,12100,12,333,$0.30,12,26,https://www.mappls.com/wjf2om
3667,meja road,22200,41,46,$0,1,19,https://www.mappls.com/place-meja+road+police+chowki-mirzapur+road-meja-prayagraj+district-uttar+pradesh-212303-L93AGC@zdata=MjUuMjE5OTE4KzgyLjA4MjI3NCsxNytMOTNBR0MrK25yed
3668,manchar bus stand,18100,9,750,$0.17,1,18,https://www.mappls.com/place-manchar+msrtc+bus+station-patilwada-manchar-maharashtra-410503-XE90LQ@zdata=MTkuMDAxMjA0KzczLjk0NDA3NSsxNytYRTkwTFErK25yed
3669,m block gk 2,22200,6,1041,$0.08,4,23,https://www.mappls.com/tdd265
3670,lucknow bench of allahabad high court,18100,18,124,$0.12,3,27,https://www.mappls.com/xw25pv
3671,kurla lokmanya tilak terminus,22200,18,202,$0.06,2,22,https://www.mappls.com/place-lokmanya+tilak+terminus-pipeline+road-lokmanya+tilak+terminus+railway+yard-kurla+east-mumbai-maharashtra-400089-3qfxrq@zdata=MTkuMDcxMTQxKzcyLjg5MTAwNisxNyszcWZ4cnErKw==ed
3672,sagar complex,22200,9,437,$0.10,4,17,https://www.mappls.com/place-sagar+complex-ovali-dapode-bhiwandi-maharashtra-421302-POMOIJ@zdata=MTkuMjUyMzAyKzczLjA1MzQ5MisxNytQT01PSUorKw==ed
3673,safdarjung development area market,22200,12,333,$0,1,17,https://www.mappls.com/24ukln
3674,safdarjung airport delhi,22200,57,46,$0.16,5,18,https://www.mappls.com/3lw39z
3675,ravindra bharathi,22200,32,46,$0,9,27,https://www.mappls.com/place-ravindra+bharathi-saifabad-hyderabad-telangana-500004-IMFBV1@zdata=MTcuNDAzNDcrNzguNDY2OTE0KzE3K0lNRkJWMSsred
3676,pvr nanded,18100,14,130,$0.03,1,24,https://www.mappls.com/wcrfkf
3677,pudukkottai bus stand,40500,7,750,$0.20,2,20,https://www.mappls.com/place-bus+stop-pudukottai+road-pudukkottai-pudukkottai+district-tamil+nadu-622003-ecs186@zdata=MTAuMzU0MzQ4Kzc4LjgwMzk4KzE3K2VjczE4Nisred
3678,pride plaza hotel ahmedabad,22200,18,124,$0.32,43,20,https://www.mappls.com/place-pride+plaza+hotel+ahmedabad-judges+bungalow+road-off+sg+road-ahmedabad-gujarat-380054-86EB36@zdata=MjMuMDM4MDkyKzcyLjUxNDUwNCsxNys4NkVCMzYrK25yed
3679,poornima palace convention centre,22200,7,1462,$0.09,8,20,https://www.mappls.com/zygjtr
3680,police headquarters,18100,74,46,$0,6,25,"https://www.mappls.com/police+stations/near/30.321367,78.036179"
3681,pataudi palace pataudi,22200,21,113,$0.02,1,33,https://www.mappls.com/25ss81
3682,pacific mall subhash nagar delhi,22200,17,113,$0.04,7,28,https://www.mappls.com/afss11
3683,okhla ph 1,22200,21,95,$0.07,2,19,https://www.mappls.com/q07dc2
3684,noida golf course,27100,16,202,$0,7,24,https://www.mappls.com/place-noida+golf+course-captain+shashikant+sharma+marg-sector+43-noida-uttar+pradesh-201303-8e4tt1@zdata=MjguNTYzOTgxKzc3LjM0NDQ3MysxNys4ZTR0dDErKw==ed
3685,shiv shakti mandir,18100,13,568,$0.14,2,20,https://www.mappls.com/0yxm9t
3686,shanti vihar,22200,36,46,$0.13,4,18,https://www.mappls.com/place-shanti+vihar-hardev+colony-jagatpura-jaipur-rajasthan-302029-ZHNEJD@zdata=MjYuODI1MjkzKzc1Ljc5Njg4NisxNytaSE5FSkQrKw==ed
3687,godrej genesis building,22200,18,113,$0.51,5,21,https://www.mappls.com/ywg8lt
3688,geeta nagar,18100,20,95,$0,8,26,https://www.mappls.com/l9f9nb
3689,distance to jaipur,18100,4,2160,$0,1,18,https://www.mappls.com/direction-from-current-location-to-jaipur+rajasthan+jaipur?@zdata=ZnJvbSsrdG8rNzUuODAxMjkyLDI2LjkxNzg1OCwzVDdYVjYrdmlh
3690,kangra fort kangra himachal pradesh,22200,60,46,$0.04,5,36,https://www.mappls.com/place-kangra+fort-kangra+town-kangra-kangra+district-himachal+pradesh-176001-cds3a6@zdata=MzIuMDg2OTI3Kzc2LjI1MzY5NysxNytjZHMzYTYrKw==ed
3691,k d singh babu stadium,22200,27,48,$0.14,5,23,https://www.mappls.com/3rbxxj
3692,jayanti cinemas,22200,13,130,$0.05,1,21,https://www.mappls.com/5dbss6
3693,jaipur ghat gate,18100,6,2160,$0,8,21,https://www.mappls.com/mk5rna
3694,ibis chennai omr,22200,20,73,$0.24,28,28,https://www.mappls.com/bhbxe2
3695,hyderabad kukatpally pincode,22200,34,46,$0,1,16,https://www.mappls.com/place-kukatpally+post+office-balaji+nagar-kukatpally-hyderabad-telangana-500072-A27S2T@zdata=MTcuNDgzNzg3Kzc4LjQxMTc2NisxNytBMjdTMlQrK25yed
3696,hbt trauma care centre jogeshwari,22200,32,46,$0.10,4,18,https://www.mappls.com/place-hospitals-near-jogeshwari%20balthakrey%20hospital-balasaheb%20thackeray%20flyover-geetanjali%20railway%20colony-momin%20nagar-jogeshwari%20west-mumbai-maharashtra-400063-lc9xaj?@zdata=MTkuMTQxMDErNzIuODUzOTQ2KzE2Kytob3NwaXRhbHMrZWw=ed
3697,gandhi vihar,22200,13,333,$0,6,26,https://www.mappls.com/fm5jyl
3698,ama cafe rajpur road,12100,19,124,$0.16,7,23,https://www.mappls.com/b2c5q7
3699,4th main road,22200,30,46,$0.16,5,23,https://www.mappls.com/place-unit+4+hospital-unit+4+main+street-bhouma+nagar-bhubaneswar-odisha-751001-efb2t6@zdata=MjAuMjc5NjgzKzg1LjgzNDAxNSsxNytlZmIydDYrKw==ed
3700,zoo road,18100,17,130,$0,11,27,https://www.mappls.com/x5ag6d
3701,sukhdev vihar metro station,22200,21,59,$0,1,11,https://www.mappls.com/place-sukhdev+vihar+metro+station-mp+road-masihgarh-new+delhi-delhi-110025-hn9rw5@zdata=MjguNTU5ODErNzcuMjc1MTA0KzE3K2huOXJ3NSsred
3702,silver park,22200,84,46,$0.12,4,19,https://www.mappls.com/place-silver+jubilee+park-sector+31-gurugram-haryana-122001-TBF448@zdata=MjguNDU3NjEzKzc3LjA0ODI3MisxNytUQkY0NDgrK25yed
3703,sai baba temple borivali east,22200,10,1041,$0.16,3,17,https://www.mappls.com/t9vnn7
3704,ramaswamy circle,18100,6,3596,$0.22,6,19,https://www.mappls.com/2r22vd
3705,voc park zoo,27100,17,166,$0.13,5,41,https://www.mappls.com/place-voc+park+mini+zoo-24-jail+road-att+colony-gopalapuram-coimbatore-tamil+nadu-641018-eedc36@zdata=MTEuMDA3NzAxKzc2Ljk3MDc0MSsxNytlZWRjMzYrKw==ed
3706,vizianagaram junction,22200,17,124,$0.09,1,21,https://www.mappls.com/place-vizianagaram+junction+railway+station-railway+station+area-vizianagaram-andhra+pradesh-535003-473c4c@zdata=MTguMTExNDMrODMuMzk2MDg1KzE3KzQ3M2M0Yysred
3707,tr nagar,22200,53,46,$0.14,5,19,https://www.mappls.com/place-tr+shamanna+park-nr+colony-basavanagudi-bengaluru-karnataka-560004-A41E43@zdata=MTIuOTQyNjU1Kzc3LjU2OTA5KzE3K0E0MUU0Mysred
3708,the park navi mumbai belapur,22200,19,95,$0.20,37,23,https://www.mappls.com/7ee3t3
3709,ksrtc bus stand alappuzha,22200,11,568,$0.07,3,14,https://www.mappls.com/place-alappuzha+ksrtc+bus+terminal-jetty+road-mullackal-alappuzha-kerala-688011-TBC338@zdata=OS41MDAxNzcwMDAwMDAxKzc2LjM0Njk0NysxNytUQkMzMzgrKw==ed
3710,kohinoor city mall,22200,11,437,$0,7,22,https://www.mappls.com/place-kohinoor+city+mall+parking-44-premier+road-kurla+west-mumbai-maharashtra-400070-iz9qcz@zdata=MTkuMDgyMzQrNzIuODg1NDQzKzE3K2l6OXFjeisred
3711,khar gymkhana,22200,29,46,$0,11,28,https://www.mappls.com/77dd2e
3712,jubilee walk sector 70 mohali,12100,18,124,$0.23,7,20,https://www.mappls.com/ujoex3
3713,nandi link grounds,22200,11,437,$0.08,5,19,https://www.mappls.com/place-nandi+link+grounds-bangarappa+nagar+road-pantarapalya-bengaluru-karnataka-560039-p7yz05@zdata=MTIuOTQwMzA0Kzc3LjUzMTA4NysxNytwN3l6MDUrKw==ed
3714,missionary hospital,22200,31,46,$0.11,2,36,https://www.mappls.com/t347ed
3715,mgr nagar chennai,22200,11,437,$0,4,21,https://www.mappls.com/place-chennai+corporation+school-voc+street-mgr+nagar-nesapakkam-chennai-tamil+nadu-600078-q4j1tt@zdata=MTMuMDM2MTEyKzgwLjE5NjM0MSsxNytxNGoxdHQrKw==ed
3716,meerut bus stand,27100,20,113,$0.11,1,21,https://www.mappls.com/iwnn0z
3717,mayank blue water park indore,18100,22,95,$0,4,12,https://www.mappls.com/place-mayank+blue+water+park-bicholi+mardana-konodia+road-indore-madhya+pradesh-452016-14t117@zdata=MjIuNzA3NDU5Kzc1LjkyNTI2NSsxNysxNHQxMTcrKw==ed
3718,max mueller bhavan,22200,22,95,$0.15,6,21,https://www.mappls.com/nwodux
3719,marriott hyderabad,22200,66,46,$0.19,55,41,https://www.mappls.com/4c3jft
3720,malegaon jahangir,22200,42,46,$0,1,24,https://www.mappls.com/place-vijaya+laxmi+guest+house-athwada+bazar-malegaon-district+washim-malegaon+jahangir-maharashtra-444503-uhixwt@zdata=MjAuMjM4MzU3Kzc3LjAwMTkwMisxNyt1aGl4d3QrKw==ed
3721,majri chowk market,22200,5,1462,$0.07,2,20,https://www.mappls.com/25116o
3722,lal mandir delhi,22200,35,46,$0.09,3,28,https://www.mappls.com/place-shree+digambar+jain+lal+mandir-chandni+chowk-opposite+red+fort-new+delhi-delhi-110006-E3B7D7@zdata=MjguNjU1ODg4Kzc3LjIzNjEyOCsxNytFM0I3RDcrKw==ed
3723,pollachi thangam theatre,18100,13,202,$0.01,1,20,https://www.mappls.com/place-thangam+cinema+hall-pollachi+valparai+road-suleeswaranpatti-tamil+nadu-642006-RL868Z@zdata=MTAuNjQ0MjkrNzcuMDA3NjcyKzE3K1JMODY4Wisred
3724,dr karni singh shooting range,22200,28,46,$0,6,13,https://www.mappls.com/cox4yw
3725,district court gurgaon,18100,7,750,$0.10,1,18,https://www.mappls.com/1ce22t
3726,crowne plaza ahmedabad,27100,25,53,$0.10,19,27,https://www.mappls.com/6kv958
3727,closest hotels to my location,22200,32,46,$0.20,74,34,https://www.mappls.com/hotels-near-me
3728,hindustan park kolkata,22200,13,333,$0.12,4,19,https://www.mappls.com/74425a
3729,guru theatre madurai,22200,15,130,$0.02,5,21,https://www.mappls.com/3b367a
3730,golani naka,22200,17,130,$0.15,3,19,https://www.mappls.com/place-golani+naka+bus+stop-golani+naka-vasai+virar-maharashtra-401208-G4DNED@zdata=MTkuNDEzNjkyKzcyLjg1ODMwMysxNytHNERORUQrK25yed
3731,ganga vihar mahim,22200,8,1041,$0.16,3,17,https://www.mappls.com/place-ganga+vihar+fast+food-manmala+tank+road-mahim-mumbai-maharashtra-400016-oq5b92@zdata=MTkuMDMwNTM4KzcyLjg0NTY5KzE3K29xNWI5Misred
3732,foreshore estate chennai,14800,29,46,$0.25,16,19,https://www.mappls.com/place-foreshore+estate+beach-dummingkuppam-mylapore-chennai-tamil+nadu-600004-gmzp72@zdata=MTMuMDM2NjI4KzgwLjI4MDUzMysxNytnbXpwNzIrKw==ed
3733,bhadrak bus stand,18100,3,2160,$0,1,19,https://www.mappls.com/s6e7d1
3734,ayodhya chowk,18100,11,568,$0,12,27,https://www.mappls.com/itj5bi
3735,arrs cinemas salem,22200,13,166,$0.19,2,21,https://www.mappls.com/s6e7fa
3736,andhra atm,22200,29,48,$0.04,1,20,https://www.mappls.com/hh2s19
3737,alappuzha railway station prepaid taxi counter,22200,2,3596,$0.14,2,17,https://www.mappls.com/8m7qoi
3738,4 street,22200,15,202,$0.14,4,26,https://www.mappls.com/vetqy4
3739,udupi near me,22200,34,46,$0,1,20,https://www.mappls.com/place-restaurants-near-gujjarbettu%20bus%20stand-fisheries%20road-udupi-karnataka-576115-rg61mv?@zdata=MTMuMzk3NzY2Kzc0LjY5OTg3OCsxNisrcmVzdGF1cmFudHMrZWw=ed
3740,tirumala bus stand,12100,9,1041,$0.07,1,21,https://www.mappls.com/53ntfl
3741,the old house,22200,27,59,$0.04,2,22,https://www.mappls.com/x682u3
3742,telecom nagar gachibowli,22200,10,568,$0.21,7,22,https://www.mappls.com/place-telecom+nagar+ghmc+park-telecom+nagar-gachibowli-hyderabad-telangana-500032-LEWVO5@zdata=MTcuNDM0NTE1Kzc4LjM2NjEzNisxNytMRVdWTzUrKw==ed
3743,tcs yantra park,22200,24,53,$0,14,24,https://www.mappls.com/place-thane+tcs+approach+road-yantra+park-subhash+nagar-thane+west-thane-maharashtra-400601+thane-OXWLC6@zdata=MTkuMjE2MDYxKzcyLjk3MzgwMisxNytPWFdMQzY=ed
3744,sudama nagar indore,27100,27,51,$0.07,5,19,https://www.mappls.com/1sxi3i
3745,sringeri karnataka temple,22200,28,51,$0.11,1,39,https://www.mappls.com/2t5qg9
3746,vissannapeta,9900,17,130,$0.03,1,19,https://www.mappls.com/9uzscq
3747,pincode of kukatpally hyderabad,22200,33,46,$0,1,16,https://www.mappls.com/place-kukatpally+post+office-balaji+nagar-kukatpally-hyderabad-telangana-500072-A27S2T@zdata=MTcuNDgzNzg3Kzc4LjQxMTc2NisxNytBMjdTMlQrK25yed
3748,pincode for kukatpally,22200,36,46,$0,1,20,https://www.mappls.com/place-kukatpally+post+office-balaji+nagar-kukatpally-hyderabad-telangana-500072-A27S2T@zdata=MTcuNDgzNzg3Kzc4LjQxMTc2NisxNytBMjdTMlQrK25yed
3749,pattambi palakkad,18100,27,51,$0.06,1,19,"https://www.mappls.com/direction-from--to-+pattambi,+palakkad+district,+kerala,+679307?@zdata=ZnJvbSsrdG8rNzYuMTk4MjI2LDEwLjg3NTE2MSw2UFRUS1crdmlh"
3750,parbhani junction,18100,29,46,$0,1,23,https://www.mappls.com/place-parbhani+junction+railway+station-parbhani-maharashtra-431401-5DE25S@zdata=MTkuMjU3ODI4Kzc2Ljc3MzQ5KzE3KzVERTI1Uysred
3751,shiva valley,18100,29,46,$0.51,4,25,https://www.mappls.com/place-shiva+valley-south+anjuna+beach-near+flea+market-st+michael+vaddo-anjuna-goa-403509-2A763S@zdata=MTUuNTY4OTQ4KzczLjc0MjA3OCsxNysyQTc2M1MrK25yed
3752,sector 87,22200,35,46,$0.12,5,18,https://www.mappls.com/lr1y37
3753,sector 17 bus stand chandigarh,22200,32,46,$0.13,6,21,https://www.mappls.com/1a8c78
3754,salem radisson,22200,19,95,$0.46,27,24,https://www.mappls.com/2o3fzw
3755,rto pimpri chinchwad,22200,31,46,$0,6,21,https://www.mappls.com/place-new+regional+office+transport+pimpri+chinchwada-mahadev+balaji+landge+road-jal+vayu+vihar-sector+no+6-moshi-pimpri+chinchwad-maharashtra-412105-HZ4F0L@zdata=MTguNjU1MDgrNzMuODQ0MjQ3KzE3K0haNEYwTCsred
3756,rml lucknow hospital,22200,18,130,$0.17,1,27,https://www.mappls.com/ttfpzf
3757,rcp main gate,12100,1,6748,$0.10,9,17,https://www.mappls.com/65db46
3758,ramkrishna restaurant,22200,24,73,$0.11,3,21,https://www.mappls.com/place-ram+krishna+restaurant-camp+area-shop+6-moledina+road-opposite+westend+theatre-camp+area-pune-maharashtra-411040-CI9V9B@zdata=MTguNTE5MTQrNzMuODc4NjkzKzE3K0NJOVY5QisrbnI=ed
3759,supreme business park,22200,12,437,$0.25,6,16,https://www.mappls.com/20zo3j
3760,sonegaon lake nagpur,9900,19,166,$0.32,3,20,"https://www.mappls.com/direction-from--to-sonegaon+lake,+sonegaon+road,+pratap+nagar,+nagpur,+maharashtra,+440025?@zdata=ZnJvbSsrdG8rNzkuMDU0MzgxLDIxLjA5OTc0NixGQzQyMkIrdmlh"
3761,kumbh mela nashik location,18100,31,46,$0,1,30,"https://www.mappls.com/direction-from--to-kumbh+mela+nashik+panchavati,+nashik,+maharashtra,+422003?@zdata=ZnJvbSsrdG8rNzMuNzkyMjkyLDIwLjAwODc3MyxPWFkyN0ordmlh"
3762,joginder nagar hp,22200,62,46,$0.06,1,33,https://www.mappls.com/place-joginder+nagar+service+centre-main+bazar-district+mandi-joginader+nagar-jogindarnagar-himachal+pradesh-176120-VM4Z4X@zdata=MzEuOTg5MDk2Kzc2Ljc5MTcxNysxNytWTTRaNFgrKw==ed
3763,jawaharlal nehru memorial hall,22200,21,95,$0,6,13,https://www.mappls.com/place-jawaharlal+nehru+memorial+hall-dr+baba+saheb+ambedkar+path-agarkar+nagar-pune+cantt+township-pune-maharashtra-411001-831AA5@zdata=MTguNTE5OTEzKzczLjg3NTg1MisxNys4MzFBQTUrK25yed
3764,javagal,22200,39,46,$0,1,37,https://www.mappls.com/place-javagal+police+station-kariyaggi+devastana+road-arsikere-hassan+district-karnataka-573125-XQ83C5@zdata=MTMuMzAyMDg1Kzc2LjA1Njc5MysxNytYUTgzQzUrK25yed
3765,okhla phase 1 delhi,18100,26,53,$0,2,11,https://www.mappls.com/ydk1hc
3766,new delhi aiims hospital,22200,22,113,$0.08,9,30,https://www.mappls.com/place-all+india+institute+of+medical+sciences+hospital-aiims-sri+aurobindo+marg-ansari+nagar-new+delhi-delhi-110029-JQZUO3@zdata=MjguNTY3ODYxKzc3LjIwOTc0MisxNytKUVpVTzMrK25yed
3767,nearest cng station,22200,20,113,$0.01,1,22,https://www.mappls.com/cng%20station-near-me
3768,naroda india,18100,50,46,$0.08,3,22,"https://www.mappls.com/direction-from--to-,+naroda,+ahmedabad,+gujarat,+382330?@zdata=ZnJvbSsrdG8rNzIuNjYxNTcyLDIzLjA3MDY0OCxXTEc2NE8rdmlh"
3769,mumbai navy nagar,22200,32,46,$0.27,3,19,https://www.mappls.com/place-navy+nofra-nofra-navy+nagar-colaba-mumbai-maharashtra-400005-OSUOF5@zdata=MTguOTAyNTQrNzIuODA3ODYxKzE3K09TVU9GNSsred
3770,minerva theatre,18100,15,124,$0.20,1,24,https://www.mappls.com/place-minerva+theatre-kottarakkara+sasthamkotta+road-kottarakkara-kerala-691506-STT5A8@zdata=OS4wMDQyMjUwMDAwMDAxKzc2Ljc3MzA1NisxNytTVFQ1QTgrKw==ed
3771,divine mercy church,14800,26,53,$0,5,19,https://www.mappls.com/r9dm4m
3772,discovery liquor warehouse,14800,9,750,$0.39,1,13,https://www.mappls.com/place-discovery+liquor+warehouse-sector+53-gurugram-haryana-122002-pu5gyr@zdata=MjguNDQyNjA1Kzc3LjEwMTQxMisxNytwdTVneXIrKw==ed
3773,daya hospital kerala,18100,23,53,$0.13,1,13,https://www.mappls.com/ft1b5e
3774,cyber towers,40500,6,1462,$0.71,4,32,https://www.mappls.com/place-cyber+towers-hitec+city-madhapur-hyderabad-telangana-500081-166T81@zdata=MTcuNDUwMzgrNzguMzgxNDIzKzE3KzE2NlQ4MSsrbnI=ed
3775,cogent cogent,22200,71,46,$0.24,1,45,https://www.mappls.com/gxanq3
3776,civil hospital sector 10,22200,5,1041,$0.11,5,29,https://www.mappls.com/place-gurugram+civil+hospital+sector+10-basai+road-sector+10-gurugram-haryana-122001-7f8711@zdata=MjguNDU2MTc2Kzc2Ljk5NzM3NysxNys3Zjg3MTErKw==ed
3777,civil hospital canteen,22200,14,166,$0.08,7,21,https://www.mappls.com/coi5dk
3778,chandigarh bus stand sector 17,22200,29,46,$0.10,5,21,https://www.mappls.com/place-sector+17+inter+state+bus+terminus-sector+17+bus+stand+road-sector+17-chandigarh-160017-s66tt7@zdata=MzAuNzM1NjI2Kzc2Ljc3OTM1MisxNytzNjZ0dDcrKw==ed
3779,ibis hotel nashik,22200,25,51,$0.21,33,29,https://www.mappls.com/okxrl3
3780,i g park,22200,24,73,$0.11,5,19,https://www.mappls.com/7da485
3781,hsr layout police station,22200,5,2160,$0,17,17,https://www.mappls.com/place-hsr+layout+police+station-27th+main+road-bosappa+layout-hsr+layout-bengaluru-karnataka-560102-JFQW77@zdata=MTIuOTIwMTUxKzc3LjY1MTI4OCsxNytKRlFXNzcrK25yed
3782,hotel mountview chandigarh,18100,23,53,$0.14,22,25,https://www.mappls.com/place-hotel+mountview-sector+10a-chandigarh-chandigarh-160011-SSE8FF@zdata=MzAuNzU0MTY2Kzc2Ljc4ODYwNCsxNytTU0U4RkYrK25yed
3783,haryana mewat hotel,18100,7,1462,$0.05,1,20,https://www.mappls.com/place-new+haryana+mewat+hotel-nh+248a-indri-nuh+district-haryana-122103-b62lez@zdata=MjguMTc3NTMzKzc3LjA3MDczMSsxNytiNjJsZXorKw==ed
3784,gwalior junction,27100,26,48,$0,1,26,https://www.mappls.com/place-gwalior+junction+railway+station-railway+station+area-thatipur-gwalior-madhya+pradesh-474002-FC67CC@zdata=MjYuMjE2MTY5Kzc4LjE4MjY2NCsxNytGQzY3Q0MrK25yed
3785,guru har sahai,22200,14,202,$0,1,19,https://www.mappls.com/cb2fdc
3786,gujarat gas circle,22200,11,333,$0,6,21,https://www.mappls.com/place-gujarat+gas-mayavanshi-adajan-surat-gujarat-395009-LDXQQ9@zdata=MjEuMTkxNzM0KzcyLjc5NjA5NysxNytMRFhRUTkrKw==ed
3787,govt wine & beer shop,14800,11,568,$0,1,21,https://www.mappls.com/xc9wgu
3788,geeta colony police station,22200,4,3596,$0,4,13,https://www.mappls.com/place-geeta+colony+police+station-3$164-patparganj+road-jheel+khurenja-geeta+colony-new+delhi-delhi-110051-TCF8CS@zdata=MjguNjU1Mzg1Kzc3LjI3NjE1OCsxNytUQ0Y4Q1MrK25yed
3789,flipkart hub near me,18100,10,437,$0.82,1,11,https://www.mappls.com/place-flipkart-transport+nagar-rangbari-kota-rajasthan-324010-5IBUN1@zdata=MjUuMTI5MDgxKzc1Ljg1MzQ1KzE3KzVJQlVOMSsred
3790,aundh gaon,22200,16,166,$0,6,26,https://www.mappls.com/77tbs8
3791,ampa skywalk pvr,12100,18,95,$0.08,8,19,https://www.mappls.com/6cyodd
3792,akola bus stand,22200,9,1041,$0,1,20,https://www.mappls.com/place-akola+bus+stand-railway+station+road-old+radhakisan+plots-akola-maharashtra-444001-BABT32@zdata=MjAuNzA3NTUrNzcuMDAzNjE5KzE3K0JBQlQzMisred
3793,ahmad pur,22200,75,46,$0.09,1,26,https://www.mappls.com/place-ahmadpur+police+station-jharkheda+berasia+road-shyampur-sehore+district-madhya+pradesh-466665-ofsb1p@zdata=MjMuNTEzOCs3Ny4yMTY5KzE3K29mc2IxcCsred
3794,whole india map,27100,21,95,$0.01,93,39,https://about.mappls.com/india-map/
3795,wazirabad delhi india,22200,61,46,$0.13,2,23,https://www.mappls.com/0soout
3796,j p nagar central mall,22200,13,202,$0.09,5,23,https://www.mappls.com/fddczw
3797,infosys in bangalore,1300,29,48,$0,1,13,https://www.mappls.com/flndqy
3798,infosys bengaluru,22200,26,53,$0.12,1,44,https://www.mappls.com/kkkrnw
3799,indore bus stand,22200,12,568,$0.05,3,19,https://www.mappls.com/place-sarwate+bus+stand-ushaganj-indore-madhya+pradesh-452001-DCE5EF@zdata=MjIuNzEzMTMrNzUuODc1NDE3KzE3K0RDRTVFRisrbnI=ed
3800,hotel marine plaza,22200,21,73,$0.17,28,28,https://www.mappls.com/place-hotel+marine+plaza+mumbai-29-marine+drive-church+gate-mumbai-maharashtra-400020-635c15@zdata=MTguOTMxMjA2KzcyLjgyMjk5NysxNys2MzVjMTUrKw==ed
3801,gandhi maidan patna,22200,39,46,$0,2,20,https://www.mappls.com/5d2c25
3802,katwa railway station,14800,24,95,$0.06,1,19,https://www.mappls.com/place-katwa+junction+railway+station-jajigram-katwa-west+bengal-713130-st7f14@zdata=MjMuNjQrODguMTIzNTI1KzE3K3N0N2YxNCsred
3803,vinay nagar,22200,16,166,$0.36,3,25,https://www.mappls.com/gy3sj5
3804,university road,22200,65,46,$0.14,4,21,https://www.mappls.com/ocl3c6
3805,mayank water park indore,18100,10,750,$0,4,12,https://www.mappls.com/place-mayank+blue+water+park-bicholi+mardana-konodia+road-indore-madhya+pradesh-452016-14t117@zdata=MjIuNzA3NDU5Kzc1LjkyNTI2NSsxNysxNHQxMTcrKw==ed
3806,maruthi medicals,18100,9,750,$0.31,3,24,https://www.mappls.com/ix97p7
3807,location of nageshwar jyotirlinga,33100,29,46,$0.04,1,20,https://www.mappls.com/848t1f
3808,lb nagar bus stand,8100,8,2160,$0.18,10,15,https://www.mappls.com/place-lb+nagar+district+bus+stop-hyderabad+vijayawada+highway-saraswathi+nagar-chandrapuri+colony-lb+nagar-hyderabad-telangana-500074-JU6X3H@zdata=MTcuMzQzNzI1Kzc4LjU1NTUzNisxNytKVTZYM0grK25yed
3809,ram manohar lohia hospital lucknow,18100,22,95,$0.29,1,11,https://www.mappls.com/ttfpzf
3810,pvr marketcity kurla,22200,25,48,$0.06,1,20,https://www.mappls.com/ib67f3
3811,pride hotel ahmedabad,22200,23,53,$0.41,33,22,https://www.mappls.com/place-pride+plaza+hotel+ahmedabad-judges+bungalow+road-off+sg+road-ahmedabad-gujarat-380054-86EB36@zdata=MjMuMDM4MDkyKzcyLjUxNDUwNCsxNys4NkVCMzYrK25yed
3812,police ground,22200,11,750,$0.12,4,20,https://www.mappls.com/4852as
3813,pin code madhapur,22200,63,46,$0,1,27,https://www.mappls.com/place-madhapur+post+office-sri+sai+nagar-madhapur-hyderabad-telangana-500081-EFS7SR@zdata=MTcuNDQxODI3Kzc4LjM5MDkwNSsxNytFRlM3U1IrK25yed
3814,pims hospital jalandhar,22200,21,73,$0.74,1,20,https://www.mappls.com/fu1ayq
3815,our lady lourdes church,12100,26,53,$0.21,11,34,https://www.mappls.com/place-our+lady+of+lourdes+church-hosur-tamil+nadu-635126-0GMJC6@zdata=MTIuNzU2NTY4Kzc3LjgyNTg2NisxNyswR01KQzYrKw==ed
3816,nri circle,18100,10,568,$0,9,26,"https://www.mappls.com/direction-from--to-jaipur+261$27,+sec+26,+near+nri+circle,+pratap+nagar,+jaipur,+rajasthan,+302033+jaipur?@zdata=ZnJvbSsrdG8rNzUuODM5NjAyLDI2LjgwNTEzNCwyOUI2WjArdmlh"
3817,navi mumbai international airport ulwe pargaon dungi maharashtra,22200,26,46,$0.10,1,19,https://www.mappls.com/place-navi+mumbai+international+airport-ulwe-navi+mumbai-maharashtra-410206-orm3pj@zdata=MTguOTkyODIzKzczLjA1NzQzKzE3K29ybTNwaisred
3818,mundra mundra,22200,43,46,$0.08,1,33,https://www.mappls.com/in7elu
3819,salem murugan temples,22200,19,202,$0.09,1,18,https://www.mappls.com/place-murugan+temple-salem-salem+district-tamil+nadu-636203-ja7d82@zdata=MTEuNTU4MTg5Kzc4LjE0MDEyNSsxNytqYTdkODIrKw==ed
3820,rmz infinity work,14800,26,51,$0.24,5,15,https://www.mappls.com/place-rmz+infinity-sector+18-gurugram-haryana-122015-pm16qg@zdata=MjguNDkwMTUrNzcuMDc4Njc5KzE3K3BtMTZxZysred
3821,rathna fan house in chennai,22200,27,46,$0.06,12,20,https://www.mappls.com/1wbtth
3822,gold tower,22200,59,46,$0.23,4,19,https://www.mappls.com/place-golden+tower-kuttichira+road-kalathode-thrissur-kerala-680005-1MTAJQ@zdata=MTAuNTI0MDg1Kzc2LjI1MTE3NSsxNysxTVRBSlErKw==ed
3823,full map of india,27100,24,73,$0.01,93,31,https://about.mappls.com/india-map/
3824,fancy market,22200,18,202,$0,1,25,https://www.mappls.com/place-fancy+bazaar+market+complex-ms+road-fancy+bazar-guwahati-assam-781001-LCYU4T@zdata=MjYuMTgxMis5MS43MzgwNDcrMTcrTENZVTRUKys=ed
3825,distance jaipur,22200,14,166,$0,1,15,https://www.mappls.com/direction-from-current-location-to-jaipur+rajasthan+jaipur?@zdata=ZnJvbSsrdG8rNzUuODAxMjkyLDI2LjkxNzg1OCwzVDdYVjYrdmlh
3826,daya hospital in thrissur,18100,27,46,$0.13,1,13,https://www.mappls.com/ft1b5e
3827,block 1 a,22200,21,95,$0.09,2,19,https://www.mappls.com/7a3rrb
3828,bhubaneswar aiims hospital,40500,19,202,$0,1,26,https://www.mappls.com/place-aiims+bhubaneswar-sijua+patrapada-all+india+institute+of+medical+sciences+bhubaneswa-sijua-patrapada-bhubaneswar-odisha-751019-8URSIK@zdata=MjAuMjMxNTA4MDc2OSs4NS43NzYwMDI5NjA0KzE3KzhVUlNJSysrbnI=ed
3829,bandra station east,14800,11,568,$0.08,5,19,https://www.mappls.com/place-bandra+railway+station+east-bandra+east-mumbai-maharashtra-400051-EBDFT5@zdata=MTkuMDU0ODYrNzIuODQwOTc1KzE3K0VCREZUNSsrbnI=ed
3830,angamaly little flower,22200,39,46,$0.79,1,20,https://www.mappls.com/drhzpk
3831,amour bistro delhi,22200,21,95,$0,1,20,https://www.mappls.com/place-amour+bistro-chanakyapuri-10$48-near+yes+bank-malcha+marg+shopping+complex-chanakyapuri-new+delhi-delhi-110021-sove0k@zdata=MjguNjAxNzMzKzc3LjE4NjEzMisxNytzb3ZlMGsrKw==ed
3832,acharya jagadish chandra bose botanical garden,22200,21,95,$0.08,3,26,https://www.mappls.com/ay9iut
3833,aashiyana,22200,31,48,$0.87,2,38,https://www.mappls.com/veodgv
3834,40 ft road,22200,39,46,$0.10,4,18,https://www.mappls.com/bx36vm
3835,city civil court hyderabad,18100,14,130,$0.09,2,15,https://www.mappls.com/place-city+civil+court-chatta+bazar+road-darulshifa-hyderabad-telangana-500002-oyqmfz@zdata=MTcuMzY4MTYxODUzMzA3Kzc4LjQ3ODcxODY5NjcwMisxNytveXFtZnorKw==ed
3836,church of divine mercy,18100,24,73,$0.08,4,30,https://www.mappls.com/r9dm4m
3837,bugle rock park bangalore,22200,36,46,$0,3,12,https://www.mappls.com/place-bugle+rock+park-bull+temple+road-basavanagudi-bengaluru-karnataka-560004-MXD7AK@zdata=MTIuOTQzMTExKzc3LjU2OTMzMSsxNytNWEQ3QUsrK25yed
3838,swiggy office,33100,18,130,$0.80,7,30,https://www.mappls.com/9bn72m
3839,swachh public toilet,27100,81,46,$0.05,1,16,https://www.mappls.com/place-swachh+public+toilet-panchbati+market-saket+nagar-bhopal-madhya+pradesh-462024-TCTZRF@zdata=MjMuMjE4ODc1Kzc3LjQ1Njk5OSsxNytUQ1RaUkYrK25yed
3840,starbucks bangalore indiranagar,2900,34,46,$0.07,1,19,https://www.mappls.com/place-starbucks-cmh+road-cmh+road-first+stage-indiranagar-721-binnamangala+stage+1-chinmaya+mission+hospital+road-ground+floor-bengaluru-karnataka-560038-5ICW79@zdata=MTIuOTc4Mjc4Kzc3LjY0NTA0MysxNys1SUNXNzkrK25yed
3841,rose valley,33100,17,124,$0,1,27,https://www.mappls.com/place-rose+valley-raghunath+pur-kolkata-west+bengal-700059-DQK3XJ@zdata=MjIuNjE4OTEyKzg4LjQzMTY5KzE3K0RRSzNYSisred
3842,villupuram kalyan theatre,18100,13,202,$0.07,1,20,https://www.mappls.com/e76fet
3843,umrao mall,18100,25,48,$0.22,7,20,https://www.mappls.com/place-umrao+mall-near+badshah+nagar+metro+station-mahanagar-lucknow-uttar+pradesh-226006-w6oxxq@zdata=MjYuODcxMDI2KzgwLjk1ODQ3NysxNyt3Nm94eHErK25yed
3844,sirsa ohm,22200,24,51,$0.01,1,20,https://www.mappls.com/place-ohm+cine+garden-hissar+road-sirsa-sirsa+district-haryana-125060-vwio46@zdata=MjkuNTI5NDU3Kzc1LjEzMjQ2OCsxNyt2d2lvNDYrKw==ed
3845,shastri market,22200,10,750,$0,1,24,https://www.mappls.com/place-shastri+market-shastri+market-siyaganj-indore-madhya+pradesh-452007-3K5KFJ@zdata=MjIuNzE5NDA5Kzc1Ljg2NzA5OSsxNyszSzVLRkorKw==ed
3846,rvm institute of medical sciences and research center,18100,14,166,$0.05,1,14,https://www.mappls.com/vjes26
3847,upper bus depot,22200,48,46,$0.10,4,15,https://www.mappls.com/262sa4
3848,okhla phase 1,18100,15,333,$0,6,20,https://www.mappls.com/q07dc2
3849,near cng pump my location near me,27100,6,3596,$0.09,1,12,https://www.mappls.com/cng%20station-near-me
3850,nalgonda bus stand,22200,11,750,$0.09,1,21,https://www.mappls.com/place-nalgonda+bus+station-md+7086-ramagiri-nalgonda-telangana-508001-deda5f@zdata=MTcuMDU1NjY2Kzc5LjI3NDc0MSsxNytkZWRhNWYrKw==ed
3851,nageshwar temple gujarat,22200,95,46,$0.09,1,13,https://www.mappls.com/848t1f
3852,mvp colony vizag,18100,25,53,$0.13,10,22,https://www.mappls.com/k85ibw
3853,metro station khan market,22200,46,46,$0,1,15,https://www.mappls.com/81fb54
3854,m2k pitampura rani bagh,22200,13,166,$0.06,1,20,https://www.mappls.com/place-m2k+cinemas-pitampura-4-community+centre-m2k+complex-road+no+44-opposite+punjab+national+bank-rani+bagh-new+delhi-delhi-110034-41B2S5@zdata=MjguNjg5MzQyKzc3LjEzMzIwNisxNys0MUIyUzUrK25yed
3855,lotus valley indore,22200,14,333,$0,1,19,https://www.mappls.com/place-lotus+lake-gulawat+lotus+valley+road-hatod-indore+district-madhya+pradesh-453115-HLU10T@zdata=MjIuNzgzMTcyKzc1LjY5MDc3OSsxNytITFUxMFQrKw==ed
3856,salem arrs multiplex,18100,9,333,$0.06,3,21,https://www.mappls.com/s6e7fa
3857,royal city,22200,32,46,$0.14,4,19,https://www.mappls.com/place-royal+city-royal+city-thapar+nagar-ludhiana-punjab-141008-WY8FXQ@zdata=MzAuOTM4NjY0Kzc1LjgzODM5KzE3K1dZOEZYUSsred
3858,regency hospital kanpur,22200,18,130,$0.23,14,24,https://www.mappls.com/place-regency+hospital+ltd-a2-sarvodaya+nagar-kanpur+nagar-kanpur-uttar+pradesh-208005-oex8mj@zdata=MjYuNDc5OCs4MC4zMDExKzE3K29leDhtaisred
3859,raheja mindspace building 12d,14800,28,48,$0.13,9,24,https://www.mappls.com/p2xvox
3860,r r residency,22200,40,46,$0.16,4,18,https://www.mappls.com/place-rr+residency-818-bagalur+road-hosur-tamil+nadu-635109-dzqon9@zdata=MTIuNzM2NjE3Kzc3LjgzMDEwNisxNytkenFvbjkrKw==ed
3861,prism towers,22200,18,124,$0.14,6,11,https://www.mappls.com/2yuuf6
3862,pincode whitefield,22200,59,46,$0,1,19,https://www.mappls.com/place-whitefield+railway+station-kadugodi-bengaluru-karnataka-560067-s28b65@zdata=MTIuOTk2MTA1Kzc3Ljc2MTU2NCsxNytzMjhiNjUrKw==ed
3863,patel nagar metro station,22200,20,95,$0,4,13,https://www.mappls.com/place-patel+nagar+metro+station-patel+road-block+2-patel+nagar+west-new+delhi-delhi-110008-c82asf@zdata=MjguNjQ1MDQ4Kzc3LjE2OTI4KzE3K2M4MmFzZisred
3864,patan pin code,12100,34,46,$0,1,13,https://www.mappls.com/place-patan+railway+station-station+road-patan-gujarat-384265-ee5fcd@zdata=MjMuODUzNDc2KzcyLjEzMTQ1OCsxNytlZTVmY2QrKw==ed
3865,hiranandani kensington sez,22200,20,73,$0.13,2,15,https://www.mappls.com/1dojs9
3866,hindustan park,22200,11,568,$0.12,4,19,https://www.mappls.com/74425a
3867,ganga theatre hyderabad,22200,8,750,$0.08,2,17,https://www.mappls.com/place-ganga+theatre-saroor+nagar-ramakrishnapuram-hyderabad-telangana-500035-54E634@zdata=MTcuMzcxMTczKzc4LjU0MjcxOCsxNys1NEU2MzQrK25yed
3868,gandhi vihar delhi,22200,43,46,$0,6,21,https://www.mappls.com/fm5jyl
3869,lal mandir in delhi,22200,33,48,$0.15,3,19,https://www.mappls.com/place-shree+digambar+jain+lal+mandir-chandni+chowk-opposite+red+fort-new+delhi-delhi-110006-E3B7D7@zdata=MjguNjU1ODg4Kzc3LjIzNjEyOCsxNytFM0I3RDcrKw==ed
3870,dharwad railway station,22200,35,46,$0,1,20,https://www.mappls.com/place-dharwar+railway+station-station+road-dharwad-karnataka-580007-SAS3CB@zdata=MTUuNDQyMzQ0Kzc1LjAwMTkyMisxNytTQVMzQ0IrK25yed
3871,deep hospital,22200,15,250,$0.13,4,19,https://www.mappls.com/u8jolg
3872,gov vet hospital near me,22200,6,1462,$0.11,5,20,https://www.mappls.com/place-government+animal+hospital-kashipur+to+rudrapur+road-kashipur-uttarakhand-244713-28vep5@zdata=MjkuMjA5MTcxKzc4Ljk2NTY4OSsxNysyOHZlcDUrKw==ed
3873,fortis escorts hospital jaipur,22200,12,250,$0.48,9,44,https://www.mappls.com/fgk7k7
3874,elite mission hospital,22200,12,333,$0.20,1,20,https://www.mappls.com/fs5t65
3875,ecr speedway,12100,19,124,$0.08,9,20,https://www.mappls.com/place-ecr+speedway+survey+no+3$481$a2-near+uthandi+bus+stand-east+coast+road-uthandi-kanathur+chennai-3XLZAF@WRzdata=MTIuODY3OTA5MDAwMDAwMSs4MC4yNDM5MjEwMDAwMDAxKzE3KzNYTFpBRg==ed
3876,delhi okhla phase 1,22200,35,46,$0.13,2,20,https://www.mappls.com/acd41t
3877,arrs theater salem,18100,14,130,$0.06,3,21,https://www.mappls.com/s6e7fa
3878,arjun marg,22200,28,51,$0.13,4,19,https://www.mappls.com/c1sdac
3879,albert theatre,22200,14,250,$0,2,25,https://www.mappls.com/3f2ffc
3880,block 15,22200,32,46,$0.09,3,19,https://www.mappls.com/seae8a
3881,upper bazar ranchi,22200,12,437,$0,7,22,https://www.mappls.com/dp3j9a
3882,udupi 2 mumbai,18100,17,250,$0.05,2,19,https://www.mappls.com/place-udupi+2+mumbai-ground+floor-bandra+kurla+complex-mumbai-maharashtra-400051-1KWBEY@zdata=MTkuMDYzODczKzcyLjg1OTY0NysxNysxS1dCRVkrK25yed
3883,tiranga chowk,22200,9,568,$0,3,25,https://www.mappls.com/place-tiranga+chowk+bus+stop-panchwati+road-gangjala-saharsa-bihar-852201-G5304U@zdata=MjUuODg2Nzg1Kzg2LjYwMzg1MSsxNytHNTMwNFUrK25yed
3884,world trade center chennai,40500,19,113,$1.84,1,17,https://www.mappls.com/4aphly
3885,wipro sarjapur,18100,8,1462,$0.12,9,24,https://www.mappls.com/lf9whb
3886,whitefield railway station parking,22200,7,1462,$0.11,8,14,https://www.mappls.com/place-parking-near-kadugodi%20police%20station%20gopal%20krishna%20nagar-kadugodi%20plantation-bengaluru-karnataka-560067%20bengaluru-KF92X6?@zdata=MTIuOTk1NDkrNzcuNzU3MzIyKzE2KytwYXJraW5nK2Vsed
3887,ssg hospital vadodara,22200,16,202,$0.09,7,14,https://www.mappls.com/og2oen
3888,shri kaal bhairav temple ujjain,110000,24,95,$0,2,22,https://www.mappls.com/4sw19p
3889,shell centre chennai,9900,20,73,$0.07,8,24,https://www.mappls.com/kur4k5
3890,roadways bus depot sikar,22200,27,46,$0.03,1,23,https://www.mappls.com/place-roadways+bus+depot-dhodh-sikar-rajasthan-332001-KGO0AU@zdata=MjcuNjAwMjI4Kzc1LjE1MTcyNysxNytLR08wQVUrK25yed
3891,sarjapur wipro,18100,7,2160,$0.12,9,20,https://www.mappls.com/lf9whb
3892,road no 10 banjara hills,18100,3,3596,$0,6,12,"https://www.mappls.com/direction-from--to-hyderabad+road+no+10,+banjara+hills,+hyderabad,+telangana,+500034+hyderabad,+rw6xoh?@zdata=ZnJvbSsrdG8rNzguNDQ4MDEyLDE3LjQxMzkxOCxydzZ4b2g7NzguNDQ4MTcxLDE3LjQxMzkscnc2eG9oK3ZpYQ=="
3893,radisson blu tonk road jaipur,33100,46,46,$0.10,47,29,https://www.mappls.com/tfcv9q
3894,pvr khanna,22200,23,51,$0.01,2,25,https://www.mappls.com/kqohph
3895,pvr in lower parel,22200,37,46,$0.07,7,21,https://www.mappls.com/uq8r0p
3896,pvr cinemas khanna,22200,25,46,$0.02,1,21,https://www.mappls.com/kqohph
3897,prestige polygon,22200,33,46,$0.61,7,27,https://www.mappls.com/place-prestige+polygon-rathna+nagar-teynampet-chennai-tamil+nadu-600035-CX8ORQ@zdata=MTMuMDMzMDIzKzgwLjI0NDI3MisxNytDWDhPUlErKw==ed
3898,police station geeta colony,22200,4,2160,$0.11,3,19,https://www.mappls.com/place-geeta+colony+police+station-3$164-patparganj+road-jheel+khurenja-geeta+colony-new+delhi-delhi-110051-TCF8CS@zdata=MjguNjU1Mzg1Kzc3LjI3NjE1OCsxNytUQ0Y4Q1MrK25yed
3899,pimpri rto,22200,30,46,$0.11,6,17,https://www.mappls.com/place-new+regional+office+transport+pimpri+chinchwada-mahadev+balaji+landge+road-jal+vayu+vihar-sector+no+6-moshi-pimpri+chinchwad-maharashtra-412105-HZ4F0L@zdata=MTguNjU1MDgrNzMuODQ0MjQ3KzE3K0haNEYwTCsred
3900,park ascent,22200,30,46,$0.16,24,32,https://www.mappls.com/place-park+ascent+hotel-plot+no+126-noida+khoda+road-sector+62-opposite+iim+lucknow+noida+campus-noida-uttar+pradesh-201309-cq4cjv@zdata=MjguNjIzNDQzKzc3LjM1NDg0NSsxNytjcTRjanYrKw==ed
3901,pan bazaar guwahati,18100,54,46,$0,4,20,https://www.mappls.com/place-pan+bazaar+police+station-hb+road-pan+bazar-guwahati-assam-781001-J39BB8@zdata=MjYuMTg0ODgrOTEuNzQwOTYyKzE3K0ozOUJCOCsrbnI=ed
3902,janta bazar,18100,17,202,$0,1,23,https://www.mappls.com/6st2fb
3903,india global map,27100,38,46,$0.01,46,55,https://www.mappls.com/
3904,hyderabad kukatpally pin code,27100,32,46,$0,1,13,https://www.mappls.com/place-kukatpally+post+office-balaji+nagar-kukatpally-hyderabad-telangana-500072-A27S2T@zdata=MTcuNDgzNzg3Kzc4LjQxMTc2NisxNytBMjdTMlQrK25yed
3905,gurgaon district court,18100,7,750,$0.03,1,18,https://www.mappls.com/1ce22t
3906,gulshan e iran restaurant mumbai,22200,22,95,$0.16,2,23,https://www.mappls.com/swxv2s
3907,juhu tara road,18100,8,1041,$0.42,4,20,"https://www.mappls.com/direction-from--to-,+juhu+tara+road,+santacruz+west,+mumbai,+maharashtra,+400054?@zdata=ZnJvbSsrdG8rNzIuODI3Mzc0LDE5LjA4NjAxOCwyMzQ1NUIrdmlh"
3908,lucknow high court,27100,14,202,$0.09,1,32,https://www.mappls.com/xw25pv
3909,lonavala bus stand,22200,51,46,$0,3,20,"https://www.mappls.com/direction-from--to-lonavala+bus+stand,+rao+colony,+lonavala,+maharashtra,+410401?@zdata=ZnJvbSsrdG8rNzMuNDA3MDMzLDE4Ljc1NDAzMSxFNDQ0RDUrdmlh"
3910,laxman vihar,22200,10,568,$0.10,4,17,https://www.mappls.com/place-laxman+vihar+bus+stop-dhanwanpur+road-sector+4-gurugram-haryana-122001-BD4QNE@zdata=MjguNDc4MTg4Kzc3LjAwNzQ1OCsxNytCRDRRTkUrK25yed
3911,khanna market,22200,14,333,$0,1,24,https://www.mappls.com/place-new+khanna+market-najaf+khan+road-lodhi+road-new+delhi-delhi-110003-S1DT7T@zdata=MjguNTgwMjMzKzc3LjIyMTQ0NisxNytTMURUN1QrKw==ed
3912,dmart shaikpet,22200,9,568,$0.23,2,25,https://www.mappls.com/94n1mt
3913,dayal paradise gomti nagar lucknow,22200,20,95,$0.22,17,21,https://www.mappls.com/caojh6
3914,cyber park,27100,33,46,$0,5,28,https://www.mappls.com/place-cyber+park+parking+area-cyber+tech+park-electronics+city+phase+1-bengaluru-karnataka-560100-8MV5N4@zdata=MTIuODM4MjE0Kzc3LjY2MzQ3NysxNys4TVY1TjQrK25yed
3915,coimbatore north,27100,59,46,$0.15,4,28,"https://www.mappls.com/direction-from--to-+coimbatore+north,+coimbatore+district,+tamil+nadu,+641108?@zdata=ZnJvbSsrdG8rNzYuOTEzMzE0LDExLjA2ODEwMSxCQ0I3NEMrdmlh"
3916,chhatrapati sambhaji maharaj garden,18100,16,437,$0,4,12,https://www.mappls.com/place-chhatrapati+sambhaji+raje+garden-jangali+maharaj+road-shivaji+nagar-pune-maharashtra-411005-h8es7l@zdata=MTguNTIwNTIzKzczLjg0NjMyKzE3K2g4ZXM3bCsred
3917,general bazar secunderabad,18100,20,130,$0,10,22,https://www.mappls.com/j53qzd
3918,four bungalows andheri,22200,18,124,$0.21,5,19,"https://www.mappls.com/direction-from--to-,+four+bungalows,+andheri+west,+mumbai,+maharashtra,+400053?@zdata=ZnJvbSsrdG8rNzIuODI1MzA1LDE5LjEyNDY5OCxBNktKREgrdmlh"
3919,dwarka city centre,18100,33,46,$0.53,3,25,https://www.mappls.com/f9dea4
3920,cabo de rama,22200,33,46,$0.21,2,20,https://www.mappls.com/i1ypmw
3921,bowring hospital,18100,22,59,$0.47,6,25,https://www.mappls.com/ozaffr
3922,begur lakefront,18100,15,202,$0.14,6,23,https://www.mappls.com/place-begur+lake-begur-bengaluru-karnataka-560114-ots5fx@zdata=MTIuODc1NTM4Kzc3LjYyOTY1MisxNytvdHM1ZngrKw==ed
3923,baroda gujarat gramin bank vadodara,22200,22,73,$0.08,1,19,https://www.mappls.com/dxb5iz
3924,bangalore accenture,22200,22,95,$0.06,1,29,https://www.mappls.com/jko46g
3925,andheri four bungalows,22200,28,46,$0.17,5,19,"https://www.mappls.com/direction-from--to-,+four+bungalows,+andheri+west,+mumbai,+maharashtra,+400053?@zdata=ZnJvbSsrdG8rNzIuODI1MzA1LDE5LjEyNDY5OCxBNktKREgrdmlh"
3926,anand rao circle gandhi nagar bengaluru karnataka,22200,5,3596,$0.14,5,21,https://www.mappls.com/place-anand+rao+circle+bus+stop-kumar+krupa+road-madhava+nagar-gandhi+nagar-bengaluru-karnataka-560001-2N6K8V@zdata=MTIuOTgzOTg0Kzc3LjU3ODQzKzE3KzJONks4VisrbnI=ed
3927,airport gate no 1,22200,10,750,$0.21,4,23,https://www.mappls.com/l1y51l
3928,airport 2 no gate,22200,4,2160,$0.13,4,21,"https://www.mappls.com/direction-from--to-kolkata;calcutta+airport+2+no+gate,+nscbi+complex,+po+airport,+kolkata,+west+bengal,+700052+kolkata;calcutta?@zdata=ZnJvbSsrdG8rODguNDM5Mjc2LDIyLjY0NjQ5MyxTNzM1U1Qrdmlh"
3929,pathankot cantt,18100,30,46,$0,1,24,https://www.mappls.com/place-pathankot+cantt+railway+station-nehru+nagar-pathankot-punjab-145001-LZIGOK@zdata=MzIuMjU5MTY1Kzc1LjYzNjk4MSsxNytMWklHT0srK25yed
3930,olive county,22200,33,46,$0.09,5,26,https://www.mappls.com/6cbylb
3931,odeon mall,5400,24,53,$0.02,3,20,https://www.mappls.com/493l5p
3932,ndls paharganj side,8100,6,2160,$0.22,10,22,https://www.mappls.com/place-new+delhi+railway+station+paharganj-chelmsford+road-ratan+lal+market-paharganj-new+delhi-delhi-110055-438scf@zdata=MjguNjQyODQ3Kzc3LjIxOTE1OCsxNys0MzhzY2YrKw==ed
3933,national library of india calcutta,22200,42,46,$0.01,1,19,https://www.mappls.com/d6sfec
3934,nashik road nashik maharashtra,22200,37,46,$0.08,2,22,https://www.mappls.com/place-nashik+road+railway+station-rajwada+nagar-deolali-nashik-maharashtra-422401-CES626@zdata=MTkuOTQ3OTIzKzczLjg0MjExNysxNytDRVM2MjYrK25yed
3935,y c m hospital,18100,15,130,$0.13,3,11,https://www.mappls.com/p4cxgc
3936,wipro gopanpally campus,9900,11,568,$0.07,11,27,https://www.mappls.com/4qyqmn
3937,lanka bhu,8100,20,113,$0.18,10,25,https://www.mappls.com/place-bus+stop-bhu+road-saket+nagar+colony-lanka-varanasi-uttar+pradesh-221005-B0WE5A@zdata=MjUuMjc4ODQ4KzgyLjk5NDY4NisxNytCMFdFNUErK25yed
3938,lal quarter market,18100,16,166,$0,7,21,https://www.mappls.com/fa6f15
3939,karni singh shooting,22200,29,46,$0.05,3,22,https://www.mappls.com/cox4yw
3940,karnataka state nursing council,22200,34,46,$0,5,13,https://www.mappls.com/vx3v0g
3941,kadi city,22200,47,46,$0,2,25,https://www.mappls.com/51aqby
3942,patna gandhi maidan,22200,38,46,$0,2,20,https://www.mappls.com/5d2c25
3943,nearby cng petrol pump near me,27100,11,568,$0.01,1,12,https://www.mappls.com/cng%20station-near-me
3944,near cng pump my location,22200,19,113,$0,1,11,https://www.mappls.com/cng%20station-near-me
3945,motihari bus stand,18100,9,1041,$0,1,18,https://www.mappls.com/place-motihari+bus+stand-refugee+colony-motihari-bihar-845401-66FRQL@zdata=MjYuNjQ2Nys4NC45MzIxNTMrMTcrNjZGUlFMKys=ed
3946,mission hospital,22200,23,95,$1.14,2,25,https://www.mappls.com/place-the+mission+hospital-82-maulana+azad+sarani-sail+co-operative-city+center-durgapur-west+bengal-713216-PUZ7SQ@zdata=MjMuNTQ0MzM0Kzg3LjMwMjQ1NisxNytQVVo3U1ErK25yed
3947,mgr nagar,22200,13,250,$0,4,26,https://www.mappls.com/place-r10+mgr+nagar+police+help+centre-kamarajar+road-bharthi+nagar-nesapakkam-chennai-tamil+nadu-600078-OLNTQ1@zdata=MTMuMDMxNDE3KzgwLjE5MTI1OCsxNytPTE5UUTErK25yed
3948,maruti suzuki manesar gurgaon,22200,38,46,$0.51,8,28,https://www.mappls.com/kbzwd1
3949,dr ntr,22200,25,46,$0,1,19,https://www.mappls.com/4ebcd5
3950,court road,22200,15,202,$0.13,2,22,https://www.mappls.com/place-court-court+road-shirur-maharashtra-412210-2x6fzk@zdata=MTguODIzOTk1Kzc0LjM3NTc4OCsxNysyeDZmemsrKw==ed
3951,cng station near,27100,19,124,$0.03,1,15,https://www.mappls.com/cng%20station-near-me
3952,hindustan beverages pvt ltd,22200,41,46,$0.08,4,25,https://www.mappls.com/nqnxqo
3953,guwahati fancy bazar,18100,97,46,$0,3,19,https://www.mappls.com/place-fancy+bazaar+complex-fancy+bazar-guwahati-assam-781001-8D8W77@zdata=MjYuMTgxMDczKzkxLjczODI4NCsxNys4RDhXNzcrKw==ed
3954,gpr multiplex,22200,10,333,$0.02,6,26,https://www.mappls.com/y612i1
3955,general bazar,18100,32,46,$0,4,25,https://www.mappls.com/j3xo49
3956,fatehpur sikri panch mahal,22200,48,46,$0.01,3,30,https://www.mappls.com/a2bs75
3957,indira gandhi museum in delhi,22200,29,53,$0.04,4,24,https://www.mappls.com/3xnn8u
3958,balaji digital zone,22200,19,113,$0.11,6,21,https://www.mappls.com/91w116
3959,baba nagar,22200,41,46,$0.09,4,18,https://www.mappls.com/655si1
3960,amazon development centre taurus 3,14800,22,53,$0.12,14,21,https://www.mappls.com/cdb7qw
3961,8th day cafe & bakery,22200,31,46,$0.10,4,23,https://www.mappls.com/kvjkqm
3962,bharatpur bus stand,22200,6,1041,$0,1,20,https://www.mappls.com/place-bharatpur+bus+terminal-subhash+nagar-bharatpur-rajasthan-321001-ZGV4TC@zdata=MjcuMjExNTk2Kzc3LjQ3OTM5OSsxNytaR1Y0VEMrK25yed
3963,bellary junction,22200,54,46,$0.12,2,39,https://www.mappls.com/place-bellary+bypass+railway+station-ballari-karnataka-583101-55UY84@zdata=MTUuMTM5ODY4Kzc2LjkxNTc0NCsxNys1NVVZODQrKw==ed
3964,café 27,22200,24,95,$0.22,3,21,https://www.mappls.com/place-cafe+27+bar+and+grill-hs+25+&+26+2nd+&+3rd+floor-block+h+market-kailash+colony-greater+kailash-new+delhi-delhi-110048-13AZ3X@zdata=MjguNTUzNzM0Kzc3LjI0MDg3NysxNysxM0FaM1grK25yed
3965,bus station kanpur,22200,19,95,$0.09,3,20,https://www.mappls.com/w6nk9q
3966,bsnl store near me,22200,32,46,$0,1,19,https://www.mappls.com/5ohqef
3967,sitakund,22200,49,46,$0.13,1,20,https://www.mappls.com/hl4224
3968,shiva ganga theater,22200,10,333,$0.07,3,20,https://www.mappls.com/place-siva+ganga+theatre-kamuthi-tamil+nadu-623603-3EDZQT@zdata=OS40MTEzNjEwMDAwMDAxKzc4LjM2NjAyOCsxNyszRURaUVQrK25yed
3969,sector c,22200,7,750,$0.05,3,17,https://www.mappls.com/3r6znz
3970,satyanarayan park ac market,22200,27,46,$0.10,1,32,"https://www.mappls.com/place-parking-near-jain+basa,+opp+satyanarayan+park+ac+market,+gate+no+2,+kolkata,+west+bengal,+700007??@zdata=MjIuNTgyMjE3Kzg4LjM1Mzg4NCsxNysrcGFya2luZytlbA==ed"
3971,railway station mysore,18100,35,46,$0,1,19,https://www.mappls.com/f6274d
3972,tower park,27100,15,250,$0.10,8,24,https://www.mappls.com/s17d67
3973,thane east,22200,32,46,$0.17,4,26,"https://www.mappls.com/direction-from--to-thane+kopri+village,+anand+nagar,+thane+east,+thane,+maharashtra,+400603+thane?@zdata=ZnJvbSsrdG8rNzIuOTY4NTcsMTkuMTc1OTY0LEU2MzdCNSt2aWE="
3974,temple in vijayawada,22200,39,46,$0.15,1,28,https://www.mappls.com/place-sri+sanaiswara+swamy+temple-kanaka+durgamma+temple+road-vijayawada+bus+stand+area-krishna+lanka-vijayawada-andhra+pradesh-520013-U6K8G4@zdata=MTYuNTEwNDI2KzgwLjYwOTk5OSsxNytVNks4RzQrKw==ed
3975,statesman house,14800,25,95,$0,3,23,https://www.mappls.com/place-statesman+house+bus+stop-barakhamba+road-connaught+place-new+delhi-delhi-110001-584T2E@zdata=MjguNjMwNTk4Kzc3LjIyMzgwNysxNys1ODRUMkUrK25yed
3976,spices board,22200,29,46,$0,1,25,https://www.mappls.com/fe1gol
3977,mulund west mumbai maharashtra,22200,33,46,$0.10,4,21,https://www.mappls.com/3fc1tb
3978,menhdawal,22200,19,124,$0.05,1,17,"https://www.mappls.com/direction-from--to-mehdawal+utter+patti,+sant+kabir+nagar,+menhdawal,+mehdawal,+uttar+pradesh,+272271+mehdawal,+s2k3e1?@zdata=ZnJvbSsrdG8rODMuMTExMjIyLDI2Ljk3ODEwOSxzMmszZTE7ODMuMTExMTgzLDI2Ljk3ODExNSxzMmszZTErdmlh"
3979,mathura road delhi,18100,67,46,$0,2,19,https://www.mappls.com/a1s7te
3980,maruti suzuki company in manesar,22200,13,568,$0.51,8,33,https://www.mappls.com/77d232
3981,market in margao,22200,45,46,$0,1,19,https://www.mappls.com/place-madgaon+market+place-fatorda-margao-goa-403602-D7T3CT@zdata=MTUuMjg1MzYrNzMuOTU4MTYzKzE3K0Q3VDNDVCsred
3982,majlis park metro station,9900,32,46,$0.12,3,21,https://www.mappls.com/1jnt3i
3983,maharaja theater,22200,21,95,$0,1,20,https://www.mappls.com/place-maharaja+multiplex-erode+chennimalai+road-kk+nagar-rangampalayam-erode-tamil+nadu-638009-evogug@zdata=MTEuMzEzNjk5Kzc3LjcwOTQ0OSsxNytldm9ndWcrK25yed
3984,kurla to lokmanya tilak terminus,22200,14,202,$0,3,12,https://www.mappls.com/place-lokmanya+tilak+terminus-pipeline+road-lokmanya+tilak+terminus+railway+yard-kurla+east-mumbai-maharashtra-400089-3qfxrq@zdata=MTkuMDcxMTQxKzcyLjg5MTAwNisxNyszcWZ4cnErKw==ed
3985,ycm hospital chinchwad,12100,19,95,$0.31,2,12,https://www.mappls.com/p4cxgc
3986,vasundhara ghaziabad,22200,20,95,$0.11,3,25,https://www.mappls.com/66524e
3987,tiruppur new bus stand,27100,6,1462,$0,10,17,https://www.mappls.com/place-tirupur+new+bus+stand-tiruppur+perumanallur+road-postal+colony-tiruppur-tamil+nadu-641602-vwi0sc@zdata=MTEuMTMxNjc3Kzc3LjM0MTEwNSsxNyt2d2kwc2MrK25yed
3988,tiruchirappalli bus stand,22200,16,250,$0,1,20,https://www.mappls.com/place-trichy+new+central+bus+stand-nh+38-srirangam-tiruchirappalli+district-tamil+nadu-620012-YX8L4L@zdata=MTAuNzU1NjU2Kzc4LjY1NDM3KzE3K1lYOEw0TCsrbnI=ed
3989,high court allahabad lucknow bench,18100,9,333,$0.12,3,20,https://www.mappls.com/xw25pv
3990,excise inspection,22200,14,202,$0.01,1,24,https://www.mappls.com/place-office+of+the+excise+inspection-kothamangalam+perumbankuthu+road-kothamangalam-ernakulam+district-kerala-686681-DP08GA@zdata=MTAuMTA4OTIyKzc2LjY3Mzg2NisxNytEUDA4R0ErK25yed
3991,railway station gwalior,27100,37,46,$0,1,21,https://www.mappls.com/place-gwalior+junction+railway+station-railway+station+area-thatipur-gwalior-madhya+pradesh-474002-FC67CC@zdata=MjYuMjE2MTY5Kzc4LjE4MjY2NCsxNytGQzY3Q0MrK25yed
3992,radisson blu hotel ahmedabad,22200,16,130,$0.14,24,19,https://www.mappls.com/place-radisson+blu+hotel+ahmedabad-gulbai+tekra-ahmedabad-gujarat-380006-M6QD4O@zdata=MjMuMDIzMzMzKzcyLjU1Njk0NCsxNytNNlFENE8rK25yed
3993,qualcomm india private limited j building,22200,26,51,$0.13,18,21,https://www.mappls.com/ap6ekp
3994,purta bhavan,22200,9,568,$0.22,4,15,https://www.mappls.com/rtnr5y
3995,pin code of madhapur,22200,43,46,$0,1,22,https://www.mappls.com/place-madhapur+post+office-sri+sai+nagar-madhapur-hyderabad-telangana-500081-EFS7SR@zdata=MTcuNDQxODI3Kzc4LjM5MDkwNSsxNytFRlM3U1IrK25yed
3996,pbm bikaner hospital,18100,12,437,$0.05,3,25,https://www.mappls.com/place-pbm+hospital+bikaner-major+purnasingh+nagar-bikaner-rajasthan-334001-pxl59v@zdata=MjguMDM4MTM4KzczLjMyMTU4MysxNytweGw1OXYrK25yed
3997,patna district court,22200,10,568,$0,1,18,https://www.mappls.com/place-patna+district+court-behind+bankipur+post+office-sai+gram-kunwar+singh+road-patna-bihar-800004-ef8a1c@zdata=MjUuNjIxODY0Kzg1LjE1NDkwOSsxNytlZjhhMWMrKw==ed
3998,parbhani jn,22200,39,46,$0.04,1,19,https://www.mappls.com/place-parbhani+junction+railway+station-parbhani-maharashtra-431401-5DE25S@zdata=MTkuMjU3ODI4Kzc2Ljc3MzQ5KzE3KzVERTI1Uysred
3999,panch mahal fatehpur sikri,22200,54,46,$0.02,6,25,https://www.mappls.com/a2bs75
4000,muzaffarpur institute of technology,22200,17,124,$0.73,1,32,https://www.mappls.com/place-muzaffarpur+institute+of+technology-laxmi+chowk-brahmpura-muzaffarpur-bihar-842003-4JBR6V@zdata=MjYuMTQxMTkxKzg1LjM2NjgwNysxNys0SkJSNlYrKw==ed
4001,relux charging station,9900,28,48,$0.27,3,30,https://www.mappls.com/place-relux+electric+vehicle+charging+station-16$8-prv+towers-gst+road-guindy-chennai-tamil+nadu-600032-03JON1@zdata=MTMuMDA3NjgrODAuMjA3MzIrMTcrMDNKT04xKytucg==ed
4002,registrar,22200,66,46,$1.88,1,37,https://www.mappls.com/5zjg4p
4003,james hickey sarani,22200,27,53,$0.10,4,17,https://www.mappls.com/tuz5ty
4004,indore marriott hotel,22200,52,46,$0.30,13,23,https://www.mappls.com/4zpr2t
4005,indian atm,22200,23,73,$0.03,1,22,https://www.mappls.com/7eccd5
4006,hotel greenpark chennai,18100,55,46,$0.42,27,23,https://www.mappls.com/7s17d2
4007,kukatpally pin,22200,21,73,$0,1,24,https://www.mappls.com/place-kukatpally+post+office-balaji+nagar-kukatpally-hyderabad-telangana-500072-A27S2T@zdata=MTcuNDgzNzg3Kzc4LjQxMTc2NisxNytBMjdTMlQrK25yed
4008,konkan bhavan,22200,19,95,$0,5,26,https://www.mappls.com/e1abts
4009,kasturba gandhi road,22200,7,2160,$0.25,2,19,"https://www.mappls.com/direction-from--to-porbandar+kasturba+gandhi+road,+nagar+wada,+porbandar,+gujarat,+360575+porbandar?@zdata=ZnJvbSsrdG8rNjkuNjAxMTM5LDIxLjY0MDc0MiwzOFQxVUcrdmlh"
4010,k g marg delhi,22200,16,166,$0.07,2,18,https://www.mappls.com/6taab7
4011,jyothi theater chennai,27100,13,,$0.09,1,23,https://www.mappls.com/dzqvl3
4012,electric car charging points near me,14800,56,46,$0.14,7,12,https://www.mappls.com/ev%20charging-near-me
4013,dhenkanal bus stand,22200,2,6748,$0.08,1,19,https://www.mappls.com/place-bus+stand-dhenkanal-odisha-759001-D11DCE@zdata=MjAuNjM2MDcrODUuNTkzMzE2KzE3K0QxMURDRSsred
4014,bugle rock park,22200,37,46,$0,3,20,https://www.mappls.com/place-bugle+rock+park-bull+temple+road-basavanagudi-bengaluru-karnataka-560004-MXD7AK@zdata=MTIuOTQzMTExKzc3LjU2OTMzMSsxNytNWEQ3QUsrK25yed
4015,baroda ssg hospital,22200,19,124,$0.09,8,14,https://www.mappls.com/og2oen
4016,aravind eye hospital coimbatore,22200,26,53,$0.28,4,13,https://www.mappls.com/c3njpf
4017,amazon development centre taurus 2,18100,1,6748,$0.10,15,18,https://www.mappls.com/cdb7qw
4018,adarsh nagar delhi,27100,45,46,$1.12,3,22,https://www.mappls.com/place-adarsh+nagar+bus+stop-grand+trunk+road-bharola+extension-azadpur-new+delhi-delhi-110033-64S6SS@zdata=MjguNzE1NzUzKzc3LjE3MDg3OSsxNys2NFM2U1MrK25yed
4019,cable bridge road,18100,10,750,$0.26,15,27,https://www.mappls.com/place-durgam+cheruvu+cable+bridge-near+oval+building-inorbit+mall+road-madhapur-hyderabad-telangana-500081-n9pr8r@zdata=MTcuNDMxNDgxKzc4LjM4ODc4KzE3K245cHI4cisred
4020,bombay to barcelona library cafe,12100,41,46,$0.15,9,26,https://www.mappls.com/r76x2d
4021,bharat mandapam gate no 4,8100,7,2160,$0.09,4,22,https://www.mappls.com/1db75t
4022,the grand bhagwati,27100,15,166,$0.16,12,25,https://www.mappls.com/place-the+grand+bhagwati+hotel-sg+highway+road-near+pharmacy+road-ahmedabad-gujarat-380054-D6TE1A@zdata=MjMuMDQyMzU2KzcyLjUxNDYyNSsxNytENlRFMUErK25yed
4023,tambaram national theatre,18100,10,333,$0.03,1,20,https://www.mappls.com/af5stf
4024,st andrews auditorium bandra,22200,18,95,$0.19,6,19,https://www.mappls.com/place-st+andrews+auditorium-st+andrews+college+of+arts+science+and+commerce-road+theatre+management-domnik+road-off+hill+road-bandra+west-mumbai-maharashtra-400050-2RUY2A@zdata=MTkuMDU2NzIxKzcyLjgyODY5NCsxNysyUlVZMkErK25yed
4025,sri krishna nagar,22200,15,202,$0.11,5,22,https://www.mappls.com/14x7zu
4026,sp office,22200,34,46,$0.14,1,17,https://www.mappls.com/place-sp+office-pattom-thiruvananthapuram-kerala-695004-7VZIBY@zdata=OC41MTg0NTgwMDAwMDAxKzc2Ljk0MDg1MysxNys3VlpJQlkrK25yed
4027,sector 17 chandigarh bus stand,27100,19,130,$0.07,5,21,https://www.mappls.com/place-bus+stop-sector+17+market+road-sector+17e-chandigarh-chandigarh-160017-NFQOL7@zdata=MzAuNzM5NDI0Kzc2Ljc4MDUyMSsxNytORlFPTDcrK25yed
4028,ymca international centre club in ahmedabad,22200,25,48,$0.11,6,21,https://www.mappls.com/place-ymca+club-makarba-sg+highway-ahmedabad-gujarat-382210-NY9A1B@zdata=MjMuMDAwNzAxKzcyLjQ5OTczKzE3K05ZOUExQisrbnI=ed
4029,yelahanka police station bangalore,22200,7,2160,$0.12,6,20,https://www.mappls.com/place-yelahanka+police+station-allalasandra+main+road-yelahanka-bengaluru-karnataka-560064-402H1U@zdata=MTMuMDk1MDY2Kzc3LjU5NDExNCsxNys0MDJIMVUrK25yed
4030,east patel nagar,22200,38,46,$0.13,3,25,https://www.mappls.com/place-main+market+east+patel+nagar-east+patel+nagar+market-block+23-patel+nagar+east-new+delhi-delhi-110008-FE61A8@zdata=MjguNjQ1MjY1Kzc3LjE3Mzk5MisxNytGRTYxQTgrKw==ed
4031,dlf prime towers,18100,46,46,$0.77,11,22,https://www.mappls.com/7phvvi
4032,display board madurai high court,22200,30,46,$0,1,11,https://www.mappls.com/3644ff
4033,dharwad station,22200,33,46,$0.29,1,18,https://www.mappls.com/place-dharwar+railway+station-station+road-dharwad-karnataka-580007-SAS3CB@zdata=MTUuNDQyMzQ0Kzc1LjAwMTkyMisxNytTQVMzQ0IrK25yed
4034,d mart in pimpri chinchwad,14800,9,1041,$0.15,5,19,https://www.mappls.com/4scda2
4035,crave anna nagar,18100,31,46,$0.22,2,26,https://www.mappls.com/place-crave-near+lic+metro+station-anna+salai-chennai-tamil+nadu-600002-TH13T0@zdata=MTMuMDY0NTE2KzgwLjI2NTY1NisxNytUSDEzVDArK25yed
4036,coimbatore aravind eye hospital,22200,30,46,$0.09,3,20,https://www.mappls.com/4g7tno
4037,ulhasnagar railway station,22200,21,73,$0.13,6,19,https://www.mappls.com/place-ulhasnagar+railway+station+east-krishna+nagar-ulhasnagar-maharashtra-421004-f23ca4@zdata=MTkuMjE3ODkzKzczLjE2Mjk5NisxNytmMjNjYTQrKw==ed
4038,ttd kalyana mandapam,18100,18,202,$0,5,20,https://www.mappls.com/nr6f7x
4039,tronica city,22200,19,124,$0.09,2,18,https://www.mappls.com/e732a6
4040,tibetan refugee market,18100,28,59,$0,1,19,https://www.mappls.com/fjetmp
4041,tenali station,22200,24,53,$0.08,1,20,https://www.mappls.com/place-tenali+junction+railway+station-chenchupet-tenali-andhra+pradesh-522201-N4Y6UY@zdata=MTYuMjQxODYxKzgwLjY0MDQ2NysxNytONFk2VVkrK25yed
4042,siri fort,22200,40,46,$0,3,25,https://www.mappls.com/jken9r
4043,sewri railway station,22200,15,333,$0,3,20,https://www.mappls.com/place-sewri+railway+station+west-sewri+cross+road-sewri+west-mumbai-maharashtra-400015-7a2b46@zdata=MTguOTk3OTQrNzIuODU0MTAzKzE3KzdhMmI0Nisred
4044,secretariat road,22200,18,130,$0.07,4,19,https://www.mappls.com/place-secretariat+annex+building-secretariat+road-ahw+colony-shadipur-sri+vijaya+puram-andaman+&+nicobar+islands-744101-5sv3cb@zdata=MTEuNjY0MTI3KzkyLjczOTU2NCsxNys1c3YzY2IrKw==ed
4045,villupuram new bus stand,18100,19,113,$0.04,6,19,https://www.mappls.com/place-villupuram+bus+terminal-moovendar+nagar-viluppuram-tamil+nadu-605602-866S17@zdata=MTEuOTMwNjAyKzc5LjQ4MTgzNysxNys4NjZTMTcrK25yed
4046,restroom near me,18100,10,437,$0,1,18,https://www.mappls.com/toilets-near-me
4047,ramkrishna more auditorium chinchwad,22200,48,46,$0.12,8,20,https://www.mappls.com/place-ram+krishna+more+theatre-chinchwad+gaon-pimpri-pimpri+chinchwad-maharashtra-411033-sab15f@zdata=MTguNjMzNDMrNzMuNzg3MDMzKzE3K3NhYjE1Zisred
4048,rajasthan delhi transport,18100,10,568,$0.47,2,20,https://www.mappls.com/5p5po0
4049,police line road,22200,7,1462,$0.08,2,19,https://www.mappls.com/place-police+line-agra+road-mathura-uttar+pradesh-281001-GSZT8R@zdata=MjcuNDc0NjIrNzcuNjk0MTIyKzE3K0dTWlQ4UisrbnI=ed
4050,pincode of whitefield,22200,69,46,$0,1,17,https://www.mappls.com/place-whitefield+railway+station-kadugodi-bengaluru-karnataka-560067-s28b65@zdata=MTIuOTk2MTA1Kzc3Ljc2MTU2NCsxNytzMjhiNjUrKw==ed
4051,pincode of madhapur,22200,42,46,$0,1,27,https://www.mappls.com/place-madhapur+post+office-sri+sai+nagar-madhapur-hyderabad-telangana-500081-EFS7SR@zdata=MTcuNDQxODI3Kzc4LjM5MDkwNSsxNytFRlM3U1IrK25yed
4052,harmony apartments,22200,34,46,$0.40,3,18,https://www.mappls.com/place-harmony+apartment-humayun+nagar-mehdipatnam-hyderabad-telangana-500028-742CF1@zdata=MTcuMzk2MzM3Kzc4LjQ0ODUzNCsxNys3NDJDRjErKw==ed
4053,gpr multiplex hyderabad,22200,15,130,$0.13,4,20,https://www.mappls.com/y612i1
4054,gl bajaj institute of management,22200,49,46,$0.51,6,13,https://www.mappls.com/1st6a3
4055,geeta bhawan rishikesh,22200,33,46,$0.13,6,21,https://www.mappls.com/xkkzdk
4056,garden of caves,18100,54,46,$0,1,19,https://www.mappls.com/hh0dl0
4057,flora fantasia,18100,12,568,$0.14,1,21,https://www.mappls.com/place-flora+fantasia+amusement+park-vengad+valapuram+road-vengad-valanchery-malapuram-perinthalmanna-malappuram+district-kerala-676552-fa2vdv@zdata=MTAuODk5MTMyKzc2LjEzMTgxNCsxNytmYTJ2ZHYrK25yed
4058,lakshmi theatre arcot,22200,9,333,$0,1,19,https://www.mappls.com/place-lakshmi+theatre+complex-arani+road-arcot-tamil+nadu-632503-nv7khn@zdata=MTIuOTA0MDQzKzc5LjMyMzYyMisxNytudjdraG4rKw==ed
4059,kurla kohinoor mall,22200,42,46,$0.27,5,20,https://www.mappls.com/place-kohinoor+city+club-premier+road-kurla+west-mumbai-maharashtra-400070-ZVKCZ2@zdata=MTkuMDgwMjcyKzcyLjg4NTU2NSsxNytaVktDWjIrK25yed
4060,kisan mandi,8100,25,48,$0.66,1,28,https://www.mappls.com/place-kisan+mandi-dahijuri+lodhasuli+road-jamda-jhargram-west+bengal-721507-ebio9c@zdata=MjIuNDc3MTA3Kzg2Ljk5NDg4KzE3K2ViaW85Yysred
4061,kavitha theatre,27100,20,113,$0,5,28,https://www.mappls.com/place-kavitha+theatre-ernakulam+college+road-mg+road-kochi-kerala-682035-6ZKX45@zdata=OS45Nzg2MjUrNzYuMjgyNjA4KzE3KzZaS1g0NSsred
4062,katwa station,22200,34,46,$0.09,1,19,https://www.mappls.com/place-katwa+junction+railway+station-jajigram-katwa-west+bengal-713130-st7f14@zdata=MjMuNjQrODguMTIzNTI1KzE3K3N0N2YxNCsred
4063,kate point,22200,38,46,$0.02,1,20,https://www.mappls.com/ct2c8e
4064,kailash tower,22200,8,750,$0.14,4,17,https://www.mappls.com/qmutt3
4065,iskcon temple hyderabad,22200,29,53,$0.43,2,20,https://www.mappls.com/52ts53
4066,ion digital zone kanti muzaffarpur,18100,21,59,$0.05,2,32,https://www.mappls.com/axklwy
4067,ibis nashik,22200,22,59,$0.22,33,34,https://www.mappls.com/okxrl3
4068,palanpur junction,22200,29,46,$0.04,1,19,https://www.mappls.com/place-palanpur+junction+railway+station-railway+station+road-bank+colony-palanpur-gujarat-385001-S655BD@zdata=MjQuMTc0Njc4KzcyLjQzMDY4OCsxNytTNjU1QkQrKw==ed
4069,near cng stations,27100,14,250,$0.05,1,17,https://www.mappls.com/cng%20station-near-me
4070,navy nagar in mumbai,22200,27,53,$0.26,4,19,https://www.mappls.com/place-navy+nofra-nofra-navy+nagar-colaba-mumbai-maharashtra-400005-OSUOF5@zdata=MTguOTAyNTQrNzIuODA3ODYxKzE3K09TVU9GNSsred
4071,naroda galaxy cinema,22200,6,1041,$0.11,5,20,"https://www.mappls.com/direction-from--to-galaxy+cinema,+galaxy+area,+naroda,+ahmedabad,+gujarat,+382330?@zdata=ZnJvbSsrdG8rNzIuNjUzMzA3LDIzLjA3Nzg4LEtKNTZPSit2aWE="
4072,mapps login,22200,9,333,$0,1,33,https://www.mappls.com/
4073,bhandup magnet mall,22200,14,202,$0.08,4,21,https://www.mappls.com/place-cinepolis-magnet-3rd+floor-neptune+magnet+mall-lbs+marg-bhandup+west+near+mangatram+petrol+pump-mumbai-maharashtra-400078-ojylkz@zdata=MTkuMTQxODc0KzcyLjkzMTM4NCsxNytvanlsa3orKw==ed
4074,ayodhya bypass,18100,16,250,$0.19,8,26,https://www.mappls.com/8tz5df
4075,al baik near me,18100,29,46,$0.26,2,11,https://www.mappls.com/place-restaurants-near-al-baik.com?@zdata=MTQuMDA3MTgrNzQuNTM2MzM1KzE3KytyZXN0YXVyYW50cytlbA==ed
4076,unai mata mandir gujarat,22200,20,124,$0.07,1,17,https://www.mappls.com/8a773s
4077,magnus tower,18100,4,3596,$0,5,25,https://www.mappls.com/place-magnus+tower-mindspace-malad+west-mumbai-maharashtra-400064-fzyfvg@zdata=MTkuMTc5MjcrNzIuODM0NjU1KzE3K2Z6eWZ2Zysred
4078,krishna colony,22200,21,95,$0.28,6,26,https://www.mappls.com/onkw9y
4079,kim gujarat,18100,39,46,$0,1,24,https://www.mappls.com/place-kim+chokdi-kim+mandvi+road-kim-gujarat-394110-SWFLE0@zdata=MjEuMzg1MzM5KzcyLjk1NjM0OCsxNytTV0ZMRTArK25yed
4080,mehrauli terminal,22200,7,750,$0.14,3,20,https://www.mappls.com/place-mehrauli+terminal-jor+bagh-new+delhi-delhi-110003-iqrjyi@zdata=MjguNTg5MDY5Kzc3LjIxNDc5KzE3K2lxcmp5aSsred
4081,mall fifty one,18100,7,568,$0,10,22,https://www.mappls.com/place-mall+fifty+one-sector+51-gurugram-haryana-122003-begzmh@zdata=MjguNDM0OTkyKzc3LjA2ODU1NSsxNytiZWd6bWgrKw==ed
4082,main building,22200,33,46,$0.23,2,23,https://www.mappls.com/place-meher+building-babulnath+marg-grant+road-mumbai-maharashtra-400007-cnrvky@zdata=MTguOTU1NzMyKzcyLjgwNzIxOCsxNytjbnJ2a3krKw==ed
4083,mahindra world city jaipur,18100,38,46,$0.54,6,12,https://www.mappls.com/place-genpact-mahindra+world+city-jaipur-rajasthan-302037-2LYEST@zdata=MjYuODA2NzQxKzc1LjY0NTA3MSsxNysyTFlFU1QrKw==ed
4084,palanpur railway station,22200,23,73,$0,1,20,https://www.mappls.com/place-palanpur+junction+railway+station-railway+station+road-bank+colony-palanpur-gujarat-385001-S655BD@zdata=MjQuMTc0Njc4KzcyLjQzMDY4OCsxNytTNjU1QkQrKw==ed
4085,okhla phase iii,22200,79,46,$0.13,5,19,https://www.mappls.com/tiyf9q
4086,nirman bhawan,27100,18,130,$0,3,27,https://www.mappls.com/s26b5t
4087,nims hospital speciality block,14800,27,53,$0.14,15,16,https://www.mappls.com/8yrqf4
4088,nai basti,22200,17,130,$0.10,3,21,https://www.mappls.com/place-nai+basti+dankaur-greater+noida-0HU5WI@zdata=MjguMzQ5OSs3Ny41NTMxKzE3KzBIVTVXSSsred
4089,mr10 road,22200,38,46,$0.14,5,19,"https://www.mappls.com/direction-from--to-bus+stop,+mr+10+bypass+road,+nyay+nagar,+indore,+madhya+pradesh,+452010?@zdata=ZnJvbSsrdG8rNzUuODc3ODc5LDIyLjc1NTk4Nyw5OEpMWEordmlh"
4090,rto mumbai central,18100,36,46,$0,5,20,https://www.mappls.com/no8yvv
4091,royale heritage mall,22200,38,46,$0.13,7,19,https://www.mappls.com/e7j6dj
4092,ranjeet hanuman road,22200,12,250,$0.09,6,19,https://www.mappls.com/place-ranjeet+hanuman+mandir-ranjeet+hanuman+road-gumasta-scheme+71-indore-madhya+pradesh-452009-K0069F@zdata=MjIuNzAwNDk5Kzc1LjgzNTc5NSsxNytLMDA2OUYrKw==ed
4093,rajiv gandhi square,22200,16,166,$0.11,6,20,https://www.mappls.com/place-swachh+public+toilet-ward+74+rajiv+gandhi+square-indore-madhya+pradesh-452001-3yyedn@zdata=MjIuNjgyODM0Kzc1Ljg1ODU3MSsxNyszeXllZG4rKw==ed
4094,railway station faridabad,18100,44,46,$0.09,7,20,https://www.mappls.com/place-faridabad+railway+station-station+road-st+nagar-sector+20a-faridabad-haryana-121002-np3gp6@zdata=MjguNDEyNjUyKzc3LjMwNjkyNisxNytucDNncDYrKw==ed
4095,pin code of kukatpally hyderabad,22200,37,46,$0,1,19,https://www.mappls.com/place-kukatpally+post+office-balaji+nagar-kukatpally-hyderabad-telangana-500072-A27S2T@zdata=MTcuNDgzNzg3Kzc4LjQxMTc2NisxNytBMjdTMlQrK25yed
4096,pataudi palace haryana,22200,17,166,$0.02,1,34,https://www.mappls.com/25ss81
4097,passport regional office hyderabad,22200,21,59,$0.14,5,20,https://www.mappls.com/63tet7
4098,thoothukudi old bus stand,18100,7,3596,$0.10,7,19,https://www.mappls.com/place-tuticorin+old+bus+stand-meenakshi+puram-thoothukudi-tamil+nadu-628002-282DBS@zdata=OC44MDM4NCs3OC4xNDA3NzkrMTcrMjgyREJTKytucg==ed
4099,taurus station canteen,22200,7,750,$0.15,3,23,https://www.mappls.com/place-taurus+station+canteen-manekshaw+road-delhi+cantt+residential+township-new+delhi-delhi-110010-3GDFGG@zdata=MjguNTk1NzU5Kzc3LjEzMjQ0NisxNyszR0RGR0crK25yed
4100,sitapur junction,12100,19,124,$0,1,20,https://www.mappls.com/place-sitapur+junction+railway+station-awas+vikas+colony-hussainganj-sitapur-uttar+pradesh-261001-m84dqr@zdata=MjcuNTU4NzI2KzgwLjY5ODYyMisxNyttODRkcXIrKw==ed
4101,it park road,22200,8,750,$0.10,5,14,https://www.mappls.com/place-it+park+bus+stop-it+park+road-phase+1-rajiv+gandhi+chandigarh+technology+park-kishangarh-chandigarh-chandigarh-160101-TW8NKO@zdata=MzAuNzI5NDEzKzc2Ljg0MzA1KzE3K1RXOE5LTysrbnI=ed
4102,it park indore,22200,35,46,$0.02,3,20,https://www.mappls.com/zvbyur
4103,hcg hospital ahmedabad gujarat,22200,36,46,$0,1,24,https://www.mappls.com/oo3kyc
4104,hal main gate,22200,4,6748,$0.16,5,17,https://www.mappls.com/nvdfq3
4105,gujarat housing board,14800,48,46,$0,7,20,https://www.mappls.com/bv6r2y
4106,green park metro gate no 3,27100,72,46,$0.10,5,16,https://www.mappls.com/place-green+park+metro+station-under+basement-near+dda+community+center-aurobindo+marg-yusuf+sarai-new+delhi-delhi-110016-1es7f8@zdata=MjguNTU3OTM5Kzc3LjIwNjk4NCsxNysxZXM3ZjgrKw==ed
4107,gims hospital greater noida up,18100,12,250,$0,4,12,https://www.mappls.com/place-gims+hospital-upsidc+site+5-greater+noida-uttar+pradesh-201312-1kd3bj@zdata=MjguNDMyODk5Kzc3LjUzMjEzOSsxNysxa2QzYmorKw==ed
4108,galaxy cinema naroda ahmedabad,22200,6,1041,$0.11,5,21,https://www.mappls.com/place-galaxy+cinema-galaxy+area-naroda-ahmedabad-gujarat-382330-kj56oj@zdata=MjMuMDc3MDI0KzcyLjY1MzQ1KzE3K2tqNTZvaisred
4109,four bungalows,18100,20,113,$0.21,12,27,"https://www.mappls.com/direction-from--to-,+four+bungalows,+andheri+west,+mumbai,+maharashtra,+400053?@zdata=ZnJvbSsrdG8rNzIuODI1MzA1LDE5LjEyNDY5OCxBNktKREgrdmlh"
4110,foreshore estate,18100,41,46,$0,7,26,https://www.mappls.com/place-palmshore-santhome-111-new+108-fore+shore+estate-santhome+high+road-chennai-tamil+nadu-600028-cad2a8@zdata=MTMuMDI2MTMyKzgwLjI3NTEwOSsxNytjYWQyYTgrKw==ed
4111,flipkart bangalore office b block,22200,30,46,$0.12,10,19,https://www.mappls.com/kxucpt
4112,ferozepur cantt india,22200,15,202,$0,1,33,https://www.mappls.com/place-firozpur+cantt+railway+station-railway+colony-ferozepur-punjab-152001-26FD26@zdata=MzAuOTQxNzM4Kzc0LjYxNzI3NysxNysyNkZEMjYrK25yed
4113,bangalore infosys company,22200,26,59,$0.06,1,20,https://www.mappls.com/kkkrnw
4114,ap crda,22200,22,59,$0.10,1,25,https://www.mappls.com/el64sy
4115,albert cinemas,22200,9,333,$0,2,25,https://www.mappls.com/3f2ffc
4116,champa station,22200,16,130,$0.17,1,19,https://www.mappls.com/23bf27
4117,emerald mithai shop,14800,12,568,$0.29,7,20,https://www.mappls.com/53wyln
4118,ecotech 3 greater noida,22200,10,568,$0.25,6,13,https://www.mappls.com/9kaf0o
4119,dmart banashankari,22200,12,437,$0.23,7,27,https://www.mappls.com/i9wni5
4120,district educational office,22200,44,46,$0.19,3,22,https://www.mappls.com/8153t8
4121,district education office,22200,47,46,$0.19,3,22,https://www.mappls.com/8153t8
4122,dharkot neeb karori baba temple,22200,56,46,$0,1,22,https://www.mappls.com/2sc55t
4123,cng stations nearby,27100,7,1462,$0.05,1,21,https://www.mappls.com/cng%20station-near-me
4124,civil supplies kerala,22200,12,202,$0,1,19,https://www.mappls.com/m7qbq2
4125,chinchwad rto,22200,34,46,$0.11,8,17,https://www.mappls.com/place-new+regional+office+transport+pimpri+chinchwada-mahadev+balaji+landge+road-jal+vayu+vihar-sector+no+6-moshi-pimpri+chinchwad-maharashtra-412105-HZ4F0L@zdata=MTguNjU1MDgrNzMuODQ0MjQ3KzE3K0haNEYwTCsred
4126,wipro gate bus stop,22200,12,250,$0,3,12,https://www.mappls.com/place-wipro+bus+stop-near+wipro+company-sarjapura+road-junnasandra+gate-sarjapur+road-bengaluru-karnataka-560035-1TL0LW@zdata=MTIuOTEwNzg5Kzc3LjY4NDE0NCsxNysxVEwwTFcrK25yed
4127,sri vishnu park,22200,21,124,$0.19,4,21,https://www.mappls.com/lsvmeu
4128,south x mall kanpur,18100,10,333,$0.05,3,11,https://www.mappls.com/67qn4r
4129,sector 115,22200,49,46,$0.08,7,19,https://www.mappls.com/pr1hu2
4130,s p office,22200,23,95,$0.09,1,20,https://www.mappls.com/place-sp+office-pattom-thiruvananthapuram-kerala-695004-7VZIBY@zdata=OC41MTg0NTgwMDAwMDAxKzc2Ljk0MDg1MysxNys3VlpJQlkrK25yed
4131,yelahanka police station,18100,8,1041,$0,6,20,https://www.mappls.com/place-yelahanka+traffic+police+station-near+yelahanka+circle-yelahanka+ps+compound-bengaluru-karnataka-560064-A1E1DB@zdata=MTMuMDk1MDcrNzcuNTk0MDk1KzE3K0ExRTFEQisrbnI=ed
4132,yantra park tcs,22200,7,1041,$0,14,24,https://www.mappls.com/4mlhv4
4133,wipro limited sarjapur,12100,22,95,$0.08,8,26,https://www.mappls.com/au5vds
4134,kavitha theatre kochi,27100,13,166,$0,5,23,https://www.mappls.com/place-kavitha+theatre-ernakulam+college+road-mg+road-kochi-kerala-682035-6ZKX45@zdata=OS45Nzg2MjUrNzYuMjgyNjA4KzE3KzZaS1g0NSsred
4135,jawahar vidya mandir,22200,12,333,$1.04,1,18,https://www.mappls.com/place-jawahar+vidya+mandir-shyamali+ranchi+post+hinoo-ranchi-jharkhand-834002-4FD3BA@zdata=MjMuMzM2MTQxKzg1LjMwODU2NSsxNys0RkQzQkErKw==ed
4136,jaisalmer airport,12100,53,46,$0.10,7,20,https://www.mappls.com/69ial8
4137,jain nagar delhi,22200,45,46,$0.11,3,18,https://www.mappls.com/place-jain+temple-veer+nagar-jain+colony-new+delhi-delhi-110007-88teff@zdata=MjguNjg1MTY4Kzc3LjE5NTY2NCsxNys4OHRlZmYrKw==ed
4138,it chauraha metro station,9900,39,46,$0.30,13,22,https://www.mappls.com/place-it+college+metro+station-310-acharya+narendradev+marg-vivekanandpuri-mahanagar-lucknow-uttar+pradesh-226007-IPQHU3@zdata=MjYuODcwOTkzKzgwLjk0NTU1OCsxNytJUFFIVTMrK25yed
4139,infosys bangalore,22200,20,124,$0.13,1,25,https://www.mappls.com/kkkrnw
4140,nageshwar temple in gujarat,33100,63,46,$0.04,1,19,https://www.mappls.com/848t1f
4141,mysore railway stations,22200,38,46,$0.10,3,20,https://www.mappls.com/f6274d
4142,mirzapur near me,18100,42,46,$0.02,1,23,"https://www.mappls.com/place-restaurants-near-ok+hotel,+opposite+railway+station,+mirzapur,+uttar+pradesh,+231001,+mb2g15?@zdata=MjUuMTM2NDIyKzgyLjU2OTA0MysxNysrcmVzdGF1cmFudHMrZWw=ed"
4143,mdm hospital jodhpur,18100,10,1041,$0.55,9,21,https://www.mappls.com/q0ey59
4144,mata mandir gurgaon,22200,32,46,$0.07,1,41,https://www.mappls.com/6tc3a5
4145,marriott suites pune,18100,25,51,$0.29,28,27,https://www.mappls.com/e68f46
4146,maps login,22200,35,46,$4.95,1,28,https://www.mappls.com/signin
4147,maharaja multiplex,27100,10,437,$0.18,1,26,https://www.mappls.com/place-maharaja+multiplex-erode+chennimalai+road-kk+nagar-rangampalayam-erode-tamil+nadu-638009-evogug@zdata=MTEuMzEzNjk5Kzc3LjcwOTQ0OSsxNytldm9ndWcrK25yed
4148,mahalakshmi temple,27100,50,46,$0,2,27,https://www.mappls.com/o2e6w1
4149,lal kuan station,22200,22,59,$0.21,1,19,https://www.mappls.com/place-lalkuan+junction+railway+station-nh+109-lalkuan-uttarakhand-262402-86DTCC@zdata=MjkuMDcwMzAyKzc5LjUxNjkyNisxNys4NkRUQ0MrKw==ed
4150,kurla station mumbai,18100,9,568,$0.03,1,20,https://www.mappls.com/place-kurla+railway+station+east-kurla+east-mumbai-maharashtra-400024-KDYULB@zdata=MTkuMDY1MTM4KzcyLjg4MDYxOCsxNytLRFlVTEIrK25yed
4151,kurla ltt railway station,22200,19,130,$0.07,2,32,https://www.mappls.com/place-lokmanya+tilak+terminus-pipeline+road-lokmanya+tilak+terminus+railway+yard-kurla+east-mumbai-maharashtra-400089-3qfxrq@zdata=MTkuMDcxMTQxKzcyLjg5MTAwNisxNyszcWZ4cnErKw==ed
4152,rto mumbai central mumbai maharashtra,22200,31,46,$0.23,5,16,https://www.mappls.com/no8yvv
4153,rtc colony,22200,12,333,$0.11,4,18,https://www.mappls.com/oneb1j
4154,royal furniture furniture,22200,34,46,$0.12,14,24,https://www.mappls.com/3qz1c6
4155,rajouri metro station,22200,18,124,$0.01,1,17,https://www.mappls.com/place-rajouri+garden+metro+station-najafgarh+road-block+a2-rajouri+garden-new+delhi-delhi-110027-5342SC@zdata=MjguNjQ4NzQ2Kzc3LjEyMjQ4MysxNys1MzQyU0MrK25yed
4156,rajiv gandhi park pune,22200,29,51,$0.12,1,33,https://www.mappls.com/8s8a1s
4157,radisson blu hotel & suites grt chennai,22200,25,53,$0.46,15,23,https://www.mappls.com/place-radisson+blu+hotel+grt+chennai-531-gst+road-street+thomas+mount-chennai-tamil+nadu-600016-875B18@zdata=MTIuOTk0NDA2KzgwLjE4NzQ2KzE3Kzg3NUIxOCsrbnI=ed
4158,pvr cinema: ahmedabad ranip,22200,23,51,$0.06,4,21,https://www.mappls.com/place-pvr+inox-arved+transcube+ahmedabad-arved+transcube+plaza-bandhu+nagar-vijay+nagar-132+feet+ring+road-ranip-ahmedabad-gujarat-382480-UBLP8A@zdata=MjMuMDY4NDE2KzcyLjU3NTYwOCsxNytVQkxQOEErK25yed
4159,pincode kukatpally hyderabad,22200,42,46,$0,1,17,https://www.mappls.com/place-kukatpally+post+office-balaji+nagar-kukatpally-hyderabad-telangana-500072-A27S2T@zdata=MTcuNDgzNzg3Kzc4LjQxMTc2NisxNytBMjdTMlQrK25yed
4160,parthasarathy triplicane,22200,29,51,$0.02,7,35,https://www.mappls.com/mun8r1
4161,palam metro gate no 3,22200,29,46,$0.08,4,18,https://www.mappls.com/nk21z4
4162,palakkad town bus stand,27100,39,46,$0.24,3,20,https://www.mappls.com/place-palakkad+private+bus+stand-tb+road-sulthanpet-palakkad-kerala-678001-bq9y2v@zdata=MTAuNzcwODIyKzc2LjY1MTYwNysxNyticTl5MnYrK25yed
4163,housing board gujarat,22200,37,46,$0.15,2,21,https://www.mappls.com/bv6r2y
4164,guwahati pan bazar,18100,14,250,$0.22,6,19,https://www.mappls.com/place-pan+bazaar-fancy+bazar-guwahati-assam-781001-4C112A@zdata=MjYuMTgzNTE0KzkxLjc0NDUzOSsxNys0QzExMkErKw==ed
4165,guru hargobind institute of management technology,22200,7,1041,$0.17,3,13,https://www.mappls.com/ka3iup
4166,gulbarga buddha vihar,22200,18,202,$0.10,2,19,https://www.mappls.com/c674t1
4167,goa karmali,22200,21,124,$0.05,2,21,https://www.mappls.com/place-karmali+railway+station-carambolim-corlim-goa-403110-T852F2@zdata=MTUuNDkwMzk4KzczLjkyNDQxNSsxNytUODUyRjIrK25yed
4168,gali number 8,22200,9,750,$0.10,3,21,https://www.mappls.com/fuaf69
4169,flipkart office,18100,12,437,$0,3,24,https://www.mappls.com/place-flipkart+office-85-varsha+nagar-kolhapur-maharashtra-416008-975m72@zdata=MTYuNjc5Nzc5Kzc0LjIzOTM5NCsxNys5NzVtNzIrKw==ed
4170,central mall jp nagar bangalore,22200,15,166,$0.25,5,22,https://www.mappls.com/fddczw
4171,buddha vihar,22200,27,73,$0,1,25,https://www.mappls.com/c674t1
4172,bharat mata chowk,33100,91,46,$0,10,26,https://www.mappls.com/4emgpd
4173,bhagat singh chowk,18100,13,437,$0,4,20,https://www.mappls.com/fc423c
4174,arrs theater,22200,13,250,$0.15,2,21,https://www.mappls.com/s6e7fa
4175,allahabad high court bench lucknow,22200,12,202,$0.12,3,35,https://www.mappls.com/xw25pv
4176,aiims bhubaneswar hospital,27100,18,124,$0.08,1,28,https://www.mappls.com/place-aiims+bhubaneswar-sijua+patrapada-all+india+institute+of+medical+sciences+bhubaneswa-sijua-patrapada-bhubaneswar-odisha-751019-8URSIK@zdata=MjAuMjMxNTA4MDc2OSs4NS43NzYwMDI5NjA0KzE3KzhVUlNJSysrbnI=ed
4177,acharya atre chowk metro station,12100,16,166,$0.24,16,28,https://www.mappls.com/dkci1m
4178,earth cafe bkc,18100,28,46,$0,3,19,https://www.mappls.com/cyjd7t
4179,desi wine,22200,22,130,$0,1,25,https://www.mappls.com/place-desi+wine+shop-saharanpur+road-shakti+enclave-dehradun-uttarakhand-248001-qpavp9@zdata=MzAuMzA1NjY1Kzc4LjAxMjk4KzE3K3FwYXZwOSsred
4180,deola,22200,44,46,$0,1,19,https://www.mappls.com/8654t1
4181,dalai lama temple,27100,52,46,$1.16,4,23,https://www.mappls.com/r9g33q
4182,d mart eros mall indirapuram,22200,5,1462,$0,7,14,https://www.mappls.com/place-d+mart-eros+market+palace-niti+khand+3-shakti+khand+2-indirapuram-ghaziabad-uttar+pradesh-201014-CMFXDV@zdata=MjguNjQ2Nzc5Kzc3LjM3NTAxKzE3K0NNRlhEVisrbnI=ed
4183,collector office pune,22200,21,73,$0,5,21,https://www.mappls.com/5482bd
4184,city 36 mall raipur,22200,19,95,$0.21,4,21,https://www.mappls.com/place-pvr+inox-city+mall+road+raipur-3rd+floor-city+mall+36-great+eastern+road-nh+6-vishal+nagar-raipur-chhattisgarh-492006-dbr59b@zdata=MjEuMjM2NDgxKzgxLjY4NTcyNysxNytkYnI1OWIrKw==ed
4185,world tech park,22200,10,568,$0.15,5,17,https://www.mappls.com/place-world+tech+park+parking-dlf+world+tech+park-sector+30-gurugram-haryana-122001-F9FYIO@zdata=MjguNDYyNis3Ny4wNTM1KzE3K0Y5RllJTysrbnI=ed
4186,sasihithlu beach,4400,34,46,$0.57,1,21,https://www.mappls.com/sgfk54
4187,rto in bhopal,22200,37,46,$0.07,3,17,https://www.mappls.com/86kop0
4188,redi ganpati temple,14800,28,53,$0.14,2,22,https://www.mappls.com/place-redi+ganapati+mandir-vengurla-sindhudurg+district-maharashtra-416517-6CEA63@zdata=MTUuNzM3NzU0KzczLjY3OTk1MSsxNys2Q0VBNjMrKw==ed
4189,surat marriott hotel,22200,26,51,$0.15,17,25,https://www.mappls.com/place-surat+marriott+hotel-ambika+niketan-surat+dumas+road-surat-gujarat-395007-eetacf@zdata=MjEuMTc3MjMzKzcyLjc4OTkwOCsxNytlZXRhY2YrKw==ed
4190,state bank of india e corner,22200,9,1041,$0.06,1,21,https://www.mappls.com/search-near-State%20Bank%20of%20India%20e%20Corner(%20SBI%20ATM%20)@zdata=NzguNDk1MjkxMDAwMDAwMSwxNy40NDE2NDEwMDAwMDAx
4191,p b m hospital bikaner,22200,11,437,$0.10,2,26,https://www.mappls.com/place-pbm+hospital-sardar+patel+colony-bikaner-rajasthan-334001-V0GO5J@zdata=MjguMDA5MjY1KzczLjMyNzA0KzE3K1YwR081SisrbnI=ed
4192,north india mall,12100,10,437,$0.17,4,36,https://www.mappls.com/y2znh0
4193,national library of india kolkata,22200,43,46,$0.01,1,20,https://www.mappls.com/d6sfec
4194,national library calcutta,22200,29,46,$0.01,1,22,https://www.mappls.com/d6sfec
4195,nashik kumbh mela location,22200,38,46,$0,1,11,"https://www.mappls.com/direction-from--to-kumbh+mela+nashik+panchavati,+nashik,+maharashtra,+422003?@zdata=ZnJvbSsrdG8rNzMuNzkyMjkyLDIwLjAwODc3MyxPWFkyN0ordmlh"
4196,nakoda,18100,27,48,$0.14,1,37,https://www.mappls.com/w81t6q
4197,mega center,22200,4,1462,$0.20,13,36,https://www.mappls.com/place-mega+centre-pune+solapur+road-north+hadapsar-pune-maharashtra-411028-jtfon5@zdata=MTguNTAzNzE2KzczLjkyNTc5NisxNytqdGZvbjUrKw==ed
4198,raksha shakti circle,22200,2,6748,$0.08,5,19,https://www.mappls.com/5jvnuy
4199,raja puri,22200,50,46,$0.11,4,18,https://www.mappls.com/qdee74
4200,r g kar hospital,22200,18,124,$0.40,1,15,https://www.mappls.com/2d7qrk
4201,pincode madhapur,22200,45,46,$0.08,1,27,https://www.mappls.com/place-madhapur+post+office-sri+sai+nagar-madhapur-hyderabad-telangana-500081-EFS7SR@zdata=MTcuNDQxODI3Kzc4LjM5MDkwNSsxNytFRlM3U1IrK25yed
4202,parthasarathy temple in triplicane,27100,21,124,$0.05,6,19,https://www.mappls.com/mun8r1
4203,high court allahabad bench lucknow,18100,9,333,$0.12,3,26,https://www.mappls.com/xw25pv
4204,gurugram district court,14800,4,1462,$0,2,18,https://www.mappls.com/1ce22t
4205,flora fantasia amusement park,18100,13,437,$0,1,10,https://www.mappls.com/place-flora+fantasia+amusement+park-vengad+valapuram+road-vengad-valanchery-malapuram-perinthalmanna-malappuram+district-kerala-676552-fa2vdv@zdata=MTAuODk5MTMyKzc2LjEzMTgxNCsxNytmYTJ2ZHYrK25yed
4206,fancy bazar guwahati,22200,19,130,$0.14,1,19,https://www.mappls.com/place-fancy+bazaar+market+complex-ms+road-fancy+bazar-guwahati-assam-781001-LCYU4T@zdata=MjYuMTgxMis5MS43MzgwNDcrMTcrTENZVTRUKys=ed
4207,district courts gurgaon,22200,5,1462,$0.05,1,19,https://www.mappls.com/1ce22t
4208,d mart chinchwad,9900,9,437,$0.16,7,19,https://www.mappls.com/4scda2
4209,madurai guru theatre,22200,15,130,$0.07,3,21,https://www.mappls.com/3b367a
4210,m weddings & conventions,18100,15,166,$0.05,6,12,https://www.mappls.com/bewdhc
4211,la martiniere lucknow,22200,24,73,$0.24,2,41,https://www.mappls.com/place-la+martiniere+college-la+martiniere+road-martin+purva-lucknow-uttar+pradesh-226001-e2dset@zdata=MjYuODM5NTcxKzgwLjk2MzEwMSsxNytlMmRzZXQrKw==ed
4212,kurla station,18100,16,130,$0,1,23,https://www.mappls.com/place-kurla+railway+station+east-kurla+east-mumbai-maharashtra-400024-KDYULB@zdata=MTkuMDY1MTM4KzcyLjg4MDYxOCsxNytLRFlVTEIrK25yed
4213,kings villa,18100,18,124,$0.05,8,19,https://www.mappls.com/place-kings+villa-meerut+road-muzaffarnagar-muzaffarnagar+district-uttar+pradesh-251003-zk969i@zdata=MjkuMzk1Kzc3LjcwMDMrMTcrems5NjlpKys=ed
4214,joginder nagar in himachal pradesh,22200,53,46,$0.41,1,32,https://www.mappls.com/17c5b8
4215,jawali,22200,28,48,$0,1,37,"https://www.mappls.com/direction-from--to-+jawali,+kangra+district,+himachal+pradesh,+176023?@zdata=ZnJvbSsrdG8rNzYuMDM3NDA1LDMyLjEwMzY3LEZUNTg3MSt2aWE="
4216,india atm,22200,31,46,$0.21,1,17,https://www.mappls.com/m1brmy
4217,mansarovar station,22200,11,750,$0,4,26,https://www.mappls.com/eb3824
4218,bhopal 10 no market,22200,4,2160,$0.07,2,19,https://www.mappls.com/3a5mfm
4219,bhagwan mahavir hospital,18100,19,124,$0.43,9,21,https://www.mappls.com/gw9ck6
4220,assam gramin vikash bank,22200,25,51,$0,1,11,https://www.mappls.com/t1m2dt
4221,ashram chowk,22200,33,46,$0,9,27,https://www.mappls.com/direction-from--to-ashram+chowk+bus+stop+delhi+new+delhi?@zdata=ZnJvbSsrdG8rNzcuMjU4ODk4LDI4LjU3MTM4OCxTRjYxODIrdmlh
4222,apollo hospital indore,27100,37,46,$0.87,10,25,https://www.mappls.com/1hl81x
4223,ajc bose botanical garden,22200,20,95,$0.16,3,24,https://www.mappls.com/ay9iut
4224,adibatla tcs,8100,3,3596,$0.12,5,17,"https://www.mappls.com/direction-from--to-tata+consultancy+services+adibatla(+tcs+)+blocks+sdb1+and+sdb2,+survey+no+255+,+adibatla+village,+ibrahimpatnam+mandal,+ranga+reddy+district+hyderabad?@zdata=ZnJvbSsrdG8rNzguNTYzMjczLDE3LjIzMTY0LFNFRVBCTyt2aWE="
4225,abirami cinema chennai,22200,7,750,$0.06,1,22,https://www.mappls.com/place-abirami+cinema-mounasamy+mutt+road-venkatapuram-ambattur-chennai-tamil+nadu-600053-7f45e6@zdata=MTMuMTIzMTM5KzgwLjE1MTIwOCsxNys3ZjQ1ZTYrKw==ed
4226,4th street,22200,15,202,$0.22,4,26,https://www.mappls.com/vetqy4
4227,1st block,22200,79,46,$0.10,3,18,https://www.mappls.com/1i7fy0
4228,10 no market bhopal,22200,3,2160,$0.01,1,19,https://www.mappls.com/3a5mfm
4229,dda park,18100,20,124,$0,3,24,https://www.mappls.com/place-dda+park-hari+nagar-new+delhi-delhi-110064-EYFTX1@zdata=MjguNjI4NjQ4Kzc3LjEyMjEwOCsxNytFWUZUWDErKw==ed
4230,ciao pizzeria,12100,17,166,$0.26,7,33,https://www.mappls.com/place-ciao+pizzeria-thaltej-shop+no+01+&+02-ground+floor-zion+prime-thaltej+shilaj+road-near+copper+stone-thaltej-ahmedabad-gujarat-380059-FQWBLR@zdata=MjMuMDUxMjgwNzUwMDE0KzcyLjQ5MjIzMTI0NjY5NCsxNytGUVdCTFIrK25yed
4231,century club,22200,12,250,$0.30,4,15,https://www.mappls.com/place-century+club-no+1-cubbon+park+road-seshadri+road-cubbon+park-nunegundlapalli-ambedkar+veedhi-gandhi+nagar-bengaluru-karnataka-560001-ESA62E@zdata=MTIuOTc0Nzc1Kzc3LjU4ODgyMSsxNytFU0E2MkUrK25yed
4232,buddha vihar gulbarga,18100,17,130,$0,3,19,https://www.mappls.com/c674t1
4233,blue nile restaurant,18100,24,53,$0,4,20,https://www.mappls.com/76748a
4234,udupi sri krishna temple,22200,28,48,$0,1,11,"https://www.mappls.com/direction-from--to-udupi+sri+krishna+temple+complex,+maruthi+veethika,+udupi,+karnataka,+576101+udupi?@zdata=ZnJvbSsrdG8rNzQuNzUxNjg3LDEzLjM0MDQxNSxDREw1OTUrdmlh"
4235,tower 14,22200,4,3596,$0.13,3,16,https://www.mappls.com/place-tower+14-palladian-marathahalli-bengaluru-karnataka-560037-JJJDK8@zdata=MTIuOTUzMzg3Kzc3LjY5MDE2NSsxNytKSkpESzgrKw==ed
4236,statue circle jaipur,22200,33,46,$0,7,22,"https://www.mappls.com/direction-from--to-sawai+jai+singh+the+statue+circle,+statue+circle,+ashok+nagar,+jaipur,+rajasthan,+302005?@zdata=ZnJvbSsrdG8rNzUuODA2MDE1LDI2LjkwNzMwNixORDlRVDQrdmlh"
4237,st martha hospital,22200,15,166,$0.14,4,19,https://www.mappls.com/place-st+marthas+hospital+corporation+bus+stop-district+office+road-cubbonpet-nagartapete-bengaluru-karnataka-560002-6NZKDQ@zdata=MTIuOTY4MzkyKzc3LjU4NjU5OSsxNys2TlpLRFErK25yed
4238,st andrews auditorium bandra west,22200,13,250,$0.19,6,16,https://www.mappls.com/place-st+andrews+auditorium-st+andrews+college+of+arts+science+and+commerce-road+theatre+management-domnik+road-off+hill+road-bandra+west-mumbai-maharashtra-400050-2RUY2A@zdata=MTkuMDU2NzIxKzcyLjgyODY5NCsxNysyUlVZMkErK25yed
4239,sayaji hotel kolhapur maharashtra,27100,45,46,$0.31,33,35,https://www.mappls.com/5kkkk4
4240,pavi sadakpur,22200,39,46,$0.07,4,17,"https://www.mappls.com/place-restaurants-near-pal+hotel+pavi,+saharanpur+road,+loni,+uttar+pradesh,+201102??@zdata=MjguNzczNzc3Kzc3LjI3OTk0OCsxNysrcmVzdGF1cmFudHMrZWw=ed"
4241,pandit farms,18100,29,46,$0.33,6,25,https://www.mappls.com/place-pandit+farms-44-dnydeep+colony-ganesh+nagar-karve+nagar-pune-maharashtra-411052-bmt4n2@zdata=MTguNDg5NzMxKzczLjgyMDYxKzE3K2JtdDRuMisred
4242,palanpur station,22200,29,46,$0.02,1,19,https://www.mappls.com/place-palanpur+junction+railway+station-railway+station+road-bank+colony-palanpur-gujarat-385001-S655BD@zdata=MjQuMTc0Njc4KzcyLjQzMDY4OCsxNytTNjU1QkQrKw==ed
4243,pacific mall delhi subhash nagar,22200,18,95,$0.06,9,21,https://www.mappls.com/afss11
4244,navy nagar mumbai,22200,18,166,$0.15,3,19,https://www.mappls.com/place-navy+nofra-nofra-navy+nagar-colaba-mumbai-maharashtra-400005-OSUOF5@zdata=MTguOTAyNTQrNzIuODA3ODYxKzE3K09TVU9GNSsred
4245,navy nagar,22200,19,130,$0.12,3,19,https://www.mappls.com/place-navy+nofra-nofra-navy+nagar-colaba-mumbai-maharashtra-400005-OSUOF5@zdata=MTguOTAyNTQrNzIuODA3ODYxKzE3K09TVU9GNSsred
4246,national library of kolkata,22200,33,46,$0.01,1,34,https://www.mappls.com/d6sfec
4247,municipal market,22200,12,568,$0.03,1,19,https://www.mappls.com/place-municipal+market-connaught+place-new+delhi-delhi-110001-67352D@zdata=MjguNjMyOTI1Kzc3LjIyMzIxOCsxNys2NzM1MkQrKw==ed
4248,mission ho,22200,30,46,$0.07,1,35,https://www.mappls.com/place-mission+hospital-palhani-district+azamgarh-azamgarh-uttar+pradesh-276001-15k1o1@zdata=MjYuMDQ5MjA2KzgzLjE3MDI4KzE3KzE1azFvMSsred
4249,mindspace malad,18100,37,46,$0.60,11,27,https://www.mappls.com/place-mindspace+garden-mindspace-rajan+pada-malad+west-mumbai-maharashtra-400064-536CEU@zdata=MTkuMTc5NjQxKzcyLjgzMzUyNCsxNys1MzZDRVUrK25yed
4250,mau aima,22200,22,95,$0.21,1,19,"https://www.mappls.com/direction-from--to-mau+aima+katai+mill,+soraon,+allahabad+district,+uttar+pradesh,+212507?@zdata=ZnJvbSsrdG8rODEuOTE4Nzg1LDI1LjcxMDU2MSwxMkZBQTcrdmlh"
4251,maruti suzuki manesar,22200,15,437,$0.52,8,22,https://www.mappls.com/77d232
4252,maharaja cinemas,22200,27,48,$0,1,22,https://www.mappls.com/place-maharaja+multiplex-erode+chennimalai+road-kk+nagar-rangampalayam-erode-tamil+nadu-638009-evogug@zdata=MTEuMzEzNjk5Kzc3LjcwOTQ0OSsxNytldm9ndWcrK25yed
4253,sheetla mata mandir in gurgaon,12100,35,46,$0,1,9,https://www.mappls.com/6tc3a5
4254,rto chinchwad,22200,31,46,$0.11,6,18,https://www.mappls.com/place-new+regional+office+transport+pimpri+chinchwada-mahadev+balaji+landge+road-jal+vayu+vihar-sector+no+6-moshi-pimpri+chinchwad-maharashtra-412105-HZ4F0L@zdata=MTguNjU1MDgrNzMuODQ0MjQ3KzE3K0haNEYwTCsred
4255,rtc bus stand,9900,22,95,$0.15,4,37,https://www.mappls.com/place-apsrtc+vijayawada+bus+stand-governor+pet+rtc+depot-vijayawada-andhra+pradesh-520002-T165F2@zdata=MTYuNTEwMzA1KzgwLjYyMDU3KzE3K1QxNjVGMisrbnI=ed
4256,raipur ghadi chowk,22200,8,1041,$0,2,20,https://www.mappls.com/place-ghadi+chowk+bus+stop-nh+53-moti+bagh-raipur-chhattisgarh-492001-U5W2T6@zdata=MjEuMjQ1MjM2KzgxLjY0MTQ3NisxNytVNVcyVDYrK25yed
4257,pvr cinemas kurla,22200,16,124,$0.07,1,20,https://www.mappls.com/ib67f3
4258,pin code of kukatpally,22200,38,46,$0,1,18,https://www.mappls.com/place-kukatpally+post+office-balaji+nagar-kukatpally-hyderabad-telangana-500072-A27S2T@zdata=MTcuNDgzNzg3Kzc4LjQxMTc2NisxNytBMjdTMlQrK25yed
4259,malad mindspace,18100,30,46,$0.52,5,25,https://www.mappls.com/place-athena-mindspace-malad+west-mumbai-maharashtra-400064-4aoxcc@zdata=MTkuMTczMzA4KzcyLjgzMTg4NSsxNys0YW94Y2MrKw==ed
4260,lajpat nagar iii,22200,34,46,$0.14,4,19,https://www.mappls.com/place-nagar-block+m-lajpat+nagar+3-new+delhi-delhi-110024-BUZJXL@zdata=MjguNTY4NDU1NDQrNzcuMjM1MzMyMisxNytCVVpKWEwrK25yed
4261,kurla and ltt,22200,19,113,$0.07,2,22,https://www.mappls.com/place-lokmanya+tilak+terminus-pipeline+road-lokmanya+tilak+terminus+railway+yard-kurla+east-mumbai-maharashtra-400089-3qfxrq@zdata=MTkuMDcxMTQxKzcyLjg5MTAwNisxNyszcWZ4cnErKw==ed
4262,kukatpally pin code,22200,36,46,$0,1,19,https://www.mappls.com/place-kukatpally+post+office-balaji+nagar-kukatpally-hyderabad-telangana-500072-A27S2T@zdata=MTcuNDgzNzg3Kzc4LjQxMTc2NisxNytBMjdTMlQrK25yed
4263,ksrtc bus station aluva,27100,23,59,$0.05,2,16,https://www.mappls.com/34238c
4264,krishna stores,22200,12,333,$0.33,2,17,https://www.mappls.com/place-sri+krishna+stores-subramaniapuram-padukottai+road-tiruchirappalli-tamil+nadu-620020-ZNKH6D@zdata=MTAuNzg3NTIxKzc4LjY5ODA4MysxNytaTktINkQrK25yed
4265,kanki,22200,101,46,$0.03,1,21,https://www.mappls.com/fz28mv
4266,jaipur distance,18100,9,437,$0,1,23,https://www.mappls.com/direction-from-current-location-to-jaipur+rajasthan+jaipur?@zdata=ZnJvbSsrdG8rNzUuODAxMjkyLDI2LjkxNzg1OCwzVDdYVjYrdmlh
4267,infosys metro station,14800,13,250,$0.10,5,30,"https://www.mappls.com/direction-from--to-infosys+foundation+konappana+agrahara+metro+station,+electronics+city+road,+phase+1,+electronic+city,+bengaluru,+karnataka,+560100?@zdata=ZnJvbSsrdG8rNzcuNjcxMTYxLDEyLjg0NjczMyxESkZZREErdmlh"
4268,hyderabad city civil court,22200,15,124,$0.09,3,18,https://www.mappls.com/place-city+civil+court-chatta+bazar+road-darulshifa-hyderabad-telangana-500002-oyqmfz@zdata=MTcuMzY4MTYxODUzMzA3Kzc4LjQ3ODcxODY5NjcwMisxNytveXFtZnorKw==ed
4269,headquarters police,22200,46,46,$0.08,3,19,https://www.mappls.com/0ovxzf
4270,district court patna,22200,7,568,$0,1,18,https://www.mappls.com/place-patna+district+court-behind+bankipur+post+office-sai+gram-kunwar+singh+road-patna-bihar-800004-ef8a1c@zdata=MjUuNjIxODY0Kzg1LjE1NDkwOSsxNytlZjhhMWMrKw==ed
4271,coimbatore bus stand,22200,21,95,$0.49,1,20,https://www.mappls.com/place-gandhipuram+central+bus+stand-ram+nagar-coimbatore-tamil+nadu-641009-733s4a@zdata=MTEuMDE0MTUrNzYuOTY3KzE3KzczM3M0YSsred
4272,civil lines metro station,22200,29,46,$0.06,4,31,https://www.mappls.com/place-civil+line+metro+station+bus+stop-civil+lines+metro+station-new+delhi-delhi-110054-41FDA6@zdata=MjguNjc2NjIrNzcuMjI1MDkyKzE3KzQxRkRBNisrbnI=ed
4273,church of the divine mercy,22200,43,46,$0.09,5,18,https://www.mappls.com/r9dm4m
4274,christ church,22200,29,51,$0.64,4,26,https://www.mappls.com/place-christ+church-khan+st-choolaimedu-chennai-tamil+nadu-600094-2CSB4F@zdata=MTMuMDY1MzYxKzgwLjIzMDg5NisxNysyQ1NCNEYrKw==ed
4275,building 10 tower c,22200,25,51,$0.14,5,15,https://www.mappls.com/e2dvkw
4276,bagalur cross,22200,12,568,$0,4,26,https://www.mappls.com/4j646j
4277,anthony's,22200,30,46,$0.11,1,32,https://www.mappls.com/place-st+anthonys+college-bomfyle+road-east+khasi+hills-shillong-meghalaya-793001-4C186B@zdata=MjUuNTcwOTI2KzkxLjg4OTM5MysxNys0QzE4NkIrKw==ed
4278,albert cinema,22200,9,333,$0.09,2,18,https://www.mappls.com/3f2ffc
4279,aiims hospital bhubaneswar,49500,15,250,$0.47,8,30,https://www.mappls.com/place-aiims+bhubaneswar-sijua+patrapada-all+india+institute+of+medical+sciences+bhubaneswa-sijua-patrapada-bhubaneswar-odisha-751019-8URSIK@zdata=MjAuMjMxNTA4MDc2OSs4NS43NzYwMDI5NjA0KzE3KzhVUlNJSysrbnI=ed
4280,agastya corporate park piramal realty,22200,50,46,$0,7,14,https://www.mappls.com/7y974m
4281,40 feet road,22200,11,437,$0.10,4,21,https://www.mappls.com/i8u82i
4282,grt jewellers coats road t nagar,22200,26,46,$0.25,9,18,https://www.mappls.com/ynxy6j
4283,gangavaram beach vizag,22200,19,202,$0.14,3,30,https://www.mappls.com/place-gangavaram+beach-dibbapalem-gagavarum-visakhapatnam-andhra+pradesh-530044-8EAF23@zdata=MTcuNjI4ODM5KzgzLjIzNjM1NysxNys4RUFGMjMrKw==ed
4284,exhibition road,22200,27,53,$0,8,27,https://www.mappls.com/place-exhibition+road+bus+stand-exhibition+road-salimpur+ahra-golambar-patna-bihar-800001-MH3VBE@zdata=MjUuNjE0MzUrODUuMTQ0MjA3KzE3K01IM1ZCRSsrbnI=ed
4285,z square mall kanpur,22200,30,46,$0.01,2,12,https://www.mappls.com/8t36s6
4286,vegas mall pvr,9900,19,95,$0.12,1,19,https://www.mappls.com/zybyg9
4287,v o c park,27100,19,124,$0.13,4,41,https://www.mappls.com/place-voc+park+mini+zoo-24-jail+road-att+colony-gopalapuram-coimbatore-tamil+nadu-641018-eedc36@zdata=MTEuMDA3NzAxKzc2Ljk3MDc0MSsxNytlZWRjMzYrKw==ed
4288,tulsi nagar,18100,32,46,$0,9,26,"https://www.mappls.com/direction-from--to-bhopal+tulsi+nagar,+bhopal,+madhya+pradesh,+462003+bhopal,+8153t8?@zdata=ZnJvbSsrdG8rNzcuNDEzMTc2LDIzLjIyNjg0LDgxNTN0ODs3Ny40MTMxODQsMjMuMjI3MTE5LDgxNTN0OCt2aWE="
4289,v r mall chennai,18100,19,77,$0.16,2,40,https://www.mappls.com/tymhdb
4290,t d i mall,18100,17,135,$0.16,3,19,https://www.mappls.com/place-tdi+mall-srinagar+kanyakumari+hwy-sector+58-kundli-haryana-131023-3T31T3@zdata=MjguODg4Njk4Kzc3LjExNzMxKzE3KzNUMzFUMysrbnI=ed
4291,suga n spice,18100,33,38,$0.04,1,23,https://www.mappls.com/wn1pv2
4292,spring valley,18100,28,43,$0.07,6,25,https://www.mappls.com/place-spring+valley-upper+dharamshala-district+kangra-dharamshala-himachal+pradesh-176219-S6B2FD@zdata=MzIuMjI4ODA0Kzc2LjMyNTc4KzE3K1M2QjJGRCsrbnI=ed
4293,sony signal koramangala,9900,25,41,$0.08,7,19,https://www.mappls.com/vqtj4n
4294,sm suppliers pune,9900,7,611,$0.23,4,32,https://www.mappls.com/boxfj4
4295,sibsagar university,18100,11,271,$1.39,1,15,https://www.mappls.com/kfz5td
4296,varanasi airport babatpur uttar pradesh,14800,23,41,$0.11,3,27,https://www.mappls.com/1fa52f
4297,nehru place market delhi,18100,17,135,$0.05,1,22,https://www.mappls.com/place-nehru+place+market-nehru+place+market+road-nehru+place-new+delhi-delhi-110019-6FA7AB@zdata=MjguNTQ4MjUyKzc3LjI1MjE3MSsxNys2RkE3QUIrKw==ed
4298,nearest toilet,18100,25,48,$0.06,1,31,https://www.mappls.com/place-public+toilet-kalaburagi-karnataka-585103-WT2IK9@zdata=MTcuMzI1NDErNzYuODE3NTQyKzE3K1dUMklLOSsrbnI=ed
4299,nearest loo,18100,13,164,$0.08,1,23,https://www.mappls.com/search-near-Pay%20and%20Use%20Toilet@zdata=ODguMTQyMTU2LDI0Ljk5NzA4Mg==
4300,nearest bus stop,18100,47,38,$0.25,1,19,"https://www.mappls.com/transports/near/22.696485,75.878869"
4301,near toilet,18100,23,59,$0,1,24,"https://www.mappls.com/toilets/near/13.014987,77.646456"
4302,naroda gam brts station,22200,10,271,$0.06,3,18,https://www.mappls.com/place-naroda+gam+bus+station-galaxy+road-makarpura-naroda-ahmedabad-gujarat-382330-73XODD@zdata=MjMuMDc3MDU2KzcyLjY1NTY4OSsxNys3M1hPREQrKw==ed
4303,murali nagar vizag,14800,26,43,$0.12,4,22,https://www.mappls.com/8fb6at
4304,municipal corporation thane,18100,24,43,$0,1,20,https://www.mappls.com/place-thane+municipal+corporation-koliwada-thane-maharashtra-400615-PGG10Z@zdata=MTkuMjc2NTUyKzcyLjk3MTQzOSsxNytQR0cxMForK25yed
4305,manek chowk road,14800,40,38,$0,6,19,https://www.mappls.com/place-manek+chowk+market-danapith-ahmedabad-gujarat-380001-833sa2@zdata=MjMuMDIyODg2KzcyLjU4Njg5KzE3KzgzM3NhMisred
4306,laxmi tower,18100,11,463,$0.25,4,14,https://www.mappls.com/place-laxmi+tower-sapna+sangeeta+road-sneh+nagar-indore-madhya+pradesh-452001-3s6a1a@zdata=MjIuNzAyOTIyKzc1Ljg3MjA1OSsxNyszczZhMWErKw==ed
4307,la stella banquet,18100,10,356,$0.06,4,20,https://www.mappls.com/awtqyp
4308,sanjay place in agra,18100,11,463,$0.13,4,23,https://www.mappls.com/place-sanjay+place-madhu+nagar-sanjay+palace-civil+lines-agra-uttar+pradesh-282002-t3fftt@zdata=MjcuMTk4Nzk5Kzc4LjAwNTY5MisxNyt0M2ZmdHQrKw==ed
4309,sangam circle,18100,7,2932,$0.20,6,21,https://www.mappls.com/g8bftz
4310,raya cut mathura,12100,10,848,$0.04,1,19,https://www.mappls.com/6klr4f
4311,ram park,18100,12,271,$0.09,4,19,https://www.mappls.com/place-ram+park-inder+colony-sector+31-faridabad-haryana-121003-S1CF14@zdata=MjguNDQ0NDA1Kzc3LjMxMzEwMysxNytTMUNGMTQrKw==ed
4312,raj spanish cafe,12100,19,101,$0.08,3,25,https://www.mappls.com/vrui4d
4313,railway station patna,18100,36,38,$0.02,1,24,https://www.mappls.com/d47632
4314,radisson blu plaza delhi,18100,25,38,$0.44,56,42,https://www.mappls.com/place-radisson+blu+plaza+hotel+delhi+airport-near+mahipalpur+extension-nh+8-new+delhi-delhi-110037-9zcn97@zdata=MjguNTQzNjkyKzc3LjExOTk0NSsxNys5emNuOTcrKw==ed
4315,pvp multiplex,9900,15,106,$0.18,5,24,https://www.mappls.com/place-pvp+multiplex-pioneer+vasantham+palace-puthukudierupu-kanyakumari-nagercoil-tamil+nadu-629001-ur6n5u@zdata=OC4xOTQ0NCs3Ny40MjUxMisxNyt1cjZuNXUrKw==ed
4316,pin code sector 62 noida,18100,20,77,$0,1,19,https://www.mappls.com/3aa8c5
4317,pgi emergency,18100,22,48,$0.28,8,17,https://www.mappls.com/62qbix
4318,pen maharashtra,14800,47,38,$0,1,23,"https://www.mappls.com/direction-from--to-+pen,+raigad+district,+maharashtra,+402107?@zdata=ZnJvbSsrdG8rNzMuMDQ5Njc3LDE4LjcxMDU3Nyw3UjQ4WFErdmlh"
4319,parking at india gate,18100,10,611,$0,1,19,https://www.mappls.com/3hy497
4320,park plaza ludhiana ludhiana punjab,18100,22,48,$0.36,22,23,https://www.mappls.com/place-park+plaza+ludhiana-post+box+333-bhai+bala+chowk-ferozepur+road-ludhiana-punjab-141001-NWWB5Z@zdata=MzAuOTAxNDE2Kzc1LjgzMTI0NisxNytOV1dCNVorK25yed
4321,paltan bazaar guwahati assam,18100,10,611,$0.09,5,26,https://www.mappls.com/place-paltan+bazaar-near+station+road-guwahati-assam-781008-C8WW8V@zdata=MjYuMTgwODY4KzkxLjc0NjAxKzE3K0M4V1c4Visred
4322,om vihar,18100,43,38,$0.11,5,19,https://www.mappls.com/place-om+vihar-balaji+city-bindayaka-jaipur-rajasthan-302012-RFP1D2@zdata=MjYuOTEzNDYrNzUuNjYzMTE3KzE3K1JGUDFEMisred
4323,sigree restaurant in mumbai,18100,28,39,$0.21,4,23,https://www.mappls.com/zyqew0
4324,shri ram piston,14800,39,38,$0.65,2,18,https://www.mappls.com/4c4c36
4325,shree chintaman ganesh temple ujjain,9900,23,77,$0.09,3,16,https://www.mappls.com/kj8dbu
4326,shivam road,18100,30,38,$0,9,26,"https://www.mappls.com/direction-from--to-azam+complex+shivam+road,+sarada+nagar,+bagh+amberpet,+hyderabad,+telangana,+500013+hyderabad?@zdata=ZnJvbSsrdG8rNzguNTEyNDI5MzksMTcuMzk4MTMwOTYsMzcxN0YxK3ZpYQ=="
4327,shimoga falls,14800,35,38,$0,1,31,https://www.mappls.com/1nrivi
4328,haj bhavan,14800,6,848,$0.18,7,17,https://www.mappls.com/place-haj+bhavan-thanisandra+main+road-thirumanahalli+village-yelahanka-bengaluru-karnataka-560064-d2qqnr@zdata=MTMuMDg4OTg2Kzc3LjYzNDc1NisxNytkMnFxbnIrKw==ed
4329,gobi bus stand,18100,3,1761,$0.39,1,20,https://www.mappls.com/upoiod
4330,garden in powai,18100,28,39,$0.08,3,21,https://www.mappls.com/place-hiranandani+gardens-forest+street-hiranandani+gardens-powai-mumbai-maharashtra-400076-I58EAA@zdata=MTkuMTE1MjkxKzcyLjkwODkwNysxNytJNThFQUErK25yed
4331,gangotri bar and restaurant,14800,17,106,$0,5,11,https://www.mappls.com/place-gangotri+bar+&+restaurant-27th+cross+road-mangammanapalya-bommanahalli-bengaluru-karnataka-560068-3HTDDW@zdata=MTIuOTA0NzM2Kzc3LjY0MDA5OSsxNyszSFRERFcrK25yed
4332,forest park,14800,27,43,$0,5,24,https://www.mappls.com/place-biju+patnaik+park-udyan+marg-forest+park-bhubaneswar-odisha-751009-b4a651@zdata=MjAuMjU4MjMrODUuODI1NDI3KzE3K2I0YTY1MSsred
4333,jodhpur park kolkata,18100,23,59,$0,5,20,"https://www.mappls.com/direction-from--to-,+jodhpur+park,+kolkata,+west+bengal,+700068?@zdata=ZnJvbSsrdG8rODguMzY3MjY2LDIyLjUwODg2NCxKMlZNODYrdmlh"
4334,jind bus stand,18100,27,43,$0.04,2,24,https://www.mappls.com/place-new+bus+stand+jind-vijay+nagar-urban+estate-jind-haryana-126102-UEC3TC@zdata=MjkuMzEzNzU2Kzc2LjM1ODEzNCsxNytVRUMzVEMrK25yed
4335,jai vihar,18100,40,38,$0.13,4,18,https://www.mappls.com/place-shiv+garden-jai+vihar-baprola-new+delhi-delhi-110043-h4f7w8@zdata=MjguNjMxMjY3Kzc3LjAwNjM3OCsxNytoNGY3dzgrKw==ed
4336,iskcon raipur,22200,8,611,$0.63,2,25,https://www.mappls.com/3e4a4b
4337,hyatt regency trivandrum,14800,27,38,$23.38,28,26,https://www.mappls.com/place-hyatt+regency+trivandrum-thycaud+road-vazhuthcadu-thiruvananthapuram-kerala-695014-xinswh@zdata=OC40OTczMDQrNzYuOTU4NDUrMTcreGluc3doKys=ed
4338,honest restaurant avadh,12100,24,43,$0.01,1,19,https://www.mappls.com/5i1uc4
4339,haldwani bus stand main gate,9900,7,848,$0.09,2,20,https://www.mappls.com/place-roadways+bus+station+haldwani-bus+stand+road-banbhoolpura-haldwani-uttarakhand-263139-R3MZ00@zdata=MjkuMjE2NSs3OS41Mjk5ODErMTcrUjNNWjAwKytucg==ed
4340,bharath mall,14800,8,463,$0.03,9,23,https://www.mappls.com/place-bharath+mall-bejai+main+road-opposite+ksrtc-bejai-lalbagh-mangaluru-karnataka-575004-6F5D7B@zdata=MTIuODg2MTU0Kzc0Ljg0MTAzMSsxNys2RjVEN0IrK25yed
4341,bhagwati garden,12100,29,38,$0.24,10,19,https://www.mappls.com/place-bhagwati+garden-infront+of+chauhan+pyau-thatipur-gwalior-madhya+pradesh-474011-YMZ2VY@zdata=MjYuMjE0MzYyKzc4LjIxMDMyOSsxNytZTVoyVlkrKw==ed
4342,bandra linking road mumbai,14800,8,1192,$0.13,2,23,https://www.mappls.com/3yk72b
4343,bandra link road mumbai,18100,10,463,$0.12,1,20,https://www.mappls.com/3yk72b
4344,banana republic,18100,17,101,$0.32,12,27,https://www.mappls.com/lznbvv
4345,arc branch list,18100,20,59,$0.56,1,18,https://www.mappls.com/lodetb
4346,andheri pin code east,22200,52,38,$0.02,1,11,https://www.mappls.com/place-andheri+east+mumbai-maharashtra-400069+mumbai-Q2SLHR@zdata=MTkuMTE5NDU1KzcyLjg0OTg5OCsxNytRMlNMSFI=ed
4347,alreem thammanam,18100,10,271,$0.13,2,21,https://www.mappls.com/place-al+reem-mahakavi+vailoppilli+road-dd+village-thammanam-vyttila-kochi-kerala-682032-8ZFUNP@zdata=OS45ODQ3MTAwMDAwMDAxKzc2LjMxMTQ4OSsxNys4WkZVTlArK25yed
4348,deep vihar,14800,50,38,$0.11,3,19,https://www.mappls.com/place-deep+vihar+colony+lal+kuan-ghaziabad-2LHIJO@zdata=MjguNjMxMis3Ny40NzY2KzE3KzJMSElKTysred
4349,chanakya hotel patna,18100,27,39,$0.14,22,25,https://www.mappls.com/place-hotel+chanakya-bir+chand+patel+marg-patna-bihar-800001-BA43SS@zdata=MjUuNjAwODY0Kzg1LjEyNTcxNCsxNytCQTQzU1MrK25yed
4350,calicut cafeteria,18100,10,463,$0,3,24,https://www.mappls.com/place-calicut+cafeteria-calicut+road-feroke-kerala-673631-ulp2sz@zdata=MTEuMTgzOTk4Kzc1Ljg0MDM3OCsxNyt1bHAyc3orKw==ed
4351,bamandongri railway station,9900,18,135,$0.10,7,18,"https://www.mappls.com/direction-from--to-bamandongri+railway+station+ulwe,+sector+19+a+navi+mumbai?@zdata=ZnJvbSsrdG8rNzMuMDI1NjI5LDE4Ljk3NDcwMSw0UTM4M1Erdmlh"
4352,pritam da dhaba dadar east,18100,26,38,$0.53,3,19,https://www.mappls.com/place-pritam+da+dhaba-dadar+east-hotel+midtown+pritam-no+32-dharamputra-pritam+estates-dadar+east-mumbai-maharashtra-400014-D1AB1F@zdata=MTkuMDE2Nzk4KzcyLjg0NjE2MisxNytEMUFCMUYrK25yed
4353,prince info city ii,18100,9,463,$0.13,8,11,https://www.mappls.com/gg0v2r
4354,patna passport seva kendra,12100,42,38,$0,1,19,https://www.mappls.com/e11f7a
4355,patna bihar railway station,18100,48,38,$0,1,24,https://www.mappls.com/d47632
4356,optum bangalore,14800,20,101,$0.09,8,45,https://www.mappls.com/8bz2cx
4357,old mumbai pune road,18100,8,1192,$0.09,2,22,"https://www.mappls.com/direction-from--to-lonavala;lonawala+old+mumbai+pune+highway,+mumbai+pune+road,+lonavala,+maharashtra,+410401+lonavala;lonawala?@zdata=ZnJvbSsrdG8rNzMuNDIwNjczLDE4Ljc2MDUyOCwyOENUNEUrdmlh"
4358,seasons restaurant electronic city,18100,19,59,$0,11,14,https://www.mappls.com/place-seasons-near+bmtc+bus+stop-electronic+city-bengaluru-karnataka-560100-PXTNY9@zdata=MTIuODQ3MDkxKzc3LjY3MTc5NCsxNytQWFROWTkrKw==ed
4359,santosh bhavan,22200,21,77,$0.19,3,18,https://www.mappls.com/place-santosh+bhawan-machkhowa-guwahati-assam-781001-by4xmx@zdata=MjYuMTc1Mjc3KzkxLjczNjkxKzE3K2J5NHhteCsred
4360,sanjay place agra,18100,19,106,$0.14,5,19,https://www.mappls.com/place-sanjay+plaza-sanjay+palace-civil+lines-agra-uttar+pradesh-282002-wwfw6z@zdata=MjcuMjAxMjgrNzguMDA3MDcxKzE3K3d3Znc2eisred
4361,sambalpur bus stand,18100,9,848,$0,2,19,https://www.mappls.com/place-sambalpur+private+bus+stand-ainthapali-sambalpur-odisha-768004-b31f1b@zdata=MjEuNDk1MzErODMuOTgzOTE3KzE3K2IzMWYxYisred
4362,rinmukteshwar mahadev temple,14800,19,101,$0.13,1,19,https://www.mappls.com/wk4v2q
4363,reserve bank of india headquarters,18100,28,38,$0,1,10,https://www.mappls.com/fdsw58
4364,reay road railway station,18100,15,135,$0,4,12,https://www.mappls.com/place-reay+road+railway+station-barrister+nath+pai+marg-cotton+green-mumbai-maharashtra-400033-57KU82@zdata=MTguOTc3ODgzKzcyLjg0Mzk4KzE3KzU3S1U4MisrbnI=ed
4365,ramgarh bus stand,18100,6,1761,$0.13,1,19,https://www.mappls.com/place-ramgarh+bus+stand-nh+20-bijulia-ramgarh+cantonment+civil+township-jharkhand-829122-8G8DJD@zdata=MjMuNjIxMzc2Kzg1LjUxNzYyOSsxNys4RzhESkQrK25yed
4366,rajkot station,12100,24,77,$0.08,2,21,https://www.mappls.com/place-rajkot+railway+station-railway+road-rajkot-gujarat-360001-T2ATDA@zdata=MjIuMzExODI3KzcwLjgwMjc3OSsxNytUMkFUREErK25yed
4367,rajiv gandhi zoological park and wildlife research center,27100,29,38,$0,1,34,https://www.mappls.com/8s8a1s
4368,radisson blu hotel jammu,18100,27,38,$0.26,34,23,https://www.mappls.com/h8yxu2
4369,leonia resorts location,14800,7,848,$0.13,33,20,https://www.mappls.com/67d1be
4370,le meridien jaipur,18100,60,38,$0.15,46,32,https://www.mappls.com/1176a5
4371,lal ganesh guwahati,18100,33,38,$0.14,5,22,https://www.mappls.com/place-temple-ganapati+nagar-lal+ganesh-guwahati-assam-781034-fs4uli@zdata=MjYuMTQ0NDk4KzkxLjc0NTY4KzE3K2ZzNHVsaSsred
4372,kolkata fort william,18100,29,39,$0.14,1,25,https://www.mappls.com/a54s5s
4373,kipling cafe in chennai,22200,28,38,$0.05,1,23,https://www.mappls.com/place-kipling+cafe-16-l+jey+avenue-akkakarai-sholinganallur-akkarai-east+coast+road+ecr-chennai-tamil+nadu-600119-z8rwrc@zdata=MTIuODk1MzkxKzgwLjI1MjA4MSsxNyt6OHJ3cmMrKw==ed
4374,karaikal bus stand,18100,10,611,$0.02,2,17,"https://www.mappls.com/direction-from--to-karaikal+bus+stand,+pk+salai,+karaikal,+puducherry,+609602?@zdata=ZnJvbSsrdG8rNzkuODMyNjA5LDEwLjkzMjAxMyw4RjM3MjUrdmlh"
4375,kalyan nagar bengaluru karnataka,18100,31,38,$0.21,5,22,https://www.mappls.com/place-kalyan+nagar+bus+stop-mbt+road-kalyan+nagar-bengaluru-karnataka-560043-V53K89@zdata=MTMuMDI2MzMyKzc3LjYzNjMwNysxNytWNTNLODkrK25yed
4376,jayanagar market bangalore,12100,29,38,$0.16,2,23,https://www.mappls.com/place-jayanagar+shopping+complex-4th+block-jayanagar-bengaluru-karnataka-560011-a3b74b@zdata=MTIuOTI5MjUyKzc3LjU4NDM4KzE3K2EzYjc0Yisred
4377,jade garden,14800,22,77,$0.44,4,24,https://www.mappls.com/place-jade+garden-mig+colony-bandra+east-mumbai-maharashtra-400051-TK8HWV@zdata=MTkuMDU3ODk0KzcyLjg0OTYxKzE3K1RLOEhXVisred
4378,inner circle ground whitefield,12100,29,38,$0.12,9,32,https://www.mappls.com/hqbrjd
4379,infantry road bangalore,18100,22,59,$0.19,5,21,https://www.mappls.com/place-the+week-infantry+road-shivaji+nagar-bengaluru-karnataka-560001-d5m5to@zdata=MTIuOTgyMTA5Kzc3LjU5OTQ2MSsxNytkNW01dG8rKw==ed
4380,india gate parking,22200,9,848,$0,2,20,https://www.mappls.com/3i1yal
4381,hotel centre point,18100,22,59,$0.16,7,21,https://www.mappls.com/t5f2tt
4382,nesco goregaon,14800,27,43,$0.10,1,23,https://www.mappls.com/4s8t1t
4383,empire restaurant indiranagar,18100,8,463,$0.26,10,20,https://www.mappls.com/2y8n3l
4384,durgadi killa,6600,29,39,$0.15,6,24,https://www.mappls.com/place-durgadi+fort-dudh+nakah-kalyan-maharashtra-421301-0YME1H@zdata=MTkuMjQ1NDI1KzczLjExODU0OCsxNyswWU1FMUgrKw==ed
4385,dr braou hyd,22200,16,101,$1.39,1,39,https://www.mappls.com/23t38b
4386,dhanbad birsa munda park,18100,12,463,$0.08,1,19,https://www.mappls.com/place-birsa+munda+park+hirak+road-nawadih-dhanbad-jharkhand-826001+dhanbad-4FCBL7@zdata=MjMuODMwMDUyKzg2LjQxNTk0NCsxNys0RkNCTDc=ed
4387,devanahalli airport,18100,7,611,$0.50,1,23,https://www.mappls.com/place-kempegowda+international+airport-bial+road-devanahalli-bengaluru-karnataka-560300-TDA46A@zdata=MTMuMjAwNjA5Kzc3LjcwOTU5NSsxNytUREE0NkErK25yed
4388,dalma jharkhand,18100,31,38,$0,1,24,https://www.mappls.com/517f28
4389,csp of sbi,14800,28,39,$0,1,18,https://www.mappls.com/search-near-State%20Bank%20of%20India%20Customer%20Service%20Point(%20SBI%20CSP%20)@zdata=NzguMzk1MDIyLDMwLjM0MjA3
4390,connemara public library madras,18100,58,38,$0.15,3,33,https://www.mappls.com/8d5dd4
4391,coffee since 1999,14800,21,77,$0,8,20,https://www.mappls.com/lrm203
4392,choithram mandi,9900,4,2932,$0.13,5,18,https://www.mappls.com/place-choithram+mandi-nirbhay+singh+patel+marg-krishi+mandi-indore-madhya+pradesh-452009-UE3ELR@zdata=MjIuNjgyMDE2Kzc1Ljg1MjQ1OSsxNytVRTNFTFIrK25yed
4393,chocolate laboratory chennai,14800,24,59,$0.17,4,21,https://www.mappls.com/9iekp7
4394,chandani chowk pune,18100,29,39,$0.15,1,21,https://www.mappls.com/bf6gud
4395,hsr bangalore pin code,18100,54,38,$0.02,1,10,https://www.mappls.com/place-hsr+layout+metro+station-outer+ring+road-sector+6-hsr+layout-bengaluru-karnataka-560102-DJFP5M@zdata=MTIuOTE2NDUxKzc3LjYzMzMyNCsxNytESkZQNU0rK25yed
4396,house of boho,12100,44,38,$0,2,17,https://www.mappls.com/7z8qyc
4397,hilton garden inn trivandrum,14800,38,38,$0.32,38,21,https://www.mappls.com/pqjfbf
4398,gujarat bhawan,18100,17,92,$0,4,25,https://www.mappls.com/place-gujarat+bhawan-kautilya+marg-chanakyapuri-new+delhi-delhi-110021-753ADB@zdata=MjguNTk5MDMyKzc3LjE5NzMxNysxNys3NTNBREIrKw==ed
4399,green cinemas padi,18100,12,204,$0,5,20,https://www.mappls.com/place-green+cinemas+padi-station+road-korattur-chennai-tamil+nadu-600050-OAK1ZW@zdata=MTMuMDk5ODc3KzgwLjE3OTI3NCsxNytPQUsxWlcrK25yed
4400,grand mercure surya palace vadodara,18100,25,39,$0.35,19,41,https://www.mappls.com/5s86e5
4401,gandhi museum madurai,14800,46,38,$0,10,21,https://www.mappls.com/place-gandhi+memorial+museum-alwarpuram-tamukkam-collector+office+road-madurai-tamil+nadu-625020-238tb4@zdata=OS45Mjk5OTQrNzguMTM4NzA0KzE3KzIzOHRiNCsred
4402,egmore chennai tamil nadu,18100,37,38,$0.13,4,32,https://www.mappls.com/place-corporation+of+chennai-mayor+ramanathan+road-egmore-chennai-tamil+nadu-600008-N2ODFZ@zdata=MTMuMDc4NTkzKzgwLjI1MTgxMSsxNytOMk9ERlorKw==ed
4403,central metro gate no 1,18100,26,43,$0.20,1,28,https://www.mappls.com/place-central+metro+station-cr+avenue-calcutta+medical+college-college+square-kolkata-west+bengal-700073-65W48F@zdata=MjIuNTcyNTI1Kzg4LjM1OTAxOSsxNys2NVc0OEYrK25yed
4404,central bus terminus,22200,12,204,$0.15,3,44,https://www.mappls.com/szc8dz
4405,cantt station,40500,42,38,$0,9,33,"https://www.mappls.com/direction-from--to-delhi+cantonment+railway+station,+delhi+cantt+residential+township,+new+delhi,+delhi,+110010,+s42ets?@zdata=ZnJvbSsrdG8rNzcuMTE1NDE1LDI4LjYxMTQwOCxzNDJldHM7NzcuMTE1NDk5LDI4LjYxMTY1NixzNDJldHMrdmlh"
4406,bhandara maharashtra,14800,100,38,$0,1,22,https://www.mappls.com/place-bhandara+municipal+council-santaji+nagar-bhandara-maharashtra-441904-db9wnt@zdata=MjEuMTcwNjA5Kzc5LjY1NjQ5NysxNytkYjl3bnQrKw==ed
4407,bhagat ki kothi railway station second gate,18100,30,38,$0.09,7,20,https://www.mappls.com/place-bhagat+ki+kothi+railway+station-near+railway+station-bhagat+ki+kothi-pali+road-jodhpur-rajasthan-342005-d7b1b7@zdata=MjYuMjUwODY1KzczLjAxNDU0MSsxNytkN2IxYjcrKw==ed
4408,barnala bus stand,18100,21,59,$1.61,2,19,https://www.mappls.com/place-new+bus+stand+barnala-16+acre+colony-barnala-punjab-148101-L7ZE1C@zdata=MzAuMzc3MTIxKzc1LjUzODE0NSsxNytMN1pFMUMrK25yed
4409,applied technology center,18100,28,39,$0.08,1,18,https://www.mappls.com/place-atc+technical+learning+centre-infront+of+srit+colony-budharaja-sambalpur-odisha-768001-s9ofec@zdata=MjEuNDg2MjM4KzgzLjk4NDErMTcrczlvZmVjKys=ed
4410,yogi nagar borivali west,18100,28,39,$0.38,5,17,https://www.mappls.com/qcu4xg
4411,ved road surat,18100,8,611,$0,5,20,https://www.mappls.com/bae013
4412,varahaswamy guest house,12100,15,164,$0.12,1,20,https://www.mappls.com/hospig
4413,the bay club mumbai,18100,12,204,$0.32,4,19,https://www.mappls.com/place-the+bay+club-west+entrance-gate+no+1-maker+maxity-bandra+kurla+complex-bandra+east-mumbai-maharashtra-400051-TUZ1PD@zdata=MTkuMDUzMjQ2KzcyLjg0OTgyKzE3K1RVWjFQRCsrbnI=ed
4414,taj holiday village resort and spa goa,18100,40,38,$0.36,18,31,https://www.mappls.com/db1fs2
4415,swiggy address,18100,7,848,$0,1,33,https://www.mappls.com/gpfshy
4416,surat ved road,18100,8,611,$0.08,4,17,https://www.mappls.com/bae013
4417,westin powai,18100,27,41,$0.26,54,40,https://www.mappls.com/t94avz
4418,vr mall chennai,18100,20,77,$0.02,1,19,https://www.mappls.com/tymhdb
4419,varanasi airport babatpur uttar pradesh,14800,23,41,$0.11,3,27,https://www.mappls.com/1fa52f
4420,v r mall chennai,18100,19,77,$0.16,2,40,https://www.mappls.com/tymhdb
4421,t d i mall,18100,17,135,$0.16,3,19,https://www.mappls.com/place-tdi+mall-srinagar+kanyakumari+hwy-sector+58-kundli-haryana-131023-3T31T3@zdata=MjguODg4Njk4Kzc3LjExNzMxKzE3KzNUMzFUMysrbnI=ed
4422,suga n spice,18100,33,38,$0.04,1,23,https://www.mappls.com/wn1pv2
4423,spring valley,18100,28,43,$0.07,6,25,https://www.mappls.com/place-spring+valley-upper+dharamshala-district+kangra-dharamshala-himachal+pradesh-176219-S6B2FD@zdata=MzIuMjI4ODA0Kzc2LjMyNTc4KzE3K1M2QjJGRCsrbnI=ed
4424,sony signal koramangala,9900,25,41,$0.08,7,19,https://www.mappls.com/vqtj4n
4425,sm suppliers pune,9900,7,611,$0.23,4,32,https://www.mappls.com/boxfj4
4426,sibsagar university,18100,11,271,$1.39,1,15,https://www.mappls.com/kfz5td
4427,nehru place market delhi,18100,17,135,$0.05,1,22,https://www.mappls.com/place-nehru+place+market-nehru+place+market+road-nehru+place-new+delhi-delhi-110019-6FA7AB@zdata=MjguNTQ4MjUyKzc3LjI1MjE3MSsxNys2RkE3QUIrKw==ed
4428,nearest toilet,18100,25,48,$0.06,1,31,https://www.mappls.com/place-public+toilet-kalaburagi-karnataka-585103-WT2IK9@zdata=MTcuMzI1NDErNzYuODE3NTQyKzE3K1dUMklLOSsrbnI=ed
4429,nearest loo,18100,13,164,$0.08,1,23,https://www.mappls.com/search-near-Pay%20and%20Use%20Toilet@zdata=ODguMTQyMTU2LDI0Ljk5NzA4Mg==
4430,nearest bus stop,18100,47,38,$0.25,1,19,"https://www.mappls.com/transports/near/22.696485,75.878869"
4431,near toilet,18100,23,59,$0,1,24,"https://www.mappls.com/toilets/near/13.014987,77.646456"
4432,naroda gam brts station,22200,10,271,$0.06,3,18,https://www.mappls.com/place-naroda+gam+bus+station-galaxy+road-makarpura-naroda-ahmedabad-gujarat-382330-73XODD@zdata=MjMuMDc3MDU2KzcyLjY1NTY4OSsxNys3M1hPREQrKw==ed
4433,murali nagar vizag,14800,26,43,$0.12,4,22,https://www.mappls.com/8fb6at
4434,municipal corporation thane,18100,24,43,$0,1,20,https://www.mappls.com/place-thane+municipal+corporation-koliwada-thane-maharashtra-400615-PGG10Z@zdata=MTkuMjc2NTUyKzcyLjk3MTQzOSsxNytQR0cxMForK25yed
4435,manek chowk road,14800,40,38,$0,6,19,https://www.mappls.com/place-manek+chowk+market-danapith-ahmedabad-gujarat-380001-833sa2@zdata=MjMuMDIyODg2KzcyLjU4Njg5KzE3KzgzM3NhMisred
4436,laxmi tower,18100,11,463,$0.25,4,14,https://www.mappls.com/place-laxmi+tower-sapna+sangeeta+road-sneh+nagar-indore-madhya+pradesh-452001-3s6a1a@zdata=MjIuNzAyOTIyKzc1Ljg3MjA1OSsxNyszczZhMWErKw==ed
4437,la stella banquet,18100,10,356,$0.06,4,20,https://www.mappls.com/awtqyp
4438,sanjay place in agra,18100,11,463,$0.13,4,23,https://www.mappls.com/place-sanjay+place-madhu+nagar-sanjay+palace-civil+lines-agra-uttar+pradesh-282002-t3fftt@zdata=MjcuMTk4Nzk5Kzc4LjAwNTY5MisxNyt0M2ZmdHQrKw==ed
4439,sangam circle,18100,7,2932,$0.20,6,21,https://www.mappls.com/g8bftz
4440,raya cut mathura,12100,10,848,$0.04,1,19,https://www.mappls.com/6klr4f
4441,ram park,18100,12,271,$0.09,4,19,https://www.mappls.com/place-ram+park-inder+colony-sector+31-faridabad-haryana-121003-S1CF14@zdata=MjguNDQ0NDA1Kzc3LjMxMzEwMysxNytTMUNGMTQrKw==ed
4442,raj spanish cafe,12100,19,101,$0.08,3,25,https://www.mappls.com/vrui4d
4443,railway station patna,18100,36,38,$0.02,1,24,https://www.mappls.com/d47632
4444,radisson blu plaza delhi,18100,25,38,$0.44,56,42,https://www.mappls.com/place-radisson+blu+plaza+hotel+delhi+airport-near+mahipalpur+extension-nh+8-new+delhi-delhi-110037-9zcn97@zdata=MjguNTQzNjkyKzc3LjExOTk0NSsxNys5emNuOTcrKw==ed
4445,pvp multiplex,9900,15,106,$0.18,5,24,https://www.mappls.com/place-pvp+multiplex-pioneer+vasantham+palace-puthukudierupu-kanyakumari-nagercoil-tamil+nadu-629001-ur6n5u@zdata=OC4xOTQ0NCs3Ny40MjUxMisxNyt1cjZuNXUrKw==ed
4446,pin code sector 62 noida,18100,20,77,$0,1,19,https://www.mappls.com/3aa8c5
4447,pgi emergency,18100,22,48,$0.28,8,17,https://www.mappls.com/62qbix
4448,pen maharashtra,14800,47,38,$0,1,23,"https://www.mappls.com/direction-from--to-+pen,+raigad+district,+maharashtra,+402107?@zdata=ZnJvbSsrdG8rNzMuMDQ5Njc3LDE4LjcxMDU3Nyw3UjQ4WFErdmlh"
4449,parking at india gate,18100,10,611,$0,1,19,https://www.mappls.com/3hy497
4450,park plaza ludhiana ludhiana punjab,18100,22,48,$0.36,22,23,https://www.mappls.com/place-park+plaza+ludhiana-post+box+333-bhai+bala+chowk-ferozepur+road-ludhiana-punjab-141001-NWWB5Z@zdata=MzAuOTAxNDE2Kzc1LjgzMTI0NisxNytOV1dCNVorK25yed
4451,paltan bazaar guwahati assam,18100,10,611,$0.09,5,26,https://www.mappls.com/place-paltan+bazaar-near+station+road-guwahati-assam-781008-C8WW8V@zdata=MjYuMTgwODY4KzkxLjc0NjAxKzE3K0M4V1c4Visred
4452,om vihar,18100,43,38,$0.11,5,19,https://www.mappls.com/place-om+vihar-balaji+city-bindayaka-jaipur-rajasthan-302012-RFP1D2@zdata=MjYuOTEzNDYrNzUuNjYzMTE3KzE3K1JGUDFEMisred
4453,sigree restaurant in mumbai,18100,28,39,$0.21,4,23,https://www.mappls.com/zyqew0
4454,shri ram piston,14800,39,38,$0.65,2,18,https://www.mappls.com/4c4c36
4455,shree chintaman ganesh temple ujjain,9900,23,77,$0.09,3,16,https://www.mappls.com/kj8dbu
4456,shivam road,18100,30,38,$0,9,26,"https://www.mappls.com/direction-from--to-azam+complex+shivam+road,+sarada+nagar,+bagh+amberpet,+hyderabad,+telangana,+500013+hyderabad?@zdata=ZnJvbSsrdG8rNzguNTEyNDI5MzksMTcuMzk4MTMwOTYsMzcxN0YxK3ZpYQ=="
4457,shimoga falls,14800,35,38,$0,1,31,https://www.mappls.com/1nrivi
4458,haj bhavan,14800,6,848,$0.18,7,17,https://www.mappls.com/place-haj+bhavan-thanisandra+main+road-thirumanahalli+village-yelahanka-bengaluru-karnataka-560064-d2qqnr@zdata=MTMuMDg4OTg2Kzc3LjYzNDc1NisxNytkMnFxbnIrKw==ed
4459,gobi bus stand,18100,3,1761,$0.39,1,20,https://www.mappls.com/upoiod
4460,garden in powai,18100,28,39,$0.08,3,21,https://www.mappls.com/place-hiranandani+gardens-forest+street-hiranandani+gardens-powai-mumbai-maharashtra-400076-I58EAA@zdata=MTkuMTE1MjkxKzcyLjkwODkwNysxNytJNThFQUErK25yed
4461,gangotri bar and restaurant,14800,17,106,$0,5,11,https://www.mappls.com/place-gangotri+bar+&+restaurant-27th+cross+road-mangammanapalya-bommanahalli-bengaluru-karnataka-560068-3HTDDW@zdata=MTIuOTA0NzM2Kzc3LjY0MDA5OSsxNyszSFRERFcrK25yed
4462,forest park,14800,27,43,$0,5,24,https://www.mappls.com/place-biju+patnaik+park-udyan+marg-forest+park-bhubaneswar-odisha-751009-b4a651@zdata=MjAuMjU4MjMrODUuODI1NDI3KzE3K2I0YTY1MSsred
4463,jodhpur park kolkata,18100,23,59,$0,5,20,"https://www.mappls.com/direction-from--to-,+jodhpur+park,+kolkata,+west+bengal,+700068?@zdata=ZnJvbSsrdG8rODguMzY3MjY2LDIyLjUwODg2NCxKMlZNODYrdmlh"
4464,jind bus stand,18100,27,43,$0.04,2,24,https://www.mappls.com/place-new+bus+stand+jind-vijay+nagar-urban+estate-jind-haryana-126102-UEC3TC@zdata=MjkuMzEzNzU2Kzc2LjM1ODEzNCsxNytVRUMzVEMrK25yed
4465,jai vihar,18100,40,38,$0.13,4,18,https://www.mappls.com/place-shiv+garden-jai+vihar-baprola-new+delhi-delhi-110043-h4f7w8@zdata=MjguNjMxMjY3Kzc3LjAwNjM3OCsxNytoNGY3dzgrKw==ed
4466,iskcon raipur,22200,8,611,$0.63,2,25,https://www.mappls.com/3e4a4b
4467,hyatt regency trivandrum,14800,27,38,$23.38,28,26,https://www.mappls.com/place-hyatt+regency+trivandrum-thycaud+road-vazhuthcadu-thiruvananthapuram-kerala-695014-xinswh@zdata=OC40OTczMDQrNzYuOTU4NDUrMTcreGluc3doKys=ed
4468,honest restaurant avadh,12100,24,43,$0.01,1,19,https://www.mappls.com/5i1uc4
4469,haldwani bus stand main gate,9900,7,848,$0.09,2,20,https://www.mappls.com/place-roadways+bus+station+haldwani-bus+stand+road-banbhoolpura-haldwani-uttarakhand-263139-R3MZ00@zdata=MjkuMjE2NSs3OS41Mjk5ODErMTcrUjNNWjAwKytucg==ed
4470,bharath mall,14800,8,463,$0.03,9,23,https://www.mappls.com/place-bharath+mall-bejai+main+road-opposite+ksrtc-bejai-lalbagh-mangaluru-karnataka-575004-6F5D7B@zdata=MTIuODg2MTU0Kzc0Ljg0MTAzMSsxNys2RjVEN0IrK25yed
4471,bhagwati garden,12100,29,38,$0.24,10,19,https://www.mappls.com/place-bhagwati+garden-infront+of+chauhan+pyau-thatipur-gwalior-madhya+pradesh-474011-YMZ2VY@zdata=MjYuMjE0MzYyKzc4LjIxMDMyOSsxNytZTVoyVlkrKw==ed
4472,bandra linking road mumbai,14800,8,1192,$0.13,2,23,https://www.mappls.com/3yk72b
4473,bandra link road mumbai,18100,10,463,$0.12,1,20,https://www.mappls.com/3yk72b
4474,banana republic,18100,17,101,$0.32,12,27,https://www.mappls.com/lznbvv
4475,arc branch list,18100,20,59,$0.56,1,18,https://www.mappls.com/lodetb
4476,andheri pin code east,22200,52,38,$0.02,1,11,https://www.mappls.com/place-andheri+east+mumbai-maharashtra-400069+mumbai-Q2SLHR@zdata=MTkuMTE5NDU1KzcyLjg0OTg5OCsxNytRMlNMSFI=ed
4477,alreem thammanam,18100,10,271,$0.13,2,21,https://www.mappls.com/place-al+reem-mahakavi+vailoppilli+road-dd+village-thammanam-vyttila-kochi-kerala-682032-8ZFUNP@zdata=OS45ODQ3MTAwMDAwMDAxKzc2LjMxMTQ4OSsxNys4WkZVTlArK25yed
4478,deep vihar,14800,50,38,$0.11,3,19,https://www.mappls.com/place-deep+vihar+colony+lal+kuan-ghaziabad-2LHIJO@zdata=MjguNjMxMis3Ny40NzY2KzE3KzJMSElKTysred
4479,chanakya hotel patna,18100,27,39,$0.14,22,25,https://www.mappls.com/place-hotel+chanakya-bir+chand+patel+marg-patna-bihar-800001-BA43SS@zdata=MjUuNjAwODY0Kzg1LjEyNTcxNCsxNytCQTQzU1MrK25yed
4480,calicut cafeteria,18100,10,463,$0,3,24,https://www.mappls.com/place-calicut+cafeteria-calicut+road-feroke-kerala-673631-ulp2sz@zdata=MTEuMTgzOTk4Kzc1Ljg0MDM3OCsxNyt1bHAyc3orKw==ed
4481,bamandongri railway station,9900,18,135,$0.10,7,18,"https://www.mappls.com/direction-from--to-bamandongri+railway+station+ulwe,+sector+19+a+navi+mumbai?@zdata=ZnJvbSsrdG8rNzMuMDI1NjI5LDE4Ljk3NDcwMSw0UTM4M1Erdmlh"
4482,sp verma road patna,18100,11,356,$0.09,8,16,"https://www.mappls.com/direction-from--to-saket+tower+sp+verma+road,+lodipur,+patna,+bihar,+800001+patna?@zdata=ZnJvbSsrdG8rODUuMTQwMzc2LDI1LjYxMjA2OSxKWVpXSk4rdmlh"
4483,sonar pada,18100,26,41,$0,5,25,https://www.mappls.com/place-chaugulay+school-sonar+pada-dombivli+east-kalyan-maharashtra-421203-FSD978@zdata=MTkuMTk3MzM2KzczLjEwMTUxNCsxNytGU0Q5NzgrKw==ed
4484,sojat road rajasthan,18100,22,77,$0,1,22,"https://www.mappls.com/direction-from--to-sojat+road+sojat+road,+rajasthan,+306103+sojat+road?@zdata=ZnJvbSsrdG8rNzMuNzQ4Njc2LDI1Ljg2MzE2OSwzQkFMVUkrdmlh"
4485,shyam nagar metro station,14800,7,1192,$0,5,11,https://www.mappls.com/place-shyam+nagar+metro+station-new+sanganer+road-ramnagar+extension-shyam+nagar-jaipur-rajasthan-302019-LDYD5T@zdata=MjYuODk2NDUrNzUuNzcwNjUyKzE3K0xEWUQ1VCsrbnI=ed
4486,shop no 8,18100,26,39,$0.13,2,33,https://www.mappls.com/qjr1hm
4487,shirdi bus stand,18100,17,135,$0.22,1,19,https://www.mappls.com/place-shirdi+bus+stand-mariwad+highway+bus+stand-shirdi-maharashtra-423109-A36FTA@zdata=MTkuNzYzMTE0Kzc0LjQ3NjkwOCsxNytBMzZGVEErK25yed
4488,seasons restaurant electronic city bangalore,18100,29,38,$0.12,6,19,https://www.mappls.com/place-seasons-near+bmtc+bus+stop-electronic+city-bengaluru-karnataka-560100-PXTNY9@zdata=MTIuODQ3MDkxKzc3LjY3MTc5NCsxNytQWFROWTkrKw==ed
4489,sangam circle bangalore,18100,5,2932,$0.15,5,19,https://www.mappls.com/dr8yxm
4490,sanathal chokdi,18100,18,101,$0.06,5,18,"https://www.mappls.com/direction-from--to-hotel+savariya,+sanathal+chokdi,+sp+ring+road,+sarkhej,+sanand,+ahmedabad+district,+gujarat,+382210,+4s616c?@zdata=ZnJvbSsrdG8rNzIuNDc2Mzc2LDIyLjk1OTg5NCw0czYxNmM7NzIuNDc2MjA2LDIyLjk1OTc3MSw0czYxNmMrdmlh"
4491,roadways bus stand meerut,9900,17,92,$0.11,8,19,https://www.mappls.com/place-meerut+bus+stand-surya+palace+colony-meerut-uttar+pradesh-250002-JQ3JE8@zdata=MjguOTUwODI1Kzc3LjY3NjkxNSsxNytKUTNKRTgrK25yed
4492,road number 6,18100,7,848,$0.13,4,18,https://www.mappls.com/mi9555
4493,zam zam,22200,21,101,$0,1,24,https://www.mappls.com/place-zam+zam+restaurant-thiruvananthapuram+schenkotta+road-nedumangad-kerala-695541-FS1AQP@zdata=OC42MDA1MjQwMDAwMDAxKzc2Ljk5NjA2NCsxNytGUzFBUVArK25yed
4494,vikarabad junction,9900,16,106,$0,1,19,https://www.mappls.com/place-vikarabad+junction+railway+station-vikarabad-telangana-501101-551FBC@zdata=MTcuMzM3NTE0Kzc3LjkwOTY3NCsxNys1NTFGQkMrK25yed
4495,trivandrum bus stand,18100,38,38,$0.12,3,19,https://www.mappls.com/l40j4s
4496,the rustle nest,9900,12,463,$0.21,10,22,https://www.mappls.com/rog9rw
4497,kurnool city railway station,18100,27,41,$0,1,11,https://www.mappls.com/place-kurnool+city+railway+station-bangar+pet-kurnool-andhra+pradesh-518004-4B3B4C@zdata=MTUuODMzNTI0Kzc4LjAzMjY3NysxNys0QjNCNEMrK25yed
4498,kullu manali airport,18100,59,38,$0.06,8,21,https://www.mappls.com/place-kullu+manali+airport-bhuntar-kullu+district-himachal+pradesh-175125-34BECB@zdata=MzEuODc2OTc3Kzc3LjE1MjA5MisxNyszNEJFQ0IrK25yed
4499,krishna theatre trivandrum,14800,20,59,$0.30,1,21,https://www.mappls.com/vgnfyu
4500,kota railway station,18100,35,38,$0,1,19,https://www.mappls.com/77ftdc
4501,kle technological university,18100,37,38,$0.41,5,20,https://www.mappls.com/w4q4n3
4502,ins tower mumbai,14800,16,135,$0.17,6,14,https://www.mappls.com/uelc25
4503,infosys limited mysore,18100,15,135,$0.08,11,33,https://www.mappls.com/47sae7
4504,hayat hospitals,18100,22,77,$0.12,3,16,https://www.mappls.com/place-hayat+hospital-caterosed+market+road-jp+nagar-naya+kabadkhana-bhopal-madhya+pradesh-462001-HN316C@zdata=MjMuMjY5NTk0Kzc3LjQwODA0NysxNytITjMxNkMrK25yed
4505,noida sector 18 metro,14800,13,164,$0.20,4,12,https://www.mappls.com/place-noida+sector+18+metro+station-atta+market-sector+18-noida-uttar+pradesh-201301-ABD5A4@zdata=MjguNTcwODQzKzc3LjMyNjExOSsxNytBQkQ1QTQrK25yed
4506,netaji stadium,18100,17,204,$0.18,2,43,https://www.mappls.com/utyncl
4507,nair mess chepauk,12100,24,77,$0.32,5,28,https://www.mappls.com/place-restaurants-near-nair+mess?@zdata=MTMuMDY0NTQxKzgwLjI3NzUzOCsxNysrcmVzdGF1cmFudHMrZWw=ed
4508,maulana abul kalam azad university,22200,31,38,$0,1,12,https://www.mappls.com/mm8366
4509,maps online,18100,53,38,$0.13,1,95,https://www.mappls.com/
4510,main chowk,18100,45,38,$0.14,5,26,https://www.mappls.com/dd66ec
4511,rajasthan dhani and resort,18100,19,92,$0.18,4,21,https://www.mappls.com/place-rajasthani+dhani+and+resorts-kodagi+thirumalapura-bengaluru-karnataka-560088-ONQ5KV@zdata=MTMuMTI0MzYrNzcuNDgyOTkrMTcrT05RNUtWKytucg==ed
4512,pyc gymkhana pune,18100,17,92,$0.10,4,22,https://www.mappls.com/place-pyc+hindu+gymkhana+ratnakant+phade+path-deccan+gymkhana-pune-maharashtra-411004+pune-616D6S@RRzdata=MTguNTE2NTA3KzczLjgzODU1NysxNys2MTZENlM=ed
4513,purva summit,18100,29,38,$0.07,8,14,https://www.mappls.com/rjxo3q
4514,pp jewellers,18100,18,135,$0.19,37,35,https://www.mappls.com/xcnug5
4515,pincode andheri east,18100,80,38,$0,1,18,https://www.mappls.com/place-andheri+east+mumbai-maharashtra-400069+mumbai-Q2SLHR@zdata=MTkuMTE5NDU1KzcyLjg0OTg5OCsxNytRMlNMSFI=ed
4516,patna city railway station,18100,40,38,$0,1,32,https://www.mappls.com/d47632
4517,patent office india,18100,27,38,$0.67,1,19,https://www.mappls.com/ycfn5n
4518,dmart kphb,14800,17,92,$0.19,7,22,https://www.mappls.com/place-d+mart+parking-kukatpally-hyderabad-telangana-500072-XXKBGT@zdata=MTcuNDc2NTY0Kzc4LjQyMTgzMSsxNytYWEtCR1QrK25yed
4519,davangere railway station,14800,22,77,$0.04,2,19,https://www.mappls.com/b7235s
4520,congress bhavan,18100,5,1761,$0.20,4,18,https://www.mappls.com/3b53bs
4521,burla,18100,30,38,$0,1,36,https://www.mappls.com/place-vssimsar+hospital-po+burla-district+sambalpur-burla-odisha-768016-1314b8@zdata=MjEuNTAwNSs4My44ODM4KzE3KzEzMTRiOCsred
4522,guna junction,9900,20,101,$0,1,20,https://www.mappls.com/place-guna+junction+railway+station-railway+colony-gashipura-guna-madhya+pradesh-473001-EAAS31@zdata=MjQuNjQwOTkyKzc3LjMxNDI5MisxNytFQUFTMzErK25yed
4523,forum rangoli mall,18100,18,92,$0,2,19,https://www.mappls.com/dfhag0
4524,fortune multiplex,18100,20,48,$0.01,1,21,https://www.mappls.com/place-fortune+cineplex-ichalkaranji-fortune+plaza+mall-ichalkaranji+sangli+road-ichalkaranji-maharashtra-416115-KQN8UU@zdata=MTYuNjkyMTUrNzQuNDc1NDU4KzE3K0tRTjhVVSsrbnI=ed
4525,fc road pune,14800,11,611,$0,1,18,https://www.mappls.com/w5yzxj
4526,ega cinemas chennai,18100,28,38,$0.17,1,33,https://www.mappls.com/place-ega+cinema-anu+ega-809+phroad+kilpauk-near+kmc+hospital-chennai-tamil+nadu-600010-AC563B@zdata=MTMuMDc3NjkzKzgwLjI0MDUzOCsxNytBQzU2M0IrKw==ed
4527,east west institute of technology,18100,24,41,$0.08,4,36,https://www.mappls.com/a8atac
4528,borivali indraprastha shopping centre,18100,11,271,$0.30,4,21,https://www.mappls.com/1bstj5
4529,bhoruka tech park,9900,6,848,$0.15,8,18,https://www.mappls.com/8settd
4530,behram baug mumbai,18100,27,41,$0,4,20,https://www.mappls.com/place-sultanabad+court-behram+baug-jogeshwari+west-mumbai-maharashtra-400102-1vkcr3@zdata=MTkuMTQ1NTg4KzcyLjgzODcwNysxNysxdmtjcjMrKw==ed
4531,ayush university chhattisgarh,18100,17,92,$0.36,1,22,https://www.mappls.com/asr8tr
4532,atm citibank,18100,13,271,$0.05,1,24,https://www.mappls.com/place-citibank+atm-80+feet+ring+road-block+4-prakash+nagar-bengaluru-karnataka-560021-N4MDJK@zdata=MTIuOTgzOTczKzc3LjU2MDM3MisxNytONE1ESksrK25yed
4533,associated road carriers limited branch list,14800,11,271,$0,1,16,https://www.mappls.com/0u1g37
4534,ashok road,18100,27,41,$0.07,3,24,https://www.mappls.com/place-ashoka+road+lines-rani+sati+road-sikar-rajasthan-332001-f6ifz8@zdata=MjcuNjAwMjk1Kzc1LjEzOTgwOCsxNytmNmlmejgrKw==ed
4535,andal station,12100,27,48,$0.76,1,18,https://www.mappls.com/place-andal+junction+railway+station-andal-west+bengal-713321-SF46C5@zdata=MjMuNTc5MTUxKzg3LjE4MTE3NSsxNytTRjQ2QzUrKw==ed
4536,andal junction,12100,25,41,$0.76,1,19,https://www.mappls.com/place-andal+junction+railway+station-andal-west+bengal-713321-SF46C5@zdata=MjMuNTc5MTUxKzg3LjE4MTE3NSsxNytTRjQ2QzUrKw==ed
4537,adra station,18100,32,38,$0,1,19,https://www.mappls.com/place-adra+railway+station-adra+station+road-adra-west+bengal-723121-c28133@zdata=MjMuNDk1NjQzKzg2LjY3NDQ0MisxNytjMjgxMzMrKw==ed
4538,200 ft bypass,14800,9,611,$0.09,2,21,"https://www.mappls.com/direction-from--to-jaipur+200+feet+bypass+road,+gopi+nagar,+jhotwara,+jaipur,+rajasthan,+302012+jaipur?@zdata=ZnJvbSsrdG8rNzUuNzQ0MzU5LDI2Ljk0ODg2LENCTlM3TSt2aWE="
4539,1559 ad,14800,33,38,$0.07,3,26,https://www.mappls.com/bagjgu
4540,vishwakarma chowk,18100,5,1761,$0.13,3,18,https://www.mappls.com/place-vishwakarma+chowk+ambala+road-chiranjeev+colony-kaithal-haryana-136027+kaithal-2LTCDL@zdata=MjkuODEzMjkzKzc2LjQxMjEyMjAwMDAwMDErMTcrMkxUQ0RMed
4541,the rustling nest,14800,14,106,$0.19,4,18,https://www.mappls.com/rog9rw
4542,sunshine global hospitals surat,18100,25,41,$0.09,4,15,https://www.mappls.com/hh0aqt
4543,sunder nagri delhi,18100,50,38,$0.10,4,18,https://www.mappls.com/place-sunder+nagri+bus+stop-block+f2-sunder+nagri-new+delhi-delhi-110093-GM1WKR@zdata=MjguNjk2NTY5Kzc3LjMyMDE3OCsxNytHTTFXS1IrK25yed
4544,star care hospital calicut,18100,32,38,$0.34,3,24,"https://www.mappls.com/direction-from--to-starcare+hospital,+thondayad,+kozhikode,+kerala,+673016?@zdata=ZnJvbSsrdG8rNzUuODA5NjgzLDExLjI2OTQ5NCxOSzk5T0Q7NzUuODA5NDUyLDExLjI2OTUzNixOSzk5T0Qrdmlh"
4545,spanish cafe kolkata,12100,23,77,$0.08,3,27,https://www.mappls.com/vrui4d
4546,vrundavan party plot ahmedabad,18100,11,463,$0,3,11,https://www.mappls.com/20r2pa
4547,vashi toll plaza,12100,9,356,$0.16,6,19,https://www.mappls.com/tt6r93
4548,radisson blu hotel & spa nashik,18100,41,38,$0.48,12,25,https://www.mappls.com/p3fft0
4549,pg hospital,18100,16,271,$0.22,2,24,https://www.mappls.com/place-pg+hospital-38-dwarir+road-dakshin+jagatdal-kolkata-west+bengal-700025-7mll8u@zdata=MjIuNTM4MDQxKzg4LjM0Mzg0NysxNys3bWxsOHUrKw==ed
4550,passport seva kendra vijay cross road,22200,5,1192,$0,1,16,https://www.mappls.com/w2kl2u
4551,new moti bagh,18100,57,38,$0,4,20,https://www.mappls.com/6kbwyk
4552,sipcot it park,18100,20,77,$0,5,20,https://www.mappls.com/place-sipcot+it+park+parking-4th+main+road-sipcot+it+park-siruseri-chennai-tamil+nadu-603103-0IROJQ@zdata=MTIuODE2ODc1KzgwLjIxNTk5NysxNyswSVJPSlErK25yed
4553,sector 52 metro station,18100,9,1192,$0.01,1,18,https://www.mappls.com/place-sector+52+noida+metro+station-sector+52-noida-uttar+pradesh-201303-XLCQ1N@zdata=MjguNTg2NjI2Kzc3LjM3MjYxNCsxNytYTENRMU4rK25yed
4554,satya nagar bhubaneswar,18100,5,1761,$0.22,8,19,"https://www.mappls.com/direction-from--to-,+satya+nagar,+bhubaneswar,+odisha,+751007?@zdata=ZnJvbSsrdG8rODUuODQ5MzQxLDIwLjI4MDYzLDJSUzNPTSt2aWE="
4555,sangam nagar,18100,15,164,$0.08,4,19,https://www.mappls.com/adfko1
4556,sadhu vaswani chowk,18100,67,38,$0.10,4,18,https://www.mappls.com/place-sunrise-sadhu+vaswani+road-shanti+kunj+society-agarkar+nagar-pune+cantt+township-pune-maharashtra-411001-mymn8k@zdata=MTguNTIyOTk4KzczLjg3NjU2MisxNytteW1uOGsrKw==ed
4557,sachin g i d c surat,22200,10,356,$0.09,1,19,https://www.mappls.com/60tawp
4558,royal arcade,18100,45,38,$0.26,3,24,https://www.mappls.com/place-mota+royal+arcade-brigade+road-shanthala+nagar-ashok+nagar-bengaluru-karnataka-560001-2CT745@zdata=MTIuOTcyMTcrNzcuNjA2NzMxKzE3KzJDVDc0NSsred
4559,rouse avenue district court complex,18100,23,43,$0.13,4,20,https://www.mappls.com/8hd232
4560,rbi hq,18100,49,38,$0,1,27,https://www.mappls.com/place-reserve+bank+of+india-head+office+branch-central+west-opposite+railway+station-mumbai-maharashtra-400008-E3H6LY@zdata=MTguOTcwMTIrNzIuODIxNTc5KzE3K0UzSDZMWSsrbnI=ed
4561,quantum building,14800,5,2932,$0,10,26,https://www.mappls.com/place-quantum+building-central+ave-hiranandani+estate-thane+west-thane-maharashtra-400607-op92o1@zdata=MTkuMjYxMTU3KzcyLjk4NDk3NysxNytvcDkybzErKw==ed
4562,pvr pathankot,14800,20,59,$0.03,2,23,https://www.mappls.com/search-near-PVR%20Cinemas%20Novelty%20Mall%20Pathankot@zdata=NzUuNjk3MDU1LDMyLjI3NTM3NjAwMDAwMDE=
4563,purna junction railway station,14800,18,92,$0,1,18,https://www.mappls.com/place-purna+junction+railway+station-purna-maharashtra-431511-5a27t4@zdata=MTkuMTgwNCs3Ny4wMjU2MzUrMTcrNWEyN3Q0Kys=ed
4564,state bank of india csp,18100,21,77,$0,1,22,https://www.mappls.com/search-near-State%20Bank%20of%20India%20Customer%20Service%20Point(%20SBI%20CSP%20)@zdata=NzguMzk1MDIyLDMwLjM0MjA3
4565,mehnagar,18100,47,38,$0,1,36,https://www.mappls.com/place-primary+health+centre-vishaham-mohammadpur-district+azamgarh-mehnagar-azamgarh+district-uttar+pradesh-276205-ivocd2@zdata=MjUuOTI3ODQxKzgzLjA3NzE3NysxNytpdm9jZDIrKw==ed
4566,maya enclave,18100,27,39,$0.20,3,18,"https://www.mappls.com/direction-from--to-maya+enclave+bus+stop,+shaheed+mangal+pandey+marg,+block+f,+dda+flats,+hari+nagar,+new+delhi,+delhi,+110064?@zdata=ZnJvbSsrdG8rNzcuMTEwODMxLDI4LjYyMDU3OCxUVDc3QzQrdmlh"
4567,manoharabad,18100,30,38,$0.06,3,18,https://www.mappls.com/place-manoharabad+railway+station-manoharabad-district+medak-hyderabad-telangana-502336-b14e64@zdata=MTcuNzU1NDc2Kzc4LjQ1NDI0NysxNytiMTRlNjQrKw==ed
4568,kota rajasthan station,18100,32,38,$0.01,1,28,https://www.mappls.com/77ftdc
4569,koramangala food street,18100,16,204,$0,12,22,https://www.mappls.com/7va2cg
4570,palanpur jakatnaka,18100,10,463,$0,6,25,https://www.mappls.com/place-palanpur+jakat+naka+bus+stop-ugat+road-sima+nagar-surat-gujarat-395005-RWS5HQ@zdata=MjEuMjEwMDkrNzIuNzgyMzY1KzE3K1JXUzVIUSsrbnI=ed
4571,our lady fatima church,18100,34,38,$0.13,3,14,https://www.mappls.com/place-our+lady+of+fatima+church-officer+colony+road-anna+nagar-thennur-tiruchirappalli-tamil+nadu-620017-vua2eo@zdata=MTAuODE0NDIzKzc4LjY3ODI3MSsxNyt2dWEyZW8rKw==ed
4572,noida 62 pin code,18100,32,38,$0.01,1,16,https://www.mappls.com/3aa8c5
4573,mp nagar,18100,18,92,$0.09,2,22,https://www.mappls.com/place-mp+nagar+police+station-jail+road-near+narmada+bhawan+square-maharana+pratap+nagar-bhopal-madhya+pradesh-462004-86BSC5@zdata=MjMuMjM1MDI1Kzc3LjQyODk5MSsxNys4NkJTQzUrK25yed
4574,delta electronics bommasandra,9900,17,101,$0.10,5,29,https://www.mappls.com/djg0kb
4575,dangs,18100,36,38,$0,1,22,https://www.mappls.com/place-dr+dang+lab-e9-ground+floor-main+market-hauz+khas-new+delhi-delhi-110016-T8471D@zdata=MjguNTUxODAzKzc3LjIwODMxNCsxNytUODQ3MUQrK25yed
4576,cvent gurgaon,18100,39,38,$0,3,24,https://www.mappls.com/e768cc
4577,cummins india office campus,14800,68,38,$0,13,13,https://www.mappls.com/place-cummins+india+ltd-dahanukar+colony-kothrud-pune-maharashtra-411038-J31H25@zdata=MTguNDk0NTc3KzczLjgwNzAyNysxNytKMzFIMjUrKw==ed
4578,complex near me,14800,10,463,$0.47,1,18,https://www.mappls.com/search-near-Sulabh%20Complex%20Public%20Toilets@zdata=NzguMDQzMjA0LDE1LjgyOTQ1Ng==
4579,coles park,18100,10,848,$0.04,4,20,https://www.mappls.com/place-coles+park-ward+no+91-promenade+road-cleveland+town-pulkeshi+nagar-bengaluru-karnataka-560005-DS1S17@zdata=MTIuOTk0Nys3Ny42MDkxKzE3K0RTMVMxNysred
4580,chandigarh bus terminus,22200,13,271,$0.15,5,22,https://www.mappls.com/place-sector+43+inter+state+bus+terminus-sector+43-chandigarh-160043-s22ba5@zdata=MzAuNzE2MzYxKzc2Ljc0NDQ1NSsxNytzMjJiYTUrKw==ed
4581,cafe de piccolo,18100,30,38,$0,3,19,https://www.mappls.com/8yfzh3
4582,burdwan hospital,18100,34,38,$0,1,23,https://www.mappls.com/25qwvw
4583,bulandshahr up pin code,18100,50,38,$0,1,10,https://www.mappls.com/place-bulandshahar+post+office-moti+bagh+kotiyat-bulandshahr-uttar+pradesh-203001-87TAD7@zdata=MjguNDA0NjA5Kzc3Ljg1NjY3OSsxNys4N1RBRDcrKw==ed
4584,bishnupur bus stand,18100,2,2932,$0,1,18,https://www.mappls.com/place-bishnupur+bus+stand-bishnupur+loop+road-mayra+pukur-bishnupur-west+bengal-722122-5cfe64@zdata=MjMuMDY3MTE5Kzg3LjMxMTYyMysxNys1Y2ZlNjQrKw==ed
4585,jntu kukatpally,18100,28,38,$0.61,7,26,https://www.mappls.com/d8ac6f
4586,jagannath mandir bangalore,18100,30,38,$0.06,1,16,https://www.mappls.com/f3ta23
4587,ishwar nagar,18100,29,38,$0.06,3,16,https://www.mappls.com/place-ishwar+nagar+bus+stop-mathura+road-ishwar+nagar-new+delhi-delhi-110065-TZ27J3@zdata=MjguNTYxNTM4Kzc3LjI2NjE2MisxNytUWjI3SjMrK25yed
4588,hotel gokulam park kaloor,18100,40,38,$0.29,22,19,https://www.mappls.com/tgkjr4
4589,gujarat bhawan new delhi,18100,13,164,$0.56,2,11,https://www.mappls.com/place-gujarat+bhawan-kautilya+marg-chanakyapuri-new+delhi-delhi-110021-753ADB@zdata=MjguNTk5MDMyKzc3LjE5NzMxNysxNys3NTNBREIrKw==ed
4590,gidc sachin,33100,13,204,$0.06,6,21,https://www.mappls.com/60tawp
4591,foodstruck,18100,21,77,$0.32,2,30,https://www.mappls.com/place-food+struck-old+popatlal+building-ranade+road-bhawani+sankar-dadar-mumbai-maharashtra-400028-A80CX3@zdata=MTkuMDIxNzQ2KzcyLjgzOTQxMisxNytBODBDWDMrK25yed
4592,focus mall calicut,18100,20,77,$0,9,21,https://www.mappls.com/bd3bt8
4593,fathima hospital calicut,18100,14,164,$0.21,3,17,https://www.mappls.com/place-fathima+hospital-bank+road-near+lic+office-district+kozhikode-kozhikode-kerala-673011-3stadb@zdata=MTEuMjYyMTErNzUuNzgwMTYrMTcrM3N0YWRiKys=ed
4594,f c road pune,14800,9,848,$0.12,1,27,https://www.mappls.com/w5yzxj
4595,double road,18100,5,2932,$0.13,4,41,https://www.mappls.com/place-double+road+bus+stop-kh+road-bheemanna+garden-shanti+nagar-bengaluru-karnataka-560027-3ZYJWN@zdata=MTIuOTU4MTgxKzc3LjU5MzE4OSsxNyszWllKV04rK25yed
4596,berhampore court station,12100,16,106,$0.23,2,18,https://www.mappls.com/place-berhampore+court+railway+station-gora+bazar-berhampore-west+bengal-742101-5ED7S6@zdata=MjQuMDg5Mjc3Kzg4LjI2MzcwNisxNys1RUQ3UzYrK25yed
4597,belur temple in karnataka,18100,42,38,$0.01,1,27,https://www.mappls.com/25ee8d
4598,bajaj auto parts,14800,39,38,$0.02,20,24,https://www.mappls.com/8f852b
4599,azad pur delhi,18100,49,38,$0.10,2,19,https://www.mappls.com/place-azad+pur+bus+stop-mall+road-azadpur-new+delhi-delhi-110033-B52JSC@zdata=MjguNzA3NTcrNzcuMTgwNjM3KzE3K0I1MkpTQysrbnI=ed
4600,ashok cosmos mall agra,12100,15,135,$0.14,12,20,https://www.mappls.com/3f7bbn
4601,alwar railway station,12100,30,38,$0.14,8,18,https://www.mappls.com/place-alwar+railway+station-nehru+marg-indira+colony-alwar-rajasthan-301001-764C1D@zdata=MjcuNTU5ODQ4Kzc2LjYyMTQ4NSsxNys3NjRDMUQrK25yed
4602,alipore,18100,54,38,$0,4,38,https://www.mappls.com/place-alipore+police+station-8-belvedere+road-kolkata-west+bengal-700027-58dfb2@zdata=MjIuNTI4MDQyKzg4LjMzNjMwOCsxNys1OGRmYjIrKw==ed
4603,zomato delivery map,18100,28,38,$0,1,28,https://www.mappls.com/qltat0
4604,joshi marg,14800,4,2932,$0.10,5,19,https://www.mappls.com/place-joshi+marg+kalwad+road-bhaumiya+nagar-shyampuri+colony-jhotwara-jaipur-rajasthan-302012-XCP35G@zdata=MjYuOTQ1MDAyKzc1LjczNzAzOSsxNytYQ1AzNUcrK25yed
4605,iti gate,18100,8,1761,$0.09,6,19,https://www.mappls.com/km3rfw
4606,industrial estate guindy,18100,55,38,$0.13,7,17,https://www.mappls.com/nn1m56
4607,hcl it city lucknow,18100,36,38,$0.15,7,20,https://www.mappls.com/hcg8yt
4608,haldiram karol bagh,18100,16,106,$0.16,11,22,https://www.mappls.com/kvv2pb
4609,green valley apartment,18100,11,356,$0.12,3,17,https://www.mappls.com/9p0i2y
4610,karnataka food centre,18100,14,271,$0.09,2,22,https://www.mappls.com/place-karnataka+food+centre-delhi+karnataka+sangha+building-rao+tula+ram+marg-sector+12-rk+puram-new+delhi-delhi-110022-n9d80q@zdata=MjguNTc3Nzg5Kzc3LjE3NTIzNysxNytuOWQ4MHErKw==ed
4611,virar india,18100,25,48,$0.07,1,44,https://www.mappls.com/315k6z
4612,venkateshwara theatre 4k 3d,14800,21,59,$0.19,16,20,https://www.mappls.com/place-sri+venkateswara+theatre-venkateshwara+theatre+main+road-kr+puram-duravani+nagar-bengaluru-karnataka-560036-kbxyx6@zdata=MTMuMDA1MTMrNzcuNjk2NjUzKzE3K2tieHl4Nisred
4613,una gujarat,14800,32,38,$0.18,1,34,"https://www.mappls.com/direction-from--to-+una,+gir+somnath+district,+gujarat,+362560?@zdata=ZnJvbSsrdG8rNzEuMDAyMTE2LDIwLjgzOTY2MixCTlRaSTMrdmlh"
4614,tv tower pitampura,18100,12,356,$0,8,21,https://www.mappls.com/place-tv+tower-colony+road-pitampura-new+delhi-delhi-110034-5ft86f@zdata=MjguNjk3MTg2Kzc3LjE1MDIwNCsxNys1ZnQ4NmYrKw==ed
4615,tnr north city mall,12100,16,106,$0.15,10,20,https://www.mappls.com/h7ji3h
4616,tirupur usha cinemas,18100,13,135,$0.04,2,20,https://www.mappls.com/fzj2mk
4617,manipal hal,18100,17,101,$0.43,10,31,https://www.mappls.com/ae3s1d
4618,manali airport,18100,56,38,$0.07,11,27,https://www.mappls.com/place-kullu+manali+airport-bhuntar-kullu+district-himachal+pradesh-175125-34BECB@zdata=MzEuODc2OTc3Kzc3LjE1MjA5MisxNyszNEJFQ0IrK25yed
4619,mallikarjuna theatre,18100,24,41,$0,2,24,https://www.mappls.com/ed65a2
4620,lucknow bench court view,18100,10,204,$0,1,17,https://www.mappls.com/xw25pv
4621,l block,18100,16,204,$0.16,4,18,https://www.mappls.com/yd9c33
4622,railway station alwar,18100,29,38,$0.06,2,22,https://www.mappls.com/place-alwar+railway+station-nehru+marg-indira+colony-alwar-rajasthan-301001-764C1D@zdata=MjcuNTU5ODQ4Kzc2LjYyMTQ4NSsxNys3NjRDMUQrK25yed
4623,rahmat nagar,18100,14,204,$0.12,5,18,https://www.mappls.com/qbux8j
4624,r r cinema roorkee,18100,14,106,$0.01,1,20,https://www.mappls.com/gl2984
4625,pin code andheri east,18100,64,38,$0,1,17,https://www.mappls.com/place-andheri+east+mumbai-maharashtra-400069+mumbai-Q2SLHR@zdata=MTkuMTE5NDU1KzcyLjg0OTg5OCsxNytRMlNMSFI=ed
4626,nearby beer shopee,18100,7,1192,$0,1,15,https://www.mappls.com/8dl12k
4627,mp nagar bhopal,18100,32,38,$0.09,2,19,https://www.mappls.com/place-mp+nagar+police+station-jail+road-near+narmada+bhawan+square-maharana+pratap+nagar-bhopal-madhya+pradesh-462004-86BSC5@zdata=MjMuMjM1MDI1Kzc3LjQyODk5MSsxNys4NkJTQzUrK25yed
4628,mori gate parking,14800,6,1192,$0,7,20,https://www.mappls.com/place-mori+gate+parking+no+1-mori+gate-new+delhi-delhi-110006-92R1L1@zdata=MjguNjY2OTUrNzcuMjI3MDIyKzE3KzkyUjFMMSsrbnI=ed
4629,sainath hospital,9900,39,38,$0.16,4,16,https://www.mappls.com/place-sainath+orthopaedic+hospital-shastri+nagar-pimpri-pimpri+chinchwad-maharashtra-411017-bpb997@zdata=MTguNjE4Mjk5KzczLjgwMzAwMSsxNyticGI5OTcrKw==ed
4630,rto nashik,14800,9,271,$0.12,9,16,https://www.mappls.com/m4rqfm
4631,gali number 9,18100,6,1192,$0.10,4,28,https://www.mappls.com/wigqjj
4632,fc road in pune,14800,15,271,$0.40,2,16,https://www.mappls.com/w5yzxj
4633,dlf club 5,12100,26,38,$0.38,17,21,https://www.mappls.com/place-dlf+city+club+5-opposite+trinity+tower-dlf+phase+5-sector+53-gurugram-haryana-122002-CQW4M2@zdata=MjguNDQ3Njg4Kzc3LjA5NTQ3KzE3K0NRVzRNMisrbnI=ed
4634,dera village,18100,51,38,$0,4,25,https://www.mappls.com/place-dera+village+bus+stop-dera-new+delhi-delhi-110074-3ABD3D@zdata=MjguNDM4MzMxKzc3LjE3NjY3MysxNyszQUJEM0QrKw==ed
4635,delhi model town,18100,32,38,$0.14,2,45,https://www.mappls.com/f441c8
4636,dattatreya temple,18100,35,38,$0,1,24,https://www.mappls.com/1setb8
4637,d mart kota,18100,9,463,$0.15,4,20,https://www.mappls.com/yxti5a
4638,cvent india,18100,47,38,$0,3,24,https://www.mappls.com/e768cc
4639,city forest ghaziabad,18100,12,463,$0,3,19,https://www.mappls.com/place-city+forest-karheda-raj+nagar+extension+road-indraprastha+marg-ghaziabad-uttar+pradesh-201007-1HYOTT@zdata=MjguNjk3MDQ2Kzc3LjM5NDUzNisxNysxSFlPVFQrK25yed
4640,cafe flying gypsys,18100,10,611,$0.14,2,22,https://www.mappls.com/jr8vss
4641,bopal ahmedabad,14800,38,38,$0.15,8,20,"https://www.mappls.com/direction-from--to-,+bopal,+ahmedabad,+gujarat,+380058?@zdata=ZnJvbSsrdG8rNzIuNDczNzM5LDIzLjAzMTM0MywxU0VGNUIrdmlh"
4642,apmc metro station,12100,12,271,$0.19,11,14,https://www.mappls.com/place-apmc+metro+station-132+feet+circular+road-apmc+complex-juhapura-ahmedabad-gujarat-380055-N48ASU@zdata=MjIuOTk3NzQ1KzcyLjUzNzEyOSsxNytONDhBU1UrK25yed
4643,ashok cosmos mall,9900,11,271,$0.42,13,19,https://www.mappls.com/3f7bbn
4644,andhra pradesh intermediate board,18100,24,48,$0,1,28,https://www.mappls.com/hc6pyr
4645,ambedkar bhawan,14800,12,271,$0,3,23,https://www.mappls.com/6sbdts
4646,alleppey bus stand,18100,11,611,$0,2,19,https://www.mappls.com/place-alappuzha+ksrtc+bus+terminal-jetty+road-mullackal-alappuzha-kerala-688011-TBC338@zdata=OS41MDAxNzcwMDAwMDAxKzc2LjM0Njk0NysxNytUQkMzMzgrKw==ed
4647,akbari gate,14800,30,39,$0.15,3,28,https://www.mappls.com/sya71l
4648,swiggy office address,9900,16,204,$0.03,1,19,https://www.mappls.com/9bn72m
4649,swach south indian cafe madhapur,9900,32,38,$0.15,6,28,https://www.mappls.com/place-swach+south+indian+cafe-plot+no+4-3-opposite+to+v+convention-siddhi+vinayak+nagar-madhapur-serilingampalle-hyderabad-telangana-500081-eu10dq@zdata=MTcuNDU1MjQ4ODM5OTkzKzc4LjM4NDQyMjkyMTkzNysxNytldTEwZHErKw==ed
4650,sony signal bangalore,14800,42,38,$0.15,6,21,https://www.mappls.com/9w8295
4651,sector 54 chowk,14800,15,164,$0.10,6,17,https://www.mappls.com/place-sector+54+chowk+rapid+metro+station-golf+course+road-suncity-sector+54-gurugram-haryana-122002-tczp4e@zdata=MjguNDMyOTA3Kzc3LjEwNDkwMysxNyt0Y3pwNGUrKw==ed
4652,sandy's chocolate lab,18100,21,77,$0.46,3,19,https://www.mappls.com/9iekp7
4653,sachin gidc,33100,15,164,$0,5,29,https://www.mappls.com/60tawp
4654,s p verma road patna,18100,9,611,$0.16,8,17,"https://www.mappls.com/direction-from--to-saket+tower+sp+verma+road,+lodipur,+patna,+bihar,+800001+patna?@zdata=ZnJvbSsrdG8rODUuMTQwMzc2LDI1LjYxMjA2OSxKWVpXSk4rdmlh"
4655,rourkela location,14800,105,38,$1.93,1,21,https://www.mappls.com/place-rourkela+bus+stand-udit+nagar-rourkela-odisha-769012-1a76tf@zdata=MjIuMjI2MjE1Kzg0Ljg2NjgyNisxNysxYTc2dGYrK25yed
4656,regal square,18100,73,38,$0.16,7,19,https://www.mappls.com/dbeb4a
4657,william fort,22200,55,38,$0,1,24,https://www.mappls.com/a54s5s
4658,vijay nagar indore,18100,37,38,$0.15,1,27,https://www.mappls.com/ljvxaz
4659,vfs global visa application centre india chennai,12100,19,77,$0,1,20,https://www.mappls.com/y6k5vz
4660,tiruchirappalli railway junction,18100,23,77,$0.04,1,29,https://www.mappls.com/dsf33a
4661,palakkad priyadarshini theatre,18100,9,271,$0.49,1,20,https://www.mappls.com/32xyq4
4662,ncc gate,18100,10,356,$0.09,4,20,https://www.mappls.com/place-bhansaghar-111-ncc+gate-humayunpur+main+enclave-safdarjung-new+delhi-delhi-110029-LO3D3T@zdata=MjguNTYwNzQ4Kzc3LjE5MzcwMisxNytMTzNEM1QrK25yed
4663,mysore infosys,18100,20,77,$0,1,24,https://www.mappls.com/47sae7
4664,midas hospital,18100,41,38,$0.30,5,25,https://www.mappls.com/muql6m
4665,map survey of india,40500,62,38,$0.04,1,33,https://www.mappls.com/
4666,sadhu vaswani chowk pune,18100,54,38,$0.17,5,18,https://www.mappls.com/place-sunrise-sadhu+vaswani+road-shanti+kunj+society-agarkar+nagar-pune+cantt+township-pune-maharashtra-411001-mymn8k@zdata=MTguNTIyOTk4KzczLjg3NjU2MisxNytteW1uOGsrKw==ed
4667,rto office in indore,14800,23,43,$0.20,5,16,https://www.mappls.com/61te2s
4668,red rose market,18100,20,135,$0.14,1,38,https://www.mappls.com/l8ofjn
4669,reay road mumbai,18100,29,39,$0,4,20,https://www.mappls.com/place-reay+road+railway+station-barrister+nath+pai+marg-cotton+green-mumbai-maharashtra-400033-57KU82@zdata=MTguOTc3ODgzKzcyLjg0Mzk4KzE3KzU3S1U4MisrbnI=ed
4670,rbi headquarters,18100,52,38,$0,1,23,https://www.mappls.com/place-reserve+bank+of+india-head+office+branch-central+west-opposite+railway+station-mumbai-maharashtra-400008-E3H6LY@zdata=MTguOTcwMTIrNzIuODIxNTc5KzE3K0UzSDZMWSsrbnI=ed
4671,raj spanish cafe kolkata,12100,23,77,$0.08,3,21,https://www.mappls.com/vrui4d
4672,raichur station,18100,68,38,$0.14,2,29,https://www.mappls.com/place-raichur+railway+station+bus+stop-station+road-uday+nagar-raichur-karnataka-584101-EIM478@zdata=MTYuMTkxODU4Kzc3LjM0MDcxOSsxNytFSU00NzgrK25yed
4673,radisson blu plaza new delhi airport,18100,26,41,$0.47,53,39,https://www.mappls.com/9zcn97
4674,power house road,18100,21,77,$0.11,2,19,https://www.mappls.com/ft0e2m
4675,pin code of noida sector 62,18100,25,38,$0.02,2,11,https://www.mappls.com/3aa8c5
4676,state museum bhubaneswar,18100,39,38,$0,3,19,https://www.mappls.com/d4d7ba
4677,social kitchen,12100,19,135,$0.17,4,46,https://www.mappls.com/zr951y
4678,shriram nagar,14800,9,611,$0.17,2,21,https://www.mappls.com/d58ba2
4679,sector 63 a noida,18100,21,59,$0.15,7,18,https://www.mappls.com/vlvlwv
4680,toilets nearby,18100,4,5502,$0.06,1,15,https://www.mappls.com/search-near-Pay%20and%20Use%20Toilet@zdata=ODguMTQyMTU2LDI0Ljk5NzA4Mg==
4681,tenkasi junction,18100,18,77,$0.10,1,37,https://www.mappls.com/5b67f1
4682,temple of belur,18100,42,38,$0.01,1,35,https://www.mappls.com/25ee8d
4683,swiggy office near me,22200,13,271,$0.89,1,12,https://www.mappls.com/gpfshy
4684,swastik hospitals,18100,30,38,$0.18,2,11,https://www.mappls.com/p5vd4p
4685,hotel india bhopal,18100,15,135,$0.31,87,20,https://www.mappls.com/place-hotel+india-indian+coffee+house+building-new+market+tt+nagar-bhopal-madhya+pradesh-462003-4IT88S@zdata=MjMuMjM0ODc1Kzc3LjQwMTc0NCsxNys0SVQ4OFMrK25yed
4686,gopi nath market,18100,9,1192,$0,1,19,https://www.mappls.com/place-gopinath+bazaar-gopinath+bazar-delhi+cantt+residential+township-new+delhi-delhi-110010-BZLG6N@zdata=MjguNTk2NzMzKzc3LjEzMzU3NCsxNytCWkxHNk4rKw==ed
4687,gopi nath bazar,9900,11,356,$0.08,4,19,https://www.mappls.com/place-gopinath+bazaar-gopinath+bazar-delhi+cantt+residential+township-new+delhi-delhi-110010-BZLG6N@zdata=MjguNTk2NzMzKzc3LjEzMzU3NCsxNytCWkxHNk4rKw==ed
4688,jln stadium metro,18100,40,38,$0.10,4,25,"https://www.mappls.com/direction-from--to-jln,+stadium,+metro,+station,+jawahar,+lal,+nehru,+stadium,+marg,,+cgo,+complex,,+new,+delhi,,+delhi,,+110003,+f6tesa?@zdata=ZnJvbSsrdG8rNzcuMjMzNjM0LDI4LjU4ODA3OCxGNlRFU0Erdmlh"
4689,jewel chowk,18100,6,2932,$0.11,2,22,https://www.mappls.com/vz2o7r
4690,infosys in mysore,18100,19,92,$0.08,1,27,https://www.mappls.com/47sae7
4691,indore rto office,14800,27,38,$0,5,19,https://www.mappls.com/place-rto+office-rto+road-triveni+colony-indore-madhya+pradesh-452007-HB8UTE@zdata=MjIuNjk5ODg4Kzc1Ljg0NTIzNisxNytIQjhVVEUrK25yed
4692,india expo mart circle,18100,6,1761,$0.05,4,24,https://www.mappls.com/uhc61h
4693,linghi chetty street chennai,9900,19,106,$0.34,2,22,https://www.mappls.com/place-orange+cell+point-no+1$118-linghi+chetty+street-parrys-george+town-chennai-tamil+nadu-600001-GZCSW1@zdata=MTMuMTAwMzg1KzgwLjI5MDg3OCsxNytHWkNTVzErK25yed
4694,le meridien in jaipur,18100,49,38,$0.45,49,28,https://www.mappls.com/1176a5
4695,kota rajasthan railway station,18100,35,38,$0,1,11,https://www.mappls.com/77ftdc
4696,dmc ludhiana,18100,15,135,$0.58,6,25,https://www.mappls.com/place-dayanand+medical+college+and+hospital-civil+lines-tagore+nagar-civil+lines-ludhiana-punjab-141001-3dee5b@zdata=MzAuOTE2NDYyKzc1LjgzNjEyNisxNyszZGVlNWIrK25yed
4697,dd cinemas,9900,17,106,$0.10,3,21,https://www.mappls.com/u8zbux
4698,d mart nizampet,9900,7,611,$0.11,7,19,https://www.mappls.com/x0drh8
4699,cts company chennai,18100,23,77,$0.05,1,19,https://www.mappls.com/tb17b6
4700,cma royal convention & wedding hall,18100,24,43,$0,8,13,https://www.mappls.com/uz4ng5
4701,city gold ashram road ahmedabad,18100,26,38,$0.03,1,20,https://www.mappls.com/cf8d54
4702,chandni chowk pune,14800,24,41,$0,3,18,https://www.mappls.com/bf6gud
4703,car gps tracker system,18100,54,38,$0.07,94,41,https://www.mappls.com/store/
4704,car finder gps,18100,56,38,$0.09,94,26,https://www.mappls.com/store/
4705,bombay house,14800,26,48,$0,5,24,https://www.mappls.com/place-bombay+house-24-homi+mody+street-kala+ghoda-fort-mumbai-maharashtra-400001-sb2a72@zdata=MTguOTMxNTc2KzcyLjgzMjcxNisxNytzYjJhNzIrKw==ed
4706,french apartment,18100,38,38,$0.23,4,25,https://www.mappls.com/place-french+apartment+market-french+apartment-sector+16b-greater+noida-uttar+pradesh-201318-wz7e1i@zdata=MjguNjA1NTIyKzc3LjQ0OTE4NCsxNyt3ejdlMWkrKw==ed
4707,focus mall,18100,8,463,$0,9,26,https://www.mappls.com/bd3bt8
4708,federal bank cdm near me,18100,12,356,$0,1,10,https://www.mappls.com/c4es5c
4709,dwarka district court complex,33100,33,38,$0,10,18,https://www.mappls.com/place-dwarka+district+court-sector+10+dwarka-new+delhi-delhi-110075-adcff3@zdata=MjguNTgwNzkzKzc3LjA1OTI4MSsxNythZGNmZjMrKw==ed
4710,deoghar station,18100,32,38,$0,1,24,https://www.mappls.com/place-deoghar+railway+station-deoghar-deoghar+district-jharkhand-814142-7Q2QWB@zdata=MjQuNTExODM1Kzg2LjY5NzEwMysxNys3UTJRV0IrK25yed
4711,bhagsu nag temple,9900,33,38,$0.05,3,20,https://www.mappls.com/4f9594
4712,bareilly airport,18100,62,38,$0.13,3,24,https://www.mappls.com/place-bareilly+airport-izzatnagar-bareilly-bareilly+district-uttar+pradesh-243002-0E00EF@zdata=MjguNDI0ODMrNzkuNDY1ODQ2KzE3KzBFMDBFRisrbnI=ed
4713,bandra linking road,12100,8,848,$0,2,17,https://www.mappls.com/3yk72b
4714,bandra linking,14800,8,848,$0.14,1,20,https://www.mappls.com/3yk72b
4715,andal railway station,18100,23,59,$0.03,1,20,https://www.mappls.com/place-andal+junction+railway+station-andal-west+bengal-713321-SF46C5@zdata=MjMuNTc5MTUxKzg3LjE4MTE3NSsxNytTRjQ2QzUrKw==ed
4716,airport in kullu manali,18100,53,38,$0.24,7,34,https://www.mappls.com/place-kullu+manali+airport-bhuntar-kullu+district-himachal+pradesh-175125-34BECB@zdata=MzEuODc2OTc3Kzc3LjE1MjA5MisxNyszNEJFQ0IrK25yed
4717,block 16,18100,32,38,$0.15,2,30,https://www.mappls.com/place-mit+hostel+block+16-mit+campus-manipal-udupi-karnataka-576104-mwj1wt@zdata=MTMuMzQ2MTQrNzQuNzk2NTg2KzE3K213ajF3dCsred
4718,v t station,18100,44,38,$0.13,4,32,https://www.mappls.com/617xvu
4719,trichy palpannai,18100,1,5502,$0.05,2,18,https://www.mappls.com/place-trichy+palpannai+bus+stop-thakir+nagar+main+road-karumandapam-tiruchirappalli-tamil+nadu-620001-TJXY6Y@zdata=MTAuNzg5Njc3Kzc4LjY2MzQ5MisxNytUSlhZNlkrK25yed
4720,raj's spanish cafe,12100,22,77,$0.08,3,26,https://www.mappls.com/vrui4d
4721,pvr cinemas allahabad,18100,21,43,$0.05,3,22,https://www.mappls.com/place-pvr+inox-vinayak+prayagraj-vinayak+city+centre-48$24-sp+marg-civil+lines-prayagraj-uttar+pradesh-211001-OXH0KE@zdata=MjUuNDU0NTI0KzgxLjgzNDQ2NCsxNytPWEgwS0UrK25yed
4722,puthur zoo,9900,15,271,$0,1,26,https://www.mappls.com/u83he7
4723,pune fc road,14800,10,848,$0,1,18,https://www.mappls.com/w5yzxj
4724,peopletree hospital,14800,16,101,$0.13,8,18,https://www.mappls.com/ozq6cj
4725,park inn by radisson lajpat nagar,18100,19,77,$0.36,23,17,https://www.mappls.com/place-park+inn+by+radisson+new+delhi+lajpat+nagar-1+&+2-ring+road-lajpat+nagar-new+delhi-delhi-110024-DCCT2F@zdata=MjguNTYzOSs3Ny4yMzQ3NTgrMTcrRENDVDJGKytucg==ed
4726,sri sri holistic,18100,13,356,$0.27,10,21,https://www.mappls.com/wul9vl
4727,sobha mall,18100,25,43,$0.15,5,21,https://www.mappls.com/ewq4qi
4728,shankar's international dolls museum delhi,18100,46,38,$0.07,2,23,https://www.mappls.com/tcfsb2
4729,shani maharaj temple,12100,58,38,$0.14,1,27,https://www.mappls.com/search-near-Shri%20Shani%20Dev%20Temple@zdata=NzUuNzUwMTY4LDMxLjIyNzU5
4730,sayaji raje water park,18100,14,271,$0,1,19,https://www.mappls.com/place-sayajiraje+park+akluj-anand+nagar+tal+malshiras-malshiras-solapur+district-maharashtra-413101-DYTFCE@zdata=MTcuOTExNDI1Kzc0Ljk5NDQ1NSsxNytEWVRGQ0UrK25yed
4731,santosa cinemas,27100,7,463,$0,1,20,https://www.mappls.com/l61m7i
4732,sachin gidc surat,33100,10,463,$0,1,23,https://www.mappls.com/60tawp
4733,rr district court,18100,9,463,$0.13,4,17,https://www.mappls.com/663cff
4734,toilet near,18100,6,1761,$0.06,1,18,https://www.mappls.com/toilets-near-me
4735,ticket counter,14800,29,38,$0.19,1,25,https://www.mappls.com/x4tqyj
